building_id,puma20,income_category,assigned_pv,assigned_battery,assigned_ev,assigned_hp
415633,G06002300,High,True,True,True,0
223062,G06002300,High,False,False,False,0
527794,G06003300,High,False,False,False,0
186770,G06002300,High,False,False,False,0
26894,G06002300,High,False,False,False,0
353405,G06002300,Low,False,False,False,0
446571,G06003300,High,False,False,False,0
128921,G06002300,Low,False,False,False,0
156122,G06003300,Medium,False,False,True,0
204358,G06003300,High,False,False,False,0
499927,G06003300,Low,False,False,False,0
215881,G06002300,Low,False,False,False,0
361959,G06002300,Medium,False,False,False,0
215798,G06002300,Low,True,True,True,1
542260,G06003300,Medium,False,False,False,0
425406,G06002300,Low,False,False,False,0
171453,G06002300,High,False,False,False,1
281294,G06002300,Medium,False,False,False,0
114608,G06002300,High,False,False,False,0
504869,G06002300,Medium,False,False,False,0
313267,G06009704,High,False,False,False,0
410854,G06002300,Low,True,True,False,0
410930,G06002300,Low,True,True,False,0
144893,G06003300,High,False,False,False,0
116525,G06002300,Medium,False,False,False,0
193140,G06003300,High,False,False,False,0
311147,G06002300,Low,False,False,False,0
48040,G06002300,High,False,False,False,0
405612,G06003300,Medium,False,False,False,0
501743,G06003300,High,True,True,False,0
81037,G06002300,High,False,False,True,0
159608,G06002300,Medium,False,False,False,0
48012,G06002300,High,False,False,False,0
264887,G06002300,High,False,False,False,0
38368,G06009704,High,False,False,False,0
302112,G06002300,High,False,False,False,0
311716,G06003300,High,False,False,False,0
144776,G06009704,Low,True,True,False,0
172325,G06003300,Medium,False,False,False,0
424717,G06002300,Medium,False,False,False,0
216028,G06003300,Low,True,True,False,0
330775,G06002300,Low,True,True,False,0
500076,G06003300,Medium,True,True,False,0
378248,G06002300,Medium,False,False,False,0
44372,G06003300,Medium,True,True,False,1
170980,G06009704,High,False,False,False,0
329148,G06003300,Low,True,True,False,0
82000,G06002300,Medium,False,False,False,0
524268,G06002300,Medium,False,False,False,0
535819,G06002300,High,False,False,False,0
345478,G06003300,High,False,False,False,0
29606,G06002300,High,False,False,False,0
345501,G06002300,Medium,False,False,False,0
130048,G06003300,Low,False,False,False,0
512236,G06002300,Medium,False,False,False,0
272539,G06002300,Medium,False,False,False,0
367247,G06002300,High,False,False,False,0
73711,G06002300,High,False,False,False,0
26405,G06003300,High,True,True,False,0
88189,G06009704,Medium,False,False,False,0
483605,G06002300,Medium,False,False,False,0
345585,G06002300,Medium,False,False,False,0
417900,G06002300,Medium,False,False,False,0
278674,G06003300,High,False,False,False,0
517954,G06002300,Low,False,False,False,0
185709,G06002300,Low,False,False,False,0
518152,G06002300,High,False,False,False,0
384935,G06002300,Low,False,False,False,0
435046,G06009704,High,False,False,False,0
531430,G06003300,Low,False,False,False,0
440454,G06002300,Medium,False,False,False,0
350480,G06002300,Medium,False,False,False,0
179627,G06002300,Low,True,True,False,0
390958,G06003300,Medium,False,False,False,0
491043,G06002300,High,False,False,False,0
224023,G06002300,Medium,False,False,True,0
357203,G06003300,High,False,False,False,0
403597,G06003300,High,True,True,False,0
381192,G06009704,Medium,False,False,False,0
250851,G06002300,Low,True,True,False,0
266827,G06002300,Medium,False,False,False,0
474243,G06009704,High,False,False,False,0
2332,G06002300,Medium,False,False,False,0
546486,G06002300,Medium,True,True,True,0
258712,G06002300,Medium,False,False,False,0
546524,G06002300,High,False,False,False,0
135387,G06003300,Medium,False,False,False,0
57809,G06002300,Medium,False,False,False,0
48080,G06002300,Medium,False,False,True,0
67477,G06002300,High,True,True,False,0
282578,G06003300,High,False,False,False,0
189891,G06003300,High,False,False,False,1
285170,G06002300,Low,False,False,False,0
537741,G06002300,High,False,False,False,0
113919,G06002300,High,False,False,False,0
175528,G06002300,Medium,True,True,False,0
175460,G06002300,Low,False,False,False,0
188464,G06002300,High,False,False,False,0
4155,G06002300,High,False,False,False,0
358331,G06003300,High,True,True,False,1
262313,G06002300,Medium,False,False,False,0
342646,G06009704,Medium,False,False,False,0
244219,G06002300,Low,False,False,True,0
373688,G06002300,High,False,False,False,0
501002,G06002300,Medium,False,False,False,0
71006,G06002300,High,True,True,False,0
342723,G06009704,High,False,False,False,0
333845,G06002300,Low,False,False,False,0
177371,G06002300,High,False,False,False,0
468865,G06002300,Low,True,True,False,0
138946,G06002300,Medium,False,False,False,0
244689,G06002300,Medium,True,True,False,0
246896,G06003300,Low,False,False,False,0
408723,G06002300,Medium,False,False,False,0
420855,G06002300,Medium,False,False,False,0
261618,G06003300,Low,False,False,False,0
286372,G06002300,High,False,False,False,0
306241,G06003300,Low,False,False,False,0
33308,G06002300,Low,False,False,False,0
138421,G06002300,Medium,False,False,False,0
495444,G06002300,Low,False,False,False,0
543912,G06003300,Medium,False,False,False,0
285341,G06002300,Medium,False,False,False,0
333394,G06003300,Medium,False,False,False,0
127859,G06002300,High,False,False,True,0
544043,G06002300,Medium,False,False,False,0
437987,G06002300,Low,False,False,False,0
306666,G06002300,Low,False,False,False,0
245393,G06009704,Medium,True,True,False,0
189532,G06002300,Medium,True,True,True,0
333579,G06002300,Medium,False,False,False,0
218003,G06002300,Medium,True,True,False,0
468923,G06002300,Medium,False,False,False,0
113612,G06009704,High,True,True,True,0
40219,G06002300,Low,False,False,False,0
450221,G06002300,High,False,False,False,0
156972,G06003300,Medium,False,False,False,0
504466,G06002300,High,False,False,False,0
3639,G06002300,Medium,False,False,False,0
48330,G06002300,Medium,False,False,False,0
310034,G06002300,High,False,False,False,0
78498,G06002300,High,False,False,True,0
493353,G06002300,Medium,False,False,False,0
248832,G06002300,Medium,False,False,False,0
372118,G06009704,High,False,False,False,0
341647,G06002300,Low,True,True,True,0
191744,G06002300,High,False,False,False,0
391358,G06009704,High,False,False,False,0
523343,G06002300,Low,True,True,False,0
482197,G06002300,Medium,False,False,False,0
35539,G06003300,High,False,False,False,0
289756,G06002300,Medium,False,False,False,0
150254,G06002300,High,False,False,False,0
394115,G06002300,Low,False,False,True,0
351225,G06002300,High,False,False,True,0
78357,G06009704,Medium,True,True,False,0
78506,G06002300,Medium,False,False,False,0
378724,G06002300,Low,False,False,False,0
242370,G06003300,Low,False,False,False,0
143337,G06003300,Low,False,False,False,0
391943,G06002300,Medium,False,False,False,0
263025,G06002300,Medium,False,False,False,0
438791,G06002300,Medium,False,False,False,1
509295,G06002300,High,False,False,False,0
288040,G06003300,Medium,False,False,False,0
508630,G06002300,Medium,False,False,False,0
464075,G06003300,High,False,False,False,0
174218,G06002300,Medium,False,False,False,0
284038,G06009704,Medium,False,False,False,0
27328,G06002300,Medium,False,False,False,0
393167,G06002300,High,False,False,False,0
80240,G06003300,Medium,True,True,False,1
419672,G06002300,Low,True,True,False,0
137543,G06002300,Medium,False,False,False,0
206159,G06003300,Medium,False,False,False,0
123073,G06002300,High,False,False,True,0
309556,G06002300,Low,False,False,False,0
288802,G06002300,Medium,False,False,False,0
393559,G06002300,High,False,False,False,0
60815,G06003300,Medium,True,True,False,0
344149,G06002300,High,False,False,False,0
105953,G06002300,Low,False,False,False,0
215039,G06002300,Medium,False,False,True,0
397333,G06002300,High,False,False,False,0
131179,G06002300,High,False,False,False,0
498515,G06002300,Low,False,False,False,0
478623,G06002300,Low,False,False,False,0
270718,G06002300,High,False,False,False,0
227880,G06002300,High,False,False,False,0
95186,G06009704,Medium,False,False,False,0
429504,G06002300,Low,True,True,False,1
515107,G06003300,Medium,False,False,False,0
432043,G06002300,Low,False,False,False,0
898,G06002300,Medium,False,False,False,0
444021,G06002300,Low,False,False,False,0
182282,G06002300,High,False,False,False,0
294660,G06002300,Medium,False,False,False,0
108085,G06009704,Low,False,False,False,0
270973,G06002300,High,False,False,False,0
322082,G06002300,Low,False,False,False,0
399853,G06002300,High,False,False,False,0
376785,G06002300,Low,False,False,False,0
320941,G06002300,Low,False,False,False,0
457588,G06003300,Low,False,False,False,0
337396,G06002300,Low,False,False,False,0
148067,G06009704,Low,True,True,False,0
319624,G06002300,Low,True,True,False,0
83864,G06002300,Medium,False,False,False,0
133966,G06003300,Low,True,True,False,0
167061,G06002300,Low,False,False,False,0
162232,G06002300,Medium,False,False,False,0
184383,G06002300,Medium,False,False,False,1
294346,G06002300,Low,False,False,False,0
213513,G06002300,Low,False,False,True,0
484604,G06002300,Medium,False,False,False,0
213425,G06002300,Low,False,False,False,0
457353,G06003300,Medium,False,False,False,0
327034,G06003300,Medium,False,False,False,0
368786,G06002300,High,False,False,True,0
29322,G06002300,Low,False,False,False,0
56033,G06002300,High,False,False,False,0
457460,G06002300,Low,False,False,False,0
84121,G06002300,Low,False,False,False,0
484609,G06009704,High,False,False,False,0
108135,G06002300,High,False,False,False,0
274572,G06002300,Low,True,True,True,0
231102,G06002300,Medium,False,False,True,0
108545,G06002300,High,False,False,False,0
515330,G06002300,Medium,False,False,False,1
255116,G06009704,Medium,False,False,False,0
459758,G06009704,Medium,False,False,False,0
255144,G06009704,Medium,True,True,False,0
540543,G06002300,Low,False,False,False,0
540541,G06003300,Low,False,False,False,0
12034,G06002300,Medium,False,False,False,0
338340,G06009704,Low,False,False,False,0
515383,G06003300,Low,True,True,False,0
229922,G06003300,Medium,True,True,False,0
229941,G06002300,High,False,False,False,0
109443,G06002300,Medium,False,False,False,0
141327,G06009704,Low,False,False,True,0
109252,G06002300,Low,False,False,True,0
460100,G06002300,High,False,False,False,0
272521,G06003300,Medium,True,True,False,0
367324,G06002300,Medium,True,True,False,0
125595,G06009704,Low,False,False,True,0
62531,G06002300,High,False,False,False,0
31952,G06002300,Medium,False,False,False,0
41012,G06002300,Low,False,False,True,0
516437,G06002300,Medium,False,False,False,0
506121,G06002300,Low,False,False,False,0
274496,G06002300,Medium,False,False,False,0
108218,G06002300,Medium,False,False,False,0
540800,G06002300,Medium,False,False,False,0
416239,G06002300,High,False,False,False,0
108248,G06002300,Low,True,True,False,0
498146,G06002300,Low,False,False,False,0
429761,G06002300,Medium,False,False,False,1
212595,G06003300,Medium,False,False,False,0
485379,G06002300,Medium,True,True,False,0
54768,G06002300,Low,False,False,False,0
200127,G06002300,Low,False,False,False,0
549479,G06002300,Medium,False,False,False,0
415033,G06002300,Low,False,False,True,0
182630,G06003300,High,False,False,False,0
484448,G06002300,High,False,False,False,0
538060,G06002300,Medium,False,False,False,1
181151,G06002300,Low,False,False,False,0
185439,G06003300,Medium,False,False,False,0
318196,G06002300,High,False,False,False,0
327962,G06002300,High,False,False,False,0
473435,G06002300,Medium,False,False,False,0
269816,G06002300,High,False,False,False,0
336435,G06009704,Medium,False,False,False,0
396716,G06002300,High,False,False,False,0
509763,G06002300,Low,False,False,False,0
455576,G06002300,Low,False,False,False,0
456361,G06002300,Medium,False,False,True,0
161283,G06002300,High,False,False,False,0
276669,G06002300,Medium,False,False,False,0
126252,G06002300,Low,False,False,False,0
524845,G06002300,Low,False,False,False,0
517608,G06002300,High,False,False,True,0
82807,G06002300,Low,True,True,False,0
213983,G06002300,Medium,False,False,False,0
142081,G06002300,Low,True,True,False,0
62160,G06002300,High,False,False,False,0
269383,G06002300,High,False,False,False,0
455921,G06002300,Medium,False,False,False,0
269433,G06002300,Medium,False,False,False,0
213981,G06002300,Medium,True,True,False,0
106529,G06003300,High,True,True,False,0
168097,G06002300,Medium,False,False,False,0
185107,G06003300,Medium,False,False,False,0
277660,G06002300,Low,False,False,False,0
456022,G06002300,Medium,False,False,False,0
269916,G06009704,Medium,False,False,True,0
316815,G06003300,Medium,False,False,False,0
146038,G06003300,Low,False,False,False,0
473315,G06002300,Medium,False,False,False,0
82552,G06002300,Low,False,False,False,0
374925,G06003300,Medium,False,False,False,0
106840,G06002300,High,False,False,False,0
336528,G06002300,High,False,False,False,0
401494,G06009704,Low,False,False,True,0
23105,G06002300,High,False,False,False,0
54307,G06002300,Medium,False,False,False,0
66118,G06002300,High,False,False,False,0
456735,G06002300,Medium,False,False,False,0
195625,G06002300,Low,False,False,False,0
316742,G06002300,Medium,False,False,False,0
444812,G06002300,Low,True,True,False,0
327577,G06009704,High,True,True,False,0
292893,G06005500,High,False,False,True,0
338596,G06004104,Medium,False,False,False,0
152649,G06009705,Medium,False,False,False,0
291786,G06003300,Low,False,False,False,0
286773,G06005500,Medium,True,True,False,0
420440,G06009704,High,True,True,True,0
510465,G06005500,Low,False,False,True,0
509243,G06009702,High,False,False,False,0
509146,G06009702,Low,False,False,False,0
509881,G06005500,Medium,False,False,False,0
477138,G06004104,High,False,False,False,0
489594,G06005500,High,False,False,False,0
96047,G06003300,Medium,False,False,False,0
292835,G06003300,Low,False,False,False,0
42764,G06004104,Medium,False,False,False,0
152445,G06009704,High,False,False,False,0
186302,G06003300,High,False,False,False,0
183034,G06005500,High,False,False,False,0
296028,G06003300,High,False,False,False,0
92496,G06009705,Low,True,True,False,0
29565,G06009704,High,True,True,False,0
490205,G06009702,Low,False,False,False,0
509798,G06009704,High,True,True,False,0
420165,G06003300,High,False,False,False,0
185851,G06009704,High,False,False,False,0
509199,G06009705,Low,False,False,False,0
16765,G06009704,High,True,True,False,0
295858,G06002300,Medium,False,False,False,0
417646,G06005500,Low,False,False,False,0
153752,G06005500,Medium,False,False,False,0
92814,G06009702,High,False,False,False,0
476450,G06009705,High,False,False,False,0
287741,G06005500,Medium,False,False,True,0
292097,G06009705,High,False,False,False,0
151497,G06004103,High,True,True,True,0
478067,G06009705,Medium,False,False,False,0
188399,G06004103,High,False,False,False,0
527404,G06009705,High,False,False,False,0
526222,G06004103,Medium,False,False,False,0
94381,G06009705,Medium,False,False,False,0
15874,G06009702,Medium,False,False,False,0
152496,G06009704,High,True,True,False,0
338525,G06002300,Medium,False,False,False,0
183392,G06009704,Medium,False,False,False,0
287803,G06009702,High,False,False,False,0
50789,G06009704,High,False,False,False,0
94366,G06009704,Medium,False,False,False,0
340362,G06009705,Low,False,False,False,0
291890,G06004103,Medium,False,False,True,0
183463,G06003300,Medium,False,False,False,0
528506,G06004104,Low,False,False,False,0
153741,G06005500,High,False,False,False,0
416476,G06002300,High,False,False,False,0
477512,G06003300,Low,False,False,True,0
93706,G06003300,High,False,False,True,0
294373,G06002300,High,True,True,True,0
187058,G06004103,Medium,False,False,False,0
526663,G06005500,High,True,True,False,0
42464,G06009704,Medium,True,True,False,0
290401,G06004103,Medium,True,True,False,0
418439,G06004104,Medium,False,False,True,0
528013,G06009704,Low,True,True,False,0
341398,G06003300,Low,False,False,False,0
186701,G06009702,Medium,False,False,False,0
187282,G06009702,High,True,True,False,0
16969,G06009705,High,False,False,True,0
418416,G06004103,High,True,True,False,0
293294,G06009704,High,False,False,False,1
290211,G06009702,Low,False,False,False,0
339961,G06005500,Medium,False,False,False,0
184348,G06003300,Medium,False,False,False,0
93769,G06009705,Low,False,False,False,0
477685,G06009705,Low,False,False,False,0
341312,G06009705,Low,False,False,False,0
290651,G06004104,Medium,True,True,False,0
293734,G06009705,High,False,False,False,0
339637,G06009704,High,False,False,False,0
339811,G06009705,High,False,False,False,0
116211,G06004103,High,False,False,False,0
290495,G06003300,Medium,False,False,False,0
294137,G06009702,High,False,False,False,0
290473,G06009705,Medium,False,False,False,1
186997,G06002300,Medium,False,False,False,1
339860,G06003300,High,False,False,False,0
187025,G06004104,High,False,False,False,0
42695,G06009705,Medium,False,False,False,0
17158,G06005500,High,False,False,False,0
151949,G06004103,Medium,False,False,False,0
342102,G06003300,High,False,False,False,0
187317,G06009705,Low,False,False,False,0
184306,G06009705,Medium,False,False,False,0
291486,G06005500,Low,False,False,False,0
151795,G06009704,Low,False,False,False,0
116046,G06003300,Medium,False,False,False,0
341916,G06004104,High,True,True,False,0
288614,G06009704,High,False,False,False,0
152271,G06005500,Low,False,False,False,0
339301,G06009704,Medium,False,False,False,0
510160,G06003300,Low,False,False,False,0
288400,G06009704,High,False,False,False,0
294973,G06004103,Low,False,False,False,0
288327,G06009702,High,False,False,False,0
295219,G06003300,High,False,False,False,0
387678,G06009702,Medium,True,True,False,0
186352,G06009704,High,False,False,False,0
184654,G06009704,High,False,False,True,0
291481,G06003300,Low,False,False,False,0
510140,G06009705,Medium,False,False,False,0
29489,G06009705,Low,False,False,False,0
186649,G06004104,High,False,False,False,0
94195,G06003300,High,False,False,False,0
339444,G06005500,Medium,True,True,False,0
419008,G06005500,High,False,False,False,0
526625,G06005500,High,False,False,False,0
419170,G06009705,High,False,False,False,0
340043,G06009705,High,False,False,False,0
29673,G06004103,Medium,True,True,False,0
17241,G06009704,Medium,False,False,False,0
184266,G06009704,Low,False,False,False,0
116788,G06009705,High,False,False,False,0
289333,G06004103,High,True,True,False,0
116804,G06004103,Low,False,False,False,0
416746,G06009704,High,False,False,False,0
294493,G06009704,Low,False,False,False,0
289897,G06009702,High,False,False,False,0
185680,G06009705,Medium,False,False,True,0
506707,G06009705,Low,False,False,False,0
420790,G06004103,Medium,True,True,False,0
13498,G06009704,High,False,False,False,0
13474,G06005500,High,False,False,False,0
473643,G06009704,Low,False,False,False,0
384413,G06004103,High,False,False,False,0
427905,G06009704,Low,False,False,False,0
427937,G06009705,Low,False,False,False,0
277385,G06003300,Medium,False,False,False,0
41471,G06009702,High,False,False,True,0
119471,G06003300,High,True,True,False,0
427981,G06009704,High,False,False,True,0
196356,G06002300,Low,False,False,True,0
507013,G06005500,Low,False,False,False,0
148732,G06009702,Medium,False,False,False,0
507007,G06003300,High,True,True,False,0
196588,G06005500,Medium,False,False,False,0
196674,G06009705,High,True,True,False,0
31484,G06009704,High,False,False,False,0
196719,G06004104,High,True,True,False,1
428482,G06005500,Low,True,True,False,0
54382,G06009705,High,True,True,False,0
31503,G06004103,High,False,False,False,0
276277,G06003300,Medium,False,False,False,0
384020,G06009705,Medium,False,False,False,0
87009,G06009702,Low,False,False,False,0
506846,G06005500,High,False,False,False,0
197012,G06009704,Medium,False,False,False,0
346283,G06009705,Medium,False,False,False,0
277768,G06003300,Low,False,False,False,0
507194,G06005500,High,False,False,False,1
427364,G06005500,Medium,True,True,False,0
384654,G06005500,Low,False,False,False,0
88400,G06009705,Medium,True,True,True,0
279297,G06009702,Medium,False,False,False,0
279277,G06003300,Medium,False,False,False,0
426450,G06002300,Medium,False,False,False,0
426458,G06009704,Low,True,True,False,0
88334,G06005500,Low,False,False,False,0
426486,G06004104,Low,False,False,False,0
88218,G06003300,High,False,False,True,0
384640,G06009704,High,False,False,False,0
195003,G06002300,Medium,False,False,False,0
195023,G06009702,High,False,False,False,0
278953,G06004103,Medium,False,False,False,0
31202,G06009704,High,False,False,False,0
427013,G06004103,Medium,False,False,True,0
88051,G06005500,Medium,True,True,False,0
278555,G06009705,Low,True,True,False,0
507360,G06009704,High,False,False,False,0
507346,G06005500,Medium,False,False,False,0
427232,G06009705,High,False,False,False,0
278264,G06009702,Low,False,False,False,0
87821,G06009704,High,False,False,True,0
345712,G06009704,Low,False,False,False,0
278029,G06009702,Medium,False,False,False,0
277993,G06009705,Low,False,False,False,0
195863,G06003300,Low,False,False,False,0
345771,G06009704,High,True,True,False,0
276155,G06005500,Medium,False,False,True,0
532797,G06005500,High,False,False,False,0
54422,G06009702,Low,False,False,False,0
86937,G06005500,High,False,False,True,0
274365,G06009702,High,False,False,False,0
347339,G06009705,High,False,False,False,0
347363,G06004104,Medium,False,False,False,0
147703,G06004104,High,True,True,False,0
347460,G06009705,High,False,False,False,0
429977,G06009702,Low,False,False,True,0
12567,G06003300,High,False,False,False,0
273634,G06009705,High,False,False,False,1
273602,G06009704,High,False,False,False,0
430156,G06009705,Low,False,False,False,0
533694,G06009705,Low,False,False,False,0
12505,G06005500,High,False,False,False,0
120263,G06003300,Medium,True,True,False,1
85917,G06005500,Low,True,True,False,0
120335,G06009705,High,False,False,True,0
120434,G06005500,High,False,False,False,0
533788,G06009705,Medium,False,False,False,0
472196,G06003300,High,True,True,True,0
120502,G06001100,Medium,False,False,False,0
272664,G06003300,Medium,False,False,False,0
347755,G06009704,Low,False,False,False,0
430470,G06003300,Low,False,False,False,0
430471,G06009704,High,False,False,False,0
12353,G06009702,High,False,False,False,0
85588,G06004103,Medium,False,False,False,0
533933,G06009704,High,True,True,False,0
12328,G06004103,Medium,True,True,False,0
533450,G06005500,High,False,False,True,0
13946,G06003300,Medium,False,False,False,0
274638,G06005500,High,False,False,False,0
86382,G06009704,Medium,False,False,False,0
86915,G06004104,Medium,False,False,False,0
119803,G06004104,High,False,False,False,0
346766,G06004103,High,False,False,False,0
473094,G06003300,Low,False,False,False,0
197370,G06009704,Low,False,False,False,0
148104,G06004103,High,False,False,False,0
275506,G06009705,Medium,False,False,False,0
429052,G06009704,Medium,False,False,True,0
31577,G06005500,High,False,False,False,0
429117,G06009705,Medium,True,True,False,0
398204,G06004104,Low,False,False,True,0
86713,G06009702,Medium,False,False,False,0
429374,G06005500,Low,False,False,False,0
54579,G06004103,Low,True,True,False,0
472905,G06009704,Medium,False,False,False,0
119863,G06009705,Low,False,False,False,0
383815,G06003300,Low,False,False,False,0
347039,G06009704,High,False,False,False,0
119908,G06003300,Low,False,False,False,0
429598,G06004103,Low,False,False,False,0
274926,G06009704,Medium,False,False,True,0
274918,G06009704,High,False,False,False,0
197853,G06009704,Medium,False,False,False,0
197857,G06009704,Low,True,True,False,0
54645,G06005500,Low,True,True,False,0
429605,G06009705,Low,False,False,False,0
198019,G06009702,High,False,False,False,0
147803,G06009705,High,False,False,False,0
342358,G06009705,Low,True,True,False,0
88517,G06009705,Medium,False,False,False,0
426162,G06009702,Low,True,True,False,0
52504,G06005500,High,False,False,False,0
91630,G06009704,Low,False,False,False,0
150899,G06004103,Low,False,False,False,0
30367,G06004103,High,False,False,False,0
508760,G06009702,High,False,False,False,0
342885,G06003300,High,False,False,False,0
508699,G06009702,Low,False,False,False,0
422563,G06003300,Low,False,False,False,0
190921,G06009704,Low,False,False,False,0
117543,G06009704,Medium,False,False,False,0
191119,G06002300,Medium,False,False,False,0
117586,G06009705,High,False,False,False,0
475799,G06004103,High,True,True,True,0
490545,G06009702,Low,False,False,False,0
386463,G06003300,High,False,False,False,0
191278,G06004103,Medium,False,False,False,0
14992,G06009705,Medium,False,False,False,0
191312,G06009702,High,False,False,False,0
422965,G06009705,Low,False,False,False,0
283719,G06009705,High,False,False,False,0
191349,G06004103,Low,False,False,False,0
283675,G06009704,Medium,True,True,True,0
90940,G06005500,Medium,True,True,False,0
490642,G06004103,High,False,False,False,0
529902,G06004104,Medium,False,False,False,0
423107,G06009705,Medium,False,False,False,0
386502,G06003300,High,True,True,False,0
30358,G06005500,Medium,False,False,False,0
91648,G06004104,High,True,True,False,0
15256,G06009704,Low,False,False,False,0
420878,G06004103,High,False,False,False,0
476207,G06004103,Low,False,False,False,0
286236,G06009702,High,False,False,True,1
117322,G06009705,High,False,False,False,0
286132,G06009705,Low,True,True,False,0
52216,G06005500,Low,False,False,False,1
528969,G06004103,Low,False,False,False,0
189525,G06005500,Low,False,False,False,0
342395,G06009702,High,True,True,False,0
476170,G06009705,High,True,True,False,0
117397,G06009705,Medium,True,True,False,0
476105,G06004104,High,False,False,False,0
285676,G06005500,High,True,True,True,1
15390,G06009704,High,False,False,False,0
285661,G06009705,Low,False,False,False,0
342448,G06004104,Low,False,False,False,0
529097,G06003300,Medium,True,True,False,0
421327,G06009704,Low,False,False,False,0
151129,G06003300,Medium,False,False,False,0
421498,G06004103,Medium,False,False,False,0
421528,G06009704,High,False,False,True,0
285005,G06003300,High,False,False,False,1
42200,G06009705,Low,False,False,False,0
117425,G06009704,Low,False,False,False,0
284783,G06009705,High,False,False,False,1
52438,G06003300,High,False,False,False,0
529375,G06005500,High,True,True,False,0
343359,G06004103,Low,False,False,False,0
90741,G06009704,High,False,False,False,0
90677,G06003300,Low,False,False,False,0
150379,G06009705,Low,False,False,True,0
89347,G06004104,Medium,False,False,False,0
89291,G06004104,Low,False,False,False,0
89238,G06005500,Medium,False,False,False,0
474510,G06003300,High,True,True,False,0
530986,G06003300,Low,False,False,True,0
281214,G06003300,High,False,False,False,0
149384,G06009705,Low,False,False,False,0
14231,G06005500,Low,False,False,False,0
490941,G06009705,High,False,False,True,0
89134,G06003300,High,True,True,False,0
280829,G06009704,Low,False,False,True,0
149344,G06009704,High,False,False,False,0
385392,G06004104,High,True,True,False,0
118592,G06003300,High,False,False,False,0
280645,G06005500,Low,False,False,False,1
88971,G06009704,Low,False,False,False,0
425748,G06009704,Medium,False,False,False,0
149214,G06009704,Medium,False,False,False,0
425845,G06009705,High,False,False,False,0
194038,G06009704,Low,True,True,False,0
425934,G06009704,Medium,False,False,False,0
385242,G06009702,High,False,False,False,0
194139,G06004103,Medium,False,False,False,0
88744,G06009704,Low,False,False,False,0
88717,G06004103,High,False,False,False,0
280076,G06004103,High,False,False,False,0
194330,G06009704,Low,False,False,False,0
425155,G06009704,High,False,False,True,1
280016,G06004104,Medium,False,False,False,0
193292,G06003300,Medium,False,False,False,0
118465,G06009705,Medium,False,False,False,0
283090,G06004103,Medium,True,True,False,0
90623,G06009704,Medium,False,False,True,0
150349,G06009705,Medium,False,False,False,0
343685,G06009705,High,False,False,False,0
150125,G06004103,High,False,False,False,0
508310,G06004104,Medium,False,False,False,0
90387,G06005500,Medium,False,False,False,1
282603,G06009704,High,False,False,False,0
192431,G06004103,Low,True,True,False,0
423793,G06003300,High,True,True,False,0
150001,G06004103,Medium,False,False,True,0
474940,G06005500,High,False,False,False,0
282383,G06004104,Medium,True,True,False,0
192616,G06004104,Low,False,False,True,0
90102,G06009705,High,True,True,False,0
282202,G06009705,Medium,False,False,False,0
344567,G06009704,Low,True,True,False,0
149742,G06004103,Low,False,False,False,0
424112,G06005500,High,False,False,False,0
424290,G06009705,High,False,False,False,0
344693,G06003300,High,True,True,False,1
149592,G06009704,High,False,False,False,0
344803,G06004103,Low,False,False,False,0
53147,G06009702,Low,False,False,False,0
507757,G06003300,High,False,False,False,1
53170,G06005500,High,False,False,False,0
89546,G06009705,Medium,True,True,False,0
281618,G06004104,Medium,False,False,False,0
150402,G06004104,High,False,False,False,0
98908,G06009705,Medium,False,False,False,0
182975,G06004104,Low,False,False,True,0
403148,G06004103,High,False,False,False,0
486849,G06009704,Low,False,False,False,0
111443,G06003300,Medium,False,False,False,0
105263,G06004104,Medium,False,False,False,0
329174,G06009704,Medium,False,False,False,0
403343,G06004104,Medium,False,False,False,0
47396,G06009702,High,False,False,False,0
105219,G06009705,High,False,False,False,0
513692,G06005500,Medium,False,False,False,0
395512,G06009702,Low,False,False,False,0
314476,G06009704,High,False,False,False,0
111645,G06009704,Low,True,True,False,0
160622,G06005500,Medium,False,False,False,0
170465,G06009705,High,False,False,False,0
403531,G06004104,Low,False,False,False,0
26698,G06009705,High,False,False,False,0
483032,G06009702,Low,True,True,False,0
170498,G06005500,High,True,True,False,0
395428,G06009704,Low,False,False,False,0
314209,G06004103,High,False,False,False,0
395300,G06004104,High,False,False,False,0
47523,G06009704,Medium,False,False,False,0
104986,G06009704,High,False,False,False,0
47526,G06009704,High,False,False,False,0
160474,G06009705,Low,False,False,False,0
111790,G06009704,Medium,False,False,False,0
313904,G06004103,Medium,False,False,False,0
395631,G06009702,Medium,False,False,True,0
395731,G06009704,Low,False,False,False,0
160985,G06004103,Low,False,False,False,0
513861,G06003300,High,False,False,True,0
514060,G06004103,Medium,True,True,True,0
44651,G06009705,High,False,False,False,0
483720,G06004104,Low,False,False,False,0
316693,G06004103,Low,False,False,False,0
47009,G06009702,Medium,True,True,False,0
402394,G06009704,Low,False,False,True,0
169164,G06005500,Medium,False,False,False,0
517893,G06004103,High,False,False,False,0
105990,G06009705,Low,True,True,False,0
402536,G06009704,Low,False,False,False,0
169334,G06009702,Medium,True,True,False,0
316416,G06009705,Low,True,True,True,0
402614,G06005500,Low,True,True,False,0
482914,G06009704,Medium,False,False,False,0
517973,G06009704,High,False,False,False,0
316091,G06003300,Low,False,False,False,0
169515,G06009705,Medium,False,False,False,0
316015,G06004103,Low,False,False,False,0
402798,G06003300,High,False,False,False,0
111166,G06009704,Medium,False,False,False,0
402872,G06009704,Medium,False,False,False,0
486756,G06009702,High,False,False,False,0
315569,G06009705,High,False,False,False,0
26451,G06009705,High,False,False,False,0
315334,G06004104,High,False,False,False,0
315183,G06004104,Medium,False,False,False,0
170034,G06009702,Medium,True,True,False,0
315050,G06009704,High,False,False,False,1
402622,G06004103,Medium,False,False,False,0
111891,G06009704,Medium,False,False,False,0
111912,G06005500,Medium,False,False,False,0
171155,G06009705,Low,False,False,False,0
311681,G06009704,Medium,True,True,False,0
103600,G06005500,Medium,False,False,False,0
311501,G06003300,Low,False,False,False,0
520045,G06009705,Low,False,False,False,0
311388,G06004103,Low,True,True,False,0
172532,G06009702,Medium,False,False,False,0
487468,G06005500,High,False,False,True,0
159570,G06009702,Medium,False,False,True,0
394256,G06009705,Low,False,False,False,0
172667,G06005500,Low,False,False,False,0
21622,G06009702,Medium,True,True,False,0
172690,G06009702,Medium,False,False,False,0
520264,G06009702,High,True,True,False,0
112239,G06009705,Low,False,False,False,1
310953,G06009704,High,True,True,False,0
331431,G06004103,Low,False,False,False,0
405888,G06009702,High,False,False,False,0
487591,G06009702,Medium,False,False,False,0
112488,G06009702,High,False,False,False,1
520449,G06004103,Medium,False,False,False,0
406165,G06009704,Low,False,False,False,0
48196,G06003300,Medium,False,False,False,0
310419,G06005500,Low,True,True,False,0
520507,G06009705,Medium,False,False,True,0
310369,G06003300,Medium,False,False,True,0
159108,G06004104,Medium,True,True,False,0
482177,G06009705,High,False,False,False,0
520549,G06004103,Medium,False,False,False,0
159305,G06009702,Medium,False,False,False,0
110963,G06009702,High,False,False,False,0
172293,G06004104,Low,False,False,False,0
103750,G06004104,Medium,False,False,False,0
104723,G06005500,High,False,False,False,0
329962,G06005500,Medium,False,False,False,0
513491,G06004103,Low,False,False,False,0
111954,G06009705,High,False,False,False,0
329982,G06003300,High,False,False,False,0
313245,G06004103,Low,False,False,False,0
404121,G06002300,Medium,False,False,False,0
482735,G06005500,High,False,False,True,0
519318,G06009702,High,True,True,False,0
394981,G06003300,Low,False,False,False,0
487155,G06004103,High,False,False,False,0
44348,G06005500,High,False,False,False,0
487181,G06003300,Medium,True,True,False,0
103724,G06004103,Low,False,False,False,0
312937,G06004103,High,False,False,False,0
171689,G06004103,High,False,False,False,0
394815,G06009702,Medium,False,False,False,0
171699,G06003300,Medium,False,False,False,0
330505,G06004104,Low,False,False,False,0
26902,G06003300,Low,True,True,False,1
312572,G06004103,High,False,False,False,0
519706,G06009705,High,False,False,False,0
519762,G06009705,Medium,False,False,False,0
312445,G06005500,High,False,False,False,0
47826,G06009704,Medium,False,False,False,0
405146,G06003300,High,False,False,False,0
47934,G06009704,Low,False,False,False,0
172180,G06009704,Low,True,True,False,0
330328,G06009704,Low,False,False,False,0
517825,G06005500,Low,False,False,False,0
396207,G06009705,Low,False,False,False,0
402182,G06009705,High,False,False,False,0
323115,G06004103,High,False,False,False,1
322928,G06004104,Low,False,False,False,0
322834,G06009702,High,False,False,False,0
485363,G06009705,High,False,False,False,0
24714,G06009705,Medium,True,True,False,0
108201,G06003300,Medium,False,False,False,0
24652,G06004103,Low,False,False,False,0
322407,G06009705,Low,False,False,True,0
24635,G06005500,Low,False,False,False,0
326264,G06004104,Medium,False,False,False,0
322149,G06009704,High,False,False,False,0
516535,G06003300,High,False,False,False,0
485238,G06009705,Medium,False,False,False,0
323155,G06004104,High,False,False,False,0
108106,G06004103,High,False,False,True,0
24463,G06009702,High,False,False,False,0
162935,G06003300,Low,True,True,False,0
326340,G06005500,Low,False,False,False,0
46071,G06005500,High,False,False,False,0
321661,G06009704,High,True,True,False,1
107962,G06009705,High,False,False,False,0
162840,G06004103,Medium,False,False,False,0
107934,G06009702,Medium,False,False,False,0
326442,G06009705,High,False,False,False,0
321608,G06004103,Medium,False,False,True,0
326710,G06003300,Medium,False,False,False,0
25798,G06009704,High,True,True,False,0
46186,G06009702,High,False,False,False,1
322025,G06003300,High,False,False,False,0
516796,G06003300,High,False,False,False,0
165071,G06009705,Low,False,False,False,1
399492,G06009704,Low,False,False,False,0
109373,G06004103,High,False,False,False,0
325569,G06009705,Low,False,False,True,0
109407,G06004103,Medium,False,False,False,0
109441,G06009702,Low,False,False,False,0
324851,G06009705,High,True,True,True,0
109174,G06009702,Medium,False,False,False,0
398406,G06009705,High,True,True,False,0
325741,G06009704,High,False,False,False,0
164237,G06009704,Medium,True,True,False,0
485662,G06003300,Medium,False,False,False,0
25139,G06009705,Medium,False,False,False,0
325867,G06004104,High,False,False,False,0
25114,G06003300,Low,False,False,True,0
163141,G06009702,Low,False,False,False,0
398771,G06009704,Medium,False,False,True,0
399080,G06009705,High,False,False,False,0
25474,G06009705,Medium,False,False,False,0
516075,G06009705,Medium,False,False,False,0
45749,G06005500,Low,False,False,False,0
516163,G06003300,Medium,False,False,False,0
516172,G06009705,High,True,True,False,0
164795,G06004103,Low,True,True,False,0
108471,G06009705,Low,False,False,False,0
108462,G06009705,Medium,False,False,False,0
323486,G06009705,High,False,False,False,0
164933,G06003300,Medium,False,False,False,0
163197,G06009702,Medium,False,False,False,0
164959,G06004103,High,False,False,False,0
25440,G06009702,High,True,True,False,0
173241,G06009704,Medium,True,True,True,0
320944,G06009704,Low,False,False,False,0
320943,G06004103,Medium,False,False,False,0
396811,G06004103,High,True,True,False,0
514494,G06004103,High,True,True,False,0
23640,G06009704,High,False,False,False,0
484217,G06004103,Medium,False,False,True,0
106647,G06009705,High,True,True,False,0
318456,G06003300,Medium,True,True,False,0
26091,G06004103,Medium,False,False,False,0
167913,G06005500,Low,True,True,True,0
23498,G06005500,Low,False,False,False,0
110678,G06009704,High,True,True,False,0
46746,G06005500,High,True,True,False,0
168094,G06004104,Low,False,False,True,0
110704,G06009704,High,False,False,False,0
318942,G06009702,Medium,False,False,False,0
44771,G06009705,High,False,False,False,0
514319,G06009704,High,False,False,False,0
401998,G06005500,High,False,False,False,0
168382,G06009704,Low,False,False,False,0
486571,G06009702,Medium,False,False,False,0
317519,G06003300,Medium,False,False,False,0
44723,G06009704,Medium,True,True,False,0
514280,G06005500,Low,True,True,False,0
402082,G06005500,Low,True,True,False,0
317315,G06005500,Low,True,True,False,0
483931,G06009702,Medium,False,False,False,0
110765,G06004103,High,False,False,False,0
317213,G06009702,Low,False,False,False,0
168697,G06009705,Medium,False,False,False,0
168225,G06005500,Low,False,False,False,0
166258,G06009704,Low,False,False,False,0
327614,G06003300,High,False,False,False,0
319050,G06009704,High,False,False,False,0
166545,G06004103,High,False,False,False,0
484690,G06002300,High,False,False,True,0
400504,G06009704,High,False,False,False,0
516949,G06003300,Medium,False,False,False,0
320572,G06009702,Low,False,False,False,0
326813,G06009702,Medium,False,False,False,0
517000,G06003300,Medium,False,False,False,0
517005,G06005500,Low,False,False,False,0
44994,G06009704,Low,False,False,False,0
397259,G06005500,Medium,True,True,False,0
24036,G06009702,High,False,False,True,0
320252,G06009704,Medium,False,False,False,0
320073,G06009705,Medium,False,False,False,0
319019,G06009705,High,False,False,False,0
107420,G06005500,Medium,False,False,False,0
26011,G06009702,Medium,True,True,False,0
23944,G06005500,Low,True,True,False,1
167093,G06009705,Medium,False,False,False,0
110352,G06005500,Low,False,False,False,0
484487,G06009705,Low,True,True,False,0
319622,G06003300,Low,False,False,False,0
23835,G06004104,Low,False,False,False,0
44875,G06009705,Low,False,False,False,0
401064,G06004103,Low,False,False,False,0
517344,G06009705,High,False,False,False,0
23788,G06003300,High,False,False,True,0
107056,G06009704,High,True,True,False,0
401241,G06009704,High,False,False,False,0
110329,G06005500,Medium,True,True,False,0
394057,G06009705,High,False,False,False,0
21391,G06009705,Medium,False,False,False,0
103039,G06009702,High,False,False,False,0
301095,G06009705,Medium,False,False,False,0
179726,G06009704,Medium,False,False,False,0
155989,G06003300,Low,False,False,False,0
390946,G06009704,High,True,True,False,0
301000,G06009704,Low,False,False,False,0
49820,G06005500,Medium,False,False,False,0
300959,G06004104,Medium,False,False,False,0
390846,G06009702,Medium,False,False,False,0
300738,G06009705,Low,False,False,False,0
300711,G06009704,Low,False,False,False,0
335101,G06005500,Medium,False,False,False,0
300660,G06009704,High,False,False,True,0
28388,G06003300,High,False,False,False,0
524089,G06009705,Medium,False,False,True,0
524338,G06004103,High,False,False,False,0
155597,G06009704,Medium,True,True,False,0
390745,G06009705,High,True,True,False,0
488843,G06005500,Low,False,False,False,1
28476,G06005500,Low,False,False,False,0
411597,G06003300,Low,False,False,False,0
49979,G06005500,High,False,False,False,0
390560,G06009702,High,False,False,False,0
479207,G06005500,Medium,False,False,True,0
98388,G06009702,Low,False,False,False,0
299774,G06004103,High,False,False,False,0
511076,G06004103,High,True,True,False,1
335755,G06009702,High,False,False,False,0
524808,G06009705,Low,False,False,False,0
18892,G06005500,Low,False,False,False,0
50053,G06003300,Low,False,False,False,0
99117,G06009702,High,False,False,False,0
301216,G06009704,High,False,False,False,0
178293,G06004104,Low,True,True,False,0
523437,G06009704,High,False,False,False,0
511537,G06005500,Medium,False,False,False,0
410239,G06009705,Low,False,False,True,1
488495,G06004104,High,False,False,False,0
523609,G06005500,Medium,False,False,False,0
391346,G06009702,Medium,False,False,False,0
99685,G06003300,Low,False,False,False,0
410437,G06009704,Low,True,True,False,0
302196,G06004103,Medium,True,True,False,0
178867,G06009702,High,False,False,False,0
178892,G06004103,Low,False,False,True,0
302008,G06009702,Low,False,False,False,1
301189,G06009705,Low,False,False,False,0
301990,G06003300,Low,False,False,False,0
99595,G06009702,High,False,False,True,0
334459,G06005500,Medium,False,False,False,0
43450,G06009704,High,False,False,False,0
334524,G06009704,High,True,True,False,0
391247,G06009704,High,False,False,False,0
488560,G06005500,Medium,False,False,False,0
179465,G06009702,High,False,False,False,0
479713,G06004104,Low,False,False,False,0
301411,G06005500,Medium,False,False,False,0
523989,G06009702,High,False,False,False,0
410969,G06009702,High,False,False,False,0
179566,G06004104,High,True,True,False,0
391037,G06009704,High,False,False,False,1
523703,G06009704,Low,False,False,False,0
114338,G06003300,Low,False,False,True,0
98254,G06009705,High,False,False,False,0
489067,G06009705,Low,False,False,False,0
182129,G06009702,High,False,False,False,1
18016,G06009705,Medium,False,False,False,0
414188,G06005500,High,False,False,False,0
50470,G06009704,High,False,False,False,0
154210,G06005500,Medium,True,True,False,0
414470,G06009705,High,False,False,False,0
414471,G06009704,Medium,False,False,False,0
182445,G06003300,Low,True,True,True,0
154170,G06003300,Low,False,False,False,0
96544,G06004104,Medium,False,False,True,0
297045,G06004103,Low,True,True,False,0
115620,G06004104,High,False,False,False,1
414783,G06003300,Low,False,False,False,1
414159,G06009705,High,True,True,False,0
115683,G06009705,Medium,False,False,False,0
96380,G06002300,High,False,False,False,0
337846,G06009705,High,False,False,False,0
337937,G06009702,High,False,False,False,0
478223,G06009705,Medium,False,False,False,0
182804,G06005500,High,False,False,False,0
389573,G06009704,Medium,False,False,False,0
153941,G06009704,High,False,False,False,0
478219,G06005500,Low,False,False,False,0
338042,G06003300,Low,False,False,False,1
42860,G06003300,High,True,True,False,0
182952,G06005500,High,False,False,False,0
526135,G06004103,High,True,True,True,0
415620,G06003300,Medium,True,True,True,0
414887,G06009702,Medium,True,True,False,0
524860,G06009702,Low,False,False,False,0
389757,G06002300,Medium,False,False,False,0
115489,G06009704,Medium,False,False,True,0
412285,G06004103,Low,True,True,False,0
155090,G06002300,High,False,False,True,0
98111,G06004104,High,False,False,False,0
98087,G06003300,Medium,False,False,False,0
412404,G06003300,Low,False,False,False,0
28612,G06005500,High,False,False,False,0
390258,G06004103,High,False,False,False,0
336481,G06009702,High,False,False,False,1
97847,G06004103,High,True,True,True,0
97825,G06009704,Medium,True,True,False,0
299195,G06009705,Medium,False,False,False,0
154977,G06009704,Low,True,True,False,0
97777,G06009702,Medium,False,False,False,0
182044,G06009702,Low,False,False,False,0
97755,G06009704,Medium,False,False,False,0
337077,G06001100,Low,False,False,False,0
115306,G06009705,Medium,False,False,True,0
298547,G06009704,Low,False,False,False,0
97643,G06009702,High,False,False,True,0
28776,G06009704,Medium,False,False,False,0
489362,G06009702,Low,False,False,False,0
413701,G06009704,High,False,False,False,0
413728,G06004103,High,False,False,False,0
489390,G06009704,Medium,False,False,False,0
525320,G06004104,High,False,False,False,0
97115,G06009702,Medium,False,False,True,0
181751,G06009702,High,False,False,False,0
181886,G06009705,Low,False,False,False,0
298896,G06009705,Low,False,False,False,0
389518,G06003300,High,True,True,False,0
49524,G06003300,Low,False,False,False,0
178203,G06009704,Low,False,False,False,0
158446,G06003300,Low,True,True,False,0
308558,G06009704,Low,True,True,False,0
48611,G06009705,Medium,True,True,False,0
407562,G06009702,Medium,True,True,False,0
332686,G06003300,High,False,False,False,0
308208,G06009705,High,False,False,False,0
48715,G06009705,High,False,False,False,0
407828,G06009704,Medium,False,False,False,0
20681,G06009705,Medium,False,False,False,0
407844,G06004103,Medium,False,False,False,0
307772,G06005500,Low,False,False,False,0
48762,G06003300,High,False,False,False,0
20630,G06005500,Low,False,False,False,0
332602,G06005500,Low,False,False,False,1
101947,G06003300,Low,False,False,False,0
48784,G06004104,Medium,False,False,False,0
48788,G06005500,High,False,False,False,0
332800,G06004103,Medium,False,False,False,1
488043,G06005500,Low,False,False,False,0
101917,G06002300,Low,True,True,False,0
101902,G06003300,Low,False,False,False,0
307300,G06005500,Low,False,False,False,0
307292,G06009702,Medium,False,False,False,1
101817,G06004104,High,False,False,False,0
392597,G06005500,High,False,False,False,0
307205,G06004103,High,False,False,False,0
392572,G06009704,Low,True,True,False,0
332909,G06005500,Medium,True,True,False,0
48778,G06005500,Low,False,False,False,0
48891,G06009704,Low,False,False,False,0
332595,G06009702,High,True,True,False,0
308687,G06009705,Medium,False,False,False,0
520604,G06003300,Medium,False,False,False,0
406406,G06009705,High,False,False,False,0
103032,G06004104,Low,False,False,False,0
482093,G06004103,High,True,True,False,0
103014,G06009704,High,False,False,False,0
520648,G06009705,Medium,False,False,False,0
173452,G06005500,High,False,False,False,0
309972,G06004104,Low,True,True,False,0
482013,G06003300,Low,False,False,False,0
309723,G06009702,Medium,True,True,False,0
112699,G06009705,High,False,False,False,0
513255,G06004103,High,False,False,False,0
102941,G06004103,Medium,False,False,False,0
20838,G06004103,High,False,False,False,0
520873,G06009705,Low,False,False,False,0
487821,G06009704,Low,False,False,False,0
309487,G06004103,Medium,False,False,False,0
406765,G06004103,Medium,True,True,False,0
309252,G06009705,High,False,False,False,0
487850,G06009704,Medium,False,False,False,0
174196,G06004104,Low,False,False,True,0
158734,G06009704,Low,False,False,False,0
308960,G06003300,Medium,False,False,False,0
308917,G06004104,High,False,False,False,0
48547,G06003300,Medium,True,True,False,0
102502,G06009704,Low,False,False,False,0
308761,G06009704,Low,False,False,False,0
102321,G06009704,Medium,False,False,False,1
406688,G06005500,Low,False,False,False,0
28046,G06003300,Low,False,False,False,0
392526,G06003300,Medium,False,False,True,0
392506,G06005500,High,True,True,False,0
100800,G06003300,High,False,False,False,0
27853,G06009705,Low,False,False,False,0
43652,G06009704,High,False,False,False,0
157204,G06009704,Low,False,False,False,0
409306,G06004104,Low,False,False,False,0
177536,G06009705,Low,False,False,False,0
409359,G06009704,Low,False,False,False,1
156955,G06009705,High,False,False,False,0
511843,G06009704,High,False,False,False,1
480392,G06009702,High,False,False,False,0
334139,G06009705,Medium,False,False,True,0
522884,G06005500,Medium,False,False,False,0
391597,G06009705,Medium,False,False,False,0
157233,G06009704,Medium,False,False,False,0
409598,G06009705,High,False,False,False,0
156731,G06003300,Low,False,False,False,0
334255,G06009705,High,False,False,False,0
480244,G06009704,Medium,False,False,False,0
177926,G06003300,High,False,False,False,0
303594,G06004104,Medium,False,False,False,0
49440,G06004104,Medium,False,False,True,0
156615,G06004104,Medium,False,False,False,0
178052,G06005500,High,False,False,False,0
303245,G06009704,Low,False,False,False,0
100045,G06009705,Medium,False,False,False,0
49460,G06005500,Low,False,False,False,1
178175,G06003300,Low,False,False,False,0
99867,G06003300,High,False,False,False,0
303882,G06003300,Low,False,False,False,0
113466,G06004103,Medium,False,False,False,0
157328,G06009705,Low,False,False,False,0
100993,G06003300,Medium,False,False,True,0
101609,G06009705,High,False,False,False,0
113561,G06004104,Low,False,False,False,0
176107,G06009705,Medium,True,True,False,0
176150,G06004103,Medium,False,False,True,0
392431,G06005500,Medium,False,False,False,0
306505,G06009702,Low,False,False,False,0
408441,G06009704,Low,False,False,False,0
20218,G06009705,Medium,False,False,False,0
306424,G06004104,High,False,False,False,1
176319,G06009705,Medium,False,False,False,0
522133,G06009702,Medium,False,False,False,0
512433,G06004103,High,True,True,True,0
176325,G06009704,High,False,False,False,0
100921,G06004103,Low,False,False,False,0
306238,G06009704,High,False,False,True,0
113677,G06005500,Low,False,False,False,0
176613,G06009705,Medium,False,False,False,0
333109,G06009705,High,False,False,False,0
305524,G06003300,High,False,False,False,0
488321,G06003300,Low,False,False,False,0
408807,G06009704,Low,False,False,False,0
305351,G06009704,Low,True,True,False,0
176937,G06004103,High,False,False,True,0
113797,G06009704,Low,False,False,False,0
113842,G06002300,Medium,False,False,False,0
176997,G06003300,Low,False,False,False,0
305080,G06004103,Medium,False,False,False,0
333608,G06003300,Low,False,False,False,0
333024,G06009704,Low,True,True,False,0
55008,G06005500,Medium,False,False,True,0
325541,G06005500,Low,False,False,False,0
347781,G06009704,High,False,False,False,0
375949,G06005500,Medium,False,False,False,0
254825,G06009705,High,True,True,True,0
355692,G06009702,High,False,False,False,0
212669,G06009705,High,True,True,False,0
125913,G06003300,Low,True,True,False,0
140939,G06009705,Medium,False,False,False,0
140831,G06009702,Low,False,False,False,0
140798,G06004104,High,False,False,False,0
254354,G06005500,Medium,False,False,False,0
375832,G06004103,Medium,False,False,False,0
74723,G06003300,High,True,True,False,0
355814,G06005500,Medium,False,False,False,1
38097,G06009704,Low,False,False,False,0
444134,G06009704,Medium,False,False,False,0
213199,G06004104,Low,True,True,False,0
135397,G06009702,High,False,False,False,0
126085,G06009704,Medium,False,False,False,0
444153,G06003300,Medium,True,True,False,1
61552,G06009702,Low,True,True,False,0
74643,G06005500,High,False,False,False,0
224194,G06003300,High,False,False,False,0
213350,G06004103,Medium,True,True,False,0
546438,G06005500,Medium,False,False,False,0
375975,G06003300,Low,True,True,False,0
444299,G06009702,Medium,False,False,False,0
502627,G06009705,Medium,False,False,False,0
254867,G06009704,Low,False,False,False,0
36322,G06003300,Low,False,False,False,0
125485,G06009705,Low,False,False,False,0
224553,G06009705,High,True,True,True,0
443284,G06009704,Medium,False,False,False,0
2264,G06003300,Medium,False,False,False,0
370282,G06004103,High,False,False,False,0
540244,G06009705,Medium,False,False,True,0
255405,G06009702,Medium,False,False,True,0
237693,G06003300,Medium,True,True,False,0
255387,G06003300,High,False,False,False,0
255370,G06009705,High,False,False,False,0
212257,G06004104,High,False,False,False,0
125534,G06009705,Low,False,False,False,0
212284,G06009702,Low,False,False,False,0
212298,G06009702,Low,False,False,False,0
467097,G06003300,Medium,False,False,False,0
34080,G06009704,High,False,False,False,0
494497,G06005500,Low,False,False,False,0
135294,G06003300,High,False,False,False,0
125660,G06009705,Medium,False,False,False,0
355483,G06009702,Low,False,False,False,0
135312,G06002300,Low,False,False,False,0
443609,G06009704,Low,True,True,False,0
540699,G06004104,High,False,False,False,0
36327,G06003300,Medium,False,False,False,0
444396,G06009704,Medium,False,False,True,0
546382,G06003300,Medium,False,False,False,0
126380,G06003300,High,True,True,False,0
252551,G06003300,Low,True,True,False,0
59071,G06009704,Medium,False,False,False,0
214216,G06002300,Medium,False,False,False,0
238426,G06005500,High,False,False,False,0
445281,G06004103,Medium,False,False,False,0
214337,G06005500,High,True,True,False,0
214377,G06004104,Medium,False,False,False,0
6285,G06004104,High,False,False,False,0
356959,G06005500,Medium,False,False,False,0
129276,G06003300,Medium,False,False,False,0
362329,G06004103,High,False,False,False,0
541635,G06009702,Medium,True,True,False,0
541665,G06004104,Low,False,False,False,0
445463,G06004104,High,False,False,False,0
472050,G06009702,High,False,False,False,0
223737,G06004103,Low,False,False,False,0
238694,G06002300,High,True,True,False,0
357076,G06009704,Low,False,False,False,0
214644,G06009705,Low,False,False,False,0
59135,G06009704,Low,False,False,False,0
445796,G06003300,Medium,True,True,False,0
59147,G06009702,High,False,False,False,0
445190,G06009702,Low,False,False,True,0
253341,G06005500,Medium,True,True,False,0
462541,G06004103,Low,False,False,False,0
68727,G06009702,High,False,False,False,0
213534,G06004103,High,False,False,False,0
74490,G06009705,High,False,False,True,0
253247,G06009705,High,False,False,False,0
362976,G06009702,Low,False,False,False,0
370779,G06009704,High,True,True,False,1
129419,G06009704,Medium,False,False,True,1
453391,G06009704,Medium,False,False,False,0
34283,G06005500,Low,True,True,False,1
541208,G06005500,High,False,False,False,0
253140,G06009705,High,True,True,False,0
356298,G06005500,High,False,False,False,0
6531,G06009705,High,False,False,False,0
356301,G06005500,Low,False,False,False,0
453378,G06009704,Low,False,False,False,0
2536,G06005500,Medium,False,False,False,0
2542,G06003300,Low,False,False,False,0
453354,G06005500,High,True,True,False,1
74227,G06004104,High,True,True,False,0
375433,G06005500,High,True,True,False,0
6437,G06004103,Medium,False,False,False,0
546314,G06005500,High,False,False,True,0
6423,G06005500,Low,True,True,False,0
140370,G06009704,Medium,False,False,False,0
140343,G06009704,Medium,True,True,False,0
255502,G06009704,Medium,False,False,False,0
125437,G06004104,High,False,False,False,0
496848,G06004103,High,False,False,False,0
39775,G06005500,Low,False,False,False,0
441168,G06004104,Medium,False,False,True,0
258385,G06003300,High,False,False,False,0
235882,G06009704,High,False,False,False,0
353645,G06009704,Low,True,True,True,0
76912,G06009705,High,False,False,True,0
539256,G06004103,High,False,False,False,0
221074,G06009704,High,False,False,False,0
130344,G06004104,Medium,False,False,False,0
236215,G06009705,Low,False,False,False,0
225291,G06009704,High,False,False,False,0
441389,G06003300,Medium,False,False,True,1
258001,G06004104,Low,True,True,False,0
210582,G06009702,Medium,True,True,False,0
7825,G06009705,Medium,True,True,True,0
67250,G06004103,Medium,True,True,True,0
353817,G06004104,Low,False,False,False,0
257787,G06005500,Medium,False,False,False,0
369883,G06004103,High,False,False,False,0
441629,G06005500,Low,False,False,False,0
441710,G06009704,Medium,True,True,False,0
257531,G06001100,Medium,False,False,False,0
1951,G06003300,Low,False,False,False,0
499215,G06004103,Medium,False,False,False,0
353986,G06009704,Medium,False,False,False,0
225540,G06009704,High,False,False,False,0
364146,G06003300,Medium,False,False,False,0
538945,G06003300,Medium,False,False,False,0
538953,G06005500,Medium,False,False,False,0
259602,G06004104,Low,False,False,False,0
468370,G06009705,Medium,True,True,False,0
66860,G06009704,High,False,False,False,0
8250,G06009705,Low,False,False,False,0
134526,G06009705,Medium,True,True,False,0
493928,G06009702,Medium,False,False,False,1
124122,G06005500,Medium,False,False,False,0
235458,G06009702,High,False,False,False,1
209649,G06009704,Medium,False,False,False,0
209669,G06004103,Medium,False,False,False,0
364224,G06009705,Low,False,False,False,0
67015,G06009705,Medium,False,False,True,0
468307,G06009705,High,False,False,False,0
235671,G06003300,Low,False,False,False,0
440283,G06004104,High,True,True,True,0
134674,G06004104,High,False,False,False,0
259066,G06009702,Medium,False,False,True,0
124327,G06009704,Low,False,False,False,1
77373,G06003300,Medium,False,False,False,0
503503,G06004103,Medium,False,False,False,0
468163,G06009705,Low,False,False,False,0
124434,G06009702,Low,False,False,False,0
76434,G06009702,Medium,False,False,False,0
377524,G06009705,Low,False,False,True,0
225101,G06005500,Medium,False,False,True,0
354415,G06009705,Medium,False,False,False,0
211626,G06009704,Medium,True,True,False,0
7481,G06009702,Low,False,False,False,0
546872,G06009705,High,False,False,False,0
370050,G06009705,Low,False,False,False,0
454737,G06003300,High,True,True,False,1
75732,G06003300,High,False,False,False,0
67733,G06004103,High,False,False,False,1
442711,G06009705,Medium,False,False,True,0
442733,G06009702,High,True,True,False,0
256121,G06009705,High,False,False,False,0
75638,G06004104,Low,False,False,False,0
499442,G06005500,High,False,False,False,1
354700,G06005500,Medium,False,False,False,0
494256,G06003300,Low,False,False,False,0
237174,G06009704,Low,False,False,False,0
33926,G06003300,Medium,False,False,False,0
376691,G06009705,Medium,False,False,False,1
211977,G06009702,Medium,False,False,False,0
540100,G06009704,Low,False,False,False,0
376540,G06009705,Medium,True,True,False,0
2190,G06003300,Medium,False,False,False,0
237319,G06009702,High,False,False,False,0
33824,G06009704,High,True,True,False,0
539808,G06004103,Low,False,False,False,0
58169,G06009702,Medium,False,False,False,0
211510,G06003300,High,False,False,False,0
1978,G06003300,Medium,True,True,False,0
442095,G06005500,Medium,False,False,True,0
257140,G06009704,Low,False,False,False,0
442186,G06009705,High,True,True,True,0
130161,G06009704,High,True,True,False,0
454960,G06009702,Low,True,True,True,0
257046,G06009702,Medium,False,False,False,0
539720,G06004104,Low,False,False,False,0
257023,G06009704,Medium,False,False,False,0
61904,G06002300,Medium,False,False,False,0
257022,G06002300,Medium,False,False,False,0
223497,G06009704,Low,False,False,False,0
225008,G06009705,Medium,False,False,False,1
224930,G06004103,Low,True,True,True,0
454838,G06009702,High,True,True,False,0
76021,G06005500,Medium,False,False,False,0
442464,G06005500,High,False,False,False,0
467539,G06003300,Low,False,False,False,0
454820,G06003300,Low,False,False,False,1
141995,G06004104,High,False,False,False,0
7535,G06009702,High,False,False,False,0
75902,G06005500,Low,False,False,True,0
67586,G06009704,Medium,False,False,False,0
454791,G06009705,High,False,False,False,1
442382,G06009702,Low,True,True,False,0
142840,G06009702,High,False,False,False,0
362098,G06009704,Medium,False,False,False,0
34557,G06004104,Low,False,False,False,0
219224,G06004104,Low,False,False,False,0
245263,G06009702,Medium,False,False,False,0
60373,G06009702,High,False,False,False,0
359324,G06003300,Medium,False,False,False,0
245183,G06009705,High,False,False,False,1
245052,G06009705,Low,False,False,False,0
127982,G06009702,Low,False,False,False,0
464631,G06009705,Low,False,False,False,0
359439,G06003300,High,True,True,False,1
128010,G06004104,Medium,False,False,False,0
240602,G06009704,Medium,False,False,False,0
449762,G06003300,High,True,True,True,1
136905,G06009705,High,False,False,False,0
360814,G06003300,Low,False,False,False,0
240705,G06003300,Medium,False,False,False,0
449842,G06005500,Low,False,False,False,0
359728,G06009705,Medium,False,False,False,0
544455,G06009705,High,False,False,False,0
359732,G06009702,Medium,False,False,False,0
35132,G06004103,Medium,True,True,False,0
501035,G06009705,Low,True,True,False,0
219620,G06003300,High,False,False,False,0
450084,G06005500,High,False,False,False,1
219186,G06009704,High,True,True,False,0
128118,G06003300,Medium,False,False,False,0
451651,G06003300,Low,False,False,False,0
245455,G06009702,High,True,True,True,0
218317,G06003300,Medium,False,False,False,0
69838,G06004104,High,False,False,False,0
60144,G06009704,Medium,False,False,False,0
448532,G06009704,High,True,True,False,0
60172,G06009704,Medium,False,False,False,0
60177,G06003300,Low,False,False,False,1
448547,G06004104,High,False,False,False,0
545777,G06001100,Low,False,False,False,0
465109,G06003300,Medium,False,False,False,0
545742,G06009704,Low,False,False,False,0
127741,G06004103,Low,False,False,False,0
38764,G06003300,High,False,False,False,0
222468,G06003300,Medium,False,False,False,0
71624,G06003300,Medium,False,False,False,0
495574,G06009704,Medium,False,False,True,0
543893,G06005500,Low,False,False,False,1
128576,G06003300,Low,False,False,False,0
449059,G06009702,Low,False,False,True,0
69957,G06003300,High,False,False,False,0
449063,G06003300,Low,False,False,False,1
4462,G06005500,Medium,True,True,False,0
373199,G06003300,Medium,False,False,True,0
360960,G06005500,High,False,False,False,0
464738,G06004103,High,True,True,False,0
373511,G06004103,High,False,False,False,0
463484,G06004104,Medium,False,False,False,0
4061,G06005500,Medium,False,False,False,0
241513,G06003300,High,False,False,True,0
450433,G06004103,High,False,False,False,0
137626,G06009702,Low,False,False,True,1
463972,G06004104,Low,False,False,False,0
544862,G06009704,Medium,False,False,True,0
241629,G06004104,Low,False,False,False,0
463961,G06009704,Low,False,False,False,0
450522,G06009704,Medium,False,False,False,0
137205,G06004104,High,False,False,False,0
221340,G06009705,High,False,False,False,0
60893,G06009704,Medium,False,False,False,0
544951,G06009705,High,False,False,False,0
242657,G06004103,Low,True,True,False,0
70658,G06003300,Low,False,False,False,0
360130,G06004103,Medium,True,True,False,0
360403,G06009704,High,False,False,False,0
242034,G06009705,Low,False,False,False,0
221182,G06005500,Low,False,False,True,0
545112,G06009704,Low,False,False,False,0
372230,G06009702,High,False,False,False,0
372218,G06002300,Low,False,False,False,0
70502,G06005500,High,False,False,False,0
128359,G06009702,High,False,False,False,0
450413,G06009704,High,True,True,False,0
219814,G06009704,Low,False,False,False,0
544785,G06003300,Low,False,False,False,0
137627,G06009705,Medium,False,False,False,1
244013,G06004103,High,False,False,False,0
243970,G06009702,High,False,False,False,0
4023,G06009704,Low,False,False,False,0
240746,G06003300,Medium,False,False,False,0
137795,G06005500,Low,False,False,False,0
451312,G06003300,Low,False,False,False,0
136944,G06004104,High,False,False,False,0
450220,G06009704,Low,False,False,False,0
360777,G06009704,Medium,False,False,False,0
243605,G06003300,High,False,False,False,1
545428,G06009702,Medium,False,False,False,0
128220,G06002300,Medium,False,False,False,0
451223,G06009704,Medium,False,False,False,0
60698,G06009704,High,False,False,False,0
360693,G06009704,Medium,False,False,False,0
3500,G06004103,Medium,False,False,False,0
243247,G06009705,Medium,False,False,False,0
220374,G06004104,High,True,True,False,0
220417,G06009702,High,False,False,False,0
221677,G06009705,Medium,True,True,False,0
451165,G06009704,Low,False,False,True,0
221544,G06003300,High,False,False,False,0
38581,G06009705,Low,True,True,False,0
451160,G06005500,High,False,False,False,0
138594,G06009702,High,True,True,True,0
246763,G06009702,High,False,False,False,0
127629,G06005500,High,False,False,False,0
357459,G06003300,Medium,False,False,False,0
465933,G06004104,Low,False,False,False,0
250190,G06009704,High,False,False,False,0
496490,G06009705,Medium,False,False,False,0
215836,G06004104,High,False,False,True,0
446591,G06009705,Medium,False,False,False,0
452429,G06003300,High,False,False,False,0
250139,G06009705,Medium,False,False,False,0
215892,G06003300,Medium,False,False,False,0
215924,G06009704,Medium,False,False,False,0
136295,G06009705,Medium,False,False,True,0
542455,G06005500,Low,False,False,False,0
357678,G06004104,Medium,False,False,False,0
216132,G06002300,High,True,True,False,0
542486,G06009705,Low,False,False,False,0
3000,G06009704,High,True,True,True,0
249762,G06009705,Low,False,False,False,0
249753,G06009704,High,False,False,False,0
447121,G06009705,Low,True,True,False,0
495011,G06003300,Medium,False,False,False,0
542798,G06009704,High,False,False,False,0
127083,G06009704,High,False,False,False,0
239734,G06005500,High,False,False,False,0
446511,G06009704,Low,False,False,False,0
59549,G06004103,Low,False,False,False,0
446490,G06005500,Low,True,True,False,0
357449,G06009705,High,False,False,False,0
541802,G06009702,Medium,False,False,False,0
214829,G06004104,Low,False,False,False,0
466102,G06009705,Medium,False,False,False,0
374708,G06003300,Low,False,False,True,0
214959,G06009704,Medium,True,True,True,0
129116,G06004103,Medium,False,False,False,0
541876,G06003300,High,False,False,False,0
223325,G06009702,Low,False,False,False,1
73496,G06004103,Medium,False,False,False,0
2857,G06009704,High,False,False,False,0
59242,G06005500,Medium,False,False,False,0
541957,G06005500,Low,False,False,False,0
466035,G06003300,Low,False,False,False,0
73459,G06009702,Low,False,False,False,0
73430,G06009704,High,False,False,False,0
250699,G06009704,High,False,False,False,0
250675,G06009705,Medium,False,False,False,0
446207,G06005500,High,True,True,False,0
452562,G06002300,High,False,False,False,0
139603,G06002300,Medium,False,False,False,0
496527,G06003300,Medium,False,False,False,0
465957,G06009704,Medium,True,True,False,0
250422,G06004103,Low,False,False,False,0
446423,G06004104,High,False,False,False,0
357757,G06009705,Low,True,True,False,0
72666,G06009704,Medium,True,True,False,0
357770,G06004104,High,True,True,False,0
247928,G06009705,Medium,False,False,False,0
465556,G06003300,High,False,False,False,0
139069,G06005500,Medium,False,False,False,0
239974,G06004104,Low,False,False,False,0
72260,G06009704,Low,False,False,True,0
38363,G06003300,Medium,False,False,False,0
217637,G06005500,Low,False,False,False,0
501477,G06005500,Medium,False,False,False,0
72213,G06009704,Medium,True,True,False,0
448052,G06004104,High,False,False,False,1
451963,G06009702,High,False,False,False,0
448136,G06009705,Medium,False,False,False,0
361509,G06009702,Low,False,False,True,0
361470,G06009705,High,False,False,False,0
448308,G06004103,Low,False,False,False,0
136605,G06005500,High,True,True,False,0
128730,G06004103,Medium,True,True,False,0
72050,G06003300,High,False,False,False,0
217894,G06003300,Medium,False,False,False,0
451903,G06009704,Low,False,False,False,0
501326,G06009702,High,True,True,False,0
222551,G06005500,Medium,True,True,False,0
71916,G06005500,Low,False,False,False,0
69683,G06009702,High,False,False,True,0
239854,G06004103,High,False,False,False,0
217380,G06003300,High,True,True,False,0
447658,G06009704,Medium,False,False,False,0
139239,G06002300,Low,True,True,False,0
501674,G06009702,Medium,False,False,False,0
447514,G06002300,Low,True,True,False,0
452237,G06003300,Medium,False,False,True,0
72604,G06009702,High,False,False,False,0
371752,G06009704,Low,False,False,False,0
248873,G06004103,Medium,False,False,False,0
374017,G06009704,Medium,False,False,False,0
447550,G06009702,High,False,False,False,0
248770,G06009704,High,False,False,False,0
248685,G06003300,Low,False,False,False,0
136022,G06009705,High,False,False,False,0
216904,G06009704,Medium,False,False,False,0
545949,G06009704,Low,False,False,False,0
72472,G06009705,High,False,False,False,0
248488,G06005500,Medium,False,False,False,0
374001,G06004104,Medium,False,False,False,0
248365,G06009704,Medium,True,True,False,0
248219,G06009702,Low,False,False,False,0
248184,G06009702,Medium,False,False,False,0
358011,G06004103,Low,False,False,False,0
217230,G06004103,Medium,False,False,False,0
72430,G06003300,Low,True,True,False,0
373924,G06004104,High,False,False,False,0
447577,G06009705,Medium,False,False,False,0
468380,G06004103,High,False,False,False,0
441350,G06003300,High,False,False,False,0
468436,G06009702,High,False,False,False,0
133153,G06005500,High,False,False,False,0
267400,G06005500,Medium,False,False,False,0
366046,G06004103,Low,False,False,False,0
121970,G06004103,Low,False,False,False,0
505148,G06009705,High,False,False,False,0
434924,G06009704,Medium,True,True,False,0
470458,G06009704,Low,False,False,False,0
350193,G06009704,Low,False,False,False,0
435115,G06009704,Low,False,False,True,0
64590,G06005500,Medium,False,False,False,0
267431,G06009702,Medium,False,False,True,0
830,G06009705,High,False,False,False,0
267167,G06009702,Medium,True,True,False,0
267150,G06005500,High,False,False,False,0
505060,G06005500,Medium,True,True,False,0
435137,G06003300,High,False,False,False,1
40548,G06004104,Low,False,False,False,0
536027,G06009704,Medium,False,False,True,0
266719,G06009705,High,False,False,False,0
549005,G06004103,High,False,False,False,0
32690,G06009704,High,True,True,False,0
365882,G06004104,Medium,False,False,True,1
498340,G06009702,High,True,True,False,0
10461,G06005500,Medium,False,False,False,0
434642,G06009704,Medium,False,False,True,0
231961,G06009705,High,False,False,False,0
433945,G06004103,Medium,False,False,False,0
145661,G06009704,Low,False,False,True,0
268810,G06003300,High,False,False,False,0
458855,G06003300,Low,False,False,False,0
434273,G06009705,Medium,False,False,False,0
268717,G06004103,High,False,False,False,0
366195,G06009704,Low,False,False,False,1
492626,G06009704,High,False,False,False,0
535620,G06009704,High,False,False,False,0
498260,G06009705,Medium,False,False,False,0
202904,G06009704,High,True,True,False,0
56042,G06005500,High,False,False,False,0
434450,G06009705,High,False,False,False,0
82258,G06003300,Medium,False,False,False,0
268230,G06004104,High,False,False,False,0
228475,G06009702,Low,False,False,False,1
434535,G06005500,High,False,False,False,0
10819,G06003300,Low,False,False,False,0
349873,G06009704,Low,False,False,False,0
349889,G06003300,High,False,False,False,0
381335,G06005500,High,True,True,False,0
267956,G06009705,High,False,False,False,0
434391,G06009705,Low,False,False,False,0
145770,G06009702,Medium,False,False,True,0
64733,G06003300,Low,False,False,False,0
458177,G06009704,High,False,False,False,0
131215,G06005500,Low,True,True,False,0
365691,G06009705,Medium,False,False,False,0
232963,G06003300,Medium,False,False,False,1
204837,G06009705,High,False,False,False,1
497520,G06009704,Medium,False,False,False,0
264978,G06009704,Low,False,False,False,0
368729,G06003300,Medium,True,True,False,0
264958,G06005500,High,False,False,True,0
469944,G06009704,Medium,False,False,False,0
351059,G06009704,Medium,True,True,True,0
457984,G06009704,Medium,False,False,False,0
548577,G06005500,Low,True,True,False,0
461184,G06009702,High,True,True,False,0
205086,G06009705,Medium,False,False,False,0
493249,G06009705,Low,False,False,False,0
37615,G06003300,Low,False,False,False,0
498756,G06004103,High,False,False,False,1
130954,G06005500,Low,False,False,False,0
469866,G06009704,High,False,False,False,0
536868,G06009702,Low,False,False,False,1
380226,G06005500,Medium,False,False,False,0
80775,G06009704,Medium,True,True,False,1
36830,G06009705,Low,False,False,False,0
232175,G06004104,Low,False,False,False,0
504732,G06005500,High,False,False,False,0
536580,G06004104,Low,False,False,False,0
536156,G06004103,Medium,True,True,False,0
204025,G06009704,High,True,True,False,0
548857,G06003300,Medium,False,False,True,0
266106,G06009702,Low,False,False,False,0
228082,G06009704,Low,True,True,False,0
536229,G06009705,Medium,False,False,False,0
81361,G06009705,High,True,True,False,0
435353,G06004103,Medium,False,False,False,0
365835,G06009704,Medium,False,False,False,0
145059,G06002300,High,False,False,False,0
144824,G06009702,Low,True,True,False,0
122327,G06004104,High,True,True,False,0
204272,G06004104,Medium,False,False,False,0
232479,G06004104,Medium,False,False,False,0
265880,G06002300,Medium,False,False,False,0
265686,G06009705,Medium,True,True,True,0
62757,G06005500,High,False,False,False,0
81120,G06004103,Low,False,False,False,0
265365,G06009704,Low,False,False,False,0
131230,G06009704,High,False,False,False,0
232774,G06009702,Low,False,False,False,0
493143,G06005500,Medium,False,False,False,0
56375,G06005500,Low,False,False,False,0
40683,G06003300,Medium,False,False,True,0
121629,G06005500,Medium,True,True,False,0
368091,G06004104,High,False,False,False,0
146891,G06009705,High,False,False,False,0
431405,G06003300,High,False,False,True,0
460298,G06009705,Low,False,False,False,0
271095,G06009705,Low,False,False,False,0
200357,G06009704,Medium,False,False,False,0
200381,G06009705,Medium,False,False,False,0
366884,G06009704,Low,False,False,False,0
460529,G06004103,High,True,True,False,0
431735,G06009705,Medium,False,False,False,0
200542,G06009704,High,False,False,False,0
229628,G06009705,High,True,True,True,0
229511,G06009705,Low,True,True,False,0
431862,G06009704,Medium,False,False,False,0
11631,G06009705,High,True,True,True,0
431994,G06009705,Low,False,False,False,0
492200,G06003300,Low,True,True,False,0
471666,G06009702,Medium,True,True,False,0
131806,G06004104,Low,True,True,False,0
432176,G06004103,High,False,False,False,0
432231,G06004104,High,False,False,False,0
200780,G06003300,Medium,False,False,False,0
270748,G06009704,Low,False,False,False,0
471716,G06009704,Low,True,True,False,0
146511,G06005500,High,False,False,False,0
534337,G06009705,High,False,False,False,0
534331,G06009704,Low,False,False,False,0
430618,G06009702,Low,True,True,False,0
549915,G06009704,Low,False,False,False,0
63312,G06009702,Low,True,True,False,0
199431,G06005500,Low,False,False,False,0
132092,G06003300,Medium,False,False,False,0
12100,G06003300,Medium,False,False,False,0
132303,G06009704,High,False,False,False,0
460002,G06005500,High,False,False,False,0
367113,G06003300,High,False,False,False,0
347887,G06003300,Low,False,False,False,0
431255,G06005500,Medium,False,False,False,0
347900,G06009704,Medium,False,False,False,0
430901,G06004104,Low,False,False,False,0
230671,G06009702,Medium,False,False,False,0
146938,G06009704,Low,False,False,False,0
348020,G06003300,High,False,False,False,0
271834,G06003300,Low,False,False,False,1
271785,G06003300,Low,False,False,False,0
200017,G06003300,Low,True,True,False,0
271638,G06009702,High,False,False,False,0
85124,G06009705,Medium,False,False,True,0
431253,G06004104,High,False,False,False,0
63181,G06009705,Medium,False,False,False,0
432267,G06009704,Low,False,False,False,0
432276,G06004104,Medium,False,False,False,1
432295,G06009705,High,False,False,False,0
535171,G06009704,Medium,False,False,False,0
535183,G06003300,Low,False,False,False,0
505690,G06009705,Low,False,False,False,1
349066,G06005500,High,False,False,False,0
459062,G06004103,Medium,False,False,False,0
433296,G06009705,Medium,False,False,False,0
55815,G06005500,Medium,True,True,False,0
231508,G06004104,Low,False,False,False,0
121493,G06009702,Medium,False,False,False,0
201930,G06004104,High,True,True,True,0
505702,G06004103,High,True,True,False,0
202008,G06009705,Medium,True,True,True,0
83152,G06003300,Low,False,False,False,0
202062,G06009704,Medium,False,False,False,0
231558,G06009705,High,False,False,False,0
146035,G06009704,Medium,False,False,False,0
231568,G06009704,High,False,False,False,0
231577,G06005500,Medium,False,False,True,0
228776,G06009705,Medium,False,False,False,0
535357,G06004103,Medium,False,False,False,0
82806,G06003300,Medium,True,True,False,0
231793,G06003300,High,False,False,False,1
64110,G06004104,Low,False,False,False,0
459159,G06009705,Medium,False,False,False,0
505808,G06009705,Low,False,False,False,0
349009,G06003300,High,True,True,False,1
146483,G06009705,High,True,True,False,0
63701,G06009702,Medium,False,False,True,0
32191,G06009702,Medium,False,False,False,0
432404,G06004103,High,False,False,False,0
229351,G06003300,High,False,False,False,0
498109,G06003300,High,False,False,False,0
84019,G06009704,Low,False,False,False,0
270471,G06009704,Medium,False,False,False,0
270454,G06009704,Low,False,False,False,0
366645,G06005500,High,False,False,False,0
146361,G06009704,Low,False,False,False,0
229262,G06009704,High,False,False,False,0
201343,G06009704,High,True,True,False,0
231109,G06009702,High,False,False,False,0
432599,G06009704,Low,False,False,False,0
121193,G06009704,High,True,True,False,0
382024,G06009705,Low,False,False,False,0
460560,G06005500,Low,False,False,False,0
121275,G06004103,Low,False,False,False,0
63061,G06004103,Low,False,False,False,0
270147,G06004103,High,False,False,False,0
83654,G06009705,Medium,False,False,False,0
229133,G06009702,Low,True,True,True,0
536927,G06009705,Low,False,False,False,0
205189,G06009705,Medium,False,False,False,1
265742,G06009705,Medium,True,True,False,0
227396,G06003300,Low,False,False,False,0
207062,G06003300,Low,False,False,False,0
226482,G06004103,High,False,False,True,0
40157,G06009704,Low,False,False,False,0
504076,G06009705,High,False,False,False,0
437886,G06004103,High,False,False,False,1
456586,G06004104,Low,False,False,False,1
262175,G06004103,Medium,True,True,False,1
262096,G06003300,High,False,False,False,0
143643,G06004104,Medium,False,False,False,1
234494,G06009704,Medium,False,False,False,0
456488,G06009702,Low,False,False,False,0
437953,G06004103,High,False,False,False,0
134205,G06005500,High,False,False,False,0
379313,G06005500,Medium,False,False,False,0
207402,G06009704,Low,False,False,False,1
468991,G06009705,High,False,False,False,1
57235,G06009702,High,False,False,False,0
369370,G06009704,Low,False,False,False,0
33317,G06004103,Medium,False,False,False,0
9094,G06003300,High,False,False,False,0
262083,G06009702,High,False,False,False,0
469122,G06009704,Low,False,False,False,0
207015,G06009702,Medium,False,False,False,0
62420,G06003300,Medium,False,False,True,0
234103,G06003300,Medium,False,False,False,0
456830,G06003300,High,True,True,False,0
504321,G06005500,High,True,True,False,1
206616,G06005500,High,False,False,False,0
504319,G06003300,Medium,False,False,False,0
79996,G06009705,Low,False,False,False,0
352036,G06009705,High,True,True,True,1
206655,G06009702,Medium,False,False,False,0
37735,G06003300,High,False,False,False,0
206716,G06005500,Low,False,False,False,0
123267,G06003300,Medium,False,False,False,0
66051,G06003300,High,False,False,False,0
226795,G06002300,Medium,False,False,False,0
123384,G06009705,Medium,False,False,False,0
537657,G06004103,Low,False,False,False,0
206833,G06005500,High,False,False,False,0
66054,G06009704,Low,False,False,False,0
66124,G06004103,Medium,False,False,False,0
437650,G06009705,Medium,False,False,False,1
469171,G06005500,Low,True,True,False,0
79581,G06004103,Medium,False,False,False,0
9089,G06005500,Low,True,True,True,0
206437,G06009705,Low,False,False,False,0
33330,G06009704,Low,False,False,True,0
66436,G06009704,High,False,False,True,0
78546,G06003300,Medium,True,True,False,0
226109,G06005500,High,False,False,False,1
208654,G06005500,High,False,False,True,0
226098,G06009705,Low,False,False,False,0
260498,G06003300,High,False,False,True,0
8551,G06003300,High,False,False,False,0
143011,G06003300,Low,False,False,False,0
369513,G06004104,Medium,True,True,False,0
66817,G06009704,High,False,False,False,0
353073,G06009702,Low,False,False,False,0
235136,G06003300,Medium,False,False,False,0
78290,G06003300,High,True,True,False,0
39900,G06009704,High,False,False,False,0
208977,G06009705,Medium,False,False,False,0
130432,G06004104,Medium,False,False,False,0
468495,G06003300,Medium,True,True,False,0
78176,G06004103,Low,False,False,False,0
439489,G06009705,Medium,False,False,False,0
78004,G06004103,High,False,False,False,0
57585,G06009704,Low,True,True,False,0
1709,G06003300,High,False,False,False,0
503747,G06009704,Low,False,False,False,0
364584,G06009705,High,False,False,False,0
208465,G06005500,Medium,False,False,False,0
379214,G06009705,Low,False,False,False,0
234697,G06003300,Low,False,False,False,0
461583,G06009704,Low,False,False,False,0
40037,G06004104,High,False,False,False,0
438386,G06009702,Medium,False,False,False,0
207573,G06004103,High,False,False,False,0
207657,G06004103,Low,False,False,False,0
369396,G06009704,Medium,True,True,True,0
123579,G06003300,Low,False,False,False,0
438428,G06009702,High,False,False,False,1
379199,G06009704,High,False,False,False,0
143425,G06002300,Medium,True,True,False,0
261314,G06004104,High,False,False,False,0
352704,G06005500,High,False,False,False,0
379134,G06009705,Low,False,False,False,0
261122,G06009704,Low,False,False,False,0
468919,G06009704,High,False,False,False,0
8798,G06005500,High,False,False,False,0
547604,G06009704,Low,False,False,False,0
123710,G06005500,High,False,False,False,0
461689,G06009705,High,False,False,False,0
456339,G06009702,Medium,False,False,False,1
379783,G06003300,Medium,False,False,False,0
360361,G06009704,Low,False,False,True,0
537217,G06009705,High,False,False,False,0
351617,G06005500,Medium,True,True,True,0
469626,G06004104,High,False,False,False,0
369273,G06009702,Low,False,False,False,0
436446,G06009704,High,False,False,True,0
457174,G06005500,High,False,False,False,0
456970,G06009704,Medium,False,False,False,0
469807,G06009704,High,False,False,False,0
263324,G06003300,High,False,False,True,0
65761,G06004104,Medium,False,False,False,0
504557,G06003300,High,False,False,False,1
436721,G06004103,Low,False,False,False,0
233435,G06004104,Medium,True,True,False,0
122850,G06003300,Low,True,True,False,0
264105,G06004103,Low,False,False,False,0
263389,G06009702,Medium,False,False,False,0
379962,G06004103,High,False,False,False,0
263399,G06005500,Medium,False,False,True,0
130870,G06009705,Low,False,False,True,0
33054,G06009705,High,False,False,False,0
264006,G06009702,Medium,False,False,False,0
264226,G06009702,High,False,False,False,0
436972,G06004104,Low,True,True,False,0
461262,G06004104,High,False,False,False,0
264341,G06005500,Low,False,False,False,0
548368,G06009705,Low,False,False,False,0
205367,G06009704,Medium,False,False,False,0
436542,G06009705,Low,False,False,False,0
457311,G06003300,Medium,False,False,False,1
436221,G06009705,High,False,False,True,0
80435,G06005500,High,False,False,False,0
65693,G06005500,High,True,True,False,0
233841,G06004103,High,False,False,False,0
206285,G06004103,Low,False,False,False,0
548392,G06004103,Low,True,True,False,0
233812,G06009705,Medium,False,False,False,0
144086,G06004103,High,False,False,False,0
263099,G06009702,Low,False,False,False,0
397901,G06000121,High,False,False,True,0
371192,G06008103,Low,False,False,False,0
109755,G06000116,Low,False,False,False,0
396502,G06008106,High,False,False,False,0
369442,G06001301,Low,False,False,False,0
371940,G06007511,Medium,False,False,False,0
367809,G06001310,Medium,False,False,False,0
109610,G06007513,Medium,False,False,False,0
130566,G06008104,Low,True,True,False,0
395200,G06007507,High,True,True,False,0
370668,G06000116,Medium,False,False,False,0
130375,G06000117,Medium,False,False,False,0
130650,G06007510,High,False,False,False,0
397114,G06000111,High,False,False,False,0
130367,G06007510,High,False,False,False,0
129312,G06007507,Low,False,False,False,0
369878,G06007507,Medium,False,False,False,0
128512,G06007510,Medium,False,False,False,0
396163,G06001301,High,False,False,False,0
112375,G06007508,Low,False,False,False,0
371973,G06004104,High,False,False,False,0
130268,G06000115,Low,True,True,True,0
371109,G06005301,High,False,False,False,0
396204,G06008101,Medium,False,False,False,1
130610,G06008102,High,False,False,False,0
368975,G06000111,Medium,True,True,False,0
397826,G06008101,High,False,False,False,0
111638,G06008105,High,False,False,False,0
129399,G06007511,High,False,False,True,0
110109,G06000114,Medium,False,False,False,0
395165,G06001301,Medium,False,False,False,0
369126,G06004104,High,False,False,True,0
130362,G06000114,High,False,False,False,0
372026,G06007509,High,False,False,False,0
396595,G06007507,High,True,True,False,0
369289,G06000112,High,False,False,False,0
396456,G06000114,Low,False,False,False,0
396448,G06007507,High,False,False,False,0
367606,G06000112,High,False,False,False,0
110745,G06007510,High,False,False,False,0
394018,G06000113,High,False,False,False,0
132014,G06000116,High,False,False,False,0
371021,G06007508,High,True,True,False,0
369718,G06008105,Low,False,False,False,0
110207,G06000116,Low,False,False,False,0
128417,G06007507,High,False,False,False,0
367361,G06000112,High,False,False,False,0
129610,G06008702,High,True,True,False,0
128411,G06000116,High,False,False,False,0
393970,G06000114,Medium,True,True,False,0
369721,G06000116,High,False,False,False,0
398175,G06000121,High,False,False,False,0
369841,G06007511,Low,False,False,False,0
398200,G06008102,Low,False,False,False,1
369836,G06007510,Medium,True,True,False,0
372220,G06000121,Medium,False,False,False,0
131868,G06007509,Low,False,False,False,0
130378,G06007508,Low,False,False,False,0
368731,G06005301,Low,False,False,True,0
397352,G06000121,High,False,False,False,0
112476,G06000113,Medium,True,True,False,0
131833,G06000115,High,False,False,False,0
112499,G06000101,High,False,False,False,0
397981,G06000114,High,False,False,False,0
128480,G06001301,High,False,False,False,0
398101,G06005301,High,False,False,False,0
370692,G06001301,Low,False,False,False,0
109787,G06007513,Medium,True,True,False,0
372064,G06000114,High,False,False,False,0
397937,G06005303,High,False,False,False,1
110221,G06000111,Medium,False,False,False,0
110788,G06000117,High,False,False,False,0
367772,G06009501,Medium,False,False,False,0
109570,G06008104,High,True,True,False,0
131135,G06000112,Low,False,False,False,0
396429,G06008702,High,False,False,True,0
110690,G06008102,Low,False,False,False,0
111771,G06000111,Medium,False,False,False,0
109534,G06000101,High,False,False,False,0
130557,G06007510,Low,False,False,False,1
111651,G06008701,Low,False,False,False,0
397078,G06001301,Medium,False,False,False,0
369920,G06000121,Medium,False,False,False,0
129697,G06001311,Medium,False,False,False,0
396992,G06008105,Low,False,False,False,0
109968,G06007508,High,False,False,False,1
369300,G06000111,High,False,False,False,1
368228,G06008102,Medium,False,False,False,0
130087,G06007509,Low,True,True,False,0
395954,G06007512,High,False,False,True,0
395973,G06000101,High,False,False,False,0
397627,G06001301,High,False,False,False,0
368556,G06000115,High,False,False,False,0
370160,G06005301,High,False,False,True,0
129746,G06007509,High,False,False,False,0
131496,G06000117,Low,False,False,False,0
369314,G06008102,High,True,True,False,1
112152,G06000112,High,False,False,False,0
112165,G06007511,Medium,False,False,False,0
369342,G06007513,Medium,False,False,False,0
368211,G06008105,Low,False,False,False,0
128756,G06000115,Low,False,False,True,1
396016,G06000111,Medium,False,False,False,0
112014,G06007510,Low,False,False,False,0
109920,G06008103,Medium,False,False,False,0
395793,G06000101,Medium,False,False,False,0
371700,G06007509,Medium,False,False,False,0
112149,G06008702,High,False,False,True,0
368486,G06000113,Low,False,False,True,0
396915,G06000112,Medium,False,False,False,0
128933,G06000115,High,False,False,False,0
128891,G06000117,High,False,False,False,0
129942,G06007507,High,False,False,False,0
369298,G06004104,High,False,False,False,0
112100,G06007512,High,False,False,False,0
131423,G06008103,Low,False,False,False,0
397622,G06000111,High,False,False,False,0
131286,G06007512,Medium,False,False,False,0
371575,G06004103,Low,False,False,False,0
394726,G06000114,Medium,False,False,False,0
396919,G06008103,High,False,False,False,0
128820,G06007508,Low,False,False,False,0
370326,G06007509,High,False,False,False,0
129097,G06000112,High,False,False,False,0
110420,G06004104,Medium,False,False,True,0
394699,G06008701,High,False,False,False,0
110468,G06007512,Low,False,False,False,0
397508,G06008702,Low,False,False,False,0
129963,G06007509,Low,False,False,False,0
395418,G06009501,High,False,False,True,0
394567,G06005302,High,False,False,False,0
131562,G06007511,Low,False,False,False,0
394952,G06008101,High,False,False,True,1
371755,G06000114,High,False,False,False,0
371772,G06000114,High,False,False,False,0
371220,G06000117,High,False,False,False,0
131581,G06008702,Low,False,False,False,0
397420,G06000121,Low,False,False,False,0
367965,G06005302,Medium,False,False,False,1
112326,G06008105,Medium,False,False,False,0
109817,G06007513,High,False,False,False,0
396754,G06008104,High,False,False,True,0
130676,G06000114,Medium,False,False,False,1
131699,G06001310,High,False,False,False,0
367904,G06005302,Low,False,False,False,0
128629,G06008103,High,False,False,False,0
368594,G06007510,Medium,False,False,False,0
371502,G06009501,High,False,False,False,0
131752,G06000114,Medium,False,False,False,0
371793,G06008105,Medium,False,False,False,0
111510,G06008104,Medium,False,False,False,0
396714,G06008105,High,True,True,False,0
130205,G06004104,Medium,False,False,False,1
129231,G06007512,Medium,False,False,False,0
397685,G06008702,Medium,False,False,True,0
370551,G06000101,High,True,True,False,0
129166,G06007510,High,False,False,False,0
369961,G06008701,High,False,False,False,0
128732,G06008103,Medium,False,False,False,0
397493,G06009501,High,False,False,False,0
368017,G06008104,Medium,True,True,False,1
129730,G06007513,Low,False,False,False,0
112223,G06005301,High,False,False,False,0
397639,G06005303,High,False,False,False,0
397456,G06008701,High,False,False,False,1
397454,G06007508,Low,False,False,False,0
111466,G06008105,High,False,False,False,0
109862,G06004104,High,False,False,True,0
111094,G06000111,High,False,False,False,0
396096,G06007507,Low,False,False,False,0
129711,G06004104,Medium,False,False,False,0
110046,G06007510,Medium,False,False,False,1
397442,G06001311,Low,False,False,False,0
395006,G06000112,Low,False,False,False,0
112254,G06007509,High,False,False,False,0
397436,G06008104,Low,False,False,False,0
396437,G06008104,Medium,False,False,False,0
396799,G06005301,High,False,False,False,0
130879,G06008103,High,True,True,False,0
371223,G06007510,Low,False,False,False,0
394621,G06000113,High,False,False,False,0
390619,G06000117,High,False,False,False,0
393760,G06008104,High,False,False,True,0
122859,G06000116,Medium,False,False,False,0
380095,G06008702,Low,False,False,False,0
386391,G06000114,Low,False,False,False,0
380019,G06000117,Medium,False,False,False,0
122988,G06008105,Low,False,False,False,0
117725,G06008103,Low,False,False,False,0
122991,G06005301,High,False,False,False,0
386468,G06007511,Low,False,False,False,0
123048,G06000112,High,True,True,False,0
117561,G06007512,Medium,False,False,False,0
386380,G06000116,High,False,False,False,0
123126,G06000116,High,False,False,False,1
379848,G06007508,Medium,False,False,False,0
123190,G06005301,High,False,False,False,0
386820,G06007511,Medium,False,False,False,0
117487,G06004103,High,False,False,False,0
123215,G06008105,High,False,False,True,0
386826,G06000111,High,False,False,True,0
386938,G06004104,Medium,False,False,False,0
379769,G06001301,High,False,False,False,0
123347,G06005301,Low,False,False,True,0
379613,G06005302,High,False,False,False,0
386789,G06008106,High,True,True,False,0
117424,G06008103,Low,False,False,False,0
117755,G06000112,Low,False,False,False,0
380151,G06000111,High,False,False,False,0
122635,G06007510,High,False,False,False,0
380399,G06007508,Low,False,False,False,0
385839,G06007508,High,False,False,False,0
118235,G06007513,High,False,False,False,0
385972,G06000114,High,False,False,False,1
385992,G06007508,Low,False,False,False,0
380385,G06005301,High,False,False,False,0
118151,G06001301,Low,False,False,False,0
380322,G06007511,High,False,False,False,0
118148,G06001310,High,True,True,True,0
117763,G06000114,High,False,False,False,0
118106,G06001310,Low,False,False,False,0
118060,G06000121,Medium,False,False,False,0
118056,G06005301,High,False,False,False,0
380307,G06008702,Low,False,False,False,1
386192,G06000116,Low,False,False,False,0
386205,G06000101,Medium,True,True,False,0
117888,G06005301,Low,False,False,False,0
386297,G06000114,High,False,False,False,0
386318,G06000101,Low,False,False,False,0
117809,G06000112,High,False,False,False,0
380192,G06000112,Medium,False,False,False,0
118068,G06008105,Medium,False,False,False,0
123388,G06007510,High,False,False,False,0
379403,G06008104,High,False,False,False,0
117404,G06008105,Medium,False,False,False,0
387776,G06000121,Low,False,False,False,0
387788,G06007507,Medium,True,True,False,0
387829,G06007508,Medium,False,False,True,0
387849,G06000114,Medium,False,False,False,0
378585,G06007509,Low,False,False,False,0
123977,G06008701,Medium,False,False,True,0
116782,G06008702,High,False,False,False,0
116747,G06005301,High,False,False,False,0
123979,G06004104,High,False,False,False,0
388011,G06000101,High,False,False,True,0
378749,G06008702,High,False,False,False,0
378469,G06008701,High,True,True,False,0
124040,G06000121,High,False,False,False,0
124058,G06009501,High,True,True,False,1
378430,G06007508,High,False,False,True,0
388038,G06000114,Medium,False,False,False,1
116675,G06007511,Low,False,False,False,0
116652,G06008104,High,False,False,True,0
388164,G06007510,High,False,False,False,0
116596,G06007511,Low,False,False,False,0
378424,G06008102,Low,True,True,False,0
378329,G06004104,High,False,False,False,0
388015,G06008102,Medium,False,False,True,0
387703,G06008701,Low,False,False,False,0
123855,G06007511,High,False,False,True,0
379095,G06007511,Low,False,False,False,0
379400,G06005301,High,True,True,False,0
379360,G06000101,High,False,False,False,0
387065,G06000114,High,False,False,False,0
117399,G06000111,Low,False,False,False,0
123419,G06008101,Medium,True,True,False,0
387245,G06007511,Low,False,False,False,0
379320,G06008702,High,False,False,False,0
379303,G06007512,High,False,False,False,0
387322,G06001301,High,False,False,False,0
387387,G06008103,High,False,False,False,0
123529,G06007510,Low,False,False,True,0
379255,G06000116,High,False,False,False,0
387419,G06004104,High,True,True,False,0
117167,G06008101,Low,True,True,True,0
117114,G06007508,Medium,False,False,False,0
117109,G06007507,Medium,False,False,False,0
387513,G06007509,Medium,False,False,False,0
117016,G06007512,Medium,False,False,False,0
116918,G06008105,Low,False,False,False,0
379175,G06000121,High,False,False,False,0
116903,G06008702,Medium,False,False,False,0
123629,G06000114,High,False,False,True,1
379123,G06007510,Low,False,False,True,0
118323,G06005301,High,False,False,False,0
388233,G06008103,Medium,False,False,False,0
118383,G06007512,Medium,False,False,False,0
380451,G06007507,Low,False,False,False,0
120908,G06001301,High,False,False,False,0
382546,G06007508,High,False,False,False,0
382471,G06005301,Medium,False,False,False,0
119817,G06008103,Medium,False,False,True,0
382424,G06007510,High,False,False,False,0
382250,G06001310,Low,False,False,False,0
382238,G06008101,High,False,False,False,0
119772,G06008106,High,False,False,False,0
119696,G06008105,High,False,False,False,0
382120,G06005302,Medium,False,False,False,0
382632,G06008105,Low,False,False,False,0
382103,G06005301,High,False,False,False,0
119677,G06007508,High,False,False,False,0
381953,G06000112,Medium,False,False,False,0
381927,G06000112,High,False,False,False,0
119616,G06008106,High,False,False,False,0
384068,G06000111,Medium,False,False,False,0
121321,G06007511,Medium,False,False,False,0
121333,G06007509,High,False,False,False,0
384107,G06000111,High,False,False,False,0
381918,G06007509,High,True,True,False,0
384114,G06000117,Medium,False,False,False,0
382092,G06007508,High,False,False,False,0
384187,G06000117,High,False,False,False,0
383713,G06000115,Medium,False,False,False,0
382639,G06007509,Medium,False,False,False,0
120578,G06008106,High,False,False,False,0
382925,G06008106,Medium,False,False,False,1
382923,G06000113,Medium,False,False,False,0
120601,G06007513,High,False,False,False,0
382908,G06000111,Medium,True,True,False,0
382903,G06000116,Low,True,True,False,0
383040,G06007508,Medium,False,False,False,0
383073,G06007510,Low,False,False,False,0
382832,G06007509,High,False,False,False,0
383137,G06009501,High,False,False,False,0
383707,G06009501,High,False,False,False,0
383144,G06000115,Medium,False,False,False,0
382817,G06000115,High,False,False,False,0
120239,G06007510,Medium,False,False,False,0
383251,G06007509,Low,False,False,False,0
120179,G06000111,High,False,False,False,0
382785,G06008102,Medium,True,True,True,0
120140,G06008102,High,False,False,False,0
383483,G06007508,High,False,False,False,0
120722,G06000101,High,False,False,False,0
383633,G06008105,Medium,False,False,False,1
382743,G06004103,High,False,False,False,0
383172,G06007509,Medium,False,False,False,0
119509,G06000114,Low,False,False,False,0
381907,G06000117,Medium,False,False,False,0
384233,G06000115,High,True,True,False,0
118719,G06008701,High,True,True,False,0
385220,G06000111,High,False,False,False,0
385238,G06000114,Low,False,False,False,0
381117,G06008104,Medium,False,False,False,0
122176,G06000111,Medium,False,False,True,0
122207,G06007511,Low,False,False,False,0
385342,G06004104,High,False,False,False,0
380880,G06000112,High,False,False,False,0
380837,G06007508,Medium,False,False,False,0
385365,G06008103,High,False,False,False,0
118812,G06008701,High,False,False,False,0
118607,G06008102,Low,True,True,True,0
122314,G06008104,Medium,False,False,True,0
385439,G06000111,High,False,False,False,0
380727,G06005303,Medium,False,False,False,0
385471,G06000116,Medium,True,True,False,0
122361,G06000117,Medium,False,False,True,1
380692,G06001311,Medium,False,False,False,0
380681,G06000112,Low,False,False,True,0
122453,G06005301,Low,False,False,False,0
380630,G06005303,Medium,False,False,False,0
122556,G06000116,Low,False,False,False,0
380783,G06008106,Low,True,True,False,0
118860,G06000116,High,False,False,False,1
384927,G06007508,Medium,False,False,False,0
384911,G06008104,High,True,True,False,0
381791,G06005301,High,False,False,False,0
121559,G06005302,Medium,False,False,False,0
384511,G06005301,Low,False,False,False,0
121598,G06008105,Low,False,False,True,0
381657,G06007507,Low,False,False,False,0
381653,G06005302,High,False,False,False,1
119249,G06000121,High,False,False,True,0
384517,G06008102,Low,True,True,False,0
121626,G06001310,Low,False,False,False,0
384531,G06007507,High,False,False,False,0
121675,G06008701,High,False,False,False,0
381529,G06008102,Medium,False,False,False,0
384561,G06005301,High,False,False,False,0
121699,G06001310,Medium,False,False,False,0
381520,G06000111,High,False,False,False,0
119079,G06001310,High,True,True,False,0
121729,G06007510,High,False,False,True,0
119072,G06000114,High,False,False,False,0
119070,G06007509,High,True,True,False,0
381468,G06000113,High,False,False,False,0
119048,G06001301,High,False,False,False,0
381292,G06007508,High,False,False,False,0
121913,G06008105,High,False,False,False,0
385551,G06008101,Low,False,False,False,0
393944,G06008702,Low,False,False,False,0
116533,G06000117,High,False,False,True,0
388261,G06009501,Medium,False,False,False,0
114327,G06008103,Low,False,False,False,0
374065,G06000112,High,False,False,False,0
391375,G06007511,Medium,False,False,True,0
391388,G06008101,Medium,False,False,False,0
391478,G06000115,Low,False,False,False,0
391489,G06007510,Medium,False,False,False,0
114160,G06008105,High,False,False,False,0
114124,G06007508,Medium,False,False,True,0
391797,G06007509,High,False,False,False,0
114019,G06008105,High,False,False,False,0
374070,G06000112,Medium,False,False,False,0
113961,G06007511,Medium,False,False,False,0
127344,G06007508,Low,False,False,False,0
373860,G06007507,High,False,False,False,0
127390,G06008702,High,False,False,False,0
391972,G06008102,Medium,False,False,False,0
127488,G06007513,Medium,False,False,True,0
373642,G06007508,Medium,False,False,False,0
127506,G06001311,Medium,False,False,False,0
392019,G06007508,High,False,False,False,0
392027,G06000111,Medium,False,False,False,0
127565,G06000113,High,False,False,False,0
391937,G06008104,High,False,False,False,0
373608,G06000111,Medium,False,False,False,1
374105,G06007508,Low,True,True,False,0
114395,G06007513,Low,False,False,False,0
390669,G06007510,Low,False,False,False,0
390767,G06008103,Medium,False,False,False,0
390799,G06008106,High,False,False,False,0
374775,G06008701,Medium,False,False,False,0
390825,G06000121,Low,False,False,False,0
126783,G06007508,High,False,False,True,0
390868,G06009501,Low,True,True,False,0
390895,G06000113,Low,False,False,True,0
126799,G06008101,High,False,False,False,0
114660,G06000114,High,False,False,False,0
127065,G06008103,Low,False,False,True,0
374646,G06007511,Medium,False,False,False,0
126861,G06000101,Low,False,False,True,0
391129,G06009501,High,False,False,True,0
374603,G06007510,High,False,False,False,0
391176,G06000121,Low,False,False,False,0
126926,G06007512,Medium,True,True,False,0
374349,G06000112,High,False,False,False,0
391284,G06001310,Low,True,True,False,0
127017,G06009501,Low,False,False,False,0
391285,G06008102,Medium,False,False,False,0
127022,G06000114,Medium,False,False,False,0
126834,G06000117,Medium,True,True,False,0
392096,G06008106,High,True,True,False,0
373510,G06005301,High,False,False,False,0
113765,G06000112,High,True,True,False,0
392791,G06008106,High,False,False,False,0
392823,G06000121,Medium,False,False,False,0
372628,G06008702,High,False,False,False,0
372611,G06008701,Medium,True,True,True,0
372468,G06000111,High,False,False,False,0
372430,G06005302,Medium,True,True,False,1
113166,G06000114,Medium,False,False,False,0
113156,G06001310,High,False,False,True,0
113119,G06007508,Low,False,False,True,0
392919,G06009501,Medium,False,False,True,0
392764,G06007509,Medium,False,False,False,0
393060,G06000121,Low,False,False,False,0
393124,G06007512,Medium,True,True,False,0
113019,G06008702,High,False,False,False,0
128303,G06000117,High,False,False,False,0
372340,G06000111,High,False,False,False,0
393448,G06007508,Medium,False,False,False,0
112859,G06007508,Medium,False,False,False,0
372300,G06008702,Medium,True,True,False,1
372291,G06007513,High,False,False,False,0
372285,G06008701,Medium,False,False,False,0
393653,G06005301,Medium,False,False,False,0
393122,G06007508,High,False,False,True,1
392743,G06007510,High,False,False,False,0
113243,G06000114,Low,False,False,True,0
372678,G06000114,High,True,True,False,0
113750,G06008701,High,True,True,False,0
127725,G06008101,High,False,False,False,0
392205,G06000101,High,False,False,False,0
127730,G06007507,High,False,False,False,0
113668,G06000113,Medium,False,False,False,0
373445,G06008105,Medium,False,False,False,0
127753,G06005301,Medium,False,False,False,0
392319,G06000101,High,False,False,False,0
127816,G06007511,Low,False,False,False,0
392422,G06000114,Medium,False,False,False,0
373188,G06000115,High,False,False,False,0
373165,G06008103,Medium,False,False,False,0
373120,G06008104,Medium,False,False,False,0
392560,G06005301,Medium,False,False,False,0
392583,G06008701,High,False,False,False,0
128076,G06008106,High,False,False,False,0
392598,G06007509,Low,False,False,False,0
113293,G06004104,Medium,False,False,False,0
372898,G06008105,Low,False,False,False,0
372895,G06007513,Medium,False,False,False,0
372799,G06000116,High,True,True,False,0
392631,G06000115,High,False,False,False,0
392690,G06008106,Medium,False,False,False,0
126652,G06000101,High,False,False,False,0
124221,G06000117,Low,False,False,True,0
390663,G06000111,High,False,False,True,0
374826,G06007509,Medium,False,False,False,0
377007,G06008105,Medium,False,False,True,0
116212,G06001310,Low,False,False,False,0
116210,G06000117,High,True,True,False,0
376939,G06007510,High,False,False,False,0
376893,G06004104,High,True,True,False,0
388744,G06008102,Medium,False,False,False,0
125074,G06000113,Low,False,False,False,0
376864,G06000116,Low,False,False,False,0
388769,G06008104,High,False,False,False,0
388849,G06000114,High,True,True,True,0
116217,G06001301,High,False,False,False,0
116092,G06007508,High,False,False,False,0
376816,G06000121,Low,False,False,False,0
116031,G06005302,High,False,False,True,0
389092,G06008103,Low,False,False,False,0
376711,G06007511,High,False,False,False,0
389106,G06008105,High,False,False,False,0
389247,G06007507,High,False,False,False,0
389252,G06007510,Medium,False,False,False,0
376627,G06007512,High,False,False,False,0
115952,G06008103,High,False,False,False,1
376444,G06000114,High,False,False,False,0
376818,G06007508,Medium,False,False,False,0
389272,G06007509,Medium,False,False,False,0
388647,G06007512,Low,False,False,True,0
388629,G06004104,Medium,False,False,False,0
378071,G06007513,Low,False,False,False,0
377992,G06008702,Medium,False,False,False,0
388263,G06000101,High,False,False,False,0
116511,G06000115,Medium,False,False,False,0
388344,G06007509,High,False,False,False,0
116426,G06007513,Medium,False,False,False,0
124483,G06000116,High,False,False,False,0
377812,G06000121,High,False,False,False,0
116411,G06007510,Medium,False,False,False,0
116399,G06000101,High,False,False,False,0
377130,G06007509,High,False,False,False,0
377764,G06000121,High,False,False,False,0
124649,G06007510,High,False,False,False,0
377703,G06000115,Medium,False,False,False,0
388504,G06007513,Medium,False,False,False,0
124835,G06000114,Medium,False,False,False,0
388595,G06004104,Medium,False,False,False,0
124858,G06007510,High,False,False,False,0
377213,G06005301,Medium,False,False,False,0
116274,G06008105,Medium,False,False,False,0
388617,G06000111,High,False,False,False,0
377172,G06007508,High,True,True,False,0
116310,G06005302,High,False,False,False,0
376428,G06000112,High,False,False,False,0
115915,G06001301,High,False,False,False,0
389418,G06000113,Medium,False,False,False,0
389920,G06007512,Medium,True,True,False,0
389932,G06000117,High,False,False,False,0
115316,G06000113,High,True,True,False,0
390029,G06000115,Low,False,False,False,0
115188,G06008104,High,False,False,True,0
390182,G06007512,Medium,False,False,False,0
375494,G06004104,Medium,False,False,False,0
126136,G06000111,Medium,False,False,False,1
375461,G06000115,Medium,False,False,False,0
390253,G06007512,High,False,False,False,0
126120,G06000114,High,False,False,False,0
126284,G06008104,High,True,True,False,0
375279,G06000101,Low,False,False,False,0
115111,G06001301,High,False,False,False,0
115098,G06008105,Medium,False,False,False,0
375174,G06008106,Medium,False,False,False,0
126528,G06007512,High,False,False,False,0
115039,G06008103,High,False,False,False,0
115030,G06000121,Low,True,True,True,0
374937,G06005301,High,False,False,False,0
114981,G06005301,Low,False,False,False,0
114966,G06008702,Medium,False,False,False,0
375285,G06000121,Medium,False,False,False,0
389873,G06008105,High,True,True,False,0
389850,G06008701,Low,False,False,False,0
126095,G06000121,High,False,False,False,0
230294,G06005303,Medium,False,False,False,0
376257,G06007512,Low,False,False,False,0
376229,G06001310,High,False,False,False,0
376199,G06005302,Medium,False,False,False,0
389542,G06000113,High,False,False,False,0
376092,G06000114,Medium,False,False,False,0
125747,G06000112,High,True,True,False,0
115702,G06000113,Medium,False,False,False,0
389660,G06008701,Medium,False,False,False,0
125852,G06008104,High,False,False,False,1
375879,G06007512,Medium,False,False,False,0
115617,G06007509,Low,False,False,False,0
375860,G06000114,High,False,False,False,0
125937,G06008103,Medium,False,False,False,0
389697,G06000113,Medium,False,False,False,0
375764,G06000112,Medium,False,False,False,0
389748,G06000112,Low,False,False,False,0
389779,G06000111,High,False,False,False,0
389783,G06000111,Low,False,False,False,0
389813,G06007512,Low,False,False,False,0
389832,G06008104,Low,False,False,False,0
375595,G06000115,Medium,False,False,False,0
389839,G06000117,High,True,True,False,0
390652,G06000113,High,False,False,True,0
276250,G06008104,High,False,False,False,0
411354,G06007509,High,False,False,False,0
109370,G06007508,Low,False,False,False,0
438994,G06004103,High,False,False,False,0
438942,G06008104,Low,True,True,True,0
438911,G06000121,High,False,False,False,0
438750,G06000116,Medium,False,False,False,0
438749,G06007513,Medium,False,False,False,0
438720,G06008102,Low,False,False,False,0
78772,G06008101,Medium,False,False,False,0
438616,G06007509,Low,False,False,False,0
78911,G06001301,Medium,False,False,False,0
438491,G06001310,Low,False,False,False,0
78977,G06008106,High,False,False,False,0
79004,G06000116,Medium,False,False,False,0
79065,G06007508,Low,False,False,True,0
438284,G06001310,High,False,False,False,0
438240,G06007510,High,False,False,False,0
439058,G06008701,Low,False,False,True,0
439081,G06000111,Medium,False,False,False,0
439104,G06007508,High,False,False,False,0
78523,G06007508,Low,False,False,False,0
77458,G06000121,High,False,False,False,0
440266,G06009501,High,False,False,False,0
77641,G06000113,Medium,False,False,False,0
440201,G06007507,High,True,True,False,0
440006,G06004104,High,False,False,False,0
77896,G06008103,High,False,False,False,0
439876,G06008701,High,True,True,False,0
438192,G06008102,Medium,False,False,False,0
77974,G06000111,High,False,False,False,1
439660,G06000114,Medium,False,False,False,0
439469,G06007513,High,False,False,False,0
439463,G06007509,Medium,False,False,False,0
78321,G06007509,High,False,False,False,0
439368,G06000101,Low,True,True,False,0
78428,G06000116,Medium,False,False,True,0
439254,G06008105,High,False,False,False,0
439783,G06000114,Low,False,False,False,0
440357,G06007511,High,True,True,False,0
79180,G06000121,High,False,False,False,0
438092,G06000121,Medium,False,False,False,0
437008,G06000101,High,False,False,True,0
437001,G06000101,Medium,False,False,False,0
80156,G06000111,Low,False,False,False,0
80166,G06008105,Medium,False,False,True,1
80183,G06000112,Medium,False,False,True,0
80191,G06008106,High,False,False,False,0
80269,G06008105,Medium,False,False,True,0
436930,G06000121,Low,False,False,False,0
80307,G06009501,Medium,False,False,False,0
436790,G06008102,Low,False,False,False,0
80360,G06008106,High,False,False,False,0
80369,G06008702,Medium,False,False,False,0
436639,G06005301,High,False,False,False,0
436562,G06000101,Medium,False,False,False,0
436556,G06008101,High,False,False,False,0
437205,G06008101,Medium,False,False,True,0
80002,G06008104,Medium,False,False,False,0
437221,G06000116,Medium,False,False,False,0
437232,G06008101,High,False,False,False,0
438028,G06005301,High,False,False,False,0
437999,G06007509,Low,False,False,True,0
79278,G06000121,High,False,False,True,0
79385,G06008105,Medium,False,False,False,0
437930,G06008103,High,True,True,True,0
437878,G06000113,High,False,False,False,1
79479,G06008105,High,False,False,False,0
438113,G06008702,Medium,False,False,False,0
437804,G06007507,High,False,False,False,0
79640,G06000114,Medium,False,False,False,0
79675,G06000115,Medium,False,False,True,0
79733,G06007513,Low,False,False,False,0
437543,G06007511,High,False,False,True,0
437464,G06007509,Medium,False,False,False,0
79875,G06000121,Low,False,False,False,0
437291,G06008103,High,False,False,False,0
437788,G06000111,High,False,False,False,0
440366,G06005301,High,False,False,False,0
440741,G06000101,Low,False,False,False,0
440939,G06000114,Low,False,False,True,0
443613,G06007508,High,False,False,False,0
443586,G06008102,High,True,True,False,0
443501,G06008102,Medium,False,False,False,0
443473,G06007513,High,False,False,False,0
443456,G06000112,High,False,False,False,0
75191,G06008105,Medium,True,True,True,0
75252,G06007509,Low,False,False,False,0
443341,G06000112,High,False,False,False,0
443328,G06008106,High,False,False,False,0
443306,G06000114,High,False,False,False,0
75323,G06000111,Medium,False,False,False,0
443305,G06000111,Medium,False,False,False,0
75356,G06007509,Medium,False,False,False,0
75396,G06000111,High,False,False,False,0
75419,G06007511,High,False,False,False,0
75088,G06000114,Low,False,False,False,0
75044,G06008103,High,True,True,False,0
443733,G06001310,High,False,False,True,0
443737,G06007511,High,False,False,False,0
444677,G06000115,Low,False,False,True,0
74389,G06000116,Medium,False,False,False,0
74482,G06008105,Medium,True,True,False,0
444493,G06004104,Medium,False,False,False,0
444157,G06005301,High,False,False,True,0
444142,G06000114,Medium,False,False,False,0
444062,G06008101,Low,True,True,False,0
443233,G06001301,Medium,False,False,False,0
444047,G06008104,High,False,False,False,0
443926,G06009501,Medium,True,True,True,1
443892,G06001310,High,False,False,False,0
443881,G06008701,Medium,False,False,False,0
74899,G06005302,High,False,False,False,1
74903,G06005301,High,False,False,False,0
74944,G06007508,High,False,False,False,0
74969,G06000117,Low,False,False,False,0
443930,G06005302,High,True,True,False,0
443221,G06008701,High,False,False,True,0
443123,G06008101,High,False,False,False,0
442950,G06000121,High,False,False,False,1
76309,G06008104,Low,False,False,True,0
442013,G06001310,High,False,False,True,0
441828,G06007509,Medium,False,False,False,0
441610,G06007511,High,False,False,False,0
76546,G06007508,High,False,False,True,0
441604,G06005301,Medium,False,False,True,0
441572,G06008105,Low,False,False,False,1
442046,G06000117,Low,True,True,False,0
441412,G06000111,High,False,False,False,0
76771,G06005303,Medium,False,False,False,0
441260,G06007511,High,True,True,False,0
76913,G06008701,Medium,False,False,True,0
441085,G06007510,Low,False,False,False,0
441048,G06008101,Medium,False,False,False,0
77045,G06007509,High,False,False,False,0
441028,G06000113,High,False,False,False,0
76757,G06007508,High,False,False,False,0
436543,G06008105,Medium,False,False,False,0
442083,G06000112,High,True,True,False,0
442321,G06008101,Medium,False,False,True,0
442935,G06007509,Medium,False,False,False,0
442934,G06001310,High,False,False,False,0
442862,G06008101,High,False,False,False,1
442829,G06000121,High,True,True,False,0
442821,G06005302,Medium,False,False,False,0
442800,G06008101,Medium,False,False,False,0
75627,G06008104,Low,False,False,False,0
76090,G06008101,High,False,False,False,0
442705,G06007509,Medium,False,False,False,0
442648,G06000117,Low,False,False,False,0
75803,G06008104,High,True,True,False,0
442536,G06008106,High,True,True,False,0
442529,G06009501,High,True,True,False,0
75930,G06009501,High,False,False,True,0
442488,G06000113,Medium,False,False,False,0
442406,G06005303,Low,False,False,False,0
75737,G06009501,High,True,True,False,0
80444,G06000121,High,False,False,False,0
436493,G06000116,Medium,False,False,False,0
436483,G06000113,High,False,False,False,0
431672,G06007508,Medium,False,False,False,0
431658,G06007508,High,False,False,False,0
431630,G06008701,High,False,False,False,0
431566,G06000101,High,True,True,True,0
84910,G06008104,High,False,False,False,0
84934,G06008104,High,True,True,False,0
431469,G06008104,High,True,True,False,0
85038,G06007508,Low,True,True,True,0
85060,G06000112,Low,False,False,False,0
85153,G06001301,Low,False,False,False,0
85174,G06008102,Low,False,False,False,0
431108,G06005302,High,True,True,False,0
431023,G06007509,High,False,False,False,0
431003,G06000113,Low,False,False,False,0
85392,G06000117,High,False,False,True,1
431768,G06000111,Medium,False,False,False,0
431769,G06008701,Low,False,False,False,0
431932,G06007510,High,False,False,False,0
84490,G06008702,Medium,False,False,False,0
83705,G06005301,Low,False,False,True,0
83718,G06000114,Medium,False,False,False,0
83790,G06000116,Medium,False,False,False,0
432880,G06008105,Medium,False,False,False,0
432661,G06007507,High,True,True,False,0
83956,G06008106,Medium,False,False,False,0
432565,G06007509,High,True,True,False,0
85394,G06000114,High,False,False,False,0
432530,G06000121,Medium,False,False,False,0
84052,G06000114,High,True,True,True,0
84059,G06007512,Low,False,False,False,0
84139,G06000121,Low,False,False,False,0
432329,G06000116,Low,False,False,False,0
432301,G06005302,High,False,False,True,1
432240,G06008701,Low,False,False,True,0
432100,G06000116,Low,False,False,False,1
432441,G06005301,Low,False,False,False,0
430888,G06008103,High,False,False,False,1
430880,G06000115,High,False,False,False,0
430855,G06007509,Medium,False,False,False,0
86235,G06001310,High,False,False,False,0
429769,G06008702,Medium,True,True,False,0
86290,G06000112,Medium,False,False,False,1
429747,G06007508,High,False,False,False,0
429725,G06007507,Medium,True,True,False,0
86339,G06000111,Medium,True,True,False,0
429687,G06007513,High,False,False,False,0
429839,G06008105,High,False,False,False,0
86387,G06007510,Medium,False,False,False,0
86462,G06001301,Low,False,False,False,0
86513,G06001301,Medium,False,False,False,0
86571,G06008101,Medium,False,False,True,0
429312,G06008702,Medium,True,True,False,0
429132,G06000115,High,False,False,False,0
429113,G06007511,Medium,False,False,False,0
86811,G06000111,High,False,False,False,0
429546,G06007511,Medium,False,False,False,0
433018,G06007509,High,False,False,False,0
86181,G06007508,Low,False,False,False,0
430028,G06009501,High,False,False,False,0
430854,G06000114,High,False,False,False,0
85478,G06007508,Low,True,True,True,0
85479,G06000111,Medium,False,False,False,0
430608,G06000101,Low,False,False,False,0
430524,G06000115,Medium,False,False,False,0
85718,G06007511,Low,False,False,True,0
85747,G06004104,High,False,False,False,0
429903,G06007508,Low,False,False,True,0
430442,G06007509,High,False,False,True,0
85783,G06007513,Medium,False,False,False,0
85853,G06005302,High,False,False,False,0
430355,G06007513,Medium,False,False,False,0
85878,G06000117,High,False,False,False,0
85908,G06008106,Medium,False,False,False,0
430333,G06000111,Medium,False,False,False,0
86007,G06000114,Low,False,False,False,0
430431,G06000115,Medium,False,False,False,0
444749,G06007510,High,False,False,False,0
83543,G06000113,High,True,True,False,0
433132,G06007508,Medium,False,False,False,0
81165,G06008104,High,False,False,False,1
435805,G06005301,Low,False,False,False,0
435754,G06007508,Low,True,True,True,0
435629,G06000116,High,True,True,False,0
81235,G06001301,High,False,False,False,0
81238,G06005301,High,False,False,False,1
435624,G06007513,Medium,False,False,False,0
81298,G06008101,Medium,False,False,False,0
435364,G06000114,Medium,False,False,False,0
435344,G06000114,High,False,False,False,0
81400,G06007507,High,False,False,False,0
435324,G06008701,Medium,False,False,False,0
81422,G06007510,High,False,False,False,0
81443,G06007507,Low,False,False,False,0
81533,G06007508,Low,True,True,False,0
81161,G06007510,Medium,False,False,False,1
81150,G06007508,Medium,False,False,False,0
81145,G06000112,Medium,True,True,False,0
435872,G06007513,High,False,False,True,0
436432,G06000114,Medium,False,False,False,0
436390,G06000114,Medium,False,False,False,0
436290,G06000116,Low,False,False,False,0
80754,G06008702,High,True,True,True,0
80779,G06005302,High,False,False,False,0
436097,G06007507,Medium,False,False,False,0
436032,G06008105,High,False,False,True,0
435215,G06000101,Low,False,False,True,0
80915,G06005301,High,False,False,False,1
435958,G06000121,High,False,False,True,0
435939,G06000117,Medium,False,False,False,0
81073,G06001310,High,False,False,False,0
81079,G06000121,High,False,False,False,0
81092,G06000101,Medium,False,False,False,0
435905,G06005301,Medium,False,False,True,0
81112,G06005302,High,False,False,False,0
80962,G06001301,Medium,False,False,False,0
81556,G06008701,High,False,False,False,0
81648,G06000112,Low,True,True,False,0
81709,G06000111,Medium,False,False,False,0
82616,G06008702,High,True,True,True,0
433760,G06008701,High,False,False,False,0
433735,G06001310,Medium,True,True,False,0
82859,G06005303,Medium,True,True,False,0
433649,G06008103,High,False,False,False,0
433631,G06007509,Medium,False,False,False,0
433545,G06000101,Medium,False,False,False,0
433902,G06000111,High,False,False,True,0
433498,G06005301,Low,False,False,True,0
433447,G06007512,Medium,False,False,False,0
433400,G06007509,Low,False,False,False,0
83195,G06000115,High,False,False,False,0
83341,G06005301,High,False,False,False,0
433232,G06008104,Medium,False,False,False,0
433226,G06008702,Medium,False,False,False,0
83499,G06008101,High,False,False,False,0
433476,G06007510,High,False,False,False,0
83532,G06000112,Low,False,False,False,0
433927,G06007512,High,False,False,False,0
434130,G06000121,High,False,False,False,0
81716,G06000117,High,False,False,False,0
435118,G06007507,High,False,False,True,0
435056,G06000116,High,False,False,False,0
434870,G06005301,Low,False,False,False,0
434837,G06009501,High,False,False,False,0
434830,G06007512,High,True,True,False,0
82076,G06005302,Medium,False,False,False,0
434054,G06008101,Medium,False,False,False,0
82158,G06000117,High,True,True,False,1
434618,G06007509,Low,False,False,False,0
82238,G06000111,Low,False,False,False,0
434334,G06000101,Low,False,False,False,0
434307,G06007511,High,False,False,False,0
434299,G06008102,Medium,False,False,False,0
434287,G06000114,Low,False,False,False,0
434176,G06000101,High,False,False,False,0
82183,G06000112,High,False,False,True,0
444846,G06007509,Low,False,False,False,0
444888,G06000121,High,False,False,False,0
444902,G06004104,High,False,False,False,0
455011,G06007509,High,False,False,False,0
454961,G06000114,Low,False,False,False,0
67534,G06008105,High,False,False,False,0
67699,G06007510,Medium,False,False,False,0
454706,G06000121,High,False,False,False,0
454630,G06007509,High,True,True,True,0
67934,G06007509,Medium,False,False,False,0
454303,G06000113,Low,False,False,False,0
67965,G06008104,Medium,True,True,True,0
67988,G06008702,Medium,False,False,False,0
68025,G06000121,Low,False,False,False,0
454149,G06007510,High,False,False,False,0
68115,G06005301,High,False,False,False,0
68134,G06008101,Low,True,True,False,0
68141,G06000112,High,False,False,False,0
455162,G06007512,High,False,False,False,0
67372,G06001310,High,False,False,False,0
455245,G06008701,Medium,True,True,True,0
455286,G06000114,Medium,False,False,True,0
455999,G06007511,High,False,False,False,0
455881,G06008103,Low,False,False,False,0
455876,G06007509,Low,False,False,False,0
66830,G06000112,High,False,False,True,0
455863,G06009501,High,False,False,False,0
455850,G06000117,High,False,False,False,0
66870,G06008702,Medium,False,False,False,0
68169,G06000115,Medium,False,False,False,0
455822,G06008102,High,False,False,False,0
67104,G06008701,High,False,False,False,0
67114,G06005302,High,True,True,False,0
67123,G06001310,High,False,False,False,0
455572,G06005301,Medium,False,False,False,0
455493,G06007507,High,False,False,False,0
455458,G06001311,High,False,False,False,1
455349,G06000116,Medium,False,False,True,0
455813,G06005301,Medium,False,False,False,0
454031,G06007512,Low,False,False,False,0
453902,G06008103,Medium,False,False,False,0
68303,G06000111,High,False,False,False,0
452901,G06008105,Low,False,False,False,0
452851,G06008101,High,False,False,False,0
452803,G06004104,Low,True,True,False,0
69042,G06007508,High,False,False,False,0
452788,G06008101,Low,False,False,True,0
452596,G06009501,Medium,False,False,True,1
452554,G06000113,High,False,False,False,0
452955,G06000114,High,False,False,False,0
69241,G06000111,High,False,False,False,0
69297,G06000121,Low,False,False,False,0
452490,G06000101,Medium,False,False,False,0
452484,G06000117,High,False,False,False,0
452468,G06007511,Low,False,False,False,0
452431,G06007509,High,False,False,True,0
69434,G06000114,High,False,False,False,0
452403,G06000121,High,False,False,False,0
452548,G06008106,High,False,False,False,0
456016,G06000101,Low,False,False,False,0
453037,G06008106,Medium,False,False,False,0
453174,G06005301,High,False,False,False,0
453896,G06005301,Medium,False,False,False,0
68336,G06000115,High,False,False,False,0
453776,G06005301,Medium,False,False,False,1
453773,G06008106,Medium,False,False,False,0
68402,G06007511,High,False,False,False,0
68418,G06000114,Low,False,False,False,0
68429,G06008702,Low,False,False,False,0
453170,G06005301,Low,True,True,False,0
453745,G06007510,Medium,False,False,True,0
453591,G06007511,High,False,False,False,0
68577,G06007512,High,False,False,False,0
68585,G06007510,Medium,False,False,False,0
453374,G06000115,Medium,False,False,False,0
68773,G06000115,Medium,False,False,False,0
68782,G06000114,Medium,False,False,False,0
68784,G06008702,Low,False,False,False,0
453656,G06008102,Medium,False,False,True,0
452370,G06008102,High,False,False,False,0
456096,G06007508,Low,False,False,False,0
456194,G06007510,Low,False,False,False,0
459210,G06008106,Low,False,False,False,0
64033,G06008702,High,False,False,False,0
64108,G06000117,Low,True,True,True,0
459048,G06000121,High,False,False,False,0
64126,G06005301,Medium,True,True,False,0
458995,G06008105,Low,False,False,False,0
64160,G06007508,High,False,False,False,0
458977,G06007510,Medium,False,False,False,0
458774,G06007511,Medium,False,False,True,0
458526,G06007510,High,False,False,False,0
458518,G06005302,Medium,False,False,False,0
64504,G06007509,Medium,False,False,False,0
64516,G06007508,High,False,False,False,0
458362,G06005301,Low,False,False,False,0
458357,G06008103,Medium,False,False,False,0
63994,G06001310,High,False,False,False,0
63958,G06008103,High,False,False,False,0
63900,G06005302,Low,False,False,False,0
63853,G06009501,Medium,False,False,False,0
63297,G06007509,High,False,False,False,0
63316,G06007511,High,False,False,False,0
460082,G06008701,High,True,True,True,0
459952,G06008103,High,False,False,False,0
459937,G06004104,Medium,True,True,False,0
459920,G06000116,Low,False,False,False,0
63477,G06000111,High,False,False,False,0
458281,G06009501,Low,False,False,False,0
63518,G06001301,Low,False,False,False,0
459831,G06005302,Medium,False,False,False,0
63582,G06008102,Medium,False,False,False,0
459771,G06008101,Low,False,False,False,0
459754,G06008101,Low,False,False,True,0
63664,G06000117,High,False,False,False,0
63785,G06001310,Medium,False,False,True,0
63825,G06005302,High,True,True,True,0
63520,G06005302,High,False,False,False,0
458243,G06007511,Medium,True,True,False,0
458201,G06005302,High,False,False,False,0
458182,G06007513,High,False,False,True,0
65750,G06007510,High,False,False,False,0
65845,G06001310,High,False,False,False,0
456933,G06009501,Medium,False,False,True,0
456878,G06005301,Medium,False,False,True,0
65951,G06007512,Medium,False,False,False,0
65989,G06000114,High,False,False,False,0
456778,G06008104,High,True,True,True,0
65728,G06008106,High,False,False,False,0
456684,G06008104,High,False,False,False,0
66166,G06000101,Low,False,False,True,0
456409,G06007513,Medium,False,False,False,0
66344,G06008105,High,False,False,True,0
66373,G06004104,Low,True,True,False,0
456245,G06005301,High,False,False,False,0
66589,G06000113,Low,False,False,False,0
66593,G06008104,Low,False,False,False,0
456666,G06000117,High,False,False,False,0
456144,G06000112,Medium,False,False,False,0
457082,G06000117,Medium,True,True,True,0
65386,G06000121,High,False,False,False,0
64742,G06008104,Low,False,False,True,0
64791,G06000101,Medium,True,True,False,0
64817,G06001301,Medium,False,False,False,0
457994,G06008101,Low,False,False,False,0
64898,G06007510,High,False,False,False,0
457956,G06000111,High,False,False,False,0
457806,G06004103,Low,True,True,False,0
65672,G06000112,Low,False,False,False,0
457700,G06005301,Low,True,True,False,0
65264,G06007511,Low,False,False,False,0
457580,G06008101,Low,True,True,False,0
65302,G06008106,High,False,False,False,0
457459,G06000113,Low,False,False,False,0
457440,G06007509,High,False,False,False,0
65367,G06001310,High,False,False,True,0
457378,G06001310,High,False,False,False,0
457657,G06000114,Medium,False,False,False,0
428924,G06001311,Medium,False,False,False,0
452298,G06000112,Medium,True,True,False,0
69602,G06001310,High,False,False,False,0
447824,G06008103,Medium,False,False,False,0
72315,G06007511,Medium,False,False,True,0
447788,G06007508,High,False,False,False,0
447771,G06008104,High,False,False,False,0
72419,G06007513,Low,False,False,False,0
72449,G06007508,Medium,False,False,False,0
72454,G06000111,Low,False,False,False,0
72507,G06000111,High,False,False,False,0
72570,G06000101,Medium,False,False,True,0
72643,G06001301,Low,False,False,False,0
447512,G06000112,High,False,False,False,0
72655,G06000111,Medium,False,False,False,0
447400,G06008104,Medium,False,False,False,0
447272,G06007511,High,False,False,False,0
447267,G06000115,Low,True,True,False,0
72250,G06001310,High,False,False,False,0
72236,G06000101,High,True,True,True,0
448028,G06000111,High,False,False,False,0
448042,G06000112,High,False,False,False,0
448629,G06008702,High,False,False,False,0
71701,G06000121,Low,False,False,True,0
71732,G06000114,Low,True,True,False,0
71803,G06005302,Medium,False,False,False,0
448501,G06000114,Medium,False,False,False,0
448500,G06000101,High,False,False,False,0
448480,G06001301,High,True,True,False,0
72779,G06001301,Medium,False,False,False,0
448471,G06000101,Medium,False,False,False,0
448373,G06000117,Medium,False,False,False,0
448335,G06005302,High,False,False,False,0
448221,G06001301,Low,False,False,False,0
448215,G06007511,Low,False,False,False,0
448207,G06000116,High,False,False,False,0
448106,G06000112,High,False,False,False,0
448099,G06007513,High,False,False,False,0
448425,G06000113,Low,True,True,False,0
447145,G06004104,High,False,False,False,0
447142,G06000115,Low,False,False,False,0
446930,G06000121,High,False,False,False,0
73741,G06005301,High,False,False,False,1
445480,G06000114,High,False,False,True,0
73792,G06000114,Medium,False,False,False,0
445315,G06000121,Medium,False,False,False,0
73946,G06000116,High,False,False,False,0
445292,G06008101,Low,False,False,False,0
73975,G06000111,Medium,False,False,False,1
73722,G06000111,Medium,False,False,False,1
445270,G06000113,High,False,False,False,0
445228,G06007507,Medium,True,True,False,0
74084,G06000113,High,False,False,False,0
445101,G06000117,High,False,False,False,0
74178,G06007509,Medium,False,False,False,0
445008,G06007508,Medium,False,False,False,0
444919,G06000116,High,False,False,False,0
444912,G06001301,Low,False,False,True,0
445252,G06007510,Low,True,True,False,0
448768,G06000117,Low,False,False,False,0
445799,G06007513,High,False,False,False,0
445811,G06000121,High,False,False,False,0
72911,G06008103,Medium,False,False,False,0
446738,G06000121,High,False,False,False,0
446724,G06007508,Low,False,False,False,0
446636,G06008101,Low,False,False,False,0
446614,G06005302,Low,False,False,False,0
446607,G06000121,High,False,False,False,0
73145,G06005303,Low,True,True,False,0
73588,G06000111,Low,False,False,False,0
73231,G06007511,Medium,True,True,True,0
446373,G06005301,Medium,False,False,True,0
446352,G06000101,Medium,False,False,False,1
73335,G06004103,High,True,True,False,0
73357,G06000113,High,False,False,False,0
446146,G06009501,Low,False,False,False,0
446088,G06000111,Medium,False,False,False,0
73535,G06007513,High,False,False,False,0
73295,G06000111,Medium,False,False,False,0
69563,G06008702,High,False,False,False,0
448784,G06000116,High,False,False,False,0
449036,G06008101,Medium,False,False,False,0
70133,G06000101,Medium,False,False,False,0
451297,G06000121,Medium,False,False,False,0
70213,G06008702,High,False,False,True,0
451252,G06007512,Low,True,True,False,0
451239,G06007511,Low,False,False,True,0
70298,G06005302,Low,False,False,False,0
451189,G06008103,Low,False,False,False,0
451149,G06008701,Medium,False,False,False,0
70382,G06008101,Medium,True,True,False,0
451119,G06008702,Medium,False,False,False,0
451107,G06008702,High,False,False,False,0
450983,G06007510,High,False,False,False,0
70473,G06000101,Medium,False,False,False,0
450904,G06007509,Medium,False,False,False,0
450876,G06000117,Low,False,False,False,0
70106,G06005302,Low,False,False,False,0
451348,G06001301,Medium,False,False,False,0
451357,G06000101,Medium,False,False,False,0
70040,G06007510,Low,False,False,False,1
69608,G06007508,Medium,False,False,True,0
452005,G06000115,High,True,True,False,0
451997,G06008702,High,False,False,False,0
451972,G06000111,High,False,False,False,0
69706,G06000116,High,False,False,True,0
69707,G06005302,High,False,False,False,1
69721,G06000114,Low,False,False,False,0
450804,G06005301,Low,True,True,False,0
451904,G06004104,High,False,False,False,0
451822,G06001301,High,False,False,False,1
69810,G06000101,Medium,False,False,False,0
451813,G06000113,High,False,False,False,0
69917,G06004104,Medium,False,False,False,0
451782,G06008104,High,False,False,True,0
69974,G06008104,Low,False,False,False,0
451607,G06000116,High,False,False,False,0
451893,G06007508,Medium,False,False,False,0
70521,G06005302,Low,True,True,True,0
450803,G06005301,Low,False,False,False,0
70542,G06000114,Medium,False,False,False,1
449861,G06007508,Medium,False,False,False,0
449844,G06005301,Low,False,False,False,0
71243,G06000111,High,False,False,True,0
449807,G06000121,Medium,True,True,True,0
449613,G06000114,Low,False,False,False,0
449588,G06000121,High,True,True,False,0
449524,G06007511,Medium,False,False,True,0
449871,G06000112,Low,False,False,True,0
71327,G06008106,Low,False,False,False,0
449462,G06000101,Low,False,False,False,0
449300,G06005301,High,False,False,False,0
449229,G06007513,High,False,False,False,0
449105,G06000121,Medium,False,False,False,0
71445,G06000113,Medium,True,True,False,0
71523,G06000117,Low,False,False,False,0
449056,G06008702,Low,False,False,False,0
71328,G06000114,Medium,False,False,True,1
71566,G06000117,Medium,False,False,True,0
450059,G06007508,Low,False,False,False,0
71035,G06000115,High,False,False,False,0
450799,G06000111,Low,False,False,True,0
450633,G06005302,High,False,False,False,0
450581,G06000101,High,False,False,False,0
450580,G06000101,High,False,False,False,0
450560,G06008103,Medium,False,False,False,0
70747,G06000112,Medium,False,False,False,0
450377,G06000117,High,False,False,False,0
450136,G06000111,High,False,False,False,0
450365,G06000115,Medium,False,False,False,0
70803,G06000114,Low,False,False,False,0
450309,G06005301,Medium,False,False,False,0
450304,G06007512,Medium,False,False,False,0
450261,G06007511,Medium,False,False,False,0
450215,G06008105,Low,False,False,False,0
71001,G06008102,High,False,False,False,0
450189,G06009501,High,False,False,False,0
70799,G06007511,Medium,False,False,True,0
109396,G06000113,Medium,False,False,False,0
428895,G06000117,High,False,False,True,0
428792,G06000115,Medium,False,False,False,0
102292,G06008702,High,False,False,False,0
102306,G06000101,Low,False,False,False,0
407461,G06004104,Low,True,True,False,0
407396,G06005301,High,False,False,False,0
407289,G06007512,High,False,False,False,0
407162,G06000117,Low,True,True,True,0
407101,G06000115,Medium,False,False,False,0
102605,G06001301,Medium,True,True,False,0
407070,G06008103,High,False,False,False,0
102644,G06007509,Low,False,False,False,0
406994,G06007512,High,False,False,False,0
406958,G06000114,Low,False,False,False,0
406870,G06008101,High,True,True,False,0
102807,G06008105,Medium,True,True,False,0
406739,G06007512,High,False,False,False,0
407494,G06000101,Low,False,False,False,0
102238,G06000114,High,False,False,False,0
102208,G06008702,High,False,False,False,0
407575,G06008101,Medium,False,False,False,0
408227,G06008104,High,False,False,False,0
408184,G06008104,Medium,False,False,False,0
101711,G06007509,Low,False,False,False,0
101727,G06008101,Medium,False,False,False,0
101762,G06004104,High,False,False,False,0
101768,G06000113,Medium,False,False,False,0
408146,G06008102,High,False,False,False,0
406721,G06000112,High,True,True,True,0
407960,G06008103,High,False,False,False,0
407954,G06008104,High,False,False,False,0
407868,G06007509,Low,False,False,False,1
407817,G06005301,Medium,False,False,False,0
102058,G06007508,Medium,False,False,False,0
102143,G06008103,High,False,False,False,0
102183,G06000116,Medium,False,False,False,0
407617,G06000115,High,False,False,False,0
101888,G06001310,High,False,False,False,0
408258,G06005302,High,False,False,False,0
406689,G06000114,High,False,False,True,0
102989,G06000112,Medium,False,False,False,0
405544,G06000117,Medium,False,False,False,0
405492,G06008101,High,False,False,False,1
103633,G06008104,High,True,True,False,0
405456,G06000111,High,False,False,False,0
405406,G06007512,High,False,False,False,0
405289,G06000111,Medium,False,False,False,0
103915,G06007509,Low,False,False,False,0
404835,G06000121,High,False,False,False,0
404824,G06004104,High,False,False,True,0
103983,G06008106,Low,False,False,False,0
404802,G06000114,High,False,False,False,0
104003,G06000121,Medium,False,False,False,0
404617,G06008106,Low,False,False,False,0
404551,G06008104,Low,False,False,False,0
404533,G06000112,High,True,True,False,0
405666,G06008105,Low,False,False,False,0
103493,G06000101,High,False,False,False,0
405700,G06005302,High,False,False,False,0
405728,G06007509,Low,False,False,False,0
406580,G06008701,High,False,False,False,0
102995,G06000112,Low,False,False,False,0
406521,G06000115,Medium,False,False,False,0
406471,G06000121,High,False,False,False,0
406424,G06000117,High,False,False,False,0
406392,G06008702,Medium,False,False,False,0
406371,G06009501,Low,False,False,False,0
406601,G06007510,High,False,False,False,0
103071,G06005301,High,False,False,True,0
406070,G06000117,High,False,False,False,0
103235,G06007510,Low,False,False,False,0
103307,G06007513,High,False,False,False,0
405905,G06001301,High,False,False,False,0
103402,G06004104,High,False,False,False,0
405762,G06007511,Medium,False,False,False,0
405731,G06008519,High,False,False,False,0
406274,G06000115,High,False,False,False,0
408331,G06008103,High,False,False,False,0
101563,G06008105,High,False,False,True,0
408360,G06008104,High,False,False,False,0
410335,G06007510,Medium,False,False,False,0
410302,G06000114,High,False,False,False,0
99805,G06007510,Medium,False,False,True,0
410201,G06000113,Low,False,False,False,0
99861,G06000121,Low,False,False,False,0
410189,G06000117,Low,False,False,False,0
410155,G06007507,High,False,False,True,0
410096,G06000115,High,True,True,False,0
410084,G06000111,Medium,False,False,False,0
100112,G06008101,Low,True,True,False,0
409845,G06007511,High,False,False,False,0
409835,G06007508,Medium,False,False,False,0
409828,G06008106,High,False,False,False,0
100286,G06007508,Medium,False,False,False,0
409737,G06005301,High,False,False,False,0
410408,G06007509,High,False,False,False,0
410463,G06007509,Medium,True,True,False,0
99611,G06007509,High,False,False,False,0
410511,G06007508,High,False,False,False,0
98969,G06000116,Medium,False,False,False,0
411220,G06007511,Low,False,False,False,0
411151,G06007509,High,False,False,False,0
99023,G06000114,High,False,False,False,0
411120,G06008701,High,False,False,False,0
411111,G06005302,Low,False,False,False,0
411042,G06008702,High,True,True,False,0
409530,G06000111,Low,False,False,False,0
410997,G06000117,Low,False,False,False,0
99395,G06008702,Medium,False,False,False,0
99445,G06009501,High,True,True,False,0
410749,G06007511,High,False,False,False,0
410721,G06000115,Low,False,False,False,0
99524,G06004104,Medium,False,False,False,0
99549,G06000116,Medium,True,True,False,0
410574,G06007508,High,False,False,False,0
99379,G06007509,High,False,False,False,0
100371,G06005302,High,False,False,False,0
100403,G06008105,High,False,False,False,0
100435,G06007511,High,False,False,False,0
101123,G06007509,Low,False,False,False,0
408909,G06008106,High,True,True,False,0
101170,G06000111,Low,False,False,True,0
408814,G06000114,Medium,False,False,False,0
101220,G06007513,High,False,False,False,0
101270,G06000121,High,False,False,False,0
101287,G06004104,Medium,True,True,False,0
101074,G06000113,High,False,False,False,0
408704,G06007510,Medium,False,False,False,1
408590,G06008103,High,False,False,False,0
408532,G06001310,Medium,False,False,True,0
101387,G06001310,High,False,False,True,0
101389,G06001310,High,False,False,False,0
101472,G06001301,Low,False,False,False,0
101499,G06008103,Low,False,False,False,0
408392,G06007509,Medium,False,False,True,0
408693,G06007511,Medium,True,True,False,0
104184,G06000111,Low,False,False,False,0
101025,G06005302,High,False,False,False,0
100920,G06008104,Medium,False,False,False,0
100450,G06007513,Medium,False,False,False,0
100550,G06000114,High,False,False,False,0
100556,G06007510,Medium,False,False,False,0
100572,G06000115,Low,False,False,False,0
409397,G06008702,Low,False,False,False,0
100636,G06000101,Medium,False,False,False,0
409309,G06004104,Low,False,False,False,0
100999,G06008105,Low,True,True,False,0
100703,G06008105,High,True,True,False,0
409288,G06008102,High,False,False,False,0
100778,G06007511,High,False,False,True,0
409284,G06007512,Medium,False,False,False,0
409230,G06000113,Low,False,False,False,0
409196,G06000101,High,False,False,False,0
409155,G06007508,Medium,False,False,False,0
409124,G06000117,Medium,False,False,False,0
100748,G06004104,Medium,False,False,False,0
404510,G06005303,Medium,False,False,False,0
404422,G06000115,Medium,False,False,False,0
104316,G06008701,High,False,False,False,0
107448,G06007509,High,False,False,False,0
107456,G06005301,Medium,False,False,False,0
400748,G06007507,High,False,False,False,0
400726,G06008106,High,False,False,False,0
400718,G06005301,High,False,False,False,1
400684,G06008101,High,True,True,False,0
107659,G06007509,Low,False,False,False,0
400430,G06007511,High,False,False,False,0
107730,G06007507,High,False,False,False,0
400244,G06000121,High,False,False,False,0
107758,G06008103,Low,True,True,False,0
107775,G06005302,Medium,False,False,False,0
400170,G06000114,Medium,False,False,False,0
400150,G06007513,High,False,False,False,0
107822,G06007509,Medium,False,False,True,0
400756,G06008105,High,True,True,False,0
107405,G06007511,Medium,False,False,False,0
400773,G06000114,Low,True,True,False,0
107380,G06000117,High,False,False,False,0
106690,G06007507,Medium,False,False,False,0
401625,G06000117,High,False,False,False,0
401620,G06001310,High,True,True,False,0
401586,G06007508,High,False,False,False,0
401584,G06008105,Medium,False,False,False,0
106784,G06008102,Low,False,False,True,0
106844,G06008102,Medium,False,False,False,1
400080,G06008105,Medium,False,False,False,0
401096,G06007513,Medium,False,False,False,0
107114,G06008101,Medium,False,False,False,0
400985,G06000117,High,False,False,False,0
400977,G06000115,Medium,False,False,False,0
400919,G06007512,Medium,False,False,False,0
400819,G06001310,Medium,False,False,True,0
400787,G06007510,High,False,False,True,0
400777,G06005302,Medium,True,True,False,0
107084,G06008104,High,False,False,False,0
400006,G06001301,High,False,False,False,0
107898,G06008105,High,False,False,False,0
107922,G06008701,Low,False,False,True,0
108793,G06000111,High,False,False,False,0
108812,G06007513,Low,False,False,False,0
398916,G06008101,High,False,False,False,0
108986,G06000117,Medium,False,False,False,0
398755,G06008701,Medium,False,False,False,0
109036,G06005302,Medium,False,False,False,0
109066,G06000111,Low,False,False,False,0
399064,G06008103,Low,False,False,False,0
398629,G06008101,High,False,False,False,0
398580,G06000101,Medium,False,False,False,0
398403,G06008702,Medium,False,False,False,0
398394,G06007509,High,False,False,False,0
398325,G06007513,Low,False,False,False,0
398307,G06005301,High,False,False,False,0
109318,G06000116,High,False,False,False,0
398211,G06007511,Low,False,False,False,0
398584,G06000114,Medium,False,False,True,0
401659,G06000113,Medium,True,True,False,0
399127,G06007507,High,False,False,False,0
399267,G06000121,Medium,False,False,False,0
107955,G06000117,Low,False,False,False,0
108054,G06001301,Medium,False,False,False,0
399894,G06005302,High,False,False,False,0
399863,G06000101,High,False,False,True,0
108116,G06008101,High,False,False,False,0
399845,G06008101,High,False,False,False,0
399800,G06008105,Low,False,False,False,0
108546,G06007510,High,False,False,False,1
399727,G06000114,Medium,False,False,False,0
108241,G06007508,High,False,False,False,1
399564,G06007512,High,False,False,False,0
399532,G06007511,Low,False,False,False,0
399504,G06007513,High,False,False,True,0
108380,G06008702,Low,False,False,False,0
399385,G06001310,High,False,False,False,0
399321,G06008104,Low,False,False,False,0
108195,G06007511,High,False,False,False,0
411281,G06005301,Medium,False,False,False,0
106622,G06007510,Medium,False,False,False,0
106592,G06007508,Medium,False,False,False,0
403697,G06000114,High,False,False,False,0
403685,G06007508,High,False,False,True,0
403684,G06005301,High,False,False,True,0
403652,G06005301,High,True,True,False,0
403570,G06001310,High,False,False,False,0
403562,G06000111,Medium,False,False,False,0
105087,G06000113,High,False,False,False,0
403526,G06007512,Medium,False,False,False,0
105165,G06007510,Low,False,False,False,0
403461,G06000111,Medium,False,False,False,0
403439,G06000115,High,False,False,False,0
403435,G06005301,High,False,False,False,0
403408,G06008106,Low,False,False,False,0
403336,G06000114,Medium,False,False,False,0
403258,G06000112,Medium,False,False,False,0
403784,G06007511,Low,False,False,False,0
104917,G06000113,High,False,False,False,0
403811,G06004104,Medium,False,False,False,0
104877,G06000121,High,False,False,False,1
104326,G06007513,Low,False,False,False,0
404396,G06007509,High,False,False,False,0
404377,G06008101,Medium,False,False,True,0
104375,G06008106,Low,False,False,True,0
404285,G06007508,High,True,True,False,0
404226,G06000116,Low,False,False,True,0
104464,G06007508,Medium,False,False,False,0
105381,G06008701,High,False,False,False,1
404135,G06000121,Medium,False,False,False,0
404096,G06001310,Low,False,False,False,0
404050,G06008105,Low,False,False,True,0
104611,G06008106,High,False,False,False,0
104640,G06008702,High,False,False,False,0
104731,G06008101,Medium,False,False,False,0
403827,G06000115,High,False,False,False,0
403823,G06007507,High,True,True,True,0
104507,G06000111,High,False,False,True,0
105423,G06007510,Low,False,False,False,0
403136,G06008104,Low,False,False,False,0
105522,G06004104,Medium,False,False,False,0
402223,G06000117,Medium,False,False,True,0
402214,G06000113,Low,False,False,True,0
402173,G06007511,Low,True,True,False,0
106299,G06000112,High,True,True,False,0
402077,G06007511,Medium,False,False,False,0
106376,G06000114,Low,True,True,False,0
106385,G06007507,High,False,False,False,1
106170,G06007509,High,False,False,False,0
106435,G06008105,High,False,False,True,0
401939,G06007510,Low,False,False,False,0
106522,G06007508,Medium,False,False,False,0
401918,G06001310,Medium,False,False,False,0
401910,G06008102,Medium,False,False,False,0
401886,G06008104,Low,False,False,True,0
401854,G06000115,High,False,False,False,0
401739,G06005301,Medium,False,False,False,0
106487,G06000112,High,False,False,False,0
401673,G06008101,High,False,False,False,0
402317,G06000114,High,True,True,False,0
402344,G06008702,Low,False,False,False,1
403070,G06000112,Medium,False,False,True,0
105547,G06000113,High,False,False,False,0
105549,G06004103,High,False,False,True,0
403068,G06008104,High,False,False,False,0
403006,G06000111,Low,False,False,False,0
105616,G06007509,Low,False,False,False,0
402919,G06005301,Medium,True,True,False,0
402321,G06007510,Low,False,False,True,0
402915,G06005301,Medium,False,False,True,0
105704,G06008105,Low,False,False,True,0
105733,G06000116,Low,False,False,False,0
402768,G06000117,Low,False,False,False,0
105858,G06008103,Low,False,False,False,1
106095,G06000121,Medium,False,False,False,0
106100,G06000115,High,True,True,False,0
106109,G06007509,High,False,False,False,0
105673,G06005301,High,False,False,False,0
98942,G06008702,Low,False,False,False,0
98927,G06008103,High,True,True,False,0
411326,G06000101,Low,False,False,False,0
423184,G06000112,High,True,True,False,1
423128,G06000113,Medium,False,False,False,0
90811,G06000113,Low,False,False,False,0
423061,G06000115,High,False,False,False,0
422947,G06008701,High,False,False,False,0
91045,G06000101,Medium,False,False,True,0
91114,G06005301,Medium,False,False,False,0
422881,G06007508,Medium,False,False,False,0
422861,G06000121,High,False,False,False,0
422852,G06008105,High,False,False,False,0
91168,G06001301,Low,False,False,False,0
422711,G06007508,High,False,False,True,1
91263,G06000115,Low,False,False,False,0
422576,G06007509,Medium,False,False,False,0
91305,G06005301,Medium,False,False,False,0
90690,G06005302,Medium,True,True,False,0
90664,G06000114,Medium,False,False,True,0
423244,G06008701,High,False,False,False,0
423284,G06000101,Low,False,False,False,0
423967,G06008101,High,False,False,False,0
423910,G06008103,Medium,True,True,False,0
423832,G06000101,High,True,True,False,0
423825,G06007510,Low,False,False,False,0
90261,G06007509,High,False,False,False,0
423758,G06007509,Medium,False,False,False,0
423697,G06007513,High,False,False,False,0
422525,G06000121,Low,True,True,False,0
90388,G06005301,High,False,False,False,0
423602,G06000112,Medium,False,False,False,0
423592,G06000114,Low,False,False,False,0
90457,G06000121,High,False,False,False,0
423375,G06000111,High,False,False,False,0
90570,G06004103,High,False,False,False,0
90592,G06007512,Medium,False,False,False,0
423335,G06007511,High,False,False,False,0
90390,G06007511,Medium,False,False,False,0
91336,G06007511,High,False,False,True,0
422411,G06007509,High,False,False,False,0
422383,G06007509,Low,False,False,False,0
92271,G06005302,Low,False,False,False,1
420651,G06008102,High,False,False,False,0
92377,G06000112,High,False,False,False,0
92387,G06000114,Low,False,False,False,0
92404,G06000111,Low,False,False,False,0
420576,G06000121,Low,False,False,False,0
92488,G06008105,Low,False,False,False,0
420902,G06007509,Low,False,False,False,0
420371,G06004104,High,False,False,False,0
420174,G06007508,Low,False,False,False,0
420020,G06000114,Medium,False,False,False,0
419990,G06007509,High,False,False,False,1
92788,G06008702,Medium,False,False,False,0
419907,G06000121,High,False,False,False,0
419851,G06008701,Medium,False,False,False,0
419806,G06000114,Medium,False,False,True,0
92616,G06000116,High,False,False,False,0
423984,G06009501,Low,False,False,False,0
420996,G06008101,Medium,False,False,False,0
421058,G06008702,High,False,False,True,0
91421,G06000113,Medium,False,False,False,0
422195,G06000116,Medium,False,False,False,0
422081,G06008105,Medium,False,False,True,0
421884,G06007508,High,False,False,False,0
421856,G06008702,Low,True,True,False,0
421802,G06008102,Medium,True,True,False,0
91760,G06008101,High,False,False,False,0
421042,G06007507,High,False,False,False,0
91785,G06008701,Medium,False,False,False,0
421660,G06001310,Medium,False,False,False,0
421429,G06007511,Medium,False,False,False,0
421305,G06000112,High,False,False,False,0
91970,G06004104,High,False,False,True,0
421217,G06000111,Medium,False,False,False,0
91998,G06001301,High,False,False,False,0
421071,G06000112,High,False,False,True,0
91788,G06007510,Medium,False,False,False,0
419760,G06007507,Low,False,False,False,0
90145,G06004104,Medium,False,False,True,0
90056,G06009501,High,False,False,False,0
427759,G06005302,Medium,False,False,False,0
87436,G06008101,High,False,False,True,1
427564,G06000101,Medium,False,False,False,0
427443,G06000117,Low,False,False,False,0
87613,G06008104,Medium,False,False,False,0
87640,G06007510,High,False,False,False,0
427270,G06007509,High,False,False,True,0
87779,G06005301,High,True,True,False,0
87836,G06001301,High,False,False,False,0
87905,G06008103,Low,False,False,False,0
87911,G06005301,High,False,False,False,0
427201,G06007509,Low,False,False,False,0
426978,G06008702,Low,False,False,False,0
88088,G06008105,Medium,False,False,False,0
88127,G06004104,High,False,False,False,0
427842,G06007510,High,False,False,False,0
87399,G06005301,High,False,False,False,0
427970,G06007511,Medium,False,False,False,0
87360,G06000115,Low,False,False,False,0
86906,G06007509,Medium,False,False,True,0
428619,G06000114,High,True,True,False,0
428585,G06008701,Medium,False,False,True,0
87021,G06000113,High,True,True,False,0
87023,G06007510,Medium,False,False,False,0
428551,G06000114,High,False,False,True,0
428503,G06008103,High,False,False,False,0
426642,G06000111,Medium,False,False,False,0
87075,G06000116,Medium,True,True,False,0
428420,G06005301,High,False,False,True,0
428408,G06000114,High,False,False,False,0
428364,G06005302,High,False,False,False,1
87140,G06000117,Medium,False,False,False,0
428250,G06000121,Medium,False,False,False,0
428157,G06000101,Medium,False,False,True,0
428140,G06000112,High,False,False,False,0
428471,G06004104,High,True,True,False,0
88209,G06000114,Medium,False,False,False,1
426532,G06008104,High,False,False,True,0
88330,G06008701,Medium,False,False,False,0
425499,G06005302,Low,False,False,False,0
89184,G06007511,High,False,False,False,1
425407,G06008106,High,True,True,True,0
89538,G06000117,Medium,False,False,False,0
424944,G06008104,Medium,False,False,False,0
424928,G06008105,High,False,False,False,1
89634,G06000112,High,False,False,False,0
89151,G06007508,Medium,False,False,False,0
424790,G06008701,Medium,False,False,False,0
424748,G06004104,Medium,False,False,False,0
424715,G06007510,Medium,False,False,False,0
89770,G06005301,Low,True,True,False,0
424429,G06008101,Medium,False,False,False,0
424329,G06000121,High,False,False,False,0
89916,G06000117,High,False,False,False,1
424080,G06000111,Low,False,False,False,0
424749,G06008101,Medium,False,False,False,0
424032,G06008702,High,False,False,False,0
89129,G06000117,Low,False,False,False,0
425616,G06007509,High,False,False,False,0
426445,G06008106,High,False,False,False,0
88408,G06004104,High,False,False,False,0
88439,G06000101,Low,False,False,False,0
88465,G06000101,Low,False,False,False,0
426386,G06005301,Medium,False,False,False,0
426378,G06000112,High,True,True,False,0
426242,G06008102,Low,False,False,False,0
425550,G06000113,High,False,False,False,0
88609,G06008106,Medium,False,False,False,0
426145,G06000115,High,False,False,False,0
88800,G06000111,Low,False,False,False,0
425933,G06000117,Low,False,False,False,0
88855,G06000114,Low,False,False,True,0
425827,G06000121,High,True,True,True,0
425692,G06007507,Medium,False,False,False,0
89000,G06008103,Medium,False,False,False,0
426164,G06005301,High,False,False,False,0
428825,G06008106,High,False,False,False,0
419729,G06000116,High,False,False,False,0
93008,G06001301,High,False,False,False,0
414754,G06000117,High,False,False,False,0
96502,G06000114,High,False,False,False,0
96562,G06000111,High,False,False,False,1
96601,G06008102,High,False,False,True,0
96665,G06008106,High,False,False,False,0
96749,G06000113,Low,False,False,False,0
96756,G06004104,High,False,False,False,0
96771,G06007512,Medium,False,False,False,0
96856,G06000117,Low,False,False,False,0
413963,G06008701,Medium,False,False,False,0
96904,G06000111,Low,False,False,False,0
413883,G06000121,High,False,False,False,0
413854,G06005302,Low,False,False,False,0
413833,G06001301,Medium,False,False,False,0
413789,G06007510,High,False,False,False,0
414885,G06008103,Medium,False,False,False,0
415101,G06007513,High,True,True,False,0
96319,G06008102,High,False,False,False,1
415116,G06000114,High,False,False,False,0
95806,G06000114,High,False,False,False,0
95807,G06008102,High,False,False,False,0
95846,G06007508,Medium,False,False,False,0
416061,G06008105,Low,False,False,False,0
416024,G06005302,High,False,False,False,0
95920,G06000113,High,False,False,True,0
415842,G06000111,High,False,False,False,0
413769,G06007510,Medium,False,False,False,0
415804,G06008104,Low,True,True,False,0
96023,G06007511,Medium,False,False,False,0
415695,G06000114,Low,False,False,True,0
96170,G06005301,High,False,False,False,0
96196,G06007508,High,False,False,False,0
415512,G06000111,Medium,False,False,False,0
96217,G06000113,High,False,False,False,1
415351,G06007509,High,True,True,False,0
415763,G06007509,High,False,False,False,0
97196,G06000113,Medium,False,False,False,0
413355,G06004104,High,False,False,False,0
413197,G06008103,High,False,False,False,0
98301,G06008106,Low,False,False,False,0
412067,G06000111,High,True,True,True,0
98364,G06007509,High,False,False,False,0
98381,G06007509,High,False,False,False,0
411966,G06004104,Medium,False,False,False,0
98455,G06000111,Low,False,False,False,0
411911,G06007507,Medium,False,False,False,0
412161,G06007509,Medium,False,False,False,0
411680,G06008102,High,False,False,False,1
411556,G06007507,Low,False,False,False,0
98684,G06000112,High,False,False,True,0
98694,G06000111,High,False,False,False,0
411500,G06007509,Medium,False,False,False,0
98722,G06000117,High,False,False,False,0
411423,G06005302,High,False,False,False,0
98880,G06008105,High,False,False,False,0
98626,G06005302,Medium,False,False,True,0
95796,G06000111,Low,False,False,True,0
412172,G06000121,High,False,False,True,0
412366,G06007509,Low,False,False,True,0
97606,G06007512,Medium,False,False,False,0
413172,G06007513,High,True,True,False,0
97670,G06007509,Low,False,False,False,0
413137,G06001301,High,False,False,False,0
97681,G06008702,Low,False,False,False,0
413021,G06008702,High,False,False,False,0
97757,G06009501,Medium,False,False,False,0
98201,G06009501,Medium,False,False,False,1
97765,G06005301,High,False,False,False,0
412949,G06005302,High,False,False,False,0
412946,G06008105,Low,False,False,False,0
412848,G06000101,High,False,False,False,0
412744,G06000115,Medium,False,False,False,0
412673,G06008104,Medium,False,False,False,0
97993,G06008702,Medium,False,False,False,0
412532,G06008102,High,False,False,False,0
97771,G06000111,High,False,False,False,0
419687,G06008701,High,False,False,True,0
416087,G06008102,High,False,False,True,0
416151,G06007509,High,False,False,False,0
94018,G06008102,Medium,False,False,False,0
94046,G06008702,Medium,False,False,False,1
418387,G06004104,Low,False,False,False,0
94188,G06005301,Medium,False,False,False,0
418320,G06000111,Medium,False,False,False,0
94227,G06009501,Low,False,False,False,0
418295,G06005302,High,False,False,False,0
418234,G06000114,High,True,True,False,0
94328,G06000113,Medium,False,False,False,0
418116,G06007510,Medium,False,False,False,0
94427,G06009501,Medium,False,False,False,0
418065,G06001301,High,False,False,False,0
417987,G06000117,High,False,False,False,0
417873,G06008101,High,False,False,False,0
417850,G06000117,Low,False,False,False,0
93964,G06001301,High,False,False,False,0
93950,G06008101,High,False,False,False,0
418755,G06007511,High,False,False,False,0
418767,G06000116,High,False,False,False,0
93014,G06000113,Medium,False,False,False,0
419491,G06007512,Low,True,True,False,0
419454,G06000101,Medium,False,False,False,0
419421,G06007510,Low,False,False,True,0
93209,G06008105,Medium,True,True,False,0
93227,G06007513,High,False,False,True,0
419324,G06000111,Low,False,False,True,0
417785,G06007508,Low,True,True,False,0
419322,G06005301,High,False,False,True,0
93342,G06005301,Low,False,False,False,0
93490,G06007507,Medium,True,True,False,0
418910,G06007508,High,False,False,False,0
93627,G06007509,Low,False,False,True,0
93630,G06005302,High,True,True,False,1
93658,G06000115,High,False,False,False,0
93793,G06007508,Medium,False,False,False,0
93308,G06000121,Medium,True,True,False,0
417774,G06007508,High,False,False,False,0
417768,G06007510,High,False,False,False,0
417682,G06007507,Medium,False,False,False,0
95034,G06008105,High,False,False,False,0
416855,G06007508,High,False,False,False,0
416793,G06007513,Low,False,False,False,0
95165,G06005302,Medium,False,False,False,0
95181,G06008105,High,False,False,False,0
95200,G06000111,High,False,False,False,0
416730,G06000116,Medium,False,False,False,0
95033,G06005301,High,True,True,False,0
95252,G06008701,High,True,True,False,0
416623,G06000111,High,False,False,False,0
416590,G06008104,Low,False,False,False,0
95331,G06000112,Low,True,True,False,0
416371,G06007511,High,False,False,True,0
416259,G06008106,High,False,False,False,0
416194,G06008702,High,False,False,True,0
416168,G06004104,Low,False,False,False,0
416684,G06007512,High,False,False,False,0
416092,G06008105,Medium,False,False,False,0
417037,G06000111,Medium,False,False,True,0
417160,G06000113,Low,False,False,False,1
417620,G06005301,Low,False,False,False,0
94638,G06005303,Medium,False,False,False,1
94645,G06007509,High,False,False,False,0
417571,G06008106,High,True,True,False,0
417569,G06007513,High,True,True,False,0
417511,G06007510,Low,False,False,False,0
417474,G06007513,Medium,False,False,False,0
417062,G06000115,Medium,False,False,False,0
417385,G06008105,High,False,False,False,0
417341,G06001310,High,False,False,False,0
94788,G06000113,Low,False,False,False,0
94817,G06004104,High,False,False,False,0
417191,G06000111,High,False,False,False,0
94864,G06008102,High,False,False,False,0
94901,G06000114,Medium,False,False,False,0
94974,G06007511,Low,False,False,False,0
417370,G06007508,High,True,True,False,0
367294,G06007508,Low,False,False,False,0
348187,G06000116,Low,False,False,False,0
132186,G06000111,High,False,False,False,0
274752,G06007511,High,False,False,False,0
198024,G06007512,Medium,False,False,False,0
274690,G06008104,High,False,False,False,0
274688,G06000116,High,False,False,False,0
274580,G06007513,High,False,False,False,0
198149,G06005301,High,False,False,False,0
198284,G06008701,Low,False,False,False,0
274178,G06005302,High,False,False,False,0
198448,G06000121,Medium,True,True,False,0
198469,G06007511,High,False,False,False,0
198496,G06000101,Low,False,False,False,0
198510,G06000112,High,False,False,True,0
198641,G06000121,Low,False,False,False,0
273866,G06005301,Medium,False,False,True,0
198720,G06008702,High,False,False,False,0
273679,G06004104,High,False,False,True,1
273394,G06000111,High,False,False,False,0
274754,G06008106,Medium,False,False,False,0
273355,G06005301,Low,False,False,False,0
274797,G06000112,High,False,False,False,0
197762,G06008105,High,False,False,True,0
275836,G06005301,High,False,False,False,0
275723,G06005301,Low,False,False,False,0
275707,G06007511,High,True,True,False,0
197446,G06005301,Medium,False,False,False,0
197516,G06008102,High,False,False,False,1
275379,G06000112,Medium,False,False,False,0
275287,G06000112,High,False,False,False,0
275235,G06007509,Low,True,True,False,0
275171,G06000114,Medium,False,False,False,0
197606,G06005303,High,True,True,False,0
197613,G06000113,High,True,True,False,0
197650,G06007509,Medium,False,False,False,1
197663,G06005301,High,True,True,False,0
197680,G06008104,High,False,False,False,1
197713,G06008702,Medium,False,False,True,0
197738,G06005301,Low,False,False,False,0
274972,G06000114,Low,False,False,False,0
197771,G06005301,High,False,False,False,0
273263,G06007508,Medium,False,False,False,0
273242,G06008701,Medium,False,False,False,0
199029,G06007508,Low,False,False,False,0
272311,G06005301,Medium,True,True,False,0
199584,G06000111,Medium,False,False,False,0
272253,G06005301,Low,False,False,True,0
272229,G06000101,High,False,False,False,0
199756,G06000111,High,False,False,False,0
272004,G06000112,High,False,False,False,0
271970,G06001311,Medium,False,False,False,0
200028,G06001301,Medium,False,False,False,0
200031,G06005302,Medium,False,False,False,0
200055,G06000113,Low,False,False,False,0
271521,G06000101,High,False,False,False,0
271373,G06007510,Low,False,False,False,0
271337,G06007510,Low,False,False,False,0
271224,G06000111,High,False,False,False,0
271214,G06008104,Medium,False,False,False,0
271201,G06008104,High,False,False,False,0
271117,G06000117,High,False,False,False,0
199578,G06005301,High,False,False,True,0
199571,G06000121,High,False,False,False,0
199538,G06007512,Low,False,False,False,0
272369,G06008105,High,False,False,True,0
273170,G06007510,Medium,False,False,False,0
273088,G06008104,High,False,False,False,0
273074,G06000117,High,False,False,True,0
199099,G06007508,Medium,False,False,True,0
273036,G06005301,High,False,False,False,0
199154,G06008105,Low,False,False,False,0
273005,G06009501,High,False,False,False,1
272797,G06008701,High,False,False,False,0
197303,G06000111,High,True,True,False,0
199300,G06008105,High,False,False,True,1
272654,G06007508,High,False,False,False,0
199318,G06008106,Medium,False,False,False,0
199339,G06007508,Low,False,False,False,0
272575,G06008102,Medium,False,False,False,0
199396,G06008105,High,False,False,False,1
272459,G06008105,High,False,False,False,0
272422,G06008105,Medium,False,False,False,0
272416,G06007510,High,False,False,False,0
199303,G06008102,Medium,False,False,False,0
271057,G06007509,High,False,False,False,0
275900,G06001311,High,False,False,False,0
275952,G06008702,Low,True,True,True,0
279216,G06007513,High,False,False,False,0
194904,G06000116,Medium,False,False,False,0
279099,G06007511,Low,False,False,False,0
279092,G06005301,Medium,True,True,True,0
279041,G06000101,High,False,False,True,0
279007,G06008105,Low,False,False,False,0
195126,G06008101,Low,False,False,False,0
278910,G06008701,Low,False,False,False,0
278871,G06008104,High,False,False,False,0
278833,G06000113,High,False,False,False,0
278728,G06007513,High,False,False,False,0
278678,G06000121,Medium,True,True,False,0
278626,G06007510,High,False,False,False,0
278499,G06008103,Medium,False,False,False,1
278443,G06007511,Low,False,False,False,0
195511,G06008104,Medium,False,False,False,0
195531,G06005302,High,True,True,True,0
279219,G06007513,High,False,False,False,0
278321,G06008702,High,False,False,False,0
279269,G06008103,Medium,True,True,False,0
279439,G06000112,Low,False,False,False,0
280277,G06000114,Low,False,False,True,0
280240,G06005301,High,True,True,True,0
280221,G06000101,Medium,False,False,False,0
280138,G06005302,High,True,True,False,0
280109,G06007508,Low,False,False,False,0
280038,G06000114,Medium,False,False,True,0
194337,G06005301,Low,True,True,False,0
194346,G06008103,Medium,False,False,False,0
279946,G06000111,Medium,False,False,False,0
194380,G06000121,High,False,False,False,0
194399,G06007511,Low,False,False,False,0
279624,G06007510,High,False,False,False,0
279604,G06007509,High,True,True,False,0
194533,G06007511,Medium,False,False,False,0
194549,G06000121,Medium,False,False,False,0
279537,G06000101,Medium,True,True,False,0
194615,G06008106,High,False,False,False,0
279286,G06008702,Low,True,True,True,0
278041,G06008104,High,False,False,False,0
278040,G06008103,Low,False,False,False,0
277959,G06005301,High,True,True,False,0
196642,G06008102,High,False,False,True,0
196673,G06000117,High,False,False,False,0
276574,G06008103,High,False,False,False,0
196695,G06007510,Medium,False,False,False,0
276525,G06000115,Medium,False,False,False,0
276441,G06008106,High,False,False,False,0
196755,G06007510,High,False,False,False,0
276403,G06000111,Low,False,False,False,0
196813,G06000112,High,False,False,False,0
276365,G06007508,Medium,False,False,False,0
196834,G06000112,Medium,False,False,False,1
276269,G06005301,Medium,False,False,False,0
276252,G06008701,High,False,False,True,1
276201,G06000116,High,False,False,False,0
197001,G06005301,Low,False,False,False,0
276104,G06009501,Medium,False,False,True,0
276086,G06007507,Medium,False,False,False,0
196636,G06007508,Low,False,False,False,0
276685,G06000112,High,True,True,False,0
276824,G06007508,Medium,False,False,False,0
276979,G06007508,Low,False,False,False,0
277934,G06008101,Low,False,False,True,0
195921,G06007509,High,False,False,False,0
277816,G06000116,Low,True,True,True,0
277737,G06000113,High,False,False,False,0
277668,G06008105,High,True,True,True,0
196064,G06007510,Low,False,False,False,0
277614,G06001301,Low,False,False,False,0
277521,G06008701,Medium,False,False,False,0
197243,G06000121,High,False,False,True,0
277460,G06008103,Medium,False,False,False,0
277395,G06000114,High,True,True,False,0
196280,G06008105,High,False,False,False,0
277340,G06000111,Low,False,False,False,0
277323,G06000121,Low,False,False,False,0
277221,G06008102,High,True,True,True,0
196333,G06000101,High,True,True,True,1
277115,G06000101,High,False,False,False,0
277077,G06000111,High,False,False,False,0
196228,G06008105,Medium,False,False,False,0
280316,G06000117,Medium,False,False,False,0
200433,G06005301,Medium,True,True,False,0
271008,G06000111,Medium,False,False,False,0
203966,G06001310,Low,False,False,False,1
266335,G06008104,Low,False,False,False,0
204122,G06007512,High,False,False,True,0
204144,G06007512,High,False,False,False,0
204152,G06007509,Low,False,False,False,0
266086,G06000114,High,False,False,False,0
204181,G06000121,Low,False,False,False,0
266073,G06007508,High,False,False,False,0
204189,G06001310,High,True,True,False,0
204196,G06007510,Medium,False,False,False,0
204229,G06007510,Low,False,False,False,1
265974,G06000111,High,False,False,False,0
265875,G06007513,High,False,False,False,0
204334,G06007509,High,False,False,False,0
265813,G06007512,High,False,False,True,0
204403,G06000114,High,False,False,True,0
204471,G06001301,Medium,False,False,False,0
203928,G06008101,High,False,False,False,1
204494,G06008105,High,False,False,True,0
203898,G06008102,Low,False,False,False,1
266592,G06007512,Medium,False,False,False,0
267460,G06008105,High,True,True,True,0
267415,G06000121,High,False,False,False,0
267378,G06000112,High,False,False,False,0
267360,G06007513,Medium,False,False,True,0
267336,G06000111,High,False,False,False,0
267317,G06000101,Low,False,False,False,0
267305,G06005301,Low,False,False,False,0
203230,G06001310,High,False,False,False,0
267293,G06000121,High,False,False,True,0
203305,G06005301,High,False,False,False,0
267197,G06007508,High,False,False,False,1
267088,G06008103,High,False,False,False,0
266952,G06000117,Medium,False,False,False,0
266819,G06000121,Medium,False,False,False,0
203671,G06008104,Low,False,False,False,0
266733,G06000115,Medium,False,False,False,0
203757,G06007510,Medium,False,False,False,1
266476,G06000111,Low,True,True,True,1
204538,G06009501,High,False,False,False,0
204539,G06007508,High,False,False,False,0
265310,G06000121,High,False,False,False,0
263899,G06007512,Low,False,False,False,0
263807,G06008105,Low,False,False,False,0
263786,G06008103,High,True,True,False,0
205692,G06005302,Medium,False,False,False,0
205745,G06008104,Medium,True,True,False,0
205753,G06001301,High,False,False,False,0
263627,G06000111,Low,False,False,False,0
263522,G06000112,High,False,False,False,0
205833,G06008105,High,False,False,False,0
263412,G06007513,Medium,False,False,False,0
263409,G06007507,High,False,False,False,0
263377,G06009501,High,False,False,False,0
206084,G06000112,Medium,False,False,False,0
206096,G06000121,High,True,True,True,0
263319,G06000113,High,False,False,False,0
206170,G06000113,Low,False,False,False,0
263138,G06007511,Medium,False,False,False,0
264035,G06008702,Medium,False,False,False,0
205504,G06007510,Low,False,False,False,0
264159,G06000116,Medium,False,False,False,0
264210,G06008106,High,False,False,False,0
265161,G06007513,Low,False,False,False,0
265132,G06000101,Low,False,False,False,0
265117,G06000114,Low,False,False,False,0
265032,G06007508,Medium,False,False,False,0
204863,G06000112,High,False,False,False,0
264891,G06000113,Medium,False,False,False,0
264809,G06000111,Low,False,False,False,1
264807,G06000111,High,False,False,False,0
202865,G06007510,High,False,False,False,1
264654,G06000114,High,False,False,False,0
205096,G06008105,Medium,True,True,False,0
264603,G06000101,Medium,False,False,False,0
264554,G06000116,Medium,False,False,False,0
264532,G06001301,Medium,False,False,False,0
205188,G06008104,Medium,False,False,False,0
205238,G06000114,Low,False,False,False,0
264374,G06008701,High,False,False,False,0
264251,G06005301,High,False,False,False,0
264647,G06000114,High,False,False,False,0
200436,G06000117,High,False,False,False,0
268025,G06000112,Medium,False,False,False,0
268153,G06000111,Medium,False,False,False,0
201138,G06000114,Medium,True,True,False,0
270557,G06008102,Low,False,False,False,0
270547,G06007508,Medium,False,False,False,0
270544,G06000121,Medium,False,False,False,0
201156,G06000113,High,False,False,False,0
270334,G06008702,Medium,False,False,False,0
270333,G06000121,High,False,False,False,0
270331,G06001301,High,True,True,False,0
270322,G06005302,Low,False,False,False,0
270304,G06008102,Medium,False,False,True,0
270303,G06008701,Medium,False,False,True,0
201368,G06005301,Medium,True,True,False,0
201378,G06000101,Low,False,False,False,0
270269,G06008101,Medium,False,False,False,0
270186,G06000111,Medium,False,False,False,0
270149,G06000101,Medium,False,False,False,0
201516,G06007507,High,False,False,False,0
270584,G06008102,High,True,True,False,0
270046,G06000114,Low,False,False,False,0
201093,G06005301,High,False,False,True,0
270659,G06007511,Medium,False,False,True,0
271002,G06000111,Medium,False,False,False,0
200474,G06008101,Low,True,True,False,0
200549,G06008102,Low,False,False,False,0
200590,G06007510,High,False,False,True,0
200656,G06007513,Medium,False,False,False,0
270860,G06000114,High,False,False,False,1
200701,G06000112,Medium,False,False,False,0
200709,G06008702,High,False,False,False,0
200719,G06008104,High,False,False,False,0
270845,G06008105,Low,False,False,False,0
270831,G06000111,Low,False,False,False,0
200753,G06005302,High,False,False,False,0
270778,G06007511,Medium,True,True,False,0
270762,G06000113,Low,False,False,False,0
270726,G06007511,High,False,False,False,0
200997,G06000115,Low,False,False,False,0
270696,G06004104,High,False,False,False,0
270644,G06007512,High,False,False,False,0
201573,G06000121,High,True,True,True,0
269977,G06001301,Low,False,False,True,0
201581,G06008103,High,False,False,False,0
202382,G06005301,High,False,False,False,0
268943,G06000116,High,False,False,False,0
268911,G06000113,Medium,False,False,False,0
202395,G06007508,High,False,False,False,0
202398,G06000101,Low,True,True,False,0
268797,G06005302,High,False,False,False,0
268749,G06008105,Medium,False,False,True,0
268701,G06008702,High,False,False,False,0
202475,G06008103,High,False,False,False,0
268679,G06007508,Medium,False,False,True,0
268625,G06008701,High,False,False,False,0
268513,G06000112,High,False,False,False,0
268434,G06007513,High,True,True,True,0
268396,G06000117,Medium,True,True,False,0
268279,G06005302,High,False,False,True,0
202672,G06000121,Medium,False,False,False,0
202704,G06008702,High,True,True,True,0
202360,G06000112,High,True,True,False,0
269008,G06008702,High,False,False,False,0
202336,G06000111,Low,False,False,False,0
269108,G06000113,Low,False,False,False,0
269957,G06005301,High,False,False,False,0
269918,G06000114,Low,False,False,True,0
269908,G06008102,Low,True,True,False,0
269903,G06004104,Low,False,False,False,0
201741,G06001310,High,False,False,False,0
201801,G06007507,Medium,False,False,False,0
269774,G06000112,Medium,False,False,False,1
269624,G06007511,High,False,False,False,0
268065,G06008103,Low,True,True,True,0
202031,G06000114,Medium,False,False,False,0
202120,G06007508,Medium,True,True,False,0
202151,G06007512,Low,True,True,False,0
269322,G06000114,Low,False,False,False,0
202191,G06000113,High,False,False,False,0
269251,G06007511,Low,False,False,False,0
269227,G06000117,High,False,False,True,0
269204,G06008701,Medium,False,False,False,0
269163,G06000114,High,False,False,False,0
269394,G06000114,Low,False,False,False,0
280411,G06009501,High,False,False,False,0
280458,G06005301,High,False,False,False,0
280515,G06000114,High,False,False,False,0
184262,G06008701,High,False,False,False,0
294453,G06007510,High,False,False,False,0
294379,G06008102,High,False,False,True,1
294377,G06000114,High,False,False,False,0
294206,G06008103,High,False,False,False,0
294151,G06005301,High,False,False,False,0
184562,G06007512,Medium,False,False,False,0
294044,G06008104,High,False,False,False,0
293921,G06005301,High,False,False,False,0
293896,G06007509,Low,False,False,False,0
293863,G06008101,High,False,False,False,0
293857,G06000115,High,False,False,False,0
293582,G06007513,Medium,False,False,False,0
184881,G06005302,Medium,False,False,False,0
293567,G06000116,Medium,True,True,False,0
293512,G06009501,High,True,True,False,0
293481,G06007511,Medium,False,False,False,0
184227,G06007510,High,False,False,False,0
293289,G06000121,High,False,False,False,0
294471,G06005301,High,False,False,True,0
184202,G06007509,High,False,False,False,0
295603,G06000101,Low,False,False,False,0
295587,G06000113,Medium,False,False,False,0
295578,G06007508,High,False,False,False,0
183494,G06000116,High,False,False,False,0
183500,G06008702,Low,False,False,False,0
183506,G06008102,Low,False,False,False,0
295319,G06007509,Medium,False,False,False,0
295315,G06008701,Medium,True,True,False,0
183548,G06008106,High,False,False,False,0
295234,G06008103,High,False,False,False,0
183956,G06007510,Medium,False,False,False,0
294906,G06001301,Medium,False,False,False,0
294729,G06000116,Low,False,False,False,0
294725,G06008701,High,False,False,False,0
294689,G06000115,Low,False,False,False,0
294654,G06007510,High,False,False,False,1
294595,G06007509,High,False,False,False,0
294478,G06004104,Low,False,False,False,0
293207,G06000112,Medium,False,False,False,0
293161,G06007507,Low,False,False,False,0
293124,G06000116,High,False,False,False,0
186246,G06007511,High,False,False,True,0
291702,G06001310,High,False,False,False,0
186437,G06008702,High,False,False,True,0
291229,G06000121,Medium,False,False,False,0
186607,G06007509,Medium,False,False,False,0
186623,G06001310,Low,False,False,False,0
186635,G06000101,High,False,False,False,0
291059,G06008103,Low,False,False,False,0
291007,G06008102,Low,False,False,False,0
290918,G06007512,Medium,False,False,False,0
186726,G06007508,High,False,False,False,0
290841,G06000112,High,True,True,False,0
290671,G06000111,High,False,False,False,0
290659,G06005301,High,True,True,True,0
290634,G06000114,Medium,False,False,True,0
290566,G06008702,High,False,False,False,0
186970,G06008702,High,False,False,False,0
291929,G06001310,High,False,False,False,0
291991,G06007510,Medium,False,False,False,1
186033,G06000114,Medium,False,False,False,0
292047,G06000117,High,False,False,False,1
292983,G06001301,Low,False,False,False,0
185283,G06001301,Medium,False,False,False,0
185362,G06008701,High,False,False,False,0
292713,G06008104,High,True,True,False,0
185499,G06000117,Medium,False,False,False,0
185535,G06000101,High,False,False,False,1
292634,G06000121,High,False,False,True,0
292607,G06001310,High,True,True,False,0
295606,G06007510,Medium,False,False,False,0
292595,G06007511,High,False,False,False,0
292565,G06005301,Medium,False,False,False,0
185718,G06007510,Low,False,False,False,1
292508,G06007510,High,False,False,False,0
292334,G06000116,Medium,False,False,False,0
292332,G06000113,High,False,False,True,0
185845,G06008701,Medium,False,False,False,0
292220,G06000111,High,False,False,False,0
185973,G06008105,High,False,False,False,0
292574,G06000116,Medium,False,False,False,0
187044,G06000111,Low,False,False,False,0
295651,G06008101,High,False,False,False,0
295703,G06000111,High,False,False,False,1
298864,G06007511,Low,False,False,False,0
298581,G06008105,Medium,False,False,True,1
181377,G06005302,Medium,False,False,False,0
298532,G06007510,High,False,False,False,0
298507,G06007507,Medium,False,False,False,0
298484,G06000121,High,False,False,False,0
181438,G06007507,High,False,False,False,0
298481,G06007509,Low,False,False,False,0
298440,G06008101,High,False,False,False,0
181540,G06008102,Medium,False,False,True,0
298332,G06008102,High,False,False,True,0
298325,G06005302,High,False,False,False,0
298315,G06007510,High,False,False,False,0
298283,G06007509,High,False,False,False,0
298272,G06000101,High,False,False,True,0
181802,G06008701,Medium,False,False,False,0
298020,G06007510,High,False,False,False,0
298987,G06000114,Medium,True,True,False,0
297900,G06005301,Low,False,False,True,0
181126,G06000121,High,False,False,False,0
181118,G06008105,Low,False,False,False,0
299568,G06004104,High,False,False,False,0
180699,G06007512,High,False,False,False,0
299543,G06007510,High,False,False,False,0
180726,G06005301,High,False,False,False,0
180736,G06007508,Medium,True,True,False,0
299501,G06000114,High,False,False,False,0
180771,G06007511,High,False,False,False,0
180789,G06007507,Medium,False,False,False,0
180862,G06007510,Medium,False,False,True,0
299350,G06001301,Low,False,False,False,0
299312,G06001301,High,False,False,True,0
180992,G06007512,Low,False,False,False,0
181025,G06007509,Medium,False,False,False,0
181034,G06001310,Medium,True,True,False,0
181042,G06000115,Medium,False,False,False,0
299117,G06000114,Medium,False,False,False,0
299107,G06008101,High,False,False,False,0
299060,G06005302,High,False,False,False,0
181952,G06008701,High,False,False,False,0
297845,G06007507,Medium,False,False,False,0
297827,G06000121,High,False,False,True,0
296623,G06007513,Low,False,False,False,0
182786,G06000112,High,False,False,False,0
296562,G06005301,Low,False,False,False,0
296431,G06000112,Low,False,False,False,0
296414,G06000115,High,False,False,True,0
296327,G06000111,High,False,False,False,0
296295,G06008702,Low,False,False,False,0
296252,G06008104,Medium,False,False,False,0
182968,G06007508,Medium,False,False,False,0
182987,G06008104,High,True,True,False,1
182996,G06007510,High,False,False,False,0
296097,G06005301,High,False,False,False,0
183076,G06000121,High,False,False,False,0
295949,G06000111,Medium,False,False,False,0
183250,G06004103,Medium,False,False,False,0
295730,G06007508,Low,False,False,False,0
183278,G06000115,High,False,False,False,0
296674,G06007512,Low,False,False,True,0
182725,G06000113,High,True,True,False,0
296780,G06008702,Medium,False,False,False,0
296830,G06008101,Medium,True,True,False,0
182007,G06000112,Medium,False,False,False,0
182064,G06001301,High,False,False,False,0
182069,G06004104,Medium,True,True,True,0
297614,G06001310,High,False,False,False,0
297553,G06007509,Medium,False,False,False,0
297408,G06008105,Medium,False,False,False,0
297388,G06000111,High,False,False,False,0
297322,G06000114,Low,False,False,False,0
183291,G06008701,Low,False,False,True,0
297303,G06008702,Medium,False,False,False,1
297196,G06007513,High,True,True,False,0
297134,G06000101,Low,False,False,False,0
297090,G06000116,Medium,False,False,False,0
297020,G06008101,High,False,False,True,0
182591,G06008102,Medium,False,False,False,0
296972,G06008701,High,False,False,False,0
182648,G06008105,High,False,False,False,0
182670,G06007507,Medium,False,False,False,0
297286,G06008701,Medium,False,False,True,0
187045,G06000115,Medium,False,False,False,0
290409,G06007507,High,False,False,False,0
290043,G06000101,Medium,False,False,False,0
283063,G06008103,Low,False,False,False,0
283014,G06000111,Low,False,False,False,0
192050,G06000116,High,False,False,False,0
282886,G06000113,Low,False,False,True,0
192116,G06005302,Low,False,False,False,0
282802,G06008105,Low,True,True,False,0
282799,G06007507,High,False,False,False,0
282738,G06007512,High,False,False,False,0
192237,G06008101,High,False,False,False,0
282649,G06000112,High,False,False,False,0
192372,G06000117,Low,False,False,False,0
282611,G06001310,High,False,False,False,0
192417,G06000101,Medium,False,False,True,0
282518,G06008105,Low,True,True,False,0
282492,G06008101,Low,False,False,False,0
282482,G06000116,Medium,True,True,False,0
282471,G06000116,High,False,False,True,0
191986,G06008103,High,False,False,False,0
282450,G06005301,Low,True,True,False,0
191817,G06005303,Medium,False,False,False,1
191707,G06000116,High,False,False,True,0
284045,G06007507,High,True,True,False,0
283953,G06008702,Medium,False,False,False,0
191158,G06000121,Low,False,False,False,0
191159,G06007511,Low,False,False,False,0
191176,G06000111,High,False,False,False,0
283874,G06000113,Medium,False,False,False,0
283764,G06007508,Low,False,False,False,0
191326,G06000115,Medium,False,False,False,0
191352,G06005301,High,True,True,False,1
191395,G06000101,High,True,True,False,0
283539,G06000121,Medium,False,False,False,0
283529,G06001301,Low,False,False,False,1
283508,G06007510,High,False,False,False,0
283440,G06007509,High,False,False,False,0
283389,G06009501,High,False,False,False,0
191653,G06000117,High,True,True,False,0
283348,G06000114,High,True,True,False,0
191710,G06007510,Medium,False,False,False,0
282362,G06008101,Medium,False,False,False,1
192645,G06000101,High,False,False,False,0
282357,G06007508,Medium,False,False,False,0
281527,G06000117,High,True,True,False,0
193344,G06008101,High,False,False,False,0
281460,G06000116,High,False,False,True,0
193395,G06005302,Low,False,False,False,0
281433,G06000101,High,False,False,False,0
281348,G06000111,High,True,True,False,0
281169,G06007511,Medium,True,True,False,0
193594,G06000101,High,False,False,False,1
281100,G06007511,High,False,False,False,0
281080,G06007507,Medium,False,False,False,1
280954,G06007510,Medium,False,False,False,0
193744,G06007507,High,False,False,False,0
193777,G06008102,Medium,False,False,False,0
280708,G06007512,Low,False,False,False,1
280625,G06007512,High,False,False,False,0
193836,G06007508,High,False,False,False,0
280588,G06008104,High,False,False,False,0
193153,G06005301,High,True,True,False,0
193141,G06007512,Medium,True,True,True,0
193127,G06000113,Low,False,False,False,0
281733,G06000101,High,False,False,False,0
192763,G06000115,Low,False,False,False,0
282214,G06000111,Low,False,False,False,0
282171,G06008701,Low,False,False,True,0
192888,G06005302,Low,True,True,False,0
282018,G06001310,Medium,False,False,False,1
281978,G06007512,Medium,True,True,False,1
192925,G06008702,High,False,False,False,0
281966,G06000114,Low,False,False,False,0
284081,G06000101,High,False,False,False,0
192955,G06000121,High,False,False,False,0
192989,G06000115,High,False,False,False,0
281930,G06000115,High,False,False,False,0
281864,G06008702,High,False,False,False,1
193021,G06000112,Medium,False,False,False,0
193054,G06000115,High,False,False,False,0
193068,G06000101,Low,False,False,True,0
193069,G06000121,High,False,False,False,0
281738,G06000112,Low,False,False,True,0
281944,G06008702,Medium,False,False,False,0
190942,G06008105,High,False,False,False,0
284093,G06008102,High,True,True,False,0
190851,G06008702,Low,True,True,False,0
188509,G06008102,High,False,False,False,0
287619,G06008103,Low,False,False,False,0
287599,G06008701,High,False,False,False,0
188613,G06007508,High,False,False,False,0
287499,G06000117,Medium,False,False,False,0
287489,G06009501,High,False,False,False,0
287446,G06005301,Medium,True,True,False,0
188749,G06008105,Medium,False,False,False,0
188823,G06007507,Medium,False,False,False,0
287316,G06000116,High,False,False,False,0
287220,G06000111,Low,False,False,False,0
287165,G06008702,Low,False,False,False,0
287069,G06000101,Medium,False,False,True,0
286976,G06007509,High,False,False,False,0
286880,G06000115,High,False,False,False,0
189015,G06008701,High,False,False,False,0
286619,G06007513,Low,False,False,False,0
287816,G06000115,High,False,False,False,0
287987,G06005302,Medium,False,False,True,0
188344,G06008104,Medium,True,True,False,0
288115,G06000112,Medium,False,False,False,0
290019,G06008701,High,True,True,False,0
289984,G06005303,Medium,False,False,True,0
289742,G06000121,High,False,False,False,0
187405,G06000121,High,False,False,False,0
289676,G06008105,High,False,False,False,0
289581,G06008102,High,False,False,False,0
289477,G06007510,Medium,False,False,False,0
289427,G06007511,Medium,False,False,False,0
189077,G06005301,Low,False,False,False,0
289220,G06000116,Low,False,False,False,0
187776,G06007509,Low,False,False,False,0
187800,G06007511,High,False,False,False,0
187815,G06000101,Medium,False,False,False,0
289059,G06007507,High,False,False,True,0
288674,G06008701,Medium,False,False,False,1
188026,G06009501,High,True,True,False,0
288408,G06000101,High,False,False,False,0
188173,G06008101,High,False,False,False,0
289184,G06000121,High,False,False,False,0
206253,G06007512,High,False,False,False,0
286511,G06008102,Medium,False,False,False,0
286381,G06008101,Low,False,False,True,0
284897,G06004104,High,False,False,False,0
284731,G06008106,High,True,True,False,0
284725,G06008101,Low,False,False,False,0
190379,G06008105,High,False,False,False,0
284667,G06007510,High,False,False,False,0
190385,G06000114,Medium,False,False,False,0
284597,G06000121,Medium,False,False,True,0
190465,G06008702,Medium,True,True,False,0
284564,G06008701,High,False,False,True,0
284559,G06007511,Medium,False,False,False,0
190596,G06000113,High,False,False,False,0
190628,G06007510,Medium,False,False,False,0
190641,G06001301,High,False,False,False,0
284333,G06007513,Medium,False,False,True,0
284332,G06008102,High,False,False,False,0
284302,G06000111,Low,False,False,False,0
284253,G06005302,High,False,False,False,0
190265,G06008103,Medium,False,False,False,0
190244,G06000116,High,True,True,False,0
284981,G06005301,High,False,False,False,0
285051,G06009501,High,False,False,False,0
286296,G06004104,High,False,False,False,0
286265,G06000111,Low,False,False,False,0
286252,G06007510,Low,False,False,False,0
189335,G06000116,High,True,True,False,0
286145,G06007511,High,False,False,False,0
286110,G06008104,High,False,False,False,0
286016,G06000116,Medium,False,False,False,0
285971,G06008702,High,False,False,False,0
286471,G06005301,Low,False,False,True,0
285885,G06005301,High,False,False,False,0
285811,G06000121,High,True,True,False,0
189761,G06007508,Medium,False,False,False,0
285514,G06000114,High,True,True,False,0
189860,G06001301,Medium,False,False,False,0
285163,G06007508,High,False,False,False,0
190014,G06000111,Low,False,False,False,0
285105,G06000113,High,False,False,False,1
190101,G06000112,High,False,False,False,0
189656,G06000115,Medium,True,True,False,0
299585,G06008101,High,True,True,False,0
263127,G06005301,Medium,False,False,False,0
206335,G06008101,High,False,False,False,0
239911,G06000112,High,False,False,False,0
222910,G06007513,High,False,False,False,0
239829,G06008101,High,False,False,False,0
239821,G06008102,Low,False,False,False,0
239774,G06008103,High,False,False,False,0
239751,G06000113,High,False,False,False,0
223023,G06007508,High,False,False,False,0
239633,G06000116,High,True,True,False,0
239608,G06000111,Low,False,False,True,0
239551,G06008702,Low,True,True,False,0
223145,G06000117,Medium,False,False,False,0
239496,G06000115,Low,False,False,False,1
239470,G06008103,Low,False,False,False,0
239462,G06008101,High,False,False,False,0
239341,G06000114,Medium,False,False,False,0
239277,G06000112,Medium,False,False,False,0
223272,G06000116,High,False,False,True,0
239964,G06001301,High,False,False,False,0
239263,G06000101,High,False,False,False,0
240063,G06007511,Medium,False,False,False,0
222742,G06008101,Low,True,True,False,0
222315,G06000101,Low,False,False,False,0
240597,G06007509,Low,False,False,False,0
222327,G06005301,Medium,False,False,False,0
222352,G06000112,High,True,True,False,0
240574,G06008101,Low,False,False,False,0
222360,G06000115,High,False,False,False,0
240538,G06000111,Low,False,False,False,0
240537,G06007512,Medium,False,False,False,0
240343,G06001310,High,False,False,False,0
240331,G06008101,High,False,False,False,0
240308,G06005302,Medium,False,False,False,0
240288,G06008106,Medium,False,False,False,0
222522,G06007509,High,False,False,False,0
240232,G06008101,High,False,False,False,0
222677,G06000111,Medium,False,False,False,0
222709,G06007513,High,False,False,False,0
222732,G06007512,High,False,False,False,0
240092,G06000115,High,False,False,False,0
239243,G06000113,High,False,False,False,0
223321,G06007507,High,False,False,False,0
239198,G06000114,High,False,False,False,0
238162,G06009501,High,False,False,False,0
224234,G06000114,Low,False,False,False,0
238103,G06008105,High,False,False,False,0
224246,G06008101,High,False,False,False,0
238021,G06007507,High,False,False,False,0
237958,G06007512,Low,False,False,True,0
224322,G06007508,High,False,False,False,0
224334,G06000115,Medium,False,False,True,1
224369,G06008701,Medium,True,True,False,0
224379,G06000101,High,False,False,False,0
237792,G06005302,High,False,False,False,1
224386,G06000121,Low,False,False,False,0
237766,G06000114,High,False,False,False,0
237765,G06000117,High,False,False,False,0
224465,G06008105,High,False,False,False,0
237666,G06001310,Medium,False,False,True,0
237641,G06007513,High,False,False,False,0
224186,G06008101,High,False,False,False,0
224154,G06000121,Medium,False,False,False,0
224128,G06009501,High,False,False,False,0
224112,G06000115,High,False,False,False,0
239167,G06000111,Low,False,False,True,0
239077,G06001310,High,False,False,True,0
223520,G06001301,Low,True,True,False,0
238861,G06007513,Medium,False,False,False,0
223721,G06007507,Medium,False,False,True,0
238686,G06005302,Medium,False,False,False,0
223754,G06000101,Low,True,True,False,1
238642,G06000101,High,False,False,False,0
240598,G06005302,High,False,False,False,1
238473,G06007512,High,False,False,True,0
238456,G06000112,Low,False,False,False,0
223884,G06000121,Medium,False,False,False,1
238380,G06007509,Low,False,False,False,0
223941,G06007512,Medium,False,False,False,0
238315,G06000112,Medium,False,False,False,0
224057,G06007511,Low,False,False,False,0
238247,G06000113,Medium,False,False,False,0
238234,G06007511,High,False,False,False,0
223832,G06008104,Low,False,False,True,0
237621,G06008701,Low,False,False,False,0
240655,G06007508,Low,False,False,False,0
240715,G06000116,High,False,False,False,0
244592,G06005303,High,True,True,True,0
244577,G06000101,Medium,False,False,False,0
219576,G06008104,High,False,False,False,0
244437,G06008106,High,False,False,False,0
244407,G06007507,Low,True,True,False,0
219746,G06008701,High,False,False,False,0
244302,G06000112,High,True,True,False,0
244261,G06000114,High,False,False,True,0
219849,G06001301,High,False,False,False,1
244081,G06008105,High,False,False,False,0
219939,G06007510,Low,False,False,False,0
219962,G06007511,High,False,False,False,0
243743,G06008102,Low,False,False,True,0
243590,G06007512,High,False,False,False,0
243583,G06000117,High,False,False,True,1
220198,G06007507,Medium,False,False,False,0
220242,G06008702,High,False,False,True,0
219547,G06005302,Medium,False,False,False,0
220272,G06000111,High,False,False,False,0
244594,G06008104,High,False,False,False,0
244638,G06000114,High,False,False,False,0
245910,G06007513,Low,False,False,False,1
245901,G06007513,High,False,False,True,0
218840,G06008104,Low,True,True,True,1
245751,G06000111,Medium,False,False,False,0
245556,G06000111,High,False,False,False,0
245525,G06008101,High,False,False,False,0
245524,G06000117,Medium,True,True,False,0
219177,G06008106,High,False,False,False,0
245409,G06000116,Low,False,False,True,0
245380,G06008104,Medium,False,False,True,0
245226,G06000112,High,False,False,False,0
219245,G06007507,High,False,False,False,0
245184,G06008105,Low,False,False,False,0
244903,G06007510,Low,False,False,True,0
244855,G06007509,High,False,False,False,0
219410,G06008701,High,False,False,False,1
244820,G06008105,High,False,False,False,0
244627,G06001310,High,False,False,False,0
220287,G06008701,Low,False,False,False,0
220297,G06000121,High,False,False,False,0
220458,G06000112,High,False,False,False,0
242115,G06005301,High,False,False,False,0
241997,G06000116,Low,False,False,False,0
241938,G06005301,Low,False,False,False,0
221329,G06001310,High,False,False,False,0
241891,G06001301,High,False,False,False,0
241669,G06007510,Low,False,False,False,0
221434,G06008701,High,True,True,False,0
241512,G06008105,Medium,False,False,True,0
221671,G06008701,Medium,False,False,True,0
221680,G06000116,Low,False,False,True,0
221705,G06007509,Medium,False,False,False,0
221751,G06005301,High,False,False,False,0
241262,G06000101,High,False,False,False,0
241138,G06008701,High,False,False,False,0
241069,G06000101,Medium,False,False,False,0
240783,G06008702,Medium,False,False,False,0
222158,G06000114,Medium,False,False,False,0
242211,G06000111,Low,False,False,False,0
242327,G06007509,Medium,False,False,False,1
242337,G06005301,Medium,False,False,False,0
221040,G06008105,High,False,False,False,0
243134,G06007508,High,False,False,False,0
243072,G06008702,High,False,False,False,0
243061,G06008104,Low,False,False,True,0
243021,G06000121,High,True,True,True,0
242962,G06000115,High,False,False,False,0
242911,G06005301,Low,False,False,False,0
220681,G06000113,High,True,True,False,0
220729,G06000111,Low,False,False,False,0
240658,G06001310,Low,False,False,False,1
242894,G06000121,Medium,False,False,False,0
242780,G06007508,High,False,False,False,0
242652,G06000121,Medium,False,False,False,0
242557,G06008701,High,False,False,False,0
220897,G06008105,Medium,False,False,False,0
220908,G06007510,Low,False,False,False,0
242497,G06004104,Low,False,False,False,0
242376,G06007510,High,False,False,False,0
221037,G06008101,Medium,True,True,True,0
220750,G06000111,Medium,False,False,False,0
246002,G06000101,Medium,False,False,True,0
237582,G06000117,Low,False,False,False,1
224693,G06000101,Medium,False,False,False,0
227859,G06000112,Medium,False,False,False,1
232709,G06000114,Low,False,False,False,0
232551,G06000117,Low,False,False,False,0
228061,G06008105,Medium,False,False,False,0
228157,G06007513,Low,False,False,False,0
232275,G06005302,High,False,False,False,0
228279,G06001301,High,True,True,False,0
232170,G06000101,Medium,False,False,False,0
232070,G06000101,High,False,False,False,0
232050,G06007512,High,True,True,True,0
228324,G06005302,Medium,False,False,False,0
228328,G06000113,High,False,False,False,0
228333,G06007507,High,False,False,False,0
232037,G06007509,High,False,False,False,0
232000,G06001310,Low,False,False,False,0
231946,G06005302,Medium,False,False,False,0
231888,G06000121,Low,False,False,False,0
232797,G06008102,High,False,False,False,0
231883,G06000101,High,False,False,True,0
232848,G06007510,Low,False,False,False,0
232905,G06008702,High,False,False,False,0
233428,G06001310,High,False,False,False,0
227311,G06000114,Medium,False,False,False,1
233380,G06000116,High,False,False,False,0
227334,G06008103,Medium,False,False,False,1
233323,G06007508,Medium,False,False,False,0
233300,G06000111,High,False,False,False,0
233194,G06000116,High,False,False,False,0
233184,G06005301,High,False,False,True,0
233075,G06007511,Medium,False,False,False,0
227511,G06008104,High,False,False,False,0
227521,G06000121,High,False,False,False,0
227535,G06000116,High,True,True,True,0
227536,G06000101,Medium,True,True,False,0
227558,G06001301,High,False,False,False,0
232996,G06008104,High,False,False,False,0
232991,G06007511,High,False,False,False,0
232950,G06008103,High,False,False,False,0
232883,G06007513,High,True,True,False,0
231872,G06007509,High,False,False,False,0
228536,G06004104,High,False,False,False,0
231845,G06000115,Low,False,False,False,0
230765,G06008702,Medium,False,False,True,0
229602,G06007508,Medium,False,False,False,0
230727,G06005302,High,False,False,True,0
229665,G06008103,Low,False,False,False,0
229710,G06008519,Medium,False,False,False,0
229836,G06008105,High,False,False,False,0
229846,G06008702,Low,False,False,False,0
229912,G06000115,High,True,True,False,0
230541,G06001310,Medium,False,False,False,0
230530,G06000121,High,False,False,False,0
230509,G06000121,Medium,True,True,False,0
230005,G06000101,Low,False,False,False,0
230010,G06008702,High,True,True,True,0
230469,G06007508,Medium,False,False,False,0
230117,G06008101,Low,False,False,False,0
230141,G06000112,High,False,False,False,1
230384,G06008701,High,False,False,False,0
230778,G06000121,High,False,False,False,0
230837,G06007512,Low,False,False,False,0
230860,G06008701,High,False,False,False,0
230884,G06008101,High,False,False,False,0
231841,G06007513,Low,False,False,True,0
228678,G06005302,High,True,True,False,0
228709,G06007513,Low,False,False,False,1
231754,G06008702,Low,False,False,True,1
228892,G06007513,Low,False,False,False,0
231502,G06008104,Medium,False,False,True,0
228913,G06000112,Low,False,False,False,0
231448,G06007511,Medium,False,False,False,0
227284,G06008102,Medium,False,False,True,0
231433,G06000114,Medium,False,False,False,0
229097,G06005301,Medium,False,False,False,0
229130,G06000117,High,False,False,False,0
231204,G06000116,High,True,True,True,0
231154,G06007509,High,False,False,False,0
229211,G06005302,Low,False,False,False,0
231140,G06001310,High,True,True,False,0
229281,G06001301,Low,False,False,False,0
229288,G06008101,High,False,False,False,0
231382,G06007507,Medium,False,False,False,0
237299,G06004104,High,False,False,False,0
227271,G06005301,Low,False,False,False,0
227188,G06009501,High,True,True,False,0
236180,G06000117,High,False,False,False,0
225347,G06008702,Low,True,True,False,0
236099,G06001310,Low,False,False,True,0
235943,G06000114,Medium,False,False,False,0
225462,G06005301,High,True,True,False,1
235722,G06008702,High,False,False,False,0
225571,G06007509,High,False,False,False,0
235690,G06007513,Medium,False,False,False,0
225630,G06005301,Medium,False,False,False,0
235512,G06007508,Low,False,False,False,0
235501,G06005302,Medium,False,False,False,0
225797,G06008104,Medium,False,False,False,0
235431,G06000114,Low,False,False,False,0
235399,G06000121,High,False,False,False,0
225877,G06008102,High,False,False,False,0
235312,G06007510,Low,False,False,False,0
225906,G06000114,High,False,False,False,0
225272,G06000117,Medium,False,False,False,0
225909,G06008104,High,False,False,False,1
236325,G06008105,High,False,False,True,0
236404,G06000121,Medium,False,False,False,0
224750,G06001301,Medium,False,False,False,0
224762,G06005301,High,False,False,False,0
237003,G06007513,High,True,True,False,0
236993,G06008101,Low,True,True,False,0
236941,G06000117,High,False,False,False,0
224828,G06008103,Medium,False,False,False,0
224833,G06007511,Low,False,False,False,0
236877,G06007508,Medium,False,False,False,0
236850,G06001301,Low,False,False,False,0
224915,G06001310,Medium,False,False,False,0
236765,G06007513,Low,False,False,False,1
225019,G06008101,High,False,False,False,0
236508,G06007509,High,False,False,False,0
236495,G06001301,Low,False,False,False,0
236485,G06008106,High,True,True,False,0
236471,G06000116,High,False,False,False,0
236430,G06001301,Low,False,False,False,0
236349,G06001301,Medium,False,False,False,0
225997,G06001310,Low,False,False,False,0
235208,G06007510,Low,False,False,False,0
226049,G06009501,High,False,False,False,0
234483,G06001310,High,False,False,False,0
234474,G06004104,High,False,False,True,0
226578,G06008102,Medium,False,False,False,0
226624,G06007511,High,False,False,False,0
226784,G06000114,Medium,False,False,False,0
234229,G06000101,Medium,False,False,False,0
234223,G06004104,Medium,True,True,False,0
234118,G06008105,Medium,False,False,False,0
234116,G06005303,Medium,True,True,True,0
233999,G06008103,Low,False,False,False,0
233972,G06000117,Low,False,False,False,0
233694,G06000114,High,False,False,False,0
227082,G06000121,High,False,False,False,0
233627,G06007513,High,False,False,True,0
233621,G06008701,High,True,True,False,0
227109,G06000113,Medium,False,False,False,0
227111,G06007508,Medium,False,False,False,0
234489,G06007509,Medium,False,False,False,0
226516,G06007508,Medium,False,False,False,0
226506,G06008102,Medium,False,False,False,0
226457,G06007512,High,True,True,False,0
235129,G06000115,Low,False,False,False,0
235073,G06007511,High,False,False,False,0
226141,G06007508,Low,False,False,False,0
235021,G06001310,Medium,True,True,False,0
226146,G06009501,Medium,True,True,False,0
234996,G06000111,Medium,False,False,False,0
234916,G06008101,High,False,False,True,0
234907,G06009501,Medium,False,False,False,0
233500,G06000121,Medium,False,False,False,0
226225,G06001310,Low,True,True,False,0
226256,G06000117,High,False,False,False,1
234681,G06008701,High,False,False,False,0
226349,G06000101,Medium,False,False,True,0
226354,G06008106,High,False,False,False,0
234675,G06000121,High,False,False,False,0
226385,G06007512,High,True,True,False,1
234642,G06000101,Medium,False,False,False,0
226424,G06005302,High,False,False,False,0
234824,G06009501,High,False,False,False,0
218713,G06000111,Low,False,False,False,0
246026,G06000115,High,False,False,True,0
246132,G06008701,Low,False,False,False,0
258433,G06007510,Medium,False,False,False,0
258417,G06008101,High,False,False,False,0
210361,G06000116,High,False,False,False,0
258271,G06008105,Medium,False,False,False,0
210410,G06001310,High,False,False,False,0
258166,G06008702,High,False,False,False,0
210429,G06007508,Medium,False,False,False,0
258012,G06009501,High,False,False,True,0
210452,G06007509,High,False,False,False,0
210503,G06007511,Medium,False,False,False,0
210583,G06000115,High,False,False,True,0
257872,G06008102,Low,False,False,False,0
257855,G06008103,High,False,False,False,0
257728,G06008702,Medium,False,False,False,0
257706,G06000116,High,False,False,False,0
257604,G06001301,Medium,False,False,True,0
257334,G06007507,High,False,False,False,0
258528,G06008702,Low,False,False,False,0
210932,G06000115,Medium,True,True,False,0
210136,G06000116,Medium,False,False,False,0
210068,G06000112,Medium,False,False,False,0
259541,G06000101,Medium,False,False,False,0
209600,G06007510,High,False,False,False,0
259371,G06007508,High,False,False,False,0
259296,G06007509,Low,False,False,False,0
209693,G06007509,Medium,False,False,True,0
259272,G06008701,Medium,True,True,False,0
259215,G06007510,Medium,False,False,False,0
259069,G06000121,Low,False,False,False,0
259058,G06000111,Low,False,False,False,0
258996,G06005301,High,False,False,False,0
258959,G06007510,Medium,False,False,False,0
258951,G06000117,Medium,False,False,False,0
209951,G06008104,Medium,False,False,False,0
209995,G06005301,Medium,False,False,False,0
258904,G06000113,High,False,False,False,0
210021,G06001301,High,False,False,False,0
210051,G06000101,High,False,False,True,0
258565,G06008103,High,True,True,False,0
257297,G06008105,High,False,False,False,0
257179,G06009501,High,True,True,False,0
211016,G06007507,Low,False,False,False,0
256184,G06005301,Medium,False,False,False,0
256046,G06007509,Low,False,False,False,0
256034,G06008103,Low,False,False,False,0
211803,G06000114,Low,True,True,False,0
255984,G06008701,Medium,False,False,False,0
211896,G06007510,High,False,False,False,0
211929,G06007513,Medium,False,False,False,0
255681,G06000114,Low,False,False,False,0
255630,G06008104,High,False,False,False,0
255597,G06008105,High,True,True,False,0
255578,G06001310,Low,False,False,False,0
212015,G06004104,High,False,False,True,0
212016,G06000111,Medium,False,False,False,0
212086,G06001310,High,False,False,False,0
212099,G06000101,High,False,False,False,0
255477,G06000111,High,False,False,False,0
255471,G06008105,High,False,False,False,0
256191,G06005301,High,False,False,False,0
211714,G06008106,High,False,False,False,0
256300,G06008102,Low,False,False,False,0
256306,G06007507,High,False,False,False,0
211018,G06000116,Low,False,False,False,0
257163,G06007513,Medium,False,False,False,0
257105,G06008701,Low,True,True,False,0
211188,G06000111,Medium,False,False,False,0
211239,G06000112,High,False,False,False,0
211294,G06008105,High,False,False,True,0
211302,G06007511,Medium,False,False,False,0
211331,G06000101,Medium,False,False,False,0
259583,G06008701,Low,False,False,False,0
211377,G06005302,High,False,False,False,1
211395,G06008102,High,False,False,False,0
211425,G06008702,Medium,False,False,False,0
256768,G06007509,High,False,False,False,0
256641,G06000101,Low,False,False,False,0
211446,G06005302,Low,False,False,False,0
211524,G06000113,High,False,False,False,0
211544,G06008105,High,False,False,False,0
211557,G06007510,Medium,False,False,False,0
256840,G06000112,Medium,False,False,False,0
255467,G06004104,Medium,False,False,False,0
259622,G06007511,Medium,False,False,True,0
259722,G06000114,Medium,False,False,False,1
207046,G06008106,Medium,False,False,False,0
262261,G06005301,High,False,False,False,0
262182,G06000121,Medium,False,False,False,0
207150,G06000101,High,False,False,False,0
207173,G06005301,Low,True,True,False,0
262092,G06007513,High,False,False,False,0
207264,G06000114,Low,False,False,False,0
262069,G06007513,High,False,False,False,1
262015,G06008101,Medium,False,False,False,0
261919,G06007507,High,False,False,False,1
207427,G06005301,High,False,False,False,0
207439,G06008102,High,False,False,False,0
261719,G06000121,High,False,False,False,0
261652,G06008102,High,False,False,False,0
207486,G06007513,High,True,True,False,0
261608,G06007509,High,False,False,False,0
261560,G06007507,Medium,False,False,False,0
207044,G06007512,High,False,False,False,0
207519,G06007510,Low,False,False,False,1
262339,G06001310,Medium,False,False,False,0
262393,G06007511,Low,False,False,False,0
206388,G06001310,Low,False,False,False,0
206399,G06000115,High,False,False,False,0
206400,G06007507,High,False,False,True,0
262866,G06000115,Low,False,False,False,0
206564,G06000114,Medium,False,False,False,0
262791,G06008105,High,False,False,False,0
206633,G06007513,Medium,False,False,True,0
206634,G06000121,Medium,False,False,False,0
206636,G06001310,High,True,True,False,0
206743,G06008105,High,False,False,False,0
206765,G06007508,Low,True,True,False,0
262511,G06007511,Medium,True,True,False,0
206792,G06007508,Medium,False,False,False,0
262490,G06007511,Medium,False,False,False,0
206860,G06000114,Medium,False,False,False,0
206890,G06007513,High,False,False,False,0
262421,G06007508,High,False,False,False,0
262366,G06008105,High,False,False,False,0
207528,G06000115,High,False,False,False,0
261546,G06008102,High,False,False,False,0
207569,G06001310,Medium,False,False,False,0
208808,G06000101,High,False,False,False,0
260419,G06000115,High,False,False,True,0
208836,G06008104,Low,False,False,False,0
260354,G06007508,High,False,False,False,0
260332,G06000115,High,False,False,False,1
260247,G06008701,High,True,True,False,0
260214,G06000114,Low,False,False,False,0
208916,G06007511,High,False,False,False,0
260176,G06007510,Medium,False,False,False,0
260148,G06001301,Low,False,False,False,0
209132,G06005301,Medium,False,False,False,0
209139,G06007508,High,False,False,False,0
259985,G06008106,Medium,False,False,False,0
209174,G06005301,Medium,False,False,False,0
259964,G06008103,High,False,False,False,0
209275,G06009501,Medium,False,False,False,0
259803,G06007508,Medium,False,False,False,0
208769,G06005303,High,False,False,False,0
260584,G06009501,Medium,False,False,False,0
260612,G06000115,High,True,True,False,0
260619,G06008101,Medium,False,False,False,0
207723,G06007510,Medium,False,False,False,0
261441,G06000115,Medium,False,False,False,0
261387,G06000111,Medium,False,False,False,0
207761,G06008106,Low,False,False,False,0
261353,G06008701,Medium,False,False,False,0
261299,G06007509,Low,False,False,False,0
207867,G06008104,High,False,False,False,0
261177,G06000101,Low,False,False,False,0
259714,G06007511,Medium,False,False,False,0
208094,G06000116,High,False,False,False,0
208202,G06005301,Medium,False,False,False,0
208219,G06001310,Medium,False,False,False,0
260842,G06007511,High,False,False,False,0
260785,G06009501,Low,False,False,True,0
260742,G06000114,Low,False,False,False,0
208437,G06008702,High,False,False,False,0
260718,G06000113,High,False,False,False,0
260631,G06007507,Medium,False,False,False,0
261058,G06005301,Medium,False,False,False,0
212236,G06000117,High,True,True,True,0
255315,G06000121,Low,False,False,False,0
212285,G06008105,Medium,False,False,False,0
249334,G06005301,High,False,False,False,0
249306,G06001301,Medium,False,False,False,0
249273,G06001301,Medium,True,True,False,0
249245,G06005301,High,False,False,True,0
249193,G06008701,Medium,False,False,False,0
249160,G06007513,High,False,False,True,0
216568,G06000121,Medium,False,False,False,0
216645,G06008104,Low,False,False,False,0
216652,G06007510,Low,False,False,False,1
248928,G06009501,Low,False,False,False,0
216719,G06001310,Low,True,True,False,0
216849,G06007509,High,False,False,False,0
216853,G06001301,High,False,False,True,0
248676,G06000113,High,False,False,False,0
216936,G06008102,Medium,False,False,False,0
216993,G06000101,Medium,False,False,False,0
248471,G06008701,Medium,False,False,False,0
249538,G06007508,Medium,False,False,True,0
217229,G06007508,Low,False,False,False,0
249617,G06000121,High,False,False,False,0
216302,G06008104,Medium,False,False,False,0
215603,G06007508,Low,True,True,False,0
250425,G06000112,High,False,False,False,0
215632,G06007511,High,False,False,False,0
250417,G06004104,Low,False,False,False,0
250316,G06007508,Low,False,False,True,0
215744,G06009501,High,False,False,False,0
250275,G06008104,Low,False,False,False,0
250273,G06008701,High,False,False,False,0
215801,G06007510,Low,False,False,False,0
250187,G06000121,Medium,False,False,False,0
215856,G06005301,High,False,False,False,0
250148,G06007510,High,False,False,False,0
250052,G06000112,Low,True,True,False,0
216090,G06008702,High,False,False,True,0
216103,G06008101,High,False,False,True,0
216161,G06000116,Low,False,False,True,0
249783,G06007510,Low,True,True,False,0
216330,G06000111,Medium,False,False,False,0
217265,G06000121,Low,False,False,False,0
248174,G06001310,Medium,False,False,True,0
217317,G06000113,High,True,True,False,0
217993,G06001301,Medium,False,False,False,0
246867,G06000101,Medium,False,False,False,0
246824,G06008106,Medium,False,False,False,0
218072,G06005301,Medium,False,False,False,0
246750,G06005302,Medium,False,False,True,0
218161,G06005301,Medium,False,False,False,0
246699,G06005301,Medium,True,True,False,0
218193,G06000112,Low,True,True,False,0
246516,G06007511,Low,False,False,False,0
246423,G06000101,Medium,False,False,True,0
218420,G06000121,Low,False,False,True,0
246286,G06005301,Medium,False,False,False,0
218524,G06007510,High,False,False,False,0
246227,G06007509,Low,True,True,True,0
218539,G06007507,Medium,False,False,False,0
246201,G06000115,Medium,True,True,False,0
246194,G06007508,Medium,False,False,False,0
246888,G06005301,Low,True,True,False,0
217889,G06000112,High,False,False,True,0
247023,G06000112,High,True,True,True,0
247040,G06000121,High,False,False,False,0
217373,G06007511,Medium,False,False,False,0
247920,G06008102,Medium,False,False,True,0
247899,G06008101,Medium,False,False,False,0
247825,G06008101,High,False,False,False,1
247768,G06000113,High,False,False,False,0
217512,G06009501,High,False,False,False,0
217568,G06008101,High,False,False,False,0
217580,G06007508,Medium,False,False,False,0
215590,G06000116,Low,False,False,False,0
247619,G06001310,High,False,False,False,0
247593,G06007510,Low,False,False,False,0
247509,G06008507,Low,False,False,False,0
247496,G06000115,High,False,False,False,0
247368,G06007513,High,False,False,False,0
247319,G06008103,Medium,False,False,True,0
247173,G06001310,High,False,False,False,0
247139,G06005301,High,False,False,False,0
247083,G06008106,Medium,False,False,False,0
247607,G06007511,High,False,False,False,0
215517,G06000112,High,True,True,True,0
250525,G06000111,Medium,False,False,False,0
215375,G06000121,Medium,False,False,True,0
254325,G06008103,Medium,False,False,True,0
254138,G06007509,Medium,False,False,True,0
254001,G06000121,Medium,False,False,False,0
253939,G06000121,High,False,False,False,0
253868,G06000121,Medium,False,False,False,0
213187,G06008701,High,True,True,False,0
253799,G06008101,High,False,False,True,0
213218,G06001310,Medium,False,False,True,0
213270,G06007513,High,False,False,False,0
213362,G06008701,High,False,False,False,0
253468,G06000115,High,False,False,True,0
213376,G06000112,Low,False,False,False,0
213412,G06000111,High,False,False,False,0
253283,G06008702,High,False,False,True,0
253225,G06000121,Medium,False,False,False,0
213634,G06008702,High,True,True,False,0
213660,G06008701,Medium,True,True,False,0
212892,G06008105,Medium,False,False,False,0
212878,G06007512,Low,False,False,True,0
212852,G06001301,High,False,False,False,0
212815,G06000113,Medium,False,False,False,0
255271,G06007513,High,False,False,False,0
212340,G06008101,High,False,False,False,0
255243,G06005301,High,False,False,False,0
255207,G06008104,High,False,False,True,0
212404,G06007510,High,False,False,False,0
255069,G06000101,Medium,False,False,False,0
255029,G06007511,Medium,False,False,False,0
254960,G06007512,Low,False,False,False,0
213688,G06000121,Low,False,False,False,0
212517,G06007510,Medium,False,False,False,0
212578,G06001301,Medium,False,False,False,0
254843,G06000115,Low,False,False,False,0
254793,G06007512,High,False,False,True,0
254773,G06008106,Low,False,False,False,0
212694,G06000112,Medium,False,False,False,0
254618,G06005301,Medium,False,False,False,0
212790,G06008104,High,False,False,False,0
254603,G06008702,Low,False,False,False,0
254844,G06005302,High,False,False,False,0
263117,G06007512,High,False,False,False,0
253117,G06000112,Medium,False,False,False,0
213731,G06000115,High,False,False,False,0
214620,G06000117,High,False,False,False,0
214670,G06000111,High,False,False,False,0
214695,G06005302,High,False,False,False,0
251982,G06004104,High,False,False,False,0
251847,G06000121,Low,False,False,False,0
251829,G06000117,Medium,False,False,False,0
251801,G06000115,High,True,True,False,0
214950,G06008702,High,True,True,False,0
251636,G06000112,Medium,True,True,False,0
251425,G06000117,High,False,False,False,0
251322,G06000111,High,False,False,False,1
215099,G06000121,Medium,False,False,False,0
251149,G06007513,High,True,True,False,0
250871,G06000114,Medium,False,False,False,0
250736,G06008701,High,False,False,False,0
250702,G06007512,High,False,False,False,0
215288,G06007511,Medium,False,False,False,0
214611,G06001310,High,True,True,True,0
214552,G06000117,High,False,False,True,0
214534,G06000112,Low,False,False,False,0
252260,G06007512,High,False,False,False,0
253094,G06008701,High,False,False,False,0
253063,G06000101,Medium,False,False,False,0
213797,G06000101,Medium,False,False,False,0
213857,G06004104,High,False,False,False,0
252925,G06000112,Medium,False,False,False,0
213925,G06005303,High,False,False,False,0
252855,G06000117,High,False,False,True,0
252813,G06007510,Medium,False,False,True,0
213730,G06000111,Low,False,False,False,0
252732,G06005302,Medium,False,False,False,0
214138,G06007511,High,False,False,False,0
252535,G06008702,High,False,False,False,0
214285,G06008102,High,False,False,False,0
252441,G06000115,Medium,True,True,False,0
214336,G06008102,Low,False,False,False,0
214429,G06000111,Medium,False,False,False,0
252315,G06000111,High,False,False,False,0
252265,G06000114,Medium,False,False,False,0
252689,G06004104,Medium,False,False,False,0
367284,G06000112,Medium,False,False,False,0
180694,G06000111,High,False,False,False,0
180625,G06008101,Medium,False,False,False,0
346646,G06000116,High,False,False,False,0
148290,G06008104,High,False,False,False,0
148406,G06008102,Medium,False,False,False,0
148412,G06008104,Low,False,False,False,0
148416,G06000113,Medium,False,False,False,0
148443,G06008104,High,False,False,True,0
346302,G06007509,Medium,False,False,False,0
346250,G06000116,Low,False,False,False,1
346139,G06008104,High,True,True,False,0
346074,G06008105,Low,False,False,False,0
346029,G06008103,High,False,False,False,0
345983,G06000115,Medium,False,False,True,0
345980,G06000114,Low,False,False,False,0
345943,G06008101,Medium,False,False,False,1
345937,G06005301,High,False,False,True,0
148801,G06008105,Medium,False,False,False,0
345674,G06005301,High,False,False,False,0
346688,G06000114,Low,False,False,False,0
345605,G06005301,High,False,False,False,0
346701,G06007513,Medium,False,False,False,0
148139,G06008105,High,False,False,False,0
347661,G06008104,High,False,False,False,0
347588,G06005302,High,False,False,False,0
347580,G06000121,Low,False,False,False,0
147582,G06000121,Low,False,False,False,0
347520,G06001310,Medium,True,True,False,0
147605,G06008102,Medium,False,False,False,0
147629,G06000116,Medium,False,False,False,0
147685,G06001301,High,False,False,False,0
347368,G06008702,High,False,False,False,0
147775,G06007509,High,False,False,True,0
347314,G06007510,Low,False,False,False,0
347269,G06000101,Medium,False,False,False,0
347081,G06000111,Medium,False,False,False,0
147928,G06008701,High,False,False,False,1
347033,G06008106,High,False,False,False,0
346984,G06005301,Medium,False,False,False,0
346917,G06000121,Medium,False,False,False,0
346729,G06000112,Medium,False,False,False,0
345600,G06008102,Low,False,False,False,0
345577,G06000101,High,False,False,False,0
345507,G06005302,High,False,False,False,1
149537,G06000112,Medium,False,False,True,0
149589,G06007510,High,False,False,False,0
149656,G06004104,Medium,False,False,False,0
344742,G06000117,High,False,False,False,0
149686,G06000112,Medium,False,False,True,0
149715,G06007511,Low,False,False,False,0
149838,G06000116,High,False,False,False,0
344503,G06008105,High,False,False,False,0
149906,G06005301,Medium,True,True,False,0
344443,G06007511,Medium,False,False,False,0
344319,G06000112,High,False,False,False,0
344258,G06008106,High,False,False,False,0
344091,G06000111,High,False,False,False,0
150078,G06008101,High,False,False,True,0
150105,G06000114,High,False,False,False,0
343969,G06000112,High,True,True,False,0
343949,G06008101,Low,False,False,False,0
344959,G06000113,High,False,False,False,0
344968,G06008101,Low,False,False,False,0
345046,G06005302,Low,False,False,False,0
345049,G06000111,Medium,False,False,True,0
345479,G06004104,High,False,False,True,0
345450,G06004104,Medium,False,False,False,0
148933,G06004104,Medium,False,False,False,0
148971,G06000116,Medium,False,False,False,0
345373,G06007509,Low,False,False,False,0
345348,G06007512,Low,False,False,False,0
149002,G06000111,Medium,False,False,False,0
149008,G06000121,Medium,False,False,False,0
147417,G06007512,High,False,False,False,0
149029,G06000114,Low,True,True,False,0
149051,G06008104,Medium,True,True,False,0
149155,G06005301,Medium,False,False,False,0
149175,G06007508,Low,False,False,False,0
345179,G06000111,High,False,False,False,0
149285,G06001301,Medium,False,False,False,0
345120,G06008702,High,False,False,False,1
345053,G06007509,Low,False,False,False,0
149371,G06005301,Low,False,False,False,0
345292,G06008102,High,False,False,True,0
343763,G06007509,Medium,False,False,False,0
347709,G06000121,High,False,False,False,0
347716,G06007509,High,False,False,True,0
350321,G06000116,Low,True,True,False,0
145294,G06000117,High,False,False,False,0
350284,G06000112,Low,False,False,False,0
350234,G06007510,Medium,False,False,False,0
145345,G06000121,Medium,True,True,False,0
350203,G06001310,Low,True,True,False,0
350031,G06001301,Medium,False,False,False,0
350024,G06000121,High,False,False,False,0
350015,G06000113,High,False,False,False,0
349952,G06008104,Low,False,False,False,0
145554,G06000117,High,False,False,False,0
349797,G06007513,Low,False,False,False,0
349785,G06000117,High,False,False,False,0
349775,G06007509,Medium,True,True,False,0
145605,G06008101,High,False,False,False,0
145621,G06001301,Medium,False,False,False,0
349584,G06000112,Low,False,False,True,0
350416,G06000114,Low,False,False,False,0
349538,G06007507,Medium,False,False,False,0
145153,G06008105,Medium,False,False,False,0
350587,G06007508,High,False,False,False,0
144604,G06008702,Low,False,False,False,0
351220,G06007508,Medium,False,False,True,0
351199,G06007510,Low,False,False,False,0
351091,G06000115,Low,False,False,False,0
144740,G06007507,High,False,False,False,0
144784,G06007513,Medium,False,False,False,0
350979,G06000101,Low,False,False,False,0
350932,G06007510,High,False,False,True,0
350918,G06007507,Low,False,False,False,0
144835,G06008104,High,False,False,False,0
350905,G06007511,High,False,False,False,0
350885,G06007513,Medium,True,True,False,0
350820,G06008104,High,True,True,False,0
350722,G06000111,High,False,False,True,0
144994,G06000117,Low,False,False,False,0
145014,G06000117,High,True,True,False,0
350718,G06005302,High,False,False,False,0
350553,G06000111,High,False,False,False,0
145852,G06008103,High,False,False,False,0
145858,G06008101,Medium,False,False,False,0
349449,G06000112,Low,False,False,True,0
348361,G06007509,High,True,True,False,0
146647,G06000115,Medium,False,False,False,0
348321,G06007513,Medium,False,False,False,0
348273,G06005301,High,False,False,False,0
146740,G06001301,Low,False,False,False,0
348253,G06008102,Medium,False,False,False,0
348213,G06000121,High,False,False,False,1
348072,G06001310,Low,False,False,False,0
146916,G06004104,Low,False,False,False,0
147063,G06007510,High,True,True,False,1
347891,G06000114,Medium,False,False,False,0
147210,G06001310,High,False,False,False,0
147224,G06007509,Medium,False,False,False,0
347856,G06005302,High,True,True,False,1
147238,G06000116,High,False,False,False,0
147243,G06007509,Low,False,False,False,0
147282,G06007507,Low,False,False,False,0
146565,G06007511,Low,False,False,False,0
348428,G06000114,Medium,False,False,False,0
348517,G06007512,High,False,False,True,0
348610,G06007508,Medium,False,False,False,0
349426,G06000121,Medium,False,False,True,0
349401,G06000112,Medium,False,False,False,0
349343,G06009501,High,False,False,False,1
146081,G06000101,High,False,False,False,0
146121,G06000116,High,False,False,False,0
349087,G06000111,High,True,True,False,0
349058,G06007508,Medium,False,False,False,0
349019,G06005303,High,False,False,True,1
347715,G06009501,Medium,False,False,False,0
348998,G06008702,High,False,False,False,0
348884,G06008101,Low,False,False,False,0
348880,G06005303,High,False,False,False,0
348840,G06000117,Low,False,False,False,0
348782,G06008101,Low,False,False,False,0
146280,G06008103,Medium,False,False,False,0
348720,G06000117,High,False,False,True,0
348665,G06007509,Medium,False,False,False,0
146384,G06000113,High,False,False,True,0
348916,G06000121,High,False,False,False,0
351229,G06008701,High,False,False,False,0
343637,G06008701,High,False,False,False,1
150469,G06008105,High,False,False,False,0
154289,G06008102,High,False,False,False,0
337483,G06001310,High,False,False,False,0
337416,G06000112,High,False,False,True,0
154355,G06007507,High,False,False,False,0
337370,G06001310,High,False,False,False,0
337287,G06008102,High,False,False,False,0
337278,G06000111,Medium,False,False,True,0
154470,G06008102,High,True,True,False,0
337246,G06007513,Low,False,False,True,0
337230,G06007508,Medium,False,False,True,0
337217,G06008702,Low,False,False,False,0
154566,G06008702,Low,False,False,True,0
154590,G06000114,Medium,False,False,False,0
336991,G06008701,High,False,False,False,0
154864,G06007509,Medium,False,False,False,0
336566,G06007509,Low,False,False,True,0
336484,G06007512,Medium,False,False,False,0
154269,G06009501,Low,False,False,False,0
336460,G06008104,Low,False,False,False,0
154268,G06000121,High,False,False,False,0
337568,G06005301,High,False,False,False,0
338907,G06008102,Medium,False,False,False,0
338600,G06008104,Medium,False,False,False,0
153605,G06005302,High,True,True,False,0
153629,G06000115,Low,False,False,False,0
338464,G06008102,Medium,False,False,False,0
153779,G06000117,Low,False,False,False,0
153843,G06000113,High,False,False,False,0
153856,G06007510,High,False,False,False,0
338180,G06008102,High,False,False,False,1
153886,G06007508,Medium,False,False,False,0
338050,G06008702,High,False,False,False,0
153971,G06008103,Medium,False,False,False,0
337917,G06005301,Medium,False,False,False,0
337816,G06000116,High,False,False,False,0
337784,G06008106,Medium,False,False,True,0
337778,G06007508,High,False,False,False,0
337646,G06005303,Low,False,False,False,0
154250,G06000101,Low,False,False,False,0
336387,G06000101,High,False,False,False,0
336290,G06005301,Medium,True,True,True,0
336229,G06000116,High,True,True,False,0
334822,G06005302,High,False,False,False,0
334656,G06000112,High,False,False,True,0
156283,G06001301,High,False,False,False,0
334535,G06000101,Medium,False,False,False,0
334471,G06007510,Medium,False,False,False,0
156454,G06000111,High,False,False,False,0
156507,G06000114,Medium,False,False,False,0
334425,G06000114,High,False,False,False,0
156541,G06000101,High,False,False,True,0
334415,G06007512,Medium,False,False,False,0
156559,G06000114,High,False,False,False,0
156567,G06000117,High,False,False,False,0
334376,G06000115,High,False,False,False,1
334344,G06007512,High,False,False,False,0
334330,G06000101,Low,False,False,False,0
334313,G06007508,Medium,False,False,False,0
156713,G06000117,Medium,False,False,False,0
156025,G06008102,Medium,False,False,False,0
156004,G06007511,High,False,False,False,0
334876,G06005301,High,False,False,False,0
155960,G06007510,Medium,False,False,False,0
335789,G06008103,Low,True,True,False,0
155380,G06000113,High,False,False,False,0
155400,G06008104,Low,False,False,False,0
335694,G06000113,Low,False,False,False,0
335685,G06001310,Medium,False,False,False,0
155440,G06008701,Medium,False,False,False,0
335640,G06008106,High,True,True,False,0
335591,G06007510,Medium,False,False,False,0
153433,G06008106,Medium,True,True,False,0
335540,G06007508,High,False,False,False,1
335426,G06007508,High,False,False,False,0
335345,G06001301,Low,False,False,False,0
335265,G06007512,High,False,False,False,0
335170,G06008702,High,True,True,False,0
335027,G06008105,High,True,True,False,0
155835,G06000115,High,False,False,False,0
155873,G06005302,Low,False,False,False,0
334889,G06000112,High,False,False,False,0
335479,G06000121,High,False,False,True,0
343634,G06008106,High,False,False,False,0
153328,G06000114,Medium,False,False,False,0
339157,G06000116,Low,False,False,False,0
151278,G06004104,High,False,False,False,0
151314,G06007512,High,False,False,False,0
151335,G06000113,Low,False,False,False,0
151356,G06007511,Low,False,False,False,0
342371,G06007513,Medium,True,True,False,0
151423,G06007508,Medium,False,False,False,0
342298,G06008103,High,False,False,False,0
151476,G06000121,Low,False,False,False,0
151486,G06007507,High,False,False,False,0
342196,G06005301,Low,False,False,False,0
151496,G06007508,High,False,False,True,0
342137,G06000113,High,False,False,True,0
342128,G06000116,High,False,False,False,0
151550,G06000111,High,False,False,False,0
151672,G06007510,High,False,False,False,0
151720,G06008105,Low,False,False,False,0
151746,G06000112,Medium,True,True,False,0
342447,G06008702,High,False,False,False,1
341736,G06007507,Low,False,False,False,0
151228,G06000116,Low,False,False,False,0
342633,G06007511,High,False,False,True,0
343357,G06007513,High,False,False,False,0
343354,G06007509,Medium,False,False,False,0
343343,G06000101,High,False,False,False,0
343319,G06000111,Low,False,False,False,0
343149,G06008102,Medium,False,False,False,0
343139,G06007509,Medium,False,False,False,0
343132,G06008105,Low,False,False,False,0
150757,G06000112,High,True,True,False,0
150784,G06000114,Medium,False,False,False,0
342978,G06000121,High,False,False,False,0
342975,G06004103,High,False,False,False,0
342832,G06007507,Low,False,False,False,0
342831,G06005301,Low,False,False,False,0
342823,G06007512,Low,False,False,False,0
150922,G06008701,High,False,False,False,1
342686,G06000101,Medium,False,False,False,0
151057,G06007509,Low,False,False,False,0
151195,G06000111,Medium,False,False,False,0
341606,G06000116,Medium,False,False,False,0
151888,G06008101,High,False,False,False,0
151891,G06000111,Low,False,False,True,0
340374,G06007508,Medium,False,False,False,0
340303,G06007508,Medium,False,False,False,0
152627,G06000112,Medium,False,False,True,0
340185,G06005303,Medium,False,False,False,0
340000,G06000121,Medium,False,False,False,0
339969,G06007513,Medium,True,True,False,0
152883,G06008702,Medium,False,False,False,0
339807,G06007509,Low,False,False,True,0
339535,G06001301,Low,False,False,False,0
153009,G06004104,High,False,False,False,0
339510,G06005301,Low,True,True,False,0
339505,G06004104,High,False,False,False,0
339478,G06007507,Medium,False,False,False,0
339405,G06000121,Medium,False,False,False,1
339378,G06007510,High,False,False,True,0
153199,G06008701,Medium,False,False,False,0
339288,G06000121,Low,False,False,True,0
340523,G06001310,High,False,False,False,0
340616,G06000114,Low,True,True,False,0
340702,G06007510,High,False,False,False,0
340737,G06007513,Low,False,False,False,0
341577,G06000115,Low,False,False,False,0
341554,G06000121,Medium,False,False,False,0
151909,G06007510,High,False,False,False,0
151929,G06001301,High,False,False,False,0
341530,G06000116,High,True,True,False,0
152009,G06001301,High,False,False,False,0
152014,G06005301,Low,True,True,True,0
341387,G06008105,Medium,False,False,False,0
339080,G06000111,Medium,False,False,False,0
341340,G06005301,Medium,False,False,False,0
341086,G06008101,High,True,True,False,0
341058,G06000116,Low,False,False,False,0
152178,G06001310,High,False,False,False,1
340979,G06004104,Low,True,True,False,0
340945,G06001301,High,True,True,False,0
340915,G06009501,High,True,True,False,0
152278,G06007512,High,False,False,False,0
340880,G06000115,High,False,False,False,0
341164,G06000111,Low,False,False,False,0
351234,G06000115,High,True,True,True,0
351268,G06008701,High,False,False,False,0
351339,G06000113,Medium,False,False,False,0
362026,G06000121,Low,False,False,True,0
136146,G06000121,Medium,False,False,False,0
136184,G06008104,High,True,True,False,0
136201,G06001301,High,False,False,False,0
361885,G06000121,High,True,True,False,0
361884,G06000115,Medium,False,False,False,0
361831,G06000117,High,True,True,False,0
136337,G06000111,Medium,False,False,False,0
361666,G06000121,High,False,False,True,0
361603,G06000114,Low,False,False,False,0
136403,G06007513,High,False,False,False,0
361558,G06007511,High,False,False,False,0
136488,G06005302,High,False,False,False,0
361516,G06007508,Medium,True,True,False,0
136611,G06000111,Low,False,False,True,0
361270,G06008701,Medium,False,False,False,0
361268,G06008102,High,False,False,False,0
362039,G06007513,Low,False,False,False,0
361140,G06008106,High,False,False,False,0
362103,G06008103,Medium,False,False,True,0
135984,G06008104,Medium,False,False,False,0
135339,G06007513,High,False,False,False,0
363187,G06008702,High,True,True,False,0
363163,G06008103,High,False,False,False,0
135384,G06001310,High,False,False,False,0
135390,G06008101,High,False,False,False,0
135392,G06008105,High,False,False,False,1
363067,G06000114,Low,False,False,False,0
363027,G06000114,Medium,True,True,False,0
135502,G06007512,Medium,False,False,False,0
362743,G06000114,Medium,False,False,False,0
135528,G06000111,High,False,False,False,0
135551,G06000115,High,True,True,False,0
135555,G06007512,Low,False,False,False,0
362588,G06007508,Medium,False,False,False,0
362556,G06007509,High,False,False,True,0
362514,G06000114,Low,False,False,False,0
362147,G06007510,Medium,True,True,False,0
362141,G06007509,Medium,False,False,False,0
361045,G06000111,Medium,False,False,False,0
361035,G06008104,High,False,False,False,0
360997,G06000111,High,False,False,False,0
359760,G06007512,Low,False,False,False,0
359751,G06008106,Low,False,False,False,0
137790,G06000115,High,False,False,False,0
359744,G06007511,Medium,False,False,False,0
359737,G06000116,Medium,False,False,False,0
137911,G06000121,High,False,False,False,0
138030,G06000116,High,False,False,False,0
359596,G06008103,Low,False,False,True,0
138040,G06007511,Medium,False,False,False,0
138182,G06000111,Medium,False,False,False,0
359318,G06008102,High,False,False,False,0
359300,G06001310,Medium,False,False,False,0
359275,G06008101,Low,False,False,False,0
138268,G06000116,Low,False,False,False,0
359174,G06004103,Medium,False,False,False,0
138347,G06000111,High,True,True,False,0
358893,G06007509,High,False,False,False,0
359885,G06000114,Medium,False,False,False,0
359892,G06001310,High,False,False,True,0
359926,G06008103,High,False,False,False,1
359993,G06000116,High,False,False,False,0
360926,G06005301,Medium,False,False,True,0
136863,G06005302,High,False,False,False,0
360854,G06000101,Low,False,False,True,0
136885,G06008104,High,False,False,False,0
136950,G06000101,Medium,True,True,False,0
137122,G06008701,Low,False,False,False,0
137226,G06007508,High,False,False,False,0
360517,G06000115,Low,False,False,False,0
135325,G06007511,High,False,False,False,0
360478,G06009501,High,False,False,False,0
360362,G06000121,Low,False,False,False,0
360358,G06000121,Medium,False,False,False,0
360330,G06004104,Medium,False,False,False,0
137340,G06005301,High,True,True,False,0
360313,G06007507,High,True,True,False,0
360104,G06007509,High,False,False,True,0
360099,G06000115,Medium,False,False,False,0
360015,G06000121,Low,False,False,False,0
360364,G06005302,Low,True,True,False,0
358864,G06000114,Medium,False,False,False,0
135288,G06000112,Medium,False,False,False,1
363299,G06001310,Low,False,False,False,0
366151,G06008104,High,False,False,False,0
365961,G06007510,High,True,True,True,0
133224,G06008101,Medium,False,False,False,0
365929,G06000115,Medium,False,False,False,0
133345,G06008102,High,True,True,False,0
133398,G06000117,Medium,True,True,False,0
365802,G06000116,Low,False,False,False,0
133503,G06000114,Medium,False,False,False,0
365755,G06008104,High,False,False,False,0
365627,G06007507,Medium,False,False,False,0
365626,G06008105,High,True,True,False,0
365603,G06008105,Medium,True,True,False,0
365599,G06000112,Low,False,False,False,0
365340,G06007508,Low,False,False,True,0
365271,G06005301,Low,False,False,False,0
133697,G06005302,Medium,False,False,False,0
133799,G06000116,Low,False,False,False,0
366332,G06007511,High,False,False,True,0
133904,G06000113,Medium,True,True,False,0
366351,G06008701,Medium,False,False,False,0
366493,G06007511,High,False,False,False,0
132226,G06000101,Low,False,False,False,0
132240,G06008702,High,False,False,False,0
132348,G06000112,Medium,False,False,False,0
367053,G06007510,Medium,False,False,False,0
367040,G06000117,Medium,False,False,False,0
366918,G06007508,High,True,True,False,0
366915,G06008106,High,False,False,False,0
366902,G06008102,High,False,False,False,0
366771,G06000111,Low,False,False,False,0
132733,G06000115,High,False,False,False,0
366586,G06008701,High,False,False,False,0
132780,G06001310,Low,True,True,True,0
366569,G06008701,Medium,True,True,False,0
366559,G06000113,Medium,False,False,False,1
132860,G06000114,Medium,False,False,False,0
132894,G06007512,High,False,False,False,0
366510,G06000121,High,False,False,False,0
132927,G06004104,High,False,False,True,0
365120,G06007511,Low,False,False,False,0
365027,G06008104,Medium,True,True,True,0
133970,G06008105,Low,False,False,False,0
134736,G06000113,Medium,False,False,False,0
364036,G06000117,Medium,False,False,False,0
364013,G06000112,Low,False,False,False,0
363995,G06001301,Medium,False,False,False,0
363916,G06008106,Low,False,False,False,0
134860,G06007512,High,True,True,False,0
363915,G06008103,Medium,False,False,False,0
363873,G06000113,Medium,False,False,False,0
363862,G06000101,High,False,False,False,0
363785,G06001301,High,True,True,False,0
134988,G06007512,High,False,False,True,0
363635,G06008702,High,False,False,False,0
363606,G06007509,High,False,False,False,0
363568,G06000121,Medium,False,False,False,0
363522,G06000112,High,True,True,True,0
363423,G06008101,Medium,False,False,False,0
363420,G06007512,High,False,False,True,0
364182,G06007510,Low,False,False,False,0
364365,G06009501,Medium,True,True,False,0
364383,G06000117,Medium,False,False,False,0
364500,G06007507,High,True,True,False,0
364952,G06008104,Medium,True,True,False,0
134059,G06005301,High,False,False,False,0
364928,G06000115,Low,False,False,False,0
364902,G06000113,High,False,False,False,0
134167,G06008101,Medium,False,False,False,0
364866,G06007510,Low,False,False,True,0
134184,G06007509,High,False,False,False,0
134262,G06008702,Medium,False,False,False,0
135275,G06008702,Medium,False,False,False,1
364831,G06000117,Medium,False,False,True,0
134324,G06004104,Medium,False,False,False,0
364632,G06007507,Medium,False,False,False,0
134381,G06000121,High,False,False,False,0
364600,G06008106,Medium,False,False,False,0
364561,G06008702,Low,False,False,False,0
364556,G06000111,High,False,False,False,0
134440,G06008701,High,True,True,False,0
364510,G06000114,High,False,False,False,0
364717,G06007508,High,False,False,False,0
138464,G06007513,High,True,True,False,0
358797,G06007512,High,False,False,False,0
358714,G06000114,High,False,False,False,0
353552,G06000111,Medium,False,False,False,0
142608,G06000114,Low,False,False,False,0
142682,G06007507,High,False,False,False,0
142692,G06008104,High,False,False,False,0
142724,G06000101,Low,False,False,False,0
142750,G06000113,Medium,True,True,False,0
142754,G06008101,Medium,True,True,False,0
353390,G06005302,Low,True,True,False,0
353379,G06005301,High,False,False,True,0
353361,G06007508,Low,False,False,False,0
142868,G06000116,Medium,False,False,False,0
142885,G06005301,High,False,False,False,0
353261,G06005302,Low,False,False,True,0
353260,G06001310,Low,True,True,False,1
353226,G06007511,Medium,False,False,True,0
353172,G06007511,High,False,False,False,0
142978,G06008105,High,False,False,False,0
353578,G06008102,High,False,False,False,0
143072,G06008103,Medium,False,False,False,0
353630,G06000113,High,False,False,False,0
142435,G06007513,Medium,False,False,False,0
354537,G06000111,High,False,False,False,0
354430,G06007507,High,False,False,False,0
141812,G06000101,Medium,False,False,False,0
141889,G06001301,High,False,False,False,0
141896,G06000116,Medium,True,True,False,0
141981,G06005302,High,False,False,False,0
141999,G06000115,High,False,False,False,1
354255,G06007509,Medium,False,False,False,0
354187,G06001310,High,False,False,True,0
142069,G06009501,Medium,False,False,False,0
354126,G06000101,High,True,True,False,0
142091,G06007510,Low,False,False,False,0
142220,G06007512,Medium,False,False,True,0
353816,G06008701,High,False,False,False,0
353803,G06007507,High,False,False,True,0
353786,G06008104,High,False,False,False,0
353741,G06007510,High,False,False,False,0
142505,G06008701,Low,False,False,False,0
352955,G06000114,Low,False,False,True,0
352918,G06007510,High,False,False,False,1
352863,G06004104,High,False,False,False,0
143900,G06007509,Medium,False,False,False,0
352055,G06009501,Low,False,False,True,0
352054,G06008104,Medium,False,False,False,1
351910,G06008106,High,False,False,False,0
351808,G06005302,High,False,False,False,0
351794,G06008702,Medium,False,False,False,0
144010,G06008103,Low,False,False,False,0
351668,G06000116,High,False,False,False,0
351650,G06000111,Low,False,False,False,0
144157,G06000116,Low,False,False,False,0
144233,G06001301,High,False,False,False,0
351574,G06007511,Medium,False,False,True,0
351538,G06000101,High,True,True,False,0
144372,G06007513,High,False,False,False,0
144386,G06005301,High,False,False,False,0
144398,G06000114,Low,False,False,True,0
351403,G06000101,High,False,False,False,0
143881,G06007513,Low,True,True,False,0
352137,G06007510,Medium,False,False,False,0
352152,G06007511,Medium,False,False,True,0
143779,G06008103,Medium,False,False,False,0
352848,G06000121,High,False,False,True,0
352840,G06007511,Medium,True,True,False,0
352806,G06007513,Medium,False,False,False,0
143387,G06000114,High,False,False,False,0
352693,G06005301,Low,False,False,False,0
143430,G06005301,High,False,False,False,0
352634,G06007510,Medium,False,False,False,0
143467,G06008101,High,True,True,False,0
354649,G06008702,High,True,True,False,0
143500,G06000111,High,False,False,False,0
143542,G06007509,High,False,False,False,0
352519,G06008104,Low,False,False,False,0
352456,G06007511,Low,False,False,False,0
352401,G06007513,High,True,True,False,1
143679,G06000112,Medium,False,False,False,0
352224,G06000114,Low,False,False,True,0
352216,G06007508,Low,False,False,True,0
352211,G06007509,High,False,False,False,0
352521,G06007511,Low,False,False,False,0
141722,G06008104,Low,False,False,True,0
141706,G06008102,Low,True,True,False,0
141635,G06008702,High,False,False,False,0
139354,G06000117,Low,False,False,False,0
357725,G06001301,High,False,False,False,0
357723,G06008105,Medium,False,False,False,0
139385,G06007508,Medium,False,False,False,0
357722,G06000114,Medium,False,False,True,0
357646,G06007508,High,False,False,False,0
357477,G06007512,High,False,False,False,0
139466,G06007512,Medium,False,False,False,0
139483,G06007509,High,False,False,False,0
357324,G06000113,High,False,False,False,0
139582,G06000111,High,False,False,False,0
357231,G06008701,High,False,False,True,0
357167,G06000111,Low,False,False,False,0
139822,G06000116,Low,False,False,False,0
357143,G06001310,High,False,False,False,0
357080,G06000101,Low,False,False,False,0
357070,G06000113,High,False,False,False,0
139341,G06000114,High,False,False,False,0
139288,G06000112,High,True,True,False,0
357859,G06000113,Medium,False,False,False,0
139185,G06008103,High,False,False,True,0
138534,G06000112,High,False,False,False,0
358697,G06008701,Low,False,False,False,0
138586,G06005302,High,False,False,False,0
138591,G06007508,Low,False,False,False,0
138592,G06000101,High,False,False,True,0
358636,G06000114,Low,True,True,False,0
138709,G06001311,High,False,False,False,0
358575,G06005301,High,False,False,False,0
139975,G06007508,Low,False,False,False,0
138777,G06001310,Low,False,False,False,0
138842,G06000112,High,False,False,False,0
358309,G06000117,Low,False,False,False,0
138916,G06007509,High,False,False,False,0
139002,G06005301,High,False,False,True,0
358230,G06007508,Low,False,False,True,0
139106,G06007510,Low,False,False,False,0
139126,G06000111,High,False,False,False,0
139177,G06000111,Low,False,False,False,0
358371,G06001310,High,False,False,False,0
334180,G06000116,Low,False,False,False,0
357026,G06007510,High,False,False,False,0
356989,G06007508,High,False,False,False,0
141014,G06000112,High,True,True,False,0
355656,G06008702,High,False,False,False,0
355642,G06000116,High,True,True,False,0
355450,G06008106,High,False,False,False,0
355391,G06007507,Medium,False,False,False,0
355331,G06000112,Medium,True,True,True,0
355300,G06000113,Low,False,False,False,0
355239,G06008104,Medium,False,False,False,1
141378,G06008103,Medium,False,False,False,0
355238,G06001301,Low,True,True,False,0
141417,G06008104,High,False,False,False,0
141466,G06008106,Medium,False,False,False,0
141492,G06005302,High,False,False,False,0
141524,G06007508,High,False,False,False,0
355102,G06007510,High,False,False,False,0
354906,G06007513,Medium,False,False,False,0
141613,G06008702,Low,True,True,False,0
355704,G06007509,Low,False,False,False,0
140977,G06001311,High,False,False,True,1
355754,G06001310,Medium,False,False,False,0
355790,G06008101,Medium,False,False,True,0
356880,G06008701,High,True,True,False,0
140091,G06000116,Medium,False,False,False,0
140195,G06000113,Medium,False,False,False,0
356706,G06007508,High,False,False,False,0
356703,G06008101,Medium,False,False,True,0
140359,G06007510,Medium,False,False,False,0
356558,G06000117,Medium,False,False,False,0
356541,G06005301,Low,False,False,False,0
140001,G06007510,High,False,False,False,0
356502,G06005302,High,True,True,False,0
140477,G06007510,High,False,False,False,0
356147,G06000121,Medium,False,False,False,0
140612,G06000101,Medium,False,False,False,0
140639,G06007509,Medium,False,False,True,0
356023,G06008702,High,False,False,False,0
140712,G06000121,Medium,False,False,True,0
140780,G06007510,High,False,False,False,0
355795,G06000115,Medium,False,False,False,0
356357,G06000114,Medium,True,True,False,0
299587,G06005301,Medium,False,False,False,0
156785,G06001310,High,False,False,False,0
156888,G06005303,Low,False,False,True,0
311477,G06000112,High,False,False,False,0
172474,G06008105,Medium,False,False,False,0
172480,G06001301,Medium,False,False,False,0
311323,G06008106,Medium,False,False,True,0
172561,G06001310,High,False,False,True,0
311214,G06001301,Low,False,False,False,0
172605,G06007510,Low,False,False,False,0
172623,G06001310,High,False,False,False,0
172767,G06008702,High,False,False,False,0
310964,G06008103,High,False,False,False,0
310904,G06000101,High,False,False,False,0
310890,G06007509,High,False,False,False,0
172899,G06000112,Medium,False,False,False,0
310803,G06001301,High,False,False,False,0
310739,G06000113,Low,False,False,False,0
310723,G06008105,Medium,False,False,False,0
173010,G06007510,High,False,False,True,0
311604,G06008101,High,False,False,False,0
310616,G06007511,Low,True,True,False,0
311673,G06008105,High,False,False,False,0
172289,G06000101,Medium,False,False,False,0
171869,G06000121,Low,False,False,False,0
171901,G06000115,Low,False,False,False,0
171928,G06000101,High,False,False,False,0
312390,G06000113,High,True,True,False,1
312288,G06000112,Low,True,True,False,0
312276,G06008102,High,False,False,False,0
312252,G06007509,Medium,False,False,False,0
172045,G06008102,Medium,False,False,False,1
172050,G06000117,Low,False,False,False,0
312195,G06000121,High,False,False,False,0
312190,G06007512,Medium,True,True,False,0
312161,G06000116,High,False,False,False,0
172166,G06000121,Medium,False,False,False,0
172172,G06008104,Low,False,False,False,0
172173,G06007513,Low,False,False,False,0
311977,G06008102,High,False,False,False,0
311931,G06005301,High,False,False,False,0
172328,G06000115,High,False,False,False,0
173032,G06007513,High,False,False,True,0
310561,G06000114,Low,True,True,True,0
310477,G06000113,Medium,False,False,False,0
173900,G06001311,Low,False,False,False,0
309433,G06005301,Medium,False,False,False,0
309387,G06000112,Medium,False,False,False,0
174051,G06008104,High,False,False,False,0
174062,G06000101,High,True,True,False,0
309195,G06008701,High,False,False,False,0
174078,G06000116,Medium,False,False,False,0
309125,G06000101,Medium,False,False,False,0
309091,G06008101,Medium,False,False,False,0
309058,G06000114,High,False,False,False,0
174223,G06007509,Medium,False,False,False,0
174369,G06007512,Medium,False,False,False,0
174373,G06000111,Low,False,False,False,0
308841,G06000113,Medium,True,True,False,0
308837,G06007513,Low,False,False,False,0
308827,G06007508,Low,False,False,False,0
308773,G06008103,Medium,False,False,False,0
173851,G06008701,Medium,False,False,False,0
309588,G06000101,Low,False,False,False,0
309622,G06000101,Low,False,False,False,0
173747,G06007513,Low,False,False,False,0
173178,G06007509,Medium,True,True,False,0
310365,G06000101,High,False,False,False,0
310313,G06008105,High,False,False,False,1
310257,G06008103,Low,True,True,False,0
310243,G06008102,High,True,True,False,0
173312,G06000111,High,False,False,False,0
310156,G06000121,High,False,False,False,0
310061,G06005302,Medium,True,True,False,0
312705,G06000121,Medium,False,False,False,0
310060,G06007507,High,False,False,False,0
173430,G06007507,Medium,False,False,False,0
309988,G06008106,Low,False,False,False,0
309933,G06007510,Medium,False,False,False,0
309882,G06000112,High,False,False,True,0
309715,G06008103,Medium,False,False,False,0
173612,G06007510,Medium,False,False,False,0
173710,G06007509,High,False,False,False,0
309626,G06001310,High,False,False,False,0
173415,G06000113,Low,False,False,False,0
174486,G06007511,Medium,False,False,False,0
312743,G06008102,High,False,False,False,0
312877,G06005301,Medium,False,False,False,0
169757,G06007509,Low,False,False,False,0
169790,G06009501,High,False,False,True,0
315407,G06000117,High,True,True,False,0
315255,G06000114,High,False,False,True,0
170072,G06008101,High,False,False,True,0
315011,G06008106,High,True,True,False,0
314949,G06008103,Medium,False,False,False,0
314897,G06007512,Medium,True,True,False,0
314891,G06000116,Low,False,False,False,0
170151,G06009501,Medium,False,False,False,0
314804,G06007513,Medium,False,False,False,0
314758,G06007511,High,False,False,False,0
314671,G06007510,Medium,False,False,False,0
314597,G06007512,Medium,False,False,False,1
170310,G06005302,High,False,False,False,0
314583,G06007508,High,False,False,True,0
170332,G06001310,High,True,True,False,0
169691,G06000114,Low,False,False,False,0
170360,G06005302,Medium,False,False,False,0
315734,G06007508,Medium,False,False,False,0
169615,G06008103,Medium,False,False,False,0
168799,G06007510,Low,False,False,True,0
316913,G06008105,High,False,False,True,0
168924,G06007508,Medium,False,False,False,0
316765,G06001310,Low,False,False,False,0
169057,G06008102,High,True,True,False,0
316676,G06000114,High,False,False,False,0
316655,G06008102,High,False,False,False,0
169228,G06007508,Low,False,False,False,0
316502,G06000116,High,False,False,False,0
169391,G06007509,Medium,False,False,True,0
316124,G06000116,Low,False,False,False,1
169500,G06008701,Medium,True,True,False,0
315894,G06008106,Low,False,False,True,0
169565,G06007510,Medium,False,False,False,0
315837,G06007511,High,True,True,False,0
169595,G06000111,Low,False,False,False,0
315807,G06008702,High,False,False,False,0
315768,G06007507,Medium,True,True,False,0
314577,G06001310,High,False,False,False,0
314571,G06008101,Medium,False,False,False,0
314570,G06008102,Medium,False,False,True,0
313626,G06007509,High,False,False,False,0
171096,G06005302,Low,False,False,False,0
313555,G06007512,High,False,False,False,1
313499,G06000112,Low,False,False,False,0
313491,G06008104,High,False,False,False,0
313444,G06007507,High,False,False,False,0
313342,G06007512,High,False,False,False,0
171341,G06000117,High,False,False,False,0
313239,G06008101,Medium,True,True,False,0
313159,G06000111,Low,False,False,False,1
313137,G06007510,High,False,False,False,0
171426,G06000111,High,False,False,False,0
171473,G06007507,Low,True,True,False,0
313023,G06001310,High,True,True,False,0
171528,G06008701,Low,False,False,True,0
171542,G06005301,High,False,False,False,0
171682,G06000111,High,True,True,False,0
171005,G06000121,Medium,False,False,False,0
313708,G06000113,High,False,False,False,0
313804,G06007512,High,False,False,False,1
313855,G06000101,Medium,False,False,False,1
314535,G06007512,High,False,False,False,0
170437,G06007507,High,False,False,False,0
170448,G06005301,Low,False,False,False,0
170451,G06008105,High,False,False,False,0
314451,G06007511,High,False,False,False,0
314412,G06000101,High,False,False,True,0
314365,G06000117,Medium,True,True,False,1
170494,G06007510,High,False,False,False,0
312795,G06008103,Medium,False,False,False,0
314344,G06008105,Low,True,True,False,0
314217,G06000101,High,False,False,False,0
314145,G06008702,Medium,False,False,False,0
314075,G06008702,High,False,False,False,0
313942,G06000111,High,False,False,False,1
170709,G06000113,Medium,True,True,False,0
313923,G06008105,Medium,False,False,False,0
170807,G06008105,Low,False,False,False,0
170808,G06000115,High,False,False,False,0
170537,G06008102,High,False,False,False,0
168785,G06000116,Medium,False,False,False,0
174560,G06007507,Medium,False,False,False,0
308576,G06007509,Low,False,False,False,0
178292,G06008104,High,False,False,False,0
302814,G06008702,High,False,False,False,0
302781,G06000116,Medium,False,False,False,0
178441,G06005302,High,False,False,False,0
302742,G06000111,High,False,False,False,0
302604,G06000111,Low,False,False,False,0
302465,G06000111,Medium,False,False,False,0
178673,G06005302,Low,False,False,False,0
302302,G06000121,High,False,False,False,0
302150,G06008105,High,False,False,False,0
178985,G06005301,Low,True,True,True,0
179008,G06000111,Low,False,False,False,0
179100,G06000112,Low,False,False,True,0
301894,G06000111,Medium,False,False,False,0
301769,G06007512,Low,True,True,False,0
301708,G06005303,High,False,False,False,0
301701,G06000114,Medium,False,False,False,0
178251,G06001301,Low,False,False,False,1
179410,G06005301,Medium,True,True,False,0
178236,G06000117,Medium,False,False,False,0
302981,G06005302,High,False,False,False,1
303973,G06000112,Medium,True,True,True,0
303961,G06001310,Low,False,False,False,0
303935,G06005301,Medium,False,False,False,0
303861,G06005302,Medium,False,False,False,0
303785,G06007508,Medium,False,False,False,0
177851,G06007508,High,False,False,False,0
303720,G06000121,Low,False,False,False,0
303651,G06009501,Medium,False,False,False,0
177973,G06001310,High,False,False,False,0
303456,G06007510,Medium,False,False,False,0
303427,G06000111,High,False,False,False,1
303120,G06008702,Low,False,False,True,0
303098,G06000121,Medium,False,False,False,0
178156,G06001310,Low,False,False,True,0
303078,G06008102,High,True,True,True,0
303052,G06005302,Medium,False,False,False,0
302999,G06008104,High,False,False,False,0
178218,G06000115,Low,False,False,False,0
301614,G06007508,High,False,False,False,0
301547,G06001301,High,True,True,False,0
301527,G06008702,High,False,False,False,0
300466,G06008104,High,True,True,True,0
300364,G06007509,Low,False,False,False,0
300358,G06007511,High,True,True,False,0
300357,G06008101,High,False,False,False,0
180313,G06008702,Low,False,False,False,0
300175,G06008102,High,False,False,False,0
300174,G06000112,Medium,False,False,False,0
300120,G06008102,Medium,False,False,False,0
180361,G06008101,Low,False,False,False,1
300094,G06008106,Low,False,False,False,0
180420,G06000121,Low,False,False,False,0
300061,G06005302,Low,False,False,False,0
300047,G06009501,High,True,True,False,0
299787,G06007512,Low,False,False,False,0
299759,G06007509,Medium,False,False,False,0
299731,G06000114,High,False,False,False,0
299659,G06004104,Medium,False,False,False,0
180173,G06008105,Medium,False,False,False,0
180166,G06000117,High,False,False,False,0
180058,G06008702,High,False,False,False,0
300547,G06000121,Low,False,False,False,0
301452,G06007510,Medium,False,False,False,0
179510,G06000114,Medium,False,False,False,0
179534,G06007513,High,False,False,False,0
301217,G06000113,Low,True,True,True,0
179570,G06000112,Low,False,False,False,0
301114,G06007507,Medium,True,True,False,0
179707,G06007512,High,False,False,False,0
179742,G06007510,High,False,False,False,0
177712,G06005302,Medium,False,False,True,0
301020,G06000112,High,False,False,False,0
179777,G06001310,High,False,False,False,0
300870,G06007508,Medium,False,False,False,0
179866,G06000111,Medium,False,False,False,0
179870,G06000111,Medium,False,False,False,0
179899,G06007511,Medium,False,False,False,0
179957,G06000101,Low,False,False,False,0
300629,G06008702,Low,True,True,False,0
300617,G06000111,High,True,True,False,0
179750,G06000116,Low,True,True,False,0
308595,G06000112,Low,False,False,False,0
304099,G06005302,High,False,False,False,0
177646,G06000115,High,False,False,False,0
175589,G06008105,Medium,False,False,False,0
175682,G06008101,High,False,False,False,0
307295,G06007510,High,False,False,False,0
307256,G06007512,Low,False,False,False,0
175727,G06001301,High,False,False,False,0
307160,G06000114,Low,False,False,True,0
175871,G06005301,High,False,False,False,0
306871,G06007511,High,False,False,False,0
306834,G06001310,Medium,False,False,False,1
175965,G06008702,Medium,False,False,False,0
306769,G06000111,Low,False,False,False,0
176079,G06007513,Medium,False,False,False,0
306758,G06008702,High,False,False,False,0
176094,G06000116,High,False,False,False,0
176097,G06000101,Medium,False,False,False,0
306682,G06000113,High,False,False,False,0
306583,G06000121,High,True,True,False,0
175560,G06008702,Low,False,False,False,0
306565,G06001310,High,False,False,False,0
175552,G06005302,High,False,False,False,0
307458,G06008102,Low,False,False,False,0
174607,G06008104,Medium,False,False,False,0
174632,G06000115,Low,False,False,True,0
308497,G06000121,High,False,False,False,0
308432,G06000117,Medium,False,False,False,0
308393,G06000101,High,False,False,False,0
308343,G06008106,Low,False,False,False,0
174874,G06007509,Low,False,False,False,0
174921,G06000115,High,False,False,False,0
308204,G06007509,Medium,False,False,False,0
308195,G06000121,Low,False,False,False,0
175006,G06008103,High,True,True,False,0
175112,G06007510,Low,False,False,False,0
175157,G06008702,Medium,False,False,False,0
175292,G06008702,High,False,False,False,0
307647,G06005301,High,False,False,False,1
175424,G06000121,Medium,False,False,False,0
175482,G06007509,High,False,False,False,0
175551,G06005301,High,False,False,False,0
176201,G06007512,High,True,True,False,0
306472,G06000116,High,False,False,True,0
306404,G06007511,Medium,False,False,False,0
304735,G06007510,Low,False,False,False,0
177200,G06007511,Low,False,False,False,0
177214,G06001301,High,False,False,False,0
177244,G06000116,High,False,False,False,0
177285,G06000101,Low,False,False,False,0
304658,G06008103,High,False,False,False,0
304644,G06000111,Low,False,False,False,0
177352,G06007513,High,True,True,True,0
177433,G06008105,High,False,False,False,0
304480,G06007509,Medium,False,False,False,0
304472,G06007510,Medium,False,False,False,0
177539,G06007508,Low,False,False,False,0
304458,G06008102,High,False,False,False,0
304399,G06001310,High,False,False,True,0
177576,G06000116,High,False,False,False,0
177597,G06008103,Low,False,False,False,0
304212,G06000115,Low,False,False,False,0
304788,G06000116,High,False,False,False,0
304809,G06000101,High,False,False,False,0
304855,G06008701,Medium,False,False,False,0
304978,G06007507,High,False,False,True,0
176324,G06000115,High,False,False,False,0
306123,G06000101,Low,False,False,False,0
176533,G06001301,Low,True,True,False,0
306000,G06000101,Low,False,False,True,0
305873,G06007512,High,False,False,False,0
305861,G06000111,Low,False,False,False,1
305810,G06000114,High,False,False,False,0
176785,G06000115,High,True,True,False,0
304177,G06008101,Low,False,False,False,0
176847,G06004104,Low,True,True,False,0
176877,G06007508,Low,False,False,False,0
305318,G06007512,Medium,False,False,False,0
176923,G06007510,High,False,False,True,0
305274,G06008101,Medium,False,False,False,0
176987,G06008103,Low,False,False,True,0
177003,G06008702,Low,False,False,False,0
305039,G06000115,High,False,False,False,0
305036,G06007508,Low,False,False,False,0
305375,G06001310,High,False,False,False,0
168776,G06008701,Low,False,False,False,1
168760,G06000101,Low,False,False,False,0
317145,G06008102,High,False,False,True,0
160785,G06000112,High,False,False,False,0
329135,G06008102,Low,False,False,False,0
160911,G06000121,Low,False,False,False,0
160952,G06007512,Medium,False,False,False,0
328917,G06007508,Low,False,False,False,0
161014,G06005302,Low,False,False,False,0
328854,G06008105,Medium,False,False,True,0
161058,G06008701,Medium,False,False,True,0
328702,G06008104,Medium,False,False,False,0
328683,G06008101,Medium,True,True,False,0
328650,G06000116,High,False,False,False,0
328642,G06000113,Medium,False,False,False,0
328513,G06000116,High,False,False,False,0
328501,G06000112,High,False,False,False,0
328466,G06001301,Medium,False,False,False,0
161195,G06007507,High,False,False,False,0
328427,G06009501,Medium,False,False,False,0
160729,G06008101,High,True,True,False,0
161340,G06007510,High,False,False,False,0
329293,G06000121,High,False,False,False,0
160623,G06000116,Medium,False,False,False,0
160133,G06008104,Medium,False,False,False,0
330287,G06000111,Medium,False,False,False,0
330206,G06000101,Medium,False,False,False,0
160142,G06008101,Medium,False,False,False,0
330106,G06008702,High,True,True,False,0
329965,G06000113,High,False,False,False,0
329953,G06000114,High,False,False,False,0
329808,G06008102,High,False,False,False,0
329769,G06000111,High,True,True,True,0
160313,G06009501,Medium,False,False,True,0
329703,G06007512,Medium,False,False,False,0
329682,G06000113,Medium,False,False,False,0
329627,G06008102,High,False,False,False,0
329621,G06007509,Medium,False,False,False,0
329570,G06008701,Medium,True,True,False,0
160550,G06007510,High,False,False,False,0
329367,G06008103,Medium,False,False,True,0
160638,G06007510,Low,False,False,False,0
328303,G06001301,High,False,False,False,0
161403,G06000121,Medium,False,False,False,1
328239,G06000101,Medium,False,False,False,0
327477,G06008104,Medium,False,False,False,0
162055,G06008103,Medium,True,True,False,0
162105,G06008104,Medium,False,False,False,0
162163,G06008104,High,False,False,False,0
327253,G06007508,High,False,False,True,0
327227,G06005301,Medium,False,False,False,1
327127,G06007509,Medium,False,False,False,0
162262,G06007510,High,False,False,False,0
162279,G06007511,High,False,False,False,0
162354,G06001301,High,False,False,False,0
326959,G06007511,Medium,False,False,False,0
326905,G06000114,High,False,False,False,0
162517,G06000112,Low,False,False,False,0
162527,G06008104,High,True,True,False,0
162530,G06007512,Low,False,False,False,0
326746,G06000114,High,False,False,False,1
162557,G06007509,Medium,False,False,True,0
162037,G06005302,Low,False,False,False,0
162020,G06001301,Medium,False,False,False,1
327527,G06007508,Medium,False,False,False,0
161983,G06008701,Low,False,False,False,0
161450,G06007508,Medium,False,False,True,0
328182,G06008102,High,False,False,False,0
328155,G06000112,High,False,False,True,0
161537,G06007512,High,False,False,False,0
328153,G06008105,High,False,False,False,0
328121,G06008105,High,False,False,False,0
161610,G06008701,Low,False,False,False,0
161643,G06008702,Medium,False,False,False,0
330288,G06001301,Medium,False,False,False,0
161644,G06000115,Medium,False,False,False,0
161674,G06007510,Low,True,True,False,0
328038,G06000112,Medium,False,False,False,0
161750,G06008104,Medium,False,False,False,0
327941,G06005302,Low,False,False,False,0
161790,G06001310,High,False,False,True,0
327821,G06007507,Low,False,False,False,0
161894,G06007508,High,False,False,True,0
327640,G06008106,High,False,False,False,0
328116,G06007508,Medium,False,False,False,0
162666,G06000111,Low,False,False,True,0
330302,G06000112,Medium,False,False,False,0
330518,G06008701,Medium,False,False,False,0
158006,G06007510,Low,False,False,False,0
158045,G06000114,Low,False,False,True,0
158061,G06007513,Low,False,False,False,0
158068,G06000113,High,False,False,False,0
158096,G06007513,High,False,False,True,0
332906,G06001310,High,False,False,False,0
158123,G06000113,Medium,False,False,False,0
332876,G06008103,Low,False,False,True,0
332865,G06008102,Low,False,False,False,0
332824,G06007511,Low,False,False,False,0
332823,G06007509,Medium,False,False,False,0
158268,G06000114,High,False,False,False,0
332779,G06000114,Low,False,False,False,0
332774,G06000116,Low,False,False,True,0
158344,G06008101,Low,False,False,False,0
332698,G06000115,High,True,True,False,0
332654,G06007508,Medium,False,False,False,0
157992,G06000101,Medium,False,False,False,0
158414,G06008104,Medium,False,False,False,0
332968,G06005301,High,False,False,False,0
333028,G06008103,Medium,False,False,False,0
334028,G06007512,High,True,True,False,0
334013,G06000114,Medium,False,False,False,0
333964,G06007511,Medium,False,False,False,0
156962,G06000115,High,False,False,False,0
333864,G06000111,Medium,False,False,False,0
157211,G06000116,Low,False,False,False,0
157212,G06008702,High,True,True,True,0
333662,G06008101,High,False,False,False,0
157287,G06000101,Medium,False,False,False,0
333557,G06008702,High,False,False,False,0
333486,G06008103,Medium,False,False,False,0
157422,G06000117,Medium,False,False,False,0
333352,G06005301,Low,False,False,False,1
333283,G06000113,Low,False,False,False,0
157673,G06000121,Medium,False,False,False,0
333070,G06008701,High,True,True,False,0
333061,G06001310,High,False,False,False,1
332980,G06000116,Medium,False,False,False,0
332628,G06000116,High,False,False,False,0
158511,G06000115,High,False,False,False,0
158523,G06000121,High,False,False,False,0
331517,G06007510,High,False,False,False,0
331475,G06008104,Low,True,True,False,1
159467,G06000112,High,False,False,False,0
331152,G06000121,High,False,False,False,0
331123,G06008104,High,False,False,False,0
331096,G06000112,Low,False,False,False,0
331068,G06000121,Low,False,False,False,0
159672,G06000111,High,False,False,False,0
330927,G06000113,High,False,False,False,0
159752,G06005301,Medium,True,True,True,0
330908,G06007508,High,False,False,False,0
330785,G06001301,Medium,False,False,False,0
330726,G06001301,High,False,False,False,0
330705,G06000114,High,False,False,False,0
330618,G06005302,High,False,False,False,0
330588,G06008103,High,False,False,False,0
330558,G06000111,High,False,False,False,0
159172,G06007511,Low,False,False,False,0
331598,G06005302,High,False,False,False,0
159121,G06001310,High,False,False,True,0
159088,G06001310,Low,False,False,False,0
332356,G06008103,High,False,False,True,0
332307,G06007513,Medium,False,False,False,0
158707,G06000111,Medium,False,False,False,0
158756,G06008104,High,True,True,True,0
158770,G06007513,High,False,False,False,0
332268,G06007508,High,False,False,False,0
332139,G06008103,High,False,False,False,1
332047,G06005301,High,False,False,False,0
330447,G06005301,Medium,False,False,False,0
331923,G06000112,High,False,False,False,0
158926,G06000121,High,False,False,False,0
331894,G06000117,High,False,False,True,0
158974,G06008102,Low,False,False,False,0
158984,G06008101,Medium,False,False,False,0
159012,G06000115,High,False,False,True,0
159020,G06007513,High,False,False,True,0
331732,G06007513,High,True,True,False,0
159054,G06005301,High,False,False,False,0
158916,G06000114,High,False,False,False,0
326680,G06001310,High,False,False,False,0
326509,G06001301,Medium,False,False,False,0
162871,G06008105,Low,False,False,False,0
166685,G06000114,Low,False,False,False,0
320468,G06000111,High,False,False,False,0
166724,G06001310,Medium,False,False,False,0
320328,G06007509,Low,False,False,False,0
166769,G06005302,High,False,False,False,0
166824,G06008106,High,False,False,False,0
319969,G06000112,Medium,False,False,False,0
319954,G06008701,Medium,False,False,False,0
166975,G06007508,High,False,False,False,0
166997,G06000116,High,False,False,False,0
319859,G06000112,High,False,False,False,0
319847,G06000115,Medium,False,False,False,0
319775,G06007510,Medium,False,False,False,0
167130,G06000117,Low,False,False,False,0
167179,G06001301,Low,False,False,False,0
167180,G06007509,Medium,False,False,False,0
319643,G06001310,Medium,True,True,False,0
166666,G06007509,High,False,False,False,0
319580,G06007507,Medium,False,False,False,0
320509,G06007512,High,False,False,False,0
320518,G06000113,Medium,False,False,False,0
165933,G06007508,Low,False,False,False,0
321634,G06007513,High,False,False,False,0
321535,G06008102,High,False,False,False,0
321524,G06007510,High,False,False,True,0
321453,G06000114,Medium,False,False,False,0
321442,G06008105,Low,False,False,False,0
166036,G06000112,Low,False,False,False,0
321393,G06000114,Medium,False,False,False,0
321346,G06001310,Low,True,True,False,0
166109,G06000111,Medium,False,False,True,0
166174,G06008105,High,True,True,False,0
321056,G06008106,High,False,False,True,0
321004,G06000121,High,False,False,False,0
166471,G06000115,Low,False,False,False,0
166575,G06007512,High,False,False,False,0
320595,G06008104,High,False,False,False,0
320530,G06008104,Medium,False,False,False,0
166636,G06000101,Medium,False,False,False,0
319546,G06004103,High,False,False,False,0
167258,G06007509,Low,False,False,False,0
319519,G06001310,Medium,False,False,False,0
168103,G06000114,Medium,False,False,False,0
318070,G06008701,High,True,True,True,0
317979,G06008104,Low,True,True,False,0
317859,G06007509,High,False,False,False,0
317832,G06008103,Low,False,False,False,0
317787,G06009501,Low,True,True,False,0
317732,G06005303,High,False,False,False,0
168428,G06008103,Medium,False,False,False,0
168574,G06004104,High,False,False,True,0
317396,G06005301,High,False,False,False,0
317360,G06000113,Medium,False,False,False,0
317340,G06000117,Medium,False,False,False,0
317298,G06000121,Low,True,True,True,0
317259,G06007507,Medium,False,False,False,0
317224,G06000113,High,False,False,False,0
317194,G06007509,High,False,False,False,0
168732,G06007511,Medium,False,False,False,0
168088,G06000121,Low,False,False,False,0
318097,G06004103,High,False,False,False,0
318111,G06000115,High,False,False,False,1
168045,G06008702,Low,False,False,False,0
319517,G06008103,Medium,False,False,False,0
319514,G06008106,Low,True,True,False,0
319327,G06008701,Medium,False,False,False,0
167381,G06007513,Low,False,False,False,0
167515,G06007513,Medium,False,False,True,0
318962,G06007509,Medium,False,False,False,0
167552,G06007507,Low,False,False,False,0
318887,G06008102,Medium,False,False,False,0
321654,G06005301,Low,False,False,False,0
318764,G06007513,Low,False,False,False,0
318713,G06008103,High,False,False,False,0
318655,G06001301,High,False,False,False,0
167718,G06005301,Low,False,False,False,0
167816,G06000101,Medium,False,False,True,0
318387,G06007510,Low,False,False,False,1
318344,G06008106,Low,False,False,False,0
167946,G06008103,Medium,False,False,False,0
318262,G06008103,Medium,False,False,False,0
167668,G06008101,High,False,False,False,0
165880,G06008103,High,False,False,False,0
321693,G06007508,Low,False,False,False,0
321868,G06001310,High,False,False,False,0
325585,G06007511,High,False,False,True,0
163715,G06007510,High,False,False,False,0
325535,G06008702,High,False,False,False,0
325518,G06008105,High,False,False,False,0
325205,G06008104,High,True,True,False,0
325094,G06000114,High,True,True,False,0
325061,G06007513,Medium,False,False,False,0
325036,G06000101,High,False,False,False,0
325027,G06007512,High,False,False,True,0
324984,G06000111,Low,False,False,False,0
164190,G06007510,High,False,False,True,0
324831,G06007511,High,False,False,False,0
324825,G06007509,High,False,False,False,0
164223,G06000116,Low,False,False,False,0
324691,G06009501,High,False,False,False,0
164282,G06000115,High,False,False,False,0
324384,G06000111,High,False,False,False,0
163666,G06000121,Low,False,False,True,0
163616,G06008102,High,True,True,False,0
163587,G06007508,High,True,True,False,0
325731,G06007512,High,False,False,False,0
326301,G06000112,High,True,True,True,0
162948,G06000112,Medium,True,True,False,0
326229,G06008106,High,False,False,False,0
326193,G06008702,Low,True,True,False,0
162996,G06008105,High,True,True,True,0
326150,G06008102,High,False,False,True,0
163039,G06000115,High,False,False,False,0
163180,G06000113,High,False,False,False,0
164381,G06008702,Medium,False,False,False,0
326040,G06007512,Medium,False,False,False,0
325999,G06004104,High,False,False,False,0
325985,G06000121,High,False,False,False,0
325968,G06000115,Medium,False,False,False,0
325919,G06008103,Low,False,False,False,0
325859,G06005301,Medium,False,False,False,0
163350,G06000117,Medium,False,False,False,0
163410,G06007508,High,False,False,False,0
163513,G06008702,High,False,False,False,0
326008,G06005301,High,False,False,False,0
156792,G06000115,High,True,True,False,0
324351,G06008102,Medium,False,False,False,0
164417,G06000114,Medium,True,True,False,0
165199,G06008105,High,False,False,False,0
322888,G06007508,High,False,False,False,0
322613,G06008102,Low,False,False,False,0
322498,G06008702,Low,False,False,False,0
322447,G06008106,High,True,True,False,0
322314,G06000116,Low,False,False,False,0
165435,G06000121,High,False,False,False,0
322213,G06000111,Medium,False,False,False,1
322198,G06008105,High,False,False,True,0
322156,G06000117,Low,False,False,True,0
165638,G06008101,High,False,False,True,0
165646,G06007510,High,False,False,False,0
322148,G06001310,Medium,False,False,False,0
322130,G06001301,High,False,False,False,0
165688,G06000114,High,False,False,False,0
165747,G06001310,Medium,False,False,False,0
321875,G06008104,Medium,False,False,False,0
323065,G06000112,Medium,False,False,False,0
323230,G06009501,High,False,False,False,0
165000,G06000112,Medium,False,False,False,0
164990,G06000121,High,False,False,False,0
324309,G06000111,High,False,False,False,0
324280,G06000111,High,False,False,True,0
324221,G06004104,Medium,True,True,True,0
164543,G06000114,Low,False,False,False,0
324219,G06000112,Low,False,False,False,0
323990,G06007513,High,True,True,True,0
323980,G06007508,Medium,False,False,False,0
164728,G06000121,High,False,False,False,0
164391,G06008101,Low,False,False,False,0
323807,G06000117,High,False,False,False,0
164770,G06008102,Medium,True,True,False,0
164773,G06008103,High,False,False,True,0
323712,G06005301,Low,False,False,False,0
164866,G06000121,Low,False,False,False,0
323513,G06001310,High,False,False,False,1
323437,G06007512,High,False,False,True,0
164946,G06008105,High,False,False,True,0
323360,G06001301,Low,True,True,False,0
323735,G06000115,Medium,False,False,False,0
460311,G06000116,High,False,False,False,0
230235,G06000111,High,False,False,False,0
63271,G06000111,High,False,False,False,0
15770,G06005301,High,False,False,False,0
535885,G06000111,Low,False,False,False,0
42706,G06000121,Medium,False,False,True,0
42708,G06007508,High,False,False,False,0
545937,G06008105,Low,False,False,False,0
505036,G06000121,High,False,False,False,0
505263,G06007512,Low,True,True,False,0
15804,G06007509,Low,True,True,False,0
468504,G06000112,Low,False,False,False,0
15809,G06000101,Medium,True,True,True,0
57537,G06005302,High,False,False,False,0
10575,G06007509,Low,False,False,False,0
32562,G06000115,High,False,False,False,0
57502,G06008104,Medium,False,False,False,0
505460,G06008702,Low,False,False,False,0
3054,G06008702,Medium,False,False,False,0
15882,G06008106,Medium,False,False,False,0
505510,G06000121,High,False,False,False,0
3034,G06008101,Low,False,False,False,1
489530,G06007508,High,False,False,False,0
528407,G06008102,High,False,False,False,0
505590,G06007512,Medium,False,False,False,0
476960,G06001310,Medium,True,True,False,0
545982,G06000117,High,True,True,False,0
546004,G06007510,High,False,False,False,0
42792,G06007507,High,False,False,False,0
468429,G06007511,Medium,False,False,False,0
528391,G06007512,High,False,False,False,0
476946,G06007507,Medium,False,False,True,0
32725,G06008104,Medium,False,False,False,0
489780,G06000115,High,True,True,False,0
51701,G06007510,Medium,False,False,False,0
42515,G06004104,Medium,False,False,False,0
3174,G06004104,High,False,False,True,0
42571,G06005302,Medium,False,False,False,0
32924,G06000115,High,False,False,True,0
541980,G06000111,Medium,False,False,False,0
528619,G06007511,Low,False,False,False,1
504763,G06007510,High,False,False,False,0
32843,G06005303,High,False,False,True,1
528578,G06008702,Low,False,False,False,0
42608,G06000111,High,False,False,False,0
528567,G06007509,High,False,False,False,0
32828,G06008104,Low,False,False,True,0
42620,G06001301,High,False,False,False,0
57434,G06000111,High,False,False,False,0
545843,G06009501,Medium,False,False,False,0
528545,G06008105,Medium,False,False,True,0
535800,G06007507,Medium,True,True,True,0
528519,G06007510,Low,True,True,False,0
10712,G06008702,Medium,False,False,True,0
10703,G06007512,Medium,False,False,True,0
468711,G06000121,Medium,False,False,False,0
42627,G06001301,Low,False,False,False,0
541920,G06008103,High,False,False,False,0
504879,G06005302,Medium,False,False,False,0
10631,G06008106,High,False,False,False,0
32744,G06008101,Medium,False,False,False,0
468670,G06007510,High,False,False,False,0
32729,G06000121,High,False,False,False,0
57467,G06007509,High,False,False,False,1
541852,G06009501,Low,False,False,True,1
32975,G06005301,Medium,False,False,False,0
489510,G06008701,Low,False,False,False,0
489501,G06007511,High,False,False,False,0
57698,G06007512,Low,False,False,False,0
32011,G06000116,High,True,True,False,0
42991,G06000111,Low,False,False,False,0
546079,G06001311,Low,False,False,False,0
477079,G06004103,High,False,False,False,0
57713,G06000111,High,False,False,False,1
506143,G06000114,Low,False,False,False,0
31948,G06000113,Low,False,False,False,0
51428,G06007511,High,False,False,True,1
528304,G06008701,Medium,False,False,True,0
31941,G06000112,High,False,False,False,0
10451,G06000114,High,False,False,False,0
51417,G06008103,Medium,False,False,True,0
42989,G06000117,Low,False,False,True,0
506232,G06007510,High,False,False,False,1
489127,G06000111,High,False,False,True,0
31820,G06008104,High,False,False,False,0
31815,G06001301,High,False,False,False,1
43138,G06007508,High,False,False,False,0
489126,G06005302,Low,False,False,True,1
536216,G06007512,Low,True,True,False,0
31781,G06005302,Medium,False,False,True,1
506384,G06008106,Medium,False,False,False,0
506400,G06000113,High,False,False,False,1
528243,G06008702,High,False,False,False,0
506416,G06008104,High,False,False,False,0
6136,G06005301,Medium,False,False,False,0
506447,G06000121,Low,False,False,False,0
51408,G06007508,Medium,False,False,False,0
2796,G06007511,High,False,False,False,0
468287,G06007508,High,False,False,False,0
506118,G06001301,High,False,False,False,0
505729,G06007509,Low,False,False,False,0
51551,G06008701,Low,False,False,True,0
57642,G06001310,Low,False,False,False,0
505859,G06007511,Medium,False,False,True,0
489475,G06001301,Low,False,False,False,0
32294,G06001301,High,False,False,False,0
505916,G06005302,High,False,False,False,1
32277,G06000114,High,True,True,False,0
476975,G06007508,Medium,False,False,True,1
489468,G06008104,Low,False,False,True,0
2917,G06000121,High,True,True,True,0
32247,G06007513,Low,True,True,False,0
476996,G06007513,Medium,False,False,False,0
2916,G06000114,Medium,False,False,False,0
536030,G06007512,Low,False,False,False,0
15969,G06000112,High,False,False,True,0
506021,G06007512,Low,False,False,False,0
528315,G06007510,Low,False,False,False,0
57672,G06000117,High,False,False,False,0
10473,G06008106,Medium,False,False,False,0
506033,G06001301,Low,False,False,False,0
15995,G06008101,High,False,False,False,0
546068,G06007513,Low,False,False,False,0
32119,G06000113,High,True,True,True,0
57673,G06008102,Medium,False,False,False,0
42946,G06007513,Medium,False,False,False,0
468290,G06008104,Medium,False,False,False,0
506045,G06000111,Medium,True,True,False,0
489429,G06007509,High,False,False,True,0
32400,G06007510,High,True,True,False,0
504533,G06000116,High,False,False,False,0
504513,G06007510,High,False,False,False,0
489913,G06007509,Medium,False,False,False,0
469704,G06009501,High,False,False,False,0
503235,G06007512,Low,False,False,False,0
11142,G06007511,High,False,False,False,0
469596,G06000111,High,False,False,False,0
469587,G06008701,High,False,False,False,1
3390,G06007507,Low,False,False,False,0
52007,G06007508,Medium,False,False,False,0
542135,G06001301,High,False,False,False,0
51993,G06000111,Medium,False,False,False,0
33723,G06000113,High,False,False,False,0
469530,G06005302,Medium,False,False,False,0
529175,G06000117,Medium,False,False,True,0
42011,G06000116,Medium,False,False,False,0
15294,G06007510,High,False,False,False,1
56898,G06005301,Low,False,False,False,0
56938,G06007507,Low,False,False,False,0
11101,G06008702,Low,False,False,False,0
42061,G06000115,Medium,False,False,False,0
11060,G06000111,High,False,False,False,0
503432,G06000112,High,False,False,False,0
476460,G06007510,Medium,False,False,True,0
33647,G06001310,High,True,True,True,0
476486,G06007511,Medium,False,False,True,0
469380,G06007508,High,False,False,True,0
545521,G06000116,High,False,False,False,1
545528,G06000121,Medium,False,False,False,0
476592,G06000101,Low,False,False,False,0
535466,G06000115,High,False,False,False,0
545493,G06007510,Low,False,False,False,0
33758,G06008106,High,False,False,False,0
56780,G06008101,Medium,True,True,False,0
469788,G06000111,High,False,False,False,0
34058,G06000115,Low,False,False,False,0
469846,G06008102,Medium,False,False,False,0
502816,G06000111,High,False,False,False,0
535222,G06000101,Low,False,False,False,0
529449,G06007511,Medium,False,False,False,0
41886,G06007511,High,False,False,True,0
34015,G06005302,Medium,False,False,False,0
529418,G06000115,Medium,True,True,False,0
476330,G06005302,Medium,False,False,False,1
52060,G06001310,High,False,False,False,0
503009,G06008103,High,True,True,False,0
490846,G06007509,Medium,False,False,False,0
33892,G06008104,Low,False,False,False,0
490839,G06004104,High,True,True,False,0
469839,G06009501,High,True,True,False,1
56679,G06005302,Low,False,False,False,0
490834,G06007507,High,False,False,False,0
11164,G06000112,High,False,False,False,0
469797,G06005302,High,False,False,False,0
490748,G06004104,Low,False,False,False,0
33826,G06008105,Medium,True,True,False,0
529298,G06000113,Medium,False,False,False,0
56725,G06007513,High,False,False,False,0
503079,G06000101,Medium,False,False,False,1
56742,G06000111,High,False,False,True,0
56746,G06007509,Medium,False,False,False,0
476391,G06007511,High,False,False,False,0
56767,G06005302,Medium,True,True,False,1
33777,G06000101,High,False,False,False,0
11010,G06000116,High,False,False,True,0
490537,G06001310,Low,False,False,True,0
33619,G06008105,High,False,False,False,0
469247,G06007508,High,False,False,False,1
33247,G06005301,Low,False,False,True,0
504281,G06008103,High,False,False,False,0
504305,G06000101,High,False,False,False,0
10866,G06008102,Medium,False,False,False,0
15487,G06000111,Medium,False,False,False,0
528900,G06005303,Medium,False,False,False,0
42358,G06008702,Medium,False,False,False,0
528853,G06007508,Medium,True,True,False,0
10839,G06008702,High,False,False,False,0
490163,G06008103,Medium,False,False,False,0
542068,G06000111,High,True,True,False,0
476776,G06007513,Medium,False,False,False,0
545778,G06007510,Low,False,False,False,0
57257,G06000121,Medium,False,False,False,0
33043,G06000121,Medium,False,False,False,0
490094,G06004104,High,False,False,False,0
504476,G06008101,Medium,False,False,False,0
3201,G06007512,High,False,False,False,0
57269,G06000115,High,False,False,False,0
51809,G06000121,Medium,False,False,False,0
33012,G06000121,High,False,False,False,0
42466,G06000113,High,False,False,False,0
468952,G06000111,Low,False,False,False,0
15518,G06007508,Low,False,False,True,0
33011,G06000111,Medium,False,False,False,0
57294,G06001301,High,False,False,False,0
528744,G06000101,Low,False,False,False,0
535740,G06004104,High,False,False,False,0
15547,G06008701,Medium,False,False,False,0
504238,G06008102,Medium,False,False,False,0
468136,G06008103,Medium,False,False,False,0
490241,G06007508,High,False,False,False,0
476730,G06000117,Medium,False,False,False,0
490455,G06007507,High,False,False,False,0
10998,G06008101,High,False,False,False,0
535550,G06000113,High,False,False,False,0
469199,G06005302,High,False,False,False,0
33558,G06000114,High,False,False,False,0
503574,G06001310,Medium,True,True,False,0
33553,G06007512,Medium,False,False,False,0
5916,G06008103,Medium,True,True,False,0
503649,G06007508,Low,False,False,False,0
10987,G06008101,High,True,True,False,0
42203,G06000117,High,False,False,False,0
3243,G06008701,High,False,False,False,0
503766,G06008101,Low,False,False,False,0
545592,G06000101,High,False,False,False,0
503783,G06000111,Low,False,False,False,0
33439,G06005301,Medium,False,False,False,0
51896,G06008103,High,False,False,False,0
535609,G06008702,High,False,False,False,1
42274,G06007509,High,False,False,False,0
503860,G06000114,High,True,True,False,0
33378,G06000112,Medium,False,False,False,0
503865,G06008102,Medium,False,False,False,0
57073,G06007507,High,False,False,False,0
503888,G06007513,Low,False,False,True,0
469186,G06007507,Medium,False,False,False,1
57090,G06000116,Medium,False,False,False,0
504000,G06008702,Low,False,False,False,0
476688,G06000117,Medium,False,False,False,0
42302,G06000112,Low,False,False,True,0
490277,G06007508,High,False,False,False,0
56637,G06008104,Low,False,False,False,0
536286,G06008105,Medium,False,False,False,0
63281,G06008102,High,False,False,False,0
58844,G06004104,Low,True,True,False,0
29802,G06005301,Medium,False,False,False,0
29795,G06005301,High,False,False,False,0
29753,G06007510,Medium,False,False,False,0
50819,G06005302,Medium,False,False,False,0
29737,G06000111,Low,False,False,False,0
58873,G06004104,Medium,False,False,True,0
9996,G06000101,Medium,False,False,False,0
29728,G06001310,Medium,False,False,True,0
527098,G06008106,High,True,True,False,0
9981,G06000111,Medium,False,False,False,0
487723,G06005302,Medium,False,False,False,1
509646,G06005302,Low,False,False,False,1
487818,G06000121,Low,False,False,False,0
477984,G06000121,Medium,False,False,False,0
29571,G06007509,High,False,False,False,0
509740,G06007512,High,True,True,False,0
509742,G06000112,High,True,True,False,0
466553,G06000121,Medium,False,False,False,0
487415,G06007513,Low,False,False,True,0
466548,G06008701,High,False,False,False,1
58943,G06009501,Medium,False,False,False,0
44294,G06000112,Medium,False,False,False,0
466540,G06008101,Medium,True,True,False,0
509910,G06000116,Low,False,False,False,0
546794,G06000111,Medium,False,False,False,0
526995,G06007513,High,False,False,False,0
546797,G06008101,High,False,False,False,0
536952,G06000114,Low,False,False,False,0
541471,G06005302,High,False,False,False,0
509369,G06000115,Low,False,False,False,0
29972,G06000116,High,False,False,True,0
488161,G06000116,High,False,False,False,0
488142,G06000113,Low,False,False,False,0
6354,G06007511,Low,False,False,False,0
43947,G06000121,Medium,False,False,True,0
16726,G06008702,Low,False,False,False,0
30296,G06007511,High,True,True,False,0
2271,G06008104,High,False,False,False,0
30267,G06000112,Medium,False,False,False,0
16752,G06007507,Low,False,False,False,0
508969,G06000112,High,False,False,False,0
16759,G06008101,High,False,False,True,0
58680,G06007513,High,False,False,False,0
43992,G06000112,High,False,False,False,0
487977,G06000111,Medium,False,False,False,0
58693,G06008104,Low,False,False,False,0
509102,G06000112,High,False,False,False,0
527240,G06004104,High,False,False,True,0
58721,G06008102,Medium,False,False,False,0
487961,G06008102,Medium,False,False,True,1
30109,G06000117,High,True,True,False,0
509236,G06008104,High,False,False,False,0
16800,G06007509,Medium,False,False,False,0
536831,G06007510,Low,False,False,False,0
16843,G06008701,High,True,True,False,0
58746,G06000115,Medium,False,False,False,0
527158,G06008102,High,False,False,False,0
29996,G06000116,Low,False,False,True,0
16863,G06000121,High,False,False,True,0
29985,G06000113,High,False,False,False,0
478035,G06007513,High,False,False,False,0
488230,G06000117,Medium,True,True,True,0
546808,G06000116,High,False,False,False,1
526919,G06008701,High,False,False,False,0
29034,G06000111,Low,False,False,False,1
510518,G06007507,High,False,False,False,0
486840,G06005301,High,False,False,False,1
478135,G06008104,High,False,False,False,0
510608,G06000112,High,False,False,False,0
537180,G06000121,Medium,False,False,False,0
28933,G06008103,High,True,True,False,1
510638,G06000112,High,False,False,True,0
526591,G06005303,Low,False,False,True,0
526575,G06000116,Medium,False,False,False,0
28915,G06007510,High,False,False,False,0
17324,G06007510,Low,False,False,False,0
510722,G06008105,High,False,False,True,0
486914,G06007513,High,False,False,True,0
44585,G06008701,High,False,False,False,0
541294,G06001310,Medium,False,False,False,0
59215,G06007510,Medium,False,False,False,0
510757,G06007509,Low,False,False,False,0
28819,G06007508,High,False,False,False,0
17335,G06004104,High,False,False,False,0
526546,G06008701,High,False,False,False,0
466041,G06007509,Low,False,False,False,0
546987,G06000113,Medium,True,True,False,0
44604,G06000115,Medium,False,False,True,0
510841,G06007510,Medium,False,False,False,0
510888,G06007509,Low,False,False,False,0
1969,G06008101,Low,False,False,False,0
466020,G06001310,Medium,False,False,False,0
478213,G06000116,High,False,False,False,0
526633,G06000111,Medium,False,False,False,0
17211,G06000112,High,True,True,False,1
29148,G06005302,High,False,False,False,0
59009,G06007509,Low,False,False,False,0
546848,G06000111,High,False,False,True,0
44311,G06008101,High,True,True,False,1
510059,G06000111,High,False,False,False,0
29442,G06000113,Medium,False,False,False,0
50772,G06000115,High,False,False,False,0
466426,G06008105,Low,False,False,True,0
466336,G06007511,Medium,False,False,False,0
510086,G06008103,Low,False,False,False,0
487212,G06000113,Low,False,False,False,0
487203,G06000111,Low,False,False,False,0
537070,G06008701,Medium,False,False,False,0
59082,G06000101,Medium,False,False,False,0
59092,G06001311,Low,False,False,False,0
29317,G06008702,Low,False,False,False,0
510133,G06008702,Medium,False,False,False,0
50704,G06000113,Medium,False,False,True,0
546937,G06007508,Medium,False,False,False,0
510143,G06000115,High,False,False,False,0
17121,G06000116,Medium,False,False,False,0
546938,G06000114,High,True,True,False,0
29247,G06008702,High,False,False,False,0
526806,G06008105,High,False,False,False,0
487031,G06000111,High,False,False,False,0
487021,G06000113,Medium,True,True,False,0
526755,G06007511,Low,False,False,False,0
2064,G06008106,High,True,True,False,0
510398,G06000117,Medium,False,False,True,0
486977,G06000114,High,False,False,False,1
29472,G06007510,Medium,False,False,False,0
58580,G06008701,Medium,True,True,False,0
2278,G06000113,Medium,False,False,False,0
508887,G06009501,Medium,False,False,False,0
16281,G06000114,Medium,False,False,False,0
43389,G06007510,Medium,False,False,False,0
541725,G06007512,Medium,False,False,False,0
488608,G06007513,High,False,False,False,0
507078,G06008103,High,False,False,False,0
467726,G06008702,High,False,False,True,0
31369,G06000115,High,False,False,True,0
507172,G06007509,Low,False,False,False,1
6218,G06008104,High,False,False,False,0
507421,G06001301,Medium,False,False,False,0
31210,G06000114,High,False,False,False,0
488536,G06005301,Low,False,False,False,0
31166,G06007509,Medium,False,False,False,0
57954,G06008701,Medium,False,False,False,0
31109,G06000111,Medium,False,False,False,0
43488,G06009501,Medium,False,False,True,0
58101,G06000115,High,True,True,False,0
527787,G06007509,High,False,False,False,0
477611,G06008702,Medium,False,False,False,0
546288,G06007510,Low,False,False,False,0
527776,G06007510,Medium,False,False,False,0
43522,G06008106,Low,False,False,False,0
546292,G06009501,Low,False,False,False,0
507616,G06001310,High,True,True,False,0
467617,G06005301,High,False,False,False,0
30965,G06000112,Medium,False,False,False,0
477660,G06000112,Low,False,False,False,0
488376,G06008105,High,False,False,False,0
467690,G06007511,Low,False,False,False,0
51160,G06008106,Low,False,False,False,0
31401,G06000101,Low,False,False,True,0
506927,G06005301,Medium,False,False,False,1
506505,G06007511,Low,False,False,False,0
528159,G06007510,High,True,True,False,0
10341,G06007508,High,False,False,False,0
31629,G06000113,Medium,True,True,True,0
477189,G06000115,High,False,False,False,0
57864,G06007512,Medium,True,True,False,0
477315,G06001301,High,False,False,False,0
468085,G06000114,Medium,False,False,False,0
506649,G06008106,High,False,False,False,0
506664,G06007513,High,False,False,False,0
16137,G06007508,Low,False,False,False,0
6145,G06008106,Low,False,False,True,0
468041,G06008702,Medium,False,False,False,0
43216,G06008104,High,False,False,False,0
16173,G06007512,Low,False,False,False,0
536327,G06007509,High,False,False,True,0
536343,G06007513,High,False,False,False,0
477334,G06008701,Medium,False,False,False,0
528075,G06008102,High,False,False,False,0
541764,G06007509,Low,True,True,False,0
31506,G06000114,Medium,False,False,False,0
477404,G06007512,Medium,False,False,False,0
528026,G06001301,Low,False,False,False,0
506879,G06000121,High,False,False,False,1
2749,G06008102,High,False,False,False,0
477473,G06007508,High,False,False,False,1
488704,G06000115,High,False,False,False,0
2706,G06000112,Low,False,False,True,0
527946,G06007512,Low,False,False,False,0
507675,G06000101,High,True,True,False,0
30912,G06001301,High,False,False,False,0
467535,G06000121,Medium,False,False,False,0
30895,G06000112,Medium,False,False,False,0
2346,G06001310,Medium,False,False,False,0
2343,G06007510,Medium,False,False,False,0
527414,G06007509,Low,False,False,True,0
16654,G06000115,High,False,False,False,0
541541,G06009501,Low,False,False,False,0
508413,G06005301,Medium,True,True,False,1
30542,G06007511,High,False,False,False,0
477814,G06007510,Medium,False,False,False,0
43761,G06000117,Medium,True,True,False,0
508471,G06008103,High,False,False,False,1
467140,G06005302,High,False,False,False,1
50938,G06001310,High,False,False,False,0
43777,G06008702,High,False,False,False,0
536683,G06001301,High,False,False,False,0
10160,G06008102,Medium,False,False,False,0
6340,G06009501,Medium,False,False,False,0
58463,G06000116,High,False,False,False,0
58468,G06000111,Medium,False,False,False,0
527298,G06000101,Low,False,False,False,0
508586,G06005301,Medium,False,False,False,0
58487,G06000101,High,False,False,False,0
43806,G06007511,Low,False,False,False,0
508625,G06008105,High,True,True,False,0
30446,G06000112,High,False,False,False,0
546589,G06007507,Medium,False,False,False,0
527291,G06008701,High,False,False,False,1
536732,G06007509,High,False,False,True,0
477863,G06000116,Medium,False,False,False,1
477879,G06000112,High,False,False,False,0
546471,G06008702,High,False,False,False,0
31691,G06008102,High,False,False,False,0
508385,G06007512,Medium,False,False,False,0
53676,G06001310,Low,False,False,False,0
541604,G06005302,Low,False,False,False,0
467532,G06008104,Low,False,False,False,0
58165,G06007509,Low,False,False,False,0
43580,G06000121,Low,False,False,True,0
507728,G06001301,High,False,False,False,0
467475,G06005301,High,False,False,False,1
51008,G06007510,Low,False,False,False,0
6286,G06001310,High,False,False,False,0
2478,G06007512,High,False,False,False,0
30795,G06008701,Medium,False,False,False,0
30792,G06007508,High,False,False,False,0
43582,G06007510,Low,False,False,False,0
527585,G06008105,Medium,False,False,False,0
30760,G06005302,High,False,False,False,0
467448,G06009501,Medium,True,True,True,0
488362,G06000111,Low,False,False,True,0
467295,G06008105,Medium,False,False,False,0
507797,G06008104,Low,False,False,False,0
58254,G06000114,High,False,False,True,0
467253,G06008106,Medium,True,True,True,0
507969,G06008701,Low,False,False,False,0
527461,G06007509,High,False,False,False,0
546379,G06008106,High,False,False,False,0
58303,G06008106,Medium,False,False,False,0
527455,G06000113,Medium,False,False,False,0
58310,G06007510,Low,False,False,False,0
43712,G06007507,Medium,False,False,False,0
541547,G06008101,Medium,False,False,False,0
467251,G06000111,Low,False,False,False,0
527417,G06000114,High,False,False,False,0
28793,G06000101,High,False,False,False,0
502789,G06007512,Low,True,True,True,0
41860,G06008701,Low,False,False,True,0
544060,G06000113,Medium,False,False,False,0
472491,G06007511,Medium,False,False,True,0
5235,G06000115,High,False,False,False,0
37377,G06000115,Medium,True,True,False,1
472442,G06007511,Medium,False,False,False,0
39796,G06008106,High,False,False,True,0
531650,G06001301,High,False,False,False,0
497720,G06007512,Medium,False,False,False,0
533609,G06008101,Medium,False,False,False,0
472377,G06007509,High,False,False,False,0
13838,G06000121,High,True,True,False,0
493961,G06008104,Medium,False,False,False,0
531565,G06007510,Low,False,False,False,0
37393,G06008702,Low,True,True,False,0
533616,G06005302,Low,True,True,False,0
544090,G06007507,Medium,False,False,False,0
53021,G06000112,Low,False,False,False,0
4327,G06005301,High,True,True,False,0
531549,G06005302,High,False,False,False,0
497912,G06000113,High,True,True,False,0
37240,G06008106,Low,False,False,False,0
531532,G06007510,High,False,False,False,0
4321,G06008702,High,False,False,False,0
13862,G06007510,Medium,False,False,False,0
533690,G06000113,Low,False,False,False,0
54878,G06000121,Low,False,False,False,0
531509,G06007509,Low,False,False,False,0
37169,G06007513,Medium,False,False,False,0
5269,G06007510,High,False,False,False,0
494024,G06000112,Medium,False,False,False,0
497639,G06007507,Medium,False,False,False,0
37459,G06008104,Low,False,False,False,0
531779,G06008701,Medium,False,False,False,0
54477,G06008105,Low,False,False,False,0
39495,G06007512,High,True,True,False,0
494232,G06005303,Low,False,False,False,0
531764,G06000111,High,False,False,False,1
473062,G06007509,Medium,False,False,False,0
39565,G06000101,Low,False,False,False,0
4477,G06008104,Medium,True,True,False,0
497472,G06000111,Low,False,False,False,0
472935,G06007512,High,False,False,False,0
494112,G06001310,Low,False,False,True,0
5161,G06000113,Medium,True,True,False,0
37606,G06007512,High,False,False,False,0
497482,G06001310,High,False,False,False,0
472885,G06008102,High,False,False,False,0
543194,G06007508,High,False,False,False,0
472855,G06007509,High,False,False,False,0
54630,G06007512,Low,False,False,True,0
474690,G06008702,Medium,False,False,False,0
497551,G06005302,High,False,False,False,0
39717,G06007512,Low,False,False,False,0
533508,G06000101,High,False,False,False,0
472786,G06008106,Low,False,False,False,0
39752,G06008102,Medium,False,False,False,0
474704,G06008104,High,False,False,False,0
497553,G06005302,High,False,False,False,0
533575,G06009501,Low,False,False,False,0
472713,G06007507,High,False,False,True,0
54720,G06000116,Low,False,False,False,0
39932,G06000116,High,False,False,False,0
473064,G06008106,Medium,False,False,False,0
498100,G06005302,High,False,False,False,0
493751,G06008106,High,False,False,False,1
55226,G06000111,Medium,False,False,False,0
531362,G06005302,High,False,False,False,0
12364,G06008105,Medium,False,False,True,0
493378,G06000101,Low,False,False,False,0
475116,G06000115,Low,False,False,False,0
40261,G06000111,High,False,False,False,0
498502,G06005302,Low,False,False,False,0
498634,G06000113,Low,False,False,False,0
14044,G06001311,Medium,False,False,True,0
533932,G06007513,Low,False,False,False,0
36818,G06007509,Medium,False,False,False,0
498697,G06008103,Low,False,False,False,0
471846,G06000112,Medium,False,False,False,0
4163,G06007509,Medium,False,False,False,0
544494,G06008106,Low,False,False,False,0
4079,G06000115,High,False,False,False,0
475178,G06005301,Low,False,False,False,0
14089,G06007507,High,False,False,True,0
471777,G06008701,High,False,False,False,0
498881,G06005301,High,False,False,False,0
55360,G06000113,Medium,False,False,True,0
471769,G06000101,High,False,False,False,0
4070,G06008103,High,True,True,True,0
40278,G06007510,High,False,False,False,0
36762,G06007511,High,False,False,False,0
52824,G06001301,Low,False,False,False,0
493375,G06007509,Low,False,False,False,0
55406,G06008103,High,False,False,False,0
14054,G06000113,High,False,False,False,0
498400,G06000116,Low,False,False,False,0
533876,G06001301,Medium,False,False,False,0
12375,G06000121,High,False,False,False,0
52928,G06008701,Low,True,True,False,0
55028,G06007507,Low,False,False,False,0
472034,G06005302,High,False,False,False,0
544171,G06001310,Medium,False,False,True,0
498188,G06008104,High,False,False,False,0
531443,G06000113,High,False,False,False,0
498231,G06000114,Medium,False,False,False,0
52920,G06008701,High,False,False,False,0
55077,G06000117,Medium,False,False,False,0
498236,G06000116,High,False,False,False,0
4238,G06000112,Medium,False,False,False,0
37035,G06000113,High,False,False,False,0
533766,G06007513,Low,True,True,True,0
37011,G06005302,High,False,False,False,0
498258,G06000112,High,False,False,False,0
493499,G06007511,High,False,False,False,0
36986,G06000112,High,False,False,False,0
52894,G06007511,Medium,False,False,False,0
493497,G06000114,Low,False,False,False,0
544412,G06008702,High,True,True,False,0
52874,G06000101,Medium,False,False,False,0
4176,G06007509,Low,False,False,False,0
475073,G06007511,Low,False,False,True,0
12413,G06000117,Medium,False,False,False,0
531409,G06005301,High,False,False,False,0
471898,G06001301,Medium,False,False,False,0
12387,G06005301,Low,False,False,False,0
4166,G06007509,Medium,False,False,False,0
493412,G06007508,Low,False,False,False,0
4303,G06000115,Medium,False,False,True,0
533394,G06007512,Medium,False,False,False,0
531804,G06008103,High,False,False,True,0
497204,G06008105,Low,False,False,False,0
39034,G06000121,Medium,False,False,False,0
494905,G06007508,High,False,False,False,0
13026,G06007508,High,False,False,False,0
39054,G06005303,Low,False,False,False,0
532424,G06008105,Low,False,False,False,0
53994,G06001301,High,False,False,False,0
473862,G06005302,High,False,False,False,0
473840,G06000115,Low,False,False,False,0
543570,G06008102,Medium,False,False,False,0
532415,G06000121,Medium,False,False,False,0
54042,G06005301,Medium,False,False,False,0
38545,G06007507,High,False,False,False,0
494874,G06000114,High,False,False,False,0
53987,G06000121,High,True,True,False,0
543431,G06008103,High,False,False,False,0
4957,G06007510,Medium,False,False,False,0
38459,G06008105,High,False,False,False,0
532955,G06007510,High,False,False,False,0
496174,G06007508,High,False,False,False,0
53475,G06000117,High,False,False,False,0
38365,G06008104,High,False,False,False,0
4693,G06008702,High,False,False,False,0
496239,G06008102,Medium,False,False,False,0
496344,G06000113,High,False,False,False,0
494742,G06008702,Medium,False,False,False,0
496418,G06000111,High,False,False,False,1
39183,G06007509,High,False,False,False,0
533013,G06007511,Medium,False,False,False,0
13310,G06000121,High,True,True,False,0
53985,G06009501,High,False,False,False,0
494925,G06000121,High,False,False,False,0
495803,G06008103,Medium,True,True,False,0
13150,G06000112,Low,False,False,True,0
38837,G06001301,High,False,False,False,0
38821,G06007510,High,False,False,False,1
495372,G06008103,Medium,False,False,False,0
38811,G06009501,High,False,False,False,0
474108,G06001301,Medium,False,False,False,0
474085,G06000111,Medium,False,False,False,0
473987,G06007508,Medium,False,False,False,0
532690,G06008702,Low,True,True,False,0
495597,G06000117,High,False,False,False,0
532603,G06007511,Low,False,False,False,0
4907,G06001310,High,False,False,False,0
495602,G06008701,High,True,True,False,0
495059,G06008701,Low,False,False,False,0
543499,G06008702,High,True,True,False,0
494989,G06000111,Medium,False,False,False,0
53955,G06000121,High,False,False,False,1
474240,G06001301,High,True,True,False,1
13060,G06001301,Medium,False,False,False,0
532539,G06000101,High,False,False,False,0
38686,G06000117,Low,False,False,False,0
4820,G06008101,Low,False,False,False,0
495733,G06007507,Low,False,False,False,0
495738,G06000112,High,False,False,True,0
543533,G06007513,Medium,True,True,True,0
532912,G06005303,Medium,False,False,False,0
494931,G06000101,Low,False,False,False,0
495796,G06008701,Medium,False,False,False,0
4811,G06000111,Low,False,False,False,0
533056,G06005301,High,False,False,False,1
543334,G06000116,Medium,False,False,False,0
54083,G06008105,Medium,False,False,False,0
13380,G06008702,High,False,False,False,0
474551,G06007512,Medium,True,True,True,0
39392,G06005301,High,False,False,False,0
4590,G06001310,High,True,True,False,0
474558,G06007508,Medium,False,False,False,0
5096,G06000114,High,False,False,False,0
531828,G06000111,Low,False,False,False,0
496956,G06001310,Medium,False,False,False,0
39398,G06000117,High,False,False,False,0
37923,G06005301,High,False,False,False,1
473230,G06000116,Medium,False,False,False,0
37922,G06007510,Low,False,False,False,0
37914,G06000112,High,False,False,False,0
37906,G06001301,Medium,True,True,False,0
37895,G06009501,Low,False,False,False,0
473174,G06009501,High,False,False,False,0
494490,G06005302,Medium,False,False,False,0
494476,G06007508,High,False,False,True,0
533348,G06000117,Low,False,False,False,0
497060,G06008702,Low,False,False,False,0
497108,G06008101,High,False,False,True,0
39436,G06007510,Low,False,False,False,0
12753,G06008702,Medium,False,False,True,0
5109,G06000101,High,True,True,False,0
543832,G06008103,High,False,False,False,0
543838,G06008701,Medium,False,False,True,1
37832,G06008101,High,False,False,True,0
37819,G06007510,High,False,False,False,0
497163,G06007510,Low,False,False,False,0
37800,G06008105,Medium,False,False,False,0
12817,G06000115,High,False,False,False,0
36742,G06008102,High,False,False,False,0
4607,G06000101,Low,False,False,False,0
38047,G06000114,Medium,False,False,False,0
494719,G06001301,Low,False,False,True,0
53397,G06000113,Medium,True,True,False,0
494666,G06000115,Medium,False,False,False,0
39231,G06005301,High,False,False,True,0
496627,G06000111,Medium,False,False,False,0
4667,G06007507,High,False,False,False,0
473594,G06008701,High,False,False,False,0
54163,G06008104,Medium,False,False,False,0
533100,G06007508,Low,False,False,True,0
13404,G06007511,High,False,False,False,0
532102,G06000117,High,True,True,False,0
473522,G06008701,Low,False,False,True,0
473441,G06008104,High,False,False,False,0
474466,G06000111,High,False,False,False,0
533149,G06000115,High,False,False,False,0
494570,G06007508,High,True,True,True,0
532030,G06008103,Low,False,False,False,0
13457,G06007510,Medium,False,False,False,0
533214,G06005302,High,False,False,True,0
38118,G06000101,Medium,False,False,False,1
494546,G06008106,Low,True,True,False,0
532028,G06008701,High,False,False,False,0
13487,G06007513,High,False,False,False,0
53304,G06000117,High,False,False,False,0
13489,G06005301,High,False,False,True,0
12826,G06000111,High,False,False,False,0
474540,G06000115,High,False,False,False,0
39368,G06001311,High,False,False,False,0
473381,G06005301,High,False,False,False,0
496889,G06007509,Medium,False,False,False,0
529454,G06007510,High,False,False,False,0
498935,G06004104,High,False,False,False,0
498939,G06008106,High,False,False,False,0
475984,G06007510,Medium,False,False,False,1
501201,G06000115,Medium,False,False,False,0
11469,G06007507,High,False,False,False,0
14863,G06000114,Low,True,True,False,0
501224,G06000115,Medium,False,False,False,0
545222,G06008105,Medium,False,False,False,0
501296,G06008701,Medium,True,True,False,0
34943,G06005301,High,False,False,False,0
475999,G06007508,High,False,False,True,0
491682,G06008104,High,False,False,True,0
56143,G06007509,Low,True,True,False,0
534929,G06000116,High,False,False,False,0
34841,G06008701,Low,False,False,False,0
534713,G06007512,Medium,False,False,False,0
56170,G06000115,Medium,False,False,False,0
501373,G06000101,High,False,False,False,0
470537,G06007508,Medium,False,False,False,1
534955,G06000115,Medium,False,False,False,0
476023,G06000117,High,False,False,False,0
491416,G06005302,Medium,False,False,False,0
14898,G06008104,High,True,True,True,0
501527,G06001310,High,False,False,False,0
529975,G06008702,High,False,False,False,0
476067,G06007510,Low,False,False,False,0
534966,G06000115,Low,False,False,False,0
501611,G06007512,High,False,False,False,0
542425,G06007510,Low,False,False,False,0
542413,G06005301,High,False,False,False,0
501342,G06008106,High,False,False,False,0
35058,G06008106,High,False,False,False,0
56088,G06000111,Low,False,False,False,0
501140,G06007513,Low,False,False,False,0
500697,G06004104,Low,False,False,False,0
492164,G06007510,Low,False,False,False,0
40953,G06008101,Medium,False,False,False,0
470847,G06000116,High,False,False,False,0
475873,G06008102,Low,False,False,False,0
530359,G06005303,High,False,False,True,0
542521,G06008101,Low,True,True,False,0
35346,G06000112,Medium,False,False,False,0
534572,G06004103,High,True,True,False,0
530344,G06007511,High,False,False,False,0
545114,G06001301,Low,False,False,False,0
5582,G06001310,Low,True,True,False,0
492029,G06007508,Low,False,False,False,1
500860,G06000116,High,False,False,False,0
491960,G06008104,Low,False,False,True,0
530334,G06000116,Low,False,False,False,0
41057,G06007510,High,False,False,False,0
545197,G06007509,Medium,False,False,False,0
470733,G06008105,Low,False,False,False,0
491907,G06007510,Medium,False,False,False,0
52429,G06007511,High,True,True,False,0
56013,G06005301,High,False,False,False,1
14792,G06008101,Low,False,False,False,0
35108,G06000116,Low,False,False,False,0
52417,G06007509,Medium,False,False,False,0
534659,G06000111,High,False,False,False,0
41086,G06008101,High,False,False,True,0
11598,G06005301,Medium,False,False,False,1
56070,G06001301,Medium,False,False,False,0
34704,G06008104,High,False,False,False,0
500674,G06005302,Medium,False,False,False,0
14940,G06007511,High,False,False,False,0
34694,G06000111,High,False,False,False,0
529730,G06008104,High,False,False,False,0
529723,G06008105,Low,False,False,False,0
34359,G06004104,High,False,False,True,0
56440,G06001301,High,False,False,False,0
502355,G06007511,Low,False,False,False,0
545330,G06000114,Low,True,True,False,1
470016,G06008104,Low,False,False,False,0
502434,G06000114,Low,False,False,False,0
470012,G06000101,High,False,False,False,0
11236,G06008104,High,False,False,False,0
11218,G06000113,Medium,False,False,False,0
52135,G06008101,High,False,False,False,0
34200,G06007510,High,False,False,False,1
542284,G06000111,Medium,False,False,False,0
34192,G06000101,High,False,False,False,0
502577,G06008104,Low,False,False,False,0
5766,G06007508,Medium,False,False,False,0
11211,G06000112,Medium,False,False,True,0
34157,G06000114,Low,False,False,True,0
34151,G06005302,Medium,False,False,False,0
502603,G06008101,Low,True,True,False,0
34119,G06008103,Medium,True,True,False,0
502682,G06008701,High,False,False,False,0
490871,G06000121,High,True,True,False,0
469868,G06007510,High,False,False,True,0
15201,G06007508,Low,False,False,False,0
502720,G06000112,Medium,True,True,True,0
529492,G06001310,Low,False,False,False,0
41821,G06000114,Low,False,False,False,0
11313,G06007508,Low,False,False,False,0
491142,G06005301,High,False,False,False,0
476279,G06007511,Low,False,False,False,0
491365,G06005301,Low,False,False,False,0
34667,G06007507,Medium,False,False,False,0
501736,G06000117,Medium,False,False,False,1
34632,G06008102,High,False,False,False,0
14956,G06007511,High,True,True,False,0
535014,G06000115,Medium,False,False,False,0
501813,G06009501,High,False,False,False,0
501947,G06001301,High,False,False,False,0
501955,G06008701,Medium,False,False,False,0
11321,G06000117,Low,False,False,False,0
502000,G06008105,High,False,False,False,1
529836,G06009501,Medium,False,False,False,0
56254,G06009501,Medium,False,False,False,0
470208,G06000117,Medium,False,False,False,0
3538,G06000121,High,False,False,False,0
529831,G06001310,High,False,False,False,0
56295,G06007509,Medium,False,False,False,0
5660,G06005302,Medium,False,False,False,0
502043,G06007513,High,False,False,False,0
34554,G06008105,High,False,False,False,0
502069,G06008101,Medium,False,False,False,0
470197,G06008103,Medium,False,False,False,0
470146,G06005301,Low,False,False,False,0
41542,G06000111,High,False,False,False,0
34511,G06008701,High,False,False,False,0
502120,G06001310,Medium,False,False,False,0
34500,G06000115,Medium,False,False,True,0
476193,G06007507,High,False,False,False,0
52188,G06000116,Low,False,False,False,0
41427,G06000121,High,False,False,False,0
492217,G06008105,High,False,False,False,0
492227,G06008103,Medium,False,False,True,1
500615,G06001310,Medium,False,False,False,0
499262,G06007511,Low,False,False,False,0
499263,G06000121,Low,False,False,False,0
493241,G06008103,Medium,False,False,False,0
12144,G06007507,Medium,False,False,False,0
499376,G06008701,High,False,False,False,0
471404,G06007510,Medium,False,False,False,0
36362,G06007509,High,False,False,True,0
471390,G06008702,High,False,False,False,0
475496,G06008105,High,False,False,True,0
530994,G06005302,High,False,False,False,0
3978,G06000101,Low,False,False,False,0
471318,G06008701,High,False,False,False,0
499486,G06007509,Low,False,False,False,0
499260,G06001310,Medium,False,False,False,0
36335,G06000101,Medium,False,False,False,0
40427,G06005301,High,False,False,False,0
471296,G06008702,High,False,False,False,0
493062,G06008103,High,False,False,False,0
493031,G06000114,Medium,False,False,True,0
3973,G06008101,High,False,False,False,0
493007,G06005302,Medium,False,False,False,0
52661,G06008104,Low,False,False,False,0
14294,G06000121,High,False,False,True,0
36271,G06008104,Medium,False,False,False,0
36258,G06005301,Low,True,True,False,0
40476,G06001301,Low,False,False,False,0
544710,G06008701,High,False,False,False,0
475544,G06001310,High,False,False,False,0
471300,G06000116,Medium,False,False,True,0
12176,G06007512,Medium,False,False,True,0
55568,G06008702,High,False,False,False,0
542861,G06007510,Low,False,False,False,1
493360,G06008102,High,False,False,False,0
55425,G06000111,High,False,False,False,0
36705,G06008105,Low,True,True,False,0
498941,G06000101,Low,False,False,False,0
12322,G06000117,High,False,False,False,0
533989,G06007510,Low,False,False,False,0
475221,G06000113,High,False,False,True,0
499013,G06008702,Low,False,False,True,0
40328,G06007508,High,False,False,False,0
55459,G06007508,High,False,False,False,0
475280,G06008102,High,False,False,False,0
531174,G06000101,High,False,False,False,0
542892,G06001310,Low,False,False,False,0
499120,G06008702,High,False,False,False,0
531142,G06001301,High,False,False,False,0
471589,G06005301,Medium,False,False,False,0
12281,G06008105,High,False,False,False,0
493317,G06001310,High,False,False,False,0
534004,G06000101,High,False,False,False,0
531093,G06005301,Low,False,False,False,0
40352,G06007511,Medium,False,False,False,0
475370,G06001310,High,False,False,False,0
499199,G06007512,High,False,False,False,0
471562,G06008702,Medium,False,False,True,0
493248,G06000115,High,False,False,False,0
531060,G06000112,High,False,False,False,1
471510,G06005302,High,False,False,False,0
471437,G06007509,Medium,False,False,False,0
12193,G06008103,Medium,False,False,True,0
499619,G06008104,Medium,False,False,False,0
530952,G06009501,Medium,False,False,False,0
499723,G06000117,High,False,False,False,0
36157,G06007507,High,False,False,False,0
475715,G06005301,High,False,False,False,0
492553,G06000112,Medium,True,True,False,0
530620,G06001310,Medium,False,False,True,0
55859,G06008105,Medium,False,False,False,0
500109,G06008701,High,False,False,False,0
55880,G06007510,High,False,False,True,0
492526,G06000114,Low,False,False,False,0
52537,G06008103,Medium,False,False,False,0
3813,G06009501,Low,False,False,False,0
14649,G06007511,Medium,False,False,False,0
500287,G06000121,Low,False,False,False,0
35716,G06000113,High,False,False,False,0
470964,G06005301,High,False,False,False,0
3783,G06000115,Medium,True,True,False,0
530612,G06000116,High,False,False,False,0
530543,G06008701,High,False,False,False,0
55904,G06004104,Low,False,False,False,0
500467,G06001301,High,False,False,False,0
492467,G06005302,High,False,False,False,0
492335,G06000112,High,True,True,False,0
500539,G06000121,Medium,False,False,False,0
534380,G06008103,Medium,False,False,False,0
534381,G06008101,Medium,False,False,False,0
530406,G06005301,Medium,False,False,False,0
52528,G06001310,High,True,True,False,1
35582,G06007510,Low,False,False,False,0
534392,G06000117,High,True,True,False,0
40825,G06000114,Low,False,False,False,0
40885,G06000114,High,False,False,False,0
492562,G06008103,Medium,False,False,False,0
531250,G06008104,Low,False,False,False,0
500082,G06007507,High,True,True,False,0
14599,G06000117,Low,True,True,False,0
36144,G06008102,High,False,False,False,0
475582,G06008702,High,False,False,True,0
530924,G06001310,High,False,False,False,0
14388,G06000101,Low,False,False,True,0
471140,G06008701,Medium,False,False,False,0
14437,G06007510,High,False,False,False,0
40530,G06000111,High,True,True,False,0
5505,G06007509,Low,False,False,False,0
471132,G06004104,Medium,False,False,False,0
55733,G06008105,Medium,False,False,False,0
492881,G06007508,High,False,False,False,0
492812,G06005301,Medium,False,False,False,0
492776,G06000114,Low,False,False,False,0
530839,G06000121,High,True,True,True,0
544756,G06008106,High,False,False,False,1
499816,G06000112,High,False,False,True,0
499824,G06004104,High,False,False,False,0
40630,G06005302,High,False,False,False,0
530812,G06000115,High,True,True,False,0
530803,G06007509,Medium,False,False,False,0
35950,G06007508,Medium,False,False,False,0
471091,G06007509,Medium,True,True,False,0
499925,G06005302,High,False,False,False,0
499971,G06000117,High,False,False,False,0
500012,G06008105,Low,False,False,False,0
542748,G06007509,High,False,False,False,0
530700,G06007508,Medium,False,False,True,0
534285,G06008101,Low,False,False,True,0
500042,G06007508,Low,False,False,False,0
530653,G06000121,High,False,False,False,0
537269,G06007511,High,False,False,False,0
508359,G06000111,High,False,False,False,0
547032,G06009501,High,False,False,False,0
548602,G06000121,Low,False,False,False,0
538834,G06007512,Low,False,False,False,0
483285,G06008105,High,True,True,True,0
516795,G06007509,High,False,False,False,0
538839,G06007513,Medium,False,False,False,0
1050,G06007511,High,False,False,False,0
516837,G06000111,Low,False,False,False,0
47354,G06008701,Low,False,False,False,0
49801,G06000121,High,False,False,False,0
516854,G06008105,Low,False,False,False,0
462008,G06007513,High,False,False,False,0
19558,G06008106,Low,False,False,False,0
479568,G06007508,High,False,False,False,0
462001,G06000114,High,False,False,False,0
516946,G06000121,Low,False,False,False,0
516977,G06000114,Medium,False,False,False,0
523100,G06000121,High,False,False,False,0
540263,G06000113,High,False,False,False,0
47437,G06005302,Medium,False,False,False,0
24084,G06000115,High,False,False,False,0
538913,G06000113,Low,False,False,False,0
461985,G06000115,High,False,False,False,0
461958,G06001301,Low,False,False,False,0
517070,G06000115,High,False,False,False,0
483060,G06008106,Low,False,False,False,0
49772,G06005301,High,False,False,False,0
479660,G06000121,High,False,False,False,0
516735,G06007509,Medium,False,False,False,0
24295,G06007513,Low,False,False,False,0
516710,G06001311,Medium,True,True,False,0
24323,G06008103,Medium,True,True,False,0
516404,G06008102,High,False,False,True,0
49924,G06008103,High,False,False,False,0
8400,G06000111,High,False,False,False,0
47181,G06007511,Low,False,False,True,0
483576,G06008105,High,False,False,False,0
516420,G06007508,High,False,False,False,0
49923,G06007510,Medium,False,False,False,0
523474,G06000116,Low,True,True,False,0
47226,G06008106,High,False,False,False,0
61724,G06007510,Medium,False,False,True,0
61729,G06000112,High,False,False,False,0
516519,G06008102,High,True,True,True,0
540501,G06001311,High,False,False,False,0
47494,G06007511,Low,False,False,False,0
1112,G06007510,Medium,False,False,False,0
462224,G06000117,Low,False,False,False,0
24477,G06001310,Medium,False,False,False,0
462223,G06007512,High,False,False,False,0
483465,G06007508,Low,False,False,False,0
479310,G06007508,Low,False,False,True,0
7071,G06001310,Medium,True,True,False,0
61749,G06008105,High,False,False,False,0
19351,G06008701,Medium,False,False,False,0
516605,G06007510,High,False,False,False,0
516617,G06001310,Medium,False,False,False,0
19362,G06000121,Medium,False,False,False,0
47301,G06008102,High,False,False,False,0
1061,G06007510,High,False,False,False,0
516560,G06007512,Medium,False,False,False,0
47142,G06000111,High,False,False,False,0
47503,G06008701,Low,False,False,False,0
998,G06007512,Medium,False,False,False,0
461779,G06000121,Low,False,False,False,0
23594,G06007508,Medium,False,False,False,0
517572,G06008702,Medium,False,False,True,0
479783,G06008702,High,False,False,False,1
461777,G06007508,Medium,False,False,False,0
62088,G06000116,Medium,False,False,False,0
62098,G06007510,Low,False,False,False,0
482853,G06008104,Medium,True,True,False,0
522474,G06000117,Low,False,False,False,0
461751,G06000121,Medium,False,False,False,0
23495,G06000115,Medium,False,False,False,0
461733,G06008105,High,False,False,False,0
522393,G06008101,High,True,True,False,0
19942,G06000116,High,False,False,False,0
23470,G06000101,Low,False,False,True,0
23456,G06007512,High,False,False,False,0
522391,G06009501,High,False,False,False,0
23418,G06008102,Low,False,False,False,1
8196,G06008101,High,False,False,False,0
517653,G06007512,Low,False,False,False,0
23391,G06007510,Medium,False,False,False,0
540210,G06007513,Low,False,False,False,0
8188,G06000101,High,False,False,False,0
522361,G06000121,Low,False,False,False,0
834,G06000121,High,False,False,False,0
23364,G06004104,High,False,False,True,0
823,G06007513,High,False,False,True,0
540236,G06007513,High,False,False,True,0
19905,G06007508,Medium,False,False,False,1
522489,G06004104,High,False,False,False,0
482882,G06008103,High,False,False,False,0
23998,G06000115,High,False,False,False,0
523019,G06007508,High,True,True,False,0
47559,G06000101,High,False,False,False,0
517177,G06000101,High,False,False,True,0
517219,G06000117,Low,False,False,False,0
19709,G06007509,Low,False,False,False,0
47570,G06000113,High,False,False,False,0
47590,G06000117,High,True,True,False,0
461888,G06007511,Medium,False,False,False,0
522723,G06008103,High,False,False,False,0
538965,G06007510,High,False,False,False,0
522667,G06007508,Low,True,True,False,0
540245,G06007511,Medium,False,False,False,1
24009,G06000114,High,True,True,True,0
522650,G06008702,Low,False,False,False,0
540242,G06008702,High,False,False,False,0
517370,G06008104,High,False,False,False,0
461793,G06001310,Low,False,False,False,0
517384,G06000115,High,False,False,False,0
540237,G06004104,High,True,True,False,0
522589,G06000114,High,False,False,False,0
522586,G06005301,Medium,False,False,False,0
7199,G06007508,Medium,False,False,False,0
23767,G06007512,High,True,True,False,0
517422,G06008104,Medium,False,False,False,0
23730,G06008101,Medium,False,False,False,0
522552,G06007508,Medium,False,False,False,0
19898,G06005301,Medium,False,False,True,0
517320,G06000112,High,False,False,True,0
538721,G06000111,High,True,True,False,0
24769,G06001310,Low,False,False,False,0
516297,G06007509,Medium,False,False,False,0
18906,G06000117,High,False,False,False,0
515020,G06008105,High,False,False,False,0
524317,G06000112,Medium,True,True,False,0
462933,G06005301,Medium,False,False,False,0
524296,G06008105,Low,False,False,False,0
462919,G06000113,Low,False,False,True,0
484390,G06000114,Low,True,True,False,0
462817,G06008101,High,False,False,False,0
515054,G06007512,High,False,False,False,0
548007,G06000117,High,False,False,False,0
515090,G06007510,Low,False,False,False,0
6918,G06000113,Medium,False,False,False,0
18976,G06007509,Medium,False,False,False,0
61358,G06005301,Low,False,False,False,0
484365,G06000111,Low,False,False,False,0
1377,G06007508,Medium,False,False,False,0
25603,G06000116,High,False,False,True,0
484293,G06007510,Low,False,False,False,0
462708,G06008104,High,False,False,False,0
25576,G06000114,Medium,False,False,False,0
524099,G06008702,High,False,False,False,0
484263,G06000115,Medium,False,False,False,0
515192,G06004104,Medium,False,False,True,0
515234,G06000121,High,False,False,False,0
538381,G06009501,Low,True,True,False,0
25453,G06005301,Medium,False,False,False,0
25441,G06008105,Medium,False,False,False,0
50110,G06001311,High,False,False,False,0
524370,G06007507,High,False,False,False,0
484419,G06008102,High,False,False,False,0
463037,G06000111,Medium,False,False,False,0
50131,G06000112,Low,False,False,False,0
61094,G06007511,Low,False,False,False,0
514478,G06007511,High,False,False,False,0
524620,G06008104,High,False,False,False,0
61118,G06000111,Low,False,False,False,0
524506,G06004104,High,False,False,True,0
463254,G06008105,Medium,False,False,False,0
524501,G06004104,High,False,False,False,0
524425,G06000111,Low,False,False,False,0
46369,G06007510,Medium,False,False,False,0
484506,G06007509,Medium,False,False,False,0
18755,G06008701,Low,False,False,False,0
538227,G06008103,High,False,False,False,0
46649,G06008106,Low,False,False,False,1
524413,G06000111,Medium,False,False,False,1
61140,G06007513,High,True,True,True,0
463109,G06008104,Medium,False,False,False,0
463092,G06000111,High,True,True,False,0
61154,G06007509,Low,False,False,True,0
524412,G06000115,Low,False,False,False,0
514750,G06000101,High,False,False,True,0
479015,G06008701,High,False,False,False,0
524398,G06000121,High,True,True,False,0
514808,G06000115,Low,False,False,False,0
514878,G06000114,High,False,False,False,0
524382,G06008701,High,True,True,True,0
463043,G06007511,High,False,False,True,0
538293,G06008101,Low,False,False,False,0
540799,G06005302,High,False,False,False,0
548118,G06000112,Medium,True,True,False,0
538394,G06004104,Medium,False,False,False,0
515356,G06008106,High,False,False,False,0
516021,G06007510,Medium,True,True,False,0
483811,G06000115,High,False,False,True,0
523719,G06001310,High,False,False,False,0
46961,G06005302,Medium,True,True,False,0
483707,G06004104,Medium,False,False,False,0
47066,G06008102,High,False,False,False,0
479217,G06007508,Medium,True,True,False,0
540578,G06000101,Low,False,False,False,0
19226,G06008702,High,False,False,False,0
8530,G06000113,High,False,False,False,1
523664,G06000114,High,True,True,False,0
516120,G06004104,High,True,True,True,1
19241,G06000114,Medium,False,False,False,0
462513,G06008702,Low,True,True,False,0
24965,G06000101,High,True,True,False,0
61591,G06000111,High,False,False,False,0
49948,G06000112,Medium,True,True,False,0
462373,G06004104,High,False,False,False,0
483638,G06005301,High,False,False,False,0
24942,G06007512,High,False,False,True,0
24911,G06000111,Low,False,False,False,0
7016,G06007507,Low,False,False,False,0
483628,G06007510,Medium,False,False,True,0
24866,G06000115,Medium,False,False,True,0
486705,G06007510,Medium,False,False,False,0
516281,G06007508,Medium,False,False,False,0
24803,G06008701,Low,False,False,True,0
462334,G06008104,High,False,False,False,0
516173,G06007512,High,False,False,False,0
549139,G06008702,High,False,False,False,0
548280,G06000115,Low,False,False,False,0
25184,G06000114,Medium,False,False,False,0
19054,G06007509,Medium,False,False,False,0
46754,G06008101,High,False,False,False,0
515395,G06007510,Low,False,False,False,0
524070,G06009501,High,False,False,True,0
524052,G06008702,Medium,False,False,False,0
548130,G06004104,High,False,False,False,0
524035,G06007508,Medium,False,False,False,1
515453,G06008701,Medium,False,False,False,0
515535,G06007511,Medium,False,False,True,0
523940,G06001301,Low,False,False,False,0
523860,G06001310,High,False,False,True,0
548186,G06007511,Medium,False,False,False,0
479185,G06000101,High,True,True,False,0
515893,G06000101,Medium,False,False,False,0
19107,G06001301,High,False,False,False,0
1347,G06008106,Low,False,False,False,0
538557,G06000121,Medium,False,False,True,0
515617,G06000115,Low,False,False,False,1
19109,G06007512,High,False,False,False,0
483995,G06000113,Low,True,True,False,0
61462,G06008701,High,False,False,False,0
25269,G06004104,Medium,False,False,False,0
523797,G06008105,Medium,False,False,False,0
46870,G06001301,Medium,False,False,False,0
515760,G06008102,Medium,False,False,False,0
515842,G06008104,High,False,False,True,0
19197,G06000111,Medium,False,False,False,0
462522,G06007509,High,False,False,False,0
61449,G06007509,Low,False,False,False,0
461638,G06000116,Medium,True,True,False,0
482644,G06000121,High,True,True,False,0
479829,G06008104,Medium,True,True,False,0
49223,G06005301,Low,True,True,True,0
21853,G06008701,High,False,False,False,0
519973,G06008104,Medium,False,False,False,0
21831,G06005302,Medium,False,False,False,0
21830,G06000117,Low,False,False,False,1
20712,G06008103,Medium,False,False,False,0
460780,G06007512,Medium,False,False,False,0
20714,G06001310,Low,True,True,False,0
520014,G06000114,High,False,False,False,0
20727,G06000121,Medium,True,True,True,0
520024,G06000121,Medium,False,False,False,0
539591,G06008105,High,False,False,True,0
62950,G06000121,Medium,False,False,True,0
49215,G06008101,High,False,False,False,0
481445,G06001310,High,False,False,True,1
481396,G06007512,High,False,False,False,0
460672,G06007508,High,False,False,True,0
480555,G06007507,Low,False,False,False,0
323,G06008103,Medium,True,True,False,0
520071,G06008106,Medium,False,False,False,0
481360,G06001301,Medium,False,False,False,0
481333,G06007508,Low,False,False,False,0
520130,G06008104,High,False,False,False,0
7674,G06008702,Low,False,False,False,0
539636,G06008702,High,False,False,False,0
49196,G06008103,Low,False,False,False,0
310,G06008104,High,False,False,False,0
519855,G06007509,Low,False,False,False,0
519846,G06007508,High,False,False,False,0
48566,G06007511,High,False,False,False,0
460786,G06005301,Medium,False,False,False,0
521692,G06008701,Medium,False,False,False,0
521683,G06007509,Medium,False,False,False,0
22225,G06000111,High,False,False,False,0
460962,G06000112,Medium,False,False,True,0
460913,G06008106,High,False,False,False,0
549550,G06000117,High,True,True,False,1
519311,G06007510,Medium,False,False,False,0
481894,G06000116,High,False,False,False,0
49253,G06000117,Medium,False,False,False,0
480491,G06004104,Medium,False,False,False,0
48439,G06007511,High,False,False,False,0
48474,G06000114,Medium,False,False,False,0
549553,G06000112,Low,False,False,True,0
520251,G06000113,High,True,True,False,0
480505,G06000115,High,False,False,False,0
519469,G06000111,High,False,False,False,0
481684,G06005301,Medium,False,False,False,0
539565,G06000116,Medium,False,False,False,0
481601,G06008101,Medium,False,False,False,0
460851,G06005301,High,False,False,False,1
519618,G06007510,Low,False,False,False,0
539867,G06008103,Medium,True,True,True,0
480506,G06005302,Medium,False,False,False,0
21990,G06007512,High,False,False,False,0
438,G06007512,High,True,True,False,0
549590,G06000121,Medium,True,True,False,0
519815,G06005301,Medium,False,False,False,0
460798,G06007510,High,False,False,True,0
22128,G06007511,Medium,False,False,False,0
63050,G06008106,High,True,True,False,0
48831,G06001310,High,True,True,False,0
48837,G06005301,Low,False,False,False,0
21271,G06000121,Medium,False,False,False,0
181,G06000111,Low,False,False,False,0
549851,G06008702,High,False,False,False,0
520730,G06000111,Medium,False,False,False,0
520749,G06005303,Low,True,True,False,1
49138,G06000116,Medium,False,False,False,0
480991,G06000116,Medium,False,False,False,0
480686,G06007510,Medium,False,False,False,0
480958,G06007509,Medium,False,False,False,0
521070,G06008702,Medium,False,False,False,0
21145,G06005302,High,True,True,False,0
460397,G06008702,Low,False,False,False,1
63225,G06007509,High,False,False,False,0
520636,G06000112,High,False,False,False,0
21135,G06007511,Low,False,False,False,0
549898,G06005301,Low,False,False,False,0
520813,G06007513,High,False,False,False,0
520841,G06000112,High,False,False,False,0
520877,G06007510,Medium,False,False,True,0
480884,G06005302,High,False,False,False,0
521066,G06008103,High,True,True,False,1
21080,G06007509,Low,False,False,False,0
49019,G06008105,High,False,False,False,0
49023,G06000114,High,False,False,False,0
520992,G06000114,High,False,False,False,0
549910,G06007512,Medium,False,False,False,0
549929,G06007509,High,False,False,False,0
7534,G06000113,Medium,False,False,False,0
539766,G06008701,High,True,True,False,0
519271,G06008102,Medium,False,False,False,0
190,G06001301,Low,False,False,False,0
520633,G06000114,High,False,False,False,0
520315,G06000111,Medium,False,False,True,0
520342,G06007510,Medium,False,False,False,1
520390,G06000116,High,True,True,False,0
481261,G06008102,Medium,False,False,False,0
520391,G06004104,Low,False,False,False,0
521458,G06008701,Low,False,False,False,0
549676,G06000111,Medium,False,False,False,0
520402,G06000114,High,False,False,False,0
520418,G06000115,Low,True,True,False,0
21502,G06008507,Medium,False,False,False,0
20801,G06007511,Low,True,True,False,0
481243,G06005302,Medium,False,False,False,1
520442,G06007508,Medium,False,False,True,0
21327,G06000115,High,False,False,False,0
20845,G06007512,Low,False,False,False,0
480635,G06007512,High,True,True,False,0
481191,G06005301,High,False,False,False,0
520503,G06005303,Medium,False,False,False,0
48872,G06008101,Medium,True,True,False,0
21403,G06000113,Medium,False,False,False,0
539709,G06007509,Medium,False,False,False,0
460538,G06008104,Low,False,False,True,0
520581,G06005301,Low,False,False,False,0
49180,G06000111,Medium,False,False,False,0
481123,G06000101,Low,False,False,False,0
48895,G06007510,Medium,False,False,False,0
539721,G06008101,Medium,True,True,False,0
480651,G06000114,Low,False,False,False,0
521215,G06000115,High,False,False,False,0
514466,G06008106,High,False,False,False,0
539514,G06000111,High,False,False,False,0
7437,G06007513,Low,False,False,False,0
47912,G06007507,Low,False,False,True,0
517904,G06004104,Low,False,False,False,0
49485,G06008702,Medium,False,False,False,0
480067,G06000121,High,False,False,False,0
23074,G06007509,Medium,False,False,True,0
461430,G06007508,Medium,True,True,False,0
517907,G06005301,Medium,False,False,False,0
461416,G06007511,Medium,False,False,False,0
549236,G06007512,Low,False,False,True,0
7371,G06008102,Low,False,False,False,0
517926,G06000101,High,True,True,False,0
518000,G06000111,High,False,False,False,0
23005,G06008105,Medium,False,False,False,0
20162,G06000112,Low,True,True,False,0
20171,G06000114,High,False,False,False,0
518085,G06005301,Medium,False,False,False,0
22938,G06007509,Medium,False,False,False,0
22908,G06008103,Low,False,False,False,0
22888,G06007509,Low,False,False,False,0
522145,G06008702,Low,False,False,False,0
522142,G06008103,High,True,True,False,0
461370,G06008101,High,False,False,False,0
518162,G06007508,Low,False,False,False,0
518185,G06000113,High,False,False,False,0
7975,G06008102,High,True,True,False,0
549279,G06007507,High,False,False,False,0
480110,G06007509,Medium,False,False,False,0
461477,G06000101,High,False,False,False,0
479957,G06007509,High,False,False,False,0
23125,G06007513,Low,False,False,False,0
522217,G06007510,Low,False,False,False,0
47735,G06007511,High,False,False,True,0
540178,G06001310,High,False,False,True,0
19975,G06000101,Low,False,False,True,0
522319,G06005302,Medium,False,False,False,0
49618,G06000117,High,False,False,False,0
540128,G06008105,Low,False,False,False,0
517751,G06007507,Low,False,False,False,0
47779,G06000111,Medium,False,False,False,0
539076,G06000101,Medium,False,False,False,0
461590,G06000101,Medium,False,False,False,0
540108,G06005302,High,False,False,False,0
23232,G06007511,Low,False,False,False,0
62320,G06007508,Medium,False,False,False,0
482355,G06007513,Medium,True,True,False,0
517801,G06000121,Medium,False,False,False,0
47819,G06000115,High,True,True,True,0
23215,G06000114,Low,False,False,False,0
745,G06001310,Medium,False,False,False,0
8089,G06000116,High,False,False,False,0
461562,G06001310,High,False,False,False,0
522261,G06008102,High,False,False,False,0
522226,G06008105,Low,False,False,False,0
461513,G06008106,Medium,True,True,False,0
539077,G06007508,High,False,False,False,0
49562,G06007510,High,False,False,False,0
549201,G06008701,High,True,True,True,0
23141,G06008106,Medium,False,False,False,0
539092,G06000111,High,True,True,False,0
482571,G06008105,High,False,False,False,0
47969,G06007510,High,False,False,False,1
47988,G06000121,Medium,False,False,True,0
461332,G06007511,High,False,False,True,0
48122,G06000113,High,False,False,False,0
62669,G06000112,High,False,False,False,0
7904,G06000117,Medium,False,False,False,0
518846,G06004104,Medium,False,False,False,0
62681,G06007512,Medium,False,False,False,0
518866,G06000101,High,False,False,False,0
539417,G06000115,Low,False,False,False,0
539437,G06000101,Medium,False,False,False,0
7393,G06008102,High,False,False,False,0
62699,G06001301,Medium,True,True,False,0
48181,G06000115,Medium,False,False,True,0
461158,G06007510,High,False,False,True,0
521894,G06008106,Medium,False,False,False,0
7910,G06007508,High,False,False,False,0
482202,G06007508,Medium,False,False,False,0
48239,G06000113,Medium,False,False,False,0
20441,G06005301,Medium,False,False,True,0
539907,G06008102,Low,False,False,False,0
20478,G06000112,Medium,False,False,True,0
539876,G06008702,High,False,False,False,0
48259,G06007511,High,False,False,False,0
461083,G06008702,Low,False,False,True,0
531,G06000114,Low,False,False,False,0
48264,G06007513,Medium,False,False,False,0
519152,G06007510,Medium,False,False,True,0
482141,G06007513,High,False,False,False,0
62753,G06001301,Medium,False,False,False,0
62754,G06001301,Low,False,False,False,0
521879,G06001301,Medium,False,False,False,0
49289,G06008103,Medium,True,True,False,0
518762,G06007508,Low,False,False,False,0
461201,G06000116,Low,True,True,False,0
461311,G06000116,Medium,False,False,False,0
522090,G06005301,Low,False,False,False,0
20248,G06008101,Medium,False,False,False,0
539188,G06007507,High,False,False,False,0
48010,G06000111,High,True,True,False,0
461288,G06000111,High,False,False,False,0
482304,G06007510,Medium,False,False,False,1
518312,G06007509,Low,False,False,False,0
549330,G06008106,Medium,False,False,True,0
20276,G06000116,High,False,False,False,1
549348,G06008104,Medium,False,False,False,0
461264,G06000112,High,False,False,False,0
22651,G06000115,Low,True,True,False,0
22526,G06005301,Low,False,False,False,0
549349,G06004104,Medium,False,False,True,0
7379,G06007508,High,False,False,False,0
48044,G06005301,Low,False,False,False,0
22614,G06008101,High,False,False,False,0
539254,G06000112,Medium,False,False,False,0
518604,G06008105,Medium,False,False,False,0
48087,G06007508,Low,False,False,False,0
549398,G06008104,High,False,False,False,0
480238,G06000112,Low,False,False,False,0
521973,G06001301,High,False,False,False,0
461210,G06008104,High,False,False,False,0
518680,G06000117,High,False,False,False,0
518696,G06000111,High,False,False,False,0
22552,G06008105,Medium,False,False,False,0
598,G06005302,Medium,False,False,False,0
463315,G06000101,Medium,False,False,False,0
61652,G06007511,High,False,False,False,0
53679,G06000101,High,False,False,False,0
511437,G06000111,Medium,False,False,False,0
511429,G06007510,Medium,False,False,False,0
9316,G06005301,Medium,False,False,False,0
525210,G06008702,Low,False,False,False,0
60575,G06000112,High,False,False,False,0
513387,G06001301,Medium,False,False,False,0
45695,G06007511,High,False,False,False,0
18278,G06007513,Low,False,False,False,0
478891,G06008106,High,False,False,True,0
525206,G06005303,High,True,True,False,0
547581,G06000112,Medium,True,True,False,0
513445,G06000101,High,False,False,False,0
60596,G06007509,Low,False,False,False,0
511401,G06007507,High,False,False,False,0
6777,G06008701,Low,False,False,False,0
465719,G06005301,High,False,False,False,0
6793,G06008103,Medium,False,False,False,0
464289,G06007513,Low,False,False,True,0
27636,G06000121,High,False,False,False,0
28070,G06007509,Low,True,True,True,0
511596,G06008101,Medium,False,False,False,0
525241,G06007511,High,False,False,False,0
464559,G06000111,High,False,False,True,0
525374,G06008101,Low,False,False,False,0
485593,G06000113,High,False,False,False,0
18217,G06008101,High,False,False,False,0
464496,G06008701,High,False,False,False,0
17747,G06000101,Low,False,False,False,0
485581,G06005301,High,False,False,False,0
464447,G06008104,Medium,True,True,False,0
478424,G06007512,Low,False,False,False,0
17720,G06000112,Low,False,False,True,0
525257,G06008105,High,False,False,False,1
465651,G06005301,Medium,False,False,False,0
547576,G06007510,High,False,False,False,0
45014,G06001301,Medium,False,False,False,0
464392,G06008101,Medium,False,False,False,0
525243,G06000121,High,False,False,False,0
464313,G06007508,Low,False,False,False,0
28002,G06007512,Low,False,False,False,0
465709,G06005301,Low,False,False,False,0
465737,G06000111,High,False,False,False,0
60633,G06005301,High,False,False,False,0
537384,G06008101,Medium,False,False,False,0
28199,G06005301,Medium,False,False,False,0
60716,G06000117,Medium,True,True,True,0
525097,G06007510,High,False,False,False,0
465802,G06008104,Medium,False,False,False,0
45841,G06007508,High,False,False,False,0
44797,G06008702,Medium,False,False,False,0
511258,G06000111,High,False,False,True,1
45876,G06000111,High,False,False,False,0
26734,G06007509,High,False,False,False,0
45882,G06007513,Medium,False,False,True,0
26730,G06007510,Low,False,False,False,0
18433,G06008101,Medium,False,False,False,0
28370,G06000112,Medium,False,False,False,0
537360,G06001310,High,False,False,True,0
45888,G06001301,Medium,False,False,False,0
513606,G06001301,High,False,False,True,0
6593,G06000113,Medium,True,True,False,1
60781,G06001301,High,False,False,False,0
45969,G06000101,High,False,False,True,0
485273,G06007512,High,True,True,False,0
464099,G06009501,Medium,True,True,False,0
9331,G06000114,Low,False,False,False,0
28363,G06007510,Medium,False,False,True,0
511281,G06009501,Medium,False,False,False,0
478392,G06008103,High,False,False,False,0
526200,G06008701,Medium,False,False,False,0
540915,G06001301,High,False,False,True,0
525164,G06007510,Medium,False,False,False,0
26854,G06001310,High,False,False,False,1
6799,G06007508,High,False,False,False,0
9185,G06008702,Medium,False,False,False,1
45766,G06007511,Medium,False,False,False,0
464214,G06005302,Medium,False,False,False,0
60689,G06001301,High,True,True,False,0
44825,G06001310,High,False,False,False,0
526213,G06008101,High,False,False,False,0
486490,G06004104,High,False,False,False,0
513503,G06009501,Medium,False,False,False,0
59533,G06007511,High,False,False,False,0
513518,G06001310,High,True,True,False,0
478306,G06005301,Low,False,False,False,0
511310,G06001310,High,False,False,False,1
6803,G06000115,Low,False,False,False,0
9174,G06007509,High,False,False,False,0
27082,G06008102,Medium,False,False,False,0
526030,G06007513,Low,False,False,False,0
60410,G06008106,Medium,True,True,False,0
465226,G06008701,High,True,True,True,0
27481,G06001310,Medium,False,False,True,0
18017,G06007510,Medium,False,False,False,0
59983,G06000111,Medium,False,False,False,0
59981,G06000116,High,False,False,False,0
511995,G06008702,High,False,False,False,0
511924,G06008702,Low,False,False,False,1
465155,G06007510,Medium,False,False,False,0
465414,G06007511,Medium,False,False,True,0
9431,G06001311,Medium,False,False,True,0
18031,G06007508,High,False,False,False,0
537495,G06008102,Medium,False,False,False,0
45473,G06008702,High,False,False,False,0
59931,G06000115,Medium,False,False,False,0
59929,G06008106,Low,False,False,True,0
45494,G06008103,High,False,False,False,0
525661,G06000116,Low,False,False,False,0
6674,G06000114,Medium,False,False,True,0
513020,G06001310,High,False,False,False,0
465244,G06009501,Medium,False,False,False,1
485878,G06001310,Low,False,False,False,0
17870,G06007513,Medium,False,False,False,0
512054,G06000117,Medium,False,False,False,0
486109,G06005302,Low,True,True,False,0
27641,G06007508,Medium,False,False,False,0
478562,G06000117,High,False,False,False,0
486053,G06007510,Low,False,False,False,0
27561,G06007509,Low,False,False,False,0
512376,G06000121,Medium,False,False,False,0
27547,G06000117,High,False,False,True,0
512300,G06007510,Medium,False,False,False,0
45318,G06005301,High,False,False,True,0
60077,G06008104,Medium,True,True,True,0
465317,G06008701,High,False,False,True,0
45326,G06000115,Medium,False,False,False,0
512574,G06000112,High,True,True,False,0
9474,G06008701,High,False,False,True,0
6684,G06008702,High,False,False,False,0
512218,G06001310,High,False,False,True,0
486029,G06007511,High,False,False,False,0
512105,G06004104,Medium,False,False,False,0
512085,G06007512,Medium,False,False,False,0
512689,G06000101,High,False,False,True,0
50325,G06007510,High,False,False,False,1
511850,G06008702,Low,False,False,False,0
478508,G06008103,Medium,True,True,False,0
50498,G06000101,High,False,False,True,0
478774,G06008701,High,False,False,False,0
60302,G06007512,Medium,False,False,False,0
27117,G06008701,High,True,True,False,0
27116,G06007511,High,False,False,False,0
27107,G06000111,Medium,False,False,False,0
486197,G06008701,Medium,False,False,False,1
525395,G06000115,High,True,True,False,0
464709,G06008702,Low,True,True,False,0
511744,G06009501,Low,False,False,False,0
547503,G06007513,Medium,True,True,False,0
464700,G06004104,High,False,False,False,0
27933,G06007511,High,True,True,False,0
525962,G06008103,High,False,False,False,0
513322,G06008102,Medium,False,False,False,0
547538,G06007509,Low,False,False,False,0
50371,G06001310,High,False,False,False,0
465602,G06007507,Medium,False,False,False,0
464695,G06007511,Medium,False,False,True,0
27204,G06007512,Low,True,True,True,0
17838,G06007511,High,False,False,False,0
486188,G06009501,High,False,False,False,0
485707,G06008101,Low,False,False,False,0
6719,G06007509,Low,False,False,False,0
525958,G06000101,Low,False,False,False,0
547387,G06008101,High,False,False,False,0
464989,G06000101,High,False,False,False,0
513102,G06007508,Medium,False,False,False,1
27336,G06005302,High,False,False,False,0
537738,G06000121,Low,False,False,False,0
17800,G06000111,Low,False,False,False,1
525602,G06000112,Low,False,False,True,0
27312,G06007512,High,False,False,True,0
478491,G06005302,Medium,False,False,True,0
525521,G06000114,Low,True,True,False,0
537755,G06007510,High,False,False,False,0
27878,G06005301,Medium,False,False,False,0
513227,G06000111,Medium,False,False,False,1
513242,G06007510,Medium,False,False,False,0
27884,G06000112,Medium,False,False,False,0
17792,G06004104,High,True,True,False,0
9355,G06008102,Low,False,False,False,0
547136,G06000113,Medium,False,False,False,0
526346,G06007510,High,False,False,False,0
478533,G06001310,High,False,False,False,0
44706,G06000114,Medium,True,True,False,0
484831,G06000113,High,False,False,False,0
547751,G06000101,High,False,False,False,0
547808,G06004104,Medium,False,False,False,0
59347,G06008101,High,False,False,False,0
26298,G06000112,Medium,False,False,False,0
513747,G06008701,High,False,False,False,0
486624,G06000113,High,True,True,False,0
28683,G06000121,Low,True,True,False,0
478251,G06000115,Low,False,False,False,0
538034,G06005301,High,False,False,False,0
513704,G06001310,Medium,False,False,False,1
18624,G06007511,High,False,False,False,0
484854,G06008702,High,False,False,False,0
18648,G06007511,Low,False,False,False,0
26223,G06007510,Medium,False,False,False,0
547811,G06007512,Medium,False,False,False,0
484748,G06000113,Medium,False,False,False,0
17505,G06000114,Low,False,False,False,0
485114,G06009501,Low,False,False,True,0
524944,G06007508,High,False,False,False,0
485152,G06005301,High,False,False,False,0
28501,G06001301,High,False,False,False,0
26541,G06000115,Low,False,False,False,0
486687,G06007509,Low,False,False,False,0
26139,G06008103,High,False,False,False,0
511140,G06007511,Medium,False,False,False,0
59450,G06007508,Low,False,False,False,0
26556,G06000114,Low,True,True,False,0
463713,G06007511,High,False,False,False,0
61011,G06000111,Low,False,False,False,0
59418,G06008105,Medium,False,False,False,0
537301,G06001310,High,False,False,False,0
526478,G06000116,High,False,False,False,0
538072,G06000111,High,False,False,True,0
28617,G06008106,Medium,False,False,False,0
465920,G06000117,Medium,False,False,False,0
26370,G06001301,High,False,False,False,0
26378,G06000121,High,False,False,True,0
485260,G06008104,High,False,False,False,0
28654,G06005301,Low,False,False,False,0
60936,G06000117,High,False,False,False,0
478926,G06008104,High,False,False,False,0
46121,G06008101,Low,False,False,False,0
463572,G06004104,Low,True,True,False,0
526475,G06007507,Medium,False,False,False,0
541206,G06004104,Low,False,False,True,0
6532,G06008103,Low,False,False,False,0
463504,G06000116,High,False,False,False,0
513931,G06005302,High,True,True,False,0
538048,G06008701,Medium,False,False,False,0
514086,G06000101,Low,False,False,False,0
26424,G06007511,High,False,False,False,0
526474,G06007510,Low,False,False,False,0
44682,G06007510,Low,False,False,False,0
484889,G06005301,High,False,False,True,0
18514,G06007508,High,False,False,False,0
17444,G06009501,Low,False,False,False,0
50165,G06000111,Medium,False,False,False,0
513717,G06008101,Medium,False,False,True,0
511176,G06004104,High,True,True,True,0
485169,G06000114,Medium,False,False,False,0
486516,G06008103,Low,False,False,False,0
50317,G06007509,High,True,True,False,0
17440,G06007512,Low,False,False,False,0
26118,G06000117,Medium,False,False,False,0
514392,G06007510,Low,False,False,False,0
50324,G06000121,Low,False,False,True,0
1527,G06007508,Medium,False,False,False,0
59307,G06000121,Low,False,False,False,0
547689,G06000111,Medium,False,False,True,0
50621,G06007513,High,True,True,False,0
8938,G06009501,High,True,True,False,0
547043,G06008701,Low,False,False,False,0
60800,G06000121,Low,False,False,True,0
26569,G06004103,Medium,False,False,False,0
525029,G06000112,High,False,False,False,0
50141,G06005301,Medium,False,False,False,0
463797,G06000116,Low,True,True,False,1
547056,G06008102,Low,False,False,False,0
526432,G06000101,High,False,False,False,0
538172,G06000121,Medium,False,False,False,0
17549,G06000116,High,False,False,False,0
478904,G06000111,Medium,True,True,True,0
28694,G06001301,High,False,False,False,0
17517,G06000114,Low,False,False,False,1
1879,G06000111,High,False,False,False,1
540907,G06000112,High,False,False,False,0
487963,G06008519,High,False,False,False,0
536642,G06005303,Low,False,False,False,0
273284,G06007902,Medium,False,False,True,0
197095,G06008515,Medium,True,True,False,0
101442,G06008511,High,False,False,False,0
273234,G06008512,High,True,True,False,0
374408,G06008508,Low,False,False,False,0
44005,G06008521,High,False,False,False,0
210434,G06008512,High,False,False,False,0
103302,G06008515,Medium,False,False,False,0
379239,G06008508,Low,False,False,False,0
396290,G06005303,Medium,False,False,True,0
48115,G06008515,Medium,False,False,False,0
397844,G06008519,Low,False,False,False,0
264733,G06008505,High,False,False,False,1
379980,G06008519,High,False,False,True,0
373830,G06008505,High,False,False,False,0
273211,G06008517,High,False,False,False,0
374353,G06007902,Medium,False,False,False,0
533754,G06008520,Medium,False,False,False,0
493739,G06008506,High,True,True,False,0
113655,G06008507,Low,False,False,True,0
197093,G06008517,High,False,False,False,0
110931,G06008508,Medium,False,False,False,0
273400,G06008515,Medium,False,False,False,0
379016,G06008106,Low,False,False,False,1
395677,G06008512,High,False,False,True,0
123836,G06008519,Medium,False,False,True,0
378740,G06005303,Medium,False,False,False,1
396033,G06008512,High,False,False,False,0
198787,G06007902,Medium,False,False,True,0
43744,G06008511,High,False,False,True,1
405390,G06008507,High,False,False,False,0
39910,G06008508,High,True,True,False,0
408306,G06008510,High,False,False,True,0
263198,G06008520,High,False,False,False,0
48185,G06008511,High,False,False,True,0
373666,G06008507,Medium,True,True,False,0
397448,G06008508,Medium,False,False,False,0
533692,G06005303,High,False,False,False,0
103167,G06008515,High,True,True,False,0
273353,G06008106,Medium,False,False,False,1
198966,G06008505,High,False,False,False,0
533704,G06008506,Low,False,False,False,0
101375,G06008512,Medium,True,True,False,0
9825,G06008520,High,False,False,False,0
211252,G06007902,Medium,False,False,False,0
262669,G06008507,Medium,False,False,False,1
101558,G06008510,High,False,False,True,0
197355,G06008505,Medium,True,True,False,0
123739,G06008506,High,False,False,False,0
205967,G06008507,High,True,True,False,0
539484,G06008508,High,False,False,False,1
397916,G06008519,High,False,False,False,0
7544,G06008519,Low,False,False,True,0
262842,G06005303,Low,False,False,False,0
379273,G06008507,Medium,False,False,False,0
126997,G06008519,Low,False,False,False,0
273205,G06008515,Low,False,False,False,1
258495,G06008505,Medium,False,False,True,0
258403,G06008510,High,False,False,False,0
408513,G06008520,Medium,False,False,False,0
495095,G06008701,High,False,False,False,0
103565,G06008519,High,False,False,False,0
493396,G06008520,Medium,False,False,False,0
392585,G06008507,Medium,False,False,False,1
405660,G06008519,High,False,False,False,0
495083,G06008510,High,False,False,False,0
392617,G06008519,Medium,False,False,False,0
127265,G06008511,High,False,False,False,0
486115,G06008520,High,False,False,True,0
405721,G06008507,Medium,False,False,False,0
45193,G06008521,High,False,False,False,0
264879,G06008520,High,False,False,False,0
482257,G06008519,High,False,False,True,0
488144,G06008505,High,False,False,False,0
486133,G06008512,High,True,True,True,0
109886,G06007902,High,False,False,False,0
392492,G06008519,High,False,False,False,0
397645,G06008507,Medium,True,True,False,0
258460,G06008507,Low,False,False,True,0
396130,G06008519,Low,False,False,False,0
109815,G06008512,High,True,True,False,0
272580,G06008508,Low,True,True,False,0
109953,G06008510,Low,False,False,False,0
495102,G06007902,Low,False,False,False,0
272589,G06008512,High,False,False,True,0
258489,G06008508,High,False,False,True,0
113430,G06008515,High,False,False,False,0
109832,G06008519,High,False,False,False,0
109900,G06008517,High,False,False,False,1
374078,G06008512,High,False,False,False,0
127295,G06008106,Low,False,False,False,0
127334,G06008507,High,False,False,True,0
262840,G06007902,Low,True,True,False,0
204909,G06008521,High,False,False,False,0
374334,G06008519,Medium,False,False,False,0
494984,G06008507,High,False,False,False,0
103394,G06008508,High,False,False,False,0
123444,G06008515,Low,False,False,False,0
113244,G06008510,High,True,True,False,0
123490,G06008519,Low,False,False,False,0
405840,G06008515,Medium,False,False,False,0
44659,G06008517,Medium,False,False,False,0
537240,G06008507,High,False,False,False,1
379311,G06008521,Medium,True,True,False,0
392414,G06008515,Low,False,False,False,0
123531,G06008508,High,False,False,True,0
405814,G06008510,Low,False,False,False,1
486664,G06008521,Low,False,False,False,0
273065,G06008506,High,False,False,False,1
48088,G06008515,Low,False,False,False,0
40214,G06008510,Medium,True,True,False,0
537285,G06008517,High,False,False,False,0
379618,G06005303,High,False,False,True,0
38974,G06008505,High,False,False,False,0
395961,G06008515,High,True,True,False,0
536867,G06008515,Low,False,False,False,0
264846,G06008515,Medium,True,True,False,1
408426,G06008515,High,False,False,True,0
45182,G06008515,High,True,True,False,0
199109,G06008515,High,False,False,False,0
275947,G06008515,Low,False,False,True,0
396193,G06008508,High,True,True,False,0
210378,G06008508,Medium,False,False,False,1
40184,G06008507,Low,False,False,False,0
373872,G06008519,High,False,False,False,0
539735,G06008511,Medium,False,False,True,1
378565,G06008521,High,False,False,False,0
396605,G06007902,High,True,True,False,0
378484,G06008519,High,False,False,False,0
274624,G06008515,Low,False,False,False,0
407283,G06008520,Medium,False,False,False,0
205522,G06008519,Low,False,False,False,0
12748,G06008512,Medium,False,False,False,0
407295,G06008519,High,False,False,True,0
274701,G06008506,High,True,True,False,0
263976,G06008520,High,False,False,False,0
210906,G06008510,High,False,False,False,0
396882,G06008517,Medium,True,True,False,0
125401,G06008507,Low,False,False,False,0
12749,G06008520,Low,False,False,False,0
210917,G06008506,High,False,False,False,0
396830,G06008517,Low,False,False,False,1
494688,G06007902,Low,False,False,False,0
539566,G06005303,High,True,True,False,0
274590,G06008515,Medium,False,False,True,0
494420,G06008519,High,False,False,False,0
112234,G06008510,Medium,False,False,False,0
394339,G06008519,Medium,False,False,False,0
481695,G06008507,Low,True,True,False,0
394120,G06008511,Low,False,False,False,0
44773,G06008511,High,False,False,False,0
274564,G06008519,Medium,False,False,False,0
533421,G06008507,Low,False,False,True,0
125114,G06008507,Medium,False,False,False,0
487475,G06008507,Medium,False,False,False,0
211145,G06008521,High,False,False,False,1
494193,G06008508,Low,False,False,True,0
376783,G06008507,High,False,False,False,0
376739,G06008507,Medium,False,False,False,0
126364,G06008510,Low,False,False,False,0
408003,G06008519,Medium,False,False,False,0
375386,G06008517,High,False,False,False,0
486982,G06008515,High,False,False,True,0
487042,G06008506,Medium,True,True,False,0
9623,G06008515,High,False,False,False,0
275132,G06008506,High,False,False,True,0
487323,G06008521,High,False,False,False,0
125722,G06008506,Medium,False,False,False,0
394989,G06008508,Medium,False,False,False,0
126048,G06008508,High,False,False,False,0
407615,G06005303,High,False,False,False,0
205552,G06008519,Medium,False,False,False,0
407745,G06007902,High,True,True,False,0
9657,G06008517,High,False,False,False,0
125800,G06008507,High,False,False,True,0
211079,G06008508,Low,False,False,False,0
375911,G06008515,Low,False,False,True,0
407797,G06008517,High,False,False,False,0
396619,G06008515,Medium,False,False,False,0
111990,G06008519,High,False,False,False,0
375842,G06008519,Medium,False,False,False,0
375852,G06008510,Low,True,True,False,0
257288,G06008521,Low,False,False,False,0
206312,G06008512,Medium,False,False,False,0
394657,G06008521,High,True,True,False,0
48589,G06008519,Medium,False,False,False,0
111852,G06008511,High,False,False,False,0
125620,G06008521,High,True,True,False,0
126118,G06008506,Low,False,False,False,0
125625,G06008508,Medium,False,False,False,0
481258,G06008511,Medium,False,False,False,0
395080,G06008511,Medium,True,True,True,0
39570,G06008519,Low,False,False,False,0
481482,G06008517,High,False,False,False,0
395061,G06008515,Low,False,False,False,0
481461,G06008515,Medium,True,True,False,0
274855,G06008519,High,False,False,False,1
44775,G06008519,High,False,False,False,0
274874,G06008506,High,False,False,False,0
44375,G06008506,Medium,False,False,False,0
375724,G06008515,High,False,False,False,0
396541,G06008519,High,False,False,True,0
494609,G06008507,High,False,False,False,0
125076,G06008506,Low,True,True,False,0
257089,G06008517,Low,False,False,True,0
263162,G06008507,Medium,False,False,False,0
39833,G06008515,High,False,False,False,0
257035,G06008515,High,False,False,True,0
111493,G06008515,Low,False,False,True,0
378305,G06008519,High,False,False,False,0
198652,G06008511,High,False,False,False,0
393439,G06007902,High,False,False,False,0
198618,G06008515,Low,False,False,False,0
124332,G06008517,Medium,False,False,False,1
111561,G06008517,High,False,False,False,0
482154,G06008508,High,True,True,False,0
274018,G06008521,High,False,False,False,0
126619,G06008510,High,False,False,False,0
126584,G06008515,Low,False,False,False,0
126580,G06008512,Low,False,False,False,0
393501,G06008521,High,False,False,False,0
110095,G06008519,Medium,False,False,False,0
13016,G06008517,Low,False,False,False,0
378420,G06008507,High,False,False,False,1
395611,G06008521,Medium,False,False,False,0
101661,G06008515,High,True,True,False,0
493968,G06008508,Low,False,False,False,0
493875,G06008507,Medium,False,False,False,0
486656,G06008512,Medium,False,False,True,0
406305,G06008521,Medium,True,True,False,1
205137,G06008517,Medium,True,True,False,0
124043,G06008511,Low,False,False,False,0
486203,G06008519,Low,False,False,False,1
482176,G06008519,Medium,False,False,False,0
494016,G06008511,High,False,False,True,0
10074,G06008507,High,False,False,False,0
493884,G06008517,Medium,True,True,False,0
395646,G06008515,High,False,False,False,0
110093,G06008505,High,False,False,True,0
378426,G06008515,Medium,False,False,False,0
374697,G06008508,Medium,True,True,True,0
197401,G06008507,Medium,False,False,False,0
374819,G06008510,Medium,False,False,False,0
44081,G06005303,High,True,True,False,0
103047,G06008520,High,True,True,True,0
406270,G06008507,Medium,False,False,False,0
482084,G06008517,Low,False,False,False,0
377908,G06008511,Low,False,False,False,0
486245,G06008519,High,False,False,False,0
274294,G06008520,High,False,False,False,0
274296,G06008505,Medium,False,False,False,0
394003,G06008507,Low,False,False,False,0
377194,G06008520,High,False,False,False,0
264263,G06008517,High,False,False,False,0
274348,G06008510,Medium,False,False,True,0
110746,G06008517,Medium,False,False,False,0
262912,G06008507,High,False,False,False,0
481722,G06007902,Low,False,False,True,0
210613,G06007902,Low,False,False,True,0
102656,G06008507,Medium,False,False,True,0
486966,G06008508,Medium,False,False,False,0
376905,G06008512,High,True,True,False,0
7757,G06008510,High,False,False,True,0
494115,G06008517,Low,False,False,False,0
393948,G06008519,High,False,False,False,0
375134,G06008510,High,False,False,False,0
124714,G06008521,High,False,False,True,0
110168,G06008507,High,False,False,False,0
377901,G06008505,High,False,False,True,0
481985,G06008512,Medium,False,False,False,0
124563,G06008512,Low,True,True,False,0
264432,G06008505,High,False,False,False,0
377861,G06008520,High,False,False,False,0
406618,G06008519,Medium,False,False,False,0
257884,G06008511,Medium,True,True,False,0
110153,G06008510,High,False,False,False,0
112822,G06008508,High,False,False,True,0
124577,G06008517,High,False,False,True,0
39105,G06008519,Medium,False,False,True,0
494050,G06008506,Medium,True,True,False,0
124602,G06007902,Low,False,False,False,0
124608,G06008507,Medium,False,False,False,0
102921,G06008515,High,False,False,False,0
487738,G06008506,Low,False,False,False,0
375115,G06008517,Low,False,False,False,0
377707,G06008519,Medium,True,True,False,0
377835,G06008520,High,True,True,True,0
262964,G06008106,High,False,False,False,0
261460,G06008508,Medium,False,False,False,0
493349,G06008106,High,False,False,False,0
118063,G06008505,High,False,False,False,0
115519,G06005303,Medium,True,True,True,0
538606,G06008519,High,True,True,False,0
106120,G06005303,High,False,False,False,0
266483,G06008519,Low,True,True,False,0
118120,G06008515,Low,False,False,True,0
389781,G06008507,High,False,False,False,0
118171,G06008507,High,False,False,False,0
538660,G06008515,High,False,False,False,0
385954,G06008519,Low,False,False,False,0
260433,G06008520,High,True,True,False,0
399521,G06008515,Medium,False,False,False,0
535229,G06008507,Low,False,False,True,0
269629,G06007902,Low,False,False,False,0
201900,G06008519,High,True,True,False,0
538711,G06007902,Medium,True,True,False,0
402550,G06008507,Medium,False,False,False,0
207354,G06008515,High,False,False,False,0
537940,G06008510,High,False,False,False,1
490709,G06008508,High,False,False,False,0
269479,G06008520,High,False,False,False,0
106333,G06008505,High,False,False,False,0
202176,G06007902,Medium,False,False,False,0
46807,G06008508,High,False,False,False,0
260659,G06008505,High,False,False,False,0
401988,G06008519,Low,False,False,False,0
401995,G06008507,Medium,False,False,False,0
41995,G06008519,High,False,False,False,0
115629,G06008517,Low,False,False,False,0
266657,G06008519,High,False,False,False,0
8647,G06005303,High,True,True,True,0
266639,G06008515,High,False,False,True,0
117863,G06008515,High,False,False,False,0
117868,G06008520,Low,False,False,True,0
386218,G06008519,Medium,False,False,False,0
117953,G06008520,High,False,False,False,0
537944,G06007902,Medium,False,False,False,0
386190,G06008519,Medium,False,False,False,0
386189,G06008517,High,False,False,False,0
402051,G06008512,High,False,False,False,0
202023,G06008519,Medium,False,False,False,0
8628,G06008512,Medium,False,False,False,0
489448,G06008505,High,False,False,True,0
269241,G06008505,High,False,False,True,0
385724,G06008508,Low,True,True,False,0
536129,G06008507,High,False,False,True,0
384758,G06005303,Medium,False,False,False,0
10353,G06008517,High,False,False,False,0
207230,G06008507,High,False,False,False,0
260103,G06008508,Medium,True,True,False,0
384704,G06008519,High,False,False,False,0
384701,G06008508,Medium,False,False,False,0
384662,G06008510,Medium,False,False,False,0
399170,G06008515,High,False,False,False,0
521060,G06008512,Low,True,True,False,0
270267,G06008512,High,False,False,False,0
260074,G06008508,Medium,False,False,False,0
384587,G06008512,High,False,False,False,0
491329,G06008515,Medium,False,False,False,0
399140,G06008519,High,False,False,False,0
390363,G06008515,High,True,True,True,0
108677,G06008106,High,False,False,True,1
537895,G06008510,High,False,False,False,1
41539,G06008508,Low,False,False,False,0
483509,G06008512,High,False,False,False,0
262177,G06008510,Low,True,True,True,0
115032,G06008521,High,False,False,False,0
11297,G06008517,Medium,False,False,False,0
483591,G06008519,Medium,False,False,False,0
10375,G06008510,Low,True,True,False,0
270044,G06008511,Medium,True,True,False,0
489339,G06008507,High,False,False,False,0
262021,G06007902,Low,False,False,False,0
266239,G06008519,Medium,True,True,False,0
266197,G06008519,High,True,True,True,1
208871,G06008519,Medium,False,False,False,1
201774,G06007902,High,False,False,False,0
390072,G06008515,Low,False,False,False,0
9177,G06008510,Medium,True,True,False,0
535206,G06008521,High,False,False,False,0
490884,G06008515,High,True,True,False,0
485417,G06008510,High,False,False,False,0
115175,G06008517,High,True,True,True,0
118599,G06008506,High,False,False,False,0
535147,G06008507,High,False,False,False,0
385075,G06008508,High,False,False,False,0
385043,G06008517,Medium,False,False,False,0
201560,G06008512,Low,False,False,False,0
491140,G06008508,Medium,False,False,False,0
208951,G06008515,High,False,False,False,0
47144,G06008508,High,False,False,False,0
485511,G06008510,High,False,False,False,0
402815,G06008515,Medium,False,False,False,1
485481,G06008519,Medium,False,False,False,0
484161,G06008521,Low,False,False,False,0
386540,G06008520,High,False,False,False,1
261252,G06008505,Medium,False,False,False,0
267257,G06008519,Medium,False,False,False,0
489942,G06008517,Low,False,False,False,1
116121,G06008506,Low,True,True,False,0
388068,G06008521,High,False,False,True,1
489744,G06008507,Medium,False,False,False,0
400988,G06008515,Low,False,False,False,0
107163,G06008517,Low,False,False,True,0
387939,G06008507,High,False,False,False,0
207958,G06008515,High,False,False,False,0
202763,G06007902,High,False,False,True,0
107109,G06008519,Medium,False,False,True,0
490124,G06008508,Medium,False,False,False,0
489734,G06008515,Medium,False,False,False,0
202744,G06008510,Low,True,True,True,0
267228,G06008505,High,False,False,False,0
490204,G06008515,Low,False,False,False,0
388913,G06008517,Low,False,False,False,0
387591,G06008519,Medium,True,True,False,0
116159,G06008521,High,False,False,False,0
8989,G06008515,High,False,False,False,0
388216,G06008515,Low,False,False,True,0
267706,G06008515,Medium,True,True,False,0
203182,G06008521,Medium,False,False,True,0
107568,G06008519,Medium,True,True,False,0
400695,G06008519,Low,False,False,False,0
261513,G06008515,Medium,False,False,False,0
116376,G06008520,Low,False,False,False,0
10629,G06008515,Low,False,False,False,0
116377,G06008505,Medium,False,False,False,0
107685,G06008515,Low,False,False,True,0
116277,G06007902,Medium,False,False,False,0
535763,G06008520,Low,False,False,True,0
107072,G06008519,Medium,False,False,False,0
535855,G06008520,Medium,True,True,False,0
46340,G06008510,Low,False,False,False,0
267604,G06008507,Medium,False,False,False,0
46360,G06008519,High,False,False,False,0
116507,G06008521,Medium,False,False,False,0
42587,G06008515,High,False,False,False,0
261356,G06008521,High,False,False,False,0
42579,G06008508,Low,False,False,False,0
388658,G06008515,High,False,False,False,0
267623,G06008519,Low,False,False,False,0
388682,G06008517,High,False,False,False,0
484628,G06008508,High,False,False,False,0
400116,G06008512,High,True,True,False,0
202634,G06007902,High,False,False,True,0
261553,G06008515,Low,False,False,False,0
117390,G06005303,High,True,True,False,0
490338,G06008521,High,False,False,False,1
261010,G06008507,High,False,False,False,0
106659,G06008511,High,False,False,False,0
117440,G06008506,Low,False,False,False,0
538046,G06008519,High,False,False,False,0
268831,G06008519,High,False,False,False,0
261569,G06008511,Medium,False,False,False,0
401465,G06008510,Low,False,False,True,0
536005,G06008515,Low,False,False,False,0
46733,G06008517,Low,False,False,False,0
42147,G06008508,Low,False,False,False,0
11009,G06008519,High,False,False,False,1
538432,G06008520,High,False,False,False,0
401806,G06008519,Low,False,False,False,0
46741,G06008512,High,False,False,False,0
106549,G06008510,High,False,False,False,0
386556,G06008505,Medium,False,False,False,0
266809,G06008520,Medium,False,False,False,0
386555,G06008511,High,False,False,False,0
489486,G06008507,Low,False,False,False,0
384514,G06008507,Medium,False,False,False,1
387256,G06008510,High,False,False,False,0
106851,G06005303,Low,False,False,False,0
267035,G06008507,Low,False,False,False,0
117044,G06008519,High,False,False,False,0
401151,G06007902,High,True,True,False,0
387526,G06008515,Low,False,False,False,0
117069,G06008519,High,False,False,False,0
46469,G06008508,Medium,False,False,False,0
106982,G06005303,High,False,False,False,1
261138,G06008511,Low,False,False,False,0
387440,G06008515,Medium,False,False,True,0
489591,G06007902,Low,True,True,False,0
203535,G06007902,High,False,False,False,0
268517,G06008519,High,False,False,False,0
117222,G06008505,High,False,False,False,0
117235,G06008520,Medium,False,False,True,0
208050,G06008505,High,False,False,False,1
268678,G06008515,High,False,False,False,0
387289,G06008521,Low,False,False,False,0
401347,G06008519,Low,False,False,False,0
202500,G06008106,Low,False,False,False,0
261100,G06008515,Low,False,False,False,0
42289,G06008507,Medium,False,False,True,0
209077,G06008521,Low,False,False,False,0
201400,G06008506,High,False,False,False,0
10333,G06008507,Low,False,False,False,0
199975,G06008505,High,True,True,False,0
114090,G06008506,Medium,False,False,False,0
45506,G06008515,Low,False,False,False,0
534272,G06007902,Medium,False,False,False,0
492757,G06008508,Medium,True,True,True,1
204649,G06007902,High,True,True,True,1
391892,G06007902,High,False,False,True,0
121944,G06008508,Low,False,False,False,0
121968,G06008106,Medium,True,True,False,0
121974,G06008512,Medium,False,False,False,0
265220,G06008507,Medium,False,False,False,0
381190,G06008511,High,False,False,False,0
482664,G06008519,Medium,False,False,False,0
122123,G06008512,Medium,False,False,False,0
484649,G06005303,Low,False,False,False,0
272009,G06008505,High,False,False,True,0
398265,G06008506,Medium,False,False,False,0
380979,G06008519,High,False,False,False,0
109336,G06008519,Low,True,True,True,0
262441,G06008519,Medium,False,False,False,0
380912,G06005303,High,False,False,False,0
45527,G06008515,Low,False,False,False,0
391794,G06008515,High,False,False,False,0
121790,G06008507,Low,True,True,False,0
381440,G06008507,High,False,False,False,0
121487,G06005303,High,False,False,True,1
209599,G06008519,High,False,False,False,0
11928,G06008519,Medium,False,False,False,0
200082,G06008512,Medium,False,False,True,0
536464,G06008515,Medium,False,False,False,0
391512,G06008505,High,False,False,False,0
534297,G06008505,Low,False,False,False,0
114168,G06008519,Low,False,False,False,0
492542,G06007902,High,False,False,False,0
482608,G06008515,Low,False,False,False,0
398540,G06008510,Medium,False,False,False,1
262337,G06008106,Medium,False,False,False,0
265401,G06008519,High,False,False,False,0
536497,G06008506,High,False,False,False,0
391742,G06008515,Medium,False,False,False,0
209656,G06008511,High,False,False,True,1
11988,G06008517,Low,False,False,False,0
485848,G06008515,High,False,False,False,1
200025,G06008510,Low,True,True,False,0
104555,G06008520,Medium,False,False,False,0
12019,G06008515,High,False,False,False,0
380898,G06008511,Medium,False,False,False,0
43614,G06008519,High,False,False,False,0
204718,G06008517,High,False,False,False,0
493134,G06008519,High,False,False,True,0
482455,G06008507,Low,False,False,False,0
258929,G06008519,High,False,False,False,0
122647,G06008520,High,False,False,False,0
104014,G06008510,Medium,True,True,True,0
122705,G06008512,High,False,False,False,0
272413,G06008519,Medium,False,False,False,0
404735,G06008515,High,False,False,False,0
209963,G06008515,High,False,False,False,0
122535,G06005303,High,False,False,False,0
103927,G06008508,High,False,False,False,0
113745,G06008517,Low,False,False,False,0
539147,G06008511,Medium,False,False,False,1
40370,G06008507,High,False,False,True,0
405167,G06008519,High,False,False,False,0
122802,G06008510,High,False,False,False,0
493314,G06008507,Low,False,False,False,0
380215,G06008517,High,False,False,False,0
405273,G06008517,Low,False,False,True,0
43743,G06008511,High,False,False,True,1
109591,G06008512,High,False,False,True,0
405019,G06005301,High,False,False,False,0
204505,G06008511,High,False,False,False,0
380542,G06008515,Low,False,False,False,0
404628,G06008519,High,False,False,False,0
265140,G06008510,High,False,False,False,0
104323,G06008505,High,False,False,True,0
492931,G06008515,Low,False,False,False,0
43668,G06008515,High,True,True,True,0
104232,G06008508,Medium,False,False,False,0
209863,G06008520,Low,False,False,False,0
122339,G06008510,Medium,False,False,False,0
209867,G06008515,Low,False,False,False,0
45383,G06007902,Medium,False,False,False,0
398146,G06008507,Low,False,False,True,0
10188,G06008515,Low,False,False,False,0
398164,G06007902,High,False,False,False,0
380686,G06008511,High,False,False,False,1
404594,G06008511,Medium,False,False,False,1
104082,G06008515,High,False,False,False,0
392143,G06008505,Medium,True,True,False,0
380623,G06007902,Medium,False,False,False,0
113794,G06008506,Medium,False,False,False,0
405367,G06008506,Medium,True,True,False,0
391417,G06008508,Medium,False,False,False,0
121433,G06008511,High,False,False,False,0
403265,G06007902,High,False,False,False,0
114866,G06007902,Medium,False,False,False,0
119612,G06008519,Medium,False,False,False,0
398865,G06008508,Medium,True,True,False,0
403328,G06008519,Low,False,False,False,1
398836,G06008512,High,False,False,False,0
383908,G06008520,High,True,True,True,1
403421,G06008517,Medium,False,False,False,0
105225,G06008512,High,False,False,False,0
270540,G06008506,Medium,False,False,False,0
209266,G06008520,Low,False,False,False,0
383894,G06008505,Low,False,False,False,0
41283,G06008512,High,False,False,False,0
488844,G06008515,High,False,False,True,0
41272,G06008505,High,False,False,True,0
488841,G06008510,High,False,False,False,0
43315,G06008520,High,False,False,False,0
265841,G06008508,Low,False,False,False,0
119836,G06007902,Medium,True,True,False,0
491717,G06005303,Low,False,False,True,0
43339,G06008507,High,False,False,False,0
43256,G06008507,High,False,False,False,0
105374,G06008508,High,False,False,False,0
483408,G06005303,High,False,False,False,0
209078,G06008519,Medium,False,False,False,1
485555,G06008507,Medium,False,False,False,0
535053,G06008517,Low,False,False,False,0
108759,G06008506,High,False,False,True,0
403084,G06008508,Low,True,True,False,0
201330,G06008510,Low,False,False,False,0
47304,G06008515,Low,True,True,True,0
403100,G06008519,Low,False,False,False,0
383486,G06008517,High,True,True,False,0
265932,G06008511,Medium,False,False,False,0
538825,G06007902,Medium,False,False,False,0
114876,G06008512,High,False,False,False,0
270369,G06008505,Medium,False,False,False,0
270404,G06008507,Low,False,False,False,0
41393,G06007902,Medium,False,False,False,0
384148,G06005303,Medium,False,False,False,0
491378,G06008520,High,True,True,False,0
262185,G06008519,High,False,False,False,0
491408,G06008512,High,False,False,False,0
483427,G06008517,Low,False,False,False,0
260003,G06007902,High,False,False,False,0
534878,G06008510,High,False,False,False,1
114696,G06008507,High,True,True,False,0
201001,G06008519,Medium,True,True,False,0
270989,G06007902,High,True,True,False,0
403831,G06008511,Medium,True,True,True,0
382732,G06008508,Medium,False,False,False,1
120848,G06008510,High,False,False,False,0
200495,G06008510,Medium,False,False,False,0
391269,G06008515,Medium,False,False,True,0
120930,G06008510,Medium,False,False,False,0
382484,G06008508,High,False,False,False,0
403833,G06008507,High,False,False,True,0
403884,G06008521,High,False,False,False,0
8258,G06008517,High,False,False,False,0
265616,G06007902,Low,False,False,False,0
534454,G06008506,Medium,False,False,False,0
114377,G06008510,Low,False,False,False,0
109089,G06008512,High,False,False,False,0
482901,G06008515,Low,False,False,False,0
40806,G06008505,High,False,False,False,0
265513,G06008519,Low,False,False,False,0
259534,G06008512,High,False,False,False,0
403975,G06008505,High,False,False,False,0
40745,G06008507,Medium,False,False,False,0
271025,G06008515,Medium,False,False,False,0
121472,G06008505,High,True,True,False,0
391241,G06008520,High,False,False,False,1
536425,G06007902,Medium,False,False,False,0
41153,G06008508,Low,True,True,False,0
403471,G06008515,Low,True,True,False,0
8290,G06008508,Medium,False,False,False,0
200940,G06008519,High,False,False,False,0
120445,G06008506,Medium,False,False,False,0
491863,G06008507,Medium,False,False,False,0
382980,G06008517,Medium,False,False,True,0
104990,G06008507,High,False,False,False,0
391177,G06008508,Medium,False,False,True,0
104940,G06008517,High,False,False,True,0
534658,G06008519,Medium,False,False,False,1
109073,G06007902,High,False,False,False,0
534612,G06008510,Medium,False,False,False,0
482920,G06008506,High,True,True,False,0
265766,G06008511,High,False,False,True,0
492047,G06008517,Medium,False,False,False,1
382760,G06005303,Low,False,False,False,0
536393,G06008507,Medium,False,False,False,0
11734,G06008519,Low,True,True,False,0
391033,G06008511,High,False,False,False,0
404220,G06008506,Medium,True,True,True,0
359995,G06008515,Low,False,False,True,0
127536,G06008515,High,False,False,True,1
332853,G06008508,High,False,False,False,0
297552,G06008520,High,False,False,False,0
512542,G06008510,High,False,False,False,0
297427,G06008519,High,False,False,False,0
182252,G06008521,Low,False,False,True,0
525753,G06008519,Medium,False,False,False,0
512825,G06008508,High,False,False,False,0
27651,G06008508,Low,True,True,False,0
182404,G06008506,High,False,False,False,0
333183,G06008519,High,False,False,False,0
333209,G06008515,High,False,False,False,0
157421,G06008521,Low,False,False,False,0
297052,G06008519,Low,False,False,False,0
525921,G06008519,High,False,False,False,0
525768,G06008512,Low,False,False,False,0
332794,G06008512,High,False,False,True,0
332769,G06005303,High,False,False,True,0
332763,G06008520,Low,False,False,False,0
331829,G06008510,High,False,False,False,0
181907,G06008510,High,False,False,False,0
332117,G06008506,Low,False,False,False,0
332149,G06008506,Low,False,False,False,0
297804,G06008515,Low,False,False,False,0
158646,G06008517,Low,True,True,True,0
158612,G06008520,Low,False,False,False,0
332459,G06008517,High,False,False,True,0
158533,G06008510,Low,False,False,False,0
512991,G06008515,Low,False,False,False,0
297631,G06005303,High,False,False,False,1
332684,G06008519,Medium,False,False,False,0
512899,G06008515,High,False,False,False,0
512877,G06008515,Low,False,False,False,0
158312,G06008519,Low,False,False,False,0
157306,G06008512,High,False,False,False,0
333636,G06008505,Low,True,True,False,0
296999,G06008510,High,False,False,False,0
157238,G06008507,High,False,False,True,0
296230,G06008519,High,False,False,False,1
296178,G06007902,Medium,False,False,False,0
156345,G06008506,High,False,False,False,0
334615,G06008520,Low,False,False,True,0
511352,G06008519,Medium,False,False,False,1
334677,G06008515,Low,True,True,False,0
183024,G06008507,High,True,True,True,0
296026,G06005303,High,False,False,False,1
334807,G06005303,High,False,False,False,0
17600,G06007902,High,False,False,False,0
295880,G06008506,Medium,False,False,False,0
295826,G06007902,High,False,False,False,0
511236,G06008515,High,False,False,False,0
28401,G06008506,High,False,False,True,0
155591,G06005303,Medium,False,False,False,1
511513,G06007902,Medium,False,False,True,0
513253,G06008508,High,False,False,False,0
296261,G06008506,Low,False,False,False,0
27846,G06008519,High,False,False,False,0
333678,G06008506,Low,False,False,False,0
182626,G06008515,Low,False,False,False,0
296955,G06008507,Medium,False,False,False,0
157105,G06008517,Medium,False,False,False,0
182689,G06008521,High,False,False,False,0
157005,G06008520,Low,False,False,False,0
296749,G06008511,High,False,False,False,0
296651,G06008517,Medium,False,False,True,0
511762,G06008515,High,False,False,False,0
156873,G06008510,Medium,False,False,False,0
296640,G06008505,High,False,False,False,0
296634,G06008511,High,False,False,True,0
511670,G06008507,High,False,False,False,0
334185,G06008507,High,False,False,True,0
182861,G06008517,Medium,False,False,False,0
334269,G06008510,High,True,True,False,0
334316,G06008506,High,False,False,True,0
331759,G06008519,Low,False,False,False,0
298046,G06008508,Low,False,False,False,0
27162,G06008506,High,False,False,False,0
161081,G06008521,High,False,False,False,0
18515,G06008508,High,False,False,True,0
513868,G06008510,Medium,False,False,False,0
328891,G06008508,High,False,False,False,0
328894,G06007902,High,False,False,False,0
513707,G06008507,Medium,False,False,False,0
160903,G06008512,High,False,False,False,0
329112,G06008519,Low,False,False,False,0
180839,G06008506,High,False,False,False,0
329201,G06008521,High,False,False,False,1
329247,G06008701,High,False,False,False,0
513696,G06008517,High,False,False,False,0
180928,G06008519,Medium,False,False,False,0
329298,G06008505,Medium,False,False,False,0
513624,G06008519,High,False,False,False,0
160615,G06008521,High,False,False,False,0
328601,G06008519,High,True,True,False,0
328392,G06008508,Low,True,True,False,0
514070,G06008521,High,False,False,False,0
162011,G06008510,Low,False,False,False,0
180427,G06008510,Medium,False,False,True,0
514452,G06008505,Low,False,False,False,0
300014,G06008508,Low,False,False,False,0
299995,G06008515,High,False,False,False,1
299899,G06008517,High,False,False,True,0
299891,G06008517,Medium,False,False,False,0
299808,G06008520,Medium,False,False,False,0
180530,G06008512,High,False,False,True,0
26155,G06008515,High,False,False,True,1
514188,G06008512,Medium,False,False,False,0
328272,G06008521,Medium,False,False,False,0
328283,G06008508,High,True,True,False,0
180604,G06008519,High,False,False,False,0
328316,G06008519,High,False,False,False,0
295677,G06008515,High,True,True,False,0
160588,G06005303,High,False,False,True,0
18427,G06008517,Low,False,False,False,0
513441,G06008519,Medium,False,False,False,0
298596,G06008517,Low,False,False,False,1
159762,G06008517,Medium,False,False,False,0
159681,G06008506,Medium,False,False,False,0
331000,G06008515,High,True,True,False,0
159636,G06008510,High,False,False,False,0
331042,G06008515,Low,False,False,False,0
159615,G06008506,High,True,True,False,0
159589,G06008506,Medium,False,False,False,0
159519,G06008519,High,False,False,True,0
331225,G06008506,Low,False,False,False,0
159452,G06008520,High,False,False,False,0
298294,G06007902,Medium,True,True,False,0
331415,G06008508,Low,False,False,True,0
181720,G06008519,High,False,False,True,0
159219,G06008511,High,False,False,False,0
159961,G06008507,Low,True,True,True,0
160540,G06008508,Low,False,False,False,0
513460,G06008519,High,False,False,False,0
330397,G06007902,Low,False,False,False,0
160414,G06008507,Medium,True,True,False,0
26744,G06008520,High,False,False,False,0
329715,G06008519,Low,False,False,False,0
329800,G06005303,High,False,False,False,0
513527,G06008515,Medium,False,False,False,0
329856,G06008508,Low,False,False,False,0
160232,G06008519,High,False,False,False,0
525099,G06008517,Low,False,False,False,0
329969,G06008507,High,False,False,False,0
160171,G06008507,Low,False,False,False,0
26812,G06008515,Low,True,True,False,0
26824,G06008508,High,False,False,False,0
330190,G06008510,Low,False,False,False,0
26867,G06008506,High,False,False,False,0
26870,G06008508,Medium,False,False,False,0
525171,G06008519,Low,False,False,False,0
330378,G06008506,Medium,False,False,False,0
26897,G06008517,Low,False,False,False,0
295655,G06008520,Medium,False,False,False,0
155498,G06008515,High,True,True,False,0
183326,G06008519,High,False,False,False,0
30331,G06008521,High,False,False,False,0
342659,G06008505,Low,False,False,False,0
508900,G06008510,Low,False,False,False,0
151007,G06008515,High,True,True,False,0
342740,G06008519,Low,True,True,False,0
151002,G06008519,Medium,False,False,False,0
150996,G06008515,High,False,False,False,0
150874,G06007902,High,True,True,False,0
508852,G06008519,Medium,False,False,False,0
342878,G06008512,High,False,False,False,0
292305,G06008519,High,False,False,False,0
150674,G06007902,Medium,False,False,False,0
292206,G06005303,High,False,False,True,0
30499,G06005303,Medium,False,False,False,0
30505,G06008507,Low,False,False,True,0
343395,G06008519,High,True,True,False,0
342631,G06008517,Medium,False,False,False,0
292169,G06008517,High,False,False,False,0
342573,G06008511,High,False,False,True,0
527246,G06008511,High,False,False,True,0
152070,G06008519,High,True,True,False,0
293114,G06005303,High,False,False,False,0
341522,G06005303,High,False,False,True,0
29816,G06008515,High,False,False,False,0
509520,G06008506,Medium,False,False,False,0
29939,G06008515,High,False,False,True,0
16872,G06008519,Medium,False,False,False,0
29994,G06008701,Low,False,False,False,0
509368,G06008515,Medium,False,False,True,0
185325,G06008510,Medium,False,False,True,0
342158,G06008515,Medium,False,False,False,0
185510,G06008519,Low,False,False,True,0
509110,G06008519,Medium,False,False,False,0
151422,G06008507,Medium,False,False,False,0
185592,G06008511,Low,True,True,False,0
509001,G06008507,Low,False,False,False,0
508990,G06008511,High,True,True,False,0
151097,G06008508,Low,False,False,False,0
343564,G06008508,High,False,False,False,0
343590,G06008511,High,False,False,True,0
16559,G06008507,High,True,True,False,0
291468,G06008505,High,True,True,False,0
291430,G06008505,Low,False,False,True,0
186518,G06008508,Medium,False,False,False,0
345027,G06008507,High,False,False,False,0
291293,G06008508,High,False,False,False,0
291292,G06008511,Low,False,False,False,0
345051,G06008515,Medium,False,False,False,0
527625,G06008515,Medium,False,False,False,0
507658,G06008519,Low,False,False,False,0
186661,G06008520,High,True,True,False,0
149183,G06008512,Medium,False,False,False,0
345239,G06008519,Medium,False,False,False,0
149142,G06008511,Low,False,False,False,0
345268,G06008508,High,False,False,False,0
527760,G06007902,High,False,False,False,0
291522,G06008519,High,False,False,False,0
343580,G06008508,High,False,False,False,0
344800,G06008506,High,False,False,False,0
30754,G06008511,Medium,False,False,False,0
508448,G06008506,High,True,True,False,0
343666,G06008508,High,False,False,True,0
343673,G06008510,Medium,True,True,False,0
343675,G06008515,Low,False,False,False,0
150299,G06008507,High,False,False,False,0
185981,G06008508,High,False,False,False,1
291983,G06008510,High,False,False,False,0
150043,G06008507,Medium,False,False,False,0
186133,G06008517,Medium,False,False,False,0
186235,G06008106,High,False,False,False,0
527535,G06008519,Low,False,False,False,0
291771,G06008519,Low,False,False,False,0
527564,G06008520,High,False,False,True,0
291743,G06008515,Low,False,False,True,0
344559,G06008512,Medium,False,False,False,0
30752,G06008507,High,False,False,False,1
149684,G06005303,Low,False,False,False,0
300274,G06008507,Low,False,False,False,0
293147,G06008515,High,False,False,False,0
337075,G06008508,Low,False,False,False,0
294930,G06008512,Medium,False,False,False,0
183997,G06008507,High,False,False,False,0
154490,G06008510,High,False,False,True,0
337322,G06008510,High,False,False,False,0
17370,G06008519,Low,False,False,False,0
17332,G06008511,High,False,False,True,0
154322,G06008515,Medium,False,False,False,0
154321,G06008519,Low,False,False,False,0
337541,G06008519,Medium,False,False,False,0
294576,G06008515,Medium,False,False,False,0
337692,G06007902,High,True,True,False,0
337798,G06008508,Low,False,False,False,0
510586,G06008508,High,False,False,False,0
184240,G06008511,Medium,False,False,False,0
337968,G06007902,High,False,False,False,1
336781,G06008519,Low,False,False,False,0
29006,G06008515,High,False,False,False,0
154791,G06008519,Medium,False,False,True,0
295217,G06008519,High,False,False,False,0
526371,G06008510,High,True,True,False,0
295482,G06008519,High,False,False,False,0
155266,G06007902,High,False,False,False,0
336012,G06008506,Medium,False,False,False,0
526470,G06008519,Medium,False,False,True,0
183501,G06008511,High,False,False,False,0
336334,G06008508,High,False,False,False,0
17463,G06008515,Low,False,False,False,0
295304,G06007902,High,False,False,True,0
155093,G06008512,Medium,True,True,False,0
511018,G06008519,Medium,False,False,False,0
511005,G06008515,High,False,False,False,0
28673,G06008515,High,True,True,False,0
154970,G06008519,Low,False,False,False,0
336534,G06008505,Medium,False,False,False,0
154900,G06008521,High,False,False,True,0
336697,G06008510,High,False,False,False,1
293150,G06008519,Low,False,False,True,1
153957,G06008517,Medium,False,False,False,0
338072,G06008508,High,False,False,False,0
184899,G06008519,Medium,True,True,False,0
184945,G06008512,High,False,False,False,0
340187,G06008508,High,False,False,False,0
340222,G06008505,Low,False,False,False,0
293350,G06008510,Low,False,False,False,0
152591,G06008505,Low,False,False,False,0
29554,G06008517,High,False,False,False,0
340499,G06008519,High,False,False,False,1
340590,G06008515,Medium,False,False,False,1
152395,G06008515,High,False,False,False,0
29590,G06008515,High,False,False,False,0
340865,G06008517,Low,False,False,False,0
16933,G06008506,Low,False,False,False,0
29676,G06007902,High,False,False,False,0
293201,G06008508,High,False,False,False,0
293185,G06008515,Low,True,True,False,0
29699,G06008519,High,False,False,False,0
152845,G06008519,Low,False,False,True,0
526609,G06008510,Low,True,True,False,0
152939,G06007902,Medium,True,True,False,0
510076,G06008508,Low,False,False,False,0
294441,G06008520,Low,False,False,True,1
338438,G06008517,High,False,False,False,0
294406,G06008506,Medium,False,False,False,0
17165,G06008506,Medium,False,False,True,1
294325,G06008517,Medium,False,False,False,0
294192,G06008520,Medium,False,False,False,0
338956,G06008510,Medium,False,False,False,0
526848,G06008508,High,True,True,False,0
339159,G06008515,Low,False,False,True,0
293932,G06008519,High,False,False,True,0
526892,G06008519,High,False,False,False,0
339407,G06008520,Medium,False,False,True,0
29339,G06008520,Medium,False,False,False,0
153058,G06008508,High,False,False,False,0
510122,G06008515,High,False,False,False,1
184653,G06008515,High,False,False,True,0
339575,G06008517,Medium,False,False,False,0
300323,G06008515,High,False,False,False,0
327472,G06008521,Low,False,False,True,1
514684,G06008505,Low,False,False,False,0
518909,G06008506,High,False,False,False,0
170591,G06008506,High,False,False,False,0
170563,G06008515,Medium,False,False,False,0
521959,G06008512,Low,False,False,False,0
306987,G06008512,Low,True,True,False,0
175889,G06008507,High,False,False,False,0
170481,G06008507,High,False,False,False,0
175939,G06008519,Medium,False,False,False,0
22550,G06008519,Low,False,False,False,0
22580,G06008506,Medium,False,False,False,0
22600,G06008505,High,False,False,False,0
314603,G06008510,High,True,True,False,0
170286,G06008519,High,False,False,False,0
314746,G06008515,Medium,False,False,False,0
306734,G06008515,High,False,False,False,0
314040,G06008506,Medium,False,False,False,0
313937,G06008512,Medium,True,True,False,0
170719,G06005303,High,False,False,False,1
171153,G06008519,High,False,False,True,0
313563,G06008508,High,True,True,False,0
313615,G06008510,Low,True,True,False,0
313617,G06008519,Low,False,False,False,0
313675,G06008519,High,False,False,False,0
519116,G06008517,Medium,True,True,False,1
521785,G06008517,Low,False,False,False,0
170938,G06008508,Low,False,False,False,0
313770,G06008510,Low,False,False,False,0
313781,G06008519,Medium,False,False,False,0
521844,G06008515,Low,False,False,False,0
175723,G06008511,Medium,False,False,False,0
307241,G06008515,Low,False,False,False,0
518973,G06008508,High,False,False,False,0
518959,G06008519,Medium,True,True,False,0
170763,G06008519,High,False,False,False,0
307170,G06008517,High,True,True,True,0
170708,G06008510,High,False,False,False,0
522000,G06008519,Low,False,False,False,0
170179,G06008517,Medium,False,False,False,0
169127,G06005303,High,False,False,False,0
305966,G06008510,High,False,False,False,0
316728,G06008515,Low,False,False,False,0
316751,G06008506,High,True,True,False,0
176645,G06008508,Low,False,False,False,0
168932,G06008520,Medium,False,False,False,0
168930,G06008519,Low,False,False,False,1
316810,G06008505,Medium,False,False,True,0
23157,G06008507,High,False,False,False,0
305874,G06008515,High,False,False,True,0
168889,G06008517,Low,False,False,False,0
316998,G06008517,Medium,False,False,False,0
317130,G06008515,Low,False,False,True,0
517812,G06008508,Low,False,False,False,0
517805,G06008519,High,False,False,False,0
168721,G06008515,Medium,False,False,False,0
305630,G06008517,High,False,False,False,0
176537,G06008519,Low,True,True,False,0
170196,G06008511,Low,False,False,True,0
23114,G06008515,High,False,False,True,0
169230,G06008511,High,True,True,False,0
522046,G06008510,High,False,False,False,0
169990,G06008517,Medium,False,False,False,0
315279,G06008515,Medium,True,True,False,0
315450,G06007902,High,True,True,False,0
169867,G06008508,Low,False,False,False,0
169848,G06008506,High,True,True,True,0
169810,G06008506,Medium,True,True,False,0
22841,G06008507,Low,True,True,False,0
522103,G06008519,Medium,False,False,False,0
20213,G06008512,High,False,False,False,1
169416,G06008519,Medium,False,False,False,0
316297,G06005303,High,False,False,False,0
23083,G06005303,High,False,False,False,0
169233,G06008505,Medium,False,False,False,0
169202,G06008507,Medium,False,False,False,0
171156,G06008519,Low,False,False,True,0
22293,G06008510,Medium,False,False,False,0
310107,G06008505,Medium,False,False,False,0
21374,G06008510,High,False,False,False,0
520601,G06008507,Medium,False,False,False,0
310234,G06008517,High,False,False,False,1
173272,G06008512,High,False,False,True,0
174420,G06008512,High,False,False,False,0
20890,G06008505,High,False,False,False,0
310462,G06008507,Low,False,False,False,0
173138,G06008506,High,False,False,False,0
310518,G06008508,Medium,True,True,False,0
308757,G06008511,High,False,False,False,0
310581,G06008517,Medium,False,False,False,0
310632,G06008519,Low,False,False,False,0
172880,G06008508,High,False,False,False,1
311025,G06008511,High,False,False,False,0
311086,G06007902,High,False,False,False,0
174367,G06008510,High,False,False,False,0
308415,G06008512,Medium,False,False,True,0
21371,G06008508,Low,False,False,False,0
308934,G06008515,High,False,False,False,0
21010,G06008519,Medium,False,False,False,0
174165,G06008521,High,False,False,False,0
173921,G06008519,Low,False,False,False,0
21046,G06008519,Low,False,False,False,0
173887,G06008515,Low,False,False,False,0
309512,G06008515,High,False,False,False,0
174195,G06008512,High,True,True,False,0
173801,G06008521,Low,True,True,True,0
173754,G06008507,Medium,True,True,False,0
173728,G06008508,Low,False,False,False,0
309666,G06008520,High,False,False,False,0
173632,G06008506,High,False,False,False,0
309678,G06008507,Medium,False,False,False,0
521076,G06008508,Low,False,False,False,0
520788,G06008510,Low,True,True,False,0
309860,G06005303,Low,True,True,True,1
174323,G06008517,Low,False,False,False,0
313486,G06008508,Medium,False,False,True,0
520225,G06008511,High,False,False,False,0
520151,G06005303,Medium,True,True,False,0
307937,G06008510,Low,False,False,False,0
307866,G06008519,Low,True,True,True,0
312763,G06008512,Medium,False,False,False,0
519575,G06008517,Low,False,False,False,0
307805,G06008506,High,False,False,False,0
171676,G06008510,High,False,False,True,0
171640,G06008520,High,False,False,False,1
171627,G06005303,Medium,False,False,False,0
22140,G06008510,Low,False,False,False,0
307714,G06007902,High,False,False,False,0
519394,G06008508,Low,False,False,False,0
307701,G06008510,Medium,False,False,False,0
313125,G06008508,High,False,False,False,0
521662,G06008517,High,False,False,False,0
22209,G06008510,Medium,True,True,False,0
313212,G06008507,Low,False,False,False,0
307558,G06008519,High,False,False,False,1
312592,G06008511,High,True,True,False,0
520210,G06008510,Medium,False,False,False,0
312446,G06005303,High,False,False,False,0
21927,G06007902,Medium,True,True,False,0
172534,G06008510,Medium,False,False,False,0
172522,G06008521,High,False,False,False,0
311421,G06008506,Low,False,False,False,0
21724,G06008520,High,False,False,False,0
308251,G06008510,Low,False,False,False,0
172470,G06008510,High,False,False,False,1
172465,G06008508,High,False,False,False,0
311520,G06008302,Medium,False,False,False,0
311571,G06008506,Medium,False,False,False,0
308216,G06008515,High,False,False,False,0
172409,G06008521,High,False,False,False,1
519989,G06008515,Low,True,True,False,0
311887,G06008507,Low,False,False,False,0
175009,G06008515,High,False,False,False,0
519920,G06007902,Low,True,True,False,0
519852,G06008505,Low,False,False,False,0
312248,G06008519,High,False,False,False,0
312351,G06008508,Medium,True,True,False,0
345330,G06008507,High,False,False,False,0
168652,G06007902,Medium,False,False,False,0
168622,G06008508,Low,False,False,False,0
324129,G06008508,Medium,False,False,False,1
164589,G06008512,Low,False,False,False,0
324147,G06008508,Medium,False,False,False,0
25072,G06008510,Low,False,False,False,0
324252,G06008519,Medium,False,False,False,0
164468,G06008506,High,False,False,False,0
515882,G06008106,Medium,False,False,False,0
301689,G06008519,Medium,False,False,False,1
301631,G06008506,Medium,False,False,False,0
179436,G06008506,High,False,False,False,0
325000,G06008517,Medium,False,False,False,0
25288,G06008515,High,True,True,False,0
301514,G06008519,High,True,True,False,0
163946,G06008520,High,True,True,True,0
325250,G06008506,High,False,False,False,1
163874,G06008515,High,False,False,False,0
324108,G06008506,High,True,True,True,0
163790,G06008506,Medium,False,False,False,1
516033,G06008512,Low,False,False,False,1
323959,G06005303,Medium,False,False,False,0
165358,G06007902,High,False,False,False,0
165357,G06008508,Low,False,False,True,0
165340,G06008106,High,True,True,False,0
165337,G06008515,Low,False,False,True,0
165330,G06008519,High,False,False,False,0
165272,G06008511,High,False,False,False,0
322978,G06007902,High,False,False,False,0
165179,G06008521,Low,False,False,False,0
178816,G06008519,Low,False,False,False,0
516174,G06008515,Low,False,False,False,1
302220,G06008512,High,False,False,False,0
19250,G06005303,High,False,False,False,0
164815,G06008515,High,False,False,False,1
178910,G06008521,High,False,False,False,0
523698,G06008508,Medium,False,False,False,0
301989,G06008515,Medium,False,False,False,0
178996,G06008512,Medium,False,False,False,0
165386,G06008507,Low,True,True,False,0
515552,G06008512,High,True,True,False,0
179621,G06008517,Medium,False,False,False,0
524271,G06008510,Medium,False,False,True,0
300757,G06008519,High,False,False,False,0
162677,G06008515,Low,False,False,False,0
18945,G06008517,High,False,False,False,0
162434,G06008517,Low,False,False,False,0
326945,G06008512,High,True,True,False,0
326969,G06007902,High,True,True,False,0
514929,G06008511,High,False,False,False,0
162333,G06007902,High,True,True,True,0
514900,G06005303,Low,False,False,False,0
514794,G06008508,Medium,False,False,False,0
162221,G06008507,High,False,False,False,0
180177,G06005303,High,False,False,False,0
26012,G06008508,High,False,False,False,0
162064,G06008512,High,False,False,False,0
326515,G06008506,Medium,False,False,False,0
325622,G06008505,High,False,False,False,0
524229,G06005301,High,False,False,False,0
515139,G06008512,Medium,False,False,False,0
163469,G06007902,High,False,False,False,0
301149,G06008519,Medium,False,False,True,0
325774,G06008517,High,False,False,False,0
515355,G06008521,Low,False,False,False,0
325833,G06008510,Medium,False,False,False,0
25417,G06005303,High,True,True,False,0
25425,G06008507,High,False,False,False,0
301133,G06008519,High,True,True,False,0
326019,G06008519,Low,False,False,False,0
326064,G06008511,High,True,True,True,1
163021,G06007902,High,True,True,False,0
19040,G06008519,High,False,False,False,0
19013,G06008517,High,False,False,True,0
326275,G06008515,High,False,False,False,0
25614,G06008520,Low,False,False,False,0
162932,G06008515,High,False,False,False,0
300966,G06008505,High,False,False,True,0
300929,G06008519,Medium,False,False,True,0
517791,G06008515,Low,True,True,False,0
322334,G06008512,High,False,False,False,0
322157,G06005303,Medium,True,True,False,0
167825,G06008521,High,False,False,False,0
318663,G06008510,High,False,False,False,0
167551,G06008515,High,False,False,False,0
167530,G06008508,Medium,False,False,True,0
319086,G06008506,Low,False,False,False,0
319146,G06008520,Low,True,True,False,0
319234,G06007902,High,False,False,False,1
319364,G06008508,Medium,False,False,False,0
319410,G06008517,Medium,False,False,False,0
319425,G06007902,High,False,False,False,0
23808,G06008519,Low,False,False,False,0
517296,G06008519,High,False,False,False,1
522716,G06008515,Medium,False,False,False,0
319631,G06008519,High,False,False,False,0
522731,G06008512,Medium,False,False,False,0
167162,G06008505,High,False,False,False,0
319764,G06008511,High,True,True,False,0
318419,G06008519,Medium,False,False,False,0
319860,G06008520,High,True,True,True,1
517561,G06008508,High,False,False,True,0
318219,G06008505,High,False,False,False,0
23290,G06008508,Low,True,True,False,0
168583,G06008519,High,False,False,False,0
168576,G06008521,High,True,True,False,0
317421,G06005303,Medium,False,False,False,0
176800,G06008508,Medium,True,True,False,0
317577,G06008517,High,False,False,False,0
19966,G06008521,Low,False,False,False,0
23345,G06008506,High,False,False,False,0
317648,G06008510,High,False,False,False,0
168343,G06008506,Medium,False,False,False,0
176916,G06008520,High,False,False,False,0
176928,G06008520,Medium,False,False,False,1
23379,G06008515,High,False,False,False,0
318005,G06008517,Medium,False,False,False,0
318105,G06008512,Medium,True,True,False,0
318155,G06008520,Low,False,False,False,0
318280,G06008519,High,False,False,False,0
322309,G06008519,Medium,False,False,False,0
24005,G06008511,High,True,True,False,0
303800,G06008510,Low,False,False,False,0
523133,G06008519,Low,False,False,False,0
19465,G06008510,Low,False,False,False,0
178140,G06007902,Medium,True,True,False,0
303096,G06005303,High,False,False,False,0
321410,G06008505,High,False,False,False,0
166048,G06008511,High,False,False,False,0
321446,G06008106,High,True,True,False,0
165987,G06008520,High,False,False,False,0
516667,G06008507,High,True,True,False,0
321795,G06008515,High,False,False,False,0
165781,G06008507,Medium,False,False,False,1
516579,G06007902,High,False,False,False,1
302857,G06008507,High,True,True,False,0
321982,G06008505,High,False,False,False,0
24471,G06008506,Medium,False,False,False,0
165604,G06008519,High,False,False,False,0
302788,G06007902,Medium,False,False,False,0
321216,G06008510,Medium,False,False,True,0
303826,G06008515,High,True,True,False,0
303268,G06007902,High,False,False,False,0
303275,G06008508,High,False,False,True,0
166853,G06008519,High,False,False,False,0
19602,G06005303,High,True,True,False,0
320298,G06008521,Low,False,False,False,0
166813,G06008521,High,False,False,False,0
320375,G06007902,Medium,False,False,False,0
517054,G06007902,Low,True,True,False,0
166658,G06008507,Medium,False,False,False,0
516986,G06008520,High,False,False,False,1
320611,G06008507,Medium,False,False,False,0
320665,G06008519,Low,False,False,False,0
320737,G06008521,Low,False,False,False,0
320887,G06008521,High,False,False,False,0
320900,G06008507,High,False,False,False,0
178029,G06008517,High,False,False,False,0
516850,G06008515,High,False,False,False,0
166223,G06008519,Medium,False,False,True,0
166189,G06008510,High,False,False,False,0
31060,G06008505,Medium,False,False,False,0
290778,G06008511,High,False,False,False,0
186864,G06008512,Low,False,False,False,0
364895,G06008517,Medium,True,True,False,0
134155,G06008510,High,False,False,True,0
364959,G06008517,Low,False,False,False,0
133979,G06008517,Medium,False,False,False,0
194078,G06008511,Low,False,False,False,0
498736,G06008507,Medium,True,True,False,0
36815,G06008519,High,False,False,False,1
365564,G06008510,High,False,False,False,0
133545,G06008506,High,False,False,False,0
498644,G06008507,High,False,False,False,1
365768,G06005303,Low,True,True,False,0
365783,G06008508,High,False,False,False,0
133458,G06008515,High,False,False,False,0
531347,G06008517,High,False,False,False,0
498490,G06008521,High,False,False,True,0
36896,G06008517,Medium,False,False,False,0
133355,G06008519,Low,False,False,False,0
531193,G06008515,Medium,True,True,False,0
280006,G06008511,High,False,False,False,0
499009,G06008519,High,False,False,False,0
364602,G06008508,Medium,False,False,False,0
281117,G06008515,High,True,True,False,0
364060,G06007902,High,True,True,False,0
364102,G06008517,High,False,False,True,0
364145,G06008515,Low,False,False,False,0
364166,G06008519,High,False,False,True,0
134620,G06008519,Medium,False,False,False,0
134598,G06008520,Medium,False,False,False,0
280800,G06007902,High,True,True,False,0
531069,G06008508,Medium,False,False,False,0
280769,G06005303,High,False,False,False,0
134521,G06008507,Low,True,True,True,0
280609,G06008507,Low,True,True,False,0
364484,G06008517,High,True,True,False,0
134452,G06008507,High,True,True,False,0
36602,G06008519,Low,False,False,False,0
193908,G06008517,High,False,False,False,0
364653,G06008507,Low,False,False,False,0
363937,G06005303,High,False,False,False,0
365867,G06008511,Low,False,False,False,0
531405,G06008515,Low,False,False,False,1
531452,G06007902,Low,True,True,False,0
132717,G06008517,Low,False,False,True,0
279601,G06008515,Low,False,False,False,0
366690,G06008517,High,True,True,False,0
37121,G06007902,High,True,True,True,0
132611,G06008508,High,False,False,False,0
366823,G06005303,Medium,False,False,False,0
132512,G06008512,Medium,True,True,False,1
132471,G06008515,Medium,False,False,False,0
132412,G06008508,Medium,False,False,False,0
367064,G06008515,Medium,False,False,False,0
194738,G06008519,Medium,False,False,False,0
279354,G06007902,Medium,False,False,False,0
132300,G06008511,High,False,False,False,0
132297,G06008106,High,True,True,False,0
366574,G06008519,Medium,False,False,False,0
133296,G06005303,Medium,False,False,True,1
498222,G06008519,Medium,False,False,False,0
132848,G06005303,Medium,False,False,False,1
365933,G06008508,High,True,True,False,0
279920,G06008508,High,False,False,False,0
365952,G06008511,Medium,False,False,False,0
366000,G06008511,High,False,False,False,0
279848,G06005303,High,False,False,False,0
133127,G06008510,High,True,True,False,0
279842,G06008519,Medium,False,False,False,0
366085,G06008517,High,False,False,False,1
279634,G06007902,High,False,False,False,0
133053,G06008517,High,True,True,False,0
279632,G06008507,High,False,False,False,0
194495,G06008515,Low,False,False,False,1
279623,G06008511,Low,False,False,False,0
132891,G06008512,High,True,True,False,0
132873,G06008517,Low,False,False,False,0
132869,G06008106,Low,False,False,False,0
366547,G06008508,Low,True,True,False,1
132840,G06008508,High,False,False,False,1
367194,G06007902,Low,False,False,False,0
499270,G06008519,Medium,False,False,False,0
360829,G06008521,High,False,False,False,0
136884,G06008521,High,False,False,False,0
361010,G06008511,High,False,False,False,0
361123,G06008519,High,False,False,False,0
500291,G06008510,Low,False,False,False,0
361308,G06008510,Medium,False,False,True,0
361342,G06008512,High,False,False,False,0
35765,G06008521,High,False,False,False,0
361405,G06008505,High,False,False,True,0
361483,G06008519,High,False,False,False,0
361525,G06007902,High,True,True,True,0
192784,G06008510,Low,False,False,False,0
282233,G06008507,Low,False,False,False,0
136416,G06008507,High,True,True,False,0
282106,G06008515,High,True,True,False,0
35590,G06007902,Medium,False,False,False,0
136333,G06008507,High,True,True,True,0
360806,G06008521,High,True,True,False,0
137067,G06008507,High,False,False,False,0
282621,G06008506,High,False,False,False,0
14720,G06007902,Medium,False,False,False,0
192395,G06008511,High,False,False,True,0
14707,G06008517,High,False,False,False,0
137387,G06008507,High,False,False,False,0
35390,G06008515,High,False,False,True,0
35404,G06008512,High,True,True,False,0
500741,G06008519,Low,False,False,False,0
192435,G06008519,High,False,False,False,0
137255,G06007902,Medium,False,False,False,0
282529,G06008508,Medium,False,False,False,0
500650,G06008520,Medium,False,False,False,0
360616,G06008519,High,False,False,True,0
500564,G06008510,Low,False,False,False,0
360724,G06008506,High,False,False,False,0
137159,G06008510,High,False,False,False,0
137132,G06008508,High,False,False,False,0
35585,G06008511,High,False,False,False,0
499280,G06008511,High,False,False,False,0
136302,G06008515,High,False,False,False,0
282014,G06008511,Low,False,False,False,0
281535,G06008506,High,False,False,False,0
499611,G06007902,High,False,False,False,0
193309,G06005301,Medium,False,False,False,0
363185,G06008510,Low,False,False,False,0
193341,G06008515,Low,False,False,False,0
135324,G06008517,High,False,False,False,0
14293,G06008511,Medium,False,False,False,1
135308,G06007902,Low,False,False,False,0
530982,G06008510,High,False,False,False,0
193399,G06008506,High,False,False,False,0
135202,G06008507,High,False,False,False,0
135144,G06007902,High,False,False,False,0
135102,G06008515,Medium,False,False,False,0
36367,G06008510,High,False,False,False,0
281261,G06008520,High,False,False,False,0
363738,G06008506,Medium,False,False,False,0
193517,G06005303,Low,False,False,False,0
362950,G06007902,Low,False,False,False,0
136273,G06008507,Medium,False,False,False,0
362882,G06008520,High,True,True,False,1
499777,G06008521,Low,False,False,False,0
281953,G06008511,Medium,True,True,False,0
362010,G06008519,Low,False,False,False,0
136046,G06008505,High,False,False,False,0
362238,G06008506,High,False,False,False,0
135934,G06008507,Low,False,False,False,0
362363,G06008517,High,False,False,True,0
135862,G06008517,Low,False,False,False,0
193048,G06008519,Medium,False,False,False,0
135769,G06008517,Low,False,False,False,0
499795,G06007902,High,False,False,False,0
362533,G06008510,High,False,False,False,0
36051,G06008510,Low,False,False,False,0
281746,G06008515,High,False,False,False,0
135592,G06008519,Medium,False,False,False,0
193079,G06008519,Medium,False,False,True,0
193098,G06008505,Medium,True,True,False,0
362744,G06008515,Medium,False,False,False,0
35345,G06008515,Low,False,False,False,0
132229,G06008508,High,False,False,False,0
194835,G06008520,High,False,False,False,0
371211,G06008510,Medium,False,False,True,0
38223,G06008519,Medium,False,False,False,0
496578,G06008517,Medium,False,False,False,0
196394,G06008517,Medium,False,False,False,0
496552,G06008521,High,False,False,False,0
128945,G06008515,High,False,False,True,0
38276,G06005303,Low,False,False,False,0
276953,G06008517,High,False,False,False,1
371537,G06008515,Medium,True,True,True,0
371570,G06008506,High,False,False,False,0
196526,G06008506,High,True,True,False,0
128714,G06008519,Low,False,False,False,0
38395,G06008519,Medium,True,True,False,0
38399,G06008510,Medium,False,False,False,0
371196,G06008519,High,False,False,False,0
276701,G06008506,High,True,True,False,0
196354,G06005303,High,True,True,True,0
38179,G06008507,Low,False,False,False,0
129993,G06008506,Medium,True,True,False,0
195905,G06008505,High,True,True,False,0
370176,G06008520,High,False,False,False,0
370260,G06008506,High,False,False,False,0
370270,G06008506,High,False,False,False,0
370303,G06008510,High,False,False,False,0
277675,G06008512,High,False,False,False,0
277667,G06008515,High,False,False,True,0
370529,G06008519,Medium,False,False,False,0
196139,G06008519,High,True,True,False,0
370645,G06008515,Low,False,False,True,0
277513,G06008521,Low,False,False,False,0
196220,G06008519,High,False,False,False,0
277391,G06008520,High,True,True,True,0
532071,G06008510,High,False,False,False,0
370995,G06008508,High,False,False,False,0
371015,G06008515,Medium,True,True,False,0
38192,G06008519,High,False,False,False,0
130038,G06008508,High,False,False,False,0
128588,G06008508,Medium,False,False,False,0
532309,G06007902,High,True,True,False,0
372991,G06008512,High,False,False,False,0
127971,G06008505,Low,False,False,False,0
373048,G06007902,High,False,False,False,0
127944,G06008511,High,True,True,False,0
127932,G06008508,Low,True,True,False,1
196831,G06008519,Low,False,False,False,0
276320,G06008520,Low,True,True,False,0
276310,G06008506,Low,False,False,False,0
276245,G06008515,High,False,False,True,0
373376,G06008512,Low,False,False,False,0
276224,G06005303,Low,False,False,False,0
196977,G06008515,Low,True,True,False,0
127677,G06005303,Low,True,True,False,0
127597,G06008519,Low,True,True,False,0
373594,G06008519,Medium,False,False,False,0
128058,G06008515,High,False,False,True,0
496161,G06008508,High,True,True,False,0
372967,G06008517,High,False,False,True,0
532509,G06008507,Low,False,False,False,0
128560,G06008519,Medium,False,False,False,0
371845,G06008515,Low,True,True,True,0
496109,G06008517,High,False,False,False,0
496050,G06008515,High,True,True,False,0
372215,G06007902,High,False,False,False,0
495897,G06008507,Medium,True,True,True,0
495887,G06008521,Low,False,False,True,0
372351,G06008519,Medium,False,False,False,0
372438,G06008106,Medium,False,False,False,0
532447,G06008510,High,False,False,False,0
128281,G06008505,Medium,True,True,True,0
276484,G06008508,Low,False,False,True,0
495825,G06008515,Medium,False,False,False,0
128228,G06008521,Low,False,False,False,0
372696,G06008505,Low,False,False,True,1
372732,G06008510,Low,False,False,False,0
372949,G06005303,High,True,True,False,0
194806,G06008520,Low,True,True,False,0
130074,G06008519,High,True,True,False,0
278918,G06008519,High,False,False,False,0
131505,G06008519,High,False,False,False,0
195200,G06008510,High,False,False,False,0
195214,G06008506,Medium,False,False,True,1
131468,G06008519,High,False,False,False,0
37522,G06008515,High,False,False,False,0
368454,G06005303,High,False,False,False,0
131318,G06008510,High,False,False,False,0
368494,G06008508,Medium,False,False,False,0
368517,G06008515,High,False,False,False,0
131300,G06008517,Low,True,True,False,0
278852,G06008519,Low,False,False,False,0
368537,G06007902,Medium,False,False,False,0
131264,G06008517,High,False,False,False,1
131233,G06008507,High,False,False,True,0
13758,G06008521,Low,False,False,False,0
131223,G06007902,High,False,False,False,0
497711,G06008519,Medium,False,False,True,0
131715,G06008519,Medium,False,False,False,1
132051,G06008515,Medium,False,False,False,0
132044,G06007902,Medium,False,False,False,0
367377,G06008519,High,False,False,False,0
132022,G06008517,High,False,False,False,0
497821,G06008511,High,False,False,False,0
367506,G06008510,High,False,False,False,0
37296,G06008519,Low,True,True,False,0
367607,G06008517,Low,False,False,True,0
37298,G06008521,Medium,False,False,False,0
367650,G06008519,Low,False,False,False,0
367707,G06008517,Low,False,False,False,0
367793,G06008511,Low,False,False,False,0
497758,G06008512,High,False,False,True,0
367882,G06008519,Medium,False,False,False,0
367940,G06008517,High,False,False,False,0
195078,G06008515,Low,False,False,False,0
496931,G06008519,Low,True,True,False,0
195300,G06008508,Medium,False,False,False,0
278741,G06008517,High,False,False,False,0
130680,G06008508,High,False,False,False,0
130664,G06008508,High,False,False,False,0
369526,G06008519,Low,False,False,False,0
278253,G06008507,Medium,True,True,False,0
130475,G06008106,Medium,False,False,False,0
130474,G06008508,High,False,False,False,0
369528,G06008515,High,False,False,False,1
369597,G06007902,Low,False,False,False,0
278054,G06008515,Low,False,False,False,0
369798,G06008517,Low,False,False,False,0
497047,G06008507,High,False,False,False,1
130371,G06008520,Low,False,False,False,1
13571,G06008507,Low,False,False,False,0
369852,G06008515,High,False,False,False,0
130258,G06008506,High,False,False,False,0
195790,G06007902,High,True,True,True,0
195795,G06008505,Medium,True,True,False,0
497261,G06007902,Medium,False,False,True,0
195317,G06008517,High,False,False,False,0
195560,G06008512,High,False,False,False,0
37755,G06008517,High,False,False,False,0
497513,G06008510,High,False,False,False,0
131090,G06007902,High,True,True,False,0
131063,G06008508,Low,False,False,False,0
195371,G06008506,Medium,False,False,False,0
37621,G06008515,Medium,False,False,False,0
195411,G06008520,High,False,False,False,0
369001,G06008519,High,False,False,False,0
369017,G06008519,High,False,False,False,0
369058,G06008507,Low,False,False,True,0
497441,G06008508,Low,True,True,False,0
37628,G06008520,High,False,False,False,1
278529,G06008507,Medium,False,False,True,0
531766,G06008512,High,False,False,False,0
278453,G06008506,Low,True,True,True,0
369238,G06008521,High,False,False,False,0
37713,G06008508,High,False,False,False,1
497309,G06008507,High,False,False,False,0
373628,G06008515,Low,False,False,False,0
137585,G06008507,Low,False,False,True,0
500831,G06008519,Low,False,False,False,0
350429,G06008515,Low,False,False,False,1
350431,G06008511,Low,False,False,False,0
350444,G06008515,Medium,False,False,False,0
287356,G06008508,Low,True,True,False,0
350546,G06008508,Low,False,False,False,0
145108,G06008521,High,True,True,False,0
32757,G06008517,Medium,False,False,False,0
350609,G06005303,Medium,False,False,False,0
32774,G06008521,High,False,False,False,0
350631,G06008506,Medium,False,False,False,0
188928,G06007902,Medium,True,True,False,0
287138,G06008515,High,False,False,True,0
188978,G06008507,High,True,True,True,0
350792,G06005303,Medium,False,False,False,0
286993,G06008510,High,False,False,False,0
286838,G06008521,Medium,False,False,False,0
287394,G06008506,Medium,False,False,False,0
504802,G06008508,High,False,False,False,1
350375,G06008511,Medium,False,False,False,0
145351,G06008515,High,False,False,False,0
32415,G06005303,High,False,False,False,0
349362,G06008510,Low,False,False,False,0
146003,G06008510,Low,False,False,False,0
145991,G06005303,High,False,False,False,0
287818,G06008511,High,False,False,False,0
349543,G06008519,Medium,False,False,False,0
145686,G06008519,High,True,True,False,0
145616,G06008519,Medium,False,False,False,0
505474,G06008511,High,True,True,False,0
145550,G06008511,High,True,True,False,0
349867,G06005303,High,False,False,False,0
15813,G06008517,Low,False,False,False,0
505210,G06008511,High,False,False,False,0
287590,G06008519,High,True,True,False,0
15794,G06008510,Low,True,True,True,0
188695,G06008512,Medium,False,False,False,0
145359,G06008515,Medium,False,False,False,0
505022,G06008517,Medium,False,False,False,0
350964,G06008507,Low,False,False,False,0
144772,G06008512,Medium,False,False,False,0
351619,G06008510,Medium,False,False,False,0
286169,G06008517,Medium,False,False,False,0
504371,G06007902,Medium,False,False,False,0
351762,G06008510,Medium,False,False,False,0
286138,G06008510,Low,False,False,False,1
351934,G06008511,Medium,False,False,False,0
352029,G06008515,Medium,False,False,False,0
143914,G06008508,High,True,True,False,0
352145,G06008521,High,False,False,False,0
528972,G06008510,Medium,False,False,False,0
143755,G06008519,Medium,False,False,False,0
286053,G06005303,Low,True,True,False,0
504133,G06008517,Medium,False,False,False,0
286028,G06008510,High,False,False,False,0
189593,G06008512,High,False,False,False,0
189596,G06008519,Medium,False,False,False,0
33293,G06008519,Medium,False,False,False,0
528848,G06008511,Low,False,False,False,0
144802,G06008521,Medium,False,False,False,0
351590,G06008507,High,False,False,False,0
504460,G06008519,Medium,False,False,False,1
351017,G06008506,High,False,False,False,0
528659,G06008520,High,False,False,False,0
189150,G06008519,Low,True,True,False,0
144613,G06008511,Medium,False,False,False,0
351237,G06005303,High,False,False,False,1
189153,G06008519,Low,False,False,False,0
351276,G06008520,Medium,False,False,False,0
286297,G06005303,Medium,False,False,False,1
286279,G06008517,High,False,False,False,0
144421,G06008510,High,False,False,False,0
144410,G06008507,High,False,False,False,0
286260,G06008521,Medium,False,False,False,0
528779,G06008507,High,False,False,False,0
144374,G06008515,High,False,False,True,0
528799,G06008515,High,False,False,True,0
351542,G06008519,High,False,False,False,0
286194,G06008505,Low,False,False,False,0
144212,G06008517,Low,False,False,True,0
352400,G06008519,Low,False,False,True,0
349155,G06008512,High,False,False,False,1
288057,G06005301,High,False,False,True,0
346554,G06008517,High,False,False,False,0
290276,G06005303,Medium,False,False,False,0
148304,G06008519,High,False,False,False,1
346586,G06008521,Medium,True,True,False,0
148245,G06008515,High,False,False,False,0
506849,G06008515,High,False,False,False,0
506833,G06008511,Medium,False,False,False,1
148144,G06008515,Low,False,False,False,0
528087,G06008519,High,False,False,False,0
187293,G06005303,High,False,False,False,0
346795,G06008510,Medium,False,False,False,0
346815,G06008519,Medium,False,False,False,0
289743,G06008507,Medium,False,False,False,0
346898,G06008517,Low,False,False,False,0
31616,G06005303,High,False,False,False,0
147902,G06008505,High,True,True,True,0
527955,G06008511,Medium,True,True,False,0
187517,G06005303,High,False,False,False,1
187087,G06008508,Low,False,False,False,0
506911,G06008511,Low,True,True,False,0
527811,G06008510,High,True,True,False,0
507454,G06008520,High,True,True,False,0
345570,G06008515,High,False,False,False,0
507370,G06008510,High,False,False,False,0
507307,G06008517,High,False,False,False,0
186926,G06007902,High,True,True,False,0
345726,G06008517,Medium,False,False,False,0
290592,G06008515,Medium,False,False,False,0
290569,G06008517,High,False,False,False,0
31307,G06008515,High,False,False,False,0
346041,G06008515,Low,False,False,False,0
346043,G06008512,High,False,False,False,0
346087,G06008520,High,False,False,False,0
527871,G06008510,High,False,False,False,0
148623,G06008510,High,False,False,False,0
507046,G06008519,Medium,False,False,False,0
346336,G06008508,Low,True,True,False,0
146174,G06008510,High,False,False,False,1
147871,G06008520,Low,False,False,False,0
187741,G06008507,Low,False,False,False,0
146779,G06008517,Low,True,True,False,0
348236,G06008517,High,False,False,True,0
348290,G06008517,High,False,False,True,0
348427,G06008519,High,False,False,False,0
506017,G06008507,High,False,False,True,0
146433,G06008521,High,True,True,False,1
288217,G06008510,High,False,False,False,0
288145,G06008505,Low,False,False,True,0
146371,G06008515,High,False,False,False,0
505943,G06008507,High,False,False,True,0
348683,G06008517,High,False,False,False,0
348760,G06008519,High,False,False,False,0
146257,G06008512,High,False,False,False,1
288088,G06008511,High,False,False,False,0
146884,G06008521,Low,False,False,False,0
347300,G06008507,High,False,False,False,0
348029,G06008515,High,True,True,False,0
288647,G06008512,High,False,False,False,0
347429,G06007902,Low,True,True,False,0
187751,G06008519,High,False,False,False,0
347502,G06008508,Low,False,False,False,0
506345,G06008521,Medium,True,True,False,0
147560,G06008515,Medium,True,True,False,0
187782,G06008515,Low,False,False,False,0
289114,G06008512,High,False,False,False,1
187869,G06008510,Low,False,False,False,0
347770,G06008515,High,False,False,False,0
347833,G06008519,High,False,False,True,0
506231,G06008519,Medium,False,False,True,0
288757,G06008517,High,False,False,False,0
506168,G06008510,High,True,True,False,0
347950,G06008505,Low,False,False,False,0
147015,G06008511,Low,False,False,True,1
31997,G06005303,Low,False,False,True,0
360047,G06008508,High,False,False,False,0
143610,G06008519,Low,False,False,False,0
143598,G06008508,High,True,True,False,0
357059,G06008505,Medium,False,False,True,0
502058,G06008520,Low,True,True,True,0
34578,G06008521,Low,False,False,False,0
283833,G06008519,Medium,False,False,False,1
14984,G06008515,Medium,False,False,True,0
139491,G06007902,High,False,False,False,0
34631,G06008512,High,False,False,True,0
34634,G06008519,Medium,False,False,False,1
501731,G06008515,Low,False,False,False,0
14953,G06008520,High,False,False,False,0
357819,G06008517,Medium,False,False,True,0
501713,G06008521,Low,False,False,False,0
283562,G06008512,High,False,False,False,0
501645,G06008519,High,False,False,True,0
357893,G06008519,High,False,False,False,0
357916,G06008508,High,False,False,False,0
140037,G06008510,Low,False,False,False,0
191506,G06008511,Medium,True,True,True,0
140044,G06008508,Low,False,False,False,0
283946,G06008517,Medium,True,True,True,0
140670,G06007902,Low,True,True,True,0
356003,G06008519,Low,False,False,False,0
284221,G06008519,Low,False,False,False,0
502504,G06008506,High,False,False,False,0
356249,G06008519,High,False,False,False,0
140440,G06008510,Low,False,False,False,0
284097,G06008520,Medium,True,True,False,0
190936,G06008511,High,True,True,False,0
529737,G06008508,Low,False,False,True,0
140302,G06005303,Low,True,True,False,0
356644,G06008519,High,False,False,False,0
140232,G06008519,High,False,False,False,0
356756,G06008510,High,True,True,False,0
191074,G06008515,Medium,True,True,False,0
140087,G06008515,Medium,False,False,True,0
191135,G06008519,Medium,False,False,False,0
283933,G06008508,Medium,False,False,False,0
355969,G06008505,High,False,False,False,0
357945,G06008507,High,False,False,True,0
191624,G06008701,High,False,False,False,0
138192,G06008515,Low,False,False,False,0
359517,G06008519,High,False,False,False,1
501122,G06008519,Low,False,False,False,0
14813,G06005303,Low,False,False,False,1
501120,G06008520,Low,False,False,False,0
530214,G06008511,Medium,False,False,False,0
137971,G06008505,High,False,False,False,1
137970,G06008517,Low,False,False,True,0
359666,G06008515,High,False,False,False,0
192173,G06008510,High,False,False,False,0
35219,G06008519,Medium,False,False,False,0
35231,G06008519,High,True,True,False,0
192232,G06008520,High,True,True,False,0
500891,G06008519,Low,False,False,False,0
408584,G06008520,Low,False,False,True,0
500840,G06008507,High,False,False,False,0
359997,G06008515,Low,True,True,False,0
34764,G06008519,High,True,True,True,0
501199,G06008519,Medium,False,False,False,0
282929,G06008511,High,False,False,False,0
138945,G06008519,High,False,False,True,0
283323,G06008512,Low,False,False,False,0
191727,G06008521,High,False,False,False,0
191745,G06008517,High,False,False,False,0
191791,G06008517,Medium,False,False,False,0
358602,G06007902,Medium,False,False,False,0
191829,G06008510,Low,False,False,False,0
138646,G06008505,High,False,False,False,0
358631,G06008511,High,False,False,False,0
283219,G06008505,Low,True,True,False,0
358648,G06008519,High,False,False,False,0
501309,G06008510,High,False,False,True,0
191859,G06008519,High,False,False,False,0
191927,G06008517,High,False,False,False,0
359052,G06008510,High,True,True,False,0
359164,G06008520,High,False,False,True,0
359281,G06008519,Medium,False,False,True,0
143609,G06007902,Low,True,True,False,0
355963,G06008519,Low,False,False,True,0
140765,G06008510,Low,False,False,False,0
353464,G06008519,Medium,False,False,False,0
285275,G06008515,Medium,False,False,False,0
189939,G06008507,Low,False,False,False,0
142562,G06008511,Low,True,True,True,0
142536,G06008515,Medium,False,False,False,0
285200,G06008506,Low,False,False,False,0
142503,G06008510,Low,False,False,False,0
285192,G06008512,High,True,True,True,1
353635,G06008508,High,False,False,False,0
15304,G06005303,Low,False,False,False,0
142303,G06008508,High,False,False,False,0
142300,G06008510,Low,False,False,False,0
142283,G06008515,High,False,False,False,0
142259,G06008510,High,True,True,False,0
353813,G06008520,High,False,False,False,0
503521,G06008511,High,False,False,False,0
353853,G06008512,High,False,False,False,0
142702,G06008506,High,False,False,False,0
353451,G06008515,Medium,False,False,True,0
143563,G06008506,High,False,False,False,1
503977,G06008515,Low,False,False,False,0
529043,G06008508,Low,False,False,False,0
189698,G06008507,Medium,False,False,False,0
352711,G06007902,High,False,False,False,0
33433,G06008519,Medium,False,False,False,0
285629,G06008520,High,False,False,False,0
352932,G06008506,Medium,False,False,False,0
143094,G06008510,High,False,False,False,0
189771,G06008505,Medium,False,False,False,0
143039,G06008507,High,False,False,True,0
33528,G06008515,High,False,False,True,0
285482,G06008515,Low,False,False,True,0
142857,G06008519,Low,False,False,False,0
529153,G06008519,Low,True,True,False,0
142758,G06008520,High,False,False,False,0
189897,G06008519,Medium,True,True,False,0
529657,G06008520,Medium,False,False,True,0
142199,G06008505,High,False,False,False,0
142189,G06008510,Medium,False,False,False,0
502998,G06008519,High,True,True,False,0
33981,G06008515,High,False,False,False,0
141504,G06008515,Medium,False,False,False,0
284608,G06008521,Low,False,False,False,0
141467,G06008519,High,False,False,False,0
355191,G06008506,Low,False,False,False,0
355230,G06008510,Low,False,False,True,0
141329,G06008512,Medium,True,True,False,0
355329,G06005303,High,False,False,False,0
502721,G06008510,High,False,False,False,0
355515,G06008506,High,False,False,False,0
355657,G06007902,Medium,True,True,False,0
355729,G06008507,Medium,False,False,False,0
140951,G06008510,Medium,True,True,False,0
34173,G06008519,High,False,False,False,0
190708,G06008517,High,False,False,False,0
140824,G06008520,High,True,True,False,0
529371,G06008506,High,False,False,False,0
353871,G06005303,Medium,False,False,False,0
353951,G06008510,High,False,False,False,0
529197,G06008506,High,False,False,True,0
142082,G06008507,Low,False,False,False,0
354127,G06007902,Medium,True,True,False,0
190115,G06008517,High,False,False,False,1
285006,G06008510,High,False,False,False,0
141997,G06008506,Medium,False,False,False,0
354334,G06008519,Medium,False,False,False,0
503065,G06008519,High,False,False,False,0
141789,G06008511,High,True,True,False,0
503026,G06008510,Medium,False,False,False,0
354625,G06008519,High,False,False,False,1
354626,G06008506,High,False,False,False,0
284759,G06008517,Medium,False,False,False,0
256798,G06008515,High,True,True,False,0
309169,G06008508,Medium,False,False,False,0
256791,G06008519,Medium,False,False,False,0
241790,G06008512,Low,False,False,False,0
414323,G06008512,Medium,False,False,False,0
435174,G06008517,High,False,False,True,0
470373,G06008508,High,False,False,False,0
435207,G06008508,Medium,False,False,False,0
435208,G06008519,High,False,False,False,0
81805,G06008515,Low,False,False,False,0
435315,G06008511,Low,False,False,False,0
414281,G06008510,Low,False,False,True,0
81359,G06008517,High,False,False,False,0
81347,G06008517,High,False,False,False,0
435448,G06008106,Low,False,False,True,0
470137,G06008521,Medium,False,False,False,0
81485,G06008511,Low,True,True,False,0
81213,G06008508,Low,False,False,False,0
56191,G06005303,Medium,False,False,False,0
241905,G06008511,High,False,False,False,0
221116,G06008517,High,False,False,False,0
82251,G06008515,Low,False,False,False,0
434461,G06008515,Medium,False,False,False,0
434597,G06008508,High,False,False,False,0
470647,G06008507,High,False,False,False,0
470575,G06008517,High,False,False,False,0
414368,G06008506,High,False,False,False,0
253454,G06008515,High,False,False,False,0
221273,G06007902,Low,False,False,False,0
213368,G06008512,High,False,False,False,0
221283,G06008505,High,False,False,False,0
541039,G06008505,High,True,True,False,0
81973,G06008512,High,False,False,False,0
56137,G06008106,High,False,False,False,0
82265,G06008510,Low,False,False,False,0
253656,G06008519,High,False,False,True,0
435688,G06008507,Low,False,False,False,0
436319,G06008512,High,False,False,False,0
221835,G06008510,Low,False,False,False,1
221859,G06008510,Medium,False,False,False,0
545453,G06008505,Low,True,True,False,0
241132,G06008701,High,False,False,False,0
241015,G06008519,High,False,False,False,0
436267,G06005303,High,False,False,False,0
240990,G06005303,High,False,False,False,0
436771,G06008507,Medium,False,False,False,0
240949,G06008515,Medium,False,False,False,0
413913,G06008510,High,False,False,False,0
413893,G06008520,High,False,False,False,0
240947,G06008517,Low,False,False,False,0
240890,G06008510,Low,False,False,False,1
241403,G06007902,Medium,False,False,False,0
436261,G06008515,Low,False,False,False,0
414097,G06008508,High,False,False,False,0
56429,G06008515,Low,False,False,False,1
241362,G06008508,High,False,False,False,0
470048,G06008519,Low,False,False,False,0
241338,G06008519,Medium,False,False,False,1
81110,G06008515,Medium,False,False,False,1
435899,G06008519,Medium,False,False,False,0
241182,G06008508,Medium,False,False,False,0
81086,G06008505,Medium,True,True,False,0
3494,G06008519,High,False,False,False,0
56581,G06008519,High,False,False,False,0
414106,G06008515,High,False,False,False,0
241283,G06008506,Medium,False,False,False,0
469861,G06008507,Low,False,False,False,0
80768,G06007902,Low,False,False,False,0
96812,G06008512,Medium,False,False,False,0
240796,G06008507,High,False,False,False,0
434346,G06005303,High,False,False,False,0
242345,G06008508,Medium,False,False,False,0
253116,G06008519,Low,False,False,False,0
55281,G06008520,Medium,False,False,False,0
85021,G06008511,High,False,False,False,0
431444,G06005303,High,False,False,False,0
6511,G06008511,High,True,True,False,0
55277,G06007902,High,True,True,False,1
415321,G06008515,High,False,False,False,0
471685,G06008512,Medium,True,True,False,0
84462,G06008519,Medium,False,False,True,0
4022,G06008515,Medium,False,False,False,0
471517,G06008505,High,False,False,False,0
243731,G06008510,Low,False,False,False,0
84163,G06008520,Low,False,False,False,1
84714,G06008508,High,True,True,False,0
432392,G06008517,High,False,False,False,0
85073,G06008506,High,False,False,False,1
55218,G06008519,Medium,True,True,False,0
85587,G06008517,Low,False,False,False,0
85550,G06008510,Medium,False,False,False,0
430734,G06008519,Medium,False,False,False,0
219359,G06008507,Medium,False,False,False,0
472031,G06008515,Medium,False,False,False,0
50659,G06008506,Medium,False,False,False,0
431246,G06008508,Low,False,False,False,0
219510,G06008521,High,True,True,False,1
415567,G06008508,High,False,False,True,0
244497,G06007902,Low,False,False,False,0
96181,G06008519,Low,False,False,True,0
544460,G06008515,High,False,False,False,0
471930,G06008519,High,False,False,False,0
244423,G06008507,Low,False,False,False,0
4187,G06008517,Low,False,False,False,0
470717,G06008506,High,False,False,False,1
220118,G06005303,High,False,False,False,0
471237,G06008519,High,False,False,False,1
544919,G06008521,High,True,True,False,0
242857,G06008519,Medium,False,False,False,0
433581,G06008519,High,False,False,False,0
220863,G06008520,High,False,False,False,0
242541,G06008517,High,False,False,False,0
433769,G06008511,High,True,True,False,0
242908,G06008519,High,False,False,False,0
82708,G06008515,Medium,False,False,False,0
470861,G06008512,High,False,False,False,0
82607,G06008515,High,False,False,True,0
470832,G06008517,Low,False,False,False,0
434020,G06008508,Medium,False,False,False,0
434040,G06008519,Low,False,False,False,0
434066,G06008510,High,False,False,False,0
545109,G06008507,Low,False,False,True,0
432621,G06008519,High,False,False,False,0
433428,G06008517,Medium,False,False,False,0
242940,G06008520,Medium,False,False,False,0
432796,G06008515,High,False,False,False,0
220286,G06008521,Low,False,False,False,0
432985,G06008515,Low,False,False,False,0
433025,G06008521,Medium,False,False,False,1
433089,G06008508,High,False,False,False,0
83498,G06008519,High,False,False,False,0
83266,G06008512,High,False,False,False,0
433134,G06008508,Medium,False,False,False,0
3925,G06008517,High,False,False,False,0
253249,G06008519,Low,True,True,False,0
96395,G06008510,Medium,False,False,False,0
433279,G06005303,Low,False,False,False,0
3910,G06008512,Medium,False,False,False,0
541199,G06007902,Low,False,False,False,0
469548,G06008507,Medium,False,False,False,0
469508,G06008508,High,False,False,False,1
80133,G06008519,Low,False,False,False,0
57883,G06008511,Medium,False,False,False,0
238790,G06007902,Medium,False,False,True,0
441516,G06008511,Low,False,False,False,0
467897,G06008506,High,False,False,True,0
254695,G06008511,High,False,False,False,0
467776,G06008507,Low,False,False,True,0
441330,G06008519,High,False,False,False,0
76425,G06008519,High,True,True,False,0
442166,G06008515,Medium,False,False,False,0
540825,G06008508,Low,False,False,False,0
238402,G06008519,Low,True,True,True,0
238361,G06008507,High,True,True,False,0
442430,G06008505,High,False,False,False,1
238298,G06008511,High,False,False,False,0
223882,G06008521,High,True,True,False,0
442499,G06008511,Low,False,False,False,0
441306,G06008512,High,False,False,False,0
97795,G06008510,Medium,False,False,True,0
77296,G06008520,Low,True,True,True,0
440556,G06008515,High,False,False,False,0
223453,G06008506,Medium,True,True,False,1
2770,G06008515,Low,False,False,False,0
440920,G06008512,High,False,False,False,0
77119,G06007902,High,False,False,True,0
441290,G06008505,High,False,False,False,0
238911,G06008519,High,True,True,False,0
468111,G06008512,Medium,True,True,False,0
441062,G06008519,Medium,False,False,False,0
441143,G06008519,Low,False,False,True,0
223610,G06008517,Medium,True,True,False,0
223614,G06008506,Medium,False,False,False,1
50184,G06008521,High,False,False,False,0
2786,G06008510,High,False,False,False,1
442528,G06008510,High,False,False,False,0
224103,G06008701,High,True,True,False,0
466974,G06008515,Medium,False,False,False,0
443679,G06008510,Low,False,False,False,0
50092,G06008512,Medium,False,False,True,0
443795,G06008508,Medium,False,False,False,0
237718,G06008506,High,False,False,True,0
58540,G06008508,High,False,False,False,0
74918,G06008519,High,False,False,True,0
58629,G06008515,Medium,False,False,False,0
58656,G06008519,High,False,False,False,1
74819,G06008520,Low,True,True,False,0
412204,G06008519,High,False,False,False,0
546601,G06008519,High,False,False,False,0
74809,G06008505,Medium,False,False,False,0
58166,G06008519,Medium,False,False,False,0
443462,G06008512,High,False,False,False,0
443319,G06008521,Low,False,False,False,1
442700,G06008520,Low,False,False,False,0
238202,G06008519,High,False,False,False,0
224143,G06008515,High,False,False,False,0
238187,G06008515,High,False,False,False,0
75571,G06008515,Low,False,False,False,1
75538,G06008519,Low,False,False,False,0
2309,G06008511,High,False,False,False,0
238179,G06008515,Low,False,False,False,0
238173,G06008510,Low,False,False,True,0
467244,G06008512,Medium,False,False,False,0
412577,G06008508,High,False,False,False,1
467150,G06008515,High,False,False,False,0
467143,G06008511,High,True,True,True,0
254840,G06008521,Low,False,False,False,0
58306,G06008519,High,False,False,False,0
413070,G06008519,Low,False,False,False,0
223443,G06008506,High,True,True,True,1
437972,G06008510,Low,False,False,False,0
468980,G06008520,High,False,False,False,0
545765,G06008512,Low,False,False,False,0
79063,G06007902,High,True,True,True,0
545835,G06008508,High,False,False,False,0
437964,G06008515,Low,False,False,False,0
240256,G06008519,High,True,True,False,0
78973,G06008519,High,False,False,False,0
78950,G06008515,High,False,False,False,0
240192,G06008510,High,False,False,False,0
78842,G06008505,High,False,False,True,0
222642,G06008517,High,False,False,False,0
240157,G06008517,Medium,False,False,False,1
468933,G06008106,Medium,False,False,False,0
57336,G06008507,High,True,True,False,0
254248,G06008517,Low,False,False,False,0
240458,G06008519,Low,False,False,False,0
437174,G06008507,High,False,False,False,0
437275,G06008519,High,False,False,False,0
437383,G06008520,Medium,False,False,True,1
545561,G06008511,Medium,False,False,False,0
478751,G06008505,High,False,False,False,0
222348,G06008517,High,False,False,False,1
437934,G06008508,High,False,False,False,0
413774,G06008520,High,False,False,False,0
79630,G06008515,Medium,False,False,False,0
437767,G06008520,High,True,True,False,0
469167,G06008517,High,False,False,False,0
469114,G06008515,High,True,True,False,0
57072,G06008506,High,False,False,False,0
438712,G06008520,High,True,True,True,0
222658,G06008519,Low,False,False,False,0
57432,G06007902,High,False,False,False,0
97557,G06008106,Medium,False,False,False,0
439741,G06007902,Medium,False,False,False,0
77982,G06008519,Medium,False,False,False,0
239506,G06008506,Medium,False,False,False,0
57628,G06007902,Low,False,False,False,0
239492,G06008519,High,False,False,True,0
212838,G06008512,High,False,False,False,0
212818,G06005303,High,False,False,False,0
50335,G06008519,Medium,False,False,False,0
77734,G06008510,High,False,False,False,0
77607,G06008517,Low,False,False,True,1
77575,G06008511,Medium,False,False,False,1
468273,G06008511,High,False,False,False,0
223393,G06008515,Low,False,False,False,0
439962,G06008508,Medium,False,False,False,0
212840,G06008507,Medium,False,False,False,0
545968,G06008510,Low,False,False,True,0
439514,G06008510,Medium,False,False,False,0
240121,G06008517,High,False,False,False,0
439072,G06008506,Low,True,True,False,0
545875,G06008507,High,False,False,False,0
439115,G06008515,Low,False,False,True,0
78530,G06008515,High,True,True,False,0
413275,G06008515,High,False,False,False,0
439182,G06008515,Low,False,False,False,0
545894,G06008512,Low,False,False,False,0
239922,G06008515,Medium,False,False,True,0
545938,G06008520,Low,False,False,True,0
78244,G06008517,Medium,False,False,False,0
439475,G06008519,Low,False,False,False,0
418137,G06008519,Medium,False,False,False,0
245149,G06008511,Medium,True,True,True,0
224466,G06008515,High,False,False,False,1
544144,G06008511,Low,True,True,False,0
544121,G06008512,High,False,False,False,0
422151,G06008512,Medium,False,False,False,0
422334,G06008510,High,False,False,False,0
417113,G06008507,Low,False,False,False,0
249709,G06008512,High,False,False,False,1
422376,G06008508,Medium,False,False,False,0
94993,G06008506,High,False,False,False,0
422027,G06008515,Medium,False,False,False,0
95019,G06008519,Medium,False,False,False,0
91392,G06007902,Medium,False,False,False,0
91381,G06008511,High,False,False,True,0
249687,G06008520,Low,True,True,True,0
216291,G06008519,High,False,False,False,1
91358,G06008505,Low,False,False,False,0
475677,G06008506,High,False,False,False,0
541601,G06008521,High,False,False,False,0
216334,G06008507,High,False,False,True,0
542740,G06008519,Low,True,True,False,0
216178,G06008521,High,False,False,False,1
421354,G06008106,High,False,False,False,0
421493,G06008512,High,True,True,False,0
91830,G06008517,High,False,False,False,0
541677,G06008517,Low,False,False,False,0
421599,G06008515,Low,False,False,False,0
542529,G06008515,Low,False,False,True,0
249920,G06008519,Medium,False,False,False,0
475898,G06008506,High,False,False,False,1
94870,G06008506,High,True,True,False,0
249846,G06008521,High,False,False,False,0
216167,G06008506,High,False,False,False,0
216171,G06008507,High,False,False,False,0
249883,G06008512,Medium,True,True,False,0
215985,G06008505,High,False,False,False,0
422545,G06008519,High,False,False,False,0
475630,G06008510,Low,False,False,True,0
90571,G06008507,Medium,False,False,False,0
475136,G06008106,Medium,False,False,False,0
90484,G06008519,Low,False,False,False,0
423526,G06008519,High,False,False,False,0
90452,G06008515,Medium,False,False,True,0
216643,G06008519,High,False,False,False,0
423600,G06008517,Low,False,False,True,0
252482,G06008106,Low,False,False,False,0
475072,G06008505,High,True,True,False,0
52891,G06008506,High,True,True,False,1
542960,G06008510,Medium,False,False,False,0
423787,G06008510,Medium,False,False,False,0
423788,G06008508,High,False,False,False,0
214241,G06008510,High,False,False,False,0
416973,G06007902,Medium,False,False,False,0
216632,G06008505,Medium,False,False,False,0
475376,G06008515,Medium,False,False,False,0
416887,G06008519,High,False,False,False,0
422646,G06008506,High,False,False,False,0
249632,G06008520,Medium,False,False,True,0
91225,G06008510,High,False,False,False,0
91208,G06008515,Medium,False,False,False,0
249474,G06007902,Medium,False,False,False,0
475250,G06008519,Low,False,False,True,0
542802,G06008520,Low,False,False,False,1
422976,G06008701,Low,True,True,False,0
477770,G06008521,High,False,False,False,0
252417,G06008519,Low,False,False,False,1
90950,G06008507,High,False,False,False,0
90252,G06008520,Medium,True,True,False,0
421303,G06008507,High,True,True,False,0
421143,G06008106,Low,False,False,False,0
93650,G06008507,High,False,False,True,0
476796,G06008517,Medium,False,False,False,0
214806,G06008507,Medium,False,False,False,0
93511,G06008515,High,True,True,False,0
93482,G06008512,High,False,False,False,1
419153,G06008512,High,True,True,False,0
476820,G06007902,High,True,True,False,0
51821,G06008508,Low,False,False,False,1
215379,G06008506,High,False,False,False,1
419376,G06008507,Low,False,False,True,0
476659,G06008512,High,True,True,False,0
93081,G06008507,High,False,False,True,0
93331,G06007902,Low,False,False,False,0
419575,G06008511,Medium,False,False,False,0
418776,G06008507,Low,False,False,False,0
94408,G06007902,Medium,False,False,False,0
418269,G06008510,Low,False,False,False,0
94228,G06008507,Medium,True,True,False,0
418340,G06008512,High,False,False,False,0
418125,G06008511,High,False,False,False,0
94191,G06008510,High,False,False,False,0
94072,G06008517,High,True,True,False,0
418090,G06008515,High,False,False,False,0
541907,G06008510,High,True,True,False,0
418528,G06008519,High,False,False,False,0
418547,G06008519,High,True,True,False,0
418742,G06008506,High,False,False,True,0
215214,G06008506,High,False,False,False,0
93858,G06008520,Medium,False,False,False,1
418762,G06008517,Medium,False,False,False,0
251281,G06008511,Low,False,False,False,0
215969,G06008511,Low,False,False,False,0
419601,G06008512,Medium,True,True,False,0
93055,G06008517,Medium,False,False,False,0
52070,G06008519,High,False,False,False,0
420518,G06008512,High,False,False,False,0
420554,G06008510,High,True,True,False,0
52136,G06008510,High,False,False,False,0
542263,G06005303,High,False,False,False,0
420699,G06008519,High,False,False,False,1
420488,G06008515,High,False,False,False,0
420797,G06008517,Medium,False,False,False,1
420835,G06008508,Medium,False,False,False,1
542384,G06008515,Medium,True,True,False,0
252244,G06007902,Low,False,False,False,0
92178,G06008519,High,False,False,False,0
94768,G06008521,Low,False,False,False,0
250096,G06008519,Medium,True,True,False,0
420798,G06008511,High,True,True,False,0
94563,G06008517,High,True,True,False,0
420460,G06008510,Medium,True,True,True,0
92576,G06008515,Low,False,False,False,0
419699,G06007902,High,False,False,False,0
92937,G06005303,High,True,True,True,1
215535,G06008515,High,False,False,False,0
215537,G06008507,Medium,False,False,True,0
419807,G06008505,High,False,False,False,0
420454,G06008521,High,False,False,True,0
92874,G06008517,Low,False,False,True,0
420016,G06008511,High,False,False,False,0
420228,G06008505,High,False,False,True,0
215708,G06005303,High,False,False,False,0
5817,G06008510,Low,False,False,False,0
51249,G06008515,Medium,False,False,False,0
52011,G06008507,Medium,False,False,True,0
52938,G06008520,Medium,False,False,False,0
248804,G06008508,Low,False,False,False,0
54104,G06008519,High,True,True,False,0
54175,G06008506,Medium,False,False,False,0
428077,G06008510,Medium,False,False,True,0
428182,G06008515,Low,True,True,True,0
473390,G06008519,Low,False,False,False,0
246275,G06008515,Medium,True,True,False,0
87453,G06008701,High,False,False,False,0
473336,G06005303,High,False,False,False,0
252976,G06008508,Low,False,False,False,1
473332,G06008506,Low,False,False,False,0
218600,G06008520,Medium,False,False,False,0
415997,G06008507,High,False,False,False,0
543801,G06008517,High,False,False,False,0
428553,G06008511,Low,False,False,False,0
54337,G06008506,High,True,True,False,0
54395,G06008508,High,False,False,False,0
427645,G06008505,Low,False,False,False,0
87494,G06008519,High,False,False,False,1
426900,G06007902,High,False,False,False,0
473931,G06008521,Medium,True,True,False,0
88031,G06005303,High,False,False,False,0
4792,G06008515,Medium,False,False,False,0
218004,G06008515,High,False,False,False,0
427188,G06008507,Medium,False,False,False,0
246527,G06008510,High,False,False,False,0
4764,G06008519,Medium,False,False,False,0
427333,G06008519,High,False,False,False,0
87681,G06008106,Medium,False,False,False,1
54077,G06008517,Low,False,False,False,0
246588,G06008519,Medium,False,False,False,0
427547,G06008508,High,False,False,False,0
87501,G06008511,Low,False,False,False,0
87854,G06008512,High,False,False,False,0
541423,G06008506,Medium,False,False,True,0
428576,G06008519,Medium,False,False,False,0
428675,G06008508,High,False,False,False,0
245485,G06008515,High,False,False,False,0
429801,G06008505,High,False,False,True,0
430042,G06008507,Low,False,False,False,0
430044,G06008510,High,True,True,True,0
430157,G06008512,High,True,True,False,0
213798,G06008515,Low,True,True,False,0
219097,G06008515,High,False,False,False,0
472362,G06008517,Low,False,False,False,0
430353,G06008507,High,True,True,False,0
472276,G06007902,Low,False,False,False,0
50672,G06008520,Medium,False,False,False,0
430385,G06008507,Low,False,False,False,0
85789,G06008517,High,False,False,False,0
219244,G06008517,Medium,False,False,False,0
245370,G06008511,High,False,False,False,0
428653,G06008508,Medium,False,False,False,0
86249,G06008510,High,True,True,False,0
472697,G06008515,High,False,False,False,0
415883,G06008519,Low,False,False,False,0
428677,G06008519,Medium,False,False,False,0
478087,G06008515,Medium,False,False,False,0
428706,G06008520,High,False,False,False,0
218706,G06008515,Low,False,False,False,0
543823,G06008511,High,False,False,False,0
415750,G06008520,High,False,False,False,0
428748,G06007902,Medium,False,False,False,0
429083,G06008521,Medium,False,False,False,0
219027,G06008519,High,False,False,True,0
429554,G06008510,Low,True,True,False,0
429643,G06008519,High,False,False,False,0
544021,G06008508,Low,False,False,False,0
86364,G06008512,Low,False,False,True,0
245893,G06008520,Low,False,False,False,0
247045,G06008511,High,False,False,False,0
247120,G06008520,High,True,True,False,0
248468,G06008520,Medium,False,False,False,0
424289,G06008510,Medium,False,False,False,0
474751,G06008506,Low,False,False,False,0
424291,G06008517,High,False,False,False,0
89905,G06008520,Low,False,False,False,0
543129,G06008106,Medium,False,False,False,0
252602,G06008508,Low,False,False,False,0
214126,G06008510,High,False,False,False,0
416301,G06008515,Medium,False,False,True,0
424602,G06008515,High,False,False,True,0
53139,G06005303,High,False,False,False,1
89688,G06008521,Low,False,False,False,0
89803,G06008510,High,False,False,False,0
424810,G06007902,High,False,False,True,0
95370,G06008507,Medium,False,False,False,0
217027,G06008511,High,False,False,True,0
542995,G06008519,Medium,False,False,False,0
252559,G06008520,Medium,True,True,False,0
248705,G06008517,High,False,False,True,0
90151,G06008511,High,False,False,False,0
52970,G06008519,High,True,True,False,0
248677,G06008512,High,False,False,True,0
89954,G06008511,High,False,False,False,0
424003,G06008517,Medium,False,False,True,0
5276,G06005303,Low,True,True,False,0
424018,G06008520,Medium,True,True,False,0
474779,G06007902,High,False,False,True,0
416505,G06008519,Low,False,False,True,0
248615,G06005303,High,False,False,False,0
248588,G06008510,Medium,False,False,False,0
95332,G06008517,Low,False,False,False,0
424916,G06008506,Low,False,False,False,0
425050,G06008519,High,False,False,False,0
88775,G06008515,Low,False,False,False,0
541457,G06008519,High,False,False,True,0
474259,G06008519,High,False,False,False,0
53531,G06008515,Low,False,False,True,1
88619,G06008512,High,True,True,False,0
53613,G06005303,High,False,False,True,0
477972,G06008517,High,False,False,False,0
541456,G06008508,Medium,False,False,False,0
474206,G06008519,Medium,False,False,False,0
247208,G06008520,Medium,False,False,False,0
252807,G06008519,High,False,False,False,0
474155,G06008505,High,False,False,False,0
88446,G06008106,High,False,False,False,0
4913,G06008519,High,False,False,False,0
4947,G06008511,High,False,False,False,0
425970,G06007902,High,False,False,False,0
4954,G06008517,High,False,False,False,0
425838,G06008517,Medium,False,False,False,0
5103,G06008106,High,False,False,False,0
95560,G06008519,High,False,False,False,0
50836,G06008505,Medium,False,False,True,1
247869,G06008519,High,False,False,False,0
89200,G06007902,Medium,False,False,False,0
89185,G06008519,High,True,True,False,0
425435,G06008519,Low,False,False,False,0
252768,G06008512,High,True,True,False,0
89161,G06008507,High,False,False,False,0
425541,G06008508,Low,True,True,False,0
425583,G06008506,High,False,False,False,0
474419,G06008506,High,False,False,False,0
247758,G06008510,Low,False,False,False,0
472170,G06008521,Medium,True,True,False,0
58699,G06008521,High,False,False,False,0
94338,G06008519,High,False,False,False,1
50072,G06008517,High,True,True,False,1
1248,G06008507,Medium,False,False,True,0
548298,G06008507,High,False,False,True,0
68667,G06008519,High,False,False,False,0
233519,G06008510,Medium,False,False,False,0
453350,G06008510,High,True,True,False,0
548224,G06008505,High,False,False,False,0
233619,G06008517,Medium,False,False,False,0
548216,G06008521,High,True,True,False,0
233660,G06008515,Medium,False,False,False,0
453150,G06008510,Medium,False,False,False,0
453088,G06008520,Medium,False,False,False,1
68831,G06008520,High,False,False,False,0
453053,G06008507,High,True,True,False,0
227069,G06007902,High,True,True,False,0
49482,G06008519,Medium,False,False,False,0
61424,G06007902,High,False,False,False,0
61374,G06008505,Low,False,False,False,0
452774,G06008507,Low,True,True,False,0
69084,G06008517,High,False,False,True,0
69099,G06008519,Medium,False,False,False,0
548043,G06008517,Medium,False,False,False,0
255668,G06007902,High,False,False,False,0
255658,G06008515,High,True,True,False,0
61345,G06008515,High,False,False,False,0
234148,G06008508,Medium,True,True,False,0
548006,G06008512,High,False,False,True,0
234240,G06008510,Medium,False,False,False,0
479948,G06007902,Medium,False,False,True,0
61377,G06008505,Medium,False,False,False,0
479932,G06008515,Medium,False,False,False,0
410033,G06008519,Low,False,False,False,0
233369,G06008515,Low,False,False,False,0
67851,G06008508,Medium,False,False,False,1
548593,G06008520,High,False,False,False,0
454433,G06008519,High,False,False,False,0
409838,G06008519,Low,True,True,False,0
49447,G06008510,High,True,True,False,0
454340,G06008517,High,False,False,False,0
454234,G06008519,Low,False,False,False,0
462205,G06008505,Low,False,False,False,0
1089,G06008519,High,False,False,False,0
68029,G06008519,High,True,True,False,0
100088,G06008505,High,True,True,True,0
454180,G06008507,High,False,False,False,1
233018,G06008517,High,False,False,False,1
68472,G06008511,High,True,True,False,0
409949,G06008508,High,False,False,False,0
548503,G06007902,High,False,False,False,0
409972,G06008512,High,False,False,False,0
68258,G06008510,Medium,True,True,False,0
68262,G06008519,Medium,False,False,False,0
100051,G06008512,Low,True,True,False,1
68306,G06008515,Medium,False,False,False,0
233317,G06008508,Low,False,False,False,0
1194,G06008505,High,False,False,False,0
453833,G06008519,Medium,False,False,False,0
255845,G06008508,High,False,False,False,0
233330,G06008519,Medium,False,False,False,0
462358,G06008515,High,True,True,False,0
68224,G06008519,High,False,False,False,0
547967,G06008511,High,False,False,True,0
60744,G06008511,Low,True,True,True,0
479719,G06008512,Low,False,False,False,0
547685,G06008519,Low,False,False,False,0
234848,G06008512,High,True,True,False,0
464101,G06008515,High,True,True,True,0
60699,G06008510,High,False,False,False,0
70871,G06008517,Low,False,False,False,0
70988,G06008512,Low,False,False,False,0
60614,G06008517,High,False,False,False,1
71013,G06008511,High,False,False,False,0
410902,G06008519,Low,False,False,False,0
449950,G06008505,High,True,True,False,0
449935,G06007902,Medium,False,False,False,0
234755,G06008517,High,True,True,False,0
71156,G06008515,High,False,False,True,1
449616,G06008508,High,False,False,False,0
464524,G06008511,Medium,False,False,False,0
71289,G06008515,Medium,False,False,False,0
1654,G06005303,Low,True,True,False,0
235080,G06008510,Medium,False,False,True,0
235193,G06008508,Low,False,False,False,0
449133,G06008519,Medium,False,False,False,0
49776,G06008510,Medium,False,False,False,0
449075,G06008508,Medium,False,False,False,0
71515,G06008511,Low,False,False,False,0
225923,G06008511,Medium,False,False,False,0
235309,G06008519,High,False,False,False,0
547484,G06008520,Low,False,False,True,0
225891,G06008507,Low,False,False,True,0
449846,G06008508,Low,False,False,True,0
450753,G06008507,Low,True,True,False,0
60791,G06007902,High,True,True,False,0
212133,G06008505,Medium,False,False,False,0
410340,G06008521,High,False,False,False,0
99707,G06008505,High,False,False,False,0
479917,G06008519,Medium,False,False,False,0
452229,G06007902,High,False,False,False,0
61187,G06008508,High,True,True,False,0
1434,G06007902,Low,False,False,False,0
69795,G06008519,Medium,False,False,False,0
226608,G06008508,High,False,False,False,0
451689,G06008507,High,False,False,False,0
226581,G06008519,High,False,False,True,0
451474,G06008519,High,False,False,False,0
70140,G06008517,Medium,False,False,True,0
547803,G06008506,Medium,False,False,False,0
226448,G06008517,High,False,False,True,0
463611,G06008512,Low,False,False,False,0
255551,G06008508,High,False,False,False,0
70303,G06008506,Medium,False,False,False,0
255500,G06008506,Low,True,True,False,0
60835,G06008508,Medium,True,True,True,0
99518,G06008515,High,False,False,False,0
60843,G06008507,High,False,False,False,0
450831,G06008519,Medium,False,False,False,0
1507,G06008519,High,False,False,False,0
67805,G06008515,High,False,False,False,0
410664,G06008505,Low,False,False,False,0
99540,G06007902,High,False,False,False,0
234661,G06008511,Medium,False,False,False,0
547707,G06008517,Medium,False,False,False,0
70321,G06008517,Low,False,False,False,0
450913,G06008515,Medium,False,False,False,0
255974,G06007902,Low,True,True,False,0
100171,G06007902,Medium,False,False,False,0
227710,G06008512,Medium,False,False,False,0
64438,G06007902,Low,False,False,False,0
64524,G06008505,High,False,False,False,0
101036,G06008515,High,False,False,False,0
458346,G06005303,High,False,False,False,0
256465,G06008511,Medium,False,False,False,0
7508,G06008508,Low,False,False,False,0
229405,G06008517,Medium,False,False,False,0
64580,G06008517,Low,False,False,False,0
409043,G06008505,Medium,False,False,False,0
64640,G06008520,High,False,False,False,0
458213,G06008519,Medium,False,False,False,0
64732,G06008510,High,False,False,False,0
62786,G06008510,High,True,True,False,0
409079,G06008521,High,False,False,False,0
458561,G06008511,High,False,False,False,0
549513,G06008507,Medium,False,False,False,0
64891,G06008515,High,False,False,False,0
100915,G06008519,High,False,False,False,0
65050,G06008510,Medium,False,False,False,0
100907,G06008512,Low,False,False,False,0
457646,G06008519,Medium,False,False,False,0
231303,G06008519,High,False,False,False,0
229086,G06008519,High,False,False,False,0
62677,G06005303,Medium,False,False,False,0
7487,G06008510,High,False,False,False,0
457455,G06008517,Medium,False,False,False,0
62630,G06008508,High,False,False,False,1
65513,G06008517,Medium,False,False,True,0
231359,G06005303,High,True,True,False,0
229220,G06008519,Low,False,False,False,0
64370,G06008519,Low,True,True,False,0
458583,G06008507,Medium,False,False,True,0
549597,G06008512,High,False,False,False,0
63258,G06005303,Low,False,False,False,0
63236,G06008506,Medium,False,False,False,0
230410,G06008507,Medium,False,False,False,0
63486,G06008508,Medium,False,False,False,0
63159,G06008519,Medium,False,False,False,0
63519,G06008106,Medium,False,False,True,0
460455,G06008517,Low,False,False,True,0
549855,G06005303,High,False,False,False,0
63149,G06008507,High,False,False,False,0
63584,G06008517,Medium,False,False,False,0
230555,G06008517,High,False,False,True,1
459684,G06008511,High,False,False,False,0
63655,G06008505,Low,True,True,False,0
63668,G06008511,High,False,False,False,0
459512,G06008508,High,False,False,False,0
480695,G06008507,Medium,True,True,False,0
64357,G06008519,Low,False,False,False,0
64326,G06008521,High,True,True,False,0
230789,G06008507,Medium,False,False,False,0
458857,G06008510,High,False,False,False,0
457245,G06007902,High,False,False,False,0
549620,G06008510,Low,False,False,False,0
229811,G06008510,Medium,False,False,False,0
459445,G06008511,High,False,False,False,0
459446,G06008506,Medium,True,True,False,0
459468,G06008510,High,False,False,False,1
256608,G06008519,Medium,False,False,False,0
459511,G06008519,Low,False,False,False,0
63040,G06008517,Medium,False,False,False,0
411029,G06008510,High,False,False,True,0
65639,G06008521,Medium,True,True,False,0
231492,G06008515,Low,True,True,False,0
228306,G06008512,Medium,False,False,False,0
66758,G06008519,High,False,False,False,0
62117,G06008519,High,False,False,False,0
455821,G06008506,High,False,False,False,0
232366,G06008505,High,False,False,False,0
409429,G06008507,Medium,False,False,False,0
100407,G06008508,High,False,False,False,1
228131,G06008519,Medium,False,False,False,0
7433,G06008507,High,False,False,False,0
66970,G06008515,Medium,False,False,True,0
455677,G06008505,High,False,False,False,1
228075,G06008511,Low,True,True,False,1
944,G06008511,High,True,True,True,0
66748,G06005303,Low,False,False,False,0
409655,G06008512,High,False,False,True,1
461806,G06008505,High,False,False,False,0
256027,G06008521,High,False,False,False,0
409680,G06008517,Medium,False,False,False,0
67248,G06008519,Low,False,False,False,0
455188,G06008515,High,False,False,False,0
548687,G06008507,High,False,False,False,1
454892,G06008511,Low,False,False,False,0
67538,G06008510,Medium,False,False,True,0
462002,G06008515,High,False,False,False,0
232876,G06008505,Low,False,False,True,0
462095,G06008520,Medium,False,False,False,0
454733,G06008507,Medium,True,True,False,0
548739,G06008510,Medium,False,False,True,0
456093,G06008512,Low,False,False,False,0
456183,G06008505,High,False,False,True,0
66650,G06008510,Low,False,False,False,0
211627,G06008505,Low,False,False,True,1
65673,G06008515,High,False,False,False,0
231529,G06008505,High,False,False,False,0
456938,G06008510,Medium,False,False,False,0
549284,G06008521,Medium,False,False,True,0
480520,G06008519,High,False,False,False,0
100672,G06005303,High,False,False,False,1
409327,G06008515,Medium,False,False,False,0
456789,G06008519,Low,False,False,True,1
7438,G06008519,High,False,False,False,0
66078,G06007902,Medium,False,False,False,0
461460,G06008508,Medium,False,False,False,0
62469,G06008511,High,False,False,False,0
231827,G06007902,Medium,False,False,False,0
456581,G06008505,High,False,False,False,0
62240,G06008507,High,True,True,True,0
785,G06005303,High,False,False,False,0
480446,G06008508,Medium,False,False,False,0
49242,G06008508,High,False,False,False,0
456271,G06008506,Low,False,False,True,0
461573,G06008701,Medium,False,False,False,0
65640,G06008520,Medium,False,False,False,0
549178,G06008521,Medium,False,False,False,0
456365,G06008512,Low,False,False,False,0
100593,G06008520,Low,True,True,False,0
456392,G06008507,High,False,False,False,0
228575,G06008515,Medium,False,False,False,1
231838,G06008517,High,True,True,False,0
228645,G06008506,Low,False,False,False,0
66390,G06008106,Low,False,False,False,0
71619,G06008512,Medium,False,False,False,0
452418,G06008517,High,False,False,False,0
225270,G06008520,High,False,False,False,0
74197,G06008515,High,False,False,False,0
225304,G06008506,High,True,True,True,1
465867,G06008519,High,False,False,False,0
237080,G06008517,Medium,False,False,False,0
225589,G06008521,Medium,False,False,False,0
411293,G06008519,Medium,False,False,False,1
212272,G06008510,High,False,False,False,0
60000,G06008512,High,False,False,True,0
50015,G06008506,Medium,False,False,False,0
59454,G06008505,Low,False,False,False,0
479233,G06008515,Medium,False,False,False,1
212459,G06008510,Medium,False,False,False,0
50051,G06008508,Low,True,True,False,0
445656,G06008520,High,False,False,False,0
236858,G06008519,Low,False,False,False,0
446666,G06007902,High,False,False,False,0
72970,G06008511,High,False,False,False,0
98293,G06008512,High,False,False,False,0
73685,G06008506,Medium,False,False,False,0
236624,G06008506,Low,False,False,False,0
411254,G06008519,High,True,True,False,0
236576,G06008521,Medium,False,False,False,0
448317,G06008512,High,False,False,True,0
446649,G06008517,High,False,False,False,1
448333,G06008508,High,False,False,False,0
546976,G06008507,Medium,False,False,True,0
236573,G06008517,High,False,False,False,0
445967,G06008519,Medium,False,False,False,0
466227,G06008511,High,False,False,False,1
479272,G06008506,High,False,False,False,0
72806,G06008517,Medium,False,False,False,0
447588,G06008517,Low,False,False,False,0
224887,G06007902,High,False,False,False,0
447561,G06008519,High,False,False,False,0
59716,G06008515,Medium,False,False,False,0
236057,G06007902,Medium,False,False,True,0
547134,G06008512,Low,False,False,False,0
235899,G06008515,High,False,False,False,0
547109,G06005303,Low,False,False,True,0
73972,G06008519,Medium,True,True,False,0
412018,G06008507,Low,False,False,False,0
465774,G06008517,High,False,False,False,0
235859,G06008505,Medium,False,False,False,0
411835,G06008515,High,False,False,False,0
540479,G06008517,Medium,False,False,False,0
540378,G06008505,High,False,False,False,0
447885,G06008517,Medium,False,False,False,0
465777,G06008512,Low,False,False,False,0
236905,G06008511,Low,False,False,False,1
98791,G06008521,High,True,True,True,0
1864,G06008512,High,False,False,False,0
255302,G06008515,High,False,False,False,0
236911,G06008507,Medium,False,False,False,0
412031,G06008508,High,False,False,False,0
447154,G06005303,Medium,False,False,False,0
2073,G06008515,Medium,False,False,True,1
72187,G06005303,Medium,True,True,False,0
98421,G06008519,High,False,False,True,0
479344,G06005303,Low,False,False,False,0
224953,G06008508,High,False,False,False,1
73757,G06008515,Medium,False,False,False,0
466328,G06008515,High,False,False,False,0
237452,G06008511,High,True,True,False,0
479203,G06008506,Medium,False,False,False,0
236845,G06007902,High,True,True,False,0
444536,G06008508,High,True,True,False,1
73348,G06008515,Medium,False,False,False,0
448542,G06008505,High,False,False,False,0
466660,G06008507,High,False,False,False,1
448712,G06008519,Low,False,False,False,1
446308,G06008505,Medium,False,False,False,0
224625,G06008510,Low,False,False,False,0
547329,G06007902,Medium,False,False,False,0
466727,G06008520,High,False,False,True,0
60139,G06008515,Medium,False,False,True,0
444412,G06008511,High,False,False,False,0
237605,G06008519,Medium,False,False,False,0
412156,G06007901,High,False,False,False,0
235350,G06008510,Medium,False,False,False,0
73312,G06008512,High,False,False,False,0
546660,G06008511,High,True,True,False,0
444329,G06008520,High,False,False,True,0
71741,G06008507,High,False,False,False,0
74602,G06007902,Low,True,True,True,0
411774,G06007902,High,False,False,False,0
444158,G06008519,Low,False,False,False,0
59447,G06008519,Low,False,False,False,0
74476,G06008515,Medium,False,False,True,0
479477,G06008510,Medium,False,False,False,0
465946,G06008515,High,False,False,False,0
448426,G06008508,High,False,False,False,1
466003,G06008515,Low,False,False,False,0
59282,G06008511,High,False,False,False,0
466825,G06008510,Low,False,False,False,0
225089,G06008519,High,False,False,False,0
411632,G06008517,High,False,False,True,0
446627,G06008521,High,False,False,False,1
444561,G06008519,Medium,False,False,False,1
49973,G06008505,Low,True,True,True,0
74464,G06008506,High,False,False,False,0
169394,G06007901,Low,False,False,False,0
19579,G06007901,High,False,False,False,0
339048,G06007901,Low,True,True,False,0
527857,G06007901,Medium,False,False,False,0
169413,G06007901,High,True,True,True,0
288547,G06007901,Medium,False,False,False,0
77495,G06008302,High,False,False,False,0
199398,G06007901,High,False,False,False,0
527926,G06007901,Low,False,False,False,0
91139,G06007901,Low,False,False,False,0
423348,G06007901,Medium,False,False,False,0
316137,G06008302,High,False,False,False,0
423194,G06007901,Medium,True,True,False,0
77543,G06007901,High,False,False,False,0
153425,G06008302,High,True,True,False,0
441713,G06007901,Medium,False,False,False,0
303866,G06008302,Medium,False,False,False,0
315937,G06007901,Low,False,False,False,0
169538,G06007901,Medium,False,False,False,0
380235,G06007901,High,False,False,False,0
304173,G06007901,Medium,False,False,False,0
199555,G06008302,High,False,False,False,0
125854,G06008302,High,False,False,True,0
89235,G06007901,High,False,False,False,0
169755,G06007901,Medium,True,True,True,0
65995,G06007901,Medium,False,False,False,0
315575,G06008302,High,True,True,False,0
39323,G06007901,Medium,False,False,False,0
543244,G06007901,High,False,False,False,0
232739,G06007901,Low,False,False,False,0
62490,G06007901,High,False,False,False,0
290418,G06008302,High,False,False,False,0
289611,G06008302,Medium,False,False,True,0
347179,G06007901,Medium,False,False,False,0
376886,G06007901,Low,False,False,False,0
147834,G06008302,Low,False,False,False,0
125021,G06007901,Medium,False,False,False,0
198229,G06007901,High,True,True,True,0
424272,G06007901,Medium,False,False,False,0
168234,G06007901,Low,False,False,False,0
546967,G06007901,High,True,True,False,0
183911,G06008302,Medium,True,True,False,0
167901,G06007901,Medium,False,False,False,0
23603,G06007901,Low,True,True,False,0
66941,G06008302,Low,True,True,False,0
424320,G06007901,High,False,False,False,0
347867,G06007901,Low,False,False,False,0
294991,G06007901,High,False,False,False,0
248681,G06008302,Low,False,False,False,0
346348,G06007901,High,False,False,False,0
316626,G06007901,High,False,False,False,0
187168,G06007901,Medium,False,False,False,0
316743,G06007901,High,False,False,False,0
90371,G06007901,Medium,True,True,False,0
379291,G06007901,Medium,False,False,False,0
248876,G06008302,High,True,True,False,0
39698,G06008302,Low,False,False,False,0
466289,G06007901,Medium,False,False,False,0
506811,G06008302,Medium,False,False,False,0
522246,G06007901,High,False,False,True,0
168829,G06007901,Medium,False,False,False,0
187291,G06007901,High,True,True,False,0
474566,G06008302,High,False,False,False,0
376648,G06008302,High,False,False,False,0
295079,G06007901,Medium,True,True,True,0
273455,G06007901,Medium,True,True,False,0
466223,G06007901,Low,False,False,False,0
16181,G06007901,Medium,True,True,False,0
305880,G06007901,Medium,False,False,False,0
518724,G06007901,Low,True,True,False,0
522081,G06008302,Low,False,False,False,0
490349,G06008302,Medium,True,True,False,0
250482,G06008302,Medium,False,False,False,0
64049,G06007901,High,False,False,False,0
10980,G06007901,Low,False,False,False,0
311344,G06008302,Medium,True,True,False,0
443361,G06008302,Medium,False,False,False,0
229532,G06007901,Medium,False,False,False,0
467075,G06007901,Medium,False,False,False,0
458840,G06007901,Low,True,True,False,0
308176,G06007901,High,False,False,False,0
292134,G06008302,Low,False,False,False,0
117662,G06007901,Low,False,False,False,0
293225,G06008302,High,False,False,False,0
419450,G06007901,High,False,False,False,0
340864,G06008302,Medium,False,False,False,0
386306,G06007901,Low,False,False,False,0
52010,G06007901,High,False,False,False,0
224278,G06007901,High,False,False,False,0
535231,G06007901,High,False,False,False,0
546750,G06007901,Medium,False,False,False,0
185942,G06007901,High,False,False,True,0
185950,G06007901,High,True,True,False,0
175172,G06007901,Low,False,False,False,0
460847,G06007901,Medium,False,False,False,0
224201,G06007901,High,False,False,False,0
312766,G06007901,High,False,False,False,0
508257,G06007901,Low,True,True,False,0
527309,G06008302,Medium,False,False,False,0
63898,G06008302,Medium,False,False,False,0
173983,G06007901,Medium,False,False,False,0
509069,G06008302,Medium,False,False,False,0
174178,G06007901,High,False,False,False,0
342078,G06007901,High,False,False,False,0
203641,G06007902,Low,True,True,False,0
389431,G06008302,Low,False,False,False,0
266883,G06008302,High,False,False,False,0
388816,G06008302,High,True,True,False,0
173823,G06008302,High,False,False,False,0
466961,G06008302,High,False,False,False,1
117040,G06008302,Low,True,True,False,0
185773,G06008302,High,True,True,False,0
93386,G06007901,High,False,False,False,0
535668,G06007901,High,False,False,False,0
42370,G06007901,Medium,False,False,False,1
16591,G06007901,Medium,False,False,False,0
224401,G06007901,High,False,False,False,0
267732,G06008302,Low,True,True,False,0
174391,G06007901,Medium,True,True,False,0
418800,G06007901,High,False,False,False,0
388434,G06007901,High,False,False,False,0
443018,G06007901,High,True,True,False,0
385707,G06007901,Low,False,False,True,0
170884,G06007901,High,False,False,False,0
74028,G06007901,Medium,False,False,False,0
421715,G06007901,Medium,False,False,True,0
231216,G06007901,Medium,True,True,False,0
153050,G06007901,Medium,False,False,False,0
224069,G06007901,Low,False,False,False,0
170782,G06007901,Medium,False,False,False,0
421844,G06007901,Low,False,False,False,0
224012,G06008302,High,False,False,False,0
457472,G06007901,High,False,False,False,0
75956,G06007901,Medium,False,False,False,0
314298,G06007901,Low,True,True,False,0
549422,G06007901,High,False,False,False,0
314553,G06008302,Medium,False,False,False,1
271528,G06008302,High,False,False,True,0
293914,G06007901,Medium,False,False,False,0
121921,G06007901,Medium,False,False,False,0
442211,G06007901,Low,False,False,False,0
345253,G06007902,Medium,False,False,False,0
12005,G06007901,High,False,False,False,0
457191,G06007901,Medium,False,False,False,1
518628,G06008302,Low,False,False,False,0
20317,G06008302,Medium,False,False,False,0
527676,G06008302,Low,False,False,False,0
306480,G06007901,Low,False,False,False,0
58212,G06007901,Medium,True,True,False,0
250225,G06007901,Low,True,True,False,0
250193,G06007901,Medium,False,False,False,0
269822,G06007901,Low,False,False,False,1
41784,G06007901,Low,False,False,False,0
230984,G06007901,High,False,False,False,0
385223,G06007901,Medium,False,False,False,0
293312,G06008302,High,False,False,True,0
52149,G06007901,Low,True,True,False,0
175271,G06007901,Medium,False,False,False,0
229326,G06007901,Low,False,False,True,0
442,G06007901,Low,False,False,False,0
442776,G06008302,Medium,True,True,False,0
476177,G06007901,Medium,False,False,False,0
52226,G06007901,Low,False,False,False,0
52253,G06007901,Low,False,False,False,0
421374,G06008302,Low,False,False,False,0
120060,G06007901,High,False,False,False,0
270601,G06008302,High,False,False,False,0
467440,G06007901,High,False,False,False,0
534903,G06008302,Medium,False,False,False,0
64869,G06007901,Low,False,False,False,0
171016,G06007901,High,False,False,False,0
445215,G06007901,Low,False,False,False,0
249991,G06008302,Low,False,False,False,0
313275,G06007901,Low,False,False,False,0
384313,G06007901,High,False,False,False,0
546856,G06007901,High,False,False,False,0
375360,G06007901,Low,True,True,False,0
18581,G06007901,Low,False,False,True,0
285804,G06007901,Medium,False,False,False,0
433255,G06008302,High,False,False,True,0
192902,G06008302,Low,True,True,False,0
285590,G06008302,Medium,False,False,False,0
70327,G06007901,Low,True,True,False,0
328856,G06008302,High,True,True,False,0
83041,G06008302,Medium,False,False,False,0
503673,G06008302,Medium,True,True,False,0
353292,G06008302,High,False,False,False,0
433754,G06007901,High,True,True,True,0
17892,G06007901,High,False,False,False,0
333322,G06007902,Low,False,False,False,0
359908,G06007901,High,False,False,False,0
353707,G06007901,High,False,False,False,0
500778,G06007901,Medium,False,False,False,0
285241,G06008302,High,False,False,False,0
299604,G06008302,Low,False,False,False,0
469309,G06007901,High,False,False,False,0
137315,G06007901,High,True,True,True,0
60030,G06007901,High,False,False,False,0
33565,G06008302,High,True,True,False,0
433870,G06007901,Medium,False,False,False,0
333191,G06007901,Low,True,True,False,0
434281,G06007901,Low,False,False,False,0
503871,G06008302,High,False,False,True,0
135779,G06007901,High,False,False,False,0
194142,G06007901,Medium,False,False,False,0
55440,G06008302,High,False,False,False,0
180088,G06007901,Medium,False,False,False,0
452167,G06007901,Medium,False,False,False,0
84439,G06007901,Medium,False,False,True,0
286022,G06007901,Medium,False,False,False,0
280815,G06008302,Low,False,False,False,0
463070,G06007901,Medium,False,False,False,0
220003,G06008302,High,False,False,False,0
134723,G06008302,High,False,False,False,0
437825,G06008302,Medium,False,False,False,1
157046,G06007901,Medium,False,False,False,0
135058,G06008302,Medium,False,False,False,0
36353,G06007901,High,False,False,True,0
328158,G06007901,High,True,True,False,0
161649,G06007901,Medium,False,False,False,0
433007,G06008302,Medium,True,True,False,0
285859,G06008302,Low,False,False,False,0
83721,G06007901,Medium,True,True,True,1
432857,G06007901,Low,False,False,False,0
451488,G06007901,Medium,False,False,True,0
299918,G06007901,Low,True,True,False,0
352537,G06007901,High,False,False,False,0
353797,G06008302,Low,False,False,False,0
299231,G06007901,Medium,False,False,True,0
221980,G06007901,Medium,False,False,True,0
464437,G06008302,Medium,False,False,False,0
470200,G06007901,Low,False,False,False,0
81345,G06007901,High,False,False,False,0
139949,G06008302,Medium,False,False,False,0
331253,G06007901,Low,False,False,False,0
545327,G06008302,High,True,True,True,0
141944,G06007901,Medium,False,False,False,0
158456,G06008302,Medium,False,False,False,0
56656,G06008302,Medium,False,False,False,0
33883,G06007901,High,False,False,False,0
71454,G06007901,Medium,False,False,False,0
33944,G06007901,High,True,True,False,0
355322,G06007901,Medium,False,False,False,0
297688,G06007901,High,False,False,False,1
284600,G06007901,Medium,False,False,True,0
140922,G06008302,Medium,False,False,False,0
512839,G06007901,High,False,False,False,1
355791,G06007901,Medium,False,False,False,0
56565,G06007902,High,False,False,False,0
60293,G06008302,Medium,False,False,False,0
190887,G06007901,High,False,False,False,0
297943,G06007901,High,False,False,False,0
355155,G06007901,High,False,False,True,0
545486,G06008302,Medium,False,False,False,0
1637,G06007901,Medium,True,True,False,0
157941,G06007901,High,False,False,False,0
512485,G06007901,High,False,False,False,0
192005,G06007901,Medium,False,False,True,0
434685,G06007901,Low,False,False,False,0
70768,G06007901,High,False,False,False,0
160257,G06007901,Low,False,False,False,0
158115,G06007901,Medium,False,False,False,0
464208,G06007901,Low,False,False,False,0
190062,G06007901,High,False,False,False,0
26816,G06008302,High,False,False,False,0
512714,G06008302,Medium,False,False,False,0
530098,G06007901,High,True,True,True,0
285055,G06007901,High,False,False,True,0
358411,G06008302,Low,False,False,False,0
545247,G06008302,Low,False,False,False,0
56206,G06007901,Medium,False,False,False,0
159831,G06008302,High,False,False,False,0
298634,G06007901,Medium,False,False,False,0
33757,G06008302,Low,False,False,False,0
545253,G06007901,Medium,False,False,False,0
241888,G06007901,High,False,False,False,0
448460,G06007901,Medium,False,False,False,1
283345,G06007901,Low,False,False,False,0
298800,G06007901,Medium,False,False,False,0
435082,G06007901,Low,False,False,False,0
138805,G06008302,High,False,False,False,0
160027,G06008302,Medium,False,False,False,0
352184,G06008302,Medium,False,False,False,0
365256,G06007901,High,False,False,False,0
24420,G06008302,Low,False,False,False,0
276499,G06008302,Medium,False,False,False,0
13295,G06007901,High,False,False,False,0
496132,G06007901,Medium,True,True,False,0
13343,G06008302,Low,False,False,False,0
178343,G06007901,Medium,False,False,False,0
473775,G06008302,High,False,False,False,0
178363,G06008302,High,True,True,True,0
371604,G06007901,Low,True,True,False,0
24590,G06007901,Medium,True,True,True,0
277067,G06008302,Low,False,False,False,0
349549,G06007901,Low,False,False,False,0
523602,G06007901,Medium,True,True,True,0
511139,G06008302,High,False,False,False,0
28423,G06007902,Low,False,False,False,0
453812,G06007902,Low,False,False,False,0
369907,G06007901,Medium,False,False,False,0
130216,G06007901,Low,True,True,False,0
335952,G06008302,Low,False,False,False,0
165186,G06008302,High,False,False,False,0
15788,G06007901,Low,False,False,True,0
370432,G06007901,Low,False,False,False,0
87204,G06007901,Medium,False,False,True,0
155482,G06008302,High,False,False,False,0
13604,G06007901,Medium,False,False,False,0
321834,G06007901,High,False,False,False,0
32470,G06008302,High,False,False,False,0
532956,G06007901,Medium,False,False,False,0
454738,G06007901,High,False,False,False,0
166438,G06007901,Medium,False,False,False,0
77747,G06007901,Medium,False,False,False,0
374614,G06007901,Low,False,False,False,0
426121,G06008302,Medium,False,False,False,0
288142,G06007901,Low,False,False,True,0
374301,G06008302,Medium,False,False,False,0
516832,G06007901,High,False,False,False,0
246886,G06007901,Medium,False,False,False,1
88284,G06007901,High,False,False,False,1
426435,G06008302,High,False,False,False,0
155056,G06007901,Medium,False,False,False,0
15945,G06007901,Low,False,False,False,0
183559,G06008302,Medium,False,False,False,0
426436,G06007901,Low,False,False,False,0
130401,G06008302,Low,False,False,False,0
350532,G06008302,Medium,False,False,False,0
72832,G06008302,Medium,False,False,False,0
452708,G06007902,Low,False,False,False,0
85668,G06007901,Medium,False,False,False,0
25553,G06007901,High,False,False,False,0
182915,G06007901,Medium,False,False,False,0
438333,G06007901,Medium,False,False,False,0
296587,G06007901,Medium,True,True,False,0
162990,G06007901,Medium,True,True,False,0
544274,G06007901,Low,False,False,False,0
326238,G06007901,Low,False,False,False,0
244843,G06008302,High,False,False,False,0
300994,G06007901,Low,False,False,False,0
37019,G06008302,High,False,False,False,0
548013,G06007901,Medium,True,True,False,0
366286,G06007901,High,True,True,True,0
33265,G06007901,High,False,False,True,0
515008,G06007901,Medium,True,True,False,0
280027,G06008302,Low,False,False,False,0
189466,G06007901,Medium,False,False,False,0
292643,G06007901,High,False,False,False,0
132265,G06008302,Low,False,False,False,0
504326,G06007901,Medium,False,False,False,1
72331,G06007902,High,False,False,False,0
279877,G06007901,Low,False,False,False,0
222578,G06008302,Low,False,False,True,0
156442,G06008302,Low,False,False,True,0
369127,G06008302,Medium,False,False,False,0
144971,G06007901,Medium,False,False,False,0
227305,G06008302,Medium,False,False,False,0
195498,G06008302,Medium,False,False,False,0
428990,G06007901,High,False,False,True,0
155894,G06008302,Medium,False,False,False,0
218742,G06007901,High,False,False,False,0
350726,G06008302,High,False,False,False,0
516042,G06007901,High,True,True,False,0
302020,G06008302,Low,False,False,False,0
324142,G06007901,Low,False,False,False,0
348382,G06007901,Low,False,False,False,0
245667,G06008302,Medium,False,False,False,0
447456,G06008302,Medium,False,False,False,0
472341,G06007901,Low,False,False,False,0
325548,G06007901,High,False,False,False,0
245441,G06007901,Medium,False,False,False,0
219053,G06008302,Medium,False,False,False,0
286737,G06007901,Medium,False,False,False,0
15655,G06008302,Medium,False,False,False,0
156112,G06008302,Medium,False,False,False,0
334845,G06007901,High,False,False,False,0
324630,G06008302,High,False,False,False,0
164247,G06007901,Low,True,True,False,0
78800,G06008302,High,True,True,True,0
57566,G06008302,Low,False,False,False,0
138228,G06007901,Medium,True,True,False,0
102167,G06007901,Medium,False,False,False,0
266306,G06007901,Medium,False,False,True,0
115121,G06007901,Low,True,True,False,0
414116,G06008302,Low,False,False,False,0
253436,G06007901,High,False,False,False,0
417166,G06007901,High,False,False,False,0
205393,G06007901,Low,False,False,False,0
257265,G06007901,High,True,True,False,0
208028,G06008302,High,False,False,False,0
262863,G06007901,Low,True,True,False,0
50457,G06007901,Low,True,True,False,0
253921,G06007901,Low,True,True,False,0
262770,G06007901,Medium,False,False,False,0
390358,G06007901,Medium,False,False,False,0
49834,G06008302,High,False,False,False,0
95790,G06008302,Medium,False,False,False,0
394727,G06007901,Low,False,False,False,0
207489,G06007901,High,False,False,False,1
541803,G06007901,High,False,False,False,1
46453,G06007901,Low,False,False,False,0
390125,G06007901,High,False,False,True,0
416714,G06007901,Medium,False,False,False,0
481073,G06007901,High,False,False,False,0
399386,G06007901,High,False,False,False,0
210598,G06007901,Medium,False,False,True,0
210147,G06008302,High,False,False,False,0
539053,G06007901,High,False,False,False,0
259658,G06007901,High,False,False,False,0
417518,G06007901,Medium,False,False,False,0
254968,G06007901,High,False,False,False,0
207722,G06008302,Low,False,False,True,0
478379,G06007901,High,False,False,False,0
110853,G06007901,High,False,False,False,0
412256,G06007901,Low,True,True,False,0
538213,G06007901,High,False,False,False,0
47928,G06007901,High,False,False,False,0
207798,G06007901,Low,True,True,False,0
486235,G06008302,Medium,False,False,False,0
477833,G06007901,High,False,False,False,0
95776,G06008302,Medium,False,False,False,0
97494,G06007901,High,True,True,True,0
45303,G06007901,High,False,False,False,0
260411,G06007901,High,False,False,False,0
106459,G06007901,Medium,False,False,False,0
101754,G06008302,Medium,False,False,False,0
411580,G06008302,High,False,False,False,0
408700,G06007901,High,False,False,False,0
263191,G06007901,High,False,False,False,0
100080,G06008302,High,False,False,True,0
44299,G06008302,Low,False,False,True,0
214374,G06007901,Low,False,False,True,0
263611,G06008302,Low,False,False,False,0
260575,G06007901,Low,False,False,False,0
45534,G06007901,High,False,False,False,0
539117,G06007901,Medium,False,False,False,0
396439,G06007901,Low,False,False,False,0
6956,G06007901,Low,False,False,False,0
538241,G06007901,High,True,True,True,0
114605,G06007901,Low,False,False,False,0
103369,G06007901,Medium,True,True,False,0
397003,G06007901,High,False,False,False,0
258729,G06008302,High,False,False,False,0
7831,G06008302,Low,True,True,False,0
107382,G06008302,High,True,True,True,0
213483,G06007901,Low,False,False,False,0
264348,G06007901,Medium,False,False,False,0
412384,G06007901,Low,False,False,False,0
537661,G06007901,Low,True,True,False,0
7104,G06007901,Medium,True,True,False,0
264707,G06007901,Medium,False,False,False,0
214187,G06008302,Medium,False,False,False,0
101925,G06007901,High,False,False,False,0
99138,G06008302,Low,False,False,True,0
487930,G06007901,High,False,False,False,0
481564,G06007901,High,False,False,False,0
96021,G06007901,Medium,False,False,False,0
395243,G06007901,High,True,True,True,0
7498,G06007901,Low,False,False,False,0
102747,G06007901,Medium,False,False,True,0
114333,G06007901,High,False,False,False,0
8370,G06008302,High,False,False,False,0
262810,G06007901,Low,False,False,False,0
541071,G06008302,Low,False,False,False,0
480778,G06007901,Medium,False,False,False,0
204976,G06007901,Medium,False,False,False,0
44788,G06007901,Low,False,False,False,0
254688,G06007902,High,False,False,False,1
339754,G06008302,High,True,True,False,0
177167,G06008302,High,False,False,False,0
309235,G06008302,Medium,False,False,False,0
416778,G06008302,Low,True,True,False,0
35778,G06008302,Medium,False,False,False,0
192819,G06005700,High,True,True,False,1
402431,G06006102,Low,False,False,False,0
76270,G06000700,Low,False,False,False,0
364961,G06010100,Medium,False,False,False,0
60868,G06008900,Medium,False,False,False,0
161918,G06000700,Low,False,False,False,0
435337,G06001100,Low,False,False,False,0
536705,G06006102,Medium,False,False,False,1
442314,G06008900,Low,False,False,False,0
462841,G06000700,Medium,False,False,False,1
247668,G06006103,Low,True,True,False,0
435329,G06000700,High,False,False,False,0
190888,G06006101,High,True,True,False,0
344704,G06000700,Low,False,False,True,0
504441,G06006101,High,True,True,False,0
57296,G06001100,Medium,True,True,False,0
177568,G06006101,High,True,True,True,0
269838,G06008900,High,False,False,True,0
13166,G06010100,Low,False,False,False,0
236279,G06010100,Medium,False,False,True,0
533339,G06006101,High,False,False,False,0
438099,G06010100,High,False,False,False,0
76077,G06000700,High,True,True,False,0
532765,G06008900,Medium,False,False,False,0
533042,G06006102,Low,True,True,False,0
442270,G06006101,High,True,True,False,0
438198,G06006103,Medium,False,False,False,0
217647,G06000700,High,True,True,False,0
190919,G06005700,Low,True,True,False,0
532970,G06000700,Medium,False,False,False,0
271096,G06008900,High,False,False,False,0
165647,G06001100,High,False,False,True,0
105884,G06006101,High,False,False,False,0
468739,G06010100,High,False,False,False,0
301108,G06001100,Low,False,False,False,0
149665,G06006101,Low,False,False,False,0
367443,G06006103,Low,True,True,False,0
61122,G06001100,Medium,False,False,False,0
100909,G06010100,Low,True,True,False,0
463288,G06006103,High,False,False,False,0
468741,G06010100,High,False,False,False,0
438157,G06006103,Medium,True,True,False,0
409212,G06001100,Low,True,True,False,0
442150,G06000700,Medium,True,True,False,1
217652,G06001100,Medium,False,False,False,0
243412,G06005700,Medium,True,True,False,0
182139,G06005700,Low,False,False,False,0
462888,G06005700,Medium,False,False,False,0
533181,G06008900,High,False,False,False,0
333607,G06008900,High,False,False,False,0
25216,G06005700,High,False,False,False,0
435080,G06006103,High,False,False,False,0
133679,G06010100,Medium,False,False,False,0
148619,G06006101,High,False,False,False,0
532819,G06010100,Medium,False,False,False,0
462923,G06005700,Low,False,False,False,0
193027,G06006103,High,False,False,False,0
435297,G06006103,Medium,True,True,False,0
504174,G06006103,Low,False,False,False,0
193002,G06008900,Low,True,True,False,1
367522,G06008900,Low,True,True,False,0
402778,G06000700,Medium,False,False,True,0
262125,G06006103,Low,True,True,False,0
442143,G06006101,Medium,True,True,False,0
408912,G06000700,Low,True,True,False,0
34855,G06010100,High,True,True,False,0
468717,G06010100,Medium,True,True,True,0
76160,G06010100,Low,True,True,False,0
261934,G06005700,Medium,True,True,False,0
468889,G06000700,Medium,True,True,False,0
207359,G06008900,Low,False,False,False,0
271587,G06006101,Low,True,True,False,0
82034,G06006103,High,True,True,False,0
158547,G06001100,Medium,False,False,False,0
281386,G06006101,Low,False,False,True,0
531903,G06000700,High,False,False,False,0
353309,G06006103,High,True,True,False,0
226153,G06008900,Low,False,False,False,0
62014,G06005700,Medium,False,False,False,0
206807,G06000700,Low,False,False,False,1
322477,G06010100,High,False,False,False,0
505132,G06010100,Low,False,False,False,1
56800,G06010100,Low,False,False,False,0
158671,G06006103,Low,False,False,False,0
311412,G06000700,High,False,False,False,0
461983,G06006101,High,False,False,False,0
206769,G06006102,Low,False,False,False,0
13418,G06008900,Low,True,True,False,0
35322,G06001100,Medium,False,False,False,0
78833,G06008900,Medium,False,False,True,1
177706,G06006102,Low,False,False,False,0
438563,G06010100,Medium,False,False,True,0
193335,G06010100,Medium,False,False,False,0
439395,G06006101,Low,False,False,False,0
9840,G06008900,Medium,False,False,False,0
519950,G06010100,High,False,False,False,0
505000,G06005700,Low,False,False,False,0
434484,G06000700,Medium,False,False,False,0
9855,G06006101,High,False,False,False,0
281487,G06006101,High,False,False,False,0
367780,G06006101,Low,False,False,False,0
25357,G06006101,High,False,False,False,0
99145,G06006101,Medium,False,False,False,0
346774,G06000700,High,True,True,False,0
346964,G06008900,Low,True,True,False,0
193533,G06008900,Medium,True,True,False,0
401405,G06008900,Medium,False,False,True,1
517340,G06010100,Low,False,False,False,0
13717,G06010100,Medium,True,True,False,0
443035,G06000700,High,True,True,False,0
32573,G06006102,Medium,False,False,False,1
442997,G06010100,Low,False,False,False,0
78496,G06010100,High,False,False,False,0
281316,G06010100,Low,False,False,False,0
461444,G06000700,Medium,False,False,False,0
98952,G06000700,Low,False,False,False,0
434091,G06005700,Medium,False,False,False,0
304025,G06005700,Low,False,False,True,0
98981,G06010100,High,False,False,False,0
442906,G06008900,Medium,False,False,False,0
434122,G06006102,High,False,False,False,0
78414,G06010100,Low,False,False,False,0
367811,G06000700,Low,False,False,False,0
21746,G06001100,Low,False,False,True,0
442837,G06006102,High,True,True,False,0
296463,G06000700,Medium,True,True,False,0
469782,G06010100,Medium,False,False,False,0
505319,G06000700,Low,False,False,False,0
9734,G06008900,High,False,False,False,0
301649,G06010100,Medium,False,False,False,0
190661,G06010100,Medium,False,False,False,0
410519,G06008900,High,False,False,False,0
462076,G06010100,Low,False,False,False,0
356540,G06006103,High,False,False,False,0
23940,G06006103,Low,True,True,False,0
106383,G06005700,High,True,True,False,0
61550,G06006101,Medium,True,True,False,0
311806,G06006102,Medium,False,False,False,0
504711,G06000700,Low,False,False,False,0
207068,G06006101,Medium,False,False,False,0
242628,G06006102,Low,False,False,False,0
170999,G06008900,High,True,True,False,0
78128,G06008900,Low,False,False,True,0
162432,G06001100,Low,False,False,False,0
402080,G06010100,Medium,True,True,False,0
13253,G06008900,Medium,False,False,False,0
99925,G06000700,Low,False,False,False,0
469217,G06006102,Medium,False,False,False,0
519703,G06006101,Low,False,False,True,0
134170,G06010100,Medium,False,False,False,0
201652,G06006103,Medium,False,False,True,0
504595,G06000700,Low,False,False,False,0
409977,G06008900,High,False,False,False,0
134150,G06005700,High,False,False,False,0
304993,G06010100,High,False,False,False,1
354564,G06000700,High,False,False,False,1
172508,G06005700,High,False,False,True,0
179979,G06000700,Medium,True,True,False,0
409925,G06008900,Medium,False,False,False,0
504487,G06000700,High,False,False,False,0
462703,G06005700,High,False,False,True,0
346435,G06006102,High,False,False,False,1
161660,G06006103,High,False,False,True,1
200411,G06006102,Low,True,True,False,0
179738,G06000700,Low,False,False,False,0
25287,G06008900,High,False,False,False,0
333688,G06010100,Medium,False,False,False,0
272817,G06006101,High,False,False,False,0
99610,G06000700,Low,False,False,False,1
532206,G06000700,High,False,False,False,0
9880,G06010100,Medium,False,False,False,0
56866,G06000700,High,False,False,False,0
142782,G06005700,Low,False,False,True,0
61847,G06008900,Medium,False,False,False,0
438508,G06006102,Medium,False,False,True,1
462117,G06006102,Medium,False,False,False,0
61820,G06000700,Medium,False,False,False,0
206918,G06005700,Low,False,False,False,0
269769,G06010100,Medium,True,True,False,0
200541,G06008900,Medium,True,True,False,0
281532,G06006103,Low,False,False,False,0
462271,G06006102,Medium,False,False,False,0
367693,G06006101,High,True,True,True,0
364647,G06006102,Low,True,True,False,0
182043,G06008900,High,True,True,False,0
220947,G06000700,Medium,False,False,False,0
82169,G06000700,High,False,False,False,0
410243,G06000700,Medium,False,False,False,0
206950,G06008900,Medium,True,True,False,0
235066,G06001100,Low,False,False,False,0
82115,G06005700,High,False,False,False,0
236717,G06006102,Medium,False,False,False,0
148397,G06000700,High,True,True,False,0
22010,G06006102,Medium,False,False,True,0
346051,G06000700,Medium,False,False,False,0
12601,G06006101,Low,False,False,False,0
79226,G06006103,Low,True,True,False,0
366185,G06006101,Medium,False,False,False,0
22502,G06008900,Medium,False,False,False,0
148897,G06008900,Medium,False,False,False,0
103237,G06006101,Low,False,False,False,0
157982,G06000700,High,False,False,False,0
465935,G06000700,Medium,False,False,False,0
104722,G06000700,Low,False,False,False,0
58134,G06008900,Medium,False,False,False,0
333015,G06006103,Medium,True,True,False,0
225808,G06000700,High,False,False,False,0
207894,G06006102,High,False,False,False,0
34076,G06006103,Low,False,False,False,0
103361,G06006101,High,False,False,True,0
282988,G06000700,High,False,False,True,0
34617,G06005700,Low,False,False,True,0
104632,G06001100,Medium,False,False,False,0
321165,G06005700,High,False,False,False,0
467522,G06008900,Medium,True,True,True,0
534704,G06001100,Medium,False,False,False,0
355474,G06008900,Low,False,False,False,0
261205,G06006103,High,True,True,False,1
467503,G06006101,High,True,True,False,0
502731,G06010100,Low,False,False,True,0
59191,G06006103,Medium,True,True,True,0
518713,G06005700,High,False,False,False,0
103471,G06006102,Low,True,True,False,0
502705,G06000700,High,True,True,False,0
80458,G06005700,Low,False,False,False,0
327402,G06010100,Low,False,False,False,0
467612,G06006103,High,False,False,False,0
103178,G06010100,Low,False,False,True,1
534605,G06008900,Medium,True,True,False,0
282904,G06008900,Medium,True,True,True,0
406489,G06010100,Medium,False,False,False,0
105004,G06006102,Medium,True,True,False,0
503094,G06006101,Medium,False,False,False,1
157476,G06006101,High,False,False,True,0
272093,G06005700,Low,True,True,True,0
77396,G06001100,Low,False,False,True,0
501865,G06006102,High,True,True,False,0
367117,G06010100,Medium,False,False,False,0
10715,G06006101,Medium,False,False,False,0
24946,G06006103,High,False,False,False,0
220539,G06010100,Low,False,False,False,0
235426,G06010100,Medium,False,False,False,0
162153,G06008900,High,False,False,False,0
534424,G06000700,Medium,True,True,False,0
103560,G06008900,Medium,False,False,False,1
406295,G06000700,Low,False,False,False,0
235917,G06000700,High,False,False,False,0
535789,G06010100,Low,True,True,False,0
59694,G06008900,Low,True,True,False,0
59675,G06008900,Low,False,False,False,0
534541,G06006103,High,False,False,False,0
367095,G06000700,High,False,False,False,0
132371,G06006103,Low,False,False,False,0
201466,G06006101,Low,False,False,False,1
179504,G06006101,High,False,False,False,1
403857,G06010100,Medium,False,False,False,0
59668,G06008900,Low,False,False,False,0
142059,G06006103,Low,False,False,False,0
260609,G06008900,Low,False,False,False,0
332261,G06008900,Low,False,False,False,0
304628,G06000700,Low,False,False,False,0
406490,G06008900,Medium,True,True,True,0
518704,G06006101,Low,False,False,False,0
177271,G06008900,Low,True,True,False,0
77233,G06010100,High,False,False,False,0
260829,G06006101,Medium,False,False,False,0
405106,G06006101,High,True,True,False,0
405077,G06008900,Low,False,False,False,0
405048,G06010100,Low,False,False,False,0
535210,G06006101,High,False,False,False,0
404437,G06006101,Low,True,True,False,0
221339,G06010100,Low,False,False,False,0
321284,G06006103,High,False,False,False,0
296933,G06006101,Medium,False,False,True,0
260996,G06006101,Medium,False,False,False,0
34399,G06008900,High,True,True,False,0
225635,G06010100,Low,False,False,False,0
404908,G06000700,Medium,True,True,False,0
201349,G06006101,Low,False,False,True,1
242946,G06006101,High,False,False,False,0
311253,G06006102,Low,True,True,False,0
440896,G06006101,High,False,False,False,0
441000,G06006101,Medium,False,False,False,0
283386,G06010100,Medium,True,True,False,0
440905,G06008900,Low,False,False,False,0
466956,G06006103,Low,False,False,False,0
24681,G06000700,Medium,True,True,False,0
103981,G06006102,High,True,True,False,0
502215,G06010100,High,False,False,True,0
149176,G06006102,High,True,True,True,0
321322,G06010100,Low,False,False,False,0
366776,G06006101,Medium,True,True,False,0
141103,G06000700,Medium,False,False,False,1
140994,G06001100,Medium,True,True,False,0
208136,G06010100,Medium,False,False,False,0
157717,G06006101,Low,False,False,True,0
436761,G06006103,Medium,False,False,False,0
283607,G06006101,High,True,True,False,0
405481,G06001100,Medium,False,False,False,0
436630,G06001100,Low,False,False,False,0
271436,G06001100,Low,False,False,False,0
157759,G06000700,Low,False,False,False,0
149011,G06000700,Medium,False,False,False,0
353958,G06008900,High,False,False,True,0
436642,G06006101,High,False,False,False,0
140979,G06001100,High,False,False,False,0
501997,G06006103,Medium,False,False,False,0
103768,G06000700,Medium,True,True,False,0
467439,G06006102,Low,False,False,False,1
466438,G06000700,Low,False,False,False,0
441119,G06006102,High,True,True,False,0
11454,G06008900,High,False,False,False,0
149302,G06006101,Medium,True,True,False,0
437243,G06000700,High,False,False,False,0
261097,G06000700,High,True,True,False,0
333293,G06008900,Low,True,True,True,0
165969,G06005700,Low,True,True,False,0
440676,G06001100,Medium,False,False,False,0
132864,G06006101,Medium,False,False,False,0
283172,G06006101,Low,False,False,False,0
225727,G06005700,High,True,True,False,0
208376,G06008900,High,True,True,False,0
366847,G06008900,Medium,False,False,False,0
58939,G06000700,Medium,False,False,False,0
225711,G06010100,Low,False,False,False,0
182642,G06010100,Low,False,False,False,0
405163,G06005700,Low,False,False,False,0
104421,G06010100,Medium,True,True,False,1
261803,G06010100,Low,False,False,False,0
535942,G06001100,High,False,False,False,0
225428,G06001100,High,False,False,False,0
516919,G06006103,High,False,False,False,0
503720,G06008900,Medium,True,True,False,0
408163,G06008900,Medium,False,False,False,0
519197,G06000700,Low,False,False,False,0
191693,G06006103,High,True,True,False,0
408105,G06005700,Low,False,False,False,0
464286,G06000700,High,False,False,False,0
464367,G06000700,Medium,False,False,False,0
105528,G06000700,Low,False,False,False,0
33476,G06001100,Medium,False,False,False,0
81273,G06010100,Low,False,False,False,0
77836,G06001100,Low,False,False,False,0
79413,G06010100,Medium,False,False,False,0
518022,G06006103,Medium,False,False,False,0
367331,G06010100,High,True,True,False,0
248568,G06008900,High,True,True,False,0
12534,G06005700,Medium,True,True,False,0
464543,G06005700,Low,False,False,False,0
241642,G06008900,Low,False,False,False,0
284015,G06010100,High,False,False,False,0
367306,G06001100,Medium,False,False,False,0
333527,G06000700,High,False,False,False,0
101974,G06001100,Medium,False,False,True,0
217415,G06001100,High,True,True,False,0
57602,G06008900,Medium,False,False,False,0
208816,G06006101,Medium,False,False,False,0
353673,G06010100,High,False,False,False,0
503614,G06008900,Low,False,False,False,0
304956,G06000700,Medium,False,False,False,0
408176,G06006103,Low,False,False,False,0
148766,G06005700,High,False,False,False,0
503769,G06006103,Medium,True,True,False,0
25135,G06001100,Low,False,False,False,0
260313,G06000700,High,False,False,False,0
105783,G06006103,Low,False,False,False,0
101467,G06001100,Medium,True,True,False,0
408444,G06000700,High,False,False,False,0
105780,G06001100,Medium,True,True,False,0
408440,G06010100,Low,False,False,False,0
131970,G06010100,High,False,False,False,0
33331,G06000700,Low,False,False,False,0
441959,G06008900,High,False,False,False,0
22351,G06006103,Medium,False,False,False,0
408376,G06000700,High,True,True,False,0
282297,G06006102,Low,False,False,True,0
503858,G06010100,Medium,False,False,False,0
149564,G06005700,Medium,False,False,False,0
407744,G06006101,High,True,True,False,0
297437,G06005700,Low,True,True,False,0
284048,G06001100,Low,True,True,False,0
515874,G06010100,High,False,False,False,0
216958,G06008900,Medium,False,False,False,0
408288,G06005700,Medium,False,False,False,0
402986,G06010100,Low,False,False,False,0
296607,G06008900,Medium,False,False,False,0
261751,G06000700,High,False,False,False,0
517937,G06001100,High,True,True,True,0
536412,G06001100,High,False,False,False,0
441923,G06000700,Medium,False,False,True,0
33423,G06000700,Medium,False,False,False,0
435476,G06000700,High,True,True,False,0
439899,G06000700,High,True,True,False,0
503786,G06006103,Medium,False,False,False,0
354429,G06001100,High,False,False,False,0
440389,G06008900,High,False,False,False,0
24199,G06008900,Medium,False,False,False,0
309337,G06006102,High,True,True,False,0
465062,G06001100,Medium,False,False,False,0
60179,G06006101,High,False,False,False,0
201545,G06006101,Medium,False,False,False,0
79677,G06006101,Low,False,False,True,0
534066,G06000700,Medium,False,False,False,0
468185,G06008900,Medium,False,False,False,0
333455,G06000700,Medium,False,False,False,0
142284,G06000700,High,True,True,False,0
33743,G06006101,Medium,True,True,False,0
102670,G06010100,High,False,False,False,0
24308,G06008900,Low,False,False,False,0
248051,G06010100,High,False,False,True,0
225416,G06000700,High,False,False,False,0
105161,G06010100,High,True,True,False,0
271246,G06000700,Medium,False,False,False,0
536086,G06006102,Low,False,False,False,0
516122,G06006102,High,False,False,False,0
406856,G06010100,Medium,False,False,False,0
102814,G06006102,High,False,False,False,0
282767,G06001100,Medium,False,False,False,0
220769,G06000700,Low,False,False,False,0
59971,G06006101,Medium,False,False,False,0
321760,G06006103,High,False,False,False,0
77398,G06006101,High,False,False,False,0
321747,G06006102,Low,True,True,False,0
321744,G06010100,Low,False,False,False,0
534307,G06008900,Low,False,False,False,0
297191,G06001100,Medium,False,False,False,0
79776,G06001100,High,False,False,False,0
174021,G06000700,Medium,False,False,False,0
174148,G06000700,Medium,False,False,False,0
345658,G06006101,Medium,True,True,False,0
81099,G06005700,Low,True,True,False,0
407664,G06010100,Low,False,False,False,0
12459,G06005700,Medium,False,False,False,0
533778,G06006102,High,False,False,False,0
22891,G06000700,High,True,True,False,0
141303,G06005700,Medium,False,False,False,0
536170,G06000700,Low,False,False,False,0
407536,G06008900,Medium,False,False,False,0
25083,G06006102,High,False,False,False,0
261554,G06006101,Medium,False,False,False,0
33661,G06000700,Medium,False,False,False,0
441611,G06006102,High,False,False,False,0
132198,G06000700,Low,True,True,False,0
407456,G06006102,High,True,True,False,0
518998,G06010100,High,True,True,False,0
437809,G06006101,Medium,True,True,True,1
533906,G06000700,Medium,False,False,False,0
441598,G06006101,Medium,False,False,True,0
235371,G06001100,High,True,True,False,0
345664,G06006103,Low,False,False,False,0
133430,G06008900,Medium,False,False,True,0
158174,G06010100,High,False,False,False,0
365815,G06006102,Medium,True,True,False,0
301465,G06010100,Medium,False,False,False,0
407322,G06006102,Low,False,False,False,0
332875,G06008900,Low,True,True,False,0
518219,G06006103,Medium,False,False,False,0
248014,G06006102,Low,False,False,False,0
536160,G06006103,Low,False,False,False,0
236045,G06006102,Medium,False,False,False,0
81101,G06010100,Medium,False,False,False,0
77568,G06006103,Medium,False,False,False,0
199815,G06000700,Medium,False,False,False,0
524509,G06010100,Medium,False,False,False,0
206640,G06006103,Low,False,False,False,0
324276,G06006103,High,False,False,False,1
239071,G06006103,Medium,True,True,False,0
92233,G06001100,High,False,False,False,0
324293,G06008900,Low,True,True,False,0
92192,G06001100,Medium,False,False,False,0
136807,G06000700,Medium,False,False,False,0
145722,G06008900,High,False,False,False,0
72545,G06010100,Medium,True,True,False,0
195906,G06000700,Medium,False,False,False,0
144038,G06006101,High,False,False,False,1
454102,G06005700,Low,False,False,False,0
27462,G06006101,High,True,True,False,0
265273,G06010100,Low,False,False,False,0
68123,G06006102,High,False,False,False,0
330766,G06000700,High,True,True,False,0
92094,G06010100,High,True,True,False,0
27478,G06006103,Medium,False,False,False,0
428786,G06000700,Low,False,False,False,1
144028,G06000700,Medium,False,False,False,0
195875,G06005700,Medium,False,False,False,0
349657,G06006101,High,False,False,False,0
454648,G06000700,High,False,False,False,0
240416,G06001100,High,True,True,False,0
420452,G06006102,Low,False,False,False,0
164538,G06008900,Medium,False,False,False,0
86819,G06010100,High,True,True,False,0
349533,G06010100,Low,False,False,False,1
159783,G06005700,High,False,False,False,0
275095,G06006102,Medium,True,True,False,0
277877,G06010100,Medium,False,False,False,0
349552,G06010100,High,False,False,True,0
349557,G06008900,Medium,False,False,False,0
349583,G06008900,High,False,False,False,0
420613,G06010100,Low,False,False,False,0
92380,G06000700,Low,False,False,True,0
523071,G06005700,High,True,True,False,0
428861,G06005700,Medium,True,True,False,0
454197,G06005700,High,False,False,False,0
219017,G06001100,Medium,False,False,False,0
324240,G06008900,Medium,False,False,False,0
428737,G06006102,High,False,False,False,0
204673,G06008900,Medium,False,False,True,0
91994,G06006102,Medium,False,False,False,0
87041,G06006103,High,False,False,False,0
137173,G06000700,High,False,False,False,0
428504,G06010100,Low,False,False,False,0
68523,G06006102,Medium,False,False,False,0
421899,G06001100,High,False,False,False,0
267708,G06006103,Medium,False,False,False,0
453543,G06006102,Medium,True,True,False,0
453536,G06006103,Low,False,False,False,1
453628,G06001100,Low,True,True,False,0
267686,G06005700,Medium,True,True,True,0
171931,G06006103,Medium,True,True,False,0
360580,G06008900,Low,True,True,False,1
422055,G06006101,Medium,False,False,False,0
265681,G06001100,Low,False,False,False,0
68689,G06006103,Medium,False,False,False,1
265684,G06000700,Medium,True,True,False,0
428437,G06005700,Low,False,False,False,0
204440,G06010100,Medium,False,False,False,0
453462,G06006103,High,False,False,False,1
358255,G06000700,Medium,False,False,False,0
310761,G06006103,Medium,True,True,False,0
421706,G06010100,Low,False,False,False,1
421269,G06000700,High,True,True,False,0
428721,G06010100,High,False,False,False,0
91960,G06000700,Low,False,False,False,0
447663,G06006102,Medium,False,False,False,0
453976,G06006101,High,True,True,True,0
360912,G06008900,Medium,False,False,False,0
173200,G06000700,High,False,False,False,0
265369,G06006103,High,True,True,False,0
137167,G06000700,Medium,False,False,False,0
202918,G06005700,Low,False,False,False,0
91905,G06010100,High,True,True,False,0
91891,G06006101,Low,False,False,False,0
144043,G06005700,High,True,True,False,0
17036,G06006103,Low,True,True,False,0
72356,G06008900,Medium,False,False,False,1
72299,G06000700,High,False,False,False,0
144132,G06000700,Low,False,False,False,0
137140,G06006103,Medium,False,False,False,0
91907,G06000700,High,False,False,False,0
17296,G06010100,High,False,False,False,0
522942,G06008900,Medium,False,False,False,0
160489,G06008900,High,False,False,False,0
238758,G06006103,Medium,True,True,False,0
455793,G06008900,Medium,False,False,False,0
508801,G06000700,High,False,False,False,0
349289,G06006103,High,False,False,False,1
181226,G06006101,Medium,False,False,False,0
357968,G06000700,Medium,False,False,False,0
419057,G06000700,Medium,False,False,False,0
527822,G06008900,High,False,False,False,1
218740,G06006101,Low,False,False,False,0
19830,G06006102,High,False,False,False,0
163368,G06010100,High,True,True,False,0
219579,G06008900,Low,False,False,False,0
274937,G06005700,Medium,False,False,True,0
268033,G06000700,High,True,True,False,0
278418,G06006101,High,False,False,False,0
205015,G06008900,High,False,False,False,1
136515,G06008900,Medium,False,False,False,0
66885,G06008900,Low,False,False,False,0
455831,G06001100,High,False,False,False,0
93775,G06000700,Medium,False,False,False,0
349224,G06006101,Medium,False,False,True,0
26992,G06000700,Low,False,False,False,0
86127,G06006102,High,False,False,False,0
508522,G06001100,High,False,False,False,0
527995,G06008900,Medium,False,False,False,0
30476,G06000700,Medium,False,False,False,0
139179,G06010100,High,True,True,False,0
178119,G06008900,Low,False,False,False,0
195382,G06000700,High,True,True,False,0
136517,G06001100,Medium,False,False,False,0
66767,G06001100,High,False,False,False,0
93927,G06000700,Medium,True,True,False,0
455935,G06006101,Medium,True,True,False,0
298765,G06008900,Medium,True,True,False,0
143832,G06005700,Medium,False,False,False,0
522541,G06001100,Medium,True,True,True,0
303115,G06001100,High,False,False,False,0
143855,G06010100,High,False,False,False,0
136325,G06010100,Low,False,False,False,1
173391,G06001100,Medium,False,False,False,0
446992,G06000700,Medium,False,False,False,0
508948,G06001100,High,False,False,False,0
324052,G06010100,Low,True,True,False,0
30218,G06000700,Medium,False,False,False,0
447183,G06001100,Low,False,False,False,0
455063,G06006103,Medium,False,False,False,0
361332,G06000700,Medium,False,False,False,0
145947,G06001100,High,False,False,False,1
527433,G06006101,Low,False,False,False,0
522851,G06000700,Medium,False,False,False,0
67570,G06005700,Medium,False,False,True,0
86592,G06006102,Medium,False,False,False,0
310252,G06008900,Low,True,True,False,0
30157,G06006101,High,False,False,False,0
245875,G06010100,Medium,False,False,False,1
527371,G06006102,Medium,False,False,False,0
92711,G06008900,High,False,False,False,0
447338,G06000700,High,True,True,False,0
275023,G06005700,Low,False,False,False,0
401401,G06000700,High,False,False,False,0
299932,G06005700,High,True,True,False,0
447314,G06010100,Medium,True,True,False,0
204785,G06008900,Low,True,True,False,0
325821,G06005700,Low,False,False,False,0
324095,G06010100,High,False,False,False,0
331001,G06000700,High,False,False,True,0
136521,G06010100,Low,False,False,False,0
455373,G06006103,High,False,False,False,0
455363,G06006102,Low,True,True,False,0
324054,G06000700,High,False,False,False,0
419582,G06000700,Low,False,False,False,0
67206,G06001100,High,True,True,False,0
264862,G06006103,High,False,False,False,0
527498,G06000700,Medium,False,False,False,0
204973,G06006103,Medium,False,False,False,0
361427,G06000700,Medium,False,False,False,0
93010,G06000700,Low,False,False,False,0
204926,G06000700,High,False,False,False,0
429543,G06006101,High,True,True,False,0
19724,G06006102,High,True,True,False,0
16575,G06006103,Medium,True,True,False,0
429503,G06008900,Medium,False,False,False,0
429461,G06001100,Low,False,False,False,0
195577,G06005700,High,False,False,False,0
219756,G06010100,High,False,False,False,0
17325,G06006102,Medium,True,True,True,0
329708,G06000700,Low,False,False,True,0
18378,G06008900,Low,False,False,False,0
302154,G06001100,Low,False,False,True,0
511029,G06000700,Low,False,False,False,1
71468,G06000700,Medium,True,True,False,0
525088,G06010100,High,False,False,False,0
299423,G06006102,Medium,True,True,False,0
28503,G06008900,High,True,True,False,0
87938,G06000700,Medium,False,False,False,0
87984,G06006103,High,False,False,False,0
450883,G06006103,Medium,True,True,False,0
425235,G06001100,Medium,False,False,False,0
275837,G06000700,Low,False,False,True,0
299433,G06006101,Low,False,False,False,1
450824,G06006101,Medium,False,False,False,0
449219,G06000700,Low,False,False,False,0
312666,G06010100,Medium,False,False,False,0
197266,G06005700,Low,True,True,False,0
424968,G06006101,High,False,False,False,0
427290,G06005700,High,False,False,False,0
275662,G06006101,High,False,False,False,0
424918,G06001100,Medium,True,True,False,0
424467,G06010100,Low,False,False,True,1
267340,G06008900,Medium,True,True,False,0
275615,G06006103,Low,False,False,False,0
145103,G06001100,Medium,False,False,False,0
71630,G06006103,Medium,False,False,False,1
424570,G06006101,Low,False,False,False,0
87693,G06006102,High,True,True,False,0
196587,G06008900,Low,False,False,False,0
70537,G06006101,Medium,False,False,False,0
89769,G06006101,Medium,False,False,True,0
276672,G06006101,Low,False,False,False,0
28754,G06008900,Low,False,False,False,0
70186,G06010100,High,True,True,False,0
330365,G06005700,Low,False,False,False,0
524073,G06000700,High,False,False,False,0
424807,G06010100,Medium,False,False,False,0
525175,G06008900,Medium,False,False,False,0
245164,G06006103,Medium,False,False,False,0
524034,G06006102,Medium,False,False,False,0
266779,G06006101,Low,False,False,False,0
222935,G06010100,High,False,False,False,0
239775,G06000700,Medium,True,True,True,0
426719,G06005700,Low,False,False,False,0
426718,G06005700,Medium,False,False,False,0
178827,G06006102,High,False,False,False,0
266965,G06010100,High,True,True,True,0
18709,G06000700,Low,False,False,False,0
28096,G06006103,High,False,False,False,0
222753,G06006103,Medium,False,False,False,0
299570,G06006102,Medium,False,False,False,1
18681,G06010100,Low,False,False,False,0
244925,G06010100,Low,True,True,True,0
359110,G06006101,Medium,False,False,False,0
88339,G06006101,High,False,False,False,0
138313,G06006101,High,False,False,False,0
276099,G06001100,High,False,False,False,0
18732,G06000700,Medium,False,False,False,0
144771,G06008900,Low,False,False,False,0
27949,G06001100,Medium,True,True,False,0
144733,G06008900,Low,False,False,False,1
359171,G06001100,High,False,False,False,1
203872,G06005700,Low,False,False,False,0
511427,G06000700,Low,False,False,False,0
71309,G06010100,Medium,False,False,False,0
266803,G06008900,Medium,False,False,False,0
511214,G06000700,Medium,False,False,False,0
164003,G06000700,Low,False,False,False,0
180813,G06008900,Low,False,False,False,0
276272,G06008900,High,False,False,False,0
425658,G06006102,Medium,False,False,False,0
219322,G06006102,Medium,False,False,False,0
330264,G06006101,High,False,False,False,0
138415,G06000700,Medium,True,True,False,0
197250,G06006102,High,False,False,True,1
180728,G06006102,Low,False,False,False,0
163982,G06005700,Medium,False,False,False,0
178648,G06001100,Medium,False,False,False,0
511414,G06006103,High,False,False,False,0
325071,G06005700,High,True,True,False,0
312638,G06006101,High,False,False,False,1
27871,G06005700,Medium,False,False,False,0
222830,G06001100,High,False,False,False,0
358959,G06010100,High,False,False,False,0
181086,G06001100,Low,False,False,False,0
512292,G06010100,Medium,False,False,False,0
180574,G06005700,Medium,False,False,False,0
137335,G06006102,Medium,False,False,False,1
219181,G06008900,Medium,True,True,False,0
138724,G06006101,Medium,False,False,False,0
72084,G06006102,High,False,False,True,0
69202,G06008900,High,True,True,True,0
324604,G06006103,Medium,False,False,False,0
526198,G06010100,Medium,False,False,False,0
266009,G06008900,Medium,False,False,False,0
275360,G06006102,High,True,True,False,1
163829,G06008900,Medium,False,False,False,0
90744,G06000700,Medium,False,False,False,0
27585,G06006102,Low,False,False,True,0
239417,G06006102,Low,False,False,False,0
204249,G06010100,Low,False,False,False,0
137493,G06005700,Medium,False,False,False,0
360145,G06006101,Low,True,True,False,0
526093,G06006101,Medium,False,False,False,0
72107,G06000700,High,False,False,False,0
448200,G06006102,Low,False,False,False,0
510126,G06010100,Low,True,True,False,0
452755,G06006101,High,False,False,False,0
173189,G06001100,High,False,False,False,0
324560,G06000700,High,False,False,False,0
324562,G06006103,Low,False,False,False,0
360378,G06000700,Low,False,False,False,0
204399,G06006102,High,True,True,True,0
275277,G06006103,Medium,False,False,False,0
422618,G06001100,Low,False,False,False,0
145443,G06006103,High,False,False,True,0
87338,G06000700,High,False,False,False,0
350018,G06005700,Low,False,False,False,0
358514,G06000700,Low,False,False,False,0
350079,G06001100,Low,False,False,False,0
204377,G06001100,Low,False,False,False,0
196267,G06006102,Medium,True,True,False,0
452821,G06000700,Low,True,True,False,0
448189,G06001100,High,False,False,True,1
277368,G06005700,Low,True,True,False,0
422911,G06008900,Medium,False,False,False,0
267629,G06005700,Low,False,False,False,0
69488,G06006101,High,False,False,False,0
181040,G06006103,Low,False,False,True,1
145296,G06008900,Low,True,True,True,0
71773,G06006103,Medium,True,True,False,0
275544,G06000700,High,False,False,True,0
145205,G06006103,High,False,False,False,0
196503,G06006101,High,True,True,False,0
359930,G06000700,High,False,False,False,0
71731,G06010100,Medium,False,False,False,0
424090,G06010100,Medium,True,True,False,1
330418,G06006102,Low,False,False,False,0
71788,G06008900,Medium,False,False,False,0
451779,G06001100,High,True,True,False,0
424210,G06001100,High,True,True,True,0
245224,G06001100,Medium,False,False,False,0
203142,G06001100,Medium,False,False,False,0
359891,G06006102,Medium,False,False,False,0
137747,G06008900,Medium,True,True,False,1
28830,G06008900,Low,True,True,False,0
359866,G06008900,Medium,False,False,False,0
69993,G06000700,Low,False,False,False,0
523942,G06000700,High,True,True,False,0
359783,G06006102,Low,True,True,False,0
448527,G06006103,High,True,True,False,0
197436,G06010100,Low,True,True,False,0
19206,G06010100,Medium,False,False,False,0
144447,G06000700,High,False,False,False,0
312812,G06001100,Low,False,False,False,0
423580,G06008900,Medium,False,False,False,0
196402,G06006101,High,False,False,False,0
310729,G06006101,High,False,False,False,0
90417,G06001100,Medium,True,True,False,0
452210,G06008900,Medium,False,False,True,1
275517,G06001100,Medium,False,False,False,0
266123,G06010100,High,False,False,True,0
223132,G06008900,Low,False,False,False,0
145256,G06005700,Low,False,False,False,0
138629,G06006101,Medium,False,False,True,1
351387,G06008900,Medium,False,False,True,0
27629,G06010100,Medium,False,False,False,0
90213,G06001100,High,True,True,True,0
18037,G06000700,High,False,False,False,0
87428,G06005700,Low,True,True,False,0
87354,G06000700,High,False,False,False,1
456179,G06008900,High,False,False,False,0
66637,G06010100,Low,False,False,False,0
430114,G06008900,Low,False,False,False,0
97253,G06008900,High,False,False,False,0
224592,G06005700,Low,True,True,False,0
139902,G06001100,Low,False,False,False,0
241046,G06008900,Low,True,True,False,0
193858,G06006102,Low,False,False,False,0
280490,G06006102,Low,False,False,False,0
459820,G06006101,Low,False,False,False,0
74588,G06008900,Low,True,True,False,0
530627,G06005700,High,False,False,False,0
347562,G06006102,Medium,True,True,False,0
300255,G06000700,Medium,True,True,False,0
444350,G06006101,High,False,False,False,0
74515,G06008900,Medium,False,False,False,0
162921,G06006103,Low,False,False,False,0
432412,G06000700,High,False,False,False,0
444483,G06008900,High,True,True,False,0
158934,G06008900,High,False,False,False,0
83957,G06005700,Medium,True,True,False,0
83927,G06010100,Low,False,False,False,0
432601,G06006102,High,False,False,False,0
193855,G06005700,Medium,False,False,False,0
444039,G06001100,Low,True,True,False,0
311038,G06000700,Low,True,True,False,0
326399,G06006103,Low,True,True,False,0
63360,G06008900,Medium,False,False,False,0
31855,G06005700,High,False,False,False,0
432767,G06000700,Medium,False,False,False,0
530859,G06001100,High,True,True,False,0
21172,G06005700,Low,True,True,False,0
237642,G06010100,High,False,False,False,0
63387,G06010100,Medium,False,False,False,0
363630,G06010100,Low,False,False,False,0
520833,G06006101,Low,False,False,False,0
530783,G06001100,High,False,False,True,1
331964,G06006101,Medium,True,True,False,0
97347,G06008900,Medium,False,False,False,0
459944,G06000700,High,False,False,False,0
413400,G06010100,High,False,False,False,0
224615,G06000700,High,False,False,False,0
181796,G06006101,High,False,False,False,0
432343,G06006102,Low,False,False,False,0
313438,G06000700,Medium,False,False,False,0
26202,G06006102,Medium,False,False,False,0
312199,G06005700,Medium,False,False,True,0
74237,G06006101,High,True,True,False,0
135315,G06006103,Medium,False,False,False,0
414433,G06010100,High,False,False,False,1
521449,G06006103,Medium,False,False,False,1
64044,G06008900,Medium,False,False,False,0
530156,G06005700,High,False,False,False,0
431993,G06000700,High,False,False,False,0
514267,G06001100,High,False,False,False,0
218152,G06006102,High,True,True,False,0
31507,G06006102,Medium,False,False,False,0
323413,G06001100,Low,False,False,False,0
96510,G06006102,Medium,True,True,False,1
263556,G06006102,Low,True,True,False,0
444852,G06010100,High,False,False,False,0
530090,G06006101,High,True,True,False,0
64077,G06008900,Medium,True,True,False,0
506866,G06001100,Medium,False,False,False,0
514106,G06006102,Low,True,True,False,0
444031,G06008900,Medium,True,True,True,0
363295,G06008900,Medium,False,False,False,0
352835,G06005700,High,False,False,False,0
147427,G06000700,High,False,False,False,0
20969,G06001100,High,False,False,False,0
240951,G06008900,Medium,True,True,False,0
14668,G06006102,Medium,True,True,False,0
198781,G06006103,Medium,True,True,False,0
521077,G06008900,High,False,False,False,0
459596,G06006102,Low,False,False,False,0
323184,G06000700,Medium,False,False,True,0
96721,G06000700,High,False,False,False,0
444557,G06010100,Medium,False,False,False,0
459551,G06001100,Medium,False,False,False,0
246731,G06010100,Low,False,False,False,0
237707,G06006102,High,False,False,False,1
63759,G06010100,Low,True,True,False,0
96739,G06006103,Low,False,False,False,1
347756,G06001100,Low,False,False,False,0
135272,G06008900,Medium,False,False,False,0
432234,G06006103,Medium,False,False,False,0
63665,G06006102,High,False,False,False,1
135359,G06001100,High,False,False,False,0
202223,G06008900,High,False,False,False,1
506176,G06010100,Low,False,False,False,0
173792,G06006102,Medium,False,False,False,0
347074,G06005700,Medium,True,True,False,0
221828,G06000700,Medium,False,False,False,0
531366,G06006103,Low,False,False,False,0
443463,G06010100,Low,False,False,False,0
14025,G06001100,Medium,False,False,False,1
134624,G06006101,Low,False,False,False,0
62843,G06006103,Medium,True,True,True,0
158827,G06001100,Medium,False,False,False,0
412114,G06010100,Medium,True,True,True,0
356774,G06000700,High,False,False,False,0
98248,G06000700,Medium,False,False,False,0
83084,G06010100,Low,True,True,False,0
505853,G06006101,Low,False,False,False,0
247019,G06000700,Medium,True,True,False,0
140168,G06008900,Medium,False,False,False,1
241147,G06008900,High,False,False,False,0
98476,G06000700,Low,False,False,False,0
443323,G06005700,Medium,False,False,False,0
75297,G06006103,High,True,True,False,0
332225,G06000700,Medium,False,False,False,0
62585,G06006102,Medium,True,True,True,1
411586,G06008900,High,True,True,True,0
13773,G06001100,High,False,False,False,1
162678,G06006101,High,False,False,False,1
433895,G06006103,Medium,False,False,False,0
443205,G06000700,High,False,False,False,0
411648,G06005700,Low,False,False,False,0
515187,G06005700,Medium,True,True,False,0
241143,G06000700,Medium,False,False,False,0
411669,G06000700,Medium,False,False,False,0
309619,G06000700,Low,True,True,False,0
411771,G06008900,High,False,False,False,0
140256,G06006101,High,False,False,True,0
433790,G06010100,Low,False,False,False,0
433782,G06006103,Low,False,False,False,0
311113,G06006102,Medium,False,False,False,0
98499,G06006102,Medium,False,False,False,0
75307,G06000700,High,False,False,False,1
171052,G06006101,High,False,False,False,0
332142,G06010100,Low,True,True,True,0
83187,G06010100,High,False,False,False,0
531293,G06000700,High,True,True,False,0
198976,G06010100,Low,False,False,False,1
460471,G06000700,Low,False,False,True,0
21361,G06005700,Medium,False,False,False,0
301675,G06000700,High,False,False,False,0
172139,G06000700,High,True,True,False,1
490354,G06006102,Low,True,True,False,0
263146,G06008900,Low,False,False,False,0
83597,G06000700,High,False,False,False,0
433167,G06006103,High,True,True,False,0
443908,G06001100,Medium,False,False,False,0
300350,G06006103,High,True,True,True,0
14298,G06005700,High,False,False,False,0
347332,G06010100,High,False,False,False,1
147755,G06005700,Low,False,False,False,0
356913,G06006102,High,False,False,False,0
280676,G06008900,High,False,False,False,0
412988,G06006101,Medium,False,False,True,0
63307,G06006103,Low,False,False,False,0
181836,G06008900,High,True,True,False,0
514718,G06006101,Low,False,False,False,0
520583,G06008900,High,False,False,False,0
237428,G06006101,Medium,True,True,False,1
83290,G06005700,Low,True,True,False,0
75081,G06000700,Medium,True,True,False,0
514905,G06005700,High,False,False,False,0
460703,G06000700,Low,False,False,False,0
14153,G06010100,High,True,True,False,0
134804,G06001100,Low,False,False,False,0
62984,G06000700,Medium,False,False,False,0
531065,G06001100,Medium,False,False,False,0
134922,G06006102,Low,False,False,False,0
14204,G06006101,High,False,False,False,0
32125,G06008900,Medium,True,True,False,0
273296,G06006101,Medium,False,False,False,0
224665,G06008900,Low,False,False,False,0
83448,G06008900,Medium,True,True,True,1
506054,G06010100,Medium,False,False,False,0
237419,G06006103,Medium,False,False,False,0
326436,G06000700,Low,False,False,False,0
180243,G06000700,High,False,False,True,0
147856,G06005700,Low,False,False,False,0
357238,G06000700,Medium,False,False,False,0
147166,G06006103,Medium,False,False,False,0
414737,G06001100,High,False,False,False,0
146359,G06001100,High,False,False,False,0
298593,G06008900,Low,False,False,False,0
73586,G06010100,Medium,False,False,False,0
417045,G06010100,Low,False,False,True,0
457067,G06001100,Medium,False,False,False,0
417094,G06005700,Low,True,True,False,0
457032,G06000700,Medium,False,False,False,0
362263,G06008900,Medium,False,False,False,0
513678,G06001100,Low,True,True,False,0
352399,G06001100,Medium,False,False,False,0
139371,G06006102,High,True,True,False,0
362217,G06000700,Low,False,False,True,0
94789,G06006103,Medium,False,False,False,0
301901,G06006102,Low,True,True,True,0
65960,G06008900,High,False,False,False,0
30654,G06010100,Medium,False,False,False,0
65990,G06006101,High,False,False,False,0
274446,G06010100,High,False,False,True,0
181374,G06006103,Medium,False,False,False,0
15501,G06000700,Low,False,False,False,0
507824,G06001100,Medium,True,True,False,0
529092,G06008900,Low,False,False,False,0
26528,G06000700,High,False,False,False,0
65373,G06008900,High,False,False,False,0
73737,G06006103,Medium,True,True,False,0
163167,G06006101,High,True,True,False,0
163222,G06008900,High,False,False,False,0
264132,G06001100,High,False,False,False,0
416751,G06006102,Low,False,False,False,0
238458,G06001100,Low,False,False,False,0
95148,G06005700,High,True,True,False,0
430856,G06006103,Low,False,False,False,0
240615,G06008900,Medium,False,False,False,0
15429,G06008900,Low,False,False,False,0
143530,G06006103,Low,False,False,False,0
73671,G06005700,Low,False,False,False,0
457213,G06000700,Medium,False,False,False,0
279323,G06000700,Medium,False,False,False,0
362399,G06006102,Low,False,False,True,0
513712,G06005700,Low,False,False,False,0
508119,G06008900,High,False,False,False,0
238468,G06008900,Medium,False,False,False,0
20003,G06000700,High,True,True,False,0
522354,G06006103,High,True,True,False,0
456420,G06010100,Medium,False,False,False,0
508386,G06008900,High,False,False,False,0
146198,G06000700,Low,False,False,False,0
508428,G06005700,Low,False,False,False,0
456296,G06001100,High,False,False,False,0
198097,G06001100,Medium,False,False,False,0
94463,G06001100,Medium,False,False,False,0
66322,G06008900,High,False,False,False,0
94424,G06001100,Medium,True,True,False,0
94349,G06006103,Low,False,False,False,0
94340,G06001100,High,True,True,False,0
456254,G06010100,High,True,True,False,0
218661,G06010100,High,False,False,False,0
300115,G06000700,High,False,False,False,0
528095,G06008900,High,False,False,False,0
19917,G06006103,High,True,True,False,0
223764,G06000700,High,True,True,False,0
361990,G06006103,High,False,False,False,0
348455,G06006103,Low,True,True,True,0
73476,G06006101,Medium,False,False,False,0
331234,G06008900,Low,False,False,False,0
30630,G06006102,Low,False,False,False,0
195001,G06006103,Low,False,False,False,0
528422,G06008900,High,False,False,False,0
264417,G06006101,Low,True,True,False,0
66193,G06006102,High,False,False,False,0
417582,G06001100,High,False,False,False,0
136068,G06008900,High,False,False,False,0
26757,G06008900,Medium,False,False,False,0
178102,G06000700,Medium,False,False,False,0
202591,G06001100,Low,False,False,False,0
417732,G06006103,Low,False,False,False,0
362059,G06005700,Medium,False,False,False,0
417742,G06010100,Low,False,False,False,0
66273,G06001100,Low,False,False,False,0
528313,G06010100,High,False,False,False,0
417826,G06008900,High,False,False,False,0
30595,G06010100,Low,True,True,False,1
508368,G06000700,High,True,True,False,0
274599,G06006103,High,False,False,False,0
416587,G06000700,High,False,False,False,0
264102,G06000700,Medium,False,False,False,0
238309,G06000700,Low,False,False,False,0
445003,G06001100,Medium,False,False,False,0
431636,G06005700,Medium,False,False,False,0
135476,G06000700,Medium,False,False,False,0
507151,G06006101,High,False,False,False,1
415256,G06010100,Medium,True,True,False,0
173512,G06000700,Medium,False,False,False,0
352713,G06001100,Medium,False,False,False,0
164905,G06006102,High,False,False,False,0
458521,G06000700,Medium,False,False,False,0
323547,G06008900,High,False,False,False,0
273985,G06008900,Medium,False,False,False,0
246553,G06000700,High,False,False,False,1
74109,G06000700,Low,True,True,False,0
96189,G06000700,Medium,True,True,False,0
357360,G06008900,Low,False,False,False,0
458157,G06006103,Medium,False,False,False,1
323575,G06006103,Medium,False,False,False,0
513901,G06001100,Low,False,False,True,0
415506,G06008900,High,False,False,True,0
218346,G06000700,High,False,False,False,0
143326,G06005700,Low,False,False,False,0
224329,G06008900,Medium,False,False,False,0
521539,G06001100,Low,False,False,False,0
298282,G06000700,High,True,True,False,1
444900,G06001100,Low,False,False,True,0
74199,G06008900,High,True,True,False,0
352744,G06006101,Medium,False,False,False,0
303652,G06000700,High,False,False,False,0
26344,G06000700,Medium,True,True,False,0
240810,G06006101,Low,True,True,False,0
159064,G06005700,High,False,False,False,0
414822,G06000700,Medium,False,False,False,0
14928,G06006102,High,False,False,False,0
506898,G06006103,Low,False,False,False,0
268842,G06010100,High,False,False,False,0
514030,G06006101,Medium,True,True,False,0
279950,G06010100,Low,True,True,False,0
415009,G06010100,High,True,True,False,0
458672,G06008900,High,False,False,False,0
139654,G06001100,High,False,False,False,0
312224,G06006103,Low,False,False,False,0
461296,G06010100,High,False,False,False,0
279734,G06008900,Medium,True,True,True,0
95980,G06006102,Medium,False,False,False,0
74025,G06005700,Low,True,True,True,0
194504,G06005700,Medium,False,False,False,0
74022,G06008900,High,False,False,False,0
218396,G06008900,Medium,False,False,False,0
431202,G06000700,Low,False,False,False,0
431174,G06006103,Low,True,True,False,0
179200,G06000700,Low,False,False,False,0
30986,G06006102,Low,True,True,False,0
143459,G06010100,High,False,False,False,0
457663,G06006102,Low,True,True,False,0
264017,G06006101,High,False,False,False,0
223990,G06010100,Low,False,False,False,0
135660,G06005700,High,True,True,False,0
73781,G06008900,High,False,False,False,1
430980,G06005700,Medium,False,False,False,0
65285,G06000700,High,False,False,False,0
416482,G06006101,Low,False,False,False,0
268638,G06008900,High,False,False,False,1
303416,G06008900,Medium,False,False,False,0
529493,G06000700,Medium,False,False,False,0
26429,G06006102,Medium,False,False,False,0
323624,G06006102,Medium,True,True,False,0
458016,G06005700,High,False,False,False,0
507347,G06010100,Medium,False,False,False,0
362870,G06008900,Low,False,False,False,0
445143,G06006103,Low,False,False,False,0
507376,G06001100,Medium,True,True,False,0
198447,G06008900,Medium,False,False,False,0
521807,G06006101,High,True,True,False,0
20504,G06000700,High,False,False,True,0
416109,G06010100,High,False,False,False,0
224184,G06001100,Medium,False,False,False,0
202426,G06008900,Low,False,False,False,0
274075,G06008900,Medium,False,False,False,0
15264,G06008900,Medium,False,False,False,0
457857,G06006101,Low,False,False,False,0
198440,G06010100,High,False,False,False,0
362644,G06001100,Medium,True,True,False,0
143432,G06006101,Low,False,False,False,0
224113,G06000700,Medium,False,False,False,0
416020,G06008900,Medium,False,False,False,0
454739,G06006101,Medium,False,False,False,0
207139,G06008900,Medium,False,False,False,0
387653,G06000700,High,False,False,False,0
483477,G06008900,Low,True,True,False,0
343008,G06008900,Medium,True,True,False,0
483505,G06000700,Low,False,False,False,1
314771,G06006103,Low,False,False,False,0
539767,G06008900,Low,False,False,False,0
50475,G06006101,High,False,False,False,0
258507,G06010100,Low,False,False,False,0
385469,G06000700,Medium,False,False,False,1
186039,G06001100,Low,False,False,False,0
228734,G06000700,Low,False,False,False,1
110511,G06010100,Medium,False,False,False,0
189584,G06006102,High,False,False,False,0
150785,G06008900,Low,False,False,False,0
483569,G06000700,High,True,True,False,0
496675,G06001100,Low,False,False,False,0
251139,G06001100,Medium,False,False,False,0
539852,G06006103,Low,False,False,False,0
210227,G06006101,High,False,False,False,0
375475,G06006103,High,True,True,False,1
496686,G06006102,High,True,True,False,0
50507,G06010100,Medium,True,True,False,0
338020,G06008900,Medium,False,False,False,0
7461,G06010100,High,False,False,False,0
152131,G06008900,High,False,False,False,0
232816,G06006103,Low,False,False,False,0
317297,G06001100,Low,False,False,False,0
319642,G06001100,Low,True,True,False,0
1453,G06000700,High,False,False,True,0
50377,G06008900,Medium,True,True,False,0
473243,G06006101,Medium,True,True,False,0
184749,G06000700,Low,False,False,False,0
7763,G06006103,High,False,False,False,0
122763,G06008900,High,False,False,False,0
380358,G06010100,Medium,True,True,False,0
54330,G06008900,Low,False,False,False,0
168607,G06000700,Medium,True,True,False,1
494152,G06000700,Low,True,True,False,0
7687,G06006103,Low,False,False,False,0
542980,G06000700,High,False,False,False,0
292093,G06005700,High,False,False,False,1
122715,G06001100,Low,False,False,False,0
293772,G06010100,Medium,False,False,False,0
38226,G06008900,Low,False,False,False,0
251117,G06005700,Low,False,False,False,0
390684,G06000700,Medium,False,False,False,0
385653,G06008900,Medium,False,False,False,0
290331,G06006103,High,False,False,False,0
390731,G06006103,High,True,True,False,0
216419,G06006102,High,False,False,True,0
285940,G06000700,High,False,False,False,0
487376,G06008900,High,False,False,False,0
334146,G06008900,High,False,False,False,0
39605,G06008900,Medium,True,True,True,0
291957,G06010100,High,False,False,False,0
539496,G06008900,High,False,False,False,0
226935,G06006103,Low,True,True,False,0
53956,G06006102,High,False,False,False,1
288113,G06000700,High,False,False,False,0
5522,G06006102,High,False,False,False,0
290457,G06006102,Low,False,False,False,0
288104,G06000700,Medium,True,True,False,0
212543,G06006101,High,False,False,True,0
38161,G06000700,Medium,False,False,False,0
396233,G06006102,Medium,False,False,False,0
483782,G06006103,High,True,True,False,0
229382,G06000700,High,False,False,False,0
474234,G06001100,High,False,False,False,0
258336,G06000700,Medium,False,False,False,0
396250,G06006103,Low,False,False,False,0
227645,G06010100,Low,False,False,False,0
1679,G06006102,High,False,False,False,1
483803,G06008900,Low,True,True,False,0
3075,G06006102,High,True,True,False,0
291789,G06010100,Low,False,False,False,0
229371,G06001100,High,True,True,False,0
308194,G06006103,Low,False,False,False,0
257009,G06006103,High,True,True,False,0
170499,G06000700,Low,False,False,False,0
396071,G06006102,Medium,True,True,False,0
478052,G06008900,Medium,True,True,False,0
213216,G06006101,Medium,False,False,False,0
40784,G06005700,High,True,True,False,0
291881,G06000700,High,False,False,False,0
122188,G06000700,Medium,True,True,False,1
253740,G06008900,Medium,False,False,False,0
249594,G06005700,High,False,False,False,0
306510,G06006102,Low,False,False,False,0
122318,G06000700,Medium,False,False,False,0
315416,G06000700,Medium,False,False,False,0
50547,G06008900,Medium,False,False,False,0
5486,G06008900,High,False,False,False,0
483651,G06008900,High,False,False,False,1
335680,G06006103,Low,True,True,True,0
293852,G06005700,Low,False,False,False,0
114633,G06000700,High,True,True,False,1
130443,G06008900,High,True,True,False,0
341109,G06005700,High,False,False,True,0
118675,G06005700,Medium,False,False,False,0
253729,G06001100,Medium,False,False,False,0
540012,G06006101,High,True,True,False,0
110735,G06000700,High,False,False,False,0
110776,G06006101,Low,False,False,False,0
474084,G06006101,High,False,False,False,0
369616,G06010100,Medium,True,True,False,0
150804,G06006103,High,False,False,False,0
152116,G06001100,Medium,False,False,False,0
156668,G06008900,High,False,False,False,0
176213,G06006102,Low,False,False,False,0
286212,G06000700,Medium,False,False,False,0
369710,G06000700,Medium,False,False,False,0
53992,G06006102,Low,True,True,False,0
3036,G06000700,High,False,False,False,1
343152,G06000700,High,True,True,False,0
373540,G06010100,High,False,False,False,0
41112,G06000700,High,True,True,False,0
292321,G06006101,High,False,False,False,0
211667,G06010100,High,False,False,False,0
496127,G06008900,Medium,False,False,False,0
343428,G06006102,High,False,False,False,0
43993,G06008900,High,False,False,False,0
109357,G06006103,Low,False,False,False,0
479327,G06000700,Medium,True,True,False,0
8331,G06001100,Low,False,False,False,0
130935,G06000700,High,True,True,False,0
127727,G06006103,Medium,False,False,False,0
43931,G06006101,Medium,False,False,False,0
379673,G06000700,Medium,False,False,False,0
487934,G06005700,Low,True,True,False,0
379722,G06001100,Low,True,True,True,0
234316,G06010100,Low,False,False,True,0
253397,G06005700,Low,False,False,False,0
379725,G06010100,Medium,False,False,False,0
8266,G06010100,High,False,False,False,0
472574,G06006101,Medium,False,False,False,0
491897,G06006103,Low,False,False,True,0
398135,G06001100,High,True,True,False,0
389948,G06005700,Medium,False,False,False,0
44038,G06000700,Medium,True,True,False,0
482765,G06006101,Low,False,False,False,1
230704,G06001100,Medium,False,False,False,0
379414,G06005700,Low,False,False,False,0
343429,G06005700,Low,False,False,True,0
289988,G06006103,High,False,False,False,0
123519,G06006101,High,False,False,False,0
289996,G06006101,High,False,False,False,0
368787,G06006101,Low,False,False,False,0
54920,G06006102,High,False,False,True,0
340752,G06006103,High,True,True,False,0
183899,G06006101,Medium,False,False,False,0
123429,G06005700,Medium,False,False,False,0
41135,G06006101,Medium,False,False,False,0
337770,G06001100,High,False,False,False,1
372178,G06008900,Low,False,False,False,0
259005,G06010100,Low,False,False,False,0
319889,G06001100,High,False,False,True,0
379352,G06010100,Low,False,False,False,0
123411,G06010100,Low,False,False,False,0
47752,G06001100,High,False,False,False,0
398372,G06008900,Medium,False,False,False,0
258997,G06006102,Low,True,True,True,0
479488,G06006102,Medium,True,True,False,0
285510,G06001100,Low,False,False,False,0
54813,G06006103,High,True,True,False,0
306810,G06006103,Low,True,True,False,0
256293,G06005700,High,False,False,False,0
212332,G06008900,High,False,False,False,0
4938,G06006102,Medium,False,False,True,0
290118,G06001100,Low,True,True,False,0
187146,G06006101,High,True,True,False,1
494373,G06008900,Medium,False,False,False,0
538984,G06000700,Medium,False,False,False,0
226806,G06006101,Medium,False,False,False,0
479117,G06000700,High,False,False,True,0
479088,G06006103,High,False,False,False,1
336451,G06005700,Low,True,True,True,0
397664,G06006101,Medium,False,False,False,0
314788,G06010100,High,False,False,False,0
150633,G06008900,High,False,False,False,0
539206,G06000700,Low,False,False,False,0
336438,G06006101,Low,False,False,True,0
305668,G06010100,High,False,False,False,0
255160,G06008900,Medium,False,False,False,0
343352,G06006103,Medium,False,False,False,0
473073,G06006103,Low,False,False,False,0
334988,G06006101,Medium,False,False,False,0
50124,G06001100,Medium,False,False,False,0
478964,G06010100,Medium,False,False,False,0
152859,G06008900,High,False,False,False,0
256646,G06005700,Medium,True,True,False,0
375641,G06006101,Low,False,False,False,0
319723,G06010100,High,False,False,False,1
483042,G06006103,Medium,False,False,False,0
120224,G06006102,High,False,False,False,0
487483,G06005700,Medium,False,False,False,0
543127,G06008900,Medium,False,False,False,0
50120,G06006102,High,False,False,False,0
316327,G06006102,High,True,True,False,0
189696,G06006103,Low,False,False,False,1
496345,G06001100,Low,False,False,False,1
49926,G06001100,High,False,False,False,0
130914,G06006103,Medium,False,False,False,0
290137,G06010100,Medium,False,False,False,0
36564,G06006103,High,False,False,True,0
185860,G06006102,High,False,False,False,0
44091,G06008900,Medium,False,False,False,0
288546,G06000700,High,False,False,False,0
185894,G06005700,High,True,True,False,0
250963,G06006102,Medium,False,False,False,0
167919,G06008900,Medium,False,False,False,0
293727,G06010100,High,False,False,False,0
130911,G06006101,High,False,False,False,0
253481,G06000700,Low,False,False,False,0
1367,G06010100,High,False,False,True,0
226756,G06000700,High,False,False,False,0
44127,G06000700,High,False,False,False,0
258909,G06000700,Low,True,True,True,0
209957,G06000700,Medium,False,False,True,0
127657,G06000700,High,False,False,False,0
548099,G06010100,High,False,False,False,0
50000,G06006103,Medium,True,True,False,1
54608,G06001100,Medium,False,False,False,0
115193,G06006103,High,False,False,True,0
47604,G06008900,High,False,False,True,0
150578,G06000700,High,False,False,False,0
175000,G06006103,Low,False,False,False,0
117782,G06006102,Low,False,False,True,0
44537,G06006103,Medium,True,True,False,0
184344,G06010100,Low,False,False,False,0
370619,G06006103,Low,False,False,False,0
316698,G06006101,Low,False,False,False,0
477014,G06006102,High,True,True,False,0
233252,G06006102,High,False,False,False,0
485782,G06005700,Medium,True,True,False,0
120927,G06000700,High,False,False,False,0
475612,G06000700,High,False,False,False,0
485769,G06010100,Medium,True,True,False,0
335722,G06000700,Medium,True,True,False,0
394300,G06006101,High,False,False,False,0
6554,G06006101,High,False,False,False,0
493626,G06005700,Low,False,False,False,0
6536,G06000700,High,True,True,False,0
2116,G06000700,Low,False,False,False,0
342146,G06008900,Low,False,False,False,0
339167,G06006101,Medium,True,True,False,0
493099,G06001100,Medium,False,False,False,1
156109,G06008900,Medium,False,False,False,0
155374,G06005700,High,True,True,False,0
497317,G06006101,High,False,False,False,0
493508,G06000700,Medium,False,False,False,0
383855,G06006102,High,False,False,True,0
233263,G06010100,High,False,False,False,0
290998,G06010100,High,False,False,False,0
216165,G06006102,High,False,False,False,1
183456,G06005700,High,True,True,False,0
338765,G06006103,High,False,False,False,0
151965,G06006102,High,True,True,False,0
46421,G06008900,Low,False,False,False,0
382161,G06006102,High,False,False,False,0
291514,G06006102,Medium,True,True,False,0
129717,G06010100,Medium,True,True,False,0
168821,G06010100,High,True,True,False,0
186773,G06010100,Medium,False,False,False,0
251269,G06008900,High,False,False,False,0
498168,G06001100,Medium,False,False,True,0
498122,G06005700,Medium,False,False,False,0
394628,G06006103,Low,True,True,False,0
231510,G06010100,High,False,False,False,0
475317,G06000700,High,False,False,False,0
168866,G06006101,Medium,False,False,False,0
485899,G06001100,High,False,False,False,0
257831,G06008900,Medium,False,False,True,0
119564,G06000700,Low,True,True,False,0
121095,G06010100,High,False,False,False,1
127036,G06006101,Medium,False,False,False,1
286771,G06010100,High,False,False,False,0
319099,G06001100,Medium,False,False,False,0
371311,G06006102,Low,False,False,False,0
121071,G06001100,High,False,False,False,0
251657,G06000700,Low,True,True,False,0
295302,G06010100,High,False,False,False,0
315261,G06000700,Medium,False,False,False,0
484755,G06006103,Low,False,False,False,0
251262,G06006102,Low,False,False,True,0
382684,G06005700,Medium,False,False,False,0
476869,G06010100,Low,True,True,False,0
393571,G06000700,High,True,True,False,0
184424,G06000700,Medium,True,True,False,0
541505,G06000700,Low,True,True,False,0
314561,G06006101,Medium,False,False,False,0
6302,G06000700,Low,False,False,False,0
214965,G06006101,Medium,True,True,False,0
485128,G06010100,High,True,True,False,1
308758,G06006101,Low,False,False,False,0
184470,G06006102,Medium,True,True,False,0
374414,G06001100,High,False,False,False,0
370961,G06006103,Medium,False,False,False,0
251421,G06006102,Medium,False,False,True,0
497680,G06006103,Medium,True,True,False,0
287211,G06006101,Medium,False,False,False,0
113074,G06000700,Low,False,False,False,0
126924,G06005700,Low,False,False,False,0
6235,G06006102,Low,False,False,False,0
476540,G06006103,Low,False,False,False,0
541753,G06005700,Low,False,False,False,0
6185,G06006102,High,False,False,True,0
294170,G06008900,Medium,True,True,False,1
228978,G06000700,Low,False,False,False,0
6168,G06008900,Low,False,False,False,1
212920,G06006103,High,True,True,False,0
341889,G06000700,Low,False,False,False,0
341952,G06006101,High,False,False,False,0
216069,G06008900,Low,False,False,False,0
392889,G06001100,Low,False,False,False,0
52496,G06000700,Medium,False,False,False,0
153290,G06010100,Medium,True,True,True,0
257309,G06006102,Medium,True,True,False,0
497409,G06006103,Low,True,True,True,0
484810,G06008900,Low,True,True,False,0
113387,G06008900,Medium,False,False,False,0
129271,G06008900,Medium,False,False,False,0
493490,G06005700,Low,True,True,False,0
127015,G06008900,High,False,False,False,0
318983,G06006102,Medium,False,False,False,0
338938,G06005700,Low,False,False,False,0
112624,G06008900,Low,False,False,False,0
287016,G06001100,Low,False,False,False,0
475968,G06010100,High,False,False,False,0
393841,G06006102,High,False,False,False,0
308333,G06010100,Low,False,False,False,0
129545,G06008900,Medium,False,False,False,0
188807,G06005700,High,False,False,False,0
2236,G06000700,Medium,False,False,False,0
151696,G06005700,Medium,True,True,False,0
176450,G06010100,High,True,True,False,0
212861,G06010100,Low,True,True,False,0
476722,G06008900,Low,False,False,False,0
188838,G06010100,High,False,False,False,0
541819,G06006102,Low,False,False,False,0
168999,G06010100,Medium,False,False,False,1
315400,G06006102,Low,False,False,False,0
2041,G06006101,Medium,False,False,False,0
183360,G06006102,Low,False,False,False,0
111332,G06008900,High,True,True,False,0
474590,G06000700,High,False,False,False,0
151052,G06000700,Low,False,False,False,0
477892,G06008900,Medium,True,True,False,0
342645,G06000700,Medium,False,False,False,0
369969,G06005700,Medium,False,False,False,0
486602,G06000700,High,True,True,False,0
36884,G06005700,High,False,False,False,0
233929,G06008900,High,False,False,True,0
540455,G06001100,Low,False,False,False,0
314730,G06000700,Low,False,False,False,0
189187,G06001100,Medium,True,True,False,0
231027,G06000700,Medium,False,False,False,0
227002,G06000700,High,False,False,False,0
211170,G06006101,Medium,False,False,False,0
44776,G06006102,High,False,False,False,0
339426,G06008900,Low,False,False,True,0
50975,G06010100,Low,False,False,False,1
257091,G06010100,High,False,False,False,0
111670,G06010100,High,False,False,False,0
486512,G06008900,Low,False,False,False,0
1789,G06006103,Medium,True,True,False,0
36920,G06006101,Low,True,True,False,0
188406,G06008900,High,False,False,False,0
395565,G06010100,Medium,False,False,False,0
151026,G06001100,Low,True,True,False,0
384837,G06000700,High,False,False,False,0
545997,G06005700,Low,False,False,False,0
381305,G06008900,Medium,True,True,False,1
381321,G06001100,Medium,False,False,False,0
371615,G06010100,High,False,False,False,0
215793,G06001100,Medium,False,False,False,0
111200,G06000700,Medium,False,False,False,0
498679,G06008900,Low,False,False,False,0
542613,G06008900,Medium,True,True,False,1
384995,G06008900,High,False,False,True,0
36845,G06005700,Low,False,False,False,0
339525,G06008900,High,False,False,False,0
483846,G06001100,High,False,False,False,0
369898,G06000700,High,True,True,False,0
317236,G06000700,High,False,False,False,0
498534,G06001100,Medium,False,False,False,0
483862,G06006101,Low,False,False,True,0
305848,G06000700,High,False,False,False,0
114302,G06006102,High,True,True,True,0
384896,G06006102,Medium,True,True,False,0
114246,G06000700,Medium,False,False,False,0
169188,G06008900,Low,True,True,True,0
474549,G06005700,Low,False,False,False,0
540281,G06001100,Low,False,False,False,0
474550,G06006103,High,True,True,False,0
126451,G06000700,Low,False,False,False,0
127378,G06006102,Medium,False,False,False,0
486491,G06006101,High,True,True,True,0
384308,G06006102,Low,False,False,False,0
126486,G06000700,Medium,False,False,False,0
338449,G06000700,High,False,False,False,0
51099,G06006102,High,False,False,False,0
119199,G06008900,Medium,True,True,False,0
186813,G06006101,Medium,False,False,False,0
168761,G06006101,Medium,False,False,False,0
153647,G06000700,Low,False,False,False,0
6875,G06008900,Low,True,True,False,0
37886,G06006101,Medium,False,False,False,0
286588,G06006102,Low,True,True,False,0
475019,G06010100,Low,False,False,False,0
51124,G06006101,Medium,False,False,False,0
153211,G06006101,Medium,False,False,False,0
121284,G06010100,High,False,False,False,0
484331,G06008900,High,False,False,False,0
233822,G06000700,Medium,False,False,False,0
251730,G06001100,Medium,False,False,False,0
287685,G06001100,Low,False,False,False,0
319284,G06001100,Medium,True,True,False,0
51193,G06006101,High,False,False,False,0
477462,G06000700,Medium,False,False,False,0
129760,G06005700,High,False,False,False,0
290829,G06006101,Low,False,False,False,0
52833,G06000700,High,False,False,False,0
486002,G06000700,Medium,False,False,False,1
484426,G06006103,Medium,True,True,False,0
475025,G06000700,Low,False,False,False,0
498272,G06006101,High,False,False,False,0
257141,G06000700,Medium,True,True,False,0
338578,G06010100,Medium,False,False,False,0
214895,G06006101,Low,True,True,True,0
128915,G06006101,High,False,False,False,1
51038,G06005700,Low,True,True,True,1
253935,G06010100,Medium,False,False,False,0
375071,G06010100,Medium,False,False,False,0
7008,G06000700,High,True,True,False,1
53006,G06006101,High,True,True,False,0
7001,G06000700,Low,False,False,False,0
307099,G06006102,High,True,True,False,0
391861,G06008900,High,False,False,False,0
342469,G06006101,High,False,False,False,0
215896,G06000700,High,False,False,True,0
395108,G06010100,Medium,False,False,True,0
186869,G06000700,Low,False,False,False,0
211103,G06008900,High,False,False,False,1
253979,G06000700,Medium,False,False,False,0
381896,G06006101,Low,False,False,False,0
341429,G06000700,High,False,False,False,0
371439,G06006101,Low,False,False,False,0
338548,G06008900,High,False,False,False,0
45091,G06010100,Medium,False,False,False,0
540704,G06000700,High,False,False,False,0
295632,G06008900,High,True,True,False,0
540724,G06006103,Low,True,True,False,0
229234,G06008900,High,False,False,False,0
169927,G06000700,High,False,False,False,0
175072,G06006102,Low,False,False,False,0
215016,G06006103,High,False,False,False,0
126006,G06000700,High,False,False,False,0
35785,G06000700,High,False,False,False,0
168150,G06008900,Medium,False,False,False,0
317527,G06006103,Low,False,False,True,0
48379,G06006101,High,True,True,False,0
187379,G06000700,High,False,False,False,0
252336,G06006103,Medium,False,False,False,0
124596,G06006101,Low,False,False,False,0
107965,G06010100,Low,False,False,False,1
48342,G06000700,Medium,True,True,False,0
128212,G06000700,High,True,True,False,0
377887,G06005700,Medium,False,False,False,0
124552,G06000700,Medium,False,False,False,0
308439,G06005700,Medium,False,False,False,1
489434,G06006102,Low,False,False,True,0
228154,G06000700,High,False,False,False,0
399909,G06006101,High,True,True,True,0
124484,G06006103,High,False,False,False,0
187364,G06008900,Medium,False,False,False,0
489428,G06005700,Low,False,False,False,0
377750,G06000700,High,False,False,False,0
127878,G06006102,Medium,True,True,False,0
377749,G06008900,Medium,False,False,False,0
166726,G06000700,High,False,False,False,0
388430,G06000700,Low,False,False,False,0
388463,G06006101,High,False,False,False,0
212139,G06008900,High,False,False,False,0
387209,G06008900,High,False,False,False,0
259621,G06000700,High,False,False,False,0
154394,G06006103,High,False,False,False,0
289244,G06006103,Low,True,True,False,0
470791,G06006101,High,False,False,False,1
400193,G06006102,Medium,False,False,True,0
9176,G06010100,High,True,True,False,0
400169,G06008900,Low,False,False,False,0
500218,G06001100,High,True,True,False,0
336866,G06008900,Medium,False,False,False,0
544187,G06010100,Low,False,False,False,1
182923,G06000700,Medium,True,True,False,0
125483,G06006101,High,False,False,False,0
116292,G06010100,Medium,True,True,False,0
252351,G06010100,Medium,False,False,False,0
187757,G06010100,Medium,False,False,False,0
400024,G06006103,Medium,True,True,False,1
116150,G06000700,Low,False,False,False,0
500077,G06000700,High,False,False,False,0
216584,G06008900,High,False,False,False,1
494579,G06010100,High,False,False,False,0
55615,G06010100,Medium,False,False,True,0
152720,G06006102,High,False,False,False,0
373204,G06006103,Medium,False,False,False,0
293320,G06005700,Low,True,True,False,0
386640,G06001100,Medium,False,False,False,0
8777,G06006101,High,False,False,False,0
38610,G06006103,Low,False,False,False,0
373266,G06008900,High,False,False,False,0
230581,G06000700,Low,False,False,False,0
305345,G06010100,Medium,False,False,False,0
230583,G06006102,Medium,False,False,False,0
259297,G06005700,Medium,False,False,False,0
368525,G06005700,Low,True,True,False,0
482216,G06000700,Medium,False,False,False,0
115989,G06010100,Medium,False,False,False,0
343847,G06000700,High,False,False,False,0
488972,G06000700,Medium,False,False,False,0
209710,G06001100,Low,False,False,False,0
549055,G06008900,Low,True,True,False,0
292759,G06008900,High,False,False,False,0
229955,G06008900,High,False,False,False,0
491084,G06001100,High,True,True,False,0
190231,G06006103,High,True,True,False,0
166835,G06008900,Low,False,False,False,0
249049,G06006101,High,False,False,False,0
538101,G06010100,Medium,False,False,False,0
230034,G06006101,High,True,True,False,0
378012,G06000700,Medium,False,False,True,0
378075,G06000700,Low,True,True,True,0
216558,G06010100,Medium,True,True,False,0
38715,G06001100,Low,True,True,False,0
387227,G06000700,Medium,False,False,False,0
128288,G06006101,Medium,False,False,False,0
124338,G06006102,Low,False,False,False,0
131365,G06001100,High,False,False,False,0
3668,G06008900,Medium,True,True,False,0
294794,G06005700,Medium,True,True,True,0
190143,G06000700,High,False,False,False,0
378203,G06006101,Medium,False,False,False,0
543916,G06006102,Low,True,True,False,0
314864,G06008900,Medium,False,False,False,0
471305,G06000700,Medium,False,False,False,0
55749,G06000700,Medium,False,False,False,0
41927,G06006103,Medium,True,True,False,0
537847,G06000700,Medium,False,False,False,0
320484,G06008900,Low,False,False,False,0
500538,G06006102,Low,False,False,False,0
490556,G06006101,High,False,False,False,0
340322,G06000700,Low,False,False,False,0
255583,G06000700,High,False,False,False,0
42404,G06005700,Low,False,False,False,0
387947,G06000700,Low,False,False,False,0
537520,G06001100,High,False,False,False,0
42408,G06010100,Medium,False,False,False,0
549872,G06000700,Medium,False,False,False,0
133,G06006102,High,False,False,False,0
9459,G06000700,Low,False,False,False,0
185160,G06010100,High,False,False,False,0
377026,G06006103,Medium,False,False,False,0
490595,G06006102,Low,True,True,True,1
214324,G06000700,Medium,False,False,False,0
4183,G06006101,Medium,True,True,False,0
35616,G06000700,High,False,False,False,0
209294,G06010100,Medium,True,True,False,0
230317,G06008900,Medium,False,False,False,0
4150,G06008900,Medium,False,False,False,0
500583,G06000700,Low,False,False,False,0
48900,G06008900,Medium,True,True,False,0
170108,G06000700,Medium,False,False,False,0
469823,G06006102,Low,False,False,False,0
48767,G06001100,Low,False,False,False,0
9552,G06008900,Medium,False,False,False,0
3970,G06010100,Medium,False,False,False,0
337073,G06000700,Medium,False,False,False,0
469881,G06006101,High,False,False,True,1
344383,G06010100,Medium,False,False,True,0
125162,G06006102,High,False,False,False,0
125145,G06006103,High,True,True,False,0
39081,G06006102,High,False,False,False,0
314937,G06006103,Low,False,False,False,0
481387,G06005700,High,False,False,False,0
367912,G06005700,High,False,False,False,0
306688,G06010100,Medium,False,False,False,1
500609,G06001100,Low,False,False,False,0
116976,G06000700,Low,False,False,False,0
48888,G06006101,Low,True,True,False,0
387816,G06010100,High,False,False,False,0
185122,G06006101,Medium,True,True,False,1
155536,G06001100,High,True,True,False,0
185116,G06010100,Medium,False,False,False,0
128339,G06006103,Low,False,False,False,0
289391,G06010100,Medium,False,False,False,1
48955,G06006102,High,True,True,False,0
49056,G06006101,High,False,False,False,0
250537,G06006103,Medium,False,False,False,0
289592,G06000700,High,False,False,False,0
154670,G06006101,Low,False,False,False,0
495368,G06006102,Medium,False,False,False,0
209324,G06006103,High,False,False,False,0
400577,G06005700,Medium,True,True,False,0
228349,G06006103,High,False,False,False,0
116569,G06001100,Low,True,True,False,0
234711,G06006101,Medium,False,False,False,0
42657,G06001100,Low,False,False,False,0
317656,G06010100,Low,True,True,False,0
48536,G06006102,Medium,False,False,False,0
388318,G06001100,Medium,True,True,False,0
49137,G06000700,Low,False,False,False,0
152636,G06001100,Medium,False,False,False,0
216694,G06008900,Low,False,False,False,0
48481,G06006101,High,False,False,True,0
388328,G06008900,High,False,False,False,0
377306,G06000700,Low,True,True,False,0
190397,G06008900,Medium,False,False,False,0
544900,G06000700,High,True,True,True,0
131572,G06000700,High,False,False,False,0
154503,G06008900,High,False,False,False,0
377139,G06008900,Medium,False,False,False,0
117131,G06000700,Medium,False,False,False,0
41962,G06001100,High,False,False,False,0
157091,G06010100,Low,False,False,False,0
320546,G06010100,Medium,False,False,True,0
372806,G06008900,Low,True,True,False,1
376455,G06005700,High,False,False,False,0
48552,G06008900,Low,False,False,False,0
226237,G06001100,Medium,False,False,False,0
174685,G06000700,Medium,False,False,True,0
480894,G06006102,High,False,False,False,0
344176,G06000700,Low,False,False,False,0
157062,G06000700,High,True,True,False,0
470349,G06000700,Medium,False,False,True,0
56204,G06006103,Medium,False,False,False,1
368004,G06000700,High,False,False,False,0
490734,G06006102,High,True,True,False,1
387390,G06006101,Medium,True,True,False,0
400680,G06010100,Medium,True,True,False,0
305185,G06005700,Low,False,False,False,0
372329,G06000700,High,False,False,False,0
368347,G06008900,Low,False,False,False,0
49638,G06000700,Low,False,False,False,0
294852,G06010100,High,False,False,False,0
543791,G06010100,Low,False,False,False,0
389627,G06008900,Low,False,False,False,0
339973,G06006101,Low,False,False,False,1
548603,G06006102,Medium,False,False,False,0
4754,G06000700,Low,True,True,False,0
538628,G06006102,High,False,False,False,0
340721,G06008900,High,False,False,False,0
499736,G06006102,Medium,False,False,False,0
176795,G06005700,Low,True,True,False,0
176821,G06000700,High,True,True,False,0
115640,G06005700,Low,True,True,False,0
538649,G06001100,Medium,True,True,False,0
479694,G06006103,Medium,True,True,False,0
399189,G06006103,High,False,False,False,0
318209,G06006101,Medium,False,False,False,0
336657,G06005700,High,False,False,True,0
4579,G06006102,Low,False,False,False,0
285303,G06006103,Low,True,True,False,0
398583,G06008900,High,False,False,False,0
375864,G06008900,High,True,True,False,0
479953,G06010100,Medium,False,False,False,0
168027,G06000700,Medium,True,True,False,0
368608,G06006101,High,True,True,False,0
386515,G06008900,Low,False,False,False,0
55164,G06008900,Medium,False,False,False,0
209792,G06000700,Medium,False,False,False,0
152768,G06006103,High,False,False,False,0
49665,G06000700,Low,False,False,False,1
308936,G06006102,Low,False,False,False,0
189984,G06010100,Medium,False,False,False,0
292629,G06006103,High,False,False,False,0
189980,G06006103,Low,False,False,False,0
491492,G06006103,Low,True,True,False,0
1032,G06008900,Low,False,False,False,0
386411,G06005700,High,True,True,True,0
108892,G06001100,Low,False,False,True,0
189951,G06000700,High,False,False,False,0
285223,G06006101,Low,False,False,False,0
499575,G06008900,Medium,False,False,False,0
55200,G06000700,Medium,False,False,False,0
316189,G06006103,Medium,False,False,False,1
4628,G06008900,Low,False,False,False,1
176035,G06000700,Low,False,False,False,0
36186,G06001100,Medium,True,True,False,0
174273,G06000700,High,False,False,False,0
491509,G06001100,Medium,True,True,False,0
250719,G06000700,Medium,False,False,False,0
183028,G06006101,Medium,False,False,False,0
315036,G06010100,Medium,True,True,False,0
36088,G06000700,High,False,False,False,0
373358,G06006102,High,False,False,False,0
115610,G06008900,Low,False,False,False,0
376052,G06005700,Medium,False,False,False,0
308510,G06001100,Low,False,False,False,0
108525,G06010100,Medium,False,False,False,0
288924,G06006103,High,False,False,False,0
72135,G06000120,Medium,False,False,False,0
448174,G06006717,Medium,False,False,False,0
330644,G06004701,Low,False,False,False,0
72155,G06007707,High,False,False,False,0
178460,G06001308,Medium,False,False,False,0
451388,G06004702,Medium,True,True,False,0
452646,G06001311,Medium,False,False,False,0
160356,G06001309,Medium,False,False,False,1
251244,G06006709,Low,False,False,False,0
46487,G06007705,Low,False,False,False,0
481602,G06007705,Medium,False,False,False,0
203039,G06001314,Low,False,False,False,0
251203,G06000300,Medium,False,False,True,0
212735,G06001308,Low,False,False,False,0
452565,G06000120,Low,True,True,False,0
39917,G06006706,High,False,False,False,0
27399,G06001700,Medium,False,False,False,0
350711,G06007706,High,False,False,False,0
178899,G06001314,Low,False,False,False,0
212771,G06001312,Medium,True,True,False,0
39434,G06006717,High,False,False,True,0
512488,G06000300,High,False,False,False,0
212026,G06006707,Medium,True,True,False,0
254673,G06004701,Medium,False,False,False,0
452669,G06000120,Medium,True,True,False,0
254612,G06001314,Medium,False,False,False,0
340269,G06006707,Low,False,False,False,0
484569,G06006706,High,False,False,False,1
46370,G06006707,Medium,False,False,False,0
266518,G06001700,Low,False,False,False,0
153229,G06006706,High,False,False,False,0
153219,G06001700,Medium,True,True,False,0
251276,G06006712,Medium,True,True,True,0
350128,G06000300,Medium,False,False,False,0
448022,G06001313,High,False,False,False,0
178929,G06011301,High,False,False,False,0
482719,G06006705,Medium,False,False,False,0
351498,G06007706,Low,False,False,False,0
484270,G06006706,Medium,True,True,False,0
203711,G06000120,High,False,False,False,0
452689,G06007705,High,False,False,False,0
493756,G06011301,Medium,False,False,True,1
484417,G06006717,Medium,True,True,False,0
340237,G06006706,Medium,False,False,False,0
266698,G06006705,High,False,False,False,0
251267,G06007708,Low,False,False,True,0
40005,G06006709,Low,False,False,False,0
265949,G06006707,High,False,False,False,1
350680,G06006707,High,False,False,False,0
46395,G06009903,High,False,False,True,0
451023,G06007708,High,True,True,False,0
144261,G06000120,Low,False,False,False,0
339877,G06000120,Low,True,True,False,0
254720,G06009502,Low,True,True,False,0
178336,G06001314,Low,False,False,False,0
512467,G06006712,Low,False,False,False,0
267532,G06009903,High,False,False,False,0
267520,G06000120,High,False,False,False,0
453156,G06009901,Medium,False,False,False,0
244626,G06001305,Low,False,False,False,0
340204,G06006709,Medium,False,False,False,0
512445,G06000300,High,True,True,True,0
512434,G06009903,Medium,False,False,False,0
69360,G06007706,Low,False,False,False,0
219511,G06004702,High,False,False,False,0
255329,G06001312,Medium,False,False,False,0
71827,G06000120,Medium,True,True,False,0
266769,G06006709,Low,False,False,False,0
39155,G06007705,High,False,False,False,0
452436,G06006712,High,False,False,True,0
144455,G06009903,Medium,False,False,False,0
267485,G06007708,Medium,False,False,False,0
452443,G06009903,Low,False,False,False,0
509920,G06006707,Medium,False,False,False,1
144497,G06007705,Low,False,False,False,0
69368,G06009901,High,False,False,False,0
509938,G06006712,High,False,False,False,0
69338,G06007706,High,False,False,False,0
448334,G06001305,High,False,False,False,0
485155,G06011301,Medium,False,False,False,0
484218,G06006717,Medium,False,False,False,1
69284,G06006717,Medium,False,False,False,0
509949,G06006717,Low,False,False,True,0
482481,G06007708,High,False,False,False,0
494794,G06000120,Low,False,False,False,0
144436,G06007705,High,True,True,True,0
302117,G06006707,Low,True,True,False,0
482762,G06007708,High,False,False,False,0
46570,G06001311,Low,False,False,False,1
451258,G06001309,Low,False,False,True,0
482487,G06011301,Medium,False,False,False,0
174824,G06006709,Low,False,False,False,0
46693,G06006709,High,True,True,False,0
254718,G06006705,Medium,True,True,False,0
510201,G06001309,Medium,False,False,False,0
174789,G06000300,Medium,False,False,False,0
493796,G06009903,Medium,False,False,False,0
447093,G06009502,High,False,False,False,0
266747,G06009903,High,False,False,False,0
481659,G06000300,High,False,False,True,0
482479,G06004701,High,False,False,False,1
204424,G06006707,Medium,False,False,False,0
481678,G06001309,High,False,False,False,0
46537,G06009502,High,False,False,False,0
451368,G06000120,Low,True,True,False,0
452994,G06001313,Medium,False,False,False,0
451237,G06009501,Medium,True,True,False,0
144009,G06007705,Medium,False,False,False,0
40196,G06001311,Low,False,False,False,0
351766,G06006707,Low,False,False,False,0
330632,G06007708,Low,False,False,False,0
447293,G06001311,Medium,False,False,False,0
447461,G06007706,Medium,False,False,False,0
447464,G06001308,High,False,False,False,0
484815,G06000300,Low,False,False,False,0
48643,G06006717,Medium,False,False,False,0
447466,G06001313,Low,False,False,False,0
245127,G06000120,Medium,False,False,True,0
250591,G06007705,High,False,False,False,0
512889,G06006709,High,False,False,False,0
266648,G06001312,High,False,False,False,1
265811,G06006706,Low,False,False,False,0
484752,G06007706,Medium,False,False,True,0
339957,G06004702,Medium,False,False,False,0
447545,G06006707,Low,False,False,False,0
350618,G06001314,Low,True,True,True,0
159980,G06009503,Medium,False,False,False,0
72641,G06001314,Low,True,True,False,0
484845,G06001314,High,False,False,False,0
40143,G06006717,High,False,False,False,0
494901,G06001700,Low,False,False,False,0
339145,G06009503,Medium,False,False,False,0
159919,G06009503,High,False,False,False,0
39009,G06004702,High,True,True,True,0
306706,G06000300,Low,False,False,False,0
46144,G06004702,High,False,False,False,0
251371,G06004702,Low,False,False,False,0
335795,G06004701,Medium,False,False,False,0
351846,G06006707,Low,False,False,False,0
512933,G06001308,Medium,False,False,False,0
484984,G06007708,Low,False,False,False,0
512914,G06001311,Medium,False,False,False,0
72727,G06006707,Low,False,False,False,0
39411,G06000300,Medium,False,False,False,0
68832,G06006717,High,False,False,False,0
509968,G06001311,Medium,False,False,False,0
302570,G06009903,Medium,False,False,False,0
493434,G06000300,Medium,True,True,False,0
339059,G06006706,Medium,False,False,False,0
250901,G06006707,High,False,False,False,0
244498,G06009903,Medium,False,False,False,0
47784,G06011301,Medium,False,False,False,0
265768,G06006707,Medium,False,False,False,0
308341,G06007705,High,False,False,True,0
509979,G06009903,High,False,False,False,0
254361,G06001313,Medium,False,False,False,0
307204,G06006707,Low,False,False,False,0
178344,G06009502,Medium,True,True,False,0
510961,G06001312,Medium,False,False,False,0
175765,G06001305,Low,False,False,False,0
447428,G06007705,Low,False,False,False,0
267898,G06007707,High,False,False,False,0
68846,G06006705,High,True,True,False,0
48698,G06009501,High,False,False,False,0
453064,G06001305,High,True,True,True,0
447291,G06006707,Medium,False,False,False,0
350092,G06001312,Medium,False,False,False,0
335586,G06007708,Medium,False,False,False,0
512751,G06006705,Medium,False,False,False,0
28582,G06001313,High,False,False,False,1
510118,G06001700,Medium,False,False,False,0
29230,G06001308,Low,False,False,False,0
29400,G06000300,High,True,True,False,0
512712,G06009502,Low,False,False,False,0
144166,G06011301,High,False,False,False,1
143982,G06006712,Low,False,False,False,0
512629,G06007707,High,False,False,False,0
69049,G06001305,Low,False,False,True,0
250838,G06001311,High,True,True,False,0
250594,G06011301,Medium,False,False,False,1
155383,G06006709,Low,False,False,False,0
481565,G06006717,Medium,False,False,True,0
302768,G06006717,High,False,False,False,0
447948,G06000120,Low,False,False,False,0
46046,G06001314,Low,True,True,False,0
512564,G06000300,Low,False,False,False,0
244615,G06006705,High,False,False,False,0
212000,G06001312,High,True,True,True,0
160421,G06011301,High,True,True,False,0
28604,G06001700,High,False,False,False,0
203793,G06001312,High,True,True,False,0
39073,G06006712,Low,False,False,False,0
175976,G06006712,Low,False,False,False,0
215063,G06006705,Medium,False,False,False,0
254489,G06009503,High,True,True,False,0
245440,G06000120,Low,False,False,True,0
202916,G06001305,Medium,True,True,False,1
302070,G06007706,Low,False,False,False,0
484724,G06007706,Low,False,False,False,0
173180,G06007707,Medium,False,False,True,0
482578,G06006707,High,True,True,True,1
308379,G06006712,Medium,False,False,False,0
447278,G06006705,Low,False,False,False,0
351667,G06004702,Medium,False,False,False,0
512944,G06000300,Medium,False,False,False,0
512940,G06001314,Medium,False,False,False,0
27498,G06006706,Medium,False,False,False,0
510101,G06006705,Low,False,False,False,0
493601,G06004702,Medium,False,False,False,0
351897,G06001700,Low,False,False,False,0
512810,G06000300,Low,False,False,False,0
350089,G06001312,Low,False,False,True,0
453100,G06009503,High,False,False,False,0
70130,G06006717,Low,False,False,True,0
145465,G06004702,Medium,False,False,False,0
254580,G06004701,Low,True,True,False,0
39104,G06007705,Medium,False,False,False,0
28263,G06011301,High,True,True,False,0
29228,G06004702,High,False,False,False,1
302251,G06009503,Medium,True,True,False,0
39753,G06006707,Medium,False,False,False,0
494605,G06006707,Medium,True,True,True,0
511781,G06007705,High,False,False,False,0
450557,G06006717,Low,False,False,False,0
71266,G06007707,Low,True,True,False,0
340130,G06001313,High,True,True,False,0
27915,G06006709,Medium,False,False,False,0
152749,G06009901,Medium,False,False,False,0
351092,G06001309,Low,False,False,False,0
449709,G06007705,Medium,False,False,False,0
306930,G06006717,Medium,False,False,False,0
302485,G06006705,Medium,False,False,False,1
144909,G06006712,Low,False,False,False,0
203985,G06009901,Low,False,False,False,0
71191,G06011301,Medium,False,False,False,0
330280,G06001700,High,True,True,False,0
510799,G06006707,Low,False,False,False,0
510500,G06006707,High,False,False,False,0
310670,G06007706,Medium,False,False,False,0
219226,G06001312,Low,False,False,False,0
254949,G06001308,High,False,False,False,0
47188,G06000300,Medium,False,False,False,0
39641,G06007707,Low,False,False,False,0
511738,G06006709,Low,True,True,False,0
48282,G06009903,Medium,False,False,False,0
494568,G06011301,High,True,True,False,1
306761,G06006709,High,False,False,False,0
510469,G06007708,High,False,False,False,0
69722,G06009503,High,False,False,False,0
245211,G06001700,High,False,False,False,1
494620,G06007707,Low,True,True,True,0
339565,G06007708,Medium,False,False,False,1
449557,G06004702,Medium,False,False,True,1
330458,G06009501,High,False,False,False,0
449529,G06001308,High,True,True,False,0
340155,G06009903,High,True,True,False,0
160213,G06004702,High,False,False,False,0
29117,G06001311,Medium,False,False,False,0
449518,G06009502,Medium,False,False,False,0
451955,G06001312,High,True,True,False,0
219412,G06007707,Medium,False,False,False,0
145238,G06006717,Low,False,False,False,0
71338,G06006706,Low,True,True,True,0
449499,G06007708,Medium,False,False,False,0
449476,G06006709,Medium,False,False,False,0
511872,G06006707,High,True,True,True,0
70004,G06007705,Low,False,False,False,0
155455,G06009903,Low,False,False,False,0
482076,G06001308,Low,False,False,False,0
511829,G06000120,High,False,False,True,0
494560,G06009502,Medium,False,False,False,0
449642,G06007708,Medium,False,False,False,0
255441,G06007706,High,False,False,False,0
219404,G06006709,Low,False,False,False,0
339624,G06009903,Low,True,True,True,0
70700,G06001308,Medium,False,False,False,0
27875,G06001314,High,True,True,False,0
29100,G06000300,High,True,True,False,0
449584,G06009502,High,False,False,False,0
449583,G06001312,High,True,True,False,0
47121,G06007707,High,False,False,False,0
351129,G06006709,Medium,False,False,False,0
449467,G06001313,Low,False,False,False,0
47252,G06004702,Low,False,False,False,0
302462,G06009501,Low,False,False,False,0
28853,G06001313,Low,False,False,False,0
450233,G06006717,Medium,False,False,True,0
482970,G06006707,Low,True,True,False,0
483119,G06011301,Medium,False,False,False,0
330233,G06001312,Medium,False,False,False,0
339831,G06006706,Low,False,False,False,0
451693,G06009901,High,False,False,False,0
175912,G06001311,Low,False,False,False,0
302435,G06001312,Medium,False,False,False,0
335474,G06000300,Low,False,False,False,0
483150,G06001312,High,True,True,False,0
339776,G06000120,Low,False,False,False,0
266957,G06006705,High,False,False,False,0
339769,G06000120,High,False,False,False,1
350527,G06009903,Low,False,False,False,0
219246,G06001313,Medium,False,False,False,0
250992,G06009501,Low,True,True,False,0
47483,G06000300,High,False,False,False,0
48149,G06007706,High,False,False,False,0
28845,G06000300,Low,False,False,False,0
219329,G06001312,Low,True,True,False,0
70822,G06001314,Medium,False,False,False,0
175929,G06001313,Low,False,False,False,0
482988,G06001700,High,False,False,False,0
48189,G06001312,Low,False,False,False,0
28153,G06009503,High,False,False,False,0
178639,G06001305,High,True,True,False,1
28145,G06011301,Low,False,False,False,1
266837,G06001308,Low,False,False,False,0
28141,G06001311,High,False,False,False,0
255121,G06011301,High,False,False,False,0
450144,G06000120,Medium,False,False,False,1
450117,G06001700,High,True,True,False,0
451717,G06007705,High,True,True,True,1
255384,G06001313,Medium,False,False,False,0
350993,G06007706,High,False,False,True,0
212501,G06001700,High,True,True,False,0
28003,G06009903,High,True,True,False,1
71146,G06009903,Low,False,False,True,0
330433,G06006717,Low,False,False,False,0
330143,G06007705,High,False,False,False,0
244921,G06006717,Low,False,False,False,0
351011,G06006706,High,False,False,False,0
451821,G06009503,Medium,False,False,False,0
28983,G06001309,High,False,False,False,0
511637,G06007705,High,False,False,False,0
482944,G06000120,High,True,True,True,0
449886,G06009502,Medium,False,False,True,0
212194,G06001311,Low,True,True,False,0
302279,G06004702,Medium,False,False,False,0
483409,G06006709,Low,False,False,False,0
510546,G06009502,Medium,False,False,False,0
178687,G06001314,Low,False,False,False,0
482189,G06000300,Low,False,False,False,0
494177,G06001305,Low,False,False,True,0
70770,G06001309,Medium,False,False,True,0
339740,G06000300,Low,False,False,False,0
511532,G06001311,High,False,False,False,1
48072,G06007708,Low,True,True,False,0
483293,G06006717,Low,False,False,False,0
350492,G06006717,Medium,False,False,False,0
494124,G06009501,Medium,False,False,False,0
330170,G06000300,Medium,False,False,False,0
450515,G06006717,Medium,False,False,False,0
178678,G06011301,Low,False,False,False,1
330412,G06001313,High,False,False,True,0
451758,G06006709,Low,False,False,False,0
483683,G06006707,Low,False,False,False,1
482030,G06006706,Medium,False,False,False,0
350326,G06001309,Medium,True,True,False,0
69541,G06011301,High,True,True,False,0
71656,G06001311,High,True,True,False,0
493972,G06009903,High,True,True,False,1
511174,G06001700,High,False,False,True,0
47657,G06011301,High,False,False,False,0
71673,G06001313,High,False,False,False,0
482412,G06007707,Low,True,True,True,0
244682,G06001312,Medium,False,False,False,0
219289,G06001700,High,False,False,False,0
448661,G06009903,Low,False,False,False,0
448639,G06001308,High,False,False,False,1
215363,G06000120,Low,True,True,False,0
69496,G06000120,Medium,False,False,False,0
173159,G06001700,Low,False,False,False,0
160073,G06006712,Low,True,True,False,0
483900,G06007706,High,False,False,False,0
448924,G06009903,Medium,False,False,False,0
483861,G06001314,Low,False,False,False,0
340183,G06009901,Medium,False,False,False,0
28759,G06001314,High,True,True,False,0
39218,G06000300,Medium,False,False,False,0
448912,G06001305,High,True,True,False,0
483869,G06001314,Medium,False,False,False,0
512298,G06007707,Low,False,False,False,0
47864,G06007706,High,False,False,False,0
178835,G06007705,Low,True,True,False,0
512198,G06011301,Medium,False,False,True,0
172961,G06007705,Medium,False,False,False,0
155484,G06007706,Medium,False,False,False,0
306976,G06009502,Medium,False,False,False,0
267331,G06004702,High,False,False,False,0
302140,G06001314,Low,False,False,False,0
219457,G06006712,Medium,False,False,True,1
350580,G06006706,Medium,False,False,False,0
351304,G06007707,Medium,False,False,False,0
254798,G06011301,Low,True,True,False,1
510257,G06006707,Medium,False,False,False,0
47658,G06000300,High,False,False,False,0
452405,G06000300,High,False,False,False,0
155424,G06009502,Low,True,True,True,0
250955,G06009501,Medium,False,False,False,0
28326,G06001311,Medium,False,False,False,0
484035,G06006706,Low,True,True,False,0
335690,G06001314,Low,False,False,False,1
153143,G06006705,Low,False,False,False,0
254764,G06006717,Medium,False,False,False,0
493840,G06000300,Low,False,False,False,0
450830,G06006717,Medium,False,False,False,0
448484,G06011301,Low,False,False,False,0
510241,G06001313,Medium,True,True,False,0
510331,G06001314,Low,False,False,False,0
307030,G06001700,Low,False,False,False,0
144554,G06009903,Medium,False,False,False,0
254833,G06007706,Medium,False,False,False,0
29193,G06000300,Low,False,False,False,0
69485,G06006709,Low,False,False,False,0
244660,G06000120,High,False,False,False,0
39849,G06009901,High,True,True,True,0
245369,G06007708,High,False,False,False,0
48469,G06011301,High,True,True,False,0
70500,G06009903,Medium,False,False,True,0
450815,G06006717,Medium,True,True,True,0
448575,G06001305,Medium,True,True,False,0
27680,G06009901,Low,False,False,False,0
46892,G06007706,High,False,False,False,0
266798,G06006712,High,True,True,False,0
212561,G06009502,Medium,False,False,False,0
329897,G06007708,Low,True,True,False,0
335683,G06006717,High,True,True,True,1
483736,G06000300,High,True,True,False,0
28392,G06009503,High,False,False,False,0
330473,G06006707,Medium,True,True,False,0
451541,G06011301,Low,False,False,False,1
329886,G06006712,High,False,False,False,0
451536,G06001313,Low,False,False,False,0
254869,G06007707,Low,False,False,False,0
71409,G06006706,High,False,False,False,0
28432,G06001313,Low,False,False,False,0
450656,G06001305,High,False,False,False,0
452080,G06000120,Low,True,True,False,0
482908,G06000300,Low,True,True,False,0
449451,G06001305,Medium,False,False,False,0
47031,G06004701,High,False,False,False,1
451967,G06011301,High,False,False,False,0
69694,G06006707,Medium,False,False,False,0
71376,G06011301,High,False,False,False,0
350427,G06009502,Low,False,False,False,0
308395,G06001311,High,False,False,True,0
204097,G06009503,High,False,False,False,1
70637,G06009903,High,False,False,False,1
449398,G06007706,Medium,False,False,False,0
510430,G06001311,Medium,False,False,False,1
452017,G06009903,Low,False,False,False,0
302198,G06004701,Low,False,False,False,1
350418,G06001311,Medium,False,False,False,0
511914,G06006707,High,False,False,False,1
493813,G06007705,Medium,True,True,False,0
494630,G06009903,Low,False,False,False,0
71434,G06000300,Medium,False,False,False,0
350346,G06006705,Medium,False,False,True,0
450775,G06000300,Low,False,False,False,0
481986,G06006717,Medium,False,False,False,0
219268,G06006706,High,True,True,False,0
155471,G06007707,Medium,False,False,False,0
350749,G06007705,Low,False,False,False,0
71553,G06006705,Medium,False,False,False,0
70557,G06001700,Low,True,True,False,0
178464,G06001308,Low,True,True,True,0
29183,G06009903,Low,True,True,False,0
493992,G06007705,Low,False,False,False,0
27731,G06011301,Low,False,False,False,0
175890,G06011301,High,False,False,False,0
155512,G06007708,Low,False,False,False,0
47910,G06009503,Medium,False,False,False,0
329870,G06000300,Low,False,False,False,0
70218,G06001313,High,False,False,False,0
145268,G06009903,High,False,False,False,0
178467,G06001313,Medium,False,False,False,1
449111,G06001308,High,True,True,False,0
511178,G06001305,Low,True,True,False,0
145270,G06007707,High,False,False,False,0
46953,G06001308,Low,False,False,False,0
71482,G06007707,High,True,True,False,0
266124,G06006705,Medium,False,False,False,0
160242,G06001305,Low,False,False,False,0
267274,G06001700,High,True,True,False,0
350364,G06001305,Medium,True,True,False,0
494318,G06011301,Medium,False,False,False,0
483808,G06000300,Medium,True,True,False,0
173073,G06001700,Low,False,False,False,0
259955,G06000120,Medium,False,False,False,0
46027,G06009903,Low,False,False,False,0
441816,G06001314,Medium,False,False,False,0
441797,G06006707,Low,False,False,False,0
441780,G06009903,Low,False,False,False,0
142483,G06001311,High,False,False,False,0
161183,G06000300,Low,False,False,False,0
253184,G06001314,High,False,False,True,0
515961,G06006712,High,False,False,False,0
253183,G06004702,Low,False,False,False,1
353674,G06006717,Medium,False,False,False,0
353679,G06006709,High,False,False,False,0
154845,G06004702,Medium,False,False,True,1
43462,G06001308,High,False,False,False,0
76508,G06007706,Medium,False,False,False,0
336670,G06006707,Medium,False,False,True,0
243197,G06001314,Low,False,False,False,0
491495,G06001700,Medium,False,False,False,0
441581,G06007706,High,False,False,False,0
337566,G06006717,Medium,False,False,True,1
213581,G06006705,Low,False,False,False,0
328507,G06001311,High,False,False,False,0
252085,G06001313,Medium,False,False,False,0
491742,G06007705,High,True,True,False,0
337771,G06004702,High,False,False,True,0
76271,G06004701,Medium,False,False,False,0
201626,G06000120,Medium,False,False,False,1
154946,G06001314,Medium,False,False,False,1
442015,G06000300,Medium,False,False,True,0
220307,G06001311,High,True,True,True,0
488251,G06006709,Medium,False,False,False,0
76354,G06001311,Low,False,False,False,0
213691,G06004702,Low,True,True,False,0
269932,G06006717,Low,True,True,True,0
488300,G06007706,High,False,False,False,0
154136,G06001312,Low,False,False,False,0
41245,G06009903,High,False,False,False,0
441871,G06006705,Medium,True,True,True,0
43644,G06006706,Low,False,False,False,0
353637,G06007708,High,False,False,False,0
252078,G06000120,Low,False,False,True,0
269960,G06011301,High,False,False,False,0
336574,G06006707,Low,False,False,False,0
516062,G06009502,High,False,False,False,0
243189,G06006712,Low,False,False,False,1
43231,G06006709,Medium,False,False,False,0
307983,G06006707,Medium,False,False,False,0
43210,G06001311,Medium,False,False,False,0
488906,G06004701,Low,False,False,False,0
491317,G06001312,Low,False,False,True,0
142231,G06007707,Medium,False,False,False,0
41569,G06009903,Medium,False,False,False,0
488927,G06004701,High,False,False,False,0
353838,G06006712,Medium,False,False,False,0
76761,G06006709,High,False,False,False,0
311222,G06000120,Medium,False,False,False,0
154248,G06006709,Medium,True,True,False,1
213860,G06004701,Medium,False,False,False,0
337532,G06001313,Low,True,True,False,0
76865,G06009502,Low,False,False,False,0
307697,G06006717,High,False,False,False,0
76896,G06009502,Medium,True,True,False,0
270224,G06007705,High,False,False,False,0
43140,G06009503,Low,False,False,False,0
76946,G06006717,Low,False,False,False,0
441175,G06011301,Low,False,False,False,0
441277,G06001312,Medium,True,True,True,0
353585,G06006717,Medium,False,False,False,0
43260,G06007708,High,True,True,False,0
243098,G06011301,Medium,False,False,False,0
175083,G06006705,Medium,False,False,False,0
491448,G06007707,Low,False,False,False,0
24977,G06001700,Medium,False,False,False,0
516109,G06009503,High,False,False,False,0
441467,G06007706,High,False,False,False,0
253086,G06000300,Medium,False,False,False,0
161188,G06006706,Medium,True,True,False,0
43347,G06001314,Medium,False,False,False,0
270119,G06001700,Medium,True,True,True,0
488708,G06001700,High,True,True,True,0
491417,G06001309,Medium,False,False,True,0
441420,G06007706,Low,False,False,False,0
307994,G06004702,Medium,False,False,False,0
76682,G06001312,High,False,False,False,0
441392,G06009501,Low,False,False,False,0
243161,G06001309,Low,False,False,False,0
41364,G06007708,Low,False,False,False,0
491386,G06001314,High,False,False,False,0
491370,G06009903,High,False,False,False,0
43292,G06006712,High,False,False,False,1
307712,G06004701,Medium,False,False,False,0
43910,G06001305,Medium,False,False,False,0
488108,G06001311,High,False,False,False,0
269685,G06001313,Low,False,False,False,0
353311,G06006709,High,False,False,False,1
269699,G06001312,Low,False,False,True,0
515497,G06006705,Low,False,False,False,1
220187,G06009903,Medium,True,True,False,0
487620,G06004702,High,False,False,False,0
155058,G06007707,Medium,False,False,False,0
25346,G06001308,High,False,False,False,1
44184,G06001700,High,False,False,False,0
328585,G06009901,Medium,False,False,False,0
75799,G06001311,Medium,False,False,False,0
353371,G06007705,Medium,False,False,False,0
220202,G06009903,High,False,False,False,0
442562,G06001314,Medium,False,False,False,0
142803,G06004701,Medium,False,False,False,0
487717,G06006712,High,False,False,False,0
75845,G06006707,Medium,False,False,False,0
491966,G06009901,Medium,True,True,False,0
336440,G06009502,High,False,False,False,0
308146,G06011301,Medium,False,False,False,0
515452,G06006707,High,False,False,False,0
269519,G06007706,Low,False,False,False,0
269528,G06006705,Medium,False,False,True,0
142949,G06009502,Medium,False,False,False,0
220148,G06009901,Medium,False,False,False,1
172630,G06001309,Medium,False,False,False,0
269547,G06007706,Low,False,False,False,0
161079,G06006712,Low,True,True,False,0
442885,G06011301,Medium,False,False,False,0
154030,G06001313,High,False,False,True,0
44218,G06011301,Medium,False,False,False,0
75561,G06007705,Medium,False,False,False,0
492075,G06007708,Medium,False,False,False,0
492066,G06004701,Medium,False,False,False,0
515370,G06011301,Low,True,True,False,0
220156,G06001311,Medium,True,True,False,0
515388,G06006707,High,True,True,False,0
243498,G06000120,Low,False,False,False,0
75537,G06004701,Medium,False,False,True,1
25333,G06006705,High,False,False,False,0
269749,G06009502,Medium,False,False,False,0
442275,G06006706,High,False,False,False,0
44001,G06001305,Medium,False,False,False,1
353493,G06007706,High,False,False,False,0
515735,G06009501,Medium,False,False,False,0
161163,G06004702,Medium,False,False,True,1
337813,G06004701,High,False,False,False,0
442195,G06006712,High,True,True,False,0
353534,G06009901,High,False,False,False,0
76102,G06006705,Medium,False,False,False,0
488066,G06007708,Medium,True,True,False,0
25247,G06000300,Medium,True,True,False,0
269891,G06009901,High,True,True,False,0
76169,G06006709,Medium,False,False,False,0
76206,G06001313,Low,False,False,False,0
76227,G06006712,High,False,False,False,0
491759,G06001700,Medium,False,False,True,0
269872,G06007706,High,False,False,False,0
44014,G06007705,High,False,False,False,1
213436,G06001312,High,False,False,False,0
253484,G06007708,Medium,False,False,False,0
269751,G06001314,Medium,False,False,False,0
44113,G06001314,Medium,False,False,True,0
44099,G06001308,High,False,False,False,0
253460,G06006706,Medium,False,False,False,0
442456,G06001305,High,True,True,True,0
442451,G06009903,Medium,True,True,False,0
487827,G06001314,Medium,False,False,False,0
337845,G06000120,High,True,True,True,1
142769,G06007708,Low,False,False,False,0
154058,G06001700,Medium,False,False,False,0
44085,G06009503,Medium,True,True,False,0
41076,G06000120,Low,False,False,False,0
487863,G06000120,Medium,True,True,False,0
442402,G06007707,Medium,False,False,False,0
44058,G06007705,Low,False,False,False,1
442396,G06011301,Low,False,False,False,0
487893,G06000120,Medium,False,False,False,0
243447,G06001308,Low,False,False,False,0
252005,G06000120,Medium,False,False,False,0
201644,G06009502,High,False,False,False,0
25276,G06000120,Medium,False,False,False,0
515305,G06001313,Medium,False,False,False,0
489165,G06006709,High,True,True,False,0
491188,G06007706,Low,True,True,False,0
336901,G06001305,Medium,True,True,False,0
141780,G06007707,Medium,True,True,False,0
490713,G06009903,High,False,False,False,0
439807,G06001700,Medium,False,False,False,0
175244,G06007708,Low,False,False,False,0
354469,G06007705,Low,False,False,False,0
439789,G06011301,High,False,False,False,0
201133,G06007705,High,False,False,False,0
337227,G06006705,High,False,False,False,0
141777,G06004702,Low,False,False,False,0
270599,G06000300,Low,True,True,False,0
214059,G06001308,High,False,False,False,0
24080,G06009502,Medium,False,False,False,0
439727,G06007705,High,False,False,False,0
42435,G06011301,Low,False,False,False,0
24066,G06001700,Low,False,False,False,0
24063,G06004702,High,True,True,False,0
154527,G06007707,Medium,True,True,True,0
439869,G06006705,Low,False,False,False,0
141938,G06000120,Low,False,False,False,0
172512,G06001305,High,False,False,True,0
77679,G06001313,High,False,False,False,0
179535,G06001309,Medium,False,False,False,0
270530,G06009903,Medium,False,False,False,0
490759,G06001305,High,False,False,False,0
77754,G06006709,Low,False,False,False,0
489812,G06001700,Low,False,False,False,0
252428,G06011301,Low,False,False,False,0
354399,G06009503,Medium,False,False,True,0
440010,G06001308,Low,False,False,False,0
489839,G06001313,High,True,True,False,0
201155,G06009503,High,False,False,False,0
214028,G06007707,High,False,False,False,0
41930,G06007708,Low,False,False,False,0
489869,G06001312,High,False,False,False,0
301292,G06006707,High,False,False,False,0
220782,G06000300,Medium,False,False,False,0
301276,G06006717,Low,False,False,False,0
172510,G06001312,Low,True,True,True,0
172501,G06006706,Medium,False,False,True,0
439324,G06011301,High,True,True,False,1
42168,G06004702,High,False,False,False,0
141708,G06009901,Medium,False,False,False,0
517284,G06009901,High,True,True,False,0
311474,G06006705,Medium,False,False,False,0
439261,G06000300,High,False,False,False,0
354701,G06011301,High,False,False,False,0
23872,G06011301,Medium,True,True,False,0
220871,G06007705,Low,False,False,False,0
490425,G06007706,Low,False,False,False,0
354730,G06001309,High,False,False,False,0
42270,G06000120,High,False,False,False,0
42244,G06001308,Low,False,False,False,0
179616,G06001311,Medium,False,False,False,0
439134,G06011301,High,False,False,False,0
78510,G06001312,Medium,False,False,True,0
23775,G06004702,Low,False,False,False,0
78596,G06011301,Low,True,True,False,0
242527,G06006707,Medium,False,False,False,0
490822,G06004701,Medium,False,False,False,0
439330,G06001314,Low,False,False,False,0
490270,G06009901,Low,False,False,False,1
439533,G06000300,Medium,True,True,True,0
354568,G06001700,Medium,True,True,False,0
23995,G06001308,High,False,False,True,0
154550,G06001308,High,False,False,False,0
337117,G06007706,Low,False,False,False,0
328077,G06007708,High,False,False,False,0
336998,G06000300,Medium,True,True,False,0
78261,G06000300,High,False,False,False,0
154563,G06011301,Low,False,False,False,0
141736,G06007706,Low,True,True,False,0
242610,G06004702,Low,False,False,False,1
270694,G06006709,High,False,False,False,1
311394,G06000300,High,False,False,False,0
252624,G06009503,High,False,False,False,1
490216,G06009903,High,False,False,False,0
42161,G06011301,Medium,True,True,False,0
78300,G06004702,Medium,True,True,False,0
439382,G06001313,Medium,True,True,False,0
141737,G06009503,High,True,True,False,0
23908,G06006709,High,False,False,False,0
78405,G06006706,Medium,False,False,False,0
490201,G06006717,High,False,False,False,0
76948,G06006712,Medium,False,False,False,0
440139,G06001700,Low,False,False,False,0
489342,G06007705,Medium,False,False,False,0
161299,G06000300,Medium,False,False,False,0
43053,G06006707,Low,False,False,False,0
440917,G06001314,Medium,False,False,False,0
154727,G06000120,Medium,False,False,False,0
201356,G06001309,High,True,True,False,1
328325,G06001311,High,True,True,False,0
24552,G06000120,Medium,False,False,False,0
440862,G06000120,High,False,False,False,1
489416,G06007705,High,False,False,False,0
77135,G06011301,High,False,False,False,0
77138,G06001312,Medium,False,False,True,0
77146,G06001700,High,False,False,True,0
440797,G06004701,High,False,False,False,0
77205,G06001312,High,False,False,False,0
201327,G06011301,High,False,False,False,0
42947,G06006707,Medium,True,True,False,0
252868,G06011301,Low,False,False,False,0
440693,G06000120,Medium,True,True,True,0
154752,G06007707,Medium,True,True,False,0
489301,G06006705,Medium,False,False,False,0
201384,G06001312,Low,False,False,False,0
43072,G06007707,Medium,False,False,False,0
491169,G06004701,High,False,False,True,0
441158,G06009903,High,False,False,False,0
242985,G06006717,High,True,True,False,0
41593,G06001309,Medium,True,True,False,0
491139,G06001309,Medium,True,True,False,0
41690,G06007708,High,False,False,False,1
489233,G06009503,Medium,False,False,False,0
491117,G06006712,Medium,True,True,False,0
24795,G06001312,High,False,False,False,0
337457,G06001311,Medium,False,False,True,0
354082,G06000300,Medium,False,False,False,0
252900,G06000120,High,False,False,False,0
270250,G06009903,Low,True,True,False,0
270251,G06006706,Medium,False,False,False,0
328369,G06006717,Medium,True,True,False,0
242983,G06009903,Low,False,False,False,0
77020,G06001305,High,True,True,False,0
201441,G06007706,Medium,False,False,False,0
179524,G06007708,Medium,False,False,False,0
516386,G06000300,High,False,False,False,0
161352,G06009502,Medium,False,False,False,0
270354,G06006712,High,False,False,False,0
142076,G06006717,Medium,False,False,False,0
214375,G06007706,Medium,False,False,True,0
440361,G06001700,Medium,False,False,False,0
24321,G06001311,High,False,False,False,0
301363,G06006717,High,False,False,False,0
42758,G06006709,Low,False,False,False,0
354249,G06001305,Medium,False,False,False,0
154403,G06001314,Low,False,False,False,0
41906,G06004702,Low,False,False,False,1
440287,G06006712,High,False,False,True,0
77402,G06007708,Medium,False,False,False,0
516758,G06001309,Low,False,False,False,1
354280,G06004701,High,False,False,False,0
41929,G06009503,Low,False,False,True,0
77638,G06001700,Low,False,False,False,0
42681,G06007707,High,False,False,True,0
252767,G06007705,High,False,False,False,0
77645,G06006717,High,False,False,True,0
242826,G06007707,Medium,True,True,True,1
220779,G06006717,Low,False,False,False,0
270478,G06011301,Medium,False,False,False,0
42679,G06007708,High,False,False,False,0
154393,G06001313,Low,True,True,True,1
42929,G06007707,High,False,False,True,0
491036,G06004701,Medium,False,False,False,0
270376,G06001305,High,False,False,False,0
41802,G06009901,High,False,False,False,0
270391,G06000120,Low,False,False,False,0
154385,G06007707,High,False,False,False,1
142070,G06006712,High,True,True,False,0
201237,G06009903,Medium,True,True,False,0
490878,G06007706,Low,False,False,False,0
252338,G06009903,Low,True,True,False,0
270422,G06001313,Low,False,False,False,1
42805,G06000300,Low,False,False,False,0
516660,G06001305,High,False,False,False,1
354181,G06009501,High,False,False,False,0
161380,G06004702,High,True,True,False,0
201231,G06009901,Low,False,False,False,1
201225,G06001314,Medium,True,True,True,0
270456,G06007707,Low,True,True,False,0
440536,G06007708,Low,False,False,False,0
513017,G06007706,Medium,True,True,False,0
269503,G06007707,High,False,False,False,0
308165,G06001309,Low,False,False,False,0
445633,G06007706,Low,True,True,False,0
153614,G06000300,High,True,True,False,0
453168,G06009901,High,False,False,False,0
329236,G06007705,High,False,False,True,0
352559,G06006717,High,False,False,False,0
143468,G06011301,Medium,False,False,False,0
73770,G06001313,High,False,False,False,0
73780,G06006709,Medium,False,False,False,0
45358,G06006709,High,False,False,False,0
251709,G06006705,Medium,False,False,False,0
352597,G06001305,Low,False,False,False,1
445410,G06007707,Medium,False,False,False,0
445397,G06001311,Medium,False,False,False,0
73878,G06006717,Low,False,False,False,0
445372,G06001305,Low,False,False,False,0
268666,G06001311,Low,False,False,False,0
445366,G06006709,Low,False,False,False,0
486022,G06000120,High,False,False,False,0
202509,G06000300,High,True,True,False,0
45331,G06006709,High,False,False,False,1
335984,G06006706,High,False,False,False,0
268599,G06007707,Low,False,False,False,0
445923,G06000120,Medium,True,True,False,0
329285,G06001309,High,False,False,False,1
445890,G06000120,Medium,True,True,False,0
26717,G06000120,High,False,False,False,0
26692,G06006705,High,False,False,False,1
338753,G06006709,Medium,True,True,False,0
445851,G06007708,High,False,False,False,0
338700,G06001308,High,False,False,False,1
338699,G06009903,Low,False,False,False,0
445327,G06009501,Medium,False,False,False,0
143576,G06000300,High,False,False,False,0
40453,G06001311,Low,False,False,False,0
485924,G06001305,Medium,True,True,True,0
143538,G06004702,Low,False,False,False,1
251665,G06001312,Low,False,False,False,0
45419,G06006717,Medium,True,True,False,0
445727,G06011301,Low,False,False,False,0
26611,G06007705,Medium,False,False,False,0
445661,G06009903,Medium,False,False,False,0
153572,G06009901,High,False,False,False,0
172846,G06006717,High,False,False,False,0
329268,G06006709,Medium,False,False,True,0
73898,G06009903,High,False,False,False,0
310941,G06009501,High,False,False,False,0
44961,G06009901,Medium,False,False,False,0
40540,G06006705,Medium,False,False,False,0
44960,G06006709,Low,False,False,False,0
44938,G06001700,Low,False,False,False,0
74136,G06000120,Low,False,False,False,0
40613,G06000300,Medium,False,False,False,0
492739,G06000120,Medium,False,False,False,1
301785,G06009502,Low,False,False,False,0
486401,G06007706,Medium,False,False,False,1
74107,G06007707,Low,False,False,False,0
268837,G06007708,Medium,False,False,False,0
444965,G06006705,High,False,False,False,0
444956,G06001308,High,True,True,False,0
486461,G06000120,High,False,False,True,0
44846,G06006709,Medium,False,False,False,0
514058,G06006705,High,False,False,False,0
74195,G06006712,Medium,False,False,False,0
307354,G06006712,Medium,False,False,False,0
338433,G06001312,Medium,True,True,False,0
486499,G06001700,Low,False,False,False,0
492633,G06007708,Low,False,False,False,0
160765,G06001700,Low,True,True,False,0
352397,G06009903,High,False,False,False,0
513914,G06001305,Low,False,False,False,0
214919,G06001312,Low,False,False,False,0
486092,G06001312,Low,False,False,False,0
352638,G06000120,Low,False,False,False,0
329205,G06006712,Medium,False,False,False,0
202483,G06004701,Medium,False,False,False,0
513841,G06007707,Low,True,True,False,0
254023,G06000300,High,False,False,True,0
40517,G06011301,High,True,True,False,0
179202,G06000120,Medium,False,False,False,0
40533,G06001314,Low,False,False,True,0
143328,G06006712,Medium,False,False,False,0
74058,G06001313,High,True,True,True,0
445206,G06009503,Medium,False,False,False,0
268772,G06006706,Medium,True,True,False,0
45255,G06006705,Medium,False,False,False,0
74070,G06011301,Low,False,False,False,0
45254,G06001308,Medium,False,False,False,0
492868,G06006705,Medium,True,True,False,0
45076,G06006717,Medium,False,False,False,1
45052,G06006712,High,False,False,False,0
338543,G06001700,Medium,False,False,False,0
143389,G06007708,High,False,False,False,0
338537,G06006707,Medium,False,False,False,0
26414,G06009903,Low,False,False,False,0
514091,G06004702,Medium,False,False,False,0
174867,G06006705,High,False,False,False,0
485326,G06000120,High,False,False,False,0
446748,G06000300,Low,True,True,False,0
513170,G06000120,Medium,False,False,False,0
335861,G06006707,Low,True,True,False,0
244375,G06000120,High,False,False,False,0
513193,G06001308,Medium,False,False,False,0
352065,G06011301,High,False,False,True,0
513219,G06006705,High,False,False,True,0
268121,G06009901,Medium,False,False,False,0
73059,G06006717,High,False,False,False,0
172918,G06001313,High,False,False,False,0
27220,G06001313,High,True,True,False,0
493272,G06007705,Low,True,True,True,0
513257,G06001311,Medium,False,False,False,0
485407,G06011301,Low,False,False,False,0
155297,G06011301,High,False,False,True,0
446541,G06009502,High,False,False,False,0
178935,G06006705,High,False,False,False,1
219603,G06007708,High,False,False,False,0
40344,G06006717,High,False,False,False,0
72908,G06006709,High,False,False,True,0
27382,G06006706,Low,False,False,False,0
329565,G06004702,Low,True,True,False,0
485202,G06007706,Low,False,False,False,0
351997,G06006707,High,False,False,True,0
513077,G06007705,Medium,False,False,False,0
45981,G06001308,Medium,False,False,False,0
446974,G06006707,High,False,False,True,0
27348,G06001313,Medium,False,False,False,0
485434,G06006705,Low,False,False,False,0
143950,G06004702,Low,False,False,True,0
45977,G06001312,High,True,True,False,0
485275,G06011301,Medium,False,False,False,0
174827,G06011301,Low,False,False,False,0
446897,G06000120,High,False,False,True,0
446882,G06006706,High,False,False,False,1
244433,G06006705,Low,False,False,False,0
446815,G06001313,High,False,False,False,0
268040,G06009903,Medium,True,True,False,1
251512,G06001308,High,False,False,False,0
202784,G06001311,Medium,False,False,False,1
446927,G06000300,Medium,True,True,False,0
251554,G06004701,Medium,False,False,False,0
268169,G06009502,High,False,False,False,0
268352,G06009503,Medium,False,False,True,0
143718,G06001305,Medium,False,False,True,0
254164,G06009503,Medium,False,False,False,0
446205,G06000300,Low,False,False,True,1
219808,G06006705,Low,False,False,False,0
446182,G06007705,High,False,False,False,0
446178,G06004701,Low,True,True,False,0
254162,G06011301,High,False,False,False,0
26921,G06006712,Low,False,False,False,0
446159,G06000300,High,False,False,False,1
446229,G06001314,Medium,False,False,False,0
26855,G06001309,Low,False,False,False,0
338798,G06007708,Low,False,False,False,0
338791,G06011301,High,False,False,False,0
329334,G06006712,High,True,True,False,0
329315,G06007706,High,False,False,False,0
175709,G06007708,Medium,False,False,False,0
446044,G06009903,Medium,False,False,True,0
45548,G06011301,High,False,False,False,0
446009,G06006707,Medium,False,False,False,1
40440,G06001308,Low,False,False,False,0
352316,G06000300,Low,False,False,False,0
153553,G06009503,High,False,False,False,1
45571,G06009502,Low,False,False,False,0
352238,G06007705,High,False,False,False,0
335960,G06009903,Low,True,True,False,0
251567,G06001305,Medium,False,False,False,0
485476,G06006717,High,False,False,False,0
155286,G06009901,Low,False,False,False,0
446467,G06006707,Medium,False,False,False,0
251592,G06009503,Medium,False,False,False,0
45730,G06000300,High,False,False,False,0
212963,G06007708,High,False,False,False,0
244326,G06001700,Low,True,True,False,0
307267,G06007708,High,True,True,False,0
254167,G06006709,High,False,False,True,0
335933,G06000120,Low,True,True,False,0
26981,G06001305,Medium,False,False,False,0
251618,G06007706,Low,False,False,False,0
493164,G06006717,High,False,False,False,0
45679,G06000300,Low,False,False,False,0
40422,G06006705,Medium,False,False,False,0
493121,G06006707,High,False,False,False,0
153523,G06006717,Low,False,False,False,0
73333,G06009503,Medium,True,True,True,0
513424,G06000300,Medium,False,False,False,0
26936,G06001313,Low,False,False,False,0
515296,G06006706,Medium,False,False,True,0
444854,G06009503,Low,False,False,False,0
253892,G06009503,Medium,False,False,False,0
514914,G06006705,Medium,False,False,False,0
44346,G06006717,Medium,False,False,False,0
220029,G06000120,High,False,False,False,0
328886,G06006706,Low,False,False,False,0
353097,G06001313,Medium,False,False,False,0
44344,G06004702,Medium,True,True,False,0
75142,G06009901,Medium,False,False,False,0
443532,G06007706,High,False,False,False,0
443531,G06006709,Medium,False,False,False,0
487215,G06000300,Medium,False,False,False,0
253650,G06011301,Low,False,False,False,0
492311,G06001700,Low,False,False,False,0
75156,G06001305,Low,False,False,False,0
202186,G06009501,Medium,False,False,True,0
269323,G06006709,Medium,False,False,False,1
514938,G06009503,High,False,False,False,0
338012,G06007706,Medium,False,False,False,0
269252,G06011301,High,False,False,False,0
40795,G06009903,Medium,False,False,True,1
153906,G06006705,High,False,False,True,1
492422,G06001308,High,False,False,False,0
487081,G06004702,Low,False,False,False,0
443843,G06006717,High,False,False,False,0
514797,G06007708,Medium,False,False,False,0
443838,G06007707,Medium,False,False,False,0
487086,G06007706,Low,False,False,False,0
179364,G06000120,Medium,False,False,True,0
143111,G06009503,Low,False,False,False,0
153940,G06006709,High,False,False,False,0
353043,G06009502,Medium,False,False,False,0
74964,G06001700,Medium,False,False,False,0
75012,G06006706,High,False,False,False,0
487125,G06006717,High,False,False,False,0
514858,G06006717,Low,False,False,False,0
487141,G06001313,Low,True,True,True,0
328892,G06006717,High,False,False,True,0
353072,G06007708,Medium,False,False,False,0
213239,G06006712,High,True,True,False,0
143042,G06001312,Low,False,False,True,0
155144,G06001309,Medium,False,False,False,0
443267,G06011301,Medium,False,False,False,0
75389,G06001700,High,True,True,False,0
202089,G06007708,Low,False,False,False,0
25622,G06000120,Low,False,False,False,0
75448,G06009502,Low,False,False,True,0
40926,G06009502,Low,False,False,False,0
443153,G06006705,Low,False,False,False,0
143001,G06001309,High,False,False,False,1
44262,G06011301,Low,False,False,False,0
25520,G06009903,Low,False,False,False,0
155143,G06007707,High,False,False,False,1
40961,G06004701,High,False,False,False,0
328663,G06004702,Low,False,False,False,0
44243,G06004701,Medium,False,False,False,0
515250,G06006707,High,False,False,False,0
142953,G06001314,Medium,True,True,False,0
243548,G06006709,Medium,False,False,False,0
492206,G06001700,Low,False,False,False,0
153899,G06009502,Low,False,False,False,0
269401,G06001309,Low,False,False,True,0
75332,G06007708,Medium,False,False,False,1
487356,G06001312,High,False,False,False,0
443452,G06004701,High,False,False,False,0
40911,G06004701,Low,False,False,False,0
75209,G06007708,High,False,False,True,0
161044,G06006717,Medium,False,False,False,0
443436,G06006707,Medium,False,False,False,0
487375,G06001311,Low,False,False,False,0
443415,G06006717,High,False,False,False,0
443366,G06001314,Low,True,True,False,0
328719,G06001311,High,False,False,False,0
515061,G06007707,High,False,False,True,0
311103,G06007708,Medium,False,False,False,0
328793,G06011301,High,False,False,False,0
179417,G06009901,Medium,False,False,False,0
515120,G06009502,Low,False,False,False,0
337969,G06007705,Low,False,False,False,0
487398,G06001309,Medium,True,True,False,0
487401,G06001311,Low,False,False,False,0
44273,G06006705,Low,False,False,False,0
515125,G06000120,Low,True,True,False,0
143013,G06009502,Low,True,True,False,0
253565,G06000120,Low,False,False,False,0
443353,G06006707,Medium,False,False,False,1
514768,G06006717,High,False,False,False,0
307419,G06006717,High,False,False,False,0
74345,G06007707,High,True,True,False,0
174948,G06000120,Medium,False,False,False,0
74460,G06001313,Low,True,True,False,0
74491,G06007706,Medium,False,False,False,0
40688,G06001700,High,True,True,False,0
486700,G06001313,High,False,False,False,1
40704,G06009901,Medium,False,False,False,0
44609,G06006707,Low,False,False,False,0
44595,G06001314,Medium,False,False,False,0
44561,G06001308,Low,False,False,False,0
444478,G06001313,Medium,False,False,False,0
160864,G06011301,High,False,False,False,0
514391,G06011301,Low,False,False,False,0
486774,G06006712,Medium,True,True,True,0
268977,G06006709,Low,False,False,False,0
26113,G06006717,High,True,True,False,0
444402,G06007706,High,False,False,False,0
213188,G06001312,High,False,False,False,0
486794,G06001700,High,False,False,False,0
444579,G06006717,Medium,False,False,False,0
514309,G06006709,Low,True,True,False,1
26276,G06006705,Low,False,False,False,0
444828,G06006707,Medium,False,False,False,0
514145,G06006706,High,False,False,False,0
202399,G06009501,Low,False,False,False,0
486569,G06006717,Low,False,False,False,0
338412,G06001309,Low,False,False,False,0
268896,G06011301,High,False,False,False,0
268902,G06001308,Medium,True,True,False,0
514190,G06006706,Medium,False,False,False,0
268925,G06007705,Low,False,False,False,0
213202,G06001305,High,False,False,False,0
268930,G06009903,High,False,False,False,0
175583,G06004702,Medium,False,False,False,0
352771,G06001314,Medium,True,True,False,0
514268,G06006707,High,False,False,False,0
74297,G06001312,High,False,False,True,0
444664,G06001311,Medium,False,False,False,0
172812,G06001305,Medium,False,False,False,1
74326,G06006709,Low,False,False,False,0
486614,G06001314,High,False,False,False,0
213150,G06001313,Medium,False,False,False,0
444611,G06009903,Low,False,False,False,0
514208,G06009501,High,False,False,False,0
219906,G06004701,High,False,False,False,0
444382,G06007705,Low,False,False,False,0
301720,G06009903,Medium,False,False,False,0
514582,G06006717,High,False,False,True,1
160933,G06001305,Medium,False,False,False,0
514599,G06000120,Medium,False,False,False,0
243878,G06006712,Medium,True,True,False,0
219961,G06011301,Low,False,False,False,0
153868,G06006712,Medium,False,False,False,1
179328,G06006712,High,False,False,False,1
179317,G06009903,High,True,True,False,0
336239,G06000300,High,False,False,False,0
514691,G06000120,Medium,False,False,False,0
444009,G06009502,Medium,False,False,False,0
444008,G06001314,Low,False,False,False,0
253733,G06007705,Low,False,False,False,0
443960,G06001313,Low,False,False,False,0
338163,G06009502,High,False,False,False,0
269198,G06006709,High,False,False,True,0
202218,G06001313,Low,True,True,False,0
486989,G06007707,Medium,False,False,False,0
175571,G06007707,Low,False,False,False,0
251842,G06001700,High,False,False,True,0
202346,G06006101,Medium,True,True,False,1
514440,G06001311,Low,False,False,False,0
444359,G06007708,Medium,False,False,True,0
26090,G06001313,Low,False,False,False,0
269035,G06001700,Low,False,False,False,0
160868,G06001700,High,False,False,False,1
26082,G06001312,Low,False,False,False,0
444297,G06011301,High,False,False,False,0
269070,G06006717,High,False,False,False,1
160909,G06007708,Low,False,False,False,0
243890,G06000120,High,False,False,False,0
213220,G06006706,High,True,True,False,0
44505,G06009903,High,False,False,False,1
444260,G06011301,Low,False,False,False,0
336230,G06007707,High,True,True,False,0
444236,G06006709,High,False,False,False,0
514503,G06006712,High,False,False,False,1
352909,G06007708,Medium,False,False,False,0
486965,G06009903,Medium,False,False,True,0
40492,G06006717,High,False,False,False,0
245866,G06000300,Medium,False,False,False,0
495039,G06011301,Medium,True,True,False,1
210112,G06000120,Low,False,False,False,0
464202,G06006706,High,False,False,False,0
503746,G06000300,Medium,False,False,False,0
464179,G06006717,Medium,False,False,False,0
334157,G06009503,Medium,False,False,False,1
33447,G06001314,Medium,False,False,False,0
150766,G06001313,Medium,True,True,False,0
261723,G06006707,Low,True,True,False,0
261747,G06001314,Low,False,False,False,0
503812,G06007705,High,False,False,False,1
54089,G06001312,High,False,False,True,0
33419,G06006709,High,False,False,False,0
54080,G06007707,High,False,False,False,0
464028,G06011301,High,False,False,False,0
148727,G06009503,Medium,False,False,False,0
148720,G06001308,Low,False,False,False,0
334158,G06006717,Low,False,False,False,0
464012,G06007705,Medium,False,False,False,0
60723,G06000300,Low,True,True,False,0
304459,G06006717,Medium,False,False,True,0
217522,G06009903,High,False,False,False,0
247810,G06007707,Low,False,False,False,0
304517,G06000300,High,False,False,False,0
60494,G06006709,Low,False,False,False,0
216429,G06004701,Medium,False,False,False,0
464493,G06006712,High,False,False,False,0
247834,G06000300,Low,False,False,False,0
60500,G06006709,Medium,False,False,True,0
207491,G06001312,High,False,False,False,0
464433,G06006717,Medium,False,False,False,0
220904,G06001313,High,False,False,False,0
247817,G06001311,High,False,False,False,0
498988,G06001308,High,False,False,False,0
464399,G06004701,Medium,False,False,False,0
498973,G06001311,Medium,False,False,False,0
464396,G06007708,Medium,False,False,False,0
60531,G06007708,Medium,False,False,False,0
148814,G06001311,Medium,False,False,False,0
158282,G06006712,High,False,False,False,0
345872,G06001305,Low,False,False,True,0
345876,G06009901,Low,False,False,True,1
464280,G06009901,High,False,False,False,0
60652,G06007707,High,False,False,False,0
60677,G06001311,Low,False,False,False,0
54239,G06007705,High,False,False,False,0
503626,G06007706,Medium,False,False,False,0
150791,G06006712,Medium,False,False,False,0
473736,G06009903,Medium,False,False,False,0
207362,G06006712,High,True,True,False,0
342925,G06006712,Medium,False,False,False,0
474023,G06007707,High,False,False,False,0
60964,G06006705,Medium,True,True,False,0
342902,G06001309,High,False,False,False,0
474040,G06006717,High,False,False,False,0
474052,G06001314,Medium,False,False,False,0
33280,G06000300,Low,True,True,False,0
53830,G06009501,Low,False,False,False,0
498828,G06007707,Medium,False,False,False,0
334245,G06007708,Low,False,False,False,0
217641,G06006717,Medium,False,False,False,0
61010,G06009503,High,False,False,False,0
61023,G06007708,Medium,False,False,False,0
463488,G06001309,Medium,False,False,True,0
33266,G06009903,Low,False,False,False,0
463458,G06009903,Medium,False,False,False,1
261961,G06000120,Medium,False,False,False,0
332653,G06006706,High,False,False,False,0
210352,G06006717,Medium,False,False,True,0
463539,G06007707,Low,True,True,False,0
342945,G06001309,High,False,False,False,0
156726,G06001305,Medium,True,True,False,0
261860,G06006707,High,False,False,False,0
304432,G06007705,High,True,True,False,0
473803,G06011301,High,False,False,False,0
309375,G06006706,High,False,False,False,0
498922,G06006707,Medium,False,False,False,0
463869,G06000120,Medium,False,False,False,0
503984,G06000300,Medium,False,False,False,0
148669,G06001313,High,False,False,False,0
308918,G06001312,High,False,False,False,0
332727,G06007707,High,False,False,True,0
463779,G06006706,Low,False,False,False,0
332708,G06007705,Medium,False,False,False,0
207416,G06009501,Medium,False,False,False,0
150795,G06007707,Medium,False,False,False,0
210303,G06001314,Medium,False,False,False,0
60812,G06011301,High,False,False,False,0
464563,G06009903,High,False,False,False,0
261478,G06001308,High,False,False,False,0
54627,G06001311,Medium,False,False,False,0
503192,G06007708,High,True,True,True,0
465276,G06011301,High,False,False,False,1
258894,G06000300,Medium,False,False,False,0
472858,G06000120,Low,False,False,False,0
503197,G06000300,Low,False,False,False,0
60105,G06009503,High,True,True,True,0
60111,G06006706,Low,False,False,True,0
465316,G06009903,Low,False,False,False,1
503213,G06011301,High,False,False,False,0
499121,G06004702,High,False,False,False,0
465183,G06000120,High,True,True,False,0
207675,G06006706,High,False,False,False,0
261515,G06007705,Medium,False,False,False,0
210003,G06007707,Medium,False,False,False,0
156800,G06009502,Medium,False,False,False,0
261522,G06001700,Medium,False,False,False,0
60184,G06006717,Medium,True,True,False,0
261463,G06001312,High,False,False,False,0
345606,G06007705,High,False,False,False,0
465598,G06006709,High,True,True,False,1
59831,G06007705,Low,False,False,False,0
217332,G06007708,Medium,False,False,False,0
465510,G06011301,High,False,False,False,0
472630,G06009501,High,False,False,False,0
499169,G06004702,Low,False,False,False,0
54717,G06006707,Low,False,False,False,0
207741,G06004701,Medium,False,False,False,0
54708,G06007707,Medium,True,True,False,0
472727,G06000300,High,False,False,False,0
503121,G06001314,Low,False,False,True,0
499160,G06007708,Medium,False,False,False,0
465443,G06000120,Low,False,False,False,0
503134,G06006717,High,True,True,True,1
465361,G06006706,High,False,False,False,0
343374,G06006707,Low,False,False,False,1
465359,G06001309,Medium,True,True,False,0
472796,G06001311,High,False,False,False,1
503163,G06000120,High,True,True,False,0
36654,G06001700,High,True,True,False,0
33700,G06006709,Medium,False,False,False,0
503262,G06011301,High,True,True,True,0
217403,G06000300,High,False,False,False,0
33595,G06009503,Medium,False,False,False,0
54400,G06007707,Low,False,False,False,0
473190,G06011301,Medium,False,False,False,0
156797,G06006717,High,False,False,False,0
54392,G06006712,Low,False,False,True,0
503572,G06007706,Medium,False,False,False,0
258727,G06006707,High,True,True,False,1
473232,G06007706,High,False,False,False,1
304555,G06007708,Medium,True,True,False,0
258724,G06006709,Low,False,False,False,0
464637,G06006705,Medium,False,False,False,0
305718,G06009503,High,False,False,True,0
305734,G06006707,Medium,False,False,False,0
261567,G06009901,Medium,True,True,True,0
148815,G06007706,Medium,False,False,False,0
464569,G06004701,Medium,False,False,False,0
464567,G06009903,High,False,False,False,0
54345,G06006707,High,False,False,False,0
217413,G06004701,Low,False,False,True,0
343304,G06006707,Low,False,False,False,0
158250,G06006717,Low,False,False,False,1
499032,G06001305,Low,False,False,False,0
343258,G06001309,Low,False,False,False,0
54519,G06009903,Medium,False,False,False,0
473063,G06009903,Medium,False,False,False,0
54469,G06009901,Low,False,False,False,0
499054,G06009503,High,True,True,False,1
332861,G06006707,High,False,False,False,0
261541,G06006717,High,True,True,False,0
473076,G06007707,Medium,False,False,True,0
36628,G06001309,Low,False,False,False,0
499015,G06001309,Low,False,False,False,0
473080,G06006712,Low,True,True,True,0
216454,G06007706,Medium,False,False,False,0
258779,G06001305,Medium,False,False,False,0
464846,G06011301,Medium,False,False,False,0
210056,G06001700,High,False,False,False,0
345700,G06001305,Low,False,False,True,0
249457,G06004701,Medium,False,False,False,0
207540,G06001309,High,True,True,False,1
464781,G06001308,Low,True,True,False,0
207514,G06006709,Medium,False,False,False,0
464770,G06001313,Low,False,False,False,0
60307,G06001313,High,False,False,True,0
61070,G06006707,Medium,False,False,False,0
217651,G06001312,Medium,False,False,False,0
61865,G06011301,Medium,False,False,False,0
474836,G06009503,Low,True,True,False,0
32665,G06000120,Medium,False,False,False,0
32656,G06001312,Medium,False,False,False,0
505026,G06009502,Low,False,False,False,0
176641,G06009502,High,False,False,False,1
257945,G06001309,Medium,False,False,False,0
61947,G06006707,Medium,False,False,False,0
173849,G06009903,High,False,False,False,0
332359,G06007705,Medium,False,False,False,0
342520,G06001305,High,False,False,False,0
346687,G06009903,Medium,False,False,False,0
151230,G06001309,Medium,False,False,False,0
148211,G06001313,Low,False,False,False,0
346700,G06006707,Low,False,False,False,0
148195,G06000120,Medium,False,False,False,0
62018,G06009501,Medium,False,False,False,0
206796,G06001314,Medium,False,False,False,0
151257,G06009503,Low,False,False,False,0
474927,G06000120,Low,False,False,False,0
52927,G06000120,Low,False,False,False,0
304085,G06001308,Low,False,False,True,0
304095,G06001305,Medium,False,False,False,0
53125,G06009901,High,False,False,False,0
61730,G06007708,High,True,True,False,0
61746,G06001700,Medium,True,True,False,0
148283,G06001309,Low,True,True,False,0
474695,G06000300,Medium,False,False,False,0
498427,G06001700,High,False,False,False,0
176678,G06009502,Low,True,True,False,0
176675,G06001314,High,False,False,False,0
217812,G06001312,Medium,False,False,False,0
474805,G06007705,Medium,False,False,False,0
156586,G06007706,High,False,False,False,0
262413,G06001313,Low,False,False,False,0
346593,G06004701,Medium,False,False,False,0
257975,G06001309,Medium,False,False,False,0
151110,G06009901,High,False,False,False,0
498356,G06006717,Medium,False,False,False,0
257973,G06000120,Medium,False,False,False,0
216267,G06000300,High,False,False,False,0
346617,G06001311,Low,False,False,False,0
206858,G06006706,Medium,False,False,False,0
334359,G06009903,Low,False,False,True,0
332378,G06007705,Low,False,False,False,1
61705,G06007706,Medium,False,False,False,0
151258,G06006717,Low,False,False,False,0
206773,G06006709,High,False,False,False,0
342416,G06006717,Medium,False,False,False,0
148027,G06007708,Low,True,True,False,0
177727,G06001313,Medium,False,False,False,0
37007,G06001305,High,False,False,True,0
461439,G06000300,High,False,False,False,0
62483,G06011301,Low,False,False,False,0
210534,G06001313,Medium,False,False,False,0
173798,G06007705,Medium,True,True,False,0
158776,G06007706,High,False,False,False,1
206685,G06001314,High,True,True,False,1
475126,G06006717,Low,False,False,False,0
262685,G06011301,Medium,False,False,False,1
505529,G06009502,Medium,False,False,False,1
505531,G06006705,Medium,True,True,False,0
309596,G06001312,Medium,True,True,False,0
177760,G06001309,Low,False,False,False,0
505554,G06007705,High,False,False,False,0
176574,G06004701,Medium,False,False,False,0
151378,G06006709,High,False,False,False,0
475180,G06006705,High,False,False,False,0
210568,G06009901,High,False,False,False,0
62506,G06007705,High,False,False,False,0
148157,G06007707,Low,True,True,False,0
257906,G06009901,Medium,False,False,False,0
475038,G06007705,Low,False,False,False,0
505149,G06009903,High,False,False,False,0
332328,G06000300,Medium,True,True,False,0
62206,G06009501,Low,False,False,False,0
505254,G06011301,Medium,False,False,False,0
62219,G06009901,High,False,False,False,0
257914,G06001309,High,True,True,False,0
148133,G06009903,High,False,False,False,0
247132,G06007708,Medium,False,False,False,0
346768,G06006717,Low,False,False,True,0
461658,G06001312,High,False,False,False,0
206748,G06001700,Medium,False,False,False,0
475009,G06007705,Medium,True,True,False,0
332289,G06007705,Medium,False,False,False,0
346806,G06006712,Medium,False,False,False,0
151294,G06004702,High,False,False,False,1
62310,G06004702,Low,False,False,False,0
217857,G06001308,High,False,False,False,0
62351,G06000120,Low,False,False,False,0
505331,G06000300,High,False,False,False,0
332280,G06007706,High,False,False,False,0
475020,G06006705,Low,True,True,False,0
32581,G06006707,Low,True,True,False,0
505279,G06007707,Low,False,False,False,0
150818,G06009903,Medium,False,False,False,0
462267,G06006717,Low,False,False,False,0
210441,G06001311,Medium,False,False,False,0
463030,G06001313,Low,False,False,True,0
61232,G06006707,High,False,False,False,0
462983,G06007706,Medium,False,False,False,0
462963,G06009903,High,False,False,False,0
462946,G06006709,Medium,False,False,False,0
53513,G06004701,High,True,True,False,0
462929,G06011301,High,False,False,False,0
247471,G06000120,Medium,False,False,False,0
342834,G06000120,High,False,False,False,0
150867,G06011301,High,True,True,False,1
342808,G06009901,High,False,False,False,0
53484,G06001312,High,False,False,True,0
498687,G06001308,Medium,False,False,False,0
462823,G06009502,Medium,True,True,False,0
504437,G06001700,High,True,True,True,0
474351,G06001314,Medium,True,True,False,0
474369,G06006712,High,True,True,True,0
262169,G06001700,Medium,True,True,False,0
334297,G06001314,Medium,False,False,False,0
148447,G06009901,Low,True,True,False,0
498746,G06000120,Low,False,False,False,0
247492,G06009503,High,True,True,False,0
61075,G06011301,Low,False,False,False,0
53700,G06001313,Low,False,False,False,0
258352,G06006717,High,True,True,False,0
33221,G06001313,Medium,False,False,False,0
33200,G06009903,Low,False,False,False,0
249659,G06007707,Low,False,False,False,0
217659,G06007705,Low,False,False,False,0
463219,G06007706,High,False,False,True,0
463193,G06007707,Medium,False,False,True,0
262038,G06000300,Medium,True,True,False,0
148488,G06004701,Medium,False,False,True,1
504348,G06006707,High,False,False,True,0
33132,G06001312,Low,False,False,False,0
207234,G06009503,High,False,False,False,0
346309,G06000300,Medium,True,True,False,0
342857,G06007705,High,False,False,True,0
177617,G06009501,Medium,True,True,False,0
151076,G06001311,Medium,False,False,True,0
158472,G06009503,Medium,True,True,False,0
346414,G06001312,Low,False,False,False,0
346496,G06009901,Low,False,False,False,0
32943,G06009903,High,False,False,False,0
262299,G06007707,Medium,False,False,False,0
504676,G06006707,Medium,False,False,False,0
176684,G06006706,High,False,False,False,0
148430,G06000120,Medium,False,False,False,0
206976,G06007707,Medium,False,False,False,0
498521,G06006712,Medium,False,False,False,0
247312,G06006707,Medium,False,False,False,0
462405,G06009901,High,False,False,True,0
462400,G06006707,Low,False,False,False,0
53174,G06007708,High,False,False,False,0
32838,G06001311,High,False,False,False,0
462390,G06000300,Medium,False,False,True,0
462349,G06007705,High,False,False,False,0
346582,G06001312,Low,False,False,True,0
32784,G06006717,Low,False,False,True,0
158588,G06006712,High,True,True,False,0
462317,G06000120,Low,False,False,False,1
158638,G06006707,High,False,False,False,1
61577,G06001308,Medium,True,True,True,0
504444,G06001700,High,False,False,False,0
61465,G06009502,High,False,False,True,0
258121,G06000120,Medium,False,False,False,0
61363,G06001309,Low,True,True,False,0
249684,G06011301,High,True,True,False,0
33065,G06009503,High,False,False,False,0
346418,G06007705,Medium,False,False,False,0
258264,G06006707,Medium,False,False,False,0
207160,G06000120,Low,True,True,False,0
462707,G06001313,Medium,False,False,False,0
258220,G06009901,High,False,False,False,0
346445,G06007705,Medium,True,True,False,0
474535,G06009502,Low,False,False,False,0
305844,G06001305,Low,False,False,False,0
462680,G06009501,Low,False,False,False,1
462671,G06000120,Low,False,False,False,0
53372,G06001309,High,False,False,False,0
247377,G06000120,Low,False,False,False,0
258140,G06011301,Low,False,False,True,0
207105,G06006717,Low,False,False,False,0
156605,G06000300,Low,False,False,False,0
158552,G06006705,Medium,False,False,False,0
36846,G06006705,High,False,False,False,0
504609,G06009901,Medium,True,True,False,0
346982,G06011301,Medium,False,False,False,0
499187,G06007707,Medium,True,True,False,0
468590,G06006705,Low,True,True,False,1
333562,G06009503,Low,True,True,True,0
216635,G06001700,High,False,False,False,0
470735,G06004702,Low,False,False,False,0
500232,G06001314,Medium,False,False,False,0
174180,G06007707,High,False,False,False,0
57549,G06007705,High,False,False,False,0
501433,G06007706,Low,False,False,False,0
260402,G06009901,Low,False,False,False,0
470764,G06000120,Low,False,False,False,0
57571,G06009903,Low,False,False,False,0
470784,G06006707,Low,False,False,False,0
34769,G06007706,High,False,False,False,0
344129,G06004701,Medium,True,True,False,0
55971,G06009502,Low,False,False,False,0
344841,G06007705,Medium,False,False,False,0
501547,G06007707,Medium,False,False,False,0
468395,G06006709,Medium,False,False,False,0
157370,G06007705,High,False,False,False,0
501589,G06001313,High,False,False,False,0
248550,G06001311,Medium,True,True,False,0
468331,G06001700,Low,False,False,False,0
259650,G06009903,High,False,False,False,0
500376,G06011301,Medium,False,False,True,0
470511,G06009503,Low,False,False,False,0
333887,G06009901,Medium,False,False,False,0
468710,G06000120,Medium,False,False,False,0
468702,G06000300,High,False,False,False,0
468683,G06000120,Low,True,True,False,0
56169,G06001308,Medium,False,False,False,0
259713,G06007708,Medium,False,False,False,0
208865,G06009901,Medium,True,True,False,0
470691,G06006712,Low,False,False,True,0
248636,G06006707,Low,False,False,False,0
174217,G06009503,High,False,False,False,0
501338,G06000120,Low,True,True,False,0
35697,G06007706,Medium,False,False,False,0
468619,G06001311,Low,False,False,False,0
34824,G06011301,High,False,False,False,0
216929,G06009501,Medium,False,False,False,0
209349,G06009503,Medium,False,False,False,0
500324,G06001312,Low,False,False,False,0
333509,G06006717,Medium,False,False,False,0
34729,G06006709,Medium,False,False,False,0
149418,G06011301,High,True,True,False,0
467948,G06001312,Medium,True,True,False,0
501842,G06009502,Medium,False,False,False,0
467940,G06006706,Low,False,False,False,0
177136,G06006709,Low,True,True,False,0
260579,G06007708,Medium,False,False,False,0
35797,G06007708,Medium,False,False,False,0
55890,G06000300,High,False,False,False,0
333369,G06001309,Medium,True,True,False,0
57972,G06006705,High,False,False,False,1
34619,G06007707,High,False,False,True,1
304807,G06001700,Medium,False,False,False,0
149332,G06006707,High,False,False,False,0
467724,G06004702,Medium,True,True,False,0
467698,G06011301,High,True,True,False,0
208558,G06006707,Low,False,False,False,1
248372,G06009903,Low,False,False,False,0
259492,G06004701,Medium,False,False,False,0
333957,G06007706,Low,False,False,True,0
55934,G06006717,Medium,False,False,True,0
501804,G06006717,High,False,False,False,0
344989,G06006707,High,False,False,False,0
55901,G06011301,Medium,False,False,False,0
208790,G06009502,Medium,True,True,False,1
34728,G06006705,High,False,False,True,0
501672,G06001311,High,False,False,False,0
500170,G06007708,Low,False,False,False,0
344891,G06009502,Medium,False,False,False,0
470946,G06006707,Low,True,True,False,0
260479,G06007706,Low,True,True,True,0
344017,G06007707,Low,False,False,True,0
208740,G06001700,High,False,False,False,1
57771,G06006707,High,False,False,False,0
333398,G06007707,High,True,True,False,0
55896,G06004701,Low,False,False,True,0
468121,G06011301,Medium,False,False,True,0
209491,G06009901,Medium,False,False,False,0
468112,G06001313,Medium,True,True,True,0
57813,G06000300,Low,True,True,False,0
248393,G06007708,Low,False,False,False,0
344982,G06006709,High,False,False,False,0
260599,G06009903,High,False,False,False,0
56175,G06001313,Low,False,False,False,0
500594,G06006712,Medium,False,False,False,1
305060,G06006709,High,True,True,False,0
469580,G06006712,Medium,False,False,False,0
500592,G06009903,High,False,False,False,0
260069,G06011301,Medium,False,False,False,0
344483,G06009901,High,False,False,False,0
470046,G06001312,Medium,False,False,False,0
248794,G06006712,Low,True,True,False,0
469556,G06006712,Low,False,False,False,0
305040,G06000120,Low,False,False,False,0
209099,G06001311,Low,False,False,False,0
177005,G06007707,Medium,True,True,False,0
56896,G06006717,Medium,False,False,False,0
500938,G06001312,Low,False,False,False,1
344315,G06004702,Medium,False,False,True,0
35516,G06001308,Low,False,False,True,0
469481,G06009501,High,True,True,True,0
469451,G06009502,Medium,False,False,False,0
305111,G06007706,Medium,False,False,False,0
469429,G06009903,High,False,False,False,0
259799,G06000120,Low,False,False,False,0
177029,G06006717,High,False,False,True,0
469409,G06000120,Low,True,True,True,0
209188,G06001700,Low,False,False,True,0
259938,G06006705,Medium,False,False,False,0
248811,G06009903,High,False,False,False,0
56647,G06004702,Low,False,False,False,0
216775,G06007708,Low,True,True,False,0
259908,G06007705,High,False,False,False,0
259877,G06006712,Medium,True,True,False,0
209124,G06007705,High,False,False,False,0
35350,G06007705,Medium,False,False,False,0
469622,G06007706,High,False,False,False,1
260011,G06011301,Low,False,False,False,0
333735,G06007708,High,False,False,False,0
469939,G06001311,Low,False,False,False,0
216760,G06006705,Medium,False,False,False,0
56541,G06007707,Medium,False,False,True,0
500622,G06001312,Low,False,False,False,0
56497,G06006706,High,False,False,False,0
149875,G06004702,High,False,False,False,0
149922,G06009502,Medium,False,False,False,0
35665,G06009503,Medium,True,True,False,0
469406,G06001314,High,True,True,False,0
248913,G06006705,Medium,False,False,False,1
57195,G06009901,Low,False,False,False,0
344665,G06007706,Low,False,False,False,0
149761,G06007705,Medium,True,True,True,0
34988,G06001313,High,False,False,False,0
470287,G06009903,Low,False,False,False,0
468936,G06007706,Medium,False,False,False,0
34971,G06011301,High,False,False,False,0
35652,G06006717,Low,False,False,True,0
260241,G06001311,Medium,False,False,True,0
344733,G06007707,High,False,False,True,0
344173,G06007707,Medium,False,False,False,0
470386,G06006705,Medium,False,False,False,0
470390,G06001305,High,False,False,True,0
501282,G06001308,Low,False,False,False,0
56195,G06001311,Medium,False,False,False,0
305187,G06000300,High,False,False,False,1
34949,G06006706,High,False,False,False,0
149645,G06001312,High,False,False,False,0
34921,G06001700,Medium,False,False,False,0
469023,G06009503,High,False,False,False,0
501218,G06007707,High,False,False,False,0
149942,G06001309,Medium,False,False,False,0
56944,G06009503,Medium,False,False,False,0
157183,G06004702,High,False,False,False,0
470145,G06001311,High,False,False,False,0
344556,G06007708,Low,False,False,False,0
501007,G06009903,High,True,True,False,0
56963,G06001308,Medium,False,False,False,1
216753,G06009503,High,False,False,False,0
469241,G06001311,Low,False,False,False,0
309042,G06006707,Medium,False,False,False,0
260153,G06007705,Low,False,False,False,0
149796,G06001314,Medium,False,False,False,0
35129,G06000120,Medium,False,False,True,0
157239,G06009903,Medium,True,True,False,0
56268,G06001308,Low,False,False,False,1
344571,G06006717,High,False,False,False,0
501116,G06006717,Low,False,False,False,0
57101,G06007707,Low,False,False,False,0
469153,G06001313,Medium,False,False,False,0
470238,G06000300,Medium,False,False,False,0
35066,G06009503,Medium,True,True,False,0
470253,G06006709,High,False,False,False,1
208979,G06007708,Medium,False,False,False,1
501918,G06007705,Medium,False,False,False,0
466296,G06006706,Medium,True,True,False,0
209875,G06009903,Low,False,False,False,0
261165,G06004702,Medium,False,False,False,0
343573,G06006709,Medium,True,True,False,0
345378,G06001305,Medium,True,True,False,0
472102,G06001700,High,False,False,False,0
334056,G06009903,High,False,False,True,0
466208,G06006707,Low,False,False,False,0
59140,G06007708,High,False,False,False,0
333048,G06009903,Medium,True,True,True,0
466172,G06001700,Medium,False,False,True,0
59146,G06011301,Medium,True,True,False,0
502617,G06001312,Medium,False,False,True,0
249286,G06001312,Low,False,False,False,0
334062,G06006709,Low,True,True,True,0
248157,G06004702,High,False,False,False,0
34087,G06001314,High,False,False,True,0
157763,G06001312,Medium,False,False,False,0
259154,G06011301,Low,False,False,False,0
248224,G06001314,Medium,False,False,False,0
466523,G06009502,Low,False,False,False,0
34315,G06011301,Medium,False,False,True,0
150390,G06007705,Medium,False,False,False,0
466476,G06001312,Medium,True,True,True,0
217211,G06001305,High,True,True,True,0
466439,G06004701,High,False,False,False,0
36316,G06000300,High,True,True,False,0
55115,G06009503,Medium,False,False,False,0
499479,G06011301,Low,False,False,False,0
216497,G06009502,Medium,True,True,False,0
466353,G06004701,Low,True,True,False,0
466337,G06006709,Medium,False,False,False,0
304703,G06009903,High,False,False,True,0
208076,G06001313,Low,False,False,False,0
55063,G06009901,High,False,False,False,0
259099,G06000300,Medium,True,True,False,0
55129,G06009903,High,False,False,False,0
259006,G06001305,Low,True,True,False,0
502753,G06001314,High,False,False,False,0
472443,G06001313,High,False,False,False,0
345510,G06006707,Medium,False,False,False,0
465798,G06001309,High,False,False,False,0
261371,G06004702,Medium,False,False,False,0
59531,G06001314,Medium,False,False,False,0
472470,G06006705,Low,False,False,False,0
59655,G06011301,Low,False,False,False,1
54743,G06006707,Low,False,False,False,1
465729,G06006707,High,False,False,False,0
148883,G06000120,Medium,True,True,False,0
249344,G06007707,Medium,True,True,True,0
59728,G06006705,Low,True,True,False,0
36520,G06006712,Low,False,False,False,0
465710,G06006717,Low,False,False,False,0
36542,G06000300,Medium,False,False,False,0
59764,G06009501,High,False,False,False,1
472557,G06000120,High,True,True,True,0
304617,G06006706,Low,False,False,False,0
148881,G06009502,Low,False,False,False,0
33825,G06006717,Medium,False,False,False,0
503068,G06007707,Medium,False,False,False,0
150540,G06011301,Low,False,False,False,0
499219,G06007705,Medium,True,True,False,0
345395,G06006709,High,False,False,False,0
54776,G06006717,High,False,False,False,0
261352,G06007705,Medium,False,False,False,0
59239,G06000120,Low,False,False,False,0
466040,G06007705,High,True,True,False,0
466036,G06001700,High,False,False,False,0
207939,G06007707,Medium,False,False,False,1
54874,G06007708,High,True,True,False,0
472250,G06007706,High,False,False,False,0
499283,G06006706,High,False,False,False,0
54869,G06007705,High,False,False,False,0
148925,G06000120,Low,False,False,False,0
148911,G06004702,High,False,False,False,0
261257,G06009901,Low,False,False,False,0
59326,G06007705,Medium,False,False,True,0
59342,G06009502,Medium,True,True,False,0
465939,G06006717,High,False,False,False,0
54803,G06000300,High,True,True,False,0
502917,G06009501,Low,False,False,False,0
59443,G06006717,High,False,False,False,0
472374,G06009903,Medium,False,False,False,0
502960,G06004701,Medium,False,False,False,0
345498,G06000300,High,False,False,False,1
465888,G06001309,High,False,False,False,0
472379,G06000300,Medium,False,False,False,0
217301,G06000300,High,False,False,False,0
208550,G06004702,Low,False,False,False,1
304723,G06009501,Low,False,False,False,0
471838,G06007708,High,False,False,False,0
149308,G06001311,High,False,False,False,0
260692,G06006706,Low,False,False,False,0
260698,G06006705,Medium,False,False,False,0
208450,G06007706,High,False,False,False,0
34601,G06000300,Low,False,False,False,0
34591,G06006709,Low,True,True,False,0
309238,G06007707,Low,False,False,False,0
58247,G06007708,Medium,False,False,False,1
34545,G06001305,High,False,False,False,0
58376,G06001313,High,False,False,False,0
499797,G06009903,Medium,False,False,True,0
259361,G06007708,Medium,False,False,False,0
305326,G06000300,Medium,True,True,False,0
58414,G06001314,Low,False,False,False,0
157546,G06007707,High,False,False,False,0
333972,G06001313,Low,False,False,False,0
176900,G06001311,Medium,False,False,False,1
259390,G06000300,Low,False,False,False,0
260607,G06007707,High,True,True,False,0
35833,G06001311,High,False,False,True,0
55760,G06007707,Medium,False,False,False,0
35836,G06009503,Low,False,False,True,0
345072,G06009503,Low,False,False,False,0
216551,G06001700,High,True,True,False,0
333325,G06009903,Low,False,False,False,0
208523,G06006705,Low,True,True,False,0
345082,G06004701,Medium,False,False,True,0
58234,G06001308,Low,False,False,False,1
55726,G06000300,Low,False,False,False,0
471171,G06009501,Medium,False,False,True,0
176938,G06006717,Low,False,False,False,0
55683,G06009901,Low,True,True,False,0
35996,G06001305,Medium,False,False,False,0
259405,G06011301,High,True,True,False,0
150198,G06001314,Medium,False,False,False,0
36005,G06011301,Medium,False,False,False,0
58206,G06007706,Medium,False,False,False,0
499973,G06007705,High,True,True,False,0
149045,G06000300,Low,False,False,False,0
502080,G06001700,Medium,False,False,False,0
58432,G06001309,Medium,False,False,False,0
471657,G06001313,Low,False,False,False,0
157601,G06001700,Medium,False,False,False,0
343729,G06001314,High,False,False,False,0
157648,G06006712,High,False,False,False,0
209788,G06001313,Low,False,False,False,0
471715,G06009502,Medium,False,False,False,0
466722,G06006705,Low,True,True,False,0
55392,G06001313,High,False,False,False,0
502292,G06009502,Medium,False,False,True,0
333180,G06006707,High,False,False,False,0
502315,G06001700,Medium,False,False,False,0
499667,G06007707,Medium,False,False,True,0
58859,G06000300,High,True,True,False,0
259173,G06001311,Medium,False,False,False,0
466650,G06006709,Medium,False,False,False,0
174048,G06006706,High,False,False,False,0
333132,G06006717,High,False,False,False,0
502353,G06006717,High,False,False,False,0
208184,G06006709,Medium,False,False,False,0
157661,G06001312,Medium,False,False,False,1
502101,G06009501,Medium,False,False,False,0
58661,G06001311,Low,False,False,False,0
466872,G06006717,High,False,False,False,0
502107,G06001314,High,False,False,True,1
260830,G06006717,High,False,False,False,1
208320,G06009501,High,True,True,False,0
467058,G06004702,High,False,False,False,0
502114,G06000120,High,False,False,False,0
467003,G06006717,High,True,True,False,0
208309,G06006712,High,False,False,False,0
304773,G06001308,Low,True,True,False,0
34499,G06009502,Medium,False,False,False,0
55516,G06000120,Low,False,False,False,0
259253,G06000120,High,False,False,False,0
502136,G06007708,Low,True,True,True,0
471592,G06009502,High,False,False,False,0
260932,G06001314,Medium,True,True,False,0
343788,G06006709,High,False,False,False,0
343771,G06004701,High,False,False,False,0
466882,G06001305,Medium,False,False,False,1
36107,G06006709,Medium,False,False,False,0
333218,G06001309,Medium,False,False,False,0
173797,G06011301,Medium,True,True,False,0
262762,G06007707,High,False,False,False,0
508578,G06009901,Low,False,False,False,0
331198,G06011301,Low,False,False,True,0
508605,G06000120,Medium,True,True,False,0
256424,G06007705,Medium,False,False,False,0
176179,G06001309,Medium,False,False,False,1
455981,G06001309,Low,False,False,True,0
331182,G06009901,Medium,False,False,False,0
246055,G06009503,Low,False,False,False,0
455967,G06001312,High,False,False,False,1
66744,G06006706,High,False,False,False,0
349101,G06007707,Low,False,False,False,0
349112,G06000120,Low,False,False,False,0
49867,G06009903,Low,False,False,False,0
38450,G06000300,Medium,False,False,False,0
246046,G06007705,Low,False,False,False,0
49866,G06000300,High,False,False,False,0
508716,G06011301,Medium,False,False,True,0
152305,G06009503,Low,False,False,True,0
38468,G06001313,Medium,False,False,False,0
159522,G06009901,Medium,False,False,False,0
349208,G06004702,High,False,False,False,1
496245,G06007708,High,False,False,False,0
479245,G06001312,Medium,False,False,False,0
66489,G06004702,High,False,False,False,0
50043,G06009502,Medium,False,False,True,0
218685,G06001700,High,False,False,False,0
66512,G06004702,Medium,True,True,True,0
205152,G06001314,Medium,False,False,False,0
38351,G06009502,Medium,False,False,False,0
50018,G06001308,Medium,False,False,False,0
508482,G06001308,Medium,False,False,True,0
349064,G06011301,High,True,True,True,0
340891,G06006709,Medium,False,False,False,0
456189,G06001313,High,False,False,False,0
146141,G06011301,Low,False,False,False,1
66686,G06001700,High,False,False,False,0
331215,G06004701,High,True,True,True,0
264617,G06007705,Medium,False,False,False,0
479230,G06001305,Low,False,False,False,0
456130,G06006712,High,False,False,False,0
456109,G06006707,Low,False,False,False,0
66713,G06006707,High,True,True,False,0
159490,G06001312,Low,False,False,False,0
264624,G06001313,High,False,False,False,0
340888,G06001700,High,True,True,False,0
30477,G06001314,Medium,True,True,True,0
250324,G06009903,High,False,False,False,0
152255,G06001312,High,False,False,False,0
455855,G06000120,Medium,False,False,False,0
264704,G06007705,Low,False,False,False,1
67097,G06001311,Medium,False,False,True,0
256261,G06007705,High,False,False,False,0
455583,G06009901,High,False,False,False,0
30352,G06001312,Medium,True,True,False,0
49698,G06001305,Low,False,False,False,0
455515,G06006707,Low,False,False,False,0
159642,G06011301,Medium,False,False,False,0
67170,G06001311,Medium,False,False,False,1
335064,G06009503,High,True,True,False,0
496017,G06007708,High,False,False,False,0
455461,G06006707,High,False,False,False,0
250379,G06006709,High,False,False,False,0
205013,G06004702,Low,True,True,False,1
479813,G06004702,Low,False,False,False,0
38534,G06006707,High,True,True,False,0
250397,G06004701,Low,False,False,False,0
250401,G06009503,High,False,False,True,0
67178,G06001308,Low,False,False,False,0
455609,G06000120,High,False,False,True,0
264778,G06001312,Medium,False,False,False,0
496126,G06001313,Medium,False,False,False,0
310109,G06001313,High,False,False,False,0
479517,G06001308,Medium,True,True,False,0
38505,G06007707,High,False,False,False,0
66887,G06009503,Low,False,False,False,0
455817,G06001311,Medium,False,False,False,0
173325,G06001314,High,True,True,False,0
264723,G06001305,Medium,False,False,True,0
218737,G06001700,High,False,False,False,0
66943,G06007708,Medium,False,False,False,0
205019,G06001700,Low,False,False,False,0
264753,G06006709,High,False,False,False,1
30384,G06011301,Low,False,False,False,0
49784,G06001700,High,False,False,False,0
479593,G06011301,Medium,False,False,False,0
264774,G06006705,Medium,False,False,False,0
455628,G06001308,Medium,False,False,True,0
496042,G06000120,High,False,False,True,0
146078,G06009502,High,False,False,False,1
508982,G06007707,High,False,False,False,0
479060,G06006712,High,False,False,False,0
264291,G06006709,Medium,False,False,False,0
331337,G06009502,Low,False,False,False,0
178060,G06000300,Medium,False,False,False,0
496664,G06000300,Medium,False,False,False,0
331312,G06009502,High,False,False,False,0
341064,G06006707,Low,True,True,False,0
65935,G06006709,High,False,False,False,0
65962,G06007705,Medium,False,False,False,0
65853,G06001313,Low,True,True,False,0
508073,G06000120,Low,True,True,False,0
205346,G06007706,Low,False,False,False,1
456822,G06006706,High,False,False,True,0
50438,G06007706,Medium,False,False,True,0
478570,G06001309,Low,False,False,True,0
310053,G06006707,High,False,False,False,0
205336,G06009502,Low,True,True,False,0
478582,G06009502,Low,False,False,False,0
508111,G06000300,Low,False,False,False,0
38203,G06000300,Low,False,False,False,0
341052,G06007706,High,False,False,False,0
306549,G06011301,Low,False,False,True,0
456833,G06007707,Low,False,False,True,0
508198,G06007708,Low,False,False,False,0
50479,G06001312,Medium,False,False,True,0
507962,G06006705,Low,False,False,False,1
65657,G06001308,Low,True,True,False,0
65664,G06006709,Low,False,False,False,0
334894,G06009503,High,False,False,False,0
331371,G06001311,Medium,False,False,True,0
348619,G06007705,Low,False,False,False,0
478326,G06000120,High,False,False,False,0
457078,G06006705,Medium,False,False,False,0
496724,G06001312,Medium,False,False,False,0
308615,G06011301,Low,False,False,True,0
507965,G06009903,Medium,False,False,False,0
155903,G06000300,Low,False,False,False,1
146355,G06006705,Medium,False,False,False,0
507911,G06011301,High,False,False,False,1
496678,G06011301,High,False,False,False,0
456998,G06006709,Low,False,False,False,0
348697,G06006712,Low,False,False,False,0
65706,G06004701,High,False,False,False,0
340919,G06011301,Low,False,False,False,0
496623,G06006706,Low,False,False,False,0
215712,G06001312,Medium,False,False,False,0
66323,G06001311,Medium,False,False,False,0
152216,G06006717,Medium,False,False,False,0
264486,G06006707,Low,False,False,False,0
66338,G06000300,Low,False,False,False,0
348904,G06001314,High,False,False,False,0
508387,G06009502,Medium,False,False,False,0
508407,G06000120,High,False,False,False,0
334942,G06004702,High,False,False,False,0
256639,G06000300,Low,False,False,False,0
155855,G06011301,Low,False,False,False,0
303204,G06007706,High,True,True,False,0
218617,G06001311,High,False,False,True,0
456294,G06000300,Medium,True,True,False,0
250302,G06000120,High,False,False,False,0
50117,G06007707,Medium,False,False,True,0
50106,G06007705,Low,False,False,False,0
456288,G06000120,Medium,False,False,False,0
303198,G06009503,Medium,False,False,False,0
246094,G06007705,Low,False,False,False,1
246099,G06007705,Low,False,False,False,0
38281,G06000120,Low,False,False,False,0
478802,G06007705,Medium,False,False,True,0
478637,G06001700,Medium,False,False,False,0
256710,G06000120,Medium,True,True,False,0
508234,G06000300,Medium,False,False,False,1
264419,G06006712,Medium,True,True,True,0
478687,G06001313,High,False,False,False,0
264439,G06004702,Low,False,False,False,0
478808,G06007707,High,True,True,False,0
215779,G06006717,Low,False,False,False,0
176188,G06006717,Low,True,True,False,0
478712,G06007707,High,False,False,False,0
508340,G06001309,Medium,False,False,False,0
478716,G06001308,High,False,False,False,0
334930,G06009501,High,False,False,False,0
456560,G06001305,Medium,True,True,False,0
66220,G06001700,Medium,True,True,True,0
38238,G06006717,High,False,False,False,0
508348,G06006712,Medium,False,False,False,0
38244,G06001311,Low,False,False,False,0
303251,G06011301,High,False,False,False,0
246249,G06006706,Medium,False,False,False,1
256168,G06007705,Medium,True,True,False,0
264828,G06011301,Low,False,False,False,0
255680,G06007705,High,False,False,True,0
453911,G06006712,High,False,False,False,0
68276,G06007708,Medium,False,False,False,0
68311,G06001312,Medium,True,True,False,0
29714,G06006709,High,False,False,False,0
302977,G06007705,Low,False,False,False,0
335297,G06001313,High,False,False,False,0
495335,G06007705,Medium,False,False,False,0
453926,G06009901,Medium,False,False,False,0
509658,G06001314,High,False,False,True,1
495311,G06001313,Medium,True,True,False,0
219071,G06009502,High,False,False,False,0
265451,G06004702,Medium,True,True,False,0
49031,G06007705,Low,True,True,True,0
145610,G06009502,Low,False,False,False,0
302953,G06007706,High,False,False,False,0
330713,G06006706,Medium,False,False,False,0
453683,G06007705,Medium,False,False,False,0
145589,G06001313,High,True,True,False,0
250543,G06006707,Medium,False,False,False,0
495332,G06007707,High,False,False,False,0
68476,G06009901,Medium,True,True,False,0
211957,G06009903,High,False,False,False,0
155690,G06007706,High,False,False,False,0
29819,G06006707,Medium,False,False,False,0
454132,G06006709,Medium,False,False,False,0
454108,G06006707,High,False,False,False,0
480554,G06001312,Low,False,False,True,0
495457,G06000300,Low,False,False,False,0
480564,G06007708,Low,False,False,False,0
495413,G06009903,Medium,False,False,False,0
265281,G06000120,High,False,False,False,0
255689,G06007708,Medium,True,True,False,0
349667,G06000300,High,False,False,False,0
152435,G06009901,Medium,True,True,False,0
68192,G06001311,Medium,True,True,False,0
29808,G06009503,Low,False,False,False,0
480656,G06011301,Medium,False,False,False,0
29739,G06006706,Medium,True,True,True,0
176158,G06006705,Low,False,False,False,0
349721,G06006717,Low,False,False,False,0
211936,G06007705,High,True,True,False,1
255760,G06006707,High,False,False,False,0
509552,G06009502,High,False,False,False,0
204700,G06001312,Medium,False,False,False,0
480920,G06004701,Medium,True,True,False,0
204525,G06009901,High,False,False,False,0
245515,G06009501,Medium,True,True,False,0
255654,G06007706,Medium,False,False,False,0
453359,G06001314,Low,False,False,False,0
265682,G06006717,High,False,False,False,0
29518,G06001311,High,False,False,False,0
48854,G06001311,Medium,True,True,True,0
219119,G06009501,Low,False,False,False,0
68746,G06011301,High,True,True,False,1
178301,G06001311,High,False,False,False,0
48838,G06000300,Low,True,True,False,0
509918,G06009903,Medium,False,False,False,0
453226,G06009501,Medium,False,False,False,0
152560,G06001308,Medium,False,False,False,0
453206,G06000300,Low,True,True,False,0
211976,G06001700,Low,False,False,False,0
453182,G06009503,High,False,False,False,0
38954,G06000120,High,False,False,False,0
68790,G06009502,Medium,False,False,False,0
480934,G06006712,High,False,False,False,1
176124,G06007705,Medium,False,False,False,0
265618,G06001700,Low,True,True,False,0
480982,G06001700,High,False,False,True,1
211960,G06007708,High,True,True,True,0
340437,G06009903,High,False,False,False,0
453595,G06001700,High,False,False,False,0
145511,G06007705,Medium,False,False,False,0
152529,G06009901,High,False,False,False,0
495219,G06001311,High,False,False,True,0
509745,G06006717,High,False,False,False,0
265624,G06007705,Low,False,False,False,0
29547,G06006705,High,False,False,False,0
495196,G06001313,Low,False,False,False,0
453538,G06000120,High,True,True,True,0
48904,G06009502,Medium,True,True,False,0
453533,G06007707,Medium,False,False,False,0
219079,G06006717,Medium,False,False,False,0
155651,G06007707,Medium,True,True,False,0
330670,G06009502,Low,False,False,False,0
204472,G06001700,High,False,False,True,0
340404,G06006706,High,False,False,False,0
453550,G06000120,Medium,False,False,False,0
264824,G06011301,Medium,False,False,False,0
215478,G06000300,High,False,False,False,0
38790,G06007708,Medium,True,True,False,0
480094,G06006717,Low,False,False,False,0
49479,G06011301,Medium,False,False,False,0
349440,G06009503,High,False,False,False,0
204910,G06000120,Medium,True,True,False,0
145934,G06000300,Low,True,True,True,0
454941,G06007706,Medium,False,False,False,0
349454,G06006717,Low,False,False,False,1
349458,G06006707,Low,False,False,False,0
495821,G06009903,High,False,False,True,0
204884,G06001313,High,True,True,False,0
67523,G06001700,Medium,False,False,False,0
455004,G06007708,Medium,False,False,False,0
454861,G06006705,High,True,True,False,0
204803,G06001313,Low,False,False,False,0
38615,G06011301,High,False,False,False,0
38617,G06006705,Medium,False,False,True,0
480160,G06007708,High,False,False,False,0
454824,G06007706,Medium,False,False,False,0
454800,G06000300,High,True,True,False,0
218814,G06007707,Low,False,False,False,0
38660,G06001308,Low,True,True,True,0
245885,G06006709,Medium,False,False,True,0
480193,G06009503,Medium,True,True,False,0
218781,G06006709,High,False,False,False,1
155762,G06001314,Medium,False,False,False,0
264841,G06011301,High,False,False,False,0
67201,G06006705,Low,False,False,False,0
204974,G06011301,Medium,False,False,False,0
49622,G06001309,Medium,False,False,False,0
49615,G06006707,Low,False,False,False,0
340683,G06007708,Low,False,False,False,0
508984,G06007705,Medium,False,False,False,0
303086,G06009901,High,True,True,False,0
38549,G06007707,High,False,False,False,0
495847,G06000300,High,True,True,False,0
256113,G06006707,Low,True,True,False,0
67353,G06004702,Medium,False,False,False,0
479934,G06001313,Medium,False,False,False,0
455209,G06000300,Low,True,True,False,0
146036,G06001311,High,True,True,False,0
49579,G06004702,Medium,False,False,False,0
256082,G06007705,High,False,False,False,1
38558,G06009501,Low,False,False,False,0
264910,G06006705,Medium,False,False,False,0
67344,G06001700,High,False,False,True,0
340569,G06006705,High,True,True,False,0
152366,G06009503,High,False,False,False,0
495702,G06006706,Low,False,False,False,0
349597,G06009502,Medium,False,False,False,0
454378,G06006717,Medium,True,True,False,0
204728,G06000120,High,True,True,False,0
265185,G06011301,Medium,True,True,False,0
454337,G06001700,High,False,False,False,0
509337,G06011301,Medium,False,False,False,0
67945,G06006712,High,False,False,False,0
173233,G06006709,High,False,False,False,0
159804,G06006705,High,False,False,False,0
330776,G06001311,High,False,False,True,0
255897,G06001312,Low,True,True,False,0
68004,G06009903,Medium,False,False,False,0
68057,G06007706,High,True,True,False,0
480487,G06001313,High,False,False,False,0
255896,G06001700,High,False,False,False,0
454169,G06004701,High,False,False,False,0
38765,G06001311,Low,False,False,False,0
509504,G06000300,Medium,False,False,False,0
310295,G06001309,Medium,True,True,False,0
211859,G06011301,Medium,False,False,True,0
480441,G06001312,Medium,False,False,False,0
218994,G06009903,Low,False,False,False,0
38698,G06006709,High,False,False,False,0
216802,G06011301,Medium,False,False,False,0
265111,G06004702,Low,False,False,True,0
218856,G06006709,High,True,True,False,0
454672,G06006706,High,False,False,True,1
480314,G06006706,Low,False,False,False,0
454631,G06007706,Low,False,False,False,1
204754,G06009903,Low,False,False,False,0
255900,G06006717,Low,False,False,True,0
454613,G06006712,Medium,False,False,False,1
454603,G06011301,Medium,False,False,False,0
255964,G06009903,Medium,False,False,False,0
480329,G06001305,Medium,True,True,False,0
495582,G06009502,Low,False,False,False,0
349520,G06004701,High,True,True,False,0
335182,G06009501,Low,False,False,False,0
38755,G06004702,Medium,False,False,True,0
218896,G06006712,Low,False,False,False,0
495571,G06011301,High,True,True,False,0
454609,G06000300,Medium,False,False,False,0
205417,G06006717,Low,True,True,False,0
478290,G06009901,Medium,False,False,False,0
178012,G06007705,Low,False,False,False,0
506288,G06006717,High,False,False,False,0
63415,G06004702,High,True,True,True,0
506307,G06006707,Low,False,False,False,0
63422,G06006705,High,False,False,False,0
52058,G06000300,High,False,False,False,0
459978,G06011301,Low,False,False,False,1
331963,G06004702,Low,False,False,False,0
216029,G06001305,High,True,True,False,0
497618,G06004702,Medium,False,False,False,0
37466,G06007708,Low,False,False,True,0
31749,G06007705,Medium,False,False,False,0
347475,G06006707,Medium,False,False,True,0
341767,G06006707,High,True,True,False,0
459911,G06011301,Low,False,False,False,1
497552,G06001314,Low,False,False,False,0
303779,G06006717,High,False,False,False,1
459863,G06009901,Medium,False,False,False,0
476531,G06007707,High,False,False,False,0
303778,G06009501,Medium,True,True,False,0
147590,G06001314,High,False,False,False,0
331979,G06007708,Medium,False,False,False,0
52172,G06001309,High,False,False,False,0
263154,G06001312,High,False,False,True,0
506113,G06000120,Low,True,True,False,0
147764,G06001700,High,True,True,False,0
37306,G06009901,Low,False,False,False,0
206230,G06011301,Low,False,False,False,0
52295,G06007705,Low,True,True,True,0
332053,G06006712,High,False,False,False,0
176444,G06000300,High,False,False,False,0
147721,G06001700,High,True,True,False,0
460299,G06001305,Medium,False,False,False,0
52095,G06001309,Low,False,False,False,0
246872,G06007705,High,False,False,False,1
63295,G06007707,Medium,False,False,False,0
309658,G06001311,Low,False,False,False,0
506207,G06004702,High,False,False,False,0
347417,G06011301,Medium,True,True,False,0
37341,G06001314,Medium,False,False,False,0
476246,G06004702,Low,False,False,True,1
497712,G06009903,Low,False,False,False,0
206175,G06001312,Medium,True,True,False,0
52312,G06009903,Low,False,False,True,0
506407,G06001308,Medium,False,False,True,0
497467,G06007708,Medium,False,False,True,0
334713,G06007706,Medium,True,True,False,0
506527,G06007706,High,False,False,False,0
303740,G06001312,Medium,False,False,False,0
506543,G06001305,High,True,True,False,0
31622,G06007706,Medium,False,False,False,0
63707,G06001700,Low,True,True,False,0
37669,G06001309,Low,True,True,False,0
147361,G06006717,Medium,False,False,False,0
347694,G06000120,Low,False,False,False,0
257336,G06006712,High,False,False,False,0
31592,G06007706,Low,True,True,True,0
51786,G06000120,Low,True,True,False,0
246723,G06006706,Low,False,False,False,0
51783,G06006709,High,False,False,False,1
506718,G06001700,Medium,False,False,False,0
476801,G06001308,High,True,True,False,0
63850,G06007705,Medium,False,False,False,0
331805,G06001305,Low,False,False,False,0
246719,G06001312,Low,True,True,False,0
347760,G06001308,Medium,False,False,False,0
341686,G06007707,High,False,False,False,0
151777,G06006709,High,False,False,False,0
331857,G06007705,Medium,False,False,False,1
51860,G06001700,Low,False,False,False,0
37547,G06006712,Low,False,False,False,0
206002,G06001308,Low,False,False,False,0
506420,G06001700,High,True,True,False,0
147531,G06006706,Medium,False,False,False,0
308701,G06007707,Low,False,False,False,0
303754,G06004702,Medium,False,False,False,0
303751,G06000300,Medium,False,False,False,0
151778,G06007706,High,False,False,False,0
51911,G06006705,Low,False,False,False,0
63612,G06011301,Medium,False,False,False,0
497468,G06007707,Medium,False,False,True,0
37557,G06001309,High,True,True,False,0
476640,G06001312,High,False,False,True,0
306245,G06001311,Medium,True,True,False,0
250004,G06006712,Low,False,False,False,0
37605,G06001311,High,False,False,False,0
263385,G06006717,Medium,False,False,True,0
246768,G06011301,High,False,False,True,0
476704,G06009503,Medium,False,False,False,0
459663,G06007706,High,False,False,False,0
476705,G06009901,High,False,False,True,0
63640,G06001313,Low,True,True,False,0
63943,G06001312,High,False,False,False,0
347324,G06011301,High,False,False,False,0
497860,G06000300,Medium,False,False,True,0
206536,G06006717,High,False,False,False,0
249807,G06001311,High,False,False,True,0
461010,G06006707,High,False,False,False,0
475474,G06006707,Low,False,False,False,0
460983,G06001311,High,True,True,False,0
475495,G06009502,High,False,False,False,0
52681,G06007708,Medium,True,True,True,0
460971,G06007705,Medium,False,False,False,0
460970,G06006707,Medium,False,False,False,0
52645,G06007705,High,False,False,False,0
176556,G06006706,Medium,False,False,False,0
210707,G06004701,High,False,False,False,0
475561,G06001311,Low,False,False,False,1
52618,G06006717,Medium,False,False,False,1
460870,G06006717,Low,False,False,False,0
62850,G06001700,Medium,False,False,False,0
37182,G06001309,Medium,False,False,False,0
32314,G06011301,High,False,False,False,1
52612,G06000120,High,False,False,False,0
498019,G06011301,Low,False,False,False,0
62798,G06011301,Medium,False,False,False,0
505914,G06006717,High,False,False,False,0
461070,G06001309,Medium,False,False,False,0
347071,G06006709,High,False,False,False,0
37066,G06001312,Medium,True,True,False,0
249774,G06004702,Low,False,False,True,0
176568,G06001312,Medium,False,False,False,0
32421,G06001700,Medium,False,False,True,0
206617,G06004701,High,False,False,True,1
37080,G06006712,High,False,False,False,0
475316,G06009901,High,False,False,False,1
62625,G06007708,Low,True,True,False,0
62654,G06006717,Medium,False,False,False,0
475418,G06007705,High,False,False,True,0
62692,G06000300,Medium,False,False,False,1
334389,G06006709,Low,False,False,False,0
151467,G06006709,High,False,False,False,0
505668,G06001305,Medium,False,False,True,0
262815,G06001311,High,False,False,True,0
151491,G06007708,High,False,False,False,0
461150,G06001313,Low,False,False,False,0
303927,G06007707,High,False,False,False,0
342188,G06000300,High,False,False,False,1
332213,G06006717,Medium,False,False,False,0
62891,G06006705,Medium,False,False,False,0
32228,G06009901,Low,False,False,False,0
63025,G06011301,Medium,False,False,False,0
32116,G06011301,High,False,False,False,0
475892,G06011301,Low,True,True,False,0
63054,G06000120,Medium,False,False,False,0
206325,G06006712,Medium,False,False,False,0
475895,G06000120,Low,False,False,False,0
506044,G06007705,Low,False,False,False,0
52444,G06001312,High,True,True,False,0
306136,G06007706,High,True,True,False,0
151610,G06007707,Low,False,False,False,0
306097,G06006707,Low,True,True,False,0
63105,G06000120,Low,False,False,True,0
206257,G06001700,Medium,False,False,False,0
151643,G06006705,Medium,False,False,False,0
460500,G06006717,Low,False,False,False,0
306169,G06006707,High,False,False,False,0
460492,G06001305,High,False,False,False,0
37282,G06001313,High,True,True,False,0
257631,G06009901,High,False,False,False,0
52385,G06006717,Low,False,False,False,0
63154,G06007708,High,False,False,False,0
332081,G06001311,Low,True,True,False,0
217946,G06006705,High,False,False,False,0
497944,G06000120,Medium,False,False,False,0
52475,G06006709,High,False,False,False,0
475831,G06004702,Medium,False,False,False,0
151535,G06001305,High,False,False,False,0
506013,G06006707,Medium,False,False,False,0
460776,G06006717,Low,False,False,False,1
460752,G06009501,Low,False,False,False,0
347207,G06001314,Low,False,False,False,0
62955,G06011301,Medium,False,False,False,0
506015,G06004702,Medium,False,False,False,0
246898,G06007705,Medium,False,False,False,0
156418,G06009501,High,False,False,False,1
52522,G06007707,Medium,False,False,False,0
206413,G06000300,High,False,False,False,0
460697,G06009901,High,False,False,False,0
303875,G06007706,Medium,True,True,False,0
460686,G06006706,Low,False,False,False,0
246909,G06007706,Medium,False,False,False,0
475784,G06007706,High,False,False,True,0
460677,G06001700,Low,False,False,False,0
257690,G06006707,High,False,False,False,0
37712,G06006707,Low,False,False,False,0
63947,G06000120,Medium,False,False,True,0
507509,G06000120,High,False,False,True,0
457832,G06009501,Low,True,True,True,1
250129,G06009903,Low,False,False,True,1
477922,G06000120,Low,False,False,False,0
211236,G06000120,High,False,False,False,0
218394,G06001305,High,False,False,False,0
50897,G06006709,Medium,False,False,False,0
457781,G06000120,Medium,False,False,False,0
146702,G06009903,High,True,True,False,0
146682,G06001311,High,False,False,False,0
496896,G06000120,Medium,False,False,False,0
176286,G06007708,Low,False,False,False,0
215884,G06001700,Medium,False,False,False,0
306411,G06007706,Medium,False,False,False,0
507555,G06001309,Low,False,False,False,0
457734,G06001308,Low,False,False,False,0
306436,G06004701,Medium,False,False,False,0
205510,G06006707,Low,False,False,False,0
457695,G06006717,Low,False,False,False,0
457685,G06007705,Low,False,False,False,0
246379,G06006705,Low,True,True,False,1
478021,G06006709,Low,False,False,False,0
173476,G06000120,High,True,True,False,0
211230,G06009503,High,True,True,True,0
477750,G06006709,Medium,False,False,False,0
348185,G06009501,High,True,True,False,0
246511,G06001314,Medium,False,False,False,0
146803,G06001313,Low,False,False,False,0
159164,G06006717,Medium,True,True,False,0
507302,G06009903,High,False,False,False,0
205600,G06007705,Medium,True,True,False,0
458043,G06009903,High,True,True,False,0
477759,G06009502,Medium,False,False,False,0
507459,G06001700,Medium,False,False,False,0
64872,G06000300,Medium,False,False,False,0
331531,G06000120,Medium,False,False,False,0
37974,G06011301,Medium,False,False,False,0
334875,G06006717,Medium,False,False,False,0
341359,G06001311,Medium,False,False,False,0
205550,G06006707,Medium,False,False,False,0
348245,G06006712,Medium,True,True,False,0
309930,G06001313,Medium,False,False,True,0
257051,G06001311,Low,False,False,False,0
507404,G06007708,High,False,False,False,0
341349,G06001313,High,False,False,True,0
51000,G06007708,Low,False,False,False,0
496972,G06006709,High,False,False,True,1
159274,G06006712,Low,False,False,False,0
256927,G06007707,Medium,False,False,False,0
177999,G06006717,Low,False,False,False,0
65396,G06001308,Low,False,False,False,0
303325,G06006717,Low,True,True,True,0
264116,G06006705,Medium,False,False,False,0
457347,G06001305,Low,False,False,False,0
30804,G06009502,High,False,False,False,0
507774,G06000120,High,False,False,False,0
457385,G06001314,Low,False,False,False,0
146417,G06000300,High,False,False,False,0
211346,G06000300,High,False,False,False,1
30768,G06001311,Medium,False,False,False,0
152126,G06001700,High,False,False,False,0
457284,G06004702,High,False,False,False,0
50572,G06000300,High,True,True,False,0
341125,G06006712,High,False,False,False,0
30711,G06006706,Medium,True,True,False,0
50565,G06009502,Low,False,False,False,0
303321,G06001700,Medium,True,True,False,0
50553,G06007706,Medium,False,False,False,0
457307,G06009903,Low,False,False,False,0
478033,G06001314,High,True,True,False,0
457413,G06009901,High,True,True,False,0
507620,G06001313,Low,False,False,True,0
65232,G06001312,Medium,True,True,False,0
457571,G06007707,High,False,False,False,1
457551,G06009903,Low,False,False,False,0
303387,G06006707,Medium,False,False,True,0
30949,G06006707,Medium,False,False,True,0
457517,G06004702,Medium,False,False,False,0
173436,G06000300,High,False,False,False,0
478071,G06007707,Medium,False,False,False,0
65287,G06007706,Medium,False,False,False,0
50734,G06004702,Low,False,False,False,0
38081,G06001305,Medium,False,False,False,0
310029,G06006717,Low,False,False,False,1
348434,G06007706,Medium,False,False,False,0
478107,G06007705,Low,False,False,False,0
155975,G06000120,Medium,False,False,False,0
457482,G06004702,Medium,False,False,False,0
146894,G06000300,High,False,False,False,0
496982,G06009903,High,False,False,False,0
331550,G06001700,Medium,False,False,False,0
37810,G06007705,High,False,False,False,0
51390,G06006705,High,False,False,False,0
334813,G06006707,Low,False,False,False,0
205818,G06007707,High,True,True,False,0
37842,G06006712,Medium,False,False,False,0
64164,G06009901,High,False,False,False,0
263625,G06006709,High,False,False,False,0
37846,G06006705,Low,False,False,False,0
51379,G06000120,Low,False,False,False,0
51341,G06001700,Medium,True,True,True,0
458881,G06004701,Low,False,False,False,0
51276,G06006712,High,True,True,False,0
246692,G06001314,Low,False,False,True,0
263639,G06009501,Medium,False,False,False,0
506883,G06004701,High,False,False,False,1
218207,G06007708,Low,True,True,False,0
458792,G06001305,High,False,False,True,0
263642,G06006707,Low,False,False,False,0
257167,G06007706,Low,False,False,False,0
341511,G06011301,Medium,False,False,True,0
215906,G06004702,Low,False,False,False,0
64073,G06006717,High,False,False,False,0
158957,G06001314,High,False,False,False,0
263506,G06000120,High,True,True,True,0
459324,G06001311,High,False,False,False,0
459286,G06001305,Medium,False,False,False,0
459263,G06000300,Medium,True,True,False,0
331775,G06007707,High,True,True,False,0
506802,G06006709,Medium,False,False,False,0
156167,G06001312,Low,True,True,False,0
263546,G06006717,High,False,False,False,1
31499,G06001700,Medium,False,False,True,0
51622,G06009502,High,False,False,False,0
37777,G06007708,High,False,False,False,0
51598,G06007707,Medium,False,False,False,0
263551,G06006709,High,False,False,False,0
459108,G06001700,High,False,False,False,1
218180,G06006707,Medium,False,False,False,0
151849,G06000120,Medium,False,False,False,0
210952,G06006712,Low,False,False,True,0
476982,G06001700,High,True,True,False,0
507140,G06007708,Low,False,False,False,0
51115,G06000300,Medium,False,False,False,0
477589,G06000300,High,False,False,False,0
458414,G06007708,Low,False,False,False,0
205683,G06001305,Medium,True,True,True,0
64519,G06006706,Low,False,False,True,0
64538,G06004702,Low,False,False,False,0
263785,G06006712,Medium,False,False,False,0
246594,G06001700,High,True,True,False,0
263745,G06004702,High,False,False,False,0
64592,G06000300,High,False,False,False,0
458251,G06009501,Medium,False,False,False,1
263801,G06007707,Medium,False,False,True,0
257119,G06006706,Low,False,False,False,0
31287,G06000120,Low,False,False,False,0
51059,G06007708,High,False,False,False,0
507244,G06007705,High,False,False,True,1
205663,G06001314,High,False,False,False,0
51055,G06009901,Low,False,False,False,0
64667,G06001305,High,False,False,False,0
246528,G06009501,Medium,True,True,False,0
477704,G06006712,Low,False,False,False,0
173500,G06001313,Low,False,False,False,0
246599,G06007708,Low,False,False,False,0
331617,G06006717,Low,False,False,True,0
51148,G06004702,High,False,False,False,0
147122,G06006706,Medium,True,True,True,0
37880,G06009503,Low,False,False,False,0
458748,G06000120,Low,False,False,True,0
334861,G06006707,Medium,False,False,False,0
64297,G06011301,Medium,False,False,False,0
477433,G06007708,Medium,False,False,False,0
177920,G06006705,Low,False,False,False,0
341451,G06001313,High,False,False,False,0
458667,G06009502,High,False,False,False,0
458651,G06007705,High,False,False,False,0
507003,G06006709,Low,False,False,False,0
31423,G06000120,High,False,False,False,0
458593,G06006706,Low,False,False,False,1
64367,G06007705,Medium,False,False,False,0
147011,G06009502,Medium,True,True,False,0
263698,G06000120,Medium,False,False,False,0
458562,G06007708,Medium,False,False,False,0
477476,G06001308,Medium,False,False,False,0
205713,G06006707,High,False,False,False,0
211095,G06006709,Medium,False,False,False,0
159082,G06001308,Low,False,False,False,0
255600,G06001311,Medium,False,False,False,0
60502,G06000300,High,False,False,False,0
182248,G06006707,Low,False,False,False,0
400031,G06001309,Medium,False,False,False,0
284768,G06007707,High,False,False,False,1
131494,G06006717,Medium,False,False,True,0
190336,G06009502,Medium,True,True,False,0
107855,G06007707,High,False,False,False,0
284742,G06006707,Low,False,False,False,0
131472,G06001312,High,False,False,False,0
226373,G06007706,Medium,True,True,False,0
284734,G06000300,Medium,False,False,False,0
537922,G06006709,High,True,True,False,0
400173,G06007705,Low,False,False,False,1
107785,G06009502,High,False,False,True,0
400200,G06001700,High,False,False,True,0
400133,G06007706,Low,False,False,False,0
107740,G06009501,Low,False,False,False,0
400020,G06007705,Medium,False,False,False,0
400007,G06001312,Low,False,False,True,0
108239,G06009901,Medium,False,False,True,0
538167,G06006717,Medium,False,False,False,0
108164,G06004702,Low,False,False,False,0
368411,G06006709,Medium,False,False,False,0
131458,G06001312,Low,False,False,False,0
400011,G06011301,Low,False,False,False,0
108071,G06006717,High,False,False,False,0
108056,G06011301,Low,False,False,False,0
320281,G06001700,High,False,False,False,0
296278,G06007706,High,False,False,False,1
166744,G06009503,Medium,False,False,True,0
284847,G06001313,High,True,True,False,0
368278,G06009502,Low,False,False,False,0
399880,G06011301,Medium,False,False,True,0
314136,G06000300,Medium,True,True,False,0
537754,G06006717,High,True,True,False,0
284628,G06000300,Low,True,True,False,0
166614,G06001305,Medium,False,False,False,0
400643,G06006705,Medium,False,False,False,0
107609,G06006717,Low,True,True,False,0
9396,G06001312,High,True,True,True,0
320540,G06006709,Low,False,False,False,0
107503,G06001311,Medium,False,False,False,0
107478,G06001311,Medium,False,False,False,0
226304,G06001309,High,False,False,True,0
284562,G06006717,Medium,False,False,False,0
107559,G06001314,Medium,True,True,False,0
400230,G06001700,High,False,False,False,0
400572,G06009901,Low,False,False,False,0
400533,G06001313,Medium,False,False,False,0
400269,G06006706,Low,False,False,False,0
190337,G06001308,Medium,False,False,False,0
320479,G06007706,High,False,False,False,0
190350,G06007706,Low,False,False,False,0
190357,G06001308,Low,False,False,False,0
400540,G06009503,High,False,False,False,0
166673,G06001313,High,False,False,False,0
131512,G06001305,Low,False,False,False,0
226336,G06001305,Low,True,True,False,0
400463,G06001700,High,False,False,False,0
400486,G06009502,Medium,False,False,False,0
182907,G06006712,Low,False,False,False,1
296300,G06009901,Low,True,True,False,0
399680,G06007705,High,False,False,False,0
8920,G06006707,Low,False,False,False,0
296212,G06006706,High,False,False,False,0
314220,G06001314,High,True,True,False,0
108739,G06000120,Medium,False,False,False,0
399061,G06006717,Low,False,False,False,0
8649,G06009903,High,False,False,False,0
399072,G06001700,Medium,True,True,True,0
538543,G06009903,Low,True,True,False,0
368617,G06007705,Low,False,False,False,0
108691,G06006707,Low,True,True,True,0
108684,G06004701,High,False,False,False,0
285167,G06009502,Medium,False,False,False,0
399132,G06001313,Low,True,True,False,0
108673,G06001312,High,False,False,False,0
131203,G06007707,Low,True,True,False,0
399150,G06001312,Medium,False,False,False,0
108685,G06004702,High,False,False,False,0
108635,G06001308,High,False,False,False,0
108875,G06007705,Low,False,False,True,0
108882,G06007708,High,False,False,False,0
398656,G06006707,Low,False,False,False,0
109032,G06009502,Low,False,False,False,0
538616,G06009503,High,False,False,False,0
226709,G06006712,Medium,False,False,False,0
398773,G06001313,High,True,True,False,1
226693,G06007707,High,True,True,False,0
368693,G06001308,Medium,False,False,False,0
108996,G06001314,High,False,False,False,0
285235,G06001308,Medium,False,False,False,0
109003,G06007707,Low,False,False,True,0
108628,G06001305,High,True,True,False,0
234433,G06004701,High,True,True,False,0
368579,G06000300,Low,False,False,False,0
285029,G06001314,Medium,False,False,False,0
538331,G06007705,High,False,False,False,0
538323,G06007707,Medium,False,False,False,0
285014,G06001313,High,False,False,False,0
8817,G06006717,Low,False,False,False,0
538306,G06006705,Medium,False,False,False,0
190162,G06007705,Low,False,False,False,0
108298,G06009502,Medium,False,False,True,0
131361,G06000120,High,False,False,False,0
8891,G06001305,Low,False,False,False,0
108368,G06001308,Medium,True,True,False,0
314174,G06001305,Low,True,True,True,0
368502,G06006717,Low,True,True,False,1
166879,G06000300,Medium,False,False,False,0
131265,G06011301,Medium,False,False,False,0
131267,G06006705,High,True,True,False,0
183000,G06006705,Medium,False,False,False,0
285076,G06007705,Low,False,False,False,0
285062,G06001313,Medium,False,False,False,0
320198,G06000300,Low,False,False,False,0
190087,G06000120,Low,False,False,False,0
108449,G06006706,Low,False,False,False,0
108448,G06001313,High,False,False,False,0
320212,G06009501,High,False,False,False,0
284560,G06009903,High,False,False,False,0
131092,G06007705,High,True,True,False,0
107441,G06009901,Low,False,False,False,0
320849,G06006707,Medium,False,False,False,0
182841,G06004701,High,False,False,False,0
106253,G06007705,High,True,True,False,1
320867,G06007706,Medium,False,False,False,0
131894,G06011301,High,False,False,False,0
106181,G06001309,High,True,True,False,0
402237,G06001309,Low,False,False,False,0
106140,G06006712,High,True,True,True,0
402260,G06001314,Low,False,False,True,0
284151,G06009502,High,False,False,False,0
284148,G06001305,Low,True,True,False,1
536812,G06001308,Low,False,False,False,0
226066,G06007708,High,False,False,True,0
402097,G06009903,High,False,False,False,0
536960,G06009502,Low,True,True,True,0
106527,G06000120,High,False,False,False,0
320745,G06007707,Medium,False,False,False,0
106524,G06006717,Medium,False,False,True,0
166416,G06009501,Medium,False,False,False,0
401968,G06004701,Medium,False,False,False,0
106323,G06001305,High,False,False,True,0
284207,G06009503,Low,False,False,False,0
106405,G06007707,Low,True,True,False,0
284187,G06006717,High,False,False,False,0
367663,G06009502,High,False,False,False,0
402066,G06001305,Medium,False,False,False,0
284183,G06006707,Low,False,False,False,0
131880,G06006707,High,False,False,False,0
367672,G06006717,High,False,False,False,0
9942,G06006705,High,False,False,False,0
402360,G06001305,Medium,False,False,False,0
402660,G06009502,Medium,False,False,False,0
402698,G06009903,Low,True,True,False,0
182802,G06007706,High,False,False,False,0
402765,G06000300,Low,False,False,False,0
166257,G06006706,Medium,False,False,True,0
166288,G06001308,Medium,False,False,False,0
402804,G06001700,Low,False,False,False,0
536510,G06006707,High,False,False,False,0
284072,G06006709,Low,False,False,False,0
536509,G06004702,High,False,False,False,0
105638,G06001314,Medium,False,False,False,0
402923,G06006707,Low,False,False,False,0
536537,G06001700,Low,False,False,False,0
190873,G06001314,High,False,False,False,1
190934,G06001309,Low,False,False,False,0
402599,G06001305,Low,True,True,False,0
284135,G06006717,High,True,True,True,0
314049,G06006705,Low,False,False,False,0
320906,G06011301,Medium,False,False,False,0
367562,G06007707,High,False,False,False,0
402426,G06006709,Medium,True,True,False,0
536695,G06001314,Medium,False,False,False,1
190928,G06000120,Low,False,False,True,0
367554,G06000300,Low,False,False,False,0
314044,G06009903,High,False,False,False,0
536680,G06001313,High,True,True,False,0
131924,G06007708,Low,False,False,False,0
166336,G06006717,High,False,False,False,0
402544,G06006707,Medium,False,False,False,0
367544,G06001311,Medium,False,False,False,0
536978,G06001700,High,False,False,True,0
9939,G06000120,Low,False,False,False,0
401793,G06001313,Medium,False,False,False,0
367927,G06006717,Medium,True,True,False,0
401074,G06007708,Low,False,False,False,0
401119,G06006707,Medium,False,False,False,0
537486,G06001700,High,False,False,False,0
314100,G06007706,Low,False,False,False,0
166595,G06001305,High,False,False,False,0
401147,G06007706,Low,False,False,False,0
226217,G06006712,Low,False,False,False,0
284473,G06009901,Medium,False,False,False,0
401203,G06011301,High,False,False,False,0
401216,G06007706,High,False,False,False,0
284461,G06009501,High,False,False,False,0
401160,G06000300,High,False,False,False,0
106990,G06006712,Medium,False,False,True,0
401044,G06006717,High,False,False,False,0
107092,G06006717,Low,False,False,False,0
234783,G06007707,Low,False,False,False,0
537613,G06009903,Low,False,False,True,0
234817,G06001305,High,False,False,False,0
284531,G06006706,Low,False,False,False,1
107263,G06000120,Medium,False,False,False,0
537506,G06006705,High,False,False,False,0
107239,G06009901,Low,False,False,False,0
107230,G06007706,Low,False,False,False,0
284523,G06007705,Medium,False,False,False,0
131650,G06000300,Medium,False,False,False,0
166605,G06000120,Low,False,False,False,0
131736,G06006709,High,False,False,False,1
400968,G06007707,High,True,True,False,0
537422,G06000120,High,False,False,False,0
401261,G06006717,High,False,False,False,0
9542,G06001314,Low,False,False,True,0
235008,G06007707,Medium,False,False,False,0
190743,G06009901,Medium,False,False,False,0
106655,G06000300,High,False,False,False,0
367753,G06006712,Medium,False,False,False,0
106617,G06000300,Low,False,False,False,0
320657,G06000120,Medium,False,False,False,1
537094,G06001700,Low,False,False,False,0
106586,G06007705,Low,False,False,False,0
401736,G06006717,Low,False,False,False,0
9907,G06000300,Medium,False,False,False,0
314093,G06000120,Low,False,False,False,0
320692,G06006717,Medium,False,False,False,0
537279,G06007708,Medium,False,False,False,0
367788,G06001312,High,True,True,False,0
296470,G06001305,Medium,False,False,False,0
320607,G06009503,Medium,False,False,False,0
537366,G06011301,High,True,True,True,0
537364,G06006707,High,False,False,False,0
9630,G06001309,Medium,False,False,False,0
401345,G06007708,Low,False,False,False,0
537337,G06009503,Low,False,False,False,0
284406,G06001314,Low,False,False,False,0
9683,G06006709,Low,True,True,False,0
537312,G06000120,High,False,False,False,0
401420,G06009901,Medium,True,True,False,0
401445,G06001700,Low,False,False,False,0
401452,G06006705,High,True,True,False,0
106811,G06007707,Low,True,True,False,0
225930,G06009901,High,False,False,False,0
189892,G06001313,High,False,False,False,0
369956,G06000300,Medium,False,False,False,0
319504,G06009901,Medium,False,False,False,0
286361,G06006706,High,False,False,False,0
286358,G06009503,Low,False,False,False,0
7153,G06004701,Medium,False,False,True,0
130129,G06000120,High,False,False,True,0
369942,G06006717,High,False,False,False,0
7159,G06001700,Low,True,True,False,0
130242,G06011301,High,False,False,False,1
167303,G06001313,Low,True,True,False,0
395860,G06007705,Medium,False,False,False,1
395747,G06004702,High,False,False,False,0
226994,G06007708,High,False,False,False,0
540337,G06006712,Medium,False,False,False,0
7041,G06011301,High,False,False,False,0
111701,G06007707,Low,False,False,False,0
395398,G06009503,Medium,False,False,False,0
233881,G06011301,High,False,False,False,0
395451,G06001305,High,False,False,False,1
286387,G06006712,Low,False,False,False,0
540504,G06001311,High,False,False,False,0
370038,G06006707,Medium,False,False,False,0
395491,G06000300,High,True,True,False,0
111520,G06001305,Low,True,True,False,0
111486,G06007708,Medium,False,False,False,0
319476,G06009503,Low,False,False,False,0
395337,G06006717,High,False,False,False,0
170493,G06004702,High,False,False,False,0
295775,G06001308,Medium,False,False,False,0
130423,G06011301,Medium,True,True,False,0
286228,G06007706,Medium,False,False,False,0
110911,G06001700,Low,False,False,False,0
234063,G06007706,Low,False,False,False,1
396353,G06009502,High,False,False,False,0
189263,G06009903,Medium,False,False,False,0
234068,G06011301,Medium,False,False,False,0
286198,G06001312,High,True,True,False,0
369633,G06006717,Low,False,False,True,0
396411,G06001313,High,False,False,False,0
540029,G06001700,Medium,False,False,False,0
369635,G06006705,Medium,False,False,False,0
286305,G06006717,High,True,True,False,0
110959,G06006705,High,False,False,False,0
295797,G06000120,Low,False,False,False,0
540150,G06001700,High,False,False,False,0
395996,G06000300,High,False,False,False,0
319558,G06007705,Low,False,False,False,0
540123,G06006705,Medium,False,False,True,0
130418,G06011301,High,False,False,False,0
396072,G06006717,Low,False,False,False,0
7235,G06009901,Low,False,False,False,0
111055,G06009903,High,True,True,False,0
130410,G06001312,Low,True,True,False,0
369792,G06006709,Medium,False,False,False,0
183221,G06007708,Low,False,False,False,0
314337,G06006712,Medium,False,False,False,0
540542,G06001311,Low,False,False,False,0
7037,G06007705,High,False,False,False,0
189011,G06007707,Low,False,False,False,0
370527,G06004702,Low,False,False,False,0
394576,G06001312,Medium,True,True,False,0
286755,G06000120,High,False,False,False,0
183401,G06001313,Low,False,False,False,0
370516,G06006712,Low,False,False,False,0
370498,G06000300,High,False,False,False,0
189057,G06000120,Medium,True,True,False,0
286730,G06007707,Medium,False,False,False,0
129683,G06007706,Medium,False,False,False,0
295590,G06000300,Low,False,False,False,0
370514,G06001312,High,False,False,True,0
319230,G06006717,Medium,False,False,False,0
394436,G06009903,High,False,False,False,0
541258,G06007706,Medium,True,True,False,0
112319,G06009903,Medium,False,False,False,0
394297,G06001305,High,False,False,True,0
6564,G06009903,Medium,False,False,False,0
227081,G06001313,High,False,False,False,0
394455,G06007708,Low,False,False,False,0
314511,G06001311,High,False,False,False,0
295515,G06006712,Medium,True,True,False,0
541122,G06006705,High,False,False,False,0
541121,G06006705,Low,False,False,False,0
541101,G06006712,High,True,True,False,0
286792,G06006712,High,False,False,False,0
112293,G06007708,Medium,False,False,False,0
112127,G06001313,High,False,False,False,0
129709,G06001314,Medium,False,False,False,0
286666,G06001313,High,False,False,False,0
286556,G06011301,Low,False,False,False,1
111880,G06001305,High,False,False,False,0
111876,G06004702,Low,False,False,False,0
540698,G06000300,Medium,False,False,False,0
395139,G06006717,Low,True,True,False,0
395146,G06000300,Low,False,False,False,0
314410,G06001308,Medium,False,False,False,0
7009,G06006707,Medium,False,False,False,0
370162,G06007708,Medium,False,False,False,0
395282,G06001309,Low,False,False,False,1
129994,G06007708,Low,False,False,False,0
227041,G06007708,Low,False,False,False,0
167365,G06007707,High,False,False,False,0
111980,G06001305,Medium,False,False,False,0
394977,G06001312,High,False,False,True,0
6773,G06009903,High,True,True,False,0
394766,G06006712,High,False,False,False,0
394793,G06001313,Medium,False,False,True,0
394795,G06009903,High,True,True,False,0
167406,G06006712,High,False,False,False,0
370430,G06006717,Medium,False,False,False,0
233806,G06001700,High,False,False,False,0
370306,G06007705,Low,False,False,False,0
394902,G06006712,High,False,False,True,0
394917,G06001313,Low,False,False,False,0
170431,G06011301,Medium,False,False,False,0
286600,G06001314,Low,False,False,False,1
394963,G06001309,Low,False,False,True,0
129855,G06006717,Low,False,False,False,0
319595,G06000120,High,False,False,True,0
131009,G06000120,Medium,False,False,False,1
130451,G06006717,High,False,False,False,0
369574,G06000300,Medium,True,True,False,0
109677,G06001314,Medium,False,False,False,0
109653,G06011301,Medium,False,False,True,0
109634,G06007708,High,False,False,False,0
109608,G06000300,Low,False,False,False,0
8200,G06009501,High,False,False,False,0
285623,G06001311,Medium,False,False,False,0
8171,G06001309,High,False,False,False,0
397989,G06001309,Medium,True,True,False,0
319783,G06006706,Medium,False,False,False,0
539010,G06001700,High,False,False,False,0
8289,G06000300,High,False,False,False,0
398002,G06009501,Medium,False,False,False,0
167068,G06006717,High,False,False,False,0
539082,G06009903,High,False,False,False,0
109722,G06004702,Medium,False,False,False,0
397618,G06001700,High,False,False,False,0
109975,G06009901,High,False,False,True,0
167095,G06006707,Low,False,False,False,0
369196,G06006705,High,False,False,True,0
369191,G06000300,High,True,True,False,0
109875,G06007705,Low,False,False,False,0
539113,G06009903,Low,True,True,False,0
167090,G06006707,Low,False,False,False,0
314261,G06004702,Medium,True,True,False,0
8047,G06001314,Medium,False,False,False,0
8051,G06006717,Low,False,False,False,0
8059,G06007705,Medium,False,False,False,0
8073,G06006709,Medium,False,False,False,0
539217,G06001312,High,False,False,True,1
538914,G06001700,High,True,True,False,0
285571,G06001312,Medium,False,False,False,0
398423,G06004701,Low,False,False,False,1
398439,G06001700,Medium,False,False,False,0
130987,G06000120,Low,False,False,False,0
8495,G06007707,Medium,False,False,False,1
285370,G06006717,High,False,False,False,0
398486,G06009901,High,False,False,False,0
285464,G06004701,High,False,False,False,0
368781,G06009903,High,False,False,False,0
166943,G06009903,Low,False,False,False,0
398526,G06006707,Medium,False,False,False,0
538657,G06001305,High,True,True,False,0
131004,G06011301,Medium,False,False,False,0
183047,G06006717,Medium,False,False,False,0
109227,G06006705,Medium,True,True,False,0
226755,G06000120,Medium,False,False,False,0
226753,G06001700,High,False,False,False,0
398247,G06000120,Medium,False,False,True,0
109347,G06001312,Low,True,True,False,0
398259,G06011301,Medium,False,False,False,0
8339,G06006709,High,False,False,True,0
398375,G06001305,Medium,False,False,False,0
368924,G06001308,High,False,False,False,0
167016,G06006712,High,False,False,False,0
368910,G06001305,High,False,False,False,0
296060,G06001700,Medium,False,False,False,0
538816,G06009502,Medium,False,False,False,0
538791,G06004702,High,False,False,False,0
398295,G06004701,Medium,False,False,True,0
130850,G06006707,Low,False,False,True,0
539244,G06000120,Low,False,False,False,0
539246,G06006709,Medium,False,False,False,0
369499,G06009501,High,False,False,False,1
130598,G06001312,Low,False,False,False,0
396807,G06006709,Low,False,False,False,0
110474,G06009503,Low,False,False,False,0
396758,G06007705,Low,False,False,False,1
189569,G06007707,Low,False,False,False,0
319635,G06009503,Medium,True,True,False,0
396897,G06007708,Medium,False,False,False,0
319641,G06001309,High,True,True,False,0
286006,G06007705,High,False,False,False,0
369470,G06001700,High,True,True,False,0
396948,G06009501,Medium,False,False,False,0
189577,G06007708,Medium,False,False,False,0
369411,G06004701,Low,False,False,False,1
110515,G06001700,Low,True,True,False,0
396529,G06001309,Medium,False,False,False,0
130452,G06007706,Low,False,False,False,0
234099,G06006709,High,False,False,False,0
7408,G06006717,Low,False,False,False,0
7412,G06009503,High,False,False,False,0
130526,G06006706,Medium,False,False,True,0
396677,G06000120,Medium,False,False,False,0
7484,G06001311,Medium,False,False,False,0
396695,G06006709,Low,False,False,False,0
110551,G06001313,High,False,False,False,0
286122,G06009903,Medium,False,False,True,0
396983,G06000120,Low,False,False,False,0
396984,G06006706,Low,True,True,False,0
397372,G06001313,Low,False,False,False,0
189655,G06009503,High,False,False,False,0
397407,G06011301,High,False,False,False,0
130794,G06007707,Medium,False,False,False,0
170523,G06001305,Medium,False,False,False,0
539467,G06001308,High,False,False,False,0
285846,G06000120,High,True,True,False,0
7930,G06009501,Medium,True,True,False,0
130845,G06007707,Medium,False,False,False,0
167124,G06009501,High,False,False,False,0
7959,G06006705,High,False,False,False,1
539490,G06011301,High,False,False,False,0
110198,G06011301,Low,False,False,False,0
234209,G06006712,Low,False,False,True,0
314321,G06009502,High,True,True,False,1
7681,G06011301,Low,False,False,False,0
397061,G06009503,Low,False,False,False,0
110318,G06006717,High,False,False,False,0
110291,G06001312,Medium,False,False,False,0
319658,G06006717,High,False,False,True,0
7699,G06009901,Low,True,True,False,0
189643,G06001313,Low,False,False,False,0
397201,G06007706,Medium,True,True,False,0
319688,G06007707,Low,True,True,False,0
369381,G06004701,High,False,False,True,0
397220,G06001311,Low,False,False,False,0
286897,G06006705,High,True,True,False,0
296603,G06004701,Medium,False,False,False,0
105550,G06011301,Low,False,False,False,1
12831,G06007706,Medium,False,False,False,0
297467,G06009502,Medium,False,False,False,0
133675,G06006706,Medium,False,False,False,0
133640,G06004701,Medium,False,False,False,0
533231,G06000120,High,False,False,True,0
408835,G06001311,Medium,False,False,False,0
282143,G06007707,Medium,False,False,False,0
365337,G06006717,Medium,False,False,False,0
408893,G06001314,Low,True,True,False,0
182180,G06000300,Low,True,True,False,0
192795,G06006707,Medium,True,True,False,0
165696,G06007706,High,False,False,True,0
101556,G06009503,High,False,False,False,0
365497,G06001313,High,False,False,False,0
101519,G06000300,Low,False,False,True,0
165686,G06009501,Medium,False,False,False,0
313761,G06000300,High,False,False,True,0
365489,G06007705,Medium,False,False,False,0
101432,G06007706,Medium,True,True,False,0
236223,G06006706,Low,True,True,False,0
533412,G06001313,High,False,False,False,0
101340,G06006717,High,False,False,False,0
192786,G06006717,Medium,False,False,False,1
192746,G06000300,High,False,False,False,1
533157,G06001312,High,True,True,True,0
101112,G06001308,Medium,False,False,False,0
182089,G06000300,Medium,False,False,True,0
281952,G06001313,High,False,False,False,1
297608,G06001312,Low,False,False,False,0
297610,G06007705,Medium,False,False,False,1
100660,G06001309,Medium,False,False,False,0
100645,G06006705,Low,False,False,False,0
365102,G06004701,High,False,False,False,0
281907,G06001314,Low,False,False,False,0
100608,G06006717,Low,False,False,False,0
170919,G06006712,Low,False,False,False,0
100541,G06009901,High,True,True,False,0
408963,G06007708,High,False,False,False,0
409253,G06000120,Medium,False,False,False,1
533151,G06009903,Medium,False,False,False,0
409003,G06007705,High,False,False,False,0
409020,G06009503,Medium,False,False,False,0
100982,G06000300,High,False,False,False,0
322099,G06000300,High,False,False,True,0
409242,G06006707,High,False,False,False,0
282039,G06000300,Medium,False,False,True,0
533071,G06007707,High,False,False,False,0
100836,G06007705,Medium,False,False,False,0
182092,G06004701,High,False,False,False,0
133898,G06001305,Low,False,False,False,0
365192,G06001311,Low,False,False,True,0
282027,G06004702,Medium,False,False,False,0
321975,G06007708,Low,False,False,False,0
533527,G06006717,Low,False,False,False,0
133618,G06001312,Low,False,False,False,0
102101,G06004702,High,False,False,False,0
533744,G06011301,High,False,False,False,0
365661,G06001305,Low,True,True,False,1
192465,G06001312,Low,False,False,False,0
192469,G06009503,High,True,True,False,0
236117,G06001311,Low,False,False,False,0
407701,G06011301,Low,False,False,False,0
236118,G06007707,Low,False,False,False,0
533701,G06000300,Low,False,False,False,0
407855,G06009503,Medium,False,False,False,0
101944,G06007705,Low,False,False,True,0
192484,G06006707,High,False,False,True,0
533700,G06001700,Medium,False,False,True,0
407843,G06006717,Low,False,False,False,0
407904,G06000120,High,False,False,False,0
282561,G06001311,Medium,False,False,False,0
365705,G06007707,Medium,False,False,False,0
533897,G06006705,Medium,False,False,False,0
12370,G06007706,Medium,False,False,False,0
12382,G06009502,Medium,True,True,False,0
533859,G06009903,High,False,False,False,0
133508,G06004702,Medium,False,False,False,0
365753,G06000300,High,False,False,False,1
102195,G06004701,Medium,False,False,False,0
297340,G06007705,Medium,False,False,False,0
12415,G06001313,High,False,False,False,0
182330,G06001311,High,False,False,False,0
165751,G06006717,High,False,False,False,0
321897,G06007705,Low,False,False,False,0
282509,G06006706,Medium,False,False,False,0
101935,G06001312,Medium,False,False,False,0
408178,G06001305,High,True,True,False,1
101706,G06000300,Low,True,True,False,0
533573,G06001305,High,True,True,False,0
192679,G06006705,High,True,True,False,0
408208,G06000300,Low,True,True,False,0
12604,G06001305,Medium,False,False,False,1
408213,G06009501,Medium,False,False,False,0
101678,G06007706,Medium,False,False,False,0
408229,G06001309,Low,False,False,True,0
533559,G06009502,Low,False,False,False,0
533548,G06000120,Medium,False,False,False,0
408263,G06009503,Medium,False,False,True,0
408224,G06000120,Low,False,False,False,0
225343,G06007707,High,False,False,False,0
192565,G06007705,High,False,False,False,1
12596,G06006707,Low,True,True,True,0
101918,G06007706,Low,False,False,False,0
133535,G06006706,Low,False,False,True,1
282495,G06001305,Low,False,False,True,0
407973,G06000300,Low,False,False,False,0
101862,G06006712,Low,False,False,False,0
282488,G06009903,High,True,True,False,0
12557,G06001314,High,False,False,False,0
12574,G06009503,Medium,True,True,False,0
533672,G06000300,High,False,False,False,0
408061,G06009502,High,False,False,False,0
78625,G06001312,High,False,False,False,0
12576,G06009501,Low,False,False,False,0
192529,G06001314,Medium,True,True,False,0
12584,G06009502,Medium,True,True,True,0
100467,G06000300,Medium,False,False,False,0
165761,G06001700,Low,True,True,False,0
13036,G06006709,Medium,False,False,False,1
409506,G06006707,Medium,False,False,True,0
99539,G06001308,High,True,True,False,0
410656,G06006709,High,False,False,False,0
532080,G06007706,Medium,False,False,False,0
410729,G06006709,Medium,True,True,True,1
322469,G06009502,Low,False,False,False,0
410762,G06007705,Medium,False,False,False,1
134388,G06006717,Low,False,False,False,0
410765,G06007706,Medium,False,False,False,0
134406,G06009502,High,False,False,False,0
13532,G06001311,Medium,False,False,True,0
410847,G06011301,Low,False,False,False,0
236864,G06001312,Medium,False,False,True,0
99561,G06001309,Low,False,False,False,0
532366,G06006709,Medium,False,False,False,0
236740,G06000120,High,False,False,True,0
532339,G06004702,High,False,False,False,0
13346,G06006712,Medium,False,False,True,0
364644,G06001314,Medium,False,False,True,1
532305,G06001309,Low,False,False,False,0
99565,G06009901,Medium,False,False,False,1
322331,G06006706,Medium,False,False,False,0
364629,G06001700,High,False,False,False,0
410421,G06004701,High,False,False,False,0
532239,G06006712,High,True,True,False,0
13383,G06007705,High,False,False,False,0
165416,G06000120,Low,False,False,False,0
410553,G06007705,Medium,False,False,False,0
410387,G06007707,Medium,False,False,False,0
410273,G06004702,Medium,False,False,False,0
99260,G06007705,Medium,False,False,False,0
531954,G06011301,Medium,False,False,False,0
99081,G06011301,Medium,False,False,False,0
411118,G06009903,Medium,False,False,False,0
236913,G06001700,Low,False,False,False,0
281351,G06004702,High,False,False,False,0
99019,G06009901,Medium,False,False,False,0
411187,G06001312,High,False,False,False,0
411102,G06006709,Low,False,False,False,0
411189,G06000120,Low,False,False,False,1
165339,G06006705,Low,False,False,False,0
99010,G06009502,Medium,True,True,False,0
98970,G06009503,Low,False,False,False,0
134487,G06004702,Low,False,False,False,0
281328,G06001312,Low,False,False,False,0
99011,G06009503,Low,True,True,False,0
410864,G06009502,Medium,False,False,True,0
297755,G06007708,Medium,False,False,False,1
165347,G06007707,Medium,False,False,False,1
297732,G06009503,Low,True,True,False,0
193420,G06001700,Medium,False,False,False,0
364516,G06006717,High,True,True,False,0
410944,G06001305,Medium,False,False,False,0
13545,G06009501,High,False,False,False,0
364468,G06000120,Medium,False,False,False,0
322512,G06000300,Medium,False,False,False,1
322520,G06007708,Low,False,False,False,0
410983,G06001305,High,False,False,False,0
13634,G06009901,High,False,False,False,0
411034,G06007706,High,False,False,False,0
134457,G06001305,Medium,False,False,False,1
134316,G06009503,High,False,False,False,1
165555,G06006707,High,True,True,False,0
409788,G06001313,Medium,False,False,False,0
532728,G06001308,Low,False,False,False,0
13181,G06001312,Medium,True,True,True,0
409758,G06011301,High,False,False,False,0
13184,G06006709,High,False,False,False,0
193128,G06007705,High,False,False,False,0
170990,G06000300,Low,True,True,False,0
532661,G06004702,High,False,False,False,0
322195,G06001309,Low,False,False,False,0
193161,G06009502,Low,False,False,False,0
225051,G06007706,Medium,False,False,False,0
193059,G06007708,High,False,False,False,0
193012,G06009502,High,False,False,False,0
409523,G06004702,Low,False,False,False,0
409529,G06009903,Low,False,False,False,1
133974,G06001312,Low,False,False,False,0
409577,G06001313,Medium,False,False,False,0
281763,G06001309,Low,True,True,False,0
409579,G06001309,Medium,False,False,False,0
100304,G06009903,Medium,True,True,False,0
364970,G06006717,Low,False,False,False,0
532796,G06006717,Medium,False,False,False,0
409700,G06006709,High,False,False,False,0
170928,G06006709,High,False,False,False,1
313698,G06006707,Medium,True,True,False,0
99876,G06004701,Medium,False,False,False,0
410154,G06001311,Low,False,False,False,0
99871,G06006712,High,False,False,False,0
364762,G06011301,Medium,False,False,False,0
281593,G06001314,High,False,False,False,0
13288,G06007707,High,False,False,False,0
410245,G06001308,Medium,False,False,False,1
313660,G06001309,High,False,False,False,0
99774,G06009903,Medium,False,False,False,0
364725,G06001311,Low,False,False,False,0
99882,G06006707,Medium,False,False,False,0
364795,G06001314,Medium,True,True,True,0
410115,G06001308,Medium,False,False,False,0
532595,G06006717,Medium,True,True,False,0
224991,G06009501,Medium,False,False,False,0
281666,G06006706,Medium,False,False,False,0
409978,G06007705,Medium,False,False,False,0
297641,G06009901,High,True,True,True,0
410015,G06006706,Medium,True,True,False,0
364862,G06009502,Medium,True,True,False,0
99940,G06006717,Medium,False,False,False,0
224985,G06007707,Low,True,True,False,0
532503,G06001314,High,False,False,False,0
134271,G06007705,Medium,False,False,False,0
165451,G06007707,Low,False,False,False,0
364809,G06000300,Medium,False,False,False,0
100415,G06007705,Medium,True,True,False,0
105574,G06009501,High,False,False,False,0
192342,G06011301,High,False,False,False,0
12348,G06007707,High,True,True,False,0
535638,G06000120,Medium,True,True,False,0
225745,G06004702,Medium,False,False,False,0
132479,G06000300,High,False,False,False,0
296789,G06001305,High,True,True,False,0
296826,G06006707,Low,False,False,False,0
283581,G06001311,Low,False,False,True,0
404273,G06001305,Medium,True,True,False,0
404295,G06006717,Low,False,False,False,1
104383,G06004701,Medium,False,False,False,0
321248,G06007707,Medium,False,False,False,0
404342,G06004702,Low,False,False,False,0
404360,G06000300,Medium,False,False,False,0
166133,G06001305,Low,True,True,False,0
104455,G06007706,Medium,False,False,False,0
10893,G06001313,Medium,False,False,False,0
403937,G06006717,High,False,False,False,0
235433,G06009501,Low,False,False,False,0
191368,G06009503,High,False,False,False,0
321133,G06000300,High,False,False,False,0
535712,G06011301,High,False,False,False,0
535709,G06000300,Low,False,False,False,0
132447,G06000120,High,False,False,False,1
104579,G06007707,High,False,False,False,0
404106,G06011301,Medium,False,False,False,0
283603,G06011301,Low,False,False,False,0
104500,G06006717,Low,False,False,True,0
104490,G06006717,Medium,False,False,False,0
132385,G06006706,Medium,False,False,False,0
10970,G06000300,High,False,False,False,0
404419,G06006705,High,False,False,False,0
283350,G06006712,Medium,False,False,False,0
191668,G06006706,High,False,False,False,0
404712,G06006706,Medium,False,False,True,0
132668,G06001308,High,False,False,False,0
11016,G06009502,Low,False,False,False,0
235630,G06007706,Low,False,False,False,0
535392,G06006707,Medium,False,False,False,0
11048,G06007705,Low,False,False,False,0
11103,G06001312,High,False,False,True,0
170732,G06007707,Medium,False,False,False,0
321366,G06006706,High,True,True,False,1
404846,G06001314,Low,True,True,True,0
404757,G06007707,Low,False,False,False,0
404610,G06006707,Medium,False,False,False,0
235574,G06007708,High,False,False,True,0
535575,G06009502,Medium,True,True,False,0
191550,G06004701,High,False,False,False,0
283506,G06001305,High,False,False,False,0
404502,G06009503,Low,True,True,False,0
366784,G06006717,Medium,False,False,False,0
283468,G06001700,Medium,False,False,False,0
535480,G06000120,Medium,False,False,False,0
235566,G06011301,Low,False,False,True,0
104160,G06007708,Low,False,False,True,0
404590,G06009503,Low,False,False,False,0
104147,G06009503,Medium,False,False,False,0
535506,G06001311,Medium,False,False,False,0
191350,G06006709,High,False,False,False,0
296746,G06006717,Medium,False,False,False,0
191124,G06006705,High,False,False,True,0
536172,G06006709,Low,False,False,True,0
191137,G06009903,High,False,False,False,0
105326,G06006712,High,False,False,False,0
536165,G06001313,Low,False,False,False,0
403239,G06009502,High,False,False,False,0
182747,G06009903,Medium,False,False,False,0
536162,G06000120,Low,False,False,False,0
105243,G06001309,Low,False,False,True,0
403379,G06009503,Medium,True,True,False,0
132255,G06007705,Medium,False,False,False,0
403416,G06001312,Medium,False,False,False,0
225839,G06006707,Low,False,False,False,0
132191,G06009503,High,False,False,True,0
403074,G06007706,Low,False,False,False,1
10256,G06000120,Low,False,False,False,0
105513,G06009503,Medium,False,False,False,0
403110,G06007708,Medium,False,False,False,0
10270,G06009502,Medium,False,False,False,0
235357,G06009501,Low,True,True,False,0
403118,G06006712,High,False,False,False,0
403133,G06001305,Medium,True,True,False,0
235336,G06006712,Low,False,False,False,0
105413,G06000300,Medium,False,False,False,0
225868,G06009901,Medium,False,False,False,0
10389,G06004702,High,False,False,False,0
403426,G06001700,Low,False,False,False,1
10458,G06007708,High,False,False,False,1
321044,G06009901,Low,False,False,False,0
105001,G06011301,Medium,False,False,False,0
10628,G06009903,Low,False,False,False,0
166195,G06001313,High,False,False,False,0
314017,G06001309,Medium,True,True,False,0
535938,G06007707,High,False,False,False,0
10716,G06000120,High,False,False,False,0
367108,G06000120,High,False,False,False,0
104837,G06007705,High,False,False,False,0
104779,G06009901,Medium,False,False,False,0
535769,G06000300,High,False,False,False,0
10722,G06000120,High,False,False,False,0
105006,G06001309,Medium,False,False,False,0
535978,G06007708,Low,False,False,False,0
296690,G06006717,Medium,False,False,False,0
536125,G06004702,High,False,False,False,1
105132,G06006706,High,False,False,False,0
403480,G06001305,Low,False,False,False,0
403515,G06001309,High,False,False,True,0
235381,G06006709,High,False,False,False,1
403540,G06001309,Medium,True,True,False,0
10492,G06007708,Low,True,True,False,0
105044,G06000120,High,False,False,False,0
403576,G06001314,Low,True,True,False,0
367150,G06009501,High,False,False,False,0
10511,G06006706,High,False,False,False,0
535999,G06004702,High,False,False,False,0
103963,G06006717,Low,True,True,False,0
225403,G06006712,Medium,True,True,False,0
235659,G06009501,High,False,False,False,0
11182,G06001311,High,False,False,False,0
406373,G06007708,High,True,True,False,0
282854,G06001308,High,False,False,False,0
11859,G06001312,Medium,False,False,False,0
103035,G06009501,Medium,False,False,False,0
11971,G06001305,Low,False,False,True,0
192122,G06001313,Low,False,False,False,0
12023,G06000120,High,False,False,False,0
192184,G06004701,Low,False,False,False,0
406692,G06001313,Medium,False,False,False,0
534365,G06009503,Low,False,False,False,0
165786,G06000120,Medium,True,True,True,0
103088,G06004702,Low,False,False,False,0
534530,G06009901,High,False,False,False,0
103269,G06006706,Medium,True,True,False,0
406019,G06001311,Low,False,False,False,0
313873,G06007705,High,False,False,False,0
192061,G06006709,High,False,False,False,1
103152,G06004702,Low,False,False,False,0
170847,G06011301,Medium,False,False,False,0
103097,G06000300,Medium,True,True,False,0
406086,G06009501,Medium,False,False,False,0
366162,G06006707,Low,False,False,False,0
406117,G06007708,Medium,False,False,False,0
11746,G06001700,Medium,False,False,False,0
235913,G06006705,Low,False,False,False,0
406152,G06001314,Low,False,False,False,0
103141,G06006707,High,False,False,False,0
406107,G06004702,High,False,False,False,0
235889,G06001700,Low,False,False,True,0
534209,G06000300,Medium,False,False,False,0
407216,G06007708,Medium,False,False,False,0
407221,G06006717,Medium,False,False,False,0
12213,G06009903,Low,False,False,False,0
407232,G06006717,Medium,False,False,False,0
282677,G06007708,High,False,False,False,0
12269,G06009901,High,False,False,False,0
407122,G06006717,Medium,False,False,False,0
533987,G06007705,High,False,False,False,0
282671,G06006706,High,False,False,False,0
407309,G06007707,High,False,False,False,0
12333,G06009503,Medium,False,False,False,1
313813,G06001305,Low,False,False,False,0
102815,G06000120,Medium,False,False,False,0
313826,G06004701,Medium,False,False,False,0
534085,G06011301,Low,False,False,False,0
102801,G06001313,Medium,False,False,False,1
133244,G06006712,Low,False,False,False,0
406884,G06001312,High,False,False,False,0
406891,G06001311,Low,False,False,False,0
133277,G06000300,High,False,False,True,0
102715,G06007706,High,False,False,False,0
12096,G06007708,Medium,False,False,False,0
102660,G06007706,High,False,False,False,0
165785,G06004702,Medium,True,True,False,0
225414,G06004702,Medium,False,False,False,0
102613,G06006707,Low,False,False,False,0
406931,G06007707,Medium,False,False,False,0
297115,G06007707,High,True,True,False,0
182473,G06006712,Medium,False,False,False,0
534636,G06009503,High,True,True,False,0
321450,G06006705,Low,False,False,False,0
405312,G06009901,High,False,False,False,0
103817,G06007706,High,False,False,False,0
182625,G06007708,High,True,True,False,0
11331,G06011301,High,False,False,False,1
103853,G06001311,Low,False,False,False,0
321455,G06006709,Medium,False,False,False,0
321473,G06006712,Low,False,False,False,0
405459,G06004702,High,True,True,False,0
132953,G06001305,Medium,False,False,False,0
103578,G06011301,High,False,False,False,0
132993,G06007706,High,False,False,False,0
235733,G06001305,Medium,False,False,False,0
165996,G06011301,Low,False,False,False,1
103907,G06001700,Low,False,False,True,0
132680,G06007708,Medium,False,False,False,0
366666,G06007708,High,False,False,False,0
283277,G06001313,High,False,False,False,0
11248,G06007707,Medium,False,False,False,0
103887,G06000120,Low,False,False,False,0
313905,G06009503,Medium,False,False,False,0
366619,G06007708,Medium,False,False,False,0
11232,G06007706,Medium,False,False,False,0
132753,G06001312,Medium,False,False,False,0
296952,G06006709,High,False,False,False,0
132749,G06000300,Medium,False,False,False,0
235788,G06007707,Medium,True,True,False,0
405575,G06009503,High,False,False,False,0
133051,G06009901,High,False,False,True,0
11497,G06001305,Low,False,False,False,1
297026,G06009903,High,False,False,False,0
103338,G06009903,High,False,False,False,1
103436,G06001313,Medium,True,True,True,0
405826,G06001309,Medium,False,False,False,0
103326,G06011301,Low,False,False,False,0
182513,G06009501,High,False,False,True,0
366276,G06000120,Low,True,True,False,0
225481,G06006705,Low,False,False,False,0
534637,G06000300,High,False,False,False,0
405908,G06011301,High,False,False,False,0
235868,G06001312,High,False,False,False,1
366322,G06006706,Medium,False,False,False,1
170818,G06004701,Medium,False,False,False,0
283064,G06006706,High,False,False,False,0
405640,G06001311,Medium,False,False,False,0
133001,G06001314,Low,False,False,False,0
103537,G06001311,High,False,False,True,0
11463,G06004701,High,False,False,True,0
11468,G06000120,Medium,False,False,False,0
191998,G06007706,Medium,True,True,False,0
283037,G06007706,High,True,True,False,0
405692,G06009502,High,True,True,False,0
192008,G06000300,High,False,False,False,0
165959,G06001312,High,False,False,False,0
11480,G06000300,Medium,False,False,False,0
321602,G06004701,Low,False,False,False,1
103937,G06001314,Low,False,False,True,0
227090,G06001305,Medium,False,False,False,0
394221,G06001314,High,False,False,False,0
229163,G06007708,High,False,False,False,0
291446,G06009501,High,True,True,False,0
382517,G06001312,Medium,False,False,False,0
382529,G06006707,Medium,True,True,False,0
546905,G06000120,Medium,False,False,False,0
121021,G06000120,Low,False,False,False,0
120887,G06001700,Medium,True,True,False,0
184527,G06000120,Low,True,True,False,1
382613,G06007707,Medium,True,True,False,0
315310,G06011301,High,False,False,False,0
126814,G06001311,Low,False,False,False,0
2147,G06009903,Medium,False,False,False,0
382578,G06000300,High,False,False,False,0
315288,G06001311,Medium,False,False,True,0
121049,G06000120,Medium,True,True,False,1
229175,G06006706,High,False,False,False,0
2026,G06001313,Medium,False,False,False,0
184589,G06009501,High,False,False,True,0
169107,G06001700,Medium,False,False,False,0
231185,G06004701,Medium,False,False,False,0
291506,G06009503,Medium,False,False,False,0
186424,G06009903,Medium,False,False,False,0
374773,G06001311,High,False,False,False,0
382237,G06009501,Medium,False,False,False,0
121113,G06001305,Low,False,False,False,0
382260,G06006717,Medium,False,False,False,1
382291,G06006706,High,False,False,False,0
186393,G06000120,High,False,False,False,1
126730,G06009502,Medium,False,False,False,0
382077,G06007706,Medium,True,True,False,0
374568,G06009903,Low,False,False,True,0
168956,G06009903,Medium,False,False,False,0
383035,G06007706,High,False,False,False,0
120473,G06009502,High,False,False,True,0
2287,G06006717,Medium,True,True,False,1
291189,G06000120,High,False,False,False,0
374473,G06001314,Low,False,False,False,0
168931,G06009903,High,False,False,False,0
383135,G06007707,Medium,True,True,False,0
2314,G06006706,High,False,False,False,0
374428,G06006709,Low,False,False,False,0
231366,G06009901,Low,False,False,False,0
228992,G06006707,High,False,False,False,0
120725,G06006712,Medium,True,True,False,1
120543,G06004701,High,False,False,False,0
382790,G06001312,High,False,False,False,0
382811,G06006717,High,False,False,True,0
120701,G06001314,Low,True,True,False,0
120691,G06004701,Low,False,False,False,0
316773,G06000120,Low,False,False,False,0
229114,G06000120,Low,False,False,False,0
291215,G06007707,Medium,False,False,False,0
184504,G06001308,Medium,False,False,False,0
120654,G06009501,High,False,False,False,0
546722,G06001308,High,False,False,False,0
291246,G06009502,Low,False,False,False,0
120604,G06001313,Medium,False,False,False,0
315287,G06009503,Medium,False,False,False,0
120551,G06007708,Low,True,True,False,0
547011,G06000300,Low,False,False,True,0
382054,G06000120,High,True,True,True,0
121220,G06004701,High,False,False,False,0
381430,G06001305,High,False,False,False,0
375236,G06007708,Medium,False,False,False,0
547390,G06007705,Low,True,True,False,0
186349,G06001311,Medium,False,False,False,0
121717,G06007706,Low,False,False,False,0
169916,G06006706,Medium,False,False,False,0
1724,G06009903,Medium,True,True,False,0
381613,G06009903,High,False,False,False,0
381644,G06000120,Low,False,False,False,0
291721,G06009903,High,False,False,False,0
316617,G06006712,Medium,False,False,False,0
547414,G06004702,Low,False,False,False,0
547438,G06006709,Low,True,True,False,0
184611,G06001311,High,False,False,False,0
291783,G06009501,High,False,False,False,0
121920,G06009503,Low,False,False,False,0
291773,G06007705,Medium,False,False,False,0
547505,G06009502,Medium,False,False,False,0
381394,G06001700,Medium,False,False,False,0
1696,G06001308,Medium,False,False,False,0
121852,G06007707,Low,False,False,False,0
547464,G06006707,High,True,True,False,0
381348,G06001312,Medium,True,True,True,0
126404,G06007706,Medium,False,False,False,0
121578,G06001305,High,False,False,False,0
186361,G06000120,Low,False,False,False,0
1835,G06001314,Medium,False,False,True,0
293965,G06007707,High,False,False,True,0
547123,G06007705,Medium,False,False,True,0
231128,G06001309,High,False,False,False,0
291557,G06000300,High,False,False,True,0
121354,G06011301,Medium,False,False,False,0
374898,G06001309,Low,False,False,True,0
316669,G06000300,Medium,False,False,False,0
316677,G06007705,Low,True,True,False,0
126569,G06009903,Medium,True,True,False,0
382023,G06006706,Low,False,False,False,0
291531,G06004702,High,False,False,False,0
381986,G06006705,Medium,False,False,False,0
381887,G06001700,Low,False,False,False,0
121383,G06009503,Medium,False,False,False,0
126515,G06007707,High,False,False,False,1
291653,G06006717,High,False,False,False,0
547208,G06006707,Low,False,False,False,0
547184,G06001312,High,False,False,True,0
381740,G06001700,Low,False,False,False,0
381760,G06001309,High,False,False,False,0
121549,G06006717,Medium,False,False,False,0
291627,G06009502,Medium,False,False,False,0
547163,G06001312,Low,False,False,False,0
547159,G06011301,Medium,False,False,False,0
291622,G06006707,High,False,False,False,0
381815,G06000120,Medium,False,False,False,0
381836,G06006705,Medium,False,False,False,0
126506,G06001314,High,False,False,True,0
381865,G06007706,Medium,False,False,False,0
231428,G06001313,Low,False,False,False,0
294172,G06004701,Low,False,False,False,0
170007,G06001305,Low,True,True,False,0
118986,G06004701,High,True,True,False,0
384804,G06007707,Low,False,False,False,0
384806,G06007705,Medium,False,False,False,0
373921,G06001313,High,True,True,True,1
168685,G06001308,Medium,False,False,False,0
290645,G06001309,Medium,True,True,False,0
384904,G06004702,High,False,False,False,0
231645,G06009903,High,False,False,False,0
186943,G06009901,High,False,False,False,0
315144,G06001312,Medium,False,False,False,0
384972,G06007706,High,False,False,True,0
384889,G06001311,High,False,False,False,0
545957,G06006717,Low,False,False,False,0
373935,G06009502,Medium,False,False,False,0
384508,G06001311,High,False,False,False,0
2878,G06006712,High,False,False,False,1
231560,G06001312,Medium,False,False,False,0
546048,G06004702,Medium,False,False,False,0
374023,G06006712,High,True,True,False,0
228849,G06007705,Medium,False,False,False,0
119018,G06011301,High,False,False,False,0
294318,G06001314,High,False,False,False,0
384620,G06001312,High,False,False,False,0
127225,G06006705,Medium,False,False,False,0
119045,G06006717,Medium,False,False,False,0
119044,G06006717,High,False,False,False,0
127268,G06007706,Low,True,True,False,0
373945,G06009503,Medium,False,False,False,1
374010,G06001314,Low,False,False,False,0
384479,G06006709,Medium,False,False,False,0
384998,G06001309,High,False,False,False,0
168634,G06009901,Low,False,False,False,0
545832,G06001312,Medium,False,False,False,0
545822,G06011301,Medium,True,True,False,0
127467,G06007708,High,False,False,False,0
385407,G06004702,High,True,True,False,0
290386,G06001305,Medium,True,True,False,0
118526,G06007707,High,False,False,False,0
228743,G06007705,High,False,False,False,1
118508,G06001309,High,False,False,False,0
228729,G06006707,Low,True,True,False,0
385466,G06006709,Low,False,False,False,0
118470,G06009503,High,False,False,False,0
118462,G06006705,Medium,False,False,False,0
290365,G06007708,High,False,False,False,0
545860,G06011301,Low,False,False,False,1
118639,G06009903,Medium,False,False,False,0
118821,G06006709,Medium,False,False,False,0
231692,G06006707,Medium,False,False,False,0
290478,G06007708,Medium,False,False,False,0
545898,G06007707,High,True,True,False,0
186977,G06009502,High,False,False,False,1
315131,G06007707,High,False,False,False,1
385346,G06001700,Low,False,False,False,0
373819,G06000300,Low,True,True,False,0
3158,G06007707,Low,False,False,False,1
118664,G06006717,High,False,False,False,0
187004,G06004701,Low,False,False,False,0
545864,G06004701,Medium,True,True,False,0
184340,G06009503,Medium,False,False,False,1
3145,G06011301,Low,True,True,False,0
384433,G06000300,Medium,False,False,False,0
546087,G06009503,High,False,False,False,0
2466,G06006717,High,False,False,False,1
383715,G06006706,High,False,False,False,0
383752,G06006707,Medium,False,False,False,0
2472,G06001312,High,True,True,False,0
2415,G06006709,Low,False,False,False,0
383816,G06001311,Low,False,False,False,0
2473,G06001308,High,True,True,True,0
383848,G06006705,Medium,False,False,False,0
374246,G06007707,Medium,False,False,False,0
119744,G06007706,Medium,False,False,False,0
119721,G06006709,Low,False,False,False,0
119901,G06011301,Low,False,False,False,0
383904,G06001309,Low,False,False,False,0
119991,G06000120,Medium,True,True,True,0
120001,G06007705,High,False,False,False,0
2388,G06009503,High,False,False,False,0
168904,G06007705,Low,True,True,False,0
374367,G06009502,High,False,False,False,0
184405,G06009903,Low,False,False,False,0
120035,G06001312,High,False,False,True,0
184400,G06007707,Low,False,False,False,0
315281,G06009502,High,False,False,False,0
383599,G06009503,High,False,False,False,0
383647,G06006717,High,False,False,False,0
294217,G06006709,Low,False,False,False,1
383906,G06001700,Low,False,False,False,0
374197,G06009502,High,False,False,False,0
546296,G06009901,Low,False,False,False,0
384245,G06007708,Medium,False,False,False,0
119457,G06009503,Medium,False,False,False,0
546213,G06000300,High,False,False,True,0
186777,G06009901,Low,False,False,True,0
2765,G06011301,Medium,False,False,False,0
384218,G06006706,Low,False,False,False,0
374082,G06006705,Low,False,False,False,0
384343,G06009901,High,False,False,False,0
290809,G06001311,Medium,True,True,False,0
127183,G06007708,Low,False,False,False,0
315233,G06001312,Low,False,False,False,0
127173,G06004702,High,False,False,False,0
2700,G06000300,Medium,False,False,True,0
231514,G06009501,Low,False,False,False,0
384184,G06000300,Medium,True,True,False,0
374165,G06001308,Low,False,False,False,0
119638,G06001700,Low,True,True,False,0
119636,G06001309,Low,False,False,False,0
384041,G06007707,High,False,False,False,0
290933,G06001308,Low,False,False,False,0
317012,G06007705,Medium,False,False,False,0
384126,G06006712,High,False,False,False,0
384162,G06009502,High,False,False,False,0
317062,G06006717,High,False,False,False,1
383297,G06004701,Low,False,False,True,0
3215,G06001700,High,False,False,False,0
122025,G06001700,High,False,False,False,1
291795,G06001311,Medium,True,True,False,0
292779,G06009502,High,True,True,False,0
315989,G06000120,Low,False,False,False,0
549154,G06000120,High,False,False,False,0
855,G06001308,High,True,True,False,0
292824,G06007706,Medium,True,True,True,1
316085,G06009503,Low,True,True,False,1
549019,G06007707,Medium,False,False,False,0
185441,G06009501,Medium,True,True,False,0
378423,G06001311,Low,False,False,False,0
124156,G06004702,Medium,False,False,False,1
124111,G06001313,Low,False,False,True,0
185319,G06006707,Low,False,False,False,0
124573,G06001305,Low,True,True,False,0
230419,G06011301,High,False,False,False,0
124512,G06006712,High,False,False,False,1
636,G06001312,Medium,False,False,False,0
293290,G06009503,Medium,False,False,False,0
377927,G06004701,Low,False,False,False,1
377982,G06000120,High,False,False,False,0
292844,G06009503,Low,False,False,False,0
378017,G06001308,Medium,False,False,False,0
169553,G06007708,Medium,True,True,False,0
125487,G06004702,Low,False,False,False,0
548965,G06001311,High,False,False,False,0
378686,G06006705,Low,False,False,False,0
548823,G06001312,Medium,False,False,False,0
548799,G06007708,Medium,False,False,False,0
548777,G06009903,High,False,False,False,0
548770,G06006709,Medium,False,False,False,0
230597,G06006717,Medium,True,True,False,0
378668,G06006707,Medium,False,False,False,0
378756,G06000300,Low,True,True,False,0
123856,G06007707,Medium,False,False,False,0
548695,G06001312,Medium,False,False,True,0
1003,G06001311,High,False,False,False,0
378838,G06006717,Medium,False,False,False,0
548836,G06007706,High,True,True,False,0
230588,G06001308,Low,False,False,False,0
548928,G06009503,High,True,True,False,1
378464,G06001309,Medium,False,False,False,0
169455,G06006705,High,False,False,False,0
548896,G06009903,Medium,False,False,True,0
378657,G06001311,Medium,False,False,False,0
378488,G06006707,Medium,False,False,False,0
378540,G06009903,Medium,False,False,False,0
376019,G06009901,Medium,True,True,False,0
548855,G06006712,High,False,False,False,0
899,G06009501,Low,False,False,False,0
124584,G06000120,High,False,False,False,0
549397,G06004702,Low,False,False,False,0
377771,G06001308,High,False,False,False,0
125046,G06001314,High,False,False,False,1
376580,G06006706,Medium,False,False,False,0
125002,G06009501,High,True,True,False,0
376998,G06000300,Medium,False,False,False,0
376529,G06006709,Low,False,False,False,0
125047,G06001308,Medium,False,False,False,0
145,G06009502,High,True,True,False,1
377100,G06009903,Low,False,False,False,1
377119,G06001312,Low,False,False,False,0
185054,G06007707,High,False,False,False,0
257,G06007708,Medium,False,False,False,0
377070,G06001314,High,False,False,False,0
376459,G06000120,Low,False,False,False,0
125262,G06001314,Low,False,False,False,0
376873,G06007708,Low,False,False,False,0
169731,G06001312,High,False,False,False,1
125143,G06000300,Medium,False,False,False,0
125218,G06004701,High,False,False,False,0
185158,G06006706,High,True,True,False,0
185142,G06009503,Low,False,False,False,0
293122,G06007706,Medium,True,True,True,0
185156,G06007708,High,False,False,False,0
230231,G06004702,Low,False,False,False,0
293100,G06009502,Medium,False,False,False,1
230305,G06004702,Medium,False,False,False,0
125105,G06000120,Low,False,False,False,0
293217,G06011301,High,False,False,True,0
169588,G06001312,Medium,False,False,False,0
315862,G06009903,High,False,False,False,0
549506,G06006709,Low,False,False,False,0
124804,G06006707,High,False,False,False,0
292926,G06000300,Low,False,False,False,0
230214,G06001314,Low,False,False,False,0
169839,G06007705,High,False,False,False,0
315871,G06006717,Medium,False,False,False,0
292898,G06011301,Medium,True,True,False,0
185014,G06007708,Medium,False,False,False,0
377564,G06001314,High,False,False,False,0
230373,G06009903,Low,False,False,False,0
377214,G06001311,High,True,True,False,0
124893,G06000300,High,False,False,False,0
230328,G06009502,Medium,False,False,False,0
293017,G06007707,Low,False,False,False,0
376390,G06001309,Medium,False,False,True,1
377315,G06006717,High,False,False,False,1
185240,G06006705,Medium,False,False,False,0
169669,G06007706,Low,False,False,False,0
396,G06007706,High,False,False,False,0
377488,G06006707,Low,False,False,False,0
122087,G06001313,High,False,False,False,0
378878,G06006709,High,False,False,False,0
1036,G06001308,Medium,True,True,False,0
547995,G06000300,High,False,False,False,0
229454,G06011301,Medium,False,False,True,0
126091,G06009901,Medium,False,False,False,0
380324,G06007705,Low,False,False,False,0
380368,G06006705,High,False,False,False,0
380369,G06000120,Low,False,False,False,0
122739,G06001309,Medium,False,False,True,0
292067,G06007706,High,False,False,False,0
316414,G06006712,High,False,False,False,0
186009,G06006709,High,False,False,False,1
380440,G06009503,Medium,False,False,False,0
375561,G06007707,High,False,False,False,1
230899,G06001309,Low,False,False,False,0
375590,G06006712,High,False,False,False,0
292034,G06011301,High,False,False,False,0
316398,G06001309,Medium,False,False,False,1
380242,G06009903,High,False,False,False,0
316316,G06007708,High,False,False,False,0
230802,G06006712,High,False,False,False,0
292173,G06004702,High,False,False,True,0
380100,G06001312,High,False,False,False,0
380109,G06000120,Medium,False,False,False,0
293739,G06006707,Medium,False,False,False,0
230847,G06001314,Medium,False,False,False,0
380138,G06007707,High,False,False,False,0
380153,G06001305,High,False,False,False,0
293741,G06006712,Medium,True,True,False,0
548084,G06011301,Low,False,False,False,0
375654,G06006707,Low,False,False,False,0
292135,G06009903,Medium,False,False,False,0
316386,G06006709,Medium,False,False,False,0
122854,G06000120,High,False,False,False,1
122566,G06006717,Medium,True,True,False,0
547652,G06006706,Low,False,False,True,0
186173,G06001312,Low,False,False,False,0
122251,G06000120,High,False,False,False,0
375397,G06011301,High,False,False,False,0
122206,G06000300,Medium,False,False,False,0
186182,G06000300,High,False,False,False,0
122287,G06001308,Low,False,False,False,0
186211,G06009503,Low,False,False,False,0
547554,G06009502,Low,False,False,False,0
381017,G06000120,Low,False,False,False,0
381018,G06001311,High,False,False,False,0
547552,G06004701,Low,False,False,True,0
291844,G06006709,High,False,False,False,0
380519,G06009903,High,False,False,False,0
547679,G06007707,Medium,False,False,True,0
316464,G06009903,Low,True,True,False,0
122501,G06009903,Medium,False,False,True,0
1479,G06006709,Low,False,False,False,0
1480,G06001313,Low,True,True,False,0
375543,G06001700,Medium,True,True,False,0
292019,G06007707,Medium,False,False,False,0
380760,G06011301,High,False,False,False,0
547705,G06001312,High,False,False,False,0
122451,G06007705,Low,False,False,False,0
186077,G06004702,High,True,True,False,1
122422,G06006707,High,False,False,False,0
547704,G06006712,Low,False,False,False,1
375459,G06009502,Medium,False,False,True,0
1488,G06006707,Medium,False,False,False,0
380029,G06001313,High,False,False,True,0
380016,G06004701,Medium,False,False,False,1
1364,G06009501,High,False,False,False,0
125979,G06006707,High,False,False,False,0
292447,G06001309,High,False,False,False,0
230646,G06001308,High,True,True,False,0
316255,G06007705,High,False,False,False,0
292437,G06001305,High,False,False,False,0
548466,G06001700,High,False,False,False,0
292467,G06011301,Medium,True,True,False,0
292411,G06007706,High,False,False,False,0
123501,G06001700,Medium,False,False,False,0
548445,G06001311,High,False,False,True,0
548425,G06000120,High,False,False,False,0
375776,G06009502,High,False,False,False,1
379306,G06006717,Medium,True,True,False,0
379372,G06007705,High,False,False,False,1
185721,G06009903,Medium,True,True,False,0
293552,G06001308,Medium,False,False,False,1
378959,G06001314,High,False,False,False,1
230620,G06000120,High,False,False,False,0
548613,G06007707,Medium,False,False,False,1
184884,G06007708,High,False,False,False,0
185744,G06007706,High,False,False,False,0
379023,G06007707,High,False,False,True,0
1054,G06009903,High,False,False,False,0
123752,G06006705,High,False,False,False,0
1107,G06007708,Low,False,False,False,0
375862,G06009901,Low,False,False,False,0
316242,G06001314,Medium,False,False,False,1
379021,G06011301,Medium,False,False,False,0
123409,G06006709,High,False,False,False,0
229742,G06001308,Medium,False,False,False,0
379412,G06009903,Medium,True,True,False,0
292256,G06007707,High,False,False,True,0
123132,G06004702,High,False,False,False,0
379853,G06004702,High,False,False,False,0
548176,G06001314,High,False,False,False,0
1351,G06009503,Medium,False,False,False,0
1354,G06001308,High,False,False,True,1
292201,G06006709,Medium,False,False,False,0
379959,G06001700,Medium,False,False,False,0
375702,G06001313,Low,False,False,False,0
229509,G06011301,High,False,False,False,0
122955,G06001311,High,False,False,False,0
169890,G06011301,Low,False,False,False,0
123209,G06006705,High,False,False,False,0
548215,G06011301,High,False,False,True,0
169401,G06006717,Medium,False,False,False,1
379434,G06001313,Medium,True,True,False,0
379535,G06004702,Low,False,False,False,0
379561,G06006707,Medium,False,False,False,0
379596,G06006717,High,False,False,False,0
185835,G06011301,High,False,False,False,0
230737,G06000300,Low,False,False,False,0
379667,G06001314,Medium,False,False,True,0
293673,G06006707,High,False,False,False,0
292275,G06000300,High,False,False,False,0
379749,G06001700,Low,False,False,False,0
230754,G06000120,Low,False,False,False,1
316159,G06006717,Medium,False,False,False,0
118396,G06001700,Medium,False,False,False,0
545764,G06001309,High,False,False,False,0
545762,G06009903,Medium,True,True,False,0
114632,G06007707,Low,False,False,False,0
227778,G06009903,Low,False,False,False,0
188266,G06000120,Low,False,False,False,0
114604,G06004701,High,True,True,False,0
188220,G06001700,High,False,False,True,0
227764,G06001309,High,False,False,False,0
391145,G06007707,Medium,False,False,False,0
542763,G06007705,High,True,True,False,1
114550,G06006706,Low,False,False,False,0
371675,G06009502,High,False,False,False,0
288100,G06006706,Low,False,False,True,0
227724,G06001309,Medium,False,False,False,0
390963,G06007707,Medium,False,False,False,0
288146,G06001700,High,False,False,True,0
390818,G06009502,High,False,False,False,0
232833,G06011301,Low,False,False,False,1
318438,G06001311,High,False,False,False,0
183738,G06009501,Medium,False,False,False,0
114650,G06001314,Medium,False,False,False,0
542807,G06006717,High,True,True,True,0
318453,G06011301,Medium,False,False,False,0
390931,G06004702,High,False,False,False,0
390937,G06001309,Medium,True,True,True,0
288151,G06011301,Low,False,False,False,0
390786,G06007705,High,False,False,True,0
542708,G06001305,Medium,False,False,False,0
188352,G06009903,Medium,True,True,False,0
227573,G06009502,Medium,False,False,False,1
318549,G06004702,Medium,False,False,True,0
114171,G06007708,Medium,False,False,False,0
128832,G06004702,High,False,False,False,0
391543,G06004702,Medium,False,False,False,0
188332,G06006717,Medium,False,False,False,0
295172,G06001311,Low,False,False,True,0
287927,G06001314,Medium,False,False,False,1
287823,G06011301,Medium,True,True,False,0
542471,G06006706,Low,False,False,True,0
371520,G06000300,Medium,False,False,False,0
5619,G06001308,Medium,False,False,False,0
542487,G06007705,Low,False,False,False,0
188277,G06006707,Low,False,False,False,0
391466,G06000120,High,False,False,False,0
391448,G06001314,High,False,False,False,0
288042,G06001308,High,True,True,False,0
391324,G06009903,Medium,False,False,False,0
188315,G06001309,Medium,True,True,False,0
391348,G06009502,Medium,False,False,False,0
391457,G06009503,Low,False,False,False,0
227574,G06009903,Medium,False,False,False,0
391430,G06006717,Medium,False,False,False,0
542565,G06001311,Medium,True,True,False,0
542561,G06009503,Low,False,False,False,0
391446,G06009501,Low,False,False,False,0
295158,G06004701,High,False,False,False,1
390772,G06006707,Low,False,False,False,0
390769,G06006717,High,False,False,False,0
167869,G06007707,Low,True,True,False,0
543311,G06009903,Low,False,False,False,0
232723,G06006707,High,True,True,False,0
115216,G06007707,Low,True,True,False,0
5091,G06001312,Low,False,False,False,0
543292,G06001312,Medium,False,False,True,0
543252,G06011301,High,False,False,False,0
115252,G06007707,Medium,False,False,False,0
390176,G06000300,Medium,False,False,False,0
390210,G06007706,Low,False,False,False,0
5127,G06007707,High,False,False,False,0
390230,G06006717,High,False,False,False,0
390249,G06004702,Low,False,False,False,0
115164,G06009502,High,False,False,False,0
371964,G06001305,Medium,True,True,False,0
543251,G06009903,High,True,True,False,0
390331,G06007707,Low,False,False,False,0
115277,G06007706,Medium,False,False,False,0
390019,G06006707,High,False,False,False,0
314796,G06001305,Medium,True,True,False,0
288612,G06001312,Medium,True,True,False,0
543397,G06006717,Low,False,False,False,0
543393,G06009503,Low,False,False,False,0
232683,G06000120,Medium,False,False,False,0
543383,G06006712,High,False,False,False,0
188077,G06006707,High,False,False,False,0
4991,G06007706,Low,False,False,False,0
128472,G06007707,Low,False,False,False,0
543376,G06004702,Medium,False,False,False,0
390016,G06009503,Medium,False,False,False,0
128458,G06007705,Low,False,False,False,0
390335,G06001309,High,False,False,False,0
188123,G06009501,Medium,True,True,False,0
188125,G06001700,Low,False,False,False,0
390614,G06006717,Medium,True,True,False,0
128587,G06001314,High,False,False,False,0
542987,G06001311,Low,False,False,False,0
114864,G06000120,Medium,False,False,False,0
128626,G06001312,Medium,False,False,False,0
542992,G06001305,Medium,False,False,False,0
288280,G06007708,Low,False,False,False,1
5325,G06001309,High,True,True,False,0
390727,G06004701,Medium,False,False,False,0
542959,G06009503,Medium,False,False,False,0
114788,G06001312,Low,False,False,True,0
542952,G06009502,Medium,False,False,False,0
128637,G06001309,High,False,False,True,0
390567,G06001305,Low,False,False,False,0
5322,G06000300,Medium,False,False,False,0
371801,G06001305,Medium,False,False,False,0
543161,G06006709,Low,False,False,False,0
5234,G06000120,High,True,True,True,0
288403,G06000120,Low,False,False,False,0
318338,G06001311,Low,False,False,False,0
115033,G06009503,Low,False,False,False,0
390386,G06006712,Low,False,False,False,0
115028,G06009903,High,False,False,False,0
167893,G06011301,Medium,False,False,False,0
5250,G06007705,Low,False,False,False,0
188146,G06006707,High,True,True,False,0
371878,G06006717,High,False,False,False,1
314684,G06000120,Low,False,False,False,0
232637,G06006707,Low,False,False,False,0
114128,G06001314,Medium,False,False,False,0
188432,G06006712,Low,False,False,False,0
393281,G06000300,Medium,False,False,False,0
541658,G06000300,Low,False,False,False,0
393319,G06006717,Medium,False,False,False,0
393328,G06001309,Medium,False,False,True,0
370984,G06001309,High,False,False,False,0
6244,G06000120,Low,True,True,False,0
541615,G06001312,Medium,False,False,False,0
393393,G06001312,High,False,False,False,0
112935,G06004701,Medium,True,True,False,0
393463,G06001308,Medium,False,False,True,0
370881,G06004701,High,False,False,False,0
112831,G06009903,High,True,True,False,0
227274,G06004701,Medium,False,False,False,0
393257,G06006707,Medium,False,False,False,0
233324,G06011301,Low,False,False,False,0
113123,G06006717,High,False,False,False,0
541789,G06007707,High,False,False,False,1
183514,G06004702,High,False,False,False,0
295340,G06009903,Medium,False,False,False,0
113076,G06001311,Low,False,False,False,0
129398,G06001308,Medium,False,False,False,0
113047,G06009502,Low,False,False,False,0
393144,G06007705,High,False,False,False,0
295344,G06007707,Low,True,True,False,0
393198,G06001312,High,False,False,False,0
6151,G06009503,Medium,False,False,False,0
170322,G06007706,Medium,False,False,False,0
112544,G06009503,High,False,False,False,0
319009,G06007705,High,False,False,False,0
188986,G06001305,High,False,False,True,0
370734,G06007708,High,True,True,False,1
541328,G06004702,Low,False,False,False,0
287001,G06001305,Low,False,False,False,0
286972,G06006712,Low,False,False,False,0
227108,G06009502,High,False,False,False,0
129592,G06006707,Low,False,False,False,0
370710,G06001901,Low,False,False,False,0
112463,G06004702,Medium,False,False,False,0
129621,G06007706,Medium,False,False,True,0
394192,G06006705,High,True,True,False,0
112504,G06009501,Medium,True,True,False,0
295499,G06006717,Medium,False,False,False,1
112759,G06011301,Low,False,False,True,0
541459,G06009503,High,True,True,False,0
393679,G06000120,Medium,False,False,False,0
188946,G06007707,High,False,False,False,0
393743,G06001308,Medium,False,False,False,0
287079,G06006707,Low,False,False,False,0
170415,G06006705,High,False,False,False,0
227185,G06001700,Medium,True,True,False,0
393840,G06004701,High,False,False,False,0
227159,G06004702,Medium,False,False,False,0
393897,G06006717,High,True,True,False,0
112608,G06000120,Medium,False,False,False,0
183477,G06007705,High,True,True,False,1
392852,G06001312,Low,False,False,True,0
233308,G06006717,Medium,False,False,False,0
113898,G06001314,Low,False,False,False,0
392036,G06000120,Low,False,False,False,0
227499,G06007708,Low,False,False,False,0
129033,G06000300,Low,True,True,False,0
392060,G06009503,High,False,False,False,0
113862,G06004702,Medium,False,False,False,0
227471,G06009903,High,False,False,False,0
542101,G06004702,Medium,True,True,False,0
188549,G06001314,Medium,False,False,False,0
295281,G06001308,Medium,False,False,False,0
167646,G06009903,Medium,False,False,False,0
392001,G06001313,Medium,False,False,False,0
391992,G06001311,High,True,True,False,0
5667,G06000120,Low,False,False,False,0
5693,G06007705,High,False,False,False,0
114043,G06000300,Low,False,False,False,0
5751,G06001700,Medium,False,False,True,0
227529,G06001313,Medium,False,False,False,0
391911,G06006707,Medium,False,False,False,0
391994,G06009903,High,False,False,False,0
318774,G06009903,Medium,False,False,True,0
128962,G06004702,Low,False,False,False,0
371400,G06001313,Medium,False,False,False,1
183612,G06009901,High,False,False,False,1
542173,G06001305,Medium,False,False,False,0
287730,G06011301,Low,False,False,False,0
287727,G06000120,Low,False,False,False,0
542073,G06000120,Medium,False,False,False,0
542072,G06006717,Low,False,False,False,0
392257,G06009503,Medium,False,False,False,0
392502,G06000120,High,False,False,False,0
113487,G06009903,High,False,False,False,0
392576,G06006717,High,False,False,False,0
6049,G06000120,High,False,False,False,0
170305,G06001700,Medium,False,False,False,0
287513,G06006707,Low,False,False,False,0
541894,G06001311,Low,True,True,False,0
113288,G06007708,Medium,True,True,False,0
392648,G06004701,Medium,False,False,False,0
113258,G06007705,High,False,False,False,0
227464,G06001312,High,False,False,False,0
392779,G06009501,Medium,False,False,False,0
392622,G06007705,Low,False,False,False,1
6021,G06004702,Low,False,False,False,0
314612,G06009503,High,True,True,False,0
188572,G06011301,Low,False,False,True,0
113724,G06001313,Medium,False,False,False,0
129075,G06001311,Low,True,True,False,1
113621,G06001313,Low,False,False,False,0
183538,G06007708,Medium,False,False,False,0
233246,G06006709,Low,False,False,False,0
113613,G06000120,High,False,False,False,0
113596,G06001309,High,False,False,True,0
541996,G06001311,High,False,False,False,0
129130,G06011301,Medium,False,False,False,0
233262,G06006707,Low,False,False,True,0
287543,G06006717,Medium,False,False,False,0
392448,G06001309,High,False,False,True,0
392450,G06000120,High,False,False,False,0
4874,G06011301,High,False,False,False,0
389817,G06001314,Medium,False,False,False,0
128427,G06007707,Medium,False,False,False,0
386710,G06011301,Medium,False,False,True,0
3649,G06001309,Medium,False,False,False,0
289891,G06001312,Low,False,False,False,0
289888,G06001308,Medium,False,False,False,0
386671,G06009501,High,False,False,True,0
386734,G06009503,High,False,False,False,1
117506,G06007707,Medium,False,False,False,0
117501,G06009903,Medium,False,False,False,0
289875,G06009903,Low,False,False,False,0
117490,G06007706,Low,True,True,True,0
228434,G06000300,High,False,False,False,0
117483,G06004702,Medium,False,False,False,0
117517,G06011301,High,True,True,False,0
231976,G06009903,High,False,False,False,0
117602,G06007707,Medium,False,False,True,0
3505,G06001700,High,False,False,False,0
386491,G06007705,Medium,False,False,False,0
386500,G06001700,Medium,False,False,False,0
228496,G06006705,Medium,False,False,False,0
545319,G06001305,High,True,True,True,0
386615,G06001313,Medium,False,False,False,0
386532,G06009501,Low,False,False,False,0
386542,G06001312,High,False,False,False,0
386545,G06001305,Low,True,True,True,0
117572,G06004701,Low,False,False,False,1
168462,G06006709,High,False,False,False,0
117608,G06007707,High,False,False,False,0
289796,G06007706,High,False,False,False,0
386949,G06004701,Medium,False,False,False,0
117256,G06009501,Low,True,True,False,0
387353,G06009903,Medium,False,False,False,0
544903,G06009503,High,False,False,False,0
168344,G06009903,High,False,False,False,0
117321,G06009502,Low,False,False,False,0
187533,G06001305,Medium,False,False,True,0
387493,G06009903,Low,False,False,False,0
3913,G06007707,Medium,True,True,True,0
184162,G06000300,Low,False,False,False,0
289556,G06007707,Medium,False,False,False,0
117053,G06006707,Low,False,False,False,0
117034,G06007706,Low,False,False,False,0
117154,G06001311,Medium,False,False,False,0
289773,G06009501,Low,False,False,False,0
317600,G06009502,Medium,False,False,False,1
117416,G06009901,Low,False,False,False,0
373155,G06000300,Low,False,False,False,0
117402,G06011301,High,False,False,False,0
387094,G06001308,High,False,False,True,0
117331,G06001308,High,False,False,False,0
317547,G06007708,High,False,False,False,0
545098,G06007705,Medium,False,False,False,0
545057,G06011301,Medium,False,False,False,0
545006,G06009502,High,False,False,False,0
387232,G06001313,Low,False,False,False,0
127774,G06007707,Low,False,False,False,0
117621,G06004701,High,False,False,False,0
228502,G06007707,Medium,False,False,False,0
228570,G06007707,Medium,False,False,False,0
187141,G06001313,Low,True,True,False,0
385905,G06000300,Medium,False,False,False,0
385947,G06000300,Medium,False,False,True,0
290213,G06000120,High,True,True,True,0
3311,G06001312,Medium,False,False,False,0
545654,G06009901,Medium,False,False,False,0
187189,G06007707,Medium,False,False,False,1
118180,G06006712,High,False,False,True,1
373533,G06009903,High,False,False,False,1
187197,G06009501,Low,False,False,False,0
118158,G06001305,Medium,False,False,False,1
231859,G06006709,Low,False,False,False,0
385965,G06007707,Medium,True,True,False,0
545549,G06006717,Medium,False,False,False,0
3236,G06006717,High,False,False,False,0
127586,G06006705,Low,False,False,False,0
168608,G06001313,Low,False,False,False,1
385690,G06006717,High,False,False,False,0
118385,G06001700,Medium,False,False,False,0
294400,G06006707,Low,False,False,False,0
385712,G06009503,High,False,False,False,0
290310,G06001312,Medium,True,True,False,0
127511,G06007708,Low,False,False,False,1
294405,G06001700,Medium,True,True,False,0
385782,G06006712,Low,False,False,False,0
545687,G06007707,Medium,False,False,False,0
385785,G06001314,High,True,True,False,0
3229,G06001305,High,False,False,False,0
386019,G06004702,Medium,True,True,True,0
315082,G06011301,High,False,False,False,0
187265,G06000120,Medium,False,False,False,0
127742,G06006705,High,False,False,False,0
117829,G06000300,High,True,True,False,0
228519,G06007707,Medium,False,False,False,0
386331,G06007707,Medium,True,True,False,0
168562,G06000300,Medium,False,False,False,0
117854,G06006705,High,False,False,False,0
317429,G06006717,Medium,False,False,False,0
317466,G06006707,Medium,False,False,True,1
545382,G06000120,Medium,False,False,False,0
184220,G06007707,Medium,False,False,True,0
187251,G06009503,High,True,True,False,0
127681,G06009901,High,False,False,False,0
187210,G06001309,Medium,True,True,False,0
118061,G06006712,Low,False,False,False,1
127695,G06001308,Low,False,False,False,0
118051,G06006717,High,False,False,True,0
117981,G06009503,Low,False,False,False,0
386191,G06007707,Low,False,False,False,0
117970,G06011301,Low,False,False,False,0
3414,G06006705,Medium,False,False,True,0
373465,G06000300,High,False,False,False,0
117907,G06004702,Low,False,False,False,0
545454,G06006709,High,False,False,False,0
187226,G06009502,High,False,False,True,0
3918,G06001312,Medium,False,False,False,0
387572,G06001311,Low,False,False,False,0
387573,G06011301,High,False,False,False,0
388905,G06006709,Low,False,False,False,1
232403,G06006707,Medium,False,False,False,0
116086,G06001308,Medium,True,True,True,0
289004,G06001313,Low,False,False,False,0
543890,G06011301,High,False,False,False,0
168108,G06007706,Medium,False,False,True,0
314855,G06001314,High,False,False,False,0
372354,G06007706,Low,True,True,False,0
543865,G06001311,Low,False,False,False,0
543866,G06001309,Medium,False,False,False,0
372346,G06006707,High,False,False,False,0
372507,G06009901,High,False,False,False,0
543981,G06007708,Low,False,False,False,0
388573,G06006707,Medium,False,False,False,1
388615,G06004702,Medium,False,False,False,0
4316,G06011301,Low,False,False,False,0
4338,G06006706,Medium,False,False,False,1
228149,G06001309,Low,False,False,False,0
128266,G06001311,Medium,False,False,False,0
372592,G06007707,Medium,False,False,False,0
289113,G06000300,Low,False,False,False,0
372589,G06007707,Medium,False,False,False,0
289082,G06006709,Low,False,False,False,1
543982,G06001311,Medium,False,False,False,0
187816,G06007705,Low,False,False,False,0
4453,G06009502,High,False,False,False,1
228090,G06004702,Medium,True,True,False,1
389195,G06011301,High,False,False,False,0
372272,G06006717,Medium,False,False,False,0
372247,G06009502,High,False,False,False,0
128351,G06001305,Low,False,False,True,0
4828,G06000300,Low,False,False,False,0
288742,G06006706,Medium,False,False,True,0
170169,G06001314,Low,False,False,False,0
128416,G06006707,Low,False,False,False,0
294939,G06011301,Medium,False,False,True,0
115581,G06000120,Low,False,False,True,1
115529,G06006707,Low,False,False,False,0
188008,G06006717,Low,False,False,False,0
115499,G06011301,High,False,False,False,0
168032,G06009502,Low,False,False,False,0
372281,G06000300,Medium,True,True,False,0
389499,G06007707,High,False,False,False,0
4563,G06007708,High,True,True,False,0
115937,G06007706,High,False,False,False,1
288906,G06009502,Medium,False,False,True,0
389282,G06001305,High,False,False,True,0
115876,G06006705,High,True,True,False,0
115870,G06006717,Medium,False,False,False,0
4602,G06000120,Medium,False,False,False,0
115846,G06001312,Medium,False,False,False,0
389419,G06001700,High,False,False,False,0
318129,G06006712,High,False,False,False,1
318139,G06001312,High,True,True,False,0
187912,G06001700,Medium,False,False,False,0
388532,G06007706,Medium,False,False,False,0
281318,G06001700,Low,False,False,False,0
388514,G06007705,Medium,False,False,False,0
544191,G06009503,Medium,False,False,False,0
544547,G06006709,Medium,False,False,False,0
544539,G06007708,High,False,False,True,0
387789,G06000120,High,False,False,False,0
232171,G06006712,Medium,False,False,False,1
387831,G06001312,Medium,False,False,False,0
387770,G06007708,Medium,False,False,False,0
116803,G06007707,Medium,False,False,True,0
128095,G06006707,High,False,False,False,1
128113,G06001314,Medium,True,True,False,0
184134,G06001311,Medium,False,False,False,0
388004,G06006712,Low,False,False,False,0
228226,G06004701,High,False,False,False,1
116785,G06004702,Medium,False,False,False,0
116878,G06000300,High,False,False,True,0
387704,G06001312,Medium,True,True,False,0
289517,G06001309,High,False,False,False,0
3924,G06001305,Medium,False,False,False,0
294634,G06007706,Low,False,False,False,0
387594,G06000300,High,False,False,False,1
187558,G06004702,High,False,False,False,0
289495,G06001312,Medium,False,False,False,0
544708,G06001314,Low,True,True,False,0
168291,G06009502,High,False,False,False,0
387665,G06007705,High,True,True,False,0
387669,G06009903,Low,False,False,False,0
289489,G06007706,Low,False,False,False,0
387677,G06001308,High,True,True,False,0
372948,G06009502,Medium,False,False,False,1
387640,G06000300,Low,False,False,False,0
388055,G06006707,High,False,False,False,0
372838,G06001311,High,True,True,True,0
372834,G06000300,Low,False,False,False,0
388302,G06000120,High,True,True,False,0
388303,G06004701,High,True,True,False,1
4230,G06007706,High,False,False,False,0
289260,G06006705,High,False,False,False,0
388337,G06006717,High,False,False,False,0
388345,G06007707,Low,True,True,True,0
544309,G06001308,High,False,False,False,1
388391,G06001312,High,False,False,False,0
388421,G06001308,Low,False,False,False,0
317953,G06006709,High,False,False,False,0
372734,G06001700,Low,False,False,False,0
128174,G06001700,High,True,True,False,0
228212,G06007708,Medium,False,False,True,0
232279,G06006717,High,True,True,True,0
544408,G06006707,High,False,False,False,0
372816,G06009502,Medium,False,False,False,0
317861,G06001305,High,True,True,False,1
116673,G06007705,Medium,False,False,False,1
388155,G06009903,High,False,False,True,0
116640,G06006717,High,False,False,False,0
372768,G06004702,Medium,False,False,False,0
544348,G06009901,High,False,False,False,0
314918,G06009502,Low,False,False,False,0
388246,G06006705,High,False,False,False,0
116560,G06001312,Medium,False,False,True,0
372699,G06006707,Medium,False,False,False,0
411302,G06009903,Medium,False,False,False,0
175214,G06006705,Low,True,True,True,0
297778,G06007705,Low,False,False,False,0
239586,G06001314,Low,False,False,True,0
199152,G06000300,Medium,False,False,False,0
359746,G06000300,High,False,False,False,0
18152,G06009503,High,False,False,False,1
276733,G06004701,Low,False,False,True,0
525396,G06001311,Medium,False,False,True,0
359847,G06006709,Low,False,False,False,0
276792,G06001312,High,False,False,False,0
89911,G06006709,Low,False,False,False,0
82436,G06006717,Low,False,False,False,0
89915,G06007708,High,False,False,False,0
359742,G06009502,Low,False,False,False,0
196534,G06001312,Medium,False,False,True,0
434109,G06006705,Medium,False,False,True,0
162543,G06004702,Medium,False,False,False,0
164183,G06000300,Medium,False,False,False,0
312734,G06006709,High,False,False,False,0
18125,G06007705,High,False,False,False,0
164193,G06001700,High,False,False,True,1
434131,G06006707,Medium,False,False,False,0
424257,G06001313,Medium,False,False,False,0
434145,G06006707,Medium,False,False,True,0
90006,G06001314,Medium,False,False,True,0
276861,G06009501,Medium,False,False,False,0
424286,G06007706,Low,False,False,False,0
21719,G06004702,High,False,False,False,0
82491,G06011301,High,False,False,False,0
324944,G06004702,High,False,False,False,0
359642,G06007706,Low,False,False,False,0
424773,G06007708,Medium,False,False,False,0
89691,G06009503,High,True,True,False,0
18300,G06001313,High,False,False,False,0
324943,G06006707,Medium,False,False,True,0
82564,G06001314,Medium,False,False,False,0
89718,G06001700,High,False,False,False,0
171845,G06001305,High,False,False,False,0
276649,G06006709,Medium,False,False,False,0
359674,G06001700,Medium,False,False,False,0
89750,G06006717,Medium,False,False,False,0
520144,G06004702,High,False,False,False,0
241295,G06009903,High,False,False,False,0
359710,G06000120,Low,True,True,False,0
223066,G06006709,High,False,False,False,0
21715,G06007707,Low,False,False,False,0
239588,G06007706,High,False,False,False,0
137857,G06007705,High,True,True,False,0
424483,G06007708,Medium,True,True,False,0
424452,G06000300,Low,False,False,True,0
324818,G06006707,High,False,False,False,0
359621,G06001313,Medium,False,False,True,0
359923,G06006717,High,False,False,False,0
18089,G06001311,Low,False,False,False,0
324712,G06011301,High,False,False,False,0
276984,G06007705,Low,False,False,True,0
221627,G06009501,Low,False,False,False,0
434296,G06006712,Low,True,True,False,0
423694,G06006707,Low,False,False,False,0
137558,G06001700,Low,False,False,True,0
82343,G06009903,High,False,False,False,1
434310,G06011301,Medium,False,False,False,0
82360,G06007708,High,False,False,False,0
519978,G06007708,High,False,False,False,1
360092,G06007708,Medium,False,False,True,1
434343,G06006717,Medium,False,False,False,0
434378,G06006709,Low,False,False,False,0
90415,G06001309,High,True,True,False,0
17882,G06004702,Medium,False,False,False,0
525923,G06001700,High,False,False,False,0
423574,G06006707,High,False,False,True,0
137535,G06004702,High,False,False,False,0
17808,G06006707,Low,False,False,True,1
17763,G06006709,High,False,False,False,0
196431,G06004702,Medium,False,False,False,0
82380,G06001309,High,False,False,True,0
17988,G06007708,Low,False,False,True,1
525558,G06000300,Low,False,False,True,0
300478,G06004701,Medium,False,False,False,1
434154,G06006706,Medium,False,False,False,0
162516,G06007705,Medium,False,False,False,0
82391,G06001309,Medium,False,False,False,0
90085,G06000120,Medium,False,False,True,0
90095,G06007705,Medium,False,False,False,0
525582,G06006717,Low,False,False,False,0
272987,G06006706,Low,False,False,True,0
137648,G06001313,Low,True,True,True,1
359959,G06001308,Low,False,False,False,0
172228,G06007707,Medium,False,False,False,0
272963,G06007705,High,False,False,False,0
423955,G06007708,High,False,False,True,0
196486,G06007707,High,False,False,False,0
18040,G06001700,High,True,True,False,0
272960,G06007706,Low,True,True,False,0
423827,G06006709,Low,False,False,False,0
90256,G06001700,Medium,False,False,False,0
18000,G06006705,Medium,False,False,False,0
90275,G06001309,Medium,False,False,False,0
311930,G06009901,High,False,False,False,0
525547,G06001700,Medium,True,True,False,0
519959,G06006707,High,False,False,False,0
18361,G06000300,High,False,False,False,0
434000,G06000120,Medium,False,False,False,0
138227,G06006709,Low,False,False,True,0
524758,G06000120,High,False,False,False,0
88835,G06009901,High,False,False,False,0
138220,G06006706,Low,False,False,False,0
196941,G06001314,High,False,False,True,0
276239,G06007705,Low,False,False,False,0
82843,G06007707,Low,True,True,False,0
524763,G06001309,Medium,False,False,False,0
359303,G06009903,Medium,False,False,False,0
172191,G06001308,Medium,False,False,False,0
299521,G06006717,Medium,False,False,False,1
196974,G06001313,Medium,True,True,False,0
433765,G06001309,High,False,False,False,0
520280,G06007705,Low,False,False,False,0
425751,G06006709,Medium,True,True,False,0
359334,G06007705,Medium,True,True,False,0
18531,G06000120,High,True,True,False,0
88998,G06007705,High,False,False,False,0
325038,G06000120,High,False,False,True,1
82698,G06007705,Medium,False,False,False,0
196857,G06007705,Low,True,True,False,0
88790,G06007705,Medium,True,True,False,0
222817,G06006717,Low,True,True,False,0
425976,G06000120,High,True,True,False,0
426299,G06001700,Medium,False,False,False,0
426283,G06011301,High,False,False,True,0
21527,G06001313,Low,False,False,False,0
197104,G06009501,High,True,True,False,0
312121,G06006712,Medium,False,False,False,0
88566,G06000120,Low,True,True,True,0
88657,G06000120,Medium,False,False,True,0
21541,G06004701,Medium,False,False,False,0
433667,G06004701,High,False,False,True,0
276125,G06001700,Medium,True,True,False,0
299557,G06006706,Medium,False,False,False,0
520361,G06001309,High,False,False,False,0
524623,G06006705,Medium,False,False,False,0
312088,G06007705,High,False,False,False,1
18695,G06007706,High,False,False,False,0
524646,G06006717,High,False,False,False,1
140236,G06009901,Low,False,False,True,0
426042,G06006717,Medium,False,False,False,0
199079,G06009903,Medium,False,False,False,0
426026,G06006717,High,False,False,False,0
426022,G06006712,High,False,False,False,0
312071,G06011301,High,False,False,False,0
359272,G06006717,Low,False,False,False,0
18671,G06001305,Low,False,False,False,0
82844,G06006712,High,True,True,False,0
137995,G06009503,Medium,False,False,False,0
89056,G06006717,Low,True,True,False,0
172205,G06001309,Medium,False,False,False,0
273068,G06000300,Low,False,False,False,0
425198,G06006707,Low,False,False,False,0
138051,G06009502,Low,True,True,False,0
89383,G06007708,High,False,False,False,0
299410,G06006712,Low,False,False,False,0
356621,G06011301,Medium,False,False,False,0
82565,G06009501,Medium,True,True,False,0
433948,G06009503,Medium,False,False,False,0
276439,G06007707,High,False,False,False,0
425225,G06000120,Medium,False,False,False,0
196753,G06006706,Medium,False,False,False,0
425094,G06001311,Medium,False,False,False,0
199103,G06000120,Medium,False,False,False,0
89420,G06009503,High,False,False,False,0
221736,G06006705,Low,False,False,False,1
196721,G06000300,High,False,False,True,0
221732,G06007707,High,True,True,False,0
89494,G06001311,High,False,False,False,0
196717,G06004701,Low,True,True,False,0
164095,G06000300,Medium,False,False,False,0
89415,G06009901,Low,False,False,True,1
199094,G06006717,High,True,True,False,0
425247,G06001309,Low,False,False,False,0
425252,G06000300,Low,False,False,False,0
273093,G06006705,Low,False,False,False,0
239808,G06006707,High,False,False,True,0
89070,G06009903,Medium,False,False,False,0
433825,G06006717,Medium,False,False,False,0
18477,G06001308,High,False,False,False,0
520247,G06006706,Medium,False,False,False,1
162736,G06009501,Medium,False,False,False,0
433869,G06011301,Low,False,False,False,0
520235,G06009501,Medium,False,False,False,0
82606,G06007705,Medium,False,False,False,1
359429,G06009501,Low,False,False,True,0
276344,G06006709,Medium,False,False,False,0
241271,G06001305,Low,False,False,False,1
164030,G06007707,High,False,False,False,0
425415,G06011301,Medium,False,False,False,0
89221,G06001314,Low,False,False,False,0
276349,G06006705,High,True,True,True,1
164031,G06007708,Medium,False,False,False,0
359447,G06001700,Low,False,False,False,0
425306,G06007705,High,True,True,False,1
425293,G06009903,Low,False,False,False,0
18466,G06007708,Medium,False,False,True,1
89310,G06006705,Medium,False,False,False,0
137529,G06009903,Low,False,False,False,0
17170,G06000120,Low,True,True,True,0
272433,G06000300,Medium,False,False,False,0
356278,G06006717,Low,False,False,False,0
277650,G06011301,Low,False,False,False,0
435224,G06001305,Low,False,False,False,0
360624,G06006717,Medium,False,False,False,0
91693,G06006706,High,False,False,False,1
221529,G06001309,High,False,False,False,0
91708,G06000120,High,False,False,False,0
327120,G06001700,Low,True,True,False,0
327122,G06000120,Medium,False,False,False,0
324460,G06004702,Medium,False,False,True,1
223392,G06006709,High,False,False,False,0
196046,G06009903,Medium,False,False,False,0
277684,G06009502,Medium,False,False,False,1
421679,G06006707,Medium,False,False,False,0
526817,G06009501,High,False,False,True,0
421674,G06006717,Medium,False,False,False,0
17133,G06001700,High,False,False,False,0
20473,G06006706,Medium,False,False,True,1
526863,G06006709,Medium,False,False,False,0
299055,G06007708,Low,False,False,False,1
526704,G06000300,Low,False,False,False,0
421929,G06009502,High,False,False,False,0
421933,G06009903,Low,False,False,False,0
312857,G06006717,Medium,False,False,False,0
91527,G06001700,High,True,True,False,1
196156,G06009503,High,False,False,False,0
162376,G06001700,Medium,False,False,False,0
422104,G06000300,Low,False,False,False,0
422097,G06006709,High,False,False,False,0
81802,G06007706,Medium,False,False,False,0
519500,G06001308,Medium,True,True,False,0
239215,G06000120,Medium,False,False,False,1
300636,G06006706,Medium,False,False,False,0
137237,G06006705,Medium,False,False,False,0
272502,G06007706,High,False,False,False,0
435166,G06004701,Medium,False,False,False,0
91561,G06009503,High,False,False,False,0
171639,G06001314,High,False,False,False,1
422020,G06004701,High,False,False,False,0
91607,G06007708,Low,False,False,False,0
519445,G06007707,High,False,False,False,0
179969,G06001313,Medium,False,False,True,0
421982,G06009501,Medium,False,False,False,0
526679,G06006712,Low,False,False,False,1
421955,G06006706,Medium,True,True,False,1
272442,G06006707,Medium,False,False,False,0
164384,G06006707,Low,False,False,True,1
422196,G06000300,Low,False,False,False,0
277747,G06007706,High,False,False,False,0
17042,G06007705,Low,False,False,False,0
519228,G06007705,Medium,True,True,False,0
421119,G06004701,Low,False,False,True,0
181152,G06007706,Medium,False,False,False,0
421062,G06009502,Low,False,False,False,0
239081,G06009903,High,False,False,False,0
171554,G06001308,Low,False,False,False,0
92158,G06001311,Medium,False,False,False,0
299008,G06009903,High,True,True,False,0
420969,G06006705,High,False,False,False,1
164479,G06001700,High,False,False,False,0
239061,G06009503,Medium,True,True,False,0
527073,G06009502,High,False,False,False,0
221525,G06006707,Low,False,False,False,0
81231,G06001700,High,False,False,False,0
22363,G06001700,Low,True,True,False,0
361030,G06007705,High,False,False,False,1
420772,G06006717,High,False,False,False,0
92335,G06000120,High,False,False,False,0
16936,G06009501,Low,False,False,False,0
360943,G06000300,High,True,True,False,0
421202,G06001312,High,False,False,False,0
272307,G06000300,Low,False,False,False,0
91854,G06004702,High,False,False,False,0
300672,G06009501,Low,False,False,False,0
435356,G06001313,Medium,True,True,False,0
91875,G06001314,High,False,False,False,0
526907,G06004701,High,False,False,False,0
241574,G06007706,Low,False,False,False,0
421447,G06009903,Low,False,False,False,0
17016,G06011301,High,False,False,False,0
136972,G06009903,Medium,False,False,False,0
136911,G06001308,High,False,False,False,0
421360,G06000120,Medium,False,False,True,0
136887,G06006709,Low,False,False,False,1
241587,G06006705,Low,False,False,False,0
239151,G06009502,High,False,False,False,0
136873,G06001309,Medium,False,False,False,0
360867,G06000120,Low,False,False,False,0
199497,G06009501,Low,False,False,False,0
272340,G06001700,High,False,False,False,1
421318,G06006709,High,False,False,False,0
272338,G06004702,High,False,False,False,0
312940,G06006717,Medium,False,False,False,0
199580,G06006717,High,False,False,False,0
421301,G06004702,Medium,False,False,False,0
91977,G06004701,Medium,False,False,False,0
421242,G06001311,High,False,False,False,0
360796,G06001313,High,False,False,False,1
526008,G06001312,High,False,False,True,1
356354,G06007708,High,True,True,False,1
90907,G06006707,High,False,False,False,0
422996,G06001312,Medium,False,False,False,0
137381,G06004701,High,True,True,False,0
356525,G06001312,Medium,False,False,False,0
272768,G06006707,Low,False,False,False,0
277322,G06001312,Low,True,True,False,1
90956,G06007705,Medium,False,False,False,1
526229,G06007706,Medium,False,False,False,0
82139,G06007705,Medium,False,False,False,0
526234,G06006706,High,False,False,False,0
300606,G06009502,Low,False,False,False,0
526254,G06001313,Medium,False,False,False,0
196301,G06000120,Low,False,False,False,0
360346,G06009901,Medium,False,False,False,0
196285,G06006705,Low,False,False,False,0
326820,G06007706,Medium,True,True,False,0
519767,G06007708,High,False,False,False,0
356459,G06009903,Low,False,False,False,0
91161,G06009903,High,True,True,False,0
356477,G06006707,Low,False,False,False,0
90870,G06006712,Medium,False,False,False,0
90868,G06001305,Low,False,False,False,0
239486,G06006712,Low,False,False,False,0
434425,G06009903,Medium,False,False,False,1
423392,G06001305,Medium,False,False,False,0
164244,G06009502,High,False,False,False,0
196335,G06004702,Low,False,False,False,0
423334,G06001312,Medium,False,False,False,1
423314,G06011301,Medium,False,False,False,0
360149,G06007708,Medium,False,False,False,0
434430,G06006717,High,True,True,False,0
519945,G06001312,Medium,False,False,False,0
360186,G06009503,High,False,False,True,0
21859,G06004702,High,True,True,False,1
137453,G06000120,High,False,False,False,0
434448,G06006712,High,False,False,False,0
82273,G06001700,Medium,False,False,False,1
164246,G06007708,Low,False,False,False,0
164258,G06001305,Low,False,False,True,0
241365,G06011301,High,True,True,False,0
434487,G06001700,High,False,False,False,0
239397,G06001309,Low,False,False,False,0
434503,G06007705,Medium,False,False,False,0
21881,G06006717,Low,False,False,False,0
526332,G06001311,Medium,False,False,False,0
140464,G06007705,Medium,False,False,False,0
239354,G06000300,Medium,False,False,False,0
91171,G06006717,Low,True,True,True,0
17491,G06007706,Medium,False,False,False,0
360391,G06007707,Low,False,False,False,0
91327,G06001312,Medium,False,False,False,0
223221,G06007706,Low,False,False,False,0
91360,G06004702,High,False,False,False,0
299114,G06006705,Medium,False,False,False,0
17459,G06011301,Medium,False,False,False,0
91372,G06000120,Medium,False,False,False,0
422404,G06007708,High,True,True,False,0
91289,G06006717,Medium,False,False,False,0
422385,G06006706,Medium,False,False,False,0
272634,G06006717,High,False,False,False,0
326958,G06001311,Low,False,False,False,0
81906,G06006706,High,True,True,False,0
22076,G06009503,Medium,False,False,False,0
91468,G06000300,Medium,False,False,False,0
422359,G06007708,High,False,False,False,0
199333,G06009502,Medium,False,False,True,0
81885,G06006712,Medium,False,False,False,0
360526,G06001314,Medium,True,True,False,0
17333,G06000300,Low,True,True,False,0
223306,G06009903,Medium,False,False,False,0
91399,G06007707,Low,False,False,False,0
360374,G06006709,Medium,False,False,False,0
22066,G06009502,High,False,False,False,0
422816,G06009501,Medium,False,False,False,0
277387,G06007708,Medium,False,False,False,0
356449,G06001311,Medium,False,False,False,0
422804,G06001313,Medium,False,False,False,0
137326,G06001313,Low,False,False,False,0
239322,G06001314,Medium,False,False,False,0
434887,G06007706,Medium,False,False,False,0
519666,G06007707,High,False,False,False,0
422767,G06006717,Medium,False,False,False,0
422766,G06009903,Low,False,False,False,0
221580,G06001311,Medium,False,False,False,0
137285,G06007708,High,False,False,False,0
81958,G06011301,Medium,False,False,False,0
422751,G06006706,High,False,False,False,0
196248,G06007708,High,False,False,True,0
434951,G06006717,Low,False,False,False,0
162407,G06009502,Medium,False,False,False,0
422715,G06001313,High,True,True,False,1
526424,G06007706,High,False,False,True,0
181071,G06001305,Medium,False,False,False,0
277431,G06009903,High,False,False,False,0
22055,G06009903,Low,False,False,False,0
356736,G06000300,Low,False,False,False,0
426317,G06004702,Low,False,False,False,0
138330,G06006712,Medium,True,True,True,0
20827,G06009503,Medium,False,False,False,0
274848,G06001314,Medium,False,False,False,1
522584,G06004701,Medium,True,True,False,0
180474,G06009503,Low,False,False,False,0
274856,G06009503,High,False,False,True,0
197869,G06006717,Medium,False,False,False,0
19824,G06006706,High,False,False,False,0
432168,G06009502,Medium,False,False,False,0
429741,G06001311,High,True,True,False,0
20829,G06007708,Medium,False,False,False,0
197866,G06000120,High,False,False,False,0
20810,G06007708,High,False,False,False,0
326314,G06001305,High,False,False,False,0
180307,G06006707,Medium,False,False,False,0
222416,G06009901,Medium,False,False,False,0
86380,G06000300,High,False,False,False,0
358022,G06009901,Low,False,False,True,0
432202,G06006717,Low,False,False,False,0
521236,G06000300,Low,False,False,False,0
429656,G06007705,High,False,False,False,0
299956,G06001305,Low,False,False,False,0
139124,G06001308,Low,True,True,False,0
429630,G06009502,Medium,False,False,False,0
163364,G06001305,High,False,False,False,0
86203,G06001311,Low,False,False,False,0
429823,G06006712,High,False,False,False,0
522477,G06006707,Medium,False,False,False,0
139227,G06006717,High,False,False,False,0
198053,G06007706,High,False,False,False,0
198007,G06007707,High,False,False,False,0
431971,G06009903,High,False,False,False,0
274749,G06006706,High,False,False,False,0
432018,G06007705,Low,False,False,False,0
86085,G06009503,Medium,False,False,False,0
86106,G06006705,High,True,True,False,0
162978,G06006707,Medium,False,False,True,0
84478,G06011301,Medium,False,False,False,0
522493,G06007706,High,False,False,False,0
521410,G06006706,Medium,False,False,False,0
357225,G06011301,Low,False,False,True,0
429939,G06001313,High,False,False,False,0
357904,G06007706,High,False,False,False,0
432086,G06000300,High,False,False,False,0
19867,G06006709,Low,False,False,False,0
84446,G06001308,High,True,True,False,0
357922,G06001700,Medium,False,False,False,0
432095,G06001309,High,True,True,False,1
84433,G06009502,High,False,False,True,0
163355,G06009903,Low,False,False,False,0
357956,G06006717,High,False,False,False,0
429835,G06006709,High,True,True,False,0
429625,G06001313,Low,False,False,False,0
86438,G06006717,Medium,False,False,False,0
429604,G06006709,High,False,False,False,0
198837,G06011301,Medium,True,True,False,0
429197,G06001700,High,False,False,False,0
86719,G06009503,High,False,False,False,0
86731,G06006717,Low,True,True,False,0
429127,G06000120,Medium,False,False,False,0
84137,G06001309,High,False,False,False,0
19674,G06011301,Medium,False,False,True,0
275066,G06001312,High,True,True,False,0
221983,G06011301,High,False,False,False,0
325756,G06007706,High,False,False,False,0
86746,G06001311,Low,False,False,False,0
86684,G06001311,High,False,False,False,0
521002,G06006707,High,False,False,False,0
139027,G06006717,Medium,False,False,False,0
162897,G06001308,Medium,True,True,False,0
139882,G06009903,High,True,True,False,0
163569,G06000120,Medium,False,False,True,1
428961,G06007707,High,True,True,False,0
357131,G06001314,Low,False,False,False,0
428948,G06007705,Low,False,False,False,0
325659,G06009901,Medium,True,True,False,0
138923,G06001700,Medium,False,False,False,0
222454,G06004702,Medium,False,False,False,0
429226,G06001308,High,False,False,False,0
429227,G06001314,Medium,False,False,False,0
522874,G06001700,Low,True,True,False,0
429571,G06009503,Medium,False,False,False,0
139112,G06004702,Medium,False,False,False,0
20930,G06001313,Medium,False,False,False,0
86457,G06009903,Medium,False,False,True,0
163412,G06006717,Low,False,False,False,0
429528,G06004702,High,False,False,True,0
315643,G06001314,High,False,False,True,0
84201,G06009503,Low,False,False,False,0
139062,G06006706,High,False,False,False,0
522761,G06006712,Low,False,False,False,0
429410,G06007707,Low,False,False,False,0
275014,G06009501,Low,True,True,False,0
325808,G06006705,High,False,False,False,0
275015,G06000120,High,False,False,False,1
86622,G06001311,Low,False,False,False,0
20962,G06006717,Medium,False,False,False,0
86644,G06009503,High,False,False,False,0
429307,G06001313,Medium,False,False,False,0
84179,G06001313,Low,True,True,False,0
21008,G06000300,Low,True,True,False,0
522872,G06006717,Low,False,False,False,0
86439,G06006712,Medium,False,False,False,0
86860,G06001312,Low,False,False,True,0
274697,G06004702,Medium,False,False,False,0
312303,G06009903,Low,False,False,False,0
222189,G06007708,High,False,False,True,1
312264,G06009503,High,False,False,False,0
357509,G06000120,Medium,False,False,False,1
20295,G06009501,High,False,False,True,1
198310,G06009503,High,False,False,False,0
431472,G06001309,High,False,False,False,0
522004,G06000120,Low,False,False,False,0
222196,G06006712,Low,False,False,False,0
274307,G06006717,Medium,False,False,False,0
522058,G06007707,Low,False,False,False,0
274036,G06007708,High,False,False,False,0
84967,G06006706,High,False,False,False,0
357600,G06009502,High,False,False,True,0
357336,G06000120,Low,False,False,False,0
222156,G06000300,Low,False,False,False,0
522114,G06006706,Medium,False,False,False,0
198606,G06007708,Medium,False,False,False,0
521730,G06006717,Low,False,False,False,0
20209,G06006709,Medium,True,True,False,0
274393,G06009501,High,False,False,False,0
139529,G06000120,Medium,False,False,False,0
163093,G06009502,High,False,False,False,0
431094,G06011301,Medium,False,False,False,0
431102,G06001305,High,False,False,False,0
274083,G06007708,High,False,False,False,0
521852,G06000120,Low,False,False,True,0
521800,G06009502,Low,False,False,False,0
521867,G06001313,High,False,False,False,0
431295,G06006705,High,False,False,True,0
431286,G06004702,Medium,False,False,False,0
85067,G06001314,Medium,False,False,False,0
521874,G06004702,Low,False,False,False,0
300204,G06001700,High,False,False,False,1
274177,G06006717,Medium,False,False,False,0
20438,G06006717,High,False,False,False,0
222172,G06001700,Medium,False,False,False,0
521928,G06001309,Low,False,False,True,0
20517,G06011301,High,False,False,False,0
521942,G06001700,Low,False,False,True,0
172036,G06006709,Medium,False,False,False,0
357429,G06001311,Medium,False,False,False,0
198369,G06007706,Low,False,False,False,0
431151,G06006717,Low,False,False,False,0
274221,G06001309,High,False,False,True,0
172031,G06009903,High,False,False,False,0
139498,G06001311,Low,False,False,False,0
198342,G06006707,Medium,False,False,False,0
274265,G06006717,Low,True,True,False,0
84976,G06001311,High,False,False,False,0
139601,G06009502,Low,False,False,False,0
139280,G06001312,Medium,True,True,False,0
430455,G06001700,Medium,True,True,False,0
162998,G06006709,Low,True,True,False,0
312221,G06009503,Medium,False,False,True,0
85686,G06001700,Low,True,True,False,0
222108,G06007705,High,False,False,False,0
521520,G06011301,Low,False,False,False,0
325949,G06000120,Medium,False,False,False,0
85765,G06009501,Medium,False,False,False,0
326210,G06001305,High,False,False,False,0
19937,G06009502,Low,False,False,False,0
198117,G06001308,Medium,False,False,False,0
240870,G06001312,Low,False,False,False,0
430360,G06006706,High,False,False,False,0
273769,G06009502,Low,False,False,False,0
19933,G06001311,High,False,False,False,1
198079,G06001311,Low,False,False,False,0
198078,G06000120,Low,False,False,False,0
357237,G06009501,Low,False,False,False,1
274660,G06001313,High,True,True,False,1
85924,G06007707,Low,False,False,False,0
172091,G06009503,Low,True,True,True,0
357815,G06001313,High,False,False,False,0
430299,G06009503,Medium,False,False,False,0
85798,G06007708,Medium,False,False,True,0
222313,G06006705,Medium,False,False,False,0
198126,G06006717,Medium,False,False,False,0
326121,G06007708,High,False,False,False,0
222118,G06001311,High,False,False,True,0
522215,G06006706,High,False,False,True,0
222258,G06001314,High,False,False,True,0
20595,G06001314,Low,True,True,False,0
312294,G06009502,Low,False,False,False,0
274529,G06009901,Medium,False,False,False,0
357694,G06006705,Medium,True,True,False,0
431741,G06000300,Medium,False,False,False,0
357709,G06000120,Medium,False,False,False,0
139390,G06001305,High,False,False,False,0
85592,G06001313,Medium,False,False,False,0
430597,G06000300,Low,False,False,False,0
274543,G06004702,High,False,False,False,0
273906,G06001700,High,True,True,False,0
85593,G06009503,Low,False,False,False,0
20025,G06000120,High,True,True,False,0
139301,G06006709,Medium,False,False,False,0
85603,G06009502,Low,False,False,False,0
325956,G06007708,Low,False,False,False,0
84668,G06004701,High,False,False,False,1
85606,G06004701,High,False,False,True,0
431806,G06001312,High,False,False,True,0
20113,G06006717,Medium,False,False,False,0
520962,G06001311,High,False,False,True,0
180518,G06009903,Medium,False,False,True,0
325363,G06006706,High,False,False,False,0
358925,G06001700,Medium,False,False,True,0
433119,G06001313,Low,False,False,False,0
275724,G06007707,Low,False,False,True,0
427226,G06006706,Low,False,False,False,0
524111,G06001309,Low,True,True,True,0
197366,G06006706,Low,False,False,False,0
21388,G06009501,High,False,False,False,0
197365,G06004702,Low,False,False,False,0
87982,G06000120,High,False,False,False,0
524144,G06001309,High,True,True,False,0
358892,G06000120,High,False,False,False,0
275842,G06006707,Medium,True,True,False,0
524185,G06009901,Medium,False,False,False,0
18985,G06006717,High,True,True,False,0
524215,G06001305,Low,False,False,False,0
356854,G06000300,Medium,True,True,False,0
433200,G06000120,High,True,True,False,1
524267,G06007705,High,False,False,False,0
198992,G06011301,Medium,False,False,False,0
524148,G06007705,High,False,False,False,0
433112,G06000120,High,True,True,False,0
198958,G06001314,High,False,False,False,0
87757,G06011301,Low,False,False,False,0
138491,G06006706,Medium,True,True,False,1
427549,G06004702,Medium,False,False,False,0
87550,G06006717,Medium,False,False,False,1
273395,G06001313,Low,True,True,False,0
87583,G06000120,High,False,False,False,0
19082,G06006709,Low,False,False,False,0
197412,G06001305,Medium,False,False,False,0
427475,G06001314,High,False,False,False,0
87590,G06007705,Low,False,False,False,0
138465,G06001309,High,False,False,False,0
433037,G06011301,Medium,False,False,False,0
524005,G06007708,High,False,False,False,0
433049,G06006717,High,False,False,False,1
427405,G06007707,Low,False,False,False,0
427394,G06007708,High,False,False,False,0
21254,G06000300,High,False,False,False,0
275623,G06007707,High,False,False,False,0
299635,G06009502,High,False,False,False,0
325426,G06009901,Medium,False,False,False,0
427348,G06001305,Low,False,False,False,0
240178,G06000120,High,False,False,False,1
427312,G06004702,High,True,True,False,0
312136,G06006717,Low,True,True,True,0
358847,G06009503,Medium,False,False,False,0
426902,G06004702,High,False,False,False,0
240207,G06000300,Medium,False,False,True,0
426893,G06001309,High,True,True,False,0
524423,G06006705,Medium,False,False,False,0
426547,G06006709,High,False,False,False,0
83063,G06009901,Medium,False,False,True,0
180697,G06007705,Low,False,False,False,0
524483,G06001700,High,False,False,False,0
197141,G06001312,Medium,False,False,False,0
326478,G06006709,High,False,False,False,0
433491,G06007706,Low,True,True,False,0
426426,G06001312,High,False,False,False,0
356746,G06007706,Low,False,False,False,0
222784,G06000300,Low,False,False,False,0
163955,G06000300,High,False,False,False,0
199041,G06001314,Medium,False,False,True,0
426393,G06007707,High,False,False,False,0
276068,G06006717,High,False,False,False,0
88527,G06001305,Low,False,False,False,0
83008,G06007707,High,False,False,False,0
21472,G06006709,Low,True,True,True,0
88205,G06011301,Medium,False,False,False,0
299588,G06006712,High,False,False,False,0
520547,G06009501,Medium,False,False,False,0
83356,G06006707,Low,True,True,False,0
426814,G06001305,High,False,False,False,0
275901,G06009502,Low,False,False,False,0
433331,G06004702,High,False,False,True,0
21439,G06009503,Low,False,False,True,0
171876,G06001309,Low,False,False,True,0
426740,G06007707,High,False,False,False,0
433340,G06007707,High,True,True,True,0
358994,G06000120,Medium,False,False,False,0
300371,G06000120,Medium,False,False,False,0
426685,G06007707,Medium,False,False,True,0
18895,G06009903,Medium,True,True,False,0
18886,G06009903,High,False,False,False,0
199014,G06007708,Medium,False,False,False,0
356807,G06001700,High,False,False,False,0
520501,G06009901,Low,False,False,False,0
273253,G06000120,High,False,False,False,0
433432,G06001308,Low,False,False,False,0
83368,G06000300,Low,False,False,False,0
19100,G06009901,Medium,False,False,False,1
241059,G06000120,Medium,False,False,True,0
358422,G06007705,Low,False,False,False,1
432625,G06007708,Medium,False,False,False,0
520820,G06007706,Low,False,False,False,0
86989,G06006705,High,False,False,False,0
240353,G06011301,High,False,False,False,0
87007,G06001312,High,False,False,False,0
312424,G06006707,High,False,False,False,0
523262,G06009501,Medium,True,True,False,0
275213,G06006712,Medium,False,False,False,0
432577,G06001700,High,False,False,False,0
523271,G06006709,Low,False,False,False,0
87032,G06009503,Low,False,False,False,0
163636,G06007706,Medium,False,False,False,0
138783,G06000120,High,False,False,False,1
87068,G06007708,Medium,False,False,False,1
21148,G06001305,Low,False,False,False,0
21177,G06001308,High,False,False,False,0
83822,G06007708,High,False,False,False,1
87081,G06001700,Low,False,False,False,0
428458,G06006707,High,False,False,False,0
432655,G06009501,Low,False,False,True,0
358399,G06004702,High,False,False,True,0
358391,G06007707,Medium,True,True,False,0
180305,G06011301,High,True,True,True,0
428774,G06009903,High,False,False,False,0
358334,G06001305,High,False,False,False,0
358336,G06009901,High,False,False,False,0
428753,G06004702,High,False,False,False,0
275157,G06001700,Low,False,False,False,0
19469,G06001312,Low,False,False,False,0
523147,G06009502,High,False,False,False,0
197608,G06001311,Medium,False,False,False,1
325649,G06009502,Medium,False,False,False,0
275176,G06006709,Medium,False,False,False,0
86941,G06009903,Medium,False,False,False,0
432494,G06007708,Low,False,False,False,0
19434,G06001308,Medium,True,True,False,0
428695,G06001700,Low,True,True,True,0
86958,G06000120,Medium,False,False,False,0
520896,G06000120,Medium,True,True,False,0
357102,G06007705,Low,False,False,False,0
428684,G06004701,Medium,True,True,False,1
523216,G06007707,Low,True,True,True,0
21101,G06006709,Medium,False,False,False,0
520875,G06009901,High,True,True,False,0
86960,G06006707,Low,False,False,False,0
21125,G06001314,Low,False,False,False,1
428444,G06006709,Low,True,True,False,0
163684,G06001314,Low,False,False,False,0
358486,G06001700,High,True,True,False,0
523740,G06009503,Medium,True,True,False,0
358646,G06001309,Low,True,True,False,0
19203,G06006712,High,False,False,False,0
275486,G06000120,High,False,False,True,0
222563,G06009503,High,False,False,False,0
275504,G06006717,High,False,False,False,0
180566,G06004702,Low,False,False,False,0
83737,G06009502,Medium,False,False,False,0
427838,G06007707,High,False,False,False,0
241097,G06009501,Low,False,False,False,0
299734,G06006707,High,False,False,False,0
83709,G06004702,Medium,False,False,False,0
523799,G06007708,Low,False,False,False,0
358703,G06007705,Low,False,False,False,0
427751,G06001305,Medium,False,False,False,0
427714,G06001700,High,True,True,False,0
520693,G06007708,High,False,False,True,0
358758,G06006707,High,False,False,False,0
427672,G06001700,Medium,False,False,False,0
198928,G06006712,Medium,True,True,False,0
427650,G06006709,Medium,False,False,False,0
523935,G06009903,Low,False,False,False,0
87469,G06006707,Low,False,False,False,0
432984,G06006717,Medium,False,False,False,0
138632,G06001313,High,False,False,False,0
420750,G06009503,Medium,True,True,False,0
275437,G06009502,Medium,False,False,False,0
138661,G06006717,Medium,False,False,True,0
520787,G06001309,High,False,False,False,0
520782,G06006705,High,False,False,True,0
140032,G06001700,High,True,True,False,0
520774,G06001305,Medium,False,False,False,1
198927,G06001313,Low,False,False,False,1
432825,G06001309,Medium,False,False,False,0
197550,G06009903,Low,False,False,False,0
21203,G06004701,High,False,False,False,0
275301,G06000300,Low,False,False,False,0
326373,G06006712,Low,False,False,False,0
428238,G06007708,Medium,False,False,False,0
83796,G06009502,Medium,False,False,True,0
523571,G06007705,Low,False,False,False,0
312510,G06007708,High,False,False,False,1
523603,G06006712,High,True,True,False,0
523613,G06006705,Low,False,False,False,0
523635,G06000120,Low,True,True,False,1
299814,G06007705,High,False,False,False,0
523697,G06007707,High,False,False,False,0
83792,G06006709,Low,False,False,False,1
83772,G06009503,High,False,False,False,0
275404,G06007707,Medium,False,False,False,1
180544,G06004702,High,False,False,False,0
428043,G06001700,Low,False,False,False,0
87357,G06000120,High,False,False,False,0
420706,G06001313,Medium,False,False,False,0
327197,G06000120,High,False,False,True,0
415196,G06000120,High,True,True,False,0
79541,G06001314,High,False,False,False,0
96277,G06001314,Medium,False,False,False,1
135473,G06001700,High,False,False,False,0
437769,G06001305,Low,True,True,False,1
22878,G06001313,Medium,False,False,True,0
224320,G06001308,Low,False,False,False,0
529819,G06001313,Low,True,True,False,0
529834,G06004701,Low,False,False,False,0
415104,G06001309,Medium,False,False,False,0
164934,G06006712,Medium,False,False,False,0
237920,G06006709,Medium,False,False,False,0
518089,G06001305,Medium,True,True,False,0
224357,G06000120,High,False,False,False,1
194413,G06009503,Medium,False,False,False,0
437818,G06000300,Medium,False,False,False,0
363047,G06009903,High,False,False,False,0
415010,G06001314,High,False,False,False,0
221178,G06006707,Medium,False,False,False,0
279931,G06007706,High,False,False,False,0
15052,G06000300,High,True,True,False,0
279816,G06001311,Low,False,False,False,0
415214,G06007707,Low,False,False,False,0
415464,G06001313,Low,False,False,False,0
200175,G06000300,Medium,False,False,False,0
518227,G06009503,Medium,False,False,False,0
437622,G06009503,High,False,False,False,0
301007,G06001700,Medium,False,False,False,0
242078,G06007707,High,False,False,True,0
79617,G06006717,High,True,True,False,0
415385,G06007708,High,False,False,False,0
96208,G06006712,Low,False,False,False,0
279785,G06006717,Medium,False,False,False,0
224290,G06000300,Low,False,False,True,0
14958,G06006705,Low,False,False,False,0
415348,G06004702,High,False,False,False,1
323505,G06006707,Low,False,False,False,0
237990,G06004701,Low,False,False,False,1
437680,G06007707,High,False,False,True,0
415303,G06006709,Medium,False,False,False,0
96260,G06009502,Medium,False,False,False,0
237987,G06001700,High,False,False,False,0
224302,G06011301,Medium,False,False,False,0
242080,G06001308,Low,False,False,False,0
242085,G06009903,Low,False,False,False,1
141315,G06001309,High,True,True,False,0
415344,G06007705,Low,False,False,False,0
437822,G06004701,Low,False,False,False,0
518084,G06006717,Medium,False,False,True,0
237872,G06007707,High,False,False,False,0
79344,G06000300,High,False,False,False,0
224383,G06001312,High,False,False,False,0
96524,G06006707,High,False,False,False,0
194181,G06006709,Low,False,False,True,0
96545,G06001311,High,False,False,False,0
96548,G06007707,Low,True,True,False,0
141434,G06009901,High,False,False,False,0
224395,G06011301,Medium,True,True,False,0
414482,G06007705,Medium,False,False,False,0
96573,G06006709,Medium,False,False,True,0
298263,G06007707,High,False,False,False,0
194119,G06001311,High,False,False,False,0
414426,G06001313,Medium,True,True,True,0
530189,G06004702,High,False,False,False,1
530191,G06001311,High,False,False,False,0
327619,G06007707,Medium,False,False,False,0
141451,G06006705,Medium,False,False,True,0
165031,G06007706,Medium,False,False,False,0
530213,G06004702,Medium,True,True,True,0
323250,G06009903,High,True,True,False,0
530228,G06001700,High,False,False,False,0
96591,G06001313,Medium,False,False,False,0
224273,G06009503,Medium,False,False,False,0
96504,G06001313,Low,False,False,True,0
437912,G06000120,Medium,False,False,False,0
14935,G06007705,Medium,False,False,False,0
414953,G06011301,High,False,False,False,0
311638,G06004701,High,False,False,False,0
518072,G06001314,Medium,False,False,False,0
363084,G06006717,High,False,False,False,0
96408,G06001309,Medium,True,True,False,0
194350,G06000300,Medium,False,False,False,0
414874,G06007707,Low,True,True,False,0
280054,G06007706,Medium,True,True,False,1
79401,G06007705,Medium,False,False,True,0
221125,G06000120,High,True,True,False,0
237844,G06000300,High,True,True,False,1
164937,G06006707,Medium,False,False,False,0
135365,G06009503,High,False,False,False,0
14902,G06001700,Medium,False,False,False,0
96489,G06001308,Medium,False,False,True,0
141382,G06009901,Medium,False,False,False,0
437898,G06001308,Low,False,False,False,0
323418,G06006709,High,False,False,False,0
141387,G06001312,High,True,True,False,0
79261,G06009903,Low,True,True,False,0
529677,G06004701,High,False,False,False,0
518234,G06001311,Medium,False,False,False,0
95405,G06007708,Medium,False,False,False,0
279514,G06009901,High,False,False,False,0
15302,G06004702,Medium,False,False,False,0
529215,G06007707,High,False,False,False,0
79939,G06000120,Medium,False,False,False,1
95483,G06000300,Medium,False,False,False,0
311690,G06001700,Low,False,False,False,0
79938,G06009503,Low,False,False,False,0
313269,G06006717,High,False,False,False,0
518387,G06004702,Medium,False,False,False,0
362578,G06001700,Low,True,True,False,0
416270,G06001308,Low,False,False,False,0
95579,G06001314,Low,False,False,False,0
194586,G06009903,Medium,True,True,False,0
416225,G06007707,Low,True,True,False,0
224035,G06007705,Medium,False,False,False,0
416201,G06011301,High,False,False,False,0
224071,G06009502,High,True,True,False,0
135623,G06001305,High,True,True,False,0
416163,G06006717,Medium,True,True,False,0
362602,G06004701,Medium,False,False,True,0
95659,G06007708,Low,False,False,False,0
79935,G06006707,High,False,False,False,0
416449,G06001305,High,False,False,False,0
15327,G06006709,High,False,False,False,0
221254,G06000300,Low,True,True,True,0
95194,G06009501,High,False,False,False,0
164810,G06009901,Medium,False,False,False,0
416728,G06000120,High,False,False,False,0
135801,G06001309,Medium,False,False,False,0
271466,G06004702,Medium,False,False,False,0
518436,G06006712,Low,False,False,False,0
95246,G06006717,High,True,True,False,1
529078,G06000120,Medium,False,False,False,0
416663,G06009901,Low,True,True,False,0
323670,G06006717,Medium,False,False,False,0
271377,G06000120,Medium,False,False,True,0
279455,G06001311,Medium,False,False,True,1
95328,G06007708,Medium,True,True,False,0
15384,G06009502,High,False,False,False,0
135742,G06000300,Low,False,False,False,0
311691,G06001314,Medium,False,False,False,0
518424,G06001313,High,False,False,False,0
298477,G06001311,Low,False,False,False,1
437224,G06001312,Low,False,False,False,0
79955,G06007705,Low,False,False,False,0
95368,G06006717,High,False,False,False,1
416472,G06006717,High,False,False,True,0
416602,G06004702,High,False,False,False,0
437329,G06001308,Low,False,False,False,0
416148,G06004701,Low,True,True,False,0
238244,G06006712,Low,False,False,False,0
79832,G06001305,High,False,False,False,0
15204,G06007708,High,False,False,False,0
95968,G06007706,High,False,False,False,0
96005,G06007708,Medium,False,False,False,0
135504,G06009903,Medium,False,False,False,0
279716,G06006717,High,False,False,False,0
529505,G06001314,Low,True,True,False,0
437492,G06007708,Low,False,False,False,0
135495,G06000300,High,True,True,False,0
141214,G06007707,High,False,False,False,0
362898,G06007708,High,False,False,False,0
529489,G06001312,Medium,True,True,True,0
96108,G06009501,Medium,False,False,False,1
362907,G06009502,High,False,False,False,0
437578,G06007705,Low,False,False,False,0
298327,G06009901,Medium,False,False,False,0
518265,G06007708,Low,False,False,False,0
415565,G06009501,Medium,True,True,False,0
415671,G06001312,High,False,False,False,0
279749,G06007705,Medium,False,False,False,0
355399,G06001311,Low,False,False,False,0
323650,G06007707,Medium,False,False,False,0
92343,G06006706,Low,False,False,False,0
416111,G06006707,Low,False,False,False,0
238220,G06001311,High,False,False,False,0
135620,G06001314,Medium,False,False,False,0
95734,G06007706,Medium,False,False,False,0
172350,G06006706,Medium,False,False,False,0
15284,G06006707,Low,False,False,False,0
135589,G06001314,Medium,False,False,False,0
298423,G06007705,Medium,False,False,False,0
529462,G06001312,Low,False,False,True,0
355437,G06006705,High,True,True,False,0
224151,G06011301,Medium,False,False,False,0
95895,G06001305,Medium,False,False,False,0
242035,G06000300,Low,False,False,False,0
79861,G06004702,High,False,False,False,1
79848,G06009903,High,True,True,False,0
355406,G06001312,High,False,False,False,0
95926,G06007708,Low,False,False,False,0
415950,G06001309,Medium,False,False,False,0
242052,G06004702,High,False,False,False,0
164826,G06007707,High,False,False,False,0
414259,G06000120,Low,False,False,True,0
14767,G06004701,High,False,False,False,0
355177,G06006712,Medium,False,False,False,0
134743,G06000120,Medium,True,True,True,0
322818,G06007706,Medium,False,False,False,1
531323,G06009502,Medium,False,False,False,0
270945,G06011301,High,False,False,False,1
517584,G06000120,Low,True,True,False,0
193680,G06006712,Low,False,False,False,0
531336,G06009503,Medium,False,False,False,0
531345,G06000300,Low,False,False,False,0
23517,G06009903,High,False,False,False,0
322795,G06011301,High,False,False,False,0
438768,G06007708,Low,False,False,False,0
98332,G06006707,Low,False,False,False,0
224736,G06000120,High,False,False,False,1
438799,G06001700,Medium,False,False,False,0
531391,G06006706,High,True,True,False,0
438842,G06011301,Medium,False,False,False,0
165257,G06009502,Medium,False,False,False,0
322863,G06007708,High,False,False,False,1
412260,G06006717,Medium,False,False,False,0
354865,G06007707,High,False,False,False,0
412561,G06007706,Low,False,False,False,0
23410,G06007705,Low,False,False,False,1
181853,G06007706,Low,False,False,False,1
363985,G06001313,Low,True,True,False,0
171164,G06006707,High,False,False,False,0
412482,G06007705,High,False,False,False,0
237277,G06009903,High,False,False,False,0
412431,G06006709,Medium,False,False,False,0
438892,G06011301,High,True,True,False,0
412426,G06006717,Low,True,True,False,0
438580,G06001305,High,False,False,True,0
322944,G06007708,Medium,False,False,False,0
224695,G06009503,Low,False,False,False,0
78824,G06009901,High,True,True,False,0
531164,G06000300,High,False,False,False,0
354820,G06000120,High,False,False,False,0
313557,G06006717,Low,True,True,True,0
78865,G06011301,Medium,False,False,False,0
78725,G06006707,Medium,False,False,False,0
78720,G06011301,Medium,False,False,False,0
181950,G06004702,Medium,False,False,False,0
181985,G06001700,High,False,False,False,0
23759,G06000120,Low,True,True,False,0
13783,G06001314,Medium,False,False,False,0
322559,G06000300,Low,False,False,False,0
13720,G06009903,Medium,False,False,False,0
193548,G06001312,Low,False,False,False,0
98663,G06001700,High,True,True,False,0
364346,G06007708,Medium,False,False,False,0
364353,G06011301,High,False,False,False,0
411514,G06006709,Medium,False,False,True,0
297832,G06007705,Medium,False,False,False,0
411491,G06009502,Medium,False,False,True,0
98761,G06000300,Low,False,False,False,0
98797,G06006707,Medium,False,False,False,0
411429,G06009502,Medium,False,False,True,0
13711,G06000300,Low,False,False,False,0
193526,G06001309,Medium,False,False,False,0
322538,G06006706,High,True,True,True,0
439057,G06001313,Low,False,False,False,0
200730,G06009503,High,False,False,False,1
364367,G06004702,Medium,False,False,False,0
411375,G06006717,Low,False,False,False,0
364386,G06009503,High,False,False,False,0
98887,G06007706,Medium,False,False,False,0
411483,G06007708,Medium,False,False,False,0
98013,G06000120,Low,True,True,False,0
270865,G06007708,Medium,False,False,False,0
242513,G06006706,Low,False,False,False,0
13985,G06001308,Low,True,True,False,0
23628,G06007708,High,True,True,False,0
327865,G06000120,Low,False,False,False,0
224741,G06007708,Low,False,False,False,0
411920,G06001312,Low,True,True,False,0
13921,G06006705,Low,False,False,True,0
23629,G06007708,Medium,False,False,True,0
237016,G06004702,High,False,False,False,0
531470,G06000120,Low,False,False,False,0
327886,G06007707,High,False,False,False,0
224789,G06011301,Medium,False,False,False,1
411853,G06011301,Low,True,True,False,0
13791,G06011301,Low,False,False,False,0
13853,G06001311,Medium,False,False,False,0
200617,G06007708,High,False,False,False,0
411839,G06001308,High,False,False,False,0
364237,G06007705,Low,False,False,False,0
134559,G06004701,Medium,False,False,False,0
78673,G06001314,High,False,False,False,0
438991,G06000300,High,False,False,False,0
181957,G06009501,Low,False,False,True,0
531599,G06009501,Low,False,False,False,0
78649,G06001311,High,False,False,False,0
364305,G06006705,High,False,False,False,0
13842,G06007707,Low,False,False,False,0
134822,G06009903,High,True,True,False,0
363961,G06000300,High,True,True,False,0
221089,G06004702,Low,False,False,False,0
97007,G06000120,Medium,False,False,False,1
438199,G06006706,Low,True,True,False,0
242316,G06001314,High,False,False,True,1
313455,G06009903,High,False,False,False,0
298154,G06001311,Medium,False,False,False,0
97095,G06001313,Low,False,False,False,0
97121,G06007706,High,False,False,False,1
200371,G06007705,Medium,False,False,False,0
530530,G06006705,Low,False,False,False,0
221078,G06006717,High,False,False,False,0
323068,G06007708,Medium,False,False,False,0
298194,G06009501,Medium,False,False,False,0
135127,G06001305,Low,False,False,False,0
14650,G06007705,High,False,False,False,0
200413,G06009501,Low,True,True,False,0
237634,G06009503,High,False,False,False,0
530659,G06000300,Medium,False,False,True,0
97235,G06001305,Low,False,False,True,0
79116,G06007706,Low,False,False,False,0
530665,G06001311,Medium,False,False,False,0
171267,G06009901,Medium,False,False,False,0
181755,G06001305,Medium,False,False,False,0
165053,G06006709,Medium,False,False,False,0
181770,G06009501,Low,False,False,True,0
414127,G06009901,High,False,False,False,0
224426,G06000120,Medium,False,False,False,0
414087,G06001311,Low,False,False,False,0
141457,G06001308,Medium,True,True,False,0
96850,G06001309,High,False,False,False,1
242190,G06006717,Medium,False,False,False,0
311580,G06001700,Low,True,True,False,0
135183,G06006706,Medium,False,False,False,0
135222,G06001308,Low,True,True,True,0
242205,G06001311,High,False,False,True,0
438045,G06004702,High,False,False,False,0
135221,G06007707,Medium,True,True,False,0
413983,G06000120,High,False,False,False,0
96905,G06009903,High,False,False,False,0
323167,G06001305,Medium,False,False,False,0
96923,G06000120,High,True,True,True,0
327638,G06000300,Low,False,False,False,0
221091,G06009903,High,False,False,False,1
96931,G06001305,Medium,False,False,True,0
530442,G06011301,Medium,False,False,False,0
237669,G06006706,Medium,False,False,False,0
79078,G06006706,Low,True,True,False,0
14580,G06000120,High,True,True,False,0
323025,G06001311,Low,False,False,False,0
97725,G06001313,Medium,False,False,False,0
97731,G06006707,High,False,False,False,1
530939,G06006707,Medium,False,False,False,0
171181,G06001312,Medium,True,True,False,1
363775,G06009501,Low,False,False,False,0
363779,G06001308,Medium,False,False,False,0
280711,G06006717,High,False,False,False,0
363788,G06011301,High,False,False,False,0
14288,G06007706,Low,False,False,False,0
363809,G06011301,Low,False,False,False,0
134953,G06007705,High,False,False,False,0
280639,G06006709,High,False,False,False,0
412800,G06001309,High,True,True,True,0
412764,G06001309,High,False,False,False,0
363907,G06006712,High,False,False,False,0
97908,G06009501,High,False,False,False,0
530992,G06001308,High,False,False,False,0
438458,G06004701,High,False,False,False,0
78991,G06001314,Medium,False,False,False,0
531012,G06001305,Medium,False,False,False,0
412668,G06009503,Medium,False,False,False,0
517683,G06009502,Medium,False,False,False,0
165215,G06011301,Medium,False,False,False,0
413067,G06007706,High,False,False,True,0
224605,G06007708,High,False,False,False,0
413452,G06001308,Medium,False,False,True,0
280563,G06007708,Medium,False,False,False,0
530769,G06007707,High,False,False,False,0
517786,G06009903,High,False,False,False,0
413364,G06000120,Low,False,False,False,0
413353,G06006705,Low,False,False,False,0
23260,G06009903,High,False,False,False,0
141583,G06001305,Medium,True,True,False,0
363641,G06009903,Medium,False,False,True,0
413078,G06011301,High,False,False,False,1
237557,G06006705,Low,False,False,False,1
14483,G06006712,Low,False,False,False,0
193848,G06009903,High,False,False,False,0
280598,G06007706,High,False,False,False,0
530890,G06001308,Medium,False,False,False,1
413220,G06001312,Low,False,False,False,0
165151,G06006706,Medium,True,True,False,0
97655,G06001312,Medium,False,False,False,0
97676,G06007706,Medium,False,False,False,0
363752,G06001312,Low,False,False,False,0
327702,G06011301,Medium,False,False,False,0
237521,G06007708,High,False,False,False,0
194699,G06009901,High,False,False,False,0
20477,G06000300,High,True,True,True,0
419005,G06001700,Medium,True,True,False,0
238773,G06001312,Low,False,False,False,0
278525,G06004701,High,True,True,False,0
140775,G06001309,Medium,False,False,False,0
418967,G06001313,Low,True,True,False,0
418914,G06001312,Medium,False,False,False,0
93558,G06006709,Low,True,True,False,0
16329,G06001313,Low,False,False,True,1
418904,G06009903,High,False,False,False,0
80606,G06001313,High,False,False,False,1
93579,G06007705,High,False,False,True,0
361680,G06000120,High,False,False,True,0
22565,G06006717,Medium,False,False,False,0
527882,G06006717,Low,False,False,False,0
271987,G06006705,High,False,False,False,0
195471,G06007705,High,False,False,False,0
164637,G06006707,Medium,False,False,False,0
16314,G06007705,Medium,False,False,False,0
93807,G06006706,Medium,False,False,False,0
527905,G06009903,Low,False,False,False,0
298835,G06000300,High,True,True,True,1
527923,G06000300,High,False,False,False,0
140764,G06011301,Low,True,True,False,0
278391,G06001700,Low,False,False,False,0
436232,G06001312,Low,False,False,False,0
361541,G06009901,High,False,False,False,0
93249,G06007705,Low,True,True,False,0
136479,G06000120,Medium,True,True,False,0
361557,G06001700,Low,True,True,False,0
140728,G06001700,Medium,False,False,False,0
355859,G06006717,Medium,False,False,False,0
223690,G06007707,Medium,False,False,False,0
195486,G06011301,High,False,False,False,0
324001,G06007705,Low,False,False,False,0
16395,G06009503,Low,False,False,False,0
419199,G06009503,Low,False,False,False,0
518813,G06007707,Low,False,False,False,0
195477,G06009503,High,False,False,False,0
16390,G06006706,High,False,False,False,0
436313,G06000300,High,False,False,False,0
223711,G06001312,High,False,False,False,0
323992,G06001305,Low,False,False,False,0
327271,G06001305,Medium,False,False,False,0
199916,G06009503,Medium,True,True,False,0
518718,G06007707,Medium,False,False,False,0
327278,G06001700,Medium,False,False,False,0
418350,G06007707,Medium,True,True,False,0
241886,G06001308,High,False,False,True,0
94206,G06009501,Medium,False,False,False,0
418324,G06009503,High,False,False,False,0
16238,G06001312,Medium,False,False,False,1
16228,G06009903,High,False,False,False,0
528049,G06006706,Medium,False,False,False,1
22576,G06006712,Low,False,False,False,0
164670,G06007705,High,False,False,False,0
271822,G06001312,Low,False,False,False,0
179818,G06006706,Medium,False,False,False,0
94253,G06006709,Low,True,True,False,0
418247,G06006717,Low,False,False,False,0
94256,G06006709,Medium,False,False,False,0
238684,G06009901,Medium,False,False,False,0
22577,G06006706,High,False,False,False,0
94257,G06001312,Medium,False,False,False,0
418219,G06009903,Low,False,False,False,0
195302,G06000120,High,False,False,False,0
361905,G06000120,Medium,False,False,True,0
323892,G06006707,High,False,False,False,0
80348,G06009502,Medium,False,False,True,1
195345,G06009903,Medium,True,True,False,0
418382,G06006709,Low,False,False,False,0
94126,G06006712,Low,False,False,False,0
223724,G06001309,High,False,False,False,0
361780,G06001312,Medium,False,False,False,0
436471,G06000300,Medium,False,False,False,0
323961,G06009501,Low,False,False,False,0
298776,G06006706,Medium,False,False,True,0
80487,G06009501,Medium,False,False,True,0
278576,G06009903,High,False,False,False,0
16275,G06000120,High,False,False,False,0
15411,G06007707,Low,False,False,False,0
418579,G06011301,Medium,False,False,False,0
361832,G06006717,Medium,False,False,False,0
527743,G06007708,High,True,True,False,0
93932,G06009503,High,False,False,False,1
93933,G06000300,High,False,False,False,0
238709,G06011301,Low,False,False,False,0
278661,G06009503,Medium,False,False,True,0
93977,G06001305,Low,True,True,False,0
171393,G06007706,Medium,False,False,False,0
195370,G06001313,Low,False,False,False,0
94037,G06009503,Low,False,False,True,0
16244,G06001314,High,False,False,False,0
298707,G06007708,Low,True,True,False,0
140864,G06006707,Medium,False,False,False,0
136254,G06000300,Low,True,True,False,0
418548,G06006706,Low,False,False,False,0
436744,G06004701,High,False,False,False,0
527730,G06001305,High,False,False,False,0
223629,G06009503,High,False,False,False,0
420370,G06009502,Low,False,False,False,0
136680,G06006717,Medium,False,False,True,1
519034,G06000120,High,False,False,False,0
527282,G06006707,Low,True,True,False,0
92622,G06011301,High,False,False,False,0
81139,G06006712,High,False,False,False,0
136655,G06006717,High,False,False,False,0
16688,G06001305,Medium,False,False,False,0
92629,G06001312,Low,False,False,False,0
195728,G06001305,Medium,False,False,False,0
239018,G06000120,Medium,False,False,False,0
519014,G06009502,High,False,False,False,0
356027,G06007705,High,False,False,False,0
420233,G06006712,Medium,False,False,False,0
92700,G06004702,Low,True,True,False,0
420152,G06004702,High,False,False,False,0
420136,G06001308,Medium,False,False,False,1
223496,G06009503,Medium,False,False,True,0
223503,G06001311,High,False,False,False,0
136625,G06004702,High,False,False,False,0
172310,G06004702,Medium,True,True,False,0
435799,G06001309,Medium,True,True,False,0
272181,G06001305,High,False,False,False,0
298956,G06001308,Low,False,False,False,0
420692,G06007706,Medium,False,False,False,0
81210,G06001700,Low,True,True,False,0
420681,G06001313,Medium,True,True,False,0
324273,G06000120,Low,False,False,False,0
420661,G06006705,Medium,False,False,False,0
179890,G06001309,High,False,False,False,0
277977,G06007705,Medium,False,False,False,0
136763,G06009502,Medium,False,False,False,0
221435,G06001311,Low,False,False,False,0
92411,G06011301,Low,True,True,False,0
519096,G06001312,Medium,True,True,False,0
16797,G06000300,High,False,False,False,0
278010,G06000300,High,False,False,False,0
420532,G06007707,High,False,False,False,0
278013,G06001308,Low,False,False,True,0
179887,G06006706,High,False,False,False,0
298972,G06011301,High,False,False,False,0
298964,G06007707,Low,False,False,True,0
136717,G06001312,High,True,True,False,0
527241,G06006706,High,False,False,False,0
81178,G06006706,Medium,False,False,False,0
171474,G06001308,High,False,False,True,0
92790,G06001312,Low,False,False,False,0
16621,G06000300,Medium,True,True,False,0
272146,G06000300,Medium,False,False,False,0
419692,G06001314,High,True,True,False,0
355933,G06006707,Low,False,False,False,1
324079,G06011301,High,False,False,False,0
80883,G06000300,Medium,True,True,False,0
324068,G06006712,High,True,True,False,0
313063,G06001309,High,True,True,False,0
298865,G06006717,Medium,True,True,False,0
313097,G06004701,High,False,False,False,1
327262,G06009901,Low,False,False,False,0
436104,G06011301,High,False,False,False,0
22451,G06006717,Low,False,False,False,0
527627,G06009502,Low,False,False,False,0
355907,G06006705,Low,True,True,True,0
278358,G06009501,Medium,False,False,False,0
272105,G06001700,High,False,False,True,0
527630,G06001305,Medium,False,False,False,0
93108,G06006712,High,False,False,True,0
199754,G06001305,High,True,True,False,0
195519,G06007706,High,False,False,False,0
80777,G06009502,High,False,False,False,0
324087,G06000300,Low,False,False,False,0
518916,G06007707,High,False,False,False,0
92968,G06009501,Medium,False,False,False,0
238925,G06009901,High,False,False,False,0
195706,G06009901,Medium,False,False,False,0
241683,G06001312,High,False,False,False,0
419954,G06006706,High,False,False,False,0
518980,G06000120,Low,False,False,False,0
419947,G06001312,Medium,False,False,False,0
361288,G06011301,High,False,False,False,0
361298,G06006709,High,False,False,False,0
272171,G06006705,High,False,False,False,0
419940,G06001313,Medium,False,False,False,0
80714,G06009503,High,True,True,False,0
136617,G06007707,High,False,False,False,0
164620,G06001308,Medium,False,False,False,0
527451,G06001305,Low,False,False,False,0
361333,G06009503,Medium,False,False,False,0
238957,G06001312,Low,False,False,False,0
241760,G06001314,High,False,False,False,0
92896,G06001700,Medium,False,False,False,0
221406,G06006709,Low,False,False,False,0
223510,G06009502,Medium,False,False,False,0
435992,G06004701,Medium,False,False,False,0
92908,G06001309,High,False,False,False,0
527436,G06011301,High,True,True,False,0
298689,G06006712,Medium,False,False,False,0
93902,G06000120,High,False,False,True,0
361977,G06006709,Low,False,False,False,0
417739,G06006717,Low,False,False,False,0
417715,G06007706,High,False,False,False,0
135932,G06006712,High,False,False,False,0
417711,G06004702,High,False,False,True,0
195071,G06001312,Low,False,False,False,0
362090,G06006705,High,False,False,False,0
194881,G06001314,Medium,False,False,False,1
417667,G06001312,Low,False,False,False,0
279206,G06001308,High,False,False,False,0
141078,G06000120,Low,False,False,False,0
94593,G06001305,High,True,True,False,0
135942,G06004702,Medium,False,False,False,0
162120,G06011301,Low,False,False,False,0
279222,G06001308,Low,False,False,False,0
436920,G06007705,High,False,False,False,0
323797,G06006707,Medium,False,False,False,0
15979,G06004702,Medium,False,False,False,1
417871,G06007707,Medium,False,False,False,0
528781,G06007705,High,False,False,False,1
528285,G06006717,Medium,False,False,False,0
95026,G06011301,High,False,False,False,0
164733,G06011301,High,False,False,False,0
136093,G06009503,High,True,True,False,0
135971,G06001311,High,False,False,False,0
417858,G06001308,Medium,False,False,False,0
15516,G06001309,High,False,False,False,0
355654,G06006707,Medium,False,False,False,0
436908,G06009901,Low,False,False,False,0
22613,G06009501,High,False,False,False,0
417410,G06006709,Medium,False,False,False,0
417843,G06011301,Medium,True,True,False,0
223804,G06011301,High,False,False,False,0
417043,G06007706,Medium,False,False,False,0
518546,G06009501,Medium,False,False,False,0
279186,G06009903,Medium,False,False,True,0
437096,G06006707,Medium,False,False,False,0
94695,G06006707,High,False,False,False,0
200070,G06011301,High,False,False,False,1
80083,G06009502,High,True,True,False,1
15859,G06009903,High,False,False,False,0
223847,G06009501,High,True,True,False,0
223849,G06011301,Low,True,True,False,0
271549,G06001313,Medium,True,True,False,0
323766,G06001311,High,False,False,False,0
179811,G06001312,Medium,False,False,True,0
417002,G06006706,High,False,False,True,0
22629,G06009903,High,False,False,False,0
15569,G06001309,Low,False,False,False,0
80061,G06001311,Low,False,False,False,0
279157,G06006705,High,False,False,False,0
518520,G06009503,High,False,False,False,0
15903,G06009502,Low,False,False,False,0
194905,G06011301,Low,False,False,False,0
355546,G06007707,Medium,False,False,False,0
417562,G06000300,High,True,True,False,0
417259,G06006717,Low,False,False,False,0
417263,G06009903,High,True,True,False,0
80172,G06009501,Medium,False,False,False,0
279133,G06006705,High,False,False,False,0
80067,G06007706,High,False,False,True,0
362038,G06009502,Medium,False,False,False,0
194848,G06006712,Medium,False,False,False,0
279368,G06004702,Medium,False,False,False,0
278882,G06011301,High,False,False,False,1
436856,G06007708,High,False,False,False,0
313166,G06009503,High,False,False,False,0
94390,G06001700,Low,False,False,False,0
195238,G06001311,Medium,False,False,False,1
417969,G06000120,Low,False,False,False,0
271642,G06001314,Medium,False,False,False,0
95045,G06001313,Low,True,True,False,0
528970,G06001313,Low,False,False,False,0
418112,G06001314,Low,False,False,False,0
298675,G06004702,Medium,False,False,True,0
417923,G06006717,Medium,False,False,False,0
194795,G06006712,Low,False,False,False,0
238562,G06001308,Low,False,False,False,0
323704,G06000300,High,False,False,False,0
416943,G06007706,Low,False,False,False,0
362452,G06007707,High,True,True,False,0
80040,G06007708,High,True,True,False,0
95115,G06006705,Medium,False,False,False,0
271701,G06011301,High,False,False,False,0
313187,G06001311,Low,False,False,False,0
298653,G06006706,High,False,False,False,0
362025,G06007705,Medium,False,False,False,0
16037,G06006717,High,False,False,False,0
141122,G06007706,Medium,False,False,False,0
94495,G06000120,High,False,False,True,0
362032,G06001308,Medium,True,True,False,0
15426,G06001305,High,False,False,False,0
418046,G06004702,High,True,True,False,0
323716,G06001314,High,False,False,True,0
194798,G06006705,Low,False,False,False,0
327210,G06002906,Medium,True,True,False,1
515056,G06001903,Low,False,False,False,0
240889,G06002906,Medium,True,True,False,0
519087,G06001907,Low,False,False,False,0
175169,G06001903,Low,False,False,False,0
1545,G06003900,Low,False,False,False,0
23444,G06002903,Medium,False,False,False,0
336181,G06002908,High,False,False,False,0
220628,G06003900,Medium,False,False,False,0
547454,G06001902,High,True,True,False,0
546368,G06001905,Low,False,False,False,0
231458,G06001903,Medium,False,False,False,0
311961,G06001907,Low,False,False,True,0
518323,G06003100,High,False,False,True,0
243679,G06001902,High,False,False,False,0
316291,G06001904,Medium,False,False,False,0
23389,G06001902,Low,True,True,False,1
492735,G06001905,Medium,False,False,False,0
40639,G06001901,Medium,False,False,False,0
168894,G06002906,Medium,False,False,False,0
160815,G06003900,Low,False,False,False,0
517372,G06002906,Low,True,True,False,0
214195,G06001903,High,False,False,False,0
545497,G06002903,Medium,False,False,False,0
22425,G06001901,Medium,False,False,False,0
20791,G06001905,Medium,False,False,False,0
231873,G06003900,Medium,False,False,False,0
162269,G06001906,High,False,False,False,0
513878,G06002904,Low,False,False,False,0
230908,G06002904,High,False,False,False,0
3530,G06002906,Low,False,False,False,1
517416,G06001903,Medium,False,False,False,0
311973,G06001904,High,False,False,False,0
22384,G06001907,Medium,False,False,False,0
548434,G06001906,Medium,True,True,False,0
315699,G06001902,Low,False,False,False,0
494371,G06002906,High,False,False,True,0
215239,G06002903,Medium,False,False,False,0
40132,G06002906,High,True,True,False,0
548327,G06002908,Low,False,False,False,0
327146,G06001902,Medium,False,False,True,0
515801,G06001902,Low,False,False,False,0
161343,G06001902,Medium,False,False,False,0
547334,G06003100,Low,False,False,False,0
1154,G06001902,Medium,False,False,False,0
251339,G06002908,Medium,False,False,False,0
335520,G06001907,High,True,True,False,0
42066,G06002908,High,True,True,False,0
162103,G06003100,Medium,False,False,False,0
40791,G06002908,High,False,False,False,0
40236,G06001902,High,False,False,False,0
42092,G06001902,Medium,False,False,True,0
22392,G06001902,High,False,False,False,0
311989,G06002904,High,False,False,False,0
513983,G06001902,High,False,False,False,0
548377,G06001904,Low,False,False,False,0
230284,G06003900,Medium,False,False,False,0
516538,G06001904,Low,False,False,False,0
161785,G06001907,Low,False,False,False,0
1229,G06003900,High,False,False,False,0
39308,G06002904,Medium,True,True,True,0
493503,G06001903,Medium,False,False,False,0
172541,G06002904,High,False,False,True,0
308320,G06002906,Medium,True,True,False,0
154618,G06002908,High,False,False,False,0
547523,G06001905,Low,False,False,False,0
220614,G06001902,Medium,True,True,False,0
545310,G06001901,High,False,False,False,0
169961,G06003100,Medium,False,False,False,0
336569,G06002903,Medium,False,False,True,0
336933,G06001901,High,False,False,False,0
163003,G06003900,Low,False,False,False,0
22167,G06001902,High,True,True,False,0
2481,G06002903,Medium,False,False,False,0
335765,G06001902,High,True,True,False,0
326520,G06002906,Low,True,True,False,0
229376,G06001907,Low,True,True,False,0
491612,G06001905,Medium,True,True,False,0
521521,G06002904,Low,False,False,False,1
336616,G06001904,Low,False,False,False,0
515196,G06003100,High,True,True,False,0
41990,G06001902,Low,False,False,False,1
328756,G06003100,High,False,False,False,0
1607,G06002906,Low,True,True,False,0
549718,G06002906,Medium,False,False,False,0
546339,G06003100,Medium,False,False,False,0
161724,G06002906,High,False,False,False,0
163038,G06001904,Low,False,False,False,0
231905,G06002908,High,False,False,False,1
169902,G06003100,Low,False,False,False,0
490653,G06001906,Low,True,True,False,0
326554,G06002906,Medium,False,False,False,0
1752,G06001901,High,False,False,False,0
231043,G06001906,Low,False,False,False,0
242441,G06001902,High,False,False,False,0
315750,G06001901,High,False,False,False,0
169034,G06001906,High,True,True,False,0
494043,G06002906,Medium,False,False,False,1
315311,G06002906,Low,True,True,False,0
25335,G06002903,Medium,False,False,False,0
492090,G06001902,Low,True,True,False,0
21791,G06001905,Low,True,True,False,0
516266,G06001906,Low,False,False,False,0
327563,G06001902,High,False,False,False,0
315214,G06001902,Medium,False,False,False,0
169989,G06001906,Low,False,False,False,0
221336,G06002904,Low,False,False,False,0
21309,G06001903,Medium,False,False,False,0
41065,G06003900,Medium,False,False,False,0
493037,G06001903,Low,False,False,False,0
315915,G06002906,High,False,False,False,0
241032,G06001902,Low,False,False,False,0
242714,G06002904,Medium,True,True,False,0
491394,G06001907,Low,False,False,False,0
548828,G06002903,High,False,False,True,0
546661,G06001903,Medium,False,False,False,0
518722,G06001902,High,False,False,False,0
515565,G06002906,Medium,False,False,False,0
231603,G06003100,High,False,False,False,0
215135,G06001901,High,False,False,False,0
493814,G06001902,Low,False,False,False,0
515605,G06002906,Low,False,False,False,0
24747,G06002904,High,False,False,False,0
518614,G06001907,Medium,False,False,False,0
518193,G06001905,Low,True,True,False,1
230490,G06002904,Medium,False,False,False,0
252200,G06001905,High,False,False,False,0
329017,G06002908,High,False,False,False,0
25923,G06001901,Medium,False,False,False,0
316706,G06002908,Low,False,False,False,0
520743,G06001905,High,False,False,False,0
172717,G06002908,Low,False,False,False,0
231261,G06001906,Medium,False,False,False,0
243812,G06003100,High,False,False,False,0
22591,G06003900,High,False,False,False,0
251638,G06002908,High,False,False,False,0
491954,G06001907,Medium,False,False,False,0
39840,G06002908,High,True,True,False,0
328897,G06001905,Medium,False,False,False,0
518674,G06002904,Low,False,False,False,0
231279,G06002906,Low,False,False,True,1
315162,G06003100,Medium,False,False,False,0
520662,G06002906,Low,False,False,False,0
514713,G06001901,Low,False,False,False,0
21253,G06002906,Medium,True,True,False,0
494087,G06001902,High,False,False,False,0
518692,G06001903,Medium,False,False,False,0
21207,G06001903,Low,False,False,False,0
515398,G06003100,Low,False,False,True,0
220564,G06003100,Low,True,True,False,0
220804,G06001902,Medium,False,False,False,0
155425,G06001902,Medium,False,False,True,0
3090,G06003900,High,True,True,False,0
243845,G06001904,High,False,False,False,1
518001,G06001907,Medium,False,False,False,0
169024,G06001904,Medium,False,False,False,0
41591,G06001906,Medium,False,False,False,0
549018,G06001901,Low,True,True,False,1
215084,G06003100,Low,False,False,False,0
316343,G06002903,Low,False,False,False,0
230822,G06002908,Medium,False,False,False,0
516876,G06001905,Medium,False,False,False,0
516891,G06001901,Low,False,False,False,0
242711,G06001904,High,True,True,False,0
23161,G06001903,Medium,False,False,False,0
516983,G06001904,Low,True,True,False,0
3282,G06001904,Low,False,False,False,0
546762,G06002906,High,True,True,False,0
229588,G06001904,Medium,True,True,True,0
519597,G06002903,High,False,False,True,0
493743,G06001902,Medium,False,False,True,0
547810,G06001901,Medium,False,False,False,0
311523,G06001903,Low,False,False,False,0
492241,G06001905,High,False,False,False,0
316659,G06001906,High,False,False,False,0
24030,G06003100,High,True,True,False,0
518283,G06001901,High,False,False,False,0
486,G06001903,Low,False,False,False,0
251016,G06002903,High,True,True,False,0
517047,G06002904,Low,False,False,False,0
242632,G06001903,Medium,False,False,False,0
1026,G06001906,Medium,False,False,False,0
1475,G06003100,Low,False,False,False,0
25493,G06002903,High,False,False,False,0
40799,G06002903,High,True,True,False,0
26256,G06001906,High,False,False,False,0
162956,G06001902,High,True,True,False,0
328267,G06001907,Medium,False,False,False,0
221199,G06002908,Medium,False,False,False,0
490823,G06001903,Medium,False,False,False,0
39545,G06002904,Medium,False,False,False,0
316634,G06002908,High,False,False,False,0
21681,G06002904,High,True,True,False,0
161876,G06001902,Low,False,False,False,0
172566,G06001907,Low,False,False,False,0
168914,G06001902,Low,True,True,False,1
24712,G06001903,Medium,False,False,False,0
219989,G06003900,Low,False,False,False,0
326341,G06003100,Medium,False,False,False,0
172309,G06003100,Low,False,False,False,0
549400,G06002908,High,True,True,False,0
518603,G06002908,High,False,False,True,0
252329,G06002903,Medium,False,False,False,0
162553,G06001902,Medium,False,False,False,1
546998,G06001907,Low,False,False,False,0
242305,G06001901,Low,False,False,True,1
493295,G06002903,Medium,True,True,False,0
21063,G06001904,High,False,False,False,0
168738,G06002908,Low,False,False,False,0
518740,G06001905,Low,False,False,False,1
336473,G06002908,Medium,False,False,False,0
311562,G06002906,Medium,False,False,False,0
221916,G06001905,Low,False,False,False,0
22746,G06002904,Low,False,False,False,0
230616,G06003100,Low,False,False,False,0
242353,G06001902,Medium,False,False,False,0
517021,G06002903,Medium,False,False,False,0
40351,G06001903,Low,False,False,False,0
520542,G06001903,Medium,False,False,False,0
546123,G06002904,High,False,False,True,0
39567,G06001906,Low,False,False,False,0
326317,G06003900,High,False,False,False,0
315425,G06001907,Low,True,True,False,0
21035,G06001906,Low,True,True,False,0
162578,G06003900,Medium,False,False,False,0
317106,G06001901,Low,False,False,False,0
25771,G06002908,Medium,False,False,True,0
173095,G06003900,High,False,False,False,0
26513,G06002903,Low,False,False,False,0
536356,G06002906,Low,False,False,False,0
10329,G06002908,High,False,False,False,0
536257,G06001901,Medium,True,True,False,0
238615,G06002903,Medium,False,False,False,0
528183,G06008302,Medium,True,True,False,0
34762,G06002908,Medium,False,False,False,0
34741,G06001907,Medium,True,True,False,0
248517,G06002906,Medium,True,True,False,1
309135,G06002904,Medium,True,True,False,0
225835,G06001904,Medium,False,False,False,1
501794,G06002908,High,True,True,False,0
309187,G06002903,Low,False,False,False,0
16021,G06002903,High,True,True,False,0
323803,G06001905,Medium,False,False,False,0
235322,G06003100,Low,False,False,False,0
157345,G06002906,Medium,False,False,False,0
34801,G06001905,Low,False,False,False,0
248585,G06001903,High,False,False,False,0
501044,G06003900,Medium,True,True,False,1
10055,G06001904,Low,False,False,False,0
333654,G06001903,Medium,False,False,False,0
501166,G06001904,Low,False,False,False,0
35032,G06001903,High,False,False,False,0
309111,G06003100,High,False,False,False,0
34993,G06002903,Medium,False,False,False,0
314058,G06003900,Low,False,False,False,0
536761,G06001902,High,False,False,False,1
331117,G06001901,Low,False,False,False,0
528358,G06001904,High,False,False,False,0
216893,G06001901,Low,True,True,False,1
331147,G06003900,High,False,False,False,0
527949,G06001904,High,False,False,False,0
10175,G06003900,Low,True,True,False,0
10201,G06001906,Medium,False,False,False,0
320977,G06001907,High,False,False,False,0
527999,G06002903,High,False,False,False,0
333563,G06001903,Low,False,False,False,1
501378,G06002908,High,False,False,False,0
10249,G06002904,Medium,False,False,False,0
331145,G06002906,Medium,False,False,False,0
174191,G06001904,Medium,False,False,False,1
235391,G06001904,High,False,False,False,0
223840,G06001904,Medium,False,False,False,0
535516,G06001902,High,False,False,False,0
34510,G06001907,High,False,False,False,0
15495,G06001907,High,False,False,False,0
223957,G06003900,Medium,True,True,False,1
313983,G06001907,High,True,True,False,0
321309,G06001904,Medium,False,False,False,0
331376,G06001904,Low,True,True,False,0
502158,G06001902,Low,False,False,False,0
30823,G06001907,Low,False,False,False,0
225577,G06001902,Medium,False,False,False,0
34380,G06001904,Medium,False,False,False,0
11204,G06003900,Low,False,False,False,0
171325,G06001902,Medium,False,False,False,0
246321,G06002906,Low,True,True,False,0
535170,G06001904,Medium,False,False,False,0
507688,G06001902,High,False,False,False,0
333243,G06002908,Low,False,False,False,0
166130,G06002904,Low,False,False,False,0
159382,G06002904,Medium,False,False,False,0
321103,G06002906,High,True,True,False,0
508259,G06002904,Medium,False,False,False,0
528382,G06002903,High,False,False,False,0
535788,G06002903,Low,False,False,False,0
528419,G06002903,High,False,False,False,1
10745,G06002906,Medium,False,False,False,0
246101,G06002908,High,False,False,True,0
15878,G06002903,Low,False,False,False,0
331246,G06001907,Low,True,True,True,0
246108,G06002908,High,False,False,False,0
235442,G06001905,Low,False,False,False,0
528479,G06001901,Low,True,True,False,0
309200,G06001903,Medium,False,False,False,0
159395,G06003100,High,False,False,False,1
164757,G06002903,High,True,True,False,0
223870,G06001905,Low,False,False,False,0
10955,G06003900,High,False,False,False,0
223918,G06003900,Low,False,False,False,0
508163,G06001902,High,True,True,True,0
35186,G06002906,Medium,False,False,False,0
536869,G06002908,High,False,False,False,0
30364,G06003100,High,True,True,False,0
156964,G06003900,Medium,False,False,True,0
312951,G06002908,Low,False,False,False,0
333947,G06001907,Low,False,False,False,0
320350,G06001906,Medium,False,False,False,1
9064,G06001902,Low,False,False,False,0
500152,G06001902,Low,False,False,False,0
29888,G06001904,Medium,False,False,False,0
16906,G06001905,Low,False,False,False,0
509373,G06002908,Low,False,False,False,0
30027,G06002908,Low,False,False,False,0
9279,G06001901,High,False,False,False,1
527159,G06001904,Low,False,False,False,0
156968,G06002903,Medium,True,True,True,0
527161,G06001904,Low,False,False,False,0
308998,G06002906,Medium,False,False,False,0
234689,G06001904,Medium,False,False,True,0
226340,G06001904,High,False,False,False,0
500289,G06001903,Low,False,False,True,0
509293,G06001906,High,False,False,False,1
537793,G06002904,Low,False,False,False,0
538169,G06002903,Medium,False,False,False,0
164389,G06002906,Medium,False,False,False,0
499981,G06003900,Low,False,False,False,1
35874,G06001901,Medium,False,False,False,0
29558,G06002908,Medium,False,False,False,0
164314,G06001906,Low,False,False,False,0
333987,G06002908,High,False,False,False,0
159842,G06001904,Low,False,False,False,0
509720,G06001902,High,False,False,False,0
499796,G06002908,Low,False,False,False,0
166865,G06001907,Low,False,False,False,0
36018,G06002906,Low,False,False,False,0
245641,G06003900,Low,False,False,False,0
499861,G06001906,Medium,True,True,False,0
17004,G06001904,High,False,False,False,0
226537,G06003900,Medium,False,False,False,0
8841,G06002908,Medium,False,False,True,0
234524,G06001902,Low,False,False,False,0
249085,G06003100,Medium,False,False,False,0
499818,G06002904,Medium,False,False,False,0
171513,G06001902,Low,False,False,False,0
509211,G06002903,Low,False,False,False,0
30097,G06001903,Low,False,False,False,0
238916,G06003100,Medium,False,False,False,0
500747,G06002906,Medium,False,False,False,0
537304,G06001906,High,False,False,False,0
527593,G06003100,High,False,False,False,0
320613,G06001903,Low,False,False,True,0
16551,G06002903,Medium,True,True,False,0
500798,G06001906,High,True,True,False,0
170655,G06001905,Low,False,False,False,0
9774,G06002908,High,False,False,False,0
320666,G06001903,Medium,False,False,False,0
527545,G06003900,Medium,False,False,False,0
9833,G06003100,Medium,False,False,False,0
223666,G06002906,High,True,True,False,1
527700,G06001903,Low,False,False,False,0
235025,G06003100,Low,False,False,False,0
537037,G06002908,High,True,True,False,0
30312,G06001907,High,False,False,False,0
331021,G06001906,High,True,True,False,0
35233,G06001902,Low,False,False,False,0
166467,G06001902,Low,False,False,False,0
226086,G06001907,Medium,False,False,False,0
223634,G06001901,Medium,False,False,False,0
502416,G06001903,High,False,False,False,0
320599,G06001904,Medium,False,False,False,0
248893,G06001901,Medium,False,False,True,0
35688,G06001902,Low,True,True,False,0
218884,G06002906,Medium,True,True,True,0
16705,G06002903,Low,False,False,False,1
509137,G06002908,Medium,False,False,False,0
320545,G06003100,Medium,False,False,True,0
157099,G06002904,High,True,True,True,0
171484,G06001907,High,False,False,False,0
333767,G06002903,Medium,False,False,False,0
333793,G06001903,Medium,False,False,False,1
330931,G06001904,High,False,False,False,0
537461,G06003900,Medium,False,False,False,0
238955,G06001903,Low,True,True,False,0
313056,G06001907,High,False,False,True,0
248904,G06001903,Medium,True,True,False,0
248901,G06001904,Low,False,False,False,0
238948,G06002906,Low,True,True,False,1
239172,G06001906,High,True,True,False,0
31816,G06001904,Low,False,False,False,0
33141,G06003900,High,False,False,False,1
332610,G06002906,Low,False,False,False,0
13040,G06001902,Medium,False,False,True,0
31951,G06002908,Low,False,False,False,0
237494,G06003900,Medium,False,False,False,0
32055,G06001906,High,True,True,False,0
173940,G06001907,Low,True,True,False,1
14271,G06001907,Medium,True,True,False,0
32104,G06001906,High,True,True,False,0
165178,G06001906,Medium,False,False,False,1
332098,G06001905,Low,False,False,False,0
532646,G06003900,Medium,True,True,False,0
506042,G06001904,Medium,False,False,False,0
224999,G06003100,Medium,True,True,False,0
32984,G06001903,Low,False,False,False,0
504617,G06001905,High,True,True,True,1
237271,G06001901,Low,False,False,False,0
13273,G06003900,Low,False,False,False,0
506290,G06002908,Low,False,False,False,0
33173,G06002908,Low,False,False,False,0
533023,G06001902,Low,True,True,False,0
506326,G06002908,Medium,False,False,False,0
530453,G06002906,Medium,False,False,False,0
12723,G06001904,Medium,True,True,False,0
225179,G06001904,Medium,False,False,False,0
504025,G06002903,High,True,True,False,0
12809,G06003100,Low,False,False,False,0
533338,G06002908,High,False,False,False,0
533297,G06003100,High,False,False,False,0
530489,G06002903,Low,False,False,False,0
32936,G06003100,Medium,True,True,True,0
158389,G06003100,Low,False,False,False,0
12851,G06003100,High,False,False,False,1
12869,G06001901,Low,False,False,False,0
236319,G06001902,High,False,False,False,0
313489,G06002903,Low,False,False,False,0
225169,G06001905,Low,False,False,False,0
224640,G06001906,Low,False,False,False,0
171195,G06002906,Low,False,False,False,0
309695,G06001901,High,False,False,False,0
237269,G06001903,High,False,False,False,0
313643,G06003900,High,False,False,False,0
32644,G06003100,High,True,True,False,0
217875,G06002906,High,True,True,True,0
32636,G06003100,Medium,False,False,False,0
531975,G06001904,Medium,False,False,False,0
322636,G06001902,Medium,False,False,False,0
13817,G06001904,Low,False,False,False,0
322499,G06003900,Medium,False,False,False,0
309566,G06002908,Low,False,False,False,0
332327,G06001903,Medium,False,False,False,1
165319,G06002904,Medium,False,False,False,0
247062,G06001906,High,False,False,False,0
531748,G06001907,Low,False,False,False,0
224823,G06002906,Medium,True,True,False,0
247082,G06002903,Medium,False,False,False,0
505438,G06003100,High,False,False,False,0
505731,G06002906,Low,True,True,False,0
322441,G06001905,Medium,False,False,False,0
165269,G06001907,Low,False,False,False,0
313677,G06001901,Medium,False,False,False,1
165225,G06001904,High,False,False,False,0
531198,G06002906,Low,False,False,False,0
504812,G06003100,Medium,False,False,True,0
246972,G06001902,Medium,False,False,False,0
504830,G06002908,High,False,False,False,0
32752,G06001902,Medium,False,False,False,0
505819,G06001907,Medium,False,False,False,0
504916,G06001903,Medium,False,False,False,0
224974,G06001901,High,False,False,False,0
158819,G06003100,Low,True,True,False,0
332395,G06001904,High,False,False,False,0
504957,G06003100,Low,False,False,False,0
531361,G06001903,Low,True,True,True,0
505797,G06002908,Medium,False,False,False,0
165264,G06001904,Low,False,False,False,0
505777,G06002908,Medium,False,False,False,0
217820,G06001902,Medium,False,False,False,1
236754,G06003100,High,False,False,False,0
533448,G06002908,High,False,False,False,0
158309,G06001903,Low,False,False,False,0
217566,G06001905,High,False,False,False,0
159166,G06003900,Low,False,False,False,0
158013,G06001903,Medium,False,False,False,0
11717,G06002908,Low,False,False,False,0
332952,G06002908,Low,True,True,False,0
503030,G06002906,High,False,False,False,0
158018,G06003100,Medium,False,False,False,0
15189,G06002906,High,True,True,False,0
171296,G06002908,Medium,False,False,False,0
534522,G06001901,Low,False,False,False,0
238113,G06001907,Medium,True,True,False,0
165868,G06001907,Medium,False,False,False,0
534368,G06001901,Medium,False,False,True,0
15120,G06001903,Low,False,False,False,0
217326,G06002903,High,False,False,False,0
534358,G06001902,Medium,False,False,False,1
225444,G06003900,Medium,False,False,False,1
31296,G06003100,High,False,False,False,0
248094,G06001904,Medium,False,False,False,0
529458,G06001906,Medium,False,False,False,0
309302,G06001904,Low,False,False,False,0
529167,G06001903,Low,False,False,False,0
535028,G06002903,Medium,False,False,False,0
11383,G06002906,High,False,False,False,0
30963,G06001902,Low,False,False,False,0
534972,G06002904,Low,False,False,False,0
502574,G06001902,High,False,False,False,0
238291,G06002908,Medium,False,False,False,0
507567,G06001902,Medium,False,False,False,0
507535,G06001902,High,False,False,False,0
173442,G06001906,Medium,True,True,False,0
235865,G06003100,Medium,False,False,False,0
34050,G06003900,Medium,True,True,False,0
15238,G06001902,Medium,False,False,False,0
225474,G06001903,Medium,False,False,False,0
313884,G06001902,High,True,True,False,0
34100,G06003100,Medium,True,True,False,0
534242,G06001906,Low,False,False,False,0
321764,G06001907,Medium,True,True,True,0
530052,G06002908,Low,False,False,False,0
530076,G06003100,High,False,False,False,0
247860,G06001903,Low,True,True,False,1
170871,G06002906,High,True,True,False,0
530170,G06002906,Medium,False,False,False,1
313399,G06003900,High,False,False,True,1
313417,G06002903,Low,False,False,False,0
31588,G06002906,Medium,True,True,False,0
224440,G06001902,Low,False,False,False,0
506566,G06001904,High,False,False,False,0
224469,G06001904,Low,False,False,False,0
530383,G06002903,High,False,False,False,0
224472,G06002904,Medium,False,False,False,0
533467,G06001904,Medium,True,True,False,0
12666,G06001901,Medium,False,False,False,0
165050,G06001902,Low,False,False,False,0
507683,G06002903,Medium,False,False,False,0
506861,G06002908,High,True,True,False,0
506871,G06003100,Low,True,True,False,0
534170,G06001907,Low,False,False,False,0
534161,G06002906,Medium,False,False,False,0
31394,G06003100,High,True,True,False,0
321840,G06001904,Low,False,False,False,0
236002,G06001904,High,False,False,False,0
507002,G06001906,Medium,True,True,False,0
158228,G06002903,Medium,False,False,False,0
173546,G06001902,Medium,False,False,False,0
506981,G06003100,Low,False,False,False,0
529905,G06002903,Medium,False,False,True,0
332835,G06001901,Medium,False,False,False,0
31464,G06003100,Medium,True,True,False,0
503554,G06002904,Medium,True,True,False,0
313783,G06002906,Medium,False,False,False,0
12474,G06001901,Low,False,False,False,0
533725,G06001907,Medium,False,False,False,0
170870,G06002906,Medium,False,False,False,0
332848,G06001903,High,False,False,False,0
163053,G06002903,Medium,True,True,False,0
320033,G06002906,High,False,False,False,0
156841,G06001904,Low,False,False,False,0
19309,G06002906,Medium,False,False,False,1
163749,G06001906,Medium,True,True,True,1
512497,G06002903,High,False,False,False,0
167861,G06001902,Medium,True,True,False,0
38200,G06002903,High,False,False,False,0
312522,G06001904,High,True,True,True,0
5433,G06002904,Low,False,False,False,0
171916,G06001906,High,False,False,False,0
542782,G06001901,Low,False,False,False,0
219509,G06001905,Medium,False,False,False,0
240241,G06001901,Low,False,False,False,0
155956,G06002908,Medium,True,True,False,0
512382,G06001901,High,False,False,False,0
232927,G06001905,Low,False,False,True,0
222596,G06003100,Medium,False,False,False,0
215785,G06001901,Low,True,True,False,0
523910,G06002908,Medium,True,True,False,0
232965,G06002908,Low,False,False,False,0
512521,G06001903,High,False,False,False,1
523428,G06001906,High,False,False,False,0
250260,G06001905,Medium,False,False,False,0
512541,G06001901,Medium,False,False,True,0
160436,G06001904,High,False,False,False,0
215711,G06002908,Medium,True,True,False,0
244536,G06003900,High,False,False,False,0
227858,G06002908,Low,False,False,False,0
496358,G06003900,High,True,True,False,0
543182,G06003100,Medium,False,False,False,0
523236,G06001907,Low,False,False,False,0
496399,G06001905,Low,False,False,False,0
334877,G06003100,Medium,False,False,False,0
329665,G06003900,Medium,False,False,False,1
155862,G06002903,Low,False,False,False,0
496462,G06001907,Medium,False,False,False,0
38295,G06002906,Medium,False,False,False,0
167874,G06002908,Low,True,True,False,0
543008,G06002903,High,False,False,False,0
496526,G06001905,Low,True,True,False,0
167872,G06003900,Low,True,True,False,0
543005,G06002906,Medium,False,False,False,0
38232,G06001902,Low,False,False,False,0
5240,G06003900,Medium,True,True,False,0
496299,G06001903,Low,False,False,False,0
329915,G06002906,Medium,False,False,True,1
18967,G06001904,Medium,False,False,False,0
160215,G06001906,Medium,False,False,False,1
497173,G06001904,Medium,False,False,False,0
37778,G06002903,High,False,False,False,0
5991,G06002908,Medium,False,False,False,0
497219,G06001902,Medium,False,False,False,0
18960,G06001904,Low,False,False,False,0
215933,G06001905,High,False,False,False,0
325284,G06001902,Medium,True,True,False,0
497277,G06001905,Medium,False,False,False,0
524357,G06001904,Medium,False,False,False,0
170298,G06002906,Low,False,False,False,0
18802,G06002908,Low,False,False,False,0
6038,G06003100,Low,False,False,False,0
233220,G06001901,Low,False,False,False,0
325299,G06002903,Medium,False,False,False,0
233200,G06002903,Low,False,False,False,0
542117,G06001906,Low,True,True,False,1
27710,G06002906,High,True,True,False,0
19080,G06001903,High,False,False,False,0
496909,G06002903,High,False,False,False,0
542484,G06002906,High,False,False,False,0
496917,G06002908,Medium,False,False,False,0
222614,G06002906,Low,False,False,False,0
170263,G06001905,High,False,False,False,0
334870,G06003100,High,False,False,False,0
163878,G06001905,High,False,False,True,0
512111,G06002908,Low,False,False,False,0
5738,G06001901,High,False,False,False,0
244756,G06001902,Medium,True,True,False,0
233092,G06001904,High,False,False,False,0
512018,G06001906,High,False,False,False,0
244780,G06001904,Medium,False,False,False,0
156026,G06002908,Low,False,False,True,0
18989,G06001904,High,False,False,True,0
27856,G06001901,High,False,False,True,0
5688,G06003900,Low,False,False,False,1
523210,G06001903,Low,False,False,False,1
38374,G06001901,Medium,True,True,False,0
544677,G06001902,Low,False,False,False,0
232146,G06001904,High,False,False,False,0
308409,G06001905,Medium,False,False,True,0
335346,G06003100,High,False,False,False,0
513543,G06003900,Medium,False,False,True,0
495132,G06003900,High,False,False,False,0
544492,G06001902,Low,False,False,False,0
329332,G06001904,Medium,True,True,False,0
232224,G06001902,High,True,True,False,1
544450,G06002903,High,False,False,False,0
495221,G06002904,High,False,False,False,1
244198,G06002904,High,False,False,False,0
495234,G06002906,Medium,True,True,False,0
168197,G06001905,Low,False,False,False,0
495259,G06001907,High,False,False,True,0
495370,G06003900,Medium,False,False,False,0
219828,G06001907,Low,False,False,False,0
250566,G06001904,High,False,False,False,0
314970,G06001907,Low,False,False,True,0
250569,G06001901,Medium,False,False,False,0
168460,G06001901,Low,False,False,False,0
494606,G06001906,Low,False,False,False,0
168440,G06001906,Low,True,True,True,0
513800,G06001904,Low,False,False,False,0
215377,G06002906,Low,False,False,False,1
20268,G06002906,High,False,False,False,0
544324,G06002908,Low,True,True,False,1
3862,G06001904,Medium,True,True,False,0
317682,G06001903,Low,False,False,False,0
20212,G06003100,Low,False,False,False,0
168330,G06002904,High,False,False,False,0
326012,G06002904,High,False,False,False,0
544802,G06002906,Medium,False,False,False,0
544789,G06001902,High,False,False,False,0
39070,G06001903,Low,False,False,False,0
522188,G06002908,Low,False,False,False,0
544754,G06001904,High,False,False,True,0
163223,G06001901,Medium,False,False,False,1
544293,G06001902,Low,True,True,False,0
513338,G06001906,Medium,False,False,False,0
155766,G06003900,High,False,False,True,0
4575,G06001905,Medium,False,False,False,0
312369,G06001906,Low,True,True,False,1
325769,G06001906,Medium,False,False,False,0
543565,G06001907,Low,False,False,False,0
163388,G06001902,High,False,False,False,0
543559,G06003900,Low,True,True,False,0
543510,G06001906,Medium,False,False,False,0
318210,G06002903,Low,False,False,False,0
335039,G06001902,Low,False,False,False,1
38509,G06001904,Low,False,False,False,0
522913,G06003100,Medium,False,False,False,0
232623,G06001904,Medium,False,False,False,0
543440,G06002903,High,False,False,False,0
227964,G06002903,Low,True,True,False,0
4969,G06002908,High,True,True,False,0
171942,G06002903,High,False,False,True,0
524409,G06002903,Medium,False,False,True,0
19757,G06002904,Low,True,True,False,0
543942,G06002906,Low,False,False,False,0
155669,G06002906,Low,False,False,False,0
329410,G06001906,Low,False,False,False,0
314899,G06003900,Medium,False,False,True,0
325880,G06001902,Low,False,False,False,0
19873,G06003900,High,False,False,False,0
310883,G06003900,Medium,False,False,False,0
495459,G06003900,Medium,False,False,False,0
495467,G06002908,Low,True,True,False,0
222414,G06001902,High,True,True,False,0
312359,G06001907,Medium,True,True,False,0
228127,G06002903,Medium,False,False,False,0
335238,G06001902,Medium,False,False,False,1
232387,G06002904,Low,False,False,False,0
250481,G06002908,Medium,True,True,False,0
513149,G06001902,Medium,False,False,False,0
513137,G06002908,Medium,False,False,False,0
19786,G06001902,High,False,False,False,0
522605,G06002908,High,False,False,False,0
543972,G06003100,Low,True,True,False,0
232406,G06002903,High,False,False,False,0
495716,G06001907,Medium,True,True,False,0
27260,G06001902,Medium,False,False,False,0
509810,G06001904,Low,False,False,False,0
511817,G06002904,High,False,False,False,0
163909,G06001904,Low,False,False,False,0
223167,G06001903,High,False,False,False,0
7615,G06002908,Low,True,True,False,0
334145,G06002904,Low,False,False,False,0
526071,G06001907,Medium,False,False,False,0
17708,G06001902,High,True,True,False,0
310416,G06001906,Medium,False,False,False,0
219195,G06002904,High,False,False,False,0
539588,G06003900,Low,False,False,False,0
510206,G06001901,Medium,True,True,False,0
17693,G06001903,High,False,False,False,0
226890,G06001901,Medium,False,False,False,0
239400,G06002908,Medium,False,False,False,0
239379,G06001904,Low,False,False,False,0
167154,G06002903,Low,False,False,False,0
319628,G06001902,Low,False,False,False,0
525893,G06003900,Medium,False,False,False,0
540085,G06003100,Low,False,False,False,0
219237,G06001905,Medium,False,False,False,0
28979,G06003900,High,False,False,True,0
160065,G06002904,High,False,False,False,0
525584,G06001904,Low,True,True,False,0
510489,G06001902,Low,False,False,False,0
29098,G06001904,High,True,True,False,0
164218,G06002908,Medium,False,False,False,0
18034,G06001903,High,False,False,False,0
29257,G06001902,Medium,False,False,False,0
219208,G06001903,High,True,True,False,0
216377,G06001905,High,False,False,False,0
539930,G06003100,High,False,False,False,0
498905,G06001901,Medium,False,False,False,0
216397,G06001903,Medium,False,False,False,0
167207,G06001905,Medium,False,False,True,0
226934,G06001905,Low,True,True,False,0
223156,G06002906,Low,False,False,True,0
525891,G06001905,High,False,False,True,0
17972,G06001907,Medium,False,False,False,0
314328,G06003100,High,True,True,True,0
245404,G06003900,High,False,False,False,0
156824,G06001907,Medium,False,False,False,0
499357,G06003900,Medium,False,False,False,0
499365,G06001905,Medium,False,False,False,0
324536,G06002904,Low,False,False,False,0
249307,G06002906,Low,False,False,False,0
17355,G06003100,Medium,True,True,False,0
245469,G06001901,Medium,False,False,False,0
499444,G06001902,Medium,False,False,False,0
173191,G06003100,Low,False,False,False,1
319976,G06002906,Medium,False,False,False,0
249260,G06001905,Medium,False,False,False,1
159861,G06003900,Medium,False,False,False,0
171698,G06003100,Medium,True,True,False,0
249237,G06002908,Medium,False,False,False,0
319988,G06001901,Medium,False,False,False,0
216457,G06001901,High,True,True,False,0
509970,G06002903,Medium,False,False,True,0
170532,G06003900,Medium,False,False,False,0
29300,G06002903,Medium,False,False,False,0
510128,G06002903,Low,False,False,False,0
499089,G06002908,High,False,False,False,0
499098,G06001907,Low,False,False,False,0
334101,G06001901,Medium,False,False,False,0
526297,G06001904,Low,False,False,False,1
539340,G06002908,High,False,False,False,0
249396,G06002903,Low,False,False,False,0
249386,G06002904,Low,False,False,False,0
29441,G06003900,Medium,False,False,False,0
526422,G06001905,Low,False,False,False,0
219130,G06001905,High,False,False,False,0
538989,G06002908,Low,False,False,False,0
167072,G06001902,High,False,False,False,1
226788,G06001905,Medium,False,False,False,0
234047,G06003900,High,False,False,False,0
28889,G06001907,Medium,False,False,False,0
330181,G06001903,Low,False,False,False,0
541577,G06002906,Low,False,False,False,0
6330,G06001902,Medium,False,False,False,0
28105,G06002908,Medium,False,False,True,0
524651,G06001907,High,False,False,False,0
511466,G06003100,Medium,False,False,True,0
167531,G06001904,Low,False,False,False,1
497802,G06003100,Low,False,False,False,0
233516,G06002908,Low,False,False,False,0
318981,G06001904,High,False,False,False,0
239896,G06001907,High,False,False,False,1
37276,G06002906,Low,False,False,False,0
244974,G06003900,Low,False,False,False,0
511341,G06002908,Low,False,False,False,0
524804,G06002906,High,True,True,True,0
330256,G06001907,Low,False,False,False,0
233575,G06002903,High,False,False,False,0
325058,G06001905,High,False,False,False,0
222928,G06001903,High,False,False,False,0
249835,G06002908,High,False,False,False,0
524634,G06002908,Medium,False,False,False,0
312613,G06002903,High,False,False,False,0
160198,G06002903,Medium,False,False,False,0
6064,G06001902,High,True,True,False,1
6090,G06001901,High,False,False,False,1
37626,G06002908,Low,True,True,False,0
160172,G06001903,Medium,True,True,True,0
511743,G06001902,High,False,False,False,0
167604,G06001906,Medium,False,False,False,0
37580,G06001904,High,False,False,False,0
227400,G06001905,High,False,False,False,0
233359,G06002908,Medium,False,False,False,0
541763,G06003100,Medium,False,False,False,0
249985,G06001901,High,False,False,False,0
308736,G06001902,Low,False,False,False,0
325190,G06002906,High,False,False,False,0
524602,G06003900,Low,False,False,False,0
233425,G06001902,High,False,False,False,0
219369,G06002904,Low,False,False,False,0
541277,G06001906,High,False,False,False,0
541189,G06002906,Low,False,False,False,0
36939,G06001904,Low,False,False,False,0
223050,G06002903,Medium,False,False,False,0
18260,G06001907,Medium,True,True,False,0
510943,G06002908,Low,False,False,False,0
18224,G06001902,Low,False,False,False,0
18175,G06001902,Low,True,True,False,0
498492,G06002906,High,True,True,True,0
216239,G06001902,High,True,True,False,0
219259,G06001906,Medium,False,False,False,0
36866,G06001901,High,False,False,False,0
510764,G06001906,Low,False,False,False,0
7217,G06002906,High,False,False,False,0
498577,G06002908,Low,False,False,False,1
156622,G06003100,Medium,True,True,False,0
540313,G06001902,High,False,False,False,0
170485,G06001907,Medium,False,False,False,0
541164,G06001906,Medium,True,True,False,0
541156,G06002906,Low,False,False,False,1
156518,G06002908,Medium,False,False,False,0
216186,G06002903,Medium,False,False,False,0
6624,G06001901,Medium,False,False,False,1
524979,G06003900,Low,False,False,False,0
167361,G06001902,Medium,True,True,True,0
511162,G06002903,Medium,False,False,False,0
525044,G06002903,High,False,False,False,0
525049,G06001902,Medium,False,False,False,0
233799,G06001907,Low,False,False,False,0
330322,G06003900,High,False,False,False,0
245101,G06002903,High,False,False,False,0
511057,G06001907,Medium,False,False,False,0
540910,G06002908,Medium,False,False,False,0
6848,G06001904,Medium,False,False,True,0
498125,G06002903,Medium,False,False,False,0
517415,G06002908,Medium,True,True,False,0
273639,G06001907,Medium,False,False,False,0
490346,G06001905,High,True,True,False,0
366179,G06001902,High,True,True,False,0
346304,G06002906,Low,False,False,False,0
406062,G06001904,High,False,False,False,0
346300,G06001901,High,False,False,False,0
103234,G06001904,Medium,False,False,False,0
444087,G06002903,Medium,True,True,False,0
133075,G06001904,High,False,False,False,0
297038,G06002906,Low,False,False,False,0
405809,G06001907,Low,False,False,False,0
192021,G06001907,High,False,False,False,0
444072,G06002904,Low,False,False,False,0
429707,G06001902,Low,False,False,False,0
86295,G06002903,Medium,False,False,False,0
283043,G06002903,High,False,False,False,0
103561,G06001906,High,False,False,False,0
191964,G06001904,Medium,False,False,False,0
61046,G06003900,Low,False,False,False,0
405536,G06003900,Medium,True,True,False,0
103646,G06002906,Low,True,True,False,0
103696,G06002903,High,False,False,False,0
405452,G06001903,High,False,False,False,0
357974,G06001903,Medium,False,False,False,0
103706,G06001906,High,False,False,False,0
191931,G06001907,Low,False,False,False,0
405366,G06003900,Low,False,False,False,0
103815,G06002903,High,False,False,False,0
405712,G06002903,High,False,False,False,0
366158,G06002904,Medium,False,False,False,0
444286,G06002906,Medium,False,False,False,0
102710,G06002906,High,False,False,False,0
462521,G06003900,Medium,True,True,False,1
406926,G06002903,Low,False,False,False,0
274940,G06003900,Low,False,False,False,0
429601,G06001906,High,True,True,False,0
444173,G06001903,Low,False,False,False,0
365991,G06001906,Medium,False,False,True,0
103009,G06001906,Low,False,False,False,0
297156,G06001904,High,False,False,False,0
197774,G06001902,High,True,True,False,0
406315,G06001902,Medium,False,False,False,0
202269,G06001907,Medium,False,False,False,0
462755,G06002903,Medium,True,True,False,0
301699,G06003900,Medium,False,False,False,0
462795,G06003900,Low,False,False,False,0
74656,G06001903,Low,False,False,False,0
346382,G06001902,Low,False,False,False,1
462838,G06003100,Medium,True,True,False,0
197898,G06002904,Low,False,False,False,0
182640,G06001905,Low,False,False,True,0
283193,G06001903,Low,True,True,False,0
429806,G06003100,High,False,False,False,1
60682,G06002903,High,True,True,False,0
191572,G06001901,Medium,False,False,False,0
60525,G06001907,Medium,False,False,False,0
443987,G06001906,Low,False,False,False,0
404408,G06001902,High,True,True,False,0
104330,G06001904,Medium,False,False,False,0
191531,G06001904,Low,False,False,False,0
261597,G06002908,High,False,False,False,1
304545,G06002908,Medium,False,False,False,0
296858,G06002904,Medium,False,False,False,0
404297,G06001901,High,False,False,False,0
137251,G06002908,Medium,False,False,False,0
345747,G06001907,Low,False,False,False,0
182708,G06001902,Medium,False,False,False,0
404176,G06001906,High,False,False,False,0
464655,G06001904,Low,False,False,False,0
464682,G06002904,Medium,False,False,False,0
404138,G06001901,Low,True,True,False,0
464689,G06002906,Low,True,True,False,1
464701,G06003900,Low,False,False,False,1
60357,G06002903,Medium,False,False,False,0
404105,G06002906,Low,False,False,False,0
464750,G06002904,Medium,False,False,False,0
191370,G06003100,High,False,False,True,0
464838,G06002903,Low,False,False,False,0
86137,G06003100,Low,False,False,False,0
464878,G06001902,Low,False,False,False,0
464898,G06001902,High,False,False,False,1
407012,G06001905,Low,False,False,False,0
261709,G06001902,Low,True,True,False,0
60885,G06001907,High,False,False,False,0
283272,G06002906,Low,False,False,False,1
91483,G06002906,High,False,False,False,0
366641,G06001902,Low,False,False,False,0
404976,G06001904,High,False,False,False,0
350866,G06002904,Medium,False,False,True,0
404929,G06001902,Low,False,False,False,0
463951,G06003900,High,False,False,False,0
274766,G06002903,Medium,True,True,False,1
366764,G06001904,Low,False,False,False,0
463969,G06002908,Medium,False,False,False,1
191725,G06003900,High,False,False,False,0
404747,G06002903,Medium,False,False,True,0
60718,G06003100,Low,False,False,False,1
304455,G06001905,Medium,False,False,False,0
283365,G06002903,Low,False,False,True,0
283379,G06001904,Medium,False,False,False,0
104060,G06002903,High,False,False,False,1
464158,G06001905,High,False,False,False,0
191648,G06001904,Low,False,False,False,0
366813,G06002908,High,False,False,False,0
262312,G06002908,Low,True,True,False,0
74624,G06001903,Low,False,False,False,0
461067,G06001906,Medium,False,False,False,0
101307,G06001904,Low,False,False,False,1
192802,G06001907,Medium,False,False,False,0
206587,G06001903,Medium,False,False,False,0
408636,G06002906,Medium,False,False,False,0
262792,G06002908,Low,True,True,False,0
192791,G06002908,Low,False,False,False,0
101423,G06001904,Low,False,False,False,0
408525,G06003900,Low,False,False,False,0
101451,G06001903,Low,False,False,True,0
429048,G06002908,Medium,True,True,False,0
101481,G06001902,Low,False,False,False,0
365495,G06001904,Medium,False,False,False,1
408377,G06001902,Low,False,False,False,1
179231,G06001902,Medium,False,False,False,0
408314,G06002908,Low,False,False,False,0
203623,G06002908,High,False,False,False,0
461411,G06001902,High,False,False,False,0
147997,G06002908,High,False,False,False,1
101654,G06001905,Medium,True,True,False,0
86743,G06002908,High,True,True,False,0
444491,G06001901,Medium,False,False,False,0
408746,G06002908,Medium,False,False,False,0
429270,G06001907,Low,False,False,False,0
282162,G06001906,Medium,False,False,False,0
408789,G06002908,Low,False,False,False,0
100323,G06001906,Medium,False,False,False,0
444820,G06002908,High,False,False,False,0
428958,G06002908,Low,False,False,False,0
147877,G06001905,Low,True,True,True,0
428991,G06002903,Low,False,False,False,0
422206,G06001905,Medium,False,False,False,0
444704,G06002904,Low,False,False,False,0
62964,G06001904,High,False,False,False,0
147915,G06002903,Medium,False,False,False,0
70784,G06002904,Low,False,False,False,0
70792,G06003100,Low,False,False,False,0
347166,G06002906,Medium,False,False,False,0
460806,G06001905,Medium,True,True,False,0
180821,G06001904,High,False,False,False,0
192882,G06001907,High,False,False,True,0
182161,G06002908,Medium,False,False,False,0
365266,G06002903,High,False,False,False,0
101145,G06001905,Low,False,False,False,0
282144,G06001905,High,False,False,False,0
86758,G06003100,High,False,False,False,0
347124,G06002904,Medium,False,False,False,1
206535,G06001906,High,True,True,False,0
460939,G06002906,Low,True,True,False,0
347095,G06002908,Medium,False,False,False,1
422246,G06002908,High,True,True,False,0
464928,G06002908,Medium,True,True,False,0
143265,G06002903,Medium,True,True,False,0
268978,G06003100,Medium,False,False,False,0
297349,G06001901,Low,False,False,False,0
429308,G06002908,Medium,False,False,False,0
70878,G06002908,Medium,False,False,False,0
407545,G06002906,Medium,False,False,False,0
74569,G06002908,High,False,False,False,0
301709,G06001904,Medium,False,False,False,0
102374,G06002903,Medium,False,False,False,0
450281,G06001902,Medium,False,False,False,1
462304,G06001906,Medium,False,False,False,0
444321,G06001906,Medium,True,True,False,0
365813,G06001902,High,False,False,False,0
462327,G06001903,High,False,False,False,0
102457,G06001904,High,True,True,False,1
102474,G06002906,Medium,False,False,False,0
282674,G06001907,Medium,False,False,False,0
133412,G06003900,Medium,False,False,False,0
262355,G06003900,High,False,False,True,1
462431,G06002906,Low,False,False,False,0
182357,G06003900,Medium,False,False,False,0
74595,G06001901,Medium,False,False,False,0
462486,G06001904,Medium,True,True,False,0
192277,G06001904,Low,False,False,False,0
269069,G06003900,High,False,False,False,0
462501,G06001906,Medium,True,True,False,0
207033,G06002903,Medium,False,False,False,0
177691,G06001901,High,False,False,False,1
262656,G06003100,Medium,False,False,False,0
192380,G06002904,Medium,True,True,False,0
304069,G06001906,High,False,False,False,0
101730,G06001903,Medium,True,True,True,1
408150,G06002903,Low,True,True,False,0
282463,G06001904,High,False,False,False,0
461545,G06003900,Low,False,False,True,0
262654,G06001903,High,False,False,False,0
461564,G06001904,Medium,False,False,False,0
192515,G06003900,High,False,False,False,0
148120,G06003100,High,False,False,False,0
365604,G06002903,Medium,False,False,False,1
101860,G06001904,Low,False,False,False,0
365630,G06002903,Medium,False,False,True,0
143241,G06001905,High,True,True,False,0
407886,G06003100,Medium,False,False,False,0
143229,G06001902,Low,False,False,False,0
148140,G06003900,Medium,False,False,False,0
206756,G06002906,High,False,False,False,0
262506,G06003900,Medium,False,False,False,0
102015,G06002908,High,True,True,False,0
62025,G06001903,Low,False,False,True,0
407801,G06001905,Low,False,False,False,0
148218,G06003900,High,False,False,False,0
461953,G06002904,High,False,False,False,0
407769,G06002903,Low,True,True,False,0
192426,G06001904,Low,False,False,False,0
407644,G06001903,Low,False,False,False,0
61871,G06002906,Medium,False,False,False,0
177812,G06001905,Low,False,False,False,0
296772,G06002906,Medium,False,False,False,0
468311,G06002908,Low,False,False,False,1
344867,G06001904,Low,False,False,False,0
400737,G06001907,Low,False,False,False,0
296379,G06001902,Medium,False,False,False,0
368014,G06001904,Medium,False,False,False,0
442986,G06003100,Low,False,False,False,0
142951,G06002908,Low,False,False,False,0
368066,G06001901,High,True,True,False,0
131529,G06001903,Low,False,False,False,0
107392,G06001902,Low,True,True,False,0
468465,G06001907,Medium,False,False,False,0
107689,G06002904,Medium,False,False,False,0
131502,G06001903,Low,False,False,False,0
107744,G06001903,Low,False,False,False,0
107805,G06001902,Low,False,False,True,0
448054,G06001902,Low,False,False,False,0
424545,G06001903,Low,False,False,False,0
107875,G06001904,High,False,False,False,0
300185,G06002908,Medium,False,False,False,0
260335,G06003900,Medium,False,False,False,0
468567,G06002906,High,True,True,False,0
400040,G06001902,Medium,False,False,True,0
75472,G06002908,High,False,False,False,0
198295,G06001905,Low,False,False,False,0
401550,G06002904,High,False,False,False,0
401481,G06002908,Medium,False,False,False,0
401378,G06002903,Low,False,False,False,0
467767,G06001904,Low,False,False,False,0
202063,G06002904,Medium,False,False,False,0
401311,G06002903,Low,False,False,False,0
401280,G06002908,High,False,False,False,0
296445,G06002906,High,False,False,False,1
401260,G06003900,Medium,False,False,False,0
57884,G06001901,Low,False,False,False,0
468040,G06002903,High,False,False,False,0
198261,G06003100,Low,False,False,False,0
72258,G06003100,Low,False,False,False,0
367928,G06002903,High,False,False,False,0
443081,G06001901,High,False,False,False,0
182869,G06001902,Low,False,False,False,0
301659,G06001902,High,False,False,False,0
357582,G06001902,Medium,False,False,False,0
107283,G06001905,Low,False,False,False,1
368329,G06001901,High,False,False,False,0
107995,G06001906,Low,False,False,False,0
285068,G06003900,Low,True,True,False,0
368557,G06002904,High,False,False,False,1
344529,G06002906,Medium,False,False,False,1
198408,G06001902,Low,False,False,True,0
108693,G06002908,Medium,False,False,False,0
469592,G06001903,High,False,False,False,0
108734,G06002908,Medium,False,False,False,0
149892,G06003900,Low,False,False,False,0
357404,G06002906,High,True,True,False,0
149908,G06001905,Medium,False,False,False,0
344441,G06001902,Low,False,False,False,0
398775,G06003100,Medium,False,False,False,0
109027,G06002903,High,False,False,False,1
469721,G06002906,Low,False,False,False,0
469737,G06001902,Low,False,False,False,0
398681,G06003100,High,False,False,False,0
209152,G06002903,High,False,False,False,0
109094,G06001904,High,True,True,False,0
285336,G06002908,Medium,True,True,False,0
431320,G06001901,High,True,True,False,0
353277,G06001901,Medium,False,False,False,0
260648,G06002908,High,True,True,False,0
56995,G06001904,Medium,False,False,False,0
201854,G06003900,High,False,False,False,0
284876,G06001904,Medium,False,False,False,1
149625,G06003900,High,False,False,False,0
399816,G06002908,Low,False,False,False,0
431206,G06002908,Low,False,False,True,0
344759,G06002906,Low,False,False,False,0
468877,G06001904,Low,False,False,False,0
442836,G06002906,Medium,True,True,False,0
368429,G06001906,Low,False,False,False,0
198395,G06003900,High,False,False,False,1
353262,G06003900,Medium,False,False,False,0
399608,G06002908,Medium,False,False,False,0
296196,G06001907,Low,False,False,False,0
269619,G06001906,High,True,True,False,0
469051,G06001906,High,False,False,True,0
284995,G06001907,Medium,True,True,False,0
357421,G06003900,Low,False,False,False,0
108351,G06002906,High,False,False,False,1
399489,G06001901,High,False,False,False,0
108375,G06001901,High,False,False,True,0
108407,G06002903,Medium,False,False,True,0
399413,G06001904,Medium,False,False,False,0
57078,G06003900,Low,False,False,False,1
442791,G06002908,Medium,False,False,False,0
401595,G06003900,Medium,False,False,False,0
106731,G06003900,Low,False,False,False,0
403344,G06002906,Medium,False,False,False,0
304641,G06002903,High,True,True,False,0
465904,G06001903,High,True,True,False,0
105253,G06002908,Medium,False,False,False,0
403288,G06002908,Medium,True,True,False,0
207836,G06002908,Medium,False,False,False,1
132194,G06001904,Low,False,False,False,0
367248,G06003100,Low,False,False,False,0
403229,G06001901,High,False,False,False,0
207857,G06002903,Low,False,False,False,0
283982,G06002903,High,False,False,False,0
89183,G06001904,Low,False,False,False,0
465955,G06002906,High,True,True,False,0
177333,G06001901,High,True,True,False,0
353101,G06001906,Medium,False,False,False,0
466009,G06002908,High,False,False,False,1
450099,G06001901,High,True,True,False,1
202161,G06001906,Medium,False,False,False,0
196200,G06003900,Low,False,False,False,0
261179,G06001902,High,False,False,False,0
59198,G06002908,Low,True,True,False,0
274578,G06003900,High,False,False,False,0
367208,G06003100,High,False,False,False,0
466117,G06002903,High,False,False,False,1
465736,G06002906,High,False,False,False,0
403465,G06002908,Medium,False,False,False,0
367034,G06001902,Low,False,False,False,0
429992,G06003100,Low,False,False,False,0
283725,G06003100,Low,False,False,False,0
464974,G06001907,Medium,False,False,False,0
191234,G06001905,High,False,False,False,0
74832,G06002908,Low,False,False,False,0
207669,G06003100,High,False,False,False,0
302419,G06001904,Medium,False,False,False,0
450174,G06003900,High,False,False,False,1
191180,G06001903,High,False,False,False,0
132319,G06001904,High,False,False,False,0
60068,G06002908,Medium,False,False,False,0
353030,G06001902,Medium,False,False,False,1
353047,G06001902,Low,False,False,False,0
353049,G06002903,Medium,False,False,False,1
465345,G06001906,High,False,False,False,0
465376,G06001904,Low,False,False,False,0
367164,G06003100,Medium,False,False,False,0
465469,G06001904,Medium,False,False,False,0
59898,G06001907,Low,False,False,False,0
367189,G06001902,Low,True,True,False,0
300131,G06001906,Medium,False,False,False,0
274683,G06002903,High,False,False,False,0
202196,G06002904,High,False,False,False,0
465635,G06002903,High,False,False,False,0
425460,G06001906,Medium,True,True,False,0
75215,G06001902,High,False,False,False,0
430635,G06001901,Medium,False,False,False,0
106318,G06002903,Low,False,False,False,0
260976,G06001906,Medium,False,False,False,0
466749,G06001907,High,False,False,True,0
422588,G06001906,Low,False,False,False,0
58670,G06001902,High,False,False,False,1
106320,G06001902,High,True,True,False,0
131856,G06002908,Low,False,False,False,0
401979,G06001905,Low,False,False,False,0
304737,G06003100,High,False,False,False,0
345193,G06001904,Medium,False,False,False,0
85477,G06001905,Medium,False,False,False,0
58457,G06003900,Low,False,False,False,0
260864,G06001902,High,False,False,False,0
106550,G06002906,High,False,False,False,0
131853,G06002903,Low,False,False,False,0
467125,G06003100,Medium,False,False,False,0
401743,G06002903,Medium,False,False,False,0
401678,G06003900,High,False,False,False,0
401675,G06001905,Medium,False,False,False,0
447913,G06003900,Medium,True,True,False,0
430873,G06001901,Medium,True,True,False,0
139446,G06001906,Low,False,False,False,0
75366,G06001906,Low,True,True,False,0
106217,G06003100,Medium,False,False,False,0
274539,G06002906,Medium,False,False,False,0
75288,G06001902,High,True,True,False,0
269378,G06002906,Medium,False,False,False,0
357677,G06001901,Low,False,False,False,0
105699,G06001904,High,False,False,False,1
402811,G06001903,High,False,False,False,0
284073,G06001903,High,False,False,False,0
177279,G06001903,High,False,False,False,0
180322,G06002908,Low,True,True,False,0
284077,G06003100,Low,False,False,False,0
59097,G06002908,Medium,False,False,False,0
208128,G06002908,Low,False,False,False,0
59041,G06001907,Low,False,False,False,0
59010,G06001901,Low,False,False,False,0
304710,G06002906,Low,False,False,False,0
190951,G06001903,Low,False,False,False,0
261064,G06001904,High,False,False,False,0
466530,G06001904,Low,False,False,False,1
58950,G06001904,High,True,True,False,0
402554,G06001906,Medium,True,True,False,0
58920,G06001903,Medium,False,False,False,0
353123,G06001902,Medium,False,False,False,0
466614,G06001904,Low,True,True,False,0
261001,G06002904,High,False,False,False,0
466620,G06001907,High,False,False,False,0
367557,G06002904,High,False,False,False,1
75261,G06001901,High,False,False,False,1
466692,G06002904,Low,False,False,False,0
196221,G06002908,Low,False,False,False,0
402384,G06001905,Medium,False,False,False,0
106112,G06001902,High,True,True,False,0
466716,G06001902,Low,False,False,False,0
74234,G06001904,Low,False,False,False,0
63107,G06003900,Low,False,False,False,0
279194,G06002906,High,True,True,False,0
275956,G06001907,High,False,False,False,0
417014,G06002903,Medium,False,False,False,1
72967,G06001906,Low,False,False,False,0
416968,G06001905,High,False,False,False,0
145723,G06002904,Medium,False,False,False,0
95047,G06001904,Medium,False,False,False,0
196037,G06001905,Low,False,False,False,0
454513,G06001906,Medium,False,False,True,0
94842,G06001905,Medium,False,False,False,0
67833,G06001904,Medium,False,False,False,0
454542,G06001904,High,False,False,False,1
451037,G06002906,Medium,False,False,False,0
95153,G06002903,High,False,False,False,0
138378,G06002908,Medium,True,True,False,0
454641,G06002903,Medium,True,True,False,0
67808,G06003900,Low,True,True,False,0
178967,G06003100,Low,False,False,False,0
265127,G06002906,Medium,False,False,False,0
145025,G06001904,Low,False,False,False,0
67702,G06001905,Low,False,False,False,0
416546,G06001904,Low,True,True,False,0
204797,G06001903,Medium,False,False,False,0
135802,G06001902,High,False,False,False,0
454218,G06002908,High,False,False,False,0
417220,G06003900,High,True,True,False,1
362204,G06001902,Low,False,False,False,0
302935,G06001901,Medium,False,False,False,0
418044,G06001907,Medium,False,False,False,0
302951,G06001906,Low,False,False,False,0
195224,G06003900,Medium,False,False,False,0
72853,G06001907,Low,False,False,False,0
88374,G06002904,Medium,False,False,False,1
453764,G06001902,Medium,False,False,False,0
195142,G06001902,High,False,False,False,0
417870,G06001906,High,False,False,False,1
446832,G06001902,Medium,False,False,False,0
426434,G06001903,Low,False,False,False,0
359124,G06001902,High,False,False,False,1
349711,G06002903,Low,False,False,False,0
298609,G06001904,Medium,False,False,False,0
197146,G06001907,Medium,False,False,False,0
195026,G06002908,High,False,False,False,0
454079,G06001902,Medium,False,False,False,0
204680,G06002908,Low,False,False,False,0
94679,G06002908,Medium,False,False,False,0
194979,G06002906,Low,True,True,False,0
138340,G06001905,High,False,False,False,1
349492,G06003100,Medium,False,False,True,0
67571,G06003100,Medium,False,False,False,1
421721,G06002908,Medium,False,False,False,0
362565,G06001902,Medium,False,False,False,1
66937,G06003100,Medium,False,False,False,0
66898,G06001903,Low,False,False,False,0
426974,G06001906,Low,False,False,False,0
264681,G06001906,Medium,False,False,False,0
88081,G06001904,Low,False,False,False,0
349161,G06001901,Low,False,False,False,0
362901,G06003100,Low,False,False,True,0
426986,G06002903,High,False,False,False,1
66803,G06002908,Medium,False,False,True,0
96202,G06001903,Low,False,False,False,0
415528,G06001904,Low,False,False,False,0
205105,G06002903,Low,True,True,False,0
135478,G06001904,Medium,False,False,False,0
268211,G06001903,High,True,True,False,0
456036,G06001907,High,True,True,False,0
203692,G06001902,High,False,False,False,0
456045,G06001902,Low,False,False,False,0
96221,G06003900,Medium,True,True,False,0
96268,G06001901,Medium,False,False,False,1
456211,G06001904,Low,False,False,False,0
180643,G06001904,Medium,False,False,False,0
303174,G06002904,High,False,False,False,0
426414,G06002906,Medium,False,False,False,0
88114,G06001901,Medium,False,False,False,0
415942,G06001906,Medium,False,False,False,0
180668,G06002903,Medium,False,False,False,0
137185,G06001907,High,True,True,False,0
349468,G06001903,Medium,False,False,False,0
88159,G06001901,High,True,True,False,0
446522,G06002904,High,False,False,False,0
446460,G06001901,High,True,True,False,0
194467,G06002904,High,False,False,False,0
204937,G06001904,Low,False,False,False,0
426800,G06001902,High,False,False,False,0
279692,G06003900,Low,False,False,False,1
67180,G06001906,High,False,False,False,0
349326,G06002908,Medium,False,False,False,1
146054,G06001901,Low,False,False,False,0
67133,G06001904,Medium,True,True,False,0
95879,G06002904,Medium,True,True,False,0
416004,G06002904,High,False,False,False,0
181544,G06003900,Medium,False,False,False,0
455652,G06001904,Medium,True,True,False,0
415979,G06001905,Low,False,False,False,0
72818,G06002908,Low,True,True,True,0
88420,G06001907,Low,False,False,False,0
88724,G06002906,High,False,False,False,0
447352,G06002904,Low,False,False,False,0
361154,G06001903,High,True,True,False,0
350668,G06002904,High,True,True,False,0
266320,G06002903,Medium,True,True,False,0
361224,G06002908,Medium,False,False,False,0
359198,G06002904,Medium,False,False,False,0
278116,G06003900,Medium,True,True,False,0
451896,G06001906,High,False,False,False,1
178552,G06001906,Low,False,False,False,0
419996,G06003100,High,False,False,False,0
278126,G06002903,Medium,False,False,False,0
419985,G06001901,Medium,False,False,False,0
266213,G06001902,High,False,False,False,0
419952,G06001907,Low,False,False,False,0
278142,G06002908,Medium,False,False,False,1
361304,G06003100,High,False,False,False,0
452056,G06002904,High,False,False,False,0
419884,G06001905,Medium,False,False,False,0
136614,G06002906,Medium,False,False,False,0
195648,G06001904,Medium,False,False,False,0
72747,G06002908,High,True,True,False,0
278272,G06002908,Medium,True,True,False,0
181213,G06001903,Low,False,False,False,0
267986,G06002908,Medium,True,True,False,0
298881,G06001901,Low,False,False,False,0
69927,G06001903,Medium,True,True,False,1
203964,G06001902,High,False,False,False,0
421416,G06001904,Medium,False,False,False,0
196919,G06001904,Medium,False,False,False,0
421302,G06001904,Medium,False,False,False,0
277898,G06001901,Medium,False,False,False,0
203817,G06002903,Low,False,False,False,1
451445,G06001902,Medium,False,False,False,0
70037,G06003900,High,False,False,False,0
451489,G06002908,Low,False,False,False,0
136834,G06002906,Low,False,False,False,0
145105,G06002903,High,False,False,False,0
92227,G06001906,Low,True,True,False,0
359292,G06001902,High,False,False,False,0
88814,G06001906,High,True,True,False,0
195869,G06001907,Medium,False,False,False,0
451606,G06002904,Low,False,False,False,0
420671,G06001903,Low,False,False,False,0
351706,G06001906,High,False,False,False,1
451626,G06001906,High,False,False,False,1
145165,G06002903,Medium,False,False,False,0
421563,G06003900,High,False,False,False,0
92422,G06001903,Low,False,False,False,0
136742,G06003100,Low,False,False,False,0
415164,G06002906,Medium,False,False,False,0
350299,G06001906,Medium,False,False,False,0
93034,G06001904,Medium,False,False,False,0
302826,G06001902,Low,False,False,False,0
361779,G06003900,Low,False,False,False,0
197101,G06001902,Medium,False,False,False,0
452993,G06001901,High,False,False,False,1
93884,G06001901,High,True,True,False,0
418657,G06001901,High,False,False,False,0
195368,G06002904,Medium,False,False,False,0
453054,G06001904,Low,False,False,False,0
94088,G06003900,Medium,True,True,False,0
204418,G06001907,Low,True,True,False,0
453143,G06001904,Low,False,False,False,0
453158,G06002904,Medium,True,True,False,0
94095,G06001901,Low,False,False,False,0
453169,G06003900,Low,False,False,False,0
453229,G06001902,High,False,False,False,0
426310,G06002908,Medium,False,False,False,0
453308,G06002904,High,False,False,False,0
453316,G06001904,Low,False,False,False,1
302877,G06002906,Medium,True,True,False,0
418240,G06001902,Low,False,False,False,0
94274,G06001907,Medium,False,False,True,0
418192,G06001902,High,True,True,False,1
453499,G06001905,High,False,False,False,0
68543,G06002903,High,False,False,False,1
453505,G06001902,High,False,False,False,0
426398,G06002903,High,False,False,False,0
68941,G06001906,Medium,False,False,True,0
204182,G06002906,Low,True,True,False,0
204390,G06003900,Low,True,True,False,0
350052,G06003100,Low,False,False,True,0
350269,G06002908,Low,False,False,False,0
145306,G06003900,Low,True,True,False,0
69397,G06001902,Medium,False,False,False,0
299549,G06001902,High,True,True,False,0
93065,G06001902,Low,False,False,False,0
93079,G06002906,High,False,False,False,0
136543,G06001904,High,False,False,True,0
419490,G06001906,Low,False,False,False,0
69181,G06001905,High,False,False,False,1
69161,G06002908,Medium,False,False,False,0
359180,G06001901,Low,False,False,False,0
136526,G06002908,Medium,False,False,False,0
361522,G06001901,Low,False,False,False,0
278389,G06002908,High,False,False,False,0
93178,G06002908,Low,True,True,False,0
266678,G06001907,Low,False,False,False,0
93313,G06003900,Low,False,False,False,0
419229,G06001907,Low,True,True,False,0
452727,G06001905,High,False,False,False,0
202831,G06001901,High,True,True,False,0
69038,G06001903,High,True,True,False,0
178413,G06003900,Medium,True,True,False,0
72804,G06003100,High,False,False,False,0
452841,G06001902,Low,False,False,False,1
88660,G06001907,Medium,True,True,False,0
136329,G06001902,Medium,False,False,False,0
452921,G06001906,Medium,False,False,False,0
88924,G06001904,Medium,False,False,False,0
415111,G06001902,Low,False,False,False,0
450862,G06002903,Low,False,False,False,0
147148,G06001906,High,False,False,False,0
428381,G06001902,Medium,False,False,True,0
98543,G06001906,High,True,True,False,0
134543,G06001903,High,False,False,False,0
364337,G06001901,Low,True,True,False,0
98596,G06002908,High,False,False,False,0
459080,G06002908,Low,False,False,False,1
134499,G06001907,High,True,True,False,0
445429,G06001905,Medium,False,False,False,0
147226,G06001903,High,False,False,True,0
459133,G06003100,Low,False,False,False,0
147249,G06003100,Medium,True,True,False,0
411401,G06001906,Medium,False,False,False,0
98866,G06002903,Low,False,False,False,0
411305,G06001907,Medium,True,True,False,0
134482,G06003100,Low,True,True,False,0
134453,G06003900,High,False,False,False,0
297753,G06002908,Low,False,False,False,0
205925,G06001907,High,True,True,False,0
73981,G06001906,Low,False,False,False,0
411694,G06001901,Low,False,False,False,0
63739,G06002903,Low,False,False,False,0
358512,G06002903,Low,False,False,False,0
64604,G06001903,Low,False,False,False,0
348034,G06002904,High,False,False,False,0
87166,G06001904,High,True,True,False,0
412107,G06001902,Low,False,False,False,0
181927,G06001907,High,False,False,False,0
428193,G06001904,Medium,False,False,False,0
146995,G06001902,High,False,False,False,0
458501,G06003100,Medium,False,False,False,0
98372,G06001902,High,False,False,False,0
281081,G06003100,Low,False,False,False,0
422024,G06003900,Low,False,False,False,0
268574,G06001905,Low,False,False,False,0
196099,G06001907,Low,True,True,False,1
275312,G06001901,Medium,False,False,False,0
144850,G06003900,Medium,False,False,False,0
297857,G06001907,Medium,False,False,False,0
428220,G06001902,Medium,True,True,False,0
422046,G06001906,Medium,False,False,False,0
411852,G06001905,High,False,False,False,0
138743,G06002906,Medium,False,False,False,0
347918,G06001901,High,True,True,False,0
458777,G06001901,Medium,False,False,False,0
445574,G06001902,High,False,False,False,1
412234,G06001903,Low,False,False,False,0
364537,G06003900,Medium,False,False,False,0
277588,G06002903,High,False,False,False,0
410248,G06002903,High,True,True,False,0
297655,G06002903,Medium,False,False,False,0
87013,G06001906,Low,False,False,False,0
460033,G06002903,High,True,True,False,0
364784,G06002903,High,False,False,False,1
428607,G06002906,High,False,False,False,0
63407,G06003100,Low,True,True,False,0
277562,G06001902,High,True,True,False,1
410072,G06001902,Low,False,False,True,0
138817,G06001901,Medium,False,False,True,0
409948,G06001905,Medium,False,False,False,0
63315,G06002904,High,False,False,False,0
134067,G06003900,Low,True,True,False,0
428698,G06001907,High,False,False,False,0
444924,G06002903,Low,True,True,False,0
409848,G06002908,Medium,False,False,False,0
100128,G06001902,Low,False,False,False,0
428719,G06001904,Medium,False,False,False,0
428733,G06001902,Low,True,True,True,0
444884,G06003900,High,False,False,False,0
63180,G06002904,Low,False,False,False,0
352752,G06003100,Low,False,False,False,0
193028,G06003100,Medium,True,True,False,0
99767,G06001904,Medium,False,False,False,0
263442,G06003100,Low,False,False,False,0
63726,G06002908,Low,False,False,False,0
138744,G06002904,Medium,False,False,False,0
99470,G06001907,Medium,True,True,False,0
147381,G06002903,High,False,False,False,0
268746,G06002904,High,False,False,False,0
281454,G06001901,High,False,False,True,0
358482,G06003900,High,True,True,False,0
428487,G06002906,Medium,False,False,False,1
445133,G06002908,Low,False,False,False,0
428544,G06003100,Medium,False,False,False,0
459651,G06002908,Medium,False,False,False,1
459675,G06001905,High,False,False,False,0
99574,G06001902,High,False,False,False,1
193332,G06002908,High,False,False,False,0
281515,G06001906,High,False,False,False,0
99612,G06001901,Low,False,False,False,0
410446,G06001904,High,False,False,False,0
459809,G06001907,High,False,False,False,1
99622,G06003100,Low,False,False,False,0
263340,G06001902,Low,False,False,False,0
70783,G06002903,Medium,False,False,False,0
91516,G06002903,Low,False,False,False,0
99710,G06002908,High,True,True,False,0
147639,G06002908,High,False,False,False,1
410325,G06003100,Low,False,False,False,0
459945,G06002903,High,False,False,False,0
428577,G06002908,High,True,True,False,0
469878,G06001907,High,False,False,False,0
298254,G06001903,Low,False,False,False,0
65961,G06001901,Medium,True,True,True,0
427336,G06002908,Low,True,True,True,0
194066,G06002908,High,False,False,False,0
268364,G06003900,Low,False,False,False,0
70619,G06002908,High,True,True,False,0
194014,G06001907,High,False,False,False,0
197399,G06002906,High,False,False,False,0
65818,G06001905,High,False,False,False,1
280320,G06002908,Medium,False,False,False,0
96903,G06001904,Low,False,False,False,0
264266,G06003100,Medium,True,True,False,0
280349,G06001902,Medium,True,True,False,0
65701,G06001904,Low,False,False,False,0
457090,G06003900,Low,False,False,False,0
73506,G06002906,High,False,False,True,1
87508,G06002904,Low,True,True,False,0
97161,G06001902,Low,False,False,False,0
280457,G06001902,Medium,False,False,False,0
280465,G06001906,Medium,False,False,False,0
363258,G06001907,Medium,False,False,False,0
73519,G06002903,Medium,True,True,False,0
66015,G06002906,Low,True,True,False,0
450798,G06003900,Low,False,False,True,0
415075,G06001901,High,False,False,False,1
264518,G06002904,High,True,True,False,1
268261,G06002904,High,True,True,False,0
194384,G06003900,Medium,False,False,False,0
266770,G06001902,Medium,True,True,False,0
414986,G06002903,Medium,True,True,False,0
66312,G06001905,High,False,False,False,0
414978,G06002903,High,True,True,False,0
268275,G06001901,Medium,False,False,False,0
180610,G06001906,Low,False,False,False,0
268338,G06003900,Low,True,True,False,0
197377,G06002906,Medium,False,False,False,0
264459,G06001907,Low,False,False,False,0
427273,G06002904,Medium,False,False,False,0
194241,G06001901,Medium,False,False,False,0
358858,G06002906,Medium,False,False,False,0
194198,G06001902,Medium,True,True,False,0
96513,G06002906,Medium,False,False,False,0
414571,G06001907,Low,False,False,False,0
348800,G06001901,Medium,False,False,False,0
146276,G06001907,Low,False,False,True,0
414512,G06001902,High,True,True,False,0
456763,G06002904,Medium,False,False,False,1
358843,G06002903,Medium,False,False,False,0
91705,G06001902,Medium,False,False,True,0
135100,G06001903,High,True,True,False,0
358767,G06001906,Low,False,False,False,0
412715,G06003100,Low,False,False,False,0
457852,G06001904,High,True,True,False,1
412694,G06002908,High,True,True,False,1
97909,G06002908,Medium,False,False,False,0
457896,G06002906,Medium,False,False,False,0
263968,G06002908,Low,False,False,False,0
445932,G06002908,Medium,False,False,False,0
193749,G06001906,Medium,True,True,False,0
177983,G06002903,High,False,False,False,1
421926,G06001907,Low,False,False,False,0
143599,G06003100,Low,False,False,False,0
98022,G06002908,Low,True,True,False,0
134806,G06001906,Medium,False,False,False,0
412422,G06001904,Medium,False,False,False,0
64822,G06003100,High,False,False,False,0
181893,G06002904,High,False,False,False,0
348229,G06002908,Medium,False,False,False,0
303575,G06001907,High,False,False,False,0
87425,G06001903,Low,False,False,False,1
280877,G06001902,Medium,False,False,False,0
412309,G06001902,Medium,False,False,False,0
351603,G06002908,High,False,False,False,0
458225,G06001904,Low,False,False,False,1
91573,G06003900,Low,False,False,False,0
352348,G06002903,Low,False,False,False,0
91620,G06002903,High,False,False,False,0
348486,G06003900,Low,False,False,False,0
280557,G06003100,Medium,True,True,True,0
413510,G06001901,Medium,False,False,False,0
413363,G06003900,High,False,False,False,0
205477,G06003900,High,True,True,False,0
97352,G06001905,Medium,False,False,False,0
97443,G06001904,Medium,False,False,False,0
363662,G06001903,Medium,False,False,False,0
264089,G06001907,Medium,False,False,True,0
146542,G06001903,High,False,False,False,0
264084,G06001907,Medium,False,False,False,0
450651,G06001902,Medium,False,False,False,0
144155,G06003100,High,False,False,False,0
97576,G06003100,Medium,False,False,False,0
97608,G06002903,Low,True,True,False,0
457503,G06001903,High,False,False,False,0
280630,G06001902,High,False,False,False,0
65126,G06002904,Low,True,True,False,0
348355,G06003100,Low,False,False,False,0
457729,G06002908,Medium,False,False,False,0
298037,G06001902,Low,False,False,False,1
352310,G06001907,Medium,False,False,False,0
280746,G06003900,High,False,False,True,0
363804,G06002903,Low,False,False,False,0
348293,G06002908,High,False,False,False,0
285365,G06001902,Medium,False,False,False,0
189913,G06001903,Medium,False,False,False,0
75629,G06001904,Low,False,False,False,0
119063,G06003100,Low,True,True,False,0
484049,G06001902,High,False,False,False,0
290697,G06001907,High,False,False,False,0
484086,G06001905,Medium,False,False,False,0
354732,G06003900,High,False,False,False,0
46826,G06001902,Low,False,False,False,0
439170,G06002908,Medium,True,True,False,0
81293,G06001902,Low,True,True,False,0
435411,G06001903,High,False,False,False,1
46488,G06002908,Low,True,True,False,0
484436,G06003100,Low,False,False,False,0
203227,G06001905,Medium,False,False,False,0
46423,G06001901,Low,False,False,True,0
137926,G06003900,Medium,False,False,True,0
439074,G06002908,Medium,False,False,False,0
484484,G06001906,Low,False,False,False,0
356108,G06002904,Low,False,False,False,0
356102,G06001905,Low,False,False,False,0
212787,G06001906,High,False,False,False,0
435653,G06001901,Low,True,True,False,0
254581,G06003100,Low,False,False,False,0
46299,G06003900,Medium,False,False,False,0
484608,G06001903,High,False,False,False,0
438995,G06001906,Low,True,True,False,0
424084,G06002906,Low,True,True,False,0
46867,G06002906,High,False,False,False,0
483233,G06001906,High,False,False,False,0
483283,G06002906,Low,False,False,False,0
385586,G06001902,Low,False,False,False,0
290339,G06002906,Low,False,False,False,1
385549,G06001904,Low,True,True,False,0
483433,G06002908,Low,False,False,False,0
81792,G06001906,Low,True,True,False,0
385474,G06003900,Low,False,False,False,0
187129,G06002906,Low,False,False,False,0
140471,G06001902,High,False,False,False,0
435272,G06002906,Low,False,False,False,0
78488,G06001901,High,False,False,True,0
439218,G06003900,Medium,False,False,False,0
439214,G06001902,Medium,False,False,False,0
47074,G06002904,High,False,False,False,0
385120,G06003100,High,True,True,False,0
306945,G06003900,High,True,True,False,0
385026,G06001904,Low,False,False,False,0
118904,G06002904,High,False,False,False,0
483903,G06001907,Medium,True,True,False,0
384888,G06001902,High,False,False,False,0
290575,G06001903,Medium,False,False,False,0
384858,G06002904,High,False,False,False,0
449021,G06001902,Medium,True,True,False,0
81838,G06001901,Low,False,False,False,0
300727,G06001907,High,False,False,False,0
484651,G06002904,Medium,False,False,False,0
485300,G06001902,Medium,False,False,False,0
485310,G06002906,Low,False,False,False,0
291206,G06002906,Medium,False,False,False,0
485338,G06001907,High,True,True,False,0
45838,G06001906,Low,False,False,False,0
485408,G06002908,Low,False,False,False,0
212960,G06001905,Low,False,False,False,0
383046,G06001903,Low,False,False,False,1
291207,G06003900,Medium,False,False,False,0
485466,G06002904,Low,False,False,False,0
382968,G06001907,Medium,False,False,False,0
120612,G06002906,Low,True,True,False,0
153498,G06001901,Medium,False,False,False,0
153499,G06002908,Medium,True,True,False,0
307268,G06001905,Medium,False,False,False,0
186533,G06002908,Low,False,False,False,0
338888,G06001905,High,False,False,False,0
356011,G06001904,Low,False,False,False,0
338864,G06002903,High,True,True,False,0
382827,G06002908,Medium,False,False,False,0
382746,G06001903,Medium,True,True,False,0
338816,G06001901,Low,False,False,False,0
294127,G06001904,Low,False,False,False,0
179639,G06002908,Medium,False,False,False,0
78825,G06002908,High,False,False,False,1
290886,G06001902,High,True,True,True,0
485291,G06002903,Medium,False,False,False,0
212922,G06001905,Medium,False,False,False,0
119516,G06001906,Low,False,False,False,0
307125,G06002903,High,False,False,False,0
384141,G06002903,Low,True,True,False,0
127055,G06001905,Medium,False,False,False,0
374161,G06002906,High,True,True,True,0
78694,G06001904,High,False,False,False,0
484783,G06002906,High,False,False,False,0
290962,G06001904,High,False,False,False,0
383898,G06001903,Medium,False,False,False,0
383737,G06003900,Medium,True,True,False,1
153305,G06001903,Low,False,False,False,0
383628,G06002908,Medium,False,False,False,0
435715,G06002908,High,True,True,False,1
484978,G06001902,Medium,False,False,False,0
272194,G06002908,High,False,False,False,0
484981,G06001904,Medium,True,True,False,0
383191,G06002906,High,False,False,True,0
81174,G06001902,Low,False,False,False,0
270939,G06001902,High,False,False,True,0
140609,G06003900,Low,False,False,False,0
175759,G06002908,Low,False,False,False,0
179620,G06001902,Medium,False,False,False,0
254122,G06001903,High,True,True,False,1
439357,G06002908,Low,False,False,False,0
434136,G06002906,High,False,False,False,0
481361,G06002908,Low,False,False,False,0
272989,G06001907,Low,False,False,False,0
481379,G06002908,High,False,False,False,0
48663,G06003900,Low,False,False,False,0
187595,G06003900,Low,True,True,False,0
77931,G06002904,Medium,False,False,False,0
481453,G06001907,Medium,False,False,False,0
78000,G06001905,Low,False,False,False,0
434203,G06001905,Low,False,False,False,0
116931,G06002906,Low,False,False,False,0
117030,G06001903,Low,False,False,False,0
48585,G06002903,Medium,False,False,True,0
481547,G06002908,High,False,False,False,0
387536,G06003900,Low,False,False,False,0
82358,G06001906,High,False,False,False,1
144493,G06001904,Low,True,True,False,0
187491,G06001902,Low,False,False,False,0
48502,G06001902,Low,False,False,False,0
117202,G06002904,Medium,True,True,False,0
117209,G06002903,High,True,True,False,1
481796,G06002903,Medium,False,False,False,0
273032,G06003900,Low,False,False,True,0
117232,G06001904,Low,False,False,False,0
372920,G06001907,Medium,False,False,False,0
116850,G06001902,Low,False,False,False,0
116291,G06003100,Low,False,False,False,0
480835,G06003100,Low,False,False,False,0
372725,G06003100,Low,False,False,False,0
49050,G06002908,Low,False,False,False,0
48990,G06001906,Low,True,True,False,0
388433,G06001904,High,False,False,False,0
356615,G06002908,High,False,False,False,1
116477,G06001907,Low,True,True,False,0
480911,G06002908,High,True,True,False,0
289291,G06001907,High,True,True,False,0
301328,G06002903,Medium,False,False,False,0
152507,G06002906,Medium,False,False,False,0
433980,G06001904,Medium,False,False,False,0
116571,G06001902,High,False,False,False,0
255660,G06002906,Medium,True,True,False,0
481061,G06002908,Medium,False,False,False,0
187736,G06002906,High,True,True,False,1
388115,G06001902,High,True,True,True,0
187664,G06002906,Low,False,False,False,0
300461,G06003900,Medium,False,False,False,0
116811,G06001902,High,True,True,False,0
434048,G06002908,High,False,False,False,0
118263,G06001902,Low,False,False,False,0
387320,G06001902,Medium,False,False,True,0
439539,G06002903,Low,False,False,False,0
386406,G06002906,High,False,False,False,0
255277,G06002908,Medium,False,False,False,1
434980,G06001905,High,False,False,False,0
386383,G06001907,High,False,False,True,0
294462,G06002906,High,False,False,False,0
117818,G06001902,Medium,False,False,False,0
439498,G06001907,Low,False,False,True,0
196489,G06003100,Medium,False,False,False,0
255211,G06002904,Medium,False,False,False,0
290087,G06001907,Low,False,False,True,0
71514,G06001901,Medium,False,False,False,0
47639,G06002903,Low,False,False,False,0
482900,G06002904,Low,False,False,False,0
255187,G06002903,Low,False,False,False,0
373529,G06001907,Medium,False,False,False,0
200882,G06003100,High,False,False,False,0
290169,G06001903,Low,True,True,False,0
373530,G06002904,Medium,False,False,False,0
255166,G06001906,Low,False,False,False,0
199357,G06003100,High,False,False,False,0
306845,G06002908,High,False,False,False,1
212429,G06001901,Low,False,False,False,0
184331,G06001902,High,False,False,False,0
482543,G06002904,High,True,True,False,0
272868,G06002906,Low,False,False,False,0
482520,G06001903,Medium,True,True,False,0
81978,G06002904,High,False,False,False,0
48395,G06002904,Medium,False,False,False,0
127929,G06002903,High,False,False,False,0
340172,G06002908,Low,True,True,False,0
387159,G06001907,Low,True,True,False,0
387137,G06001905,Low,False,False,False,0
289710,G06001903,Low,False,False,False,0
373138,G06001907,Medium,True,True,False,0
340068,G06001905,Low,False,False,False,0
386995,G06002908,Medium,True,True,False,0
386840,G06003900,High,True,True,False,0
434548,G06001901,Low,False,False,False,0
386763,G06001902,Low,True,True,False,0
289892,G06001902,Medium,False,False,False,0
449169,G06003900,Low,False,False,False,1
482366,G06001907,Low,False,False,False,0
423868,G06001901,Low,False,False,False,0
449099,G06002903,Medium,False,False,False,0
117599,G06001902,Medium,True,True,False,0
485854,G06001902,Low,False,False,False,1
437095,G06001902,Medium,False,False,False,0
43159,G06001904,High,False,False,False,0
43119,G06001903,Low,False,False,False,0
123858,G06001907,Low,False,False,True,0
213875,G06001904,Low,False,False,False,0
43117,G06002906,Low,False,False,False,0
448711,G06001901,Low,False,False,False,0
437144,G06001902,Low,False,False,False,0
489199,G06002908,High,False,False,False,0
300947,G06002906,Medium,False,False,False,0
271165,G06001902,High,True,True,False,0
124000,G06002908,Low,False,False,False,0
124022,G06001901,Medium,False,False,False,0
489296,G06003100,High,False,False,False,0
79409,G06001902,High,False,False,False,0
355508,G06001905,Low,False,False,False,0
184976,G06002908,High,False,False,False,0
124103,G06002908,Medium,False,False,False,0
200255,G06001905,Low,False,False,False,0
124125,G06001907,High,False,False,False,0
124133,G06002906,High,False,False,False,0
42912,G06002906,High,False,False,False,0
292716,G06001901,Low,True,True,False,0
42862,G06001904,Medium,True,True,False,0
378821,G06003100,Medium,False,False,False,0
42839,G06001901,Medium,False,False,False,0
488925,G06003900,Medium,False,False,False,1
43214,G06001905,High,False,False,True,0
300881,G06001904,Low,True,True,False,1
126033,G06001902,High,False,False,False,0
123418,G06002906,Medium,False,False,False,0
337687,G06001907,High,True,True,False,0
292389,G06001904,Low,False,False,False,1
141497,G06001904,Medium,False,False,False,0
379299,G06001904,Medium,True,True,False,0
379283,G06001907,High,False,False,False,0
43537,G06002906,High,False,False,False,0
292445,G06001906,Medium,True,True,False,0
126002,G06001904,Medium,True,True,False,0
438062,G06002906,High,False,False,False,0
292545,G06003100,Medium,True,True,False,0
80249,G06002903,Medium,False,False,False,0
125909,G06001902,Medium,False,False,False,0
355619,G06003900,High,False,False,False,0
301052,G06001904,Low,False,False,False,0
488794,G06002908,Low,False,False,False,0
123810,G06003100,Low,True,True,False,0
488838,G06002903,Low,False,False,False,0
359838,G06002903,Low,False,False,False,0
175384,G06001906,High,False,False,False,0
154243,G06001902,High,False,False,False,1
271573,G06001907,Low,True,True,False,0
123382,G06002906,Low,True,True,False,0
252824,G06003100,High,False,False,False,0
378345,G06002903,Medium,False,False,False,0
124824,G06002903,High,False,False,False,1
124838,G06001902,High,True,True,False,0
437697,G06002906,Medium,False,False,False,0
489956,G06001904,Medium,True,True,False,0
377486,G06001906,High,False,False,False,0
424399,G06002904,High,False,False,False,0
377423,G06002903,High,False,False,False,0
337204,G06002903,Low,False,False,False,0
42430,G06002908,High,False,False,False,0
355428,G06002908,Low,False,False,False,0
376370,G06001902,Low,False,False,False,0
293236,G06001905,Medium,False,False,False,0
377223,G06001902,Medium,False,False,False,1
42377,G06003100,Medium,False,False,False,0
137787,G06002908,Medium,False,False,False,0
448552,G06001904,Medium,False,False,False,0
437475,G06002908,High,True,True,False,1
185089,G06001906,Medium,False,False,False,0
252615,G06001902,Low,False,False,False,0
79655,G06002908,Medium,False,False,False,0
125084,G06003900,High,False,False,False,0
154603,G06001907,Low,False,False,False,0
71920,G06001902,Low,False,False,False,0
376766,G06003100,Low,False,False,False,0
489952,G06001907,Medium,True,True,False,0
124162,G06002908,Low,False,False,False,0
79510,G06002906,High,False,False,False,0
377589,G06001903,Medium,False,False,False,0
378313,G06002908,Medium,False,False,False,0
141146,G06003900,Medium,False,False,False,0
200243,G06001906,Low,True,True,False,0
437259,G06003100,Low,False,False,False,0
489553,G06002904,Low,False,False,False,0
378251,G06001904,Low,False,False,False,0
437271,G06001907,Medium,False,False,False,0
437285,G06001902,High,False,False,False,0
79490,G06002904,Medium,False,False,False,0
124448,G06003100,High,True,True,False,0
154417,G06001901,Medium,False,False,False,0
301027,G06001907,High,False,False,True,0
377907,G06003100,Low,False,False,False,1
42635,G06001901,Medium,False,False,False,0
42613,G06001902,High,False,False,False,0
489882,G06001904,Low,False,False,False,0
124656,G06003900,Low,False,False,False,1
377641,G06002906,High,False,False,False,0
252697,G06003100,High,False,False,False,0
379409,G06001907,Medium,False,False,False,0
292323,G06002906,Low,False,False,False,0
379449,G06001904,Medium,False,False,False,0
381645,G06002908,Low,False,False,False,0
272134,G06001901,Medium,True,True,False,0
436109,G06001901,High,False,False,False,0
438393,G06001902,High,False,False,False,0
121708,G06001904,Low,True,True,False,0
381476,G06003900,High,False,False,False,0
381469,G06003900,Medium,True,True,False,0
381434,G06001904,Medium,False,False,False,0
153791,G06002908,High,False,False,False,0
179836,G06001901,High,True,True,False,0
213221,G06002906,Low,False,False,False,0
375301,G06002906,Medium,False,False,False,0
307417,G06001904,High,True,True,False,1
359901,G06001906,High,False,False,False,0
271004,G06002903,Medium,False,False,True,0
153808,G06003900,High,True,True,False,0
448854,G06002908,Medium,False,False,False,0
44433,G06002908,Medium,False,False,False,0
486984,G06002908,High,False,False,False,0
179664,G06001907,Medium,True,True,False,0
355028,G06003900,Medium,False,False,False,0
122124,G06001906,Medium,False,False,False,0
381049,G06002908,Medium,True,True,False,0
381042,G06002908,High,True,True,False,0
200419,G06002908,High,True,True,False,0
78998,G06002908,Low,False,False,True,0
438466,G06002903,Low,False,False,False,0
381721,G06001907,Medium,False,False,False,0
186521,G06002903,Medium,False,False,False,0
382634,G06001905,High,False,False,False,0
294100,G06002903,Medium,True,True,False,0
184543,G06001904,Medium,False,False,False,0
486019,G06001902,Medium,False,False,False,0
300752,G06002908,Medium,False,False,False,0
486046,G06001902,Low,False,False,False,0
186469,G06001901,High,False,False,True,0
121082,G06003900,High,False,False,False,0
254009,G06001906,Low,False,False,False,0
184584,G06001902,High,False,False,False,0
121130,G06001905,High,False,False,False,0
121218,G06001902,High,False,False,False,0
291547,G06002908,High,True,True,False,0
78940,G06001904,High,False,False,False,0
44933,G06001904,Low,False,False,False,0
126566,G06001901,High,False,False,False,0
179653,G06002908,Medium,True,True,False,0
89960,G06002906,High,False,False,False,0
153714,G06001904,High,False,False,False,0
436346,G06002908,High,True,True,False,0
80648,G06003100,Low,False,False,False,0
291905,G06002908,Medium,False,False,False,0
375661,G06002908,Low,True,True,False,0
122883,G06003900,High,False,False,False,0
213430,G06001904,Low,False,False,False,0
375678,G06001907,Low,False,False,False,0
487864,G06002908,Low,False,False,False,0
380044,G06002908,Medium,True,True,True,0
337820,G06001902,Medium,False,False,False,0
44015,G06001907,High,False,False,False,0
80465,G06001903,Low,False,False,False,0
488019,G06002906,High,False,False,False,0
123098,G06002906,Low,False,False,False,0
379882,G06001901,Low,True,True,False,0
292255,G06001904,Medium,False,False,False,0
424325,G06002904,Medium,False,False,False,0
448714,G06001903,Low,False,False,False,0
436780,G06001906,Medium,False,False,False,0
379724,G06003900,High,False,False,False,0
379680,G06001903,Medium,False,False,False,0
43779,G06001903,Low,False,False,False,0
154135,G06003900,Low,False,False,False,0
375752,G06003100,High,False,False,False,0
43687,G06001902,Medium,False,False,True,1
379491,G06001902,Medium,False,False,False,0
438147,G06001907,Medium,False,False,False,0
185954,G06003900,Medium,True,True,False,0
338003,G06001906,Medium,False,False,False,0
179825,G06002908,High,True,True,False,1
186131,G06001907,High,False,False,True,0
337991,G06001904,High,False,False,False,0
487335,G06001906,Low,False,False,False,0
253593,G06001903,Low,False,False,False,0
487358,G06001906,High,False,False,False,0
137737,G06001906,High,True,True,False,0
300869,G06001902,Low,True,True,False,0
44265,G06002906,High,False,False,False,0
126168,G06003100,High,False,False,False,0
116244,G06002904,Medium,False,False,False,0
292022,G06001907,Low,False,False,False,0
213361,G06002908,High,False,False,False,0
487478,G06002908,Medium,False,False,False,0
79137,G06002903,Low,True,True,False,0
153994,G06002908,High,False,False,False,0
179717,G06001901,Medium,False,False,False,1
487540,G06002904,Medium,False,False,False,0
293776,G06001902,High,False,False,False,0
487574,G06001903,High,False,False,False,0
380516,G06002908,Medium,False,False,False,0
380463,G06003900,Low,True,True,False,0
140845,G06002903,Low,False,False,False,0
122475,G06003100,High,False,False,False,0
255731,G06001901,Low,True,True,True,0
179530,G06002903,Low,True,True,False,0
395130,G06001907,Medium,False,False,False,0
183338,G06001906,Medium,False,False,False,0
395020,G06002908,High,False,False,False,1
473163,G06003100,Low,True,True,False,0
305700,G06001902,Medium,False,False,False,0
473361,G06001905,Medium,False,False,False,0
258587,G06001902,High,False,False,False,0
111973,G06001906,Medium,False,False,False,0
286560,G06003900,Low,True,True,True,0
112004,G06002904,Low,True,True,False,0
473070,G06003100,Medium,False,False,False,0
394921,G06001901,Medium,False,False,False,0
473534,G06002906,Medium,True,True,False,0
394896,G06002904,Low,False,False,False,0
441478,G06001902,Low,True,True,False,1
394841,G06003900,Medium,False,False,False,0
473748,G06002903,Medium,False,False,False,0
210248,G06002904,Medium,False,False,False,1
72145,G06002908,High,True,True,False,0
432409,G06001904,Low,False,False,False,0
432435,G06001901,Low,False,False,False,0
394692,G06003100,Low,False,False,False,0
258449,G06002903,Medium,False,False,True,0
473521,G06003900,Low,False,False,True,0
54541,G06003100,High,False,False,True,0
395160,G06001906,Low,False,False,False,0
111848,G06002908,Low,False,False,False,0
395644,G06001906,High,False,False,False,0
395637,G06001901,High,False,False,False,0
54781,G06002904,Low,False,False,False,0
395589,G06001902,Medium,False,False,False,1
84246,G06001902,High,False,False,False,0
395522,G06001907,High,False,False,True,0
150537,G06001903,Medium,True,True,False,0
111611,G06002908,High,False,False,False,0
295693,G06002906,High,False,False,False,0
370054,G06002906,Medium,False,False,False,0
472527,G06003100,Low,False,False,False,0
54737,G06001905,Medium,True,True,False,0
370058,G06001904,Low,False,False,False,1
395427,G06002908,Low,False,False,False,0
130071,G06001903,High,False,False,False,0
395314,G06002903,Low,False,False,False,1
76532,G06001903,Medium,False,False,False,0
472701,G06001905,Low,False,False,False,0
209920,G06001905,Medium,False,False,False,0
441544,G06002903,High,False,False,False,0
343363,G06002903,Low,False,False,False,0
472802,G06002906,High,False,False,False,0
150586,G06001907,Medium,False,False,False,0
150632,G06002903,Medium,True,True,False,0
472959,G06001904,High,False,False,False,0
286524,G06001901,High,False,False,False,1
432304,G06001902,Low,False,False,False,0
473047,G06001902,Medium,False,False,False,0
53938,G06001901,Low,True,True,False,0
273542,G06003100,High,False,False,False,0
258024,G06001902,Medium,False,False,False,1
183461,G06002908,Low,False,False,False,0
210437,G06001901,High,False,False,False,0
188981,G06001904,High,False,False,False,0
76840,G06001902,High,False,False,False,0
393768,G06001904,Low,False,False,False,0
295397,G06002908,Medium,True,True,True,0
370823,G06002908,Medium,True,True,False,0
83974,G06001904,Low,True,True,True,0
287133,G06002906,High,False,False,False,0
112784,G06001905,Low,True,True,False,0
351101,G06001904,High,True,True,False,0
287191,G06001902,Medium,True,True,False,0
474831,G06003100,Medium,True,True,True,0
210497,G06002906,High,False,False,True,0
112833,G06001904,High,False,False,False,0
52868,G06002904,Low,False,False,False,0
475084,G06002904,High,False,False,False,0
139906,G06001903,Low,True,True,False,0
52827,G06001902,Low,False,False,False,0
393372,G06002906,Low,False,False,False,0
475206,G06001907,Low,False,False,False,0
393344,G06001903,Medium,True,True,False,0
475255,G06003100,Medium,False,False,False,0
112524,G06002906,High,True,True,False,1
183285,G06002906,Medium,True,True,False,0
441276,G06001901,Low,False,False,False,0
441296,G06001902,Low,True,True,False,0
189029,G06001907,Low,False,False,False,0
394473,G06001907,Low,False,False,False,0
473995,G06003100,High,False,False,False,1
53822,G06002908,Medium,True,True,False,0
53758,G06001905,Medium,False,False,False,0
90720,G06001904,Medium,False,False,False,0
286823,G06001904,Low,False,False,False,0
76729,G06001904,Low,False,False,False,0
394329,G06002906,Medium,False,False,False,0
53493,G06001903,Medium,False,False,False,0
112295,G06003100,Medium,False,False,False,0
150934,G06001906,Low,True,True,False,0
258297,G06003900,Low,False,False,False,0
305841,G06001901,Low,False,False,False,0
370649,G06002904,Medium,False,False,False,1
188998,G06001904,High,False,False,False,0
295514,G06002908,Low,False,False,False,0
90708,G06002904,Low,False,False,False,0
394254,G06002903,Medium,False,False,False,0
474429,G06001901,High,False,False,False,0
53324,G06002903,Medium,False,False,False,0
342708,G06001904,Low,False,False,False,0
475259,G06001906,High,True,True,True,0
84254,G06001902,Medium,False,False,False,1
201794,G06002908,Low,True,True,False,0
397890,G06001905,High,True,True,False,0
259634,G06002908,High,False,False,False,0
470742,G06003100,Low,True,True,False,0
397886,G06001902,High,False,False,False,1
344071,G06002906,Low,False,False,False,0
397881,G06001904,Medium,False,False,False,0
109746,G06002908,Medium,False,False,False,0
76008,G06001905,Medium,False,False,False,0
273899,G06003100,Low,False,False,False,0
84639,G06002908,Medium,False,False,False,0
84673,G06002903,Medium,False,False,False,0
285760,G06003900,High,False,False,False,0
109996,G06001902,High,False,False,False,0
198697,G06001902,High,False,False,False,0
471030,G06001907,Medium,False,False,False,0
471035,G06002903,Low,False,False,False,0
110014,G06001903,High,True,True,False,1
471043,G06002903,High,False,False,False,0
344012,G06001905,Medium,False,False,False,0
397483,G06002908,Medium,False,False,True,0
369262,G06001901,Low,False,False,True,0
285843,G06001902,Low,False,False,False,0
397437,G06003100,Medium,False,False,False,0
470594,G06002906,Low,False,False,False,0
397951,G06002908,Low,True,True,False,0
178714,G06002908,Medium,False,False,False,0
470005,G06002908,Medium,False,False,False,0
357396,G06002903,Low,False,False,False,0
259842,G06002903,Medium,True,True,False,0
209240,G06001901,Low,False,False,False,0
109221,G06002903,Low,False,False,False,0
56434,G06001905,Low,False,False,True,0
470080,G06002908,Medium,False,False,False,0
351061,G06001907,High,True,True,False,0
449875,G06001901,Medium,False,False,False,0
274050,G06001904,Low,False,False,False,0
109328,G06001907,Low,False,False,False,0
442669,G06001906,Medium,False,False,False,0
56325,G06001902,High,False,False,False,0
448100,G06001907,Medium,False,False,False,0
109375,G06003100,High,True,True,False,0
91150,G06001902,Low,False,False,False,0
344190,G06001903,Medium,False,False,False,0
431627,G06002908,Low,False,False,False,0
56251,G06001902,High,False,False,False,0
431650,G06001902,High,False,False,False,0
198642,G06002908,Low,True,True,False,0
84782,G06001904,High,False,False,False,0
198663,G06001904,Medium,False,False,False,1
149987,G06002903,Medium,False,False,False,0
84756,G06001905,Low,True,True,False,0
470532,G06002906,Low,False,False,False,0
369264,G06001902,High,False,False,False,0
305269,G06001906,High,False,False,False,0
259459,G06003900,Medium,False,False,True,0
55725,G06002903,Low,False,False,False,0
396678,G06001906,Low,True,True,False,0
178758,G06003100,Medium,False,False,False,0
396639,G06001906,Low,False,False,False,0
142511,G06002906,Low,False,False,False,0
130461,G06001905,Low,False,False,False,0
142499,G06001905,Medium,False,False,False,1
110712,G06003900,Low,True,True,False,1
201599,G06001905,Medium,False,False,False,0
396332,G06001907,High,False,False,False,0
396138,G06001902,Low,False,False,False,0
357219,G06002906,High,False,False,False,0
396021,G06002908,Low,False,False,False,0
55139,G06001907,Medium,False,False,False,0
471959,G06001901,Medium,False,False,False,0
209850,G06001902,High,False,False,False,0
176768,G06003100,High,False,False,False,0
90994,G06002906,High,True,True,False,0
90898,G06001903,Medium,False,False,False,0
130255,G06002908,Medium,False,False,False,0
395874,G06003900,Medium,False,False,False,0
343569,G06001907,Low,False,False,False,0
150530,G06002903,Low,False,False,False,0
76495,G06003900,Medium,True,True,False,0
139729,G06002908,Medium,False,False,False,0
422921,G06002908,High,False,False,False,0
441632,G06001902,Medium,True,True,False,0
442370,G06001901,High,False,False,True,0
442353,G06002904,Medium,False,False,False,0
442226,G06003100,Low,True,True,False,0
397315,G06001905,High,False,False,False,0
431919,G06001904,Medium,False,False,False,0
471186,G06003100,High,False,False,False,0
150169,G06002908,High,False,False,False,0
397215,G06001901,High,False,False,False,0
110201,G06001906,High,False,False,False,0
442137,G06001907,Low,False,False,False,0
55604,G06002903,Medium,False,False,False,0
397115,G06002906,Medium,False,False,False,1
76264,G06002906,Medium,True,True,False,0
397046,G06002903,Low,False,False,False,0
353593,G06001901,Low,False,False,False,0
422868,G06002908,Medium,False,False,False,0
142560,G06002903,Low,False,False,False,0
442007,G06001905,Medium,False,False,False,0
471598,G06001907,Low,False,False,False,0
150284,G06002906,High,False,False,False,0
84481,G06002906,Low,False,False,False,1
396965,G06003900,Medium,False,False,False,0
130638,G06002903,High,True,True,True,0
189587,G06001904,Medium,False,False,False,0
396885,G06002908,Low,False,False,False,0
396785,G06001907,High,False,False,False,0
393288,G06001901,Medium,False,False,False,0
475287,G06001904,Low,False,False,False,0
288469,G06001901,High,False,False,False,1
50347,G06003100,Low,True,True,False,0
77387,G06001906,Low,False,False,False,1
128523,G06002908,Low,False,False,False,0
211433,G06002908,High,False,False,False,0
115173,G06003100,Medium,False,False,False,0
390121,G06001904,Medium,False,False,False,0
433571,G06002903,High,False,False,False,0
211458,G06001906,Medium,False,False,False,0
288534,G06001902,High,False,False,False,0
390084,G06001901,High,False,False,False,0
372011,G06002908,Medium,False,False,False,0
50027,G06003900,High,False,False,False,0
82902,G06001906,Low,False,False,False,0
372109,G06001903,High,False,False,True,0
82899,G06001904,Medium,False,False,False,0
479227,G06001902,High,False,False,False,0
256455,G06002904,Low,False,False,False,0
372116,G06003900,High,True,True,False,0
389913,G06001901,Low,False,False,False,0
49937,G06003900,Medium,False,False,True,0
188037,G06003100,High,False,False,False,0
82898,G06002903,Medium,False,False,False,0
372155,G06001901,Medium,True,True,False,1
188025,G06002903,High,False,False,False,0
340807,G06001902,Medium,False,False,False,0
340978,G06001906,Low,False,False,False,0
128618,G06002906,Medium,False,False,False,0
354075,G06002906,High,False,False,False,0
440642,G06002904,Low,False,False,False,0
423594,G06001904,Medium,False,False,False,0
128559,G06002908,Low,False,False,False,0
295054,G06002903,High,False,False,False,0
50520,G06001906,High,True,True,False,0
256828,G06001904,Low,False,False,False,0
478441,G06002903,High,False,False,False,0
211400,G06001904,Low,False,False,False,1
114983,G06001902,Low,False,False,False,1
50460,G06003100,High,False,False,False,0
50446,G06001906,Medium,False,False,False,1
50436,G06003100,High,True,True,False,0
371894,G06003900,High,False,False,False,0
390403,G06001906,Medium,False,False,False,0
478653,G06001901,Medium,False,False,False,0
390402,G06001904,Low,False,False,True,0
440565,G06003100,Medium,False,False,False,0
478701,G06001906,Medium,False,False,False,1
183824,G06001906,Medium,False,False,False,0
478746,G06001901,Medium,False,False,False,0
478769,G06002908,High,False,False,False,0
440319,G06002904,Medium,False,False,False,0
115395,G06001902,Low,False,False,False,0
115896,G06002904,Medium,True,True,False,0
211867,G06001906,High,False,False,False,1
480298,G06003100,High,False,False,False,1
354306,G06001901,Medium,False,False,False,0
115954,G06001901,Medium,False,False,False,0
389171,G06001902,Medium,False,False,False,0
389113,G06001902,High,False,False,False,0
340615,G06002908,High,False,False,False,1
372347,G06001902,Medium,False,False,True,0
480362,G06001901,Low,False,False,False,1
388966,G06003900,Medium,False,False,False,0
433919,G06001906,High,False,False,False,1
372578,G06003100,Low,True,True,False,0
480502,G06001907,High,False,False,False,0
289081,G06001905,High,False,False,False,0
388783,G06002903,Low,False,False,False,0
176171,G06003900,Medium,False,False,False,0
49209,G06001903,Low,False,False,False,0
49208,G06001905,Low,False,False,False,0
294748,G06003100,Low,False,False,False,0
388709,G06002904,Medium,False,False,False,0
389420,G06002906,Medium,False,False,True,0
211777,G06001906,Low,False,False,False,0
188018,G06001901,Medium,False,False,False,0
440311,G06001904,High,False,False,False,0
115548,G06002906,Low,False,False,False,0
256284,G06001906,Low,False,False,False,0
288741,G06002904,Low,False,False,False,0
306614,G06002908,Low,False,False,False,0
277060,G06002904,Medium,False,False,False,0
389659,G06001904,Medium,False,False,False,1
340710,G06001902,High,False,False,False,1
389642,G06003900,Medium,True,True,False,0
389629,G06001904,Medium,False,False,True,0
340678,G06001902,Low,True,True,False,0
256077,G06002903,Low,False,False,False,0
71390,G06003100,Low,True,True,False,0
480014,G06001907,Low,False,False,False,0
340662,G06001902,High,True,True,False,0
115727,G06002906,Medium,False,False,False,1
288821,G06001905,Low,False,False,False,0
115823,G06001907,High,False,False,False,0
184004,G06002908,Medium,False,False,False,0
480131,G06003100,Low,True,True,False,0
480133,G06003900,Low,False,False,False,0
77545,G06001901,Medium,False,False,False,0
128345,G06001905,Low,False,False,False,1
115831,G06001906,Medium,False,False,False,1
478038,G06001903,Medium,False,False,False,1
288247,G06001901,Medium,True,True,False,0
433436,G06002904,Medium,False,False,False,0
210828,G06003900,Low,False,False,False,0
52073,G06002906,High,True,True,False,0
89443,G06002903,Medium,False,False,False,0
137526,G06001901,Low,False,False,False,0
77086,G06001904,Low,False,False,False,0
371248,G06002908,High,True,True,False,0
183529,G06002903,Medium,True,True,False,0
476409,G06002906,High,False,False,False,0
113614,G06001906,Medium,True,True,False,0
287583,G06001906,High,True,True,False,0
392254,G06001904,Medium,False,False,True,1
354006,G06001902,Low,True,True,False,1
476449,G06001905,Low,False,False,False,0
392119,G06001907,Low,False,False,False,0
341759,G06003100,Low,False,False,False,0
341758,G06003100,Low,False,False,False,0
113852,G06003900,Low,False,False,True,0
392045,G06003100,Low,False,False,False,0
183565,G06001901,High,False,False,False,0
176417,G06001903,Medium,False,False,False,0
51874,G06001905,Medium,False,False,False,0
51835,G06002903,High,False,False,False,1
440937,G06001904,High,False,False,True,0
52193,G06001906,Medium,False,False,False,0
305976,G06002904,Low,False,False,False,0
52704,G06001902,Medium,False,False,False,0
441116,G06002903,Low,False,False,False,0
89413,G06002903,High,False,False,True,0
441074,G06001906,High,False,False,False,1
393175,G06002908,Low,False,False,False,0
432804,G06001905,Medium,False,False,False,0
210708,G06003100,High,False,False,False,0
129316,G06002903,Low,False,False,False,0
371111,G06002903,Medium,False,False,False,0
273420,G06002906,Low,False,False,False,0
287343,G06001903,High,False,False,False,0
475732,G06002908,High,True,True,False,0
432871,G06001907,Low,False,False,False,0
140070,G06002903,High,True,True,False,0
52402,G06003100,Low,False,False,True,0
129291,G06001907,Medium,False,False,False,0
342046,G06001904,High,False,False,False,0
77062,G06001903,Low,True,True,False,0
196370,G06001903,Medium,False,False,False,0
476078,G06001904,Medium,False,False,False,0
341961,G06001904,Low,True,True,False,0
306266,G06002906,Low,False,False,False,0
354030,G06002908,High,False,False,False,0
257355,G06001904,High,False,False,False,0
83298,G06001906,Medium,False,False,False,1
267593,G06002908,High,False,False,True,0
51274,G06002903,Medium,False,False,False,1
114451,G06001907,Medium,False,False,False,0
83255,G06002903,Low,True,True,False,0
306367,G06001902,Medium,False,False,False,0
51105,G06002908,Medium,False,False,False,0
295131,G06001904,Medium,False,False,False,0
477721,G06001902,Medium,True,True,False,0
128802,G06002908,High,False,False,False,0
183705,G06002908,Low,False,False,False,0
391159,G06002904,Low,False,False,False,0
391054,G06001902,Low,False,False,False,0
295092,G06002906,Medium,True,True,False,0
371722,G06003900,Medium,False,False,False,0
477817,G06001903,Low,False,False,False,0
188214,G06001902,Medium,False,False,False,0
390828,G06002906,Medium,False,False,True,0
114764,G06001905,Low,True,True,False,0
114779,G06002906,Low,False,False,False,0
50791,G06001901,High,True,True,False,0
478025,G06001902,Low,False,False,True,0
183740,G06003100,Medium,True,True,False,0
210970,G06002906,High,True,True,False,0
151986,G06002908,Medium,True,True,False,0
440715,G06001904,Medium,False,False,False,0
83302,G06002903,Medium,False,False,False,1
83584,G06001903,Low,False,False,False,0
356863,G06002903,Low,False,False,False,0
257322,G06001904,Medium,True,True,True,0
77125,G06001905,High,False,False,False,0
287811,G06001901,Low,False,False,False,0
391784,G06001901,High,False,False,True,0
89451,G06001902,High,False,False,False,0
371509,G06001904,Medium,False,False,False,0
433186,G06002908,Medium,False,False,False,0
210961,G06001901,High,False,False,False,0
287943,G06002903,Medium,False,False,False,0
476940,G06001904,Low,False,False,False,0
371533,G06001907,High,False,False,False,0
423439,G06001902,Low,False,False,False,0
477187,G06003900,Low,False,False,False,0
477164,G06002908,High,True,True,False,0
114321,G06001901,Medium,False,False,False,0
176292,G06003900,Medium,False,False,False,0
371605,G06001902,Low,False,False,False,0
433272,G06002908,Low,False,False,False,0
350623,G06002908,Low,False,False,True,0
341640,G06002904,Low,False,False,True,0
277156,G06002904,Low,False,False,False,0
128829,G06002906,High,False,False,False,0
381783,G06000300,Medium,True,True,False,0
327841,G06001907,Medium,False,False,False,0
358497,G06001700,Medium,False,False,True,0
288476,G06003900,Medium,False,False,False,1
478863,G06001100,Low,True,True,False,0
212110,G06002906,High,False,False,False,0
445149,G06002906,Medium,False,False,False,0
300747,G06010100,Medium,False,False,False,0
74914,G06001100,High,False,False,False,0
387409,G06003900,High,True,True,False,0
79810,G06001700,Low,False,False,False,0
523456,G06000300,High,False,False,False,0
179403,G06001907,Low,False,False,False,0
227822,G06001100,Low,True,True,False,0
85980,G06000300,Medium,False,False,True,0
438755,G06001907,High,False,False,False,0
154578,G06006103,Medium,False,False,False,0
337022,G06001100,Medium,False,False,False,0
50183,G06006103,High,False,False,False,0
39157,G06005700,Medium,False,False,False,0
490980,G06000300,Low,False,False,False,0
491104,G06000300,Low,False,False,False,0
176250,G06000300,Medium,False,False,True,0
243674,G06001700,Medium,False,False,False,0
376068,G06000300,High,False,False,False,1
26538,G06000300,Medium,False,False,True,0
437346,G06000300,High,False,False,False,0
548722,G06001700,Medium,False,False,False,0
494861,G06000300,Low,True,True,False,0
377045,G06006103,Medium,False,False,False,0
19986,G06005700,Medium,False,False,False,0
87160,G06001700,Medium,False,False,False,0
299799,G06006103,Medium,True,True,False,0
128082,G06001700,Medium,False,False,False,0
496725,G06000300,Medium,False,False,False,0
81129,G06005700,Low,False,False,True,0
438939,G06000300,Medium,True,True,False,0
300153,G06008900,High,True,True,False,0
228293,G06008900,High,True,True,False,0
488937,G06001700,High,False,False,False,0
437665,G06001700,Low,False,False,False,0
43069,G06001700,High,True,True,False,0
372927,G06002906,Low,False,False,False,0
377093,G06001700,Medium,False,False,False,1
548840,G06001100,High,False,False,False,0
241658,G06000300,Medium,False,False,False,0
79929,G06005700,Low,False,False,False,0
514907,G06006103,Medium,False,False,False,0
22906,G06001907,Low,True,True,False,0
73708,G06001700,Medium,False,False,False,0
180482,G06001700,High,False,False,False,0
523174,G06001700,High,False,False,False,0
256357,G06005700,High,True,True,False,0
185241,G06008900,Low,False,False,False,0
429105,G06001700,Low,False,False,False,0
429239,G06005700,Medium,False,False,False,0
179814,G06000300,Medium,False,False,False,0
337261,G06005700,Low,False,False,False,0
352812,G06000300,Medium,False,False,False,0
271620,G06001100,High,False,False,False,0
522831,G06001700,Low,False,False,False,0
116030,G06000300,Low,False,False,False,0
197724,G06001100,Medium,False,False,False,0
429359,G06006103,Low,False,False,False,0
496208,G06000300,Medium,False,False,False,0
327294,G06006103,High,True,True,False,0
222442,G06000300,High,False,False,False,0
124828,G06005700,Low,False,False,False,0
49486,G06006103,High,False,False,False,0
436985,G06000300,Low,False,False,True,0
428850,G06001700,Medium,True,True,False,0
124807,G06001700,Low,False,False,False,0
252712,G06000300,High,False,False,False,0
256010,G06006103,High,False,False,True,0
389404,G06003900,High,False,False,False,0
49283,G06001100,High,False,False,True,0
317995,G06001700,Low,False,False,False,0
480825,G06001700,High,False,False,False,0
489558,G06001700,Low,False,False,False,0
544264,G06006103,Low,False,False,False,0
388393,G06000300,Low,False,False,False,0
128149,G06000300,Low,False,False,False,0
490575,G06001700,High,False,False,True,0
307931,G06001700,High,False,False,True,1
143152,G06001700,Medium,False,False,False,0
42398,G06008900,High,True,True,False,0
22515,G06005700,Medium,False,False,False,0
429662,G06000700,Medium,True,True,False,0
230449,G06000300,Medium,False,False,False,0
294779,G06000700,High,False,False,True,0
124481,G06000300,High,True,True,False,0
38353,G06000300,Medium,True,True,False,0
42728,G06006103,Medium,False,False,True,0
240378,G06000300,Medium,False,False,False,0
388820,G06002906,Medium,False,False,False,0
49268,G06005700,Medium,False,False,False,0
376216,G06001700,Medium,False,False,False,0
496331,G06006103,Low,False,False,False,0
200110,G06000300,Medium,True,True,False,0
211913,G06001700,Low,True,True,False,0
438118,G06001700,Medium,False,False,False,0
522627,G06001100,Low,False,False,False,0
430768,G06006103,Medium,False,False,False,0
520722,G06006103,High,False,False,False,0
1409,G06001100,High,False,False,True,0
308310,G06008900,High,True,True,False,0
220568,G06003900,Medium,False,False,False,0
120269,G06005700,Medium,False,False,False,0
120223,G06000300,Medium,False,False,False,0
139932,G06005700,Low,False,False,False,1
44161,G06000700,Medium,False,False,False,0
382941,G06006103,Medium,False,False,False,0
336428,G06000300,Low,False,False,False,0
186014,G06000300,High,False,False,False,1
547944,G06001700,Low,False,False,False,0
141767,G06006103,Medium,False,False,True,0
273361,G06000700,Medium,False,False,False,0
315421,G06000300,Low,False,False,True,0
520615,G06006103,Medium,False,False,False,0
485902,G06001700,High,False,False,True,0
142233,G06006103,Low,False,False,False,0
220487,G06001907,Low,False,False,False,0
273536,G06002906,Medium,False,False,False,0
84053,G06000300,Medium,False,False,False,0
493600,G06001100,Medium,False,False,False,0
198822,G06006103,High,False,False,False,0
139797,G06001700,Low,True,True,False,0
384234,G06001700,High,False,False,False,0
254617,G06005700,High,False,False,False,0
84241,G06000700,Medium,True,True,False,0
76908,G06001700,High,True,True,False,0
83966,G06001700,High,True,True,True,0
214731,G06000300,High,False,False,False,0
142201,G06001700,Medium,False,False,False,0
439712,G06000700,Medium,False,False,False,0
336409,G06001100,Low,False,False,False,0
40656,G06005700,Medium,False,False,False,0
214840,G06000300,Low,False,False,False,0
44353,G06000300,Low,False,False,False,0
40724,G06000300,Low,False,False,False,0
486776,G06008900,High,False,False,False,0
328169,G06000300,High,False,False,True,0
141877,G06000700,High,False,False,False,0
516807,G06005700,Medium,True,True,False,0
82596,G06001700,High,False,False,False,0
273153,G06000300,Medium,False,False,False,0
1556,G06000300,High,False,False,False,0
546936,G06005700,Medium,False,False,False,0
180118,G06008900,High,True,True,False,0
380631,G06005700,Low,False,False,False,0
382555,G06006103,Low,False,False,False,0
186505,G06006103,Medium,False,False,True,0
199002,G06001700,High,False,False,False,0
254029,G06001700,Medium,False,False,False,0
433333,G06000700,High,False,False,False,0
291497,G06000700,Medium,True,True,False,0
433459,G06000300,High,False,False,False,1
316650,G06000700,High,False,False,False,0
1553,G06001907,High,True,True,False,0
338505,G06001700,High,False,False,False,0
433663,G06005700,Medium,False,False,False,0
270461,G06006103,High,False,False,False,0
291528,G06005700,High,False,False,True,0
546185,G06000300,Medium,False,False,False,0
228510,G06001700,Low,True,True,False,0
127759,G06001100,Medium,False,False,False,0
289957,G06000700,High,False,False,False,0
25384,G06000300,High,True,True,True,0
180315,G06002906,Medium,False,False,False,0
75484,G06001100,Medium,False,False,False,0
184825,G06001100,Low,False,False,False,0
386510,G06001700,Low,False,False,False,0
243472,G06006103,High,False,False,False,0
179433,G06002906,High,False,False,False,0
335610,G06000700,Low,False,False,False,0
335601,G06005700,Medium,False,False,False,0
290160,G06003900,Low,False,False,False,0
47566,G06000300,High,False,False,False,0
163049,G06000700,High,False,False,True,0
85056,G06001700,Low,False,False,False,0
228535,G06001700,High,False,False,False,1
127916,G06001700,High,True,True,True,0
443313,G06001100,High,True,True,False,0
522119,G06008900,Low,False,False,False,0
515101,G06001700,Low,False,False,False,0
78592,G06002906,High,False,False,True,0
488751,G06000300,Low,True,True,False,0
300701,G06001700,High,False,False,False,0
152675,G06000300,Medium,False,False,True,0
340087,G06000300,Medium,False,False,False,0
269458,G06001700,High,False,False,False,1
439213,G06000300,Low,True,True,False,0
43544,G06001907,Medium,False,False,False,0
81372,G06000300,Medium,True,True,False,0
311114,G06001907,High,False,False,True,1
494540,G06000300,Medium,False,False,False,0
81322,G06000300,High,False,False,False,0
292515,G06008900,Medium,False,False,False,0
213557,G06000300,Low,False,False,False,0
484036,G06000300,Low,False,False,False,0
432064,G06010100,High,False,False,False,0
353625,G06001700,Medium,False,False,False,0
43983,G06006103,High,False,False,False,0
483910,G06000300,Medium,True,True,False,0
545958,G06006103,Medium,False,False,False,0
431917,G06001700,Low,False,False,True,0
212585,G06000700,High,True,True,True,0
84558,G06001700,Medium,False,False,False,0
168751,G06001700,High,False,False,False,0
484498,G06000700,High,False,False,False,0
493738,G06000300,Medium,False,False,False,0
272657,G06001700,High,False,False,False,0
273708,G06000300,Medium,True,True,False,0
240941,G06001700,Medium,True,True,False,0
434903,G06000300,High,False,False,True,0
119143,G06000300,High,False,False,False,0
515926,G06000300,Low,False,False,False,0
174817,G06000300,Low,False,False,False,0
545944,G06000300,Low,True,True,False,0
293690,G06000300,Medium,False,False,False,0
47271,G06001907,Medium,False,False,False,0
142813,G06006103,Low,False,False,False,0
251065,G06006103,Medium,False,False,True,0
315110,G06000300,Medium,False,False,False,0
213539,G06006103,Medium,False,False,False,0
357244,G06003900,Medium,True,True,False,0
290471,G06000300,High,True,True,True,0
385216,G06000300,High,False,False,False,0
273890,G06006103,Low,False,False,False,0
47146,G06006103,Medium,True,True,False,1
435016,G06005700,High,False,False,True,0
229550,G06001700,Medium,False,False,False,0
179597,G06001100,High,False,False,False,0
357326,G06000300,High,True,True,False,0
31640,G06001907,Low,False,False,False,0
358678,G06000300,Low,False,False,True,0
95952,G06006103,Low,True,True,False,1
529486,G06000300,Low,False,False,False,0
403713,G06001700,High,False,False,False,0
366976,G06001100,Low,False,False,False,0
235462,G06000300,High,False,False,False,0
224232,G06000300,Low,False,False,False,0
323553,G06002906,Low,False,False,False,1
304551,G06000700,Medium,False,False,False,0
104442,G06008900,Medium,False,False,False,0
264635,G06001700,High,False,False,False,0
367123,G06001700,Low,False,False,False,0
535857,G06010100,High,True,True,False,0
248034,G06006103,Medium,False,False,False,0
207812,G06001700,Medium,False,False,False,0
191142,G06000300,Medium,False,False,False,0
330911,G06008900,Medium,False,False,False,0
416310,G06005700,Medium,False,False,False,0
279527,G06001100,Low,False,False,False,0
166212,G06006103,Low,False,False,False,0
454825,G06001700,High,False,False,True,0
95666,G06006103,Medium,True,True,False,0
105019,G06000300,Low,False,False,False,0
30250,G06001700,High,False,False,False,0
465247,G06001700,High,True,True,False,0
503201,G06001907,Medium,True,True,False,0
15257,G06001700,High,True,True,False,0
508885,G06000300,Medium,False,False,False,0
105003,G06002906,High,False,False,False,0
535904,G06000300,Medium,False,False,False,0
283579,G06001700,High,False,False,False,1
345984,G06000300,High,False,False,True,0
148718,G06000300,Low,False,False,False,0
66296,G06000300,Medium,True,True,False,0
463772,G06005700,Medium,False,False,False,0
414857,G06001700,High,True,True,True,0
170803,G06001700,Medium,False,False,False,1
165998,G06001700,Medium,False,False,True,0
60899,G06003900,Low,False,False,False,0
132850,G06001700,Low,False,False,False,0
535096,G06001700,High,False,False,False,0
332795,G06000300,Low,False,False,False,0
415461,G06006103,High,False,False,False,0
10994,G06008900,Medium,False,False,False,0
529738,G06001700,High,False,False,True,0
535487,G06000300,High,False,False,False,0
96236,G06000300,Medium,False,False,False,0
415287,G06005700,Medium,False,False,False,0
535440,G06008900,Medium,False,False,False,0
535439,G06005700,High,False,False,False,0
283329,G06001700,High,False,False,False,1
362492,G06006103,High,False,False,True,0
416647,G06000700,Low,False,False,False,0
278926,G06000300,Low,False,False,False,0
296502,G06001700,High,False,False,False,0
178229,G06005700,High,False,False,False,0
131855,G06006103,High,False,False,False,0
260948,G06001700,Low,False,False,False,0
314064,G06000300,Low,False,False,False,0
320800,G06000300,High,False,False,False,0
136041,G06000700,Medium,False,False,False,0
208427,G06000300,High,False,False,False,0
68358,G06001700,High,False,False,False,0
502009,G06008900,Medium,False,False,False,0
278747,G06001700,Low,False,False,False,0
57933,G06000300,Low,False,False,True,0
68646,G06001907,High,False,False,False,0
106819,G06000300,Medium,False,False,False,0
509772,G06006103,Medium,False,False,True,0
349875,G06001700,Low,False,False,False,0
418124,G06001700,Medium,False,False,False,0
418115,G06000300,Medium,False,False,False,0
362021,G06008900,High,False,False,False,0
174052,G06001700,Medium,False,False,False,0
145501,G06000300,High,False,False,False,1
402117,G06005700,High,False,False,False,0
417464,G06002906,Low,False,False,False,0
402930,G06006103,High,False,False,True,0
223928,G06001700,High,False,False,False,0
502736,G06006103,High,False,False,False,0
95149,G06003900,Low,True,True,False,0
454571,G06000300,Medium,False,False,True,0
11352,G06006103,Medium,False,False,False,0
304726,G06002906,Medium,False,False,False,0
173225,G06006103,Medium,True,True,False,0
135981,G06005700,Low,False,False,True,0
106042,G06005700,Medium,False,False,True,0
528635,G06002906,Medium,False,False,False,0
284127,G06000300,High,False,False,True,1
157721,G06001100,High,False,False,False,0
296576,G06001907,Low,False,False,True,0
66108,G06000300,Medium,False,False,False,0
365295,G06006103,High,False,False,True,0
246646,G06005700,Medium,False,False,False,0
409243,G06001700,High,False,False,False,0
225095,G06005700,High,False,False,False,0
411777,G06000300,High,False,False,False,0
409338,G06000300,High,False,False,False,0
247033,G06005700,Low,False,False,False,0
146898,G06000300,Low,False,False,False,0
224730,G06005700,Low,False,False,False,0
62550,G06000700,Medium,False,False,False,0
247057,G06001700,Low,True,True,False,0
458331,G06008900,Medium,False,False,False,0
364214,G06000300,Low,False,False,False,0
101373,G06001100,Medium,False,False,False,0
531396,G06003900,High,False,False,False,0
461122,G06001700,Medium,False,False,False,0
458507,G06001907,Medium,False,False,False,0
332207,G06000300,Medium,True,True,False,0
461398,G06000300,Low,False,False,False,0
206155,G06000300,High,False,False,False,0
173653,G06001700,Medium,False,False,False,0
410333,G06005700,Medium,False,False,False,0
410338,G06005700,Medium,False,False,False,0
303723,G06000300,Medium,False,False,False,0
309688,G06008900,Medium,False,False,False,0
347645,G06000300,Low,False,False,False,0
297719,G06005700,Medium,False,False,False,0
147686,G06001700,High,True,True,False,0
460608,G06000300,High,False,False,True,0
147783,G06003900,High,False,False,False,0
532800,G06001700,High,True,True,False,0
13137,G06000300,Medium,False,False,False,0
193071,G06003900,High,False,False,False,0
281215,G06000300,Medium,False,False,True,0
322194,G06000300,Low,True,True,False,0
193456,G06005700,Medium,False,False,False,0
134446,G06001100,High,False,False,False,0
462730,G06001700,Low,False,False,False,0
406391,G06005700,Low,False,False,False,0
406394,G06000300,Medium,True,True,False,0
348530,G06000300,Medium,False,False,False,0
507920,G06000300,Low,False,False,False,0
504516,G06005700,Low,False,False,False,0
413577,G06001700,Medium,False,False,False,0
262201,G06006103,High,False,False,False,0
237612,G06001700,High,False,False,False,0
462648,G06000300,Low,False,False,False,0
462927,G06000700,Low,False,False,False,0
507936,G06001100,Medium,True,True,True,0
309391,G06001100,High,False,False,False,0
346159,G06001700,High,True,True,False,0
164966,G06001700,Low,False,False,False,0
133044,G06005700,High,False,False,False,0
414316,G06001700,High,False,False,False,0
456874,G06003900,Medium,False,False,True,0
207338,G06005700,Low,False,False,False,0
247355,G06001907,High,False,False,False,0
365748,G06002906,High,False,False,False,0
461991,G06005700,Medium,False,False,False,0
407686,G06002906,Low,False,False,True,0
61971,G06005700,Medium,False,False,False,0
505129,G06001100,Medium,False,False,False,0
262499,G06001100,High,False,False,False,0
262551,G06001700,Low,False,False,False,0
332291,G06001700,High,False,False,False,0
533633,G06000300,High,True,True,False,0
182354,G06001700,Medium,False,False,False,0
61693,G06005700,Medium,False,False,False,0
530823,G06001700,High,False,False,True,0
32931,G06001700,Medium,False,False,True,0
14477,G06005700,Low,False,False,False,0
412820,G06000300,Low,False,False,False,0
407286,G06006103,High,False,False,False,0
407421,G06000300,High,False,False,False,1
32703,G06005700,Low,False,False,False,0
349927,G06001700,Low,True,True,False,0
265690,G06001700,Medium,False,False,False,0
501761,G06002906,High,False,False,False,0
276576,G06001100,High,False,False,False,0
89698,G06001100,Medium,False,False,False,0
183452,G06001700,Medium,False,False,True,0
249663,G06005700,High,False,False,False,0
276636,G06005700,High,False,False,False,0
53710,G06001700,High,True,True,False,0
359701,G06000300,High,False,False,False,0
89818,G06001700,High,False,False,False,0
112093,G06001700,Low,False,False,False,0
183458,G06001700,High,False,False,True,1
370865,G06008900,Medium,False,False,False,0
393523,G06005700,Medium,False,False,False,0
72347,G06001700,Low,False,False,False,0
6305,G06005700,Low,True,True,False,0
227247,G06001700,Medium,False,False,False,0
276259,G06001700,High,False,False,True,0
183484,G06000300,Low,False,False,False,0
342617,G06005700,Low,False,False,False,0
359457,G06006103,Low,False,False,False,0
286946,G06000300,Medium,True,True,False,1
63620,G06001700,Medium,False,False,True,0
164100,G06000300,Medium,False,False,False,0
210279,G06001700,Medium,False,False,False,0
472553,G06001700,Low,False,False,True,0
233872,G06001700,Low,False,False,False,1
267256,G06001700,Medium,False,False,True,0
36465,G06005700,Medium,True,True,True,0
90425,G06005700,Low,False,False,False,0
343561,G06005700,Low,False,False,False,0
449305,G06001700,High,False,False,True,0
351292,G06000300,Low,False,False,False,0
244693,G06005700,High,False,False,False,0
343184,G06005700,Medium,False,False,False,0
499093,G06005700,Low,False,False,False,0
370222,G06000300,Low,False,False,True,0
71829,G06001700,High,False,False,False,0
163886,G06000300,Low,False,False,False,0
202656,G06005700,Medium,False,False,False,0
391586,G06001700,Low,False,False,False,0
151813,G06000300,Low,False,False,False,0
513379,G06001700,High,True,True,False,0
179029,G06000700,High,False,False,True,0
287809,G06000300,Medium,False,False,False,0
88062,G06001700,Medium,False,False,False,0
288003,G06000300,High,True,True,False,0
268490,G06001100,High,False,False,False,0
26693,G06000300,High,True,True,False,0
391130,G06001100,Medium,False,False,False,0
295112,G06001700,High,True,True,False,0
542755,G06001700,Medium,False,False,False,0
37936,G06000300,Medium,True,True,False,0
211109,G06000700,Medium,False,False,False,0
114359,G06001100,Low,False,False,False,0
446116,G06006103,High,False,False,False,0
371583,G06000700,High,False,False,False,0
446160,G06001700,High,True,True,True,0
287764,G06006103,Medium,False,False,False,0
329391,G06000300,Medium,False,False,False,0
542131,G06005700,Low,False,False,False,0
447051,G06001907,High,False,False,False,0
172933,G06001100,Medium,False,False,False,0
359202,G06000700,Medium,False,False,False,0
6139,G06001100,High,False,False,False,0
113023,G06005700,High,False,False,False,0
425975,G06000300,Medium,False,False,False,0
475266,G06005700,Low,False,False,False,0
447751,G06001700,Low,False,False,False,0
425928,G06001700,Medium,False,False,False,0
113732,G06000300,Medium,False,False,False,0
524393,G06006103,High,False,False,False,0
88199,G06008900,High,False,False,False,0
352061,G06000700,High,False,False,False,0
497786,G06006103,High,False,False,False,0
446769,G06000300,High,True,True,False,0
160591,G06001700,Low,True,True,True,0
267219,G06005700,Medium,False,False,False,0
396065,G06000300,High,True,True,True,0
136598,G06000700,High,False,False,True,0
57188,G06001100,High,False,False,False,0
344708,G06000300,Medium,False,False,False,0
248743,G06006103,Low,False,False,True,0
216892,G06000300,Low,True,True,True,0
57375,G06006103,High,False,False,False,0
216918,G06000300,Medium,False,False,False,0
452480,G06003900,Medium,False,False,False,0
452486,G06002906,High,False,False,False,0
136673,G06001700,High,True,True,False,0
527318,G06001700,High,True,True,True,0
260026,G06001700,Low,False,False,False,0
500844,G06006103,Medium,True,True,False,0
108738,G06000300,High,False,False,False,0
451853,G06006103,Medium,False,False,False,0
469519,G06001907,Low,False,False,False,0
350210,G06000300,Medium,False,False,False,0
145386,G06001700,Low,False,False,False,0
418838,G06003900,Medium,False,False,False,0
248540,G06000300,Medium,True,True,False,0
234773,G06000300,Medium,False,False,True,0
501646,G06000300,Medium,False,False,False,0
178382,G06008900,Low,False,False,False,0
453019,G06000300,Low,False,False,False,0
361854,G06005700,Low,False,False,False,0
57729,G06008900,High,False,False,False,0
94017,G06001700,High,False,False,False,0
278694,G06005700,Low,False,False,True,0
9395,G06005700,Medium,False,False,False,0
69120,G06006103,Low,False,False,False,0
368178,G06000300,Medium,False,False,False,0
16420,G06000300,High,True,True,False,0
57529,G06008900,Medium,False,False,False,0
69076,G06000300,High,False,False,False,0
93429,G06005700,High,False,False,False,0
190393,G06000300,Low,True,True,False,0
468411,G06000300,Medium,False,False,False,0
527881,G06000300,High,False,False,False,0
50937,G06000300,Low,False,False,False,0
216778,G06008900,Medium,False,False,False,0
259928,G06001700,Low,False,False,False,0
422501,G06001700,Low,True,True,False,0
36006,G06000300,Medium,True,True,False,0
450372,G06005700,High,False,False,False,0
471149,G06000300,High,False,False,False,0
397409,G06001700,Low,False,False,False,0
178638,G06005700,High,False,False,False,0
71117,G06000300,High,False,False,False,1
396121,G06002906,Medium,False,False,False,0
27890,G06005700,Low,False,False,False,0
181064,G06000300,Medium,True,True,False,0
526283,G06001700,High,False,False,False,0
55377,G06005700,High,False,False,False,0
369520,G06002906,High,False,False,False,0
499716,G06000300,High,True,True,True,0
7560,G06000300,High,False,False,False,0
450592,G06005700,Low,False,False,False,0
296042,G06006103,High,False,False,False,0
420854,G06006103,Medium,False,False,False,0
245200,G06001700,Low,False,False,False,0
451581,G06008900,High,False,False,False,0
149932,G06005700,High,False,False,False,0
470109,G06000300,High,True,True,False,1
344351,G06000300,Low,False,False,False,0
469898,G06001700,High,False,False,False,0
368994,G06000700,Low,False,False,False,0
109114,G06000300,Low,False,False,False,0
539196,G06001907,High,False,False,False,0
296004,G06000700,High,True,True,False,0
451103,G06000300,Medium,False,False,False,0
397887,G06000300,Medium,False,False,False,0
470612,G06000300,Low,True,True,False,0
421452,G06008900,Medium,False,False,False,0
157061,G06000300,High,False,False,False,0
538957,G06001700,Medium,False,False,True,0
421025,G06001100,Low,False,False,False,0
