building_id,puma20,income_category,assigned_pv,assigned_battery,assigned_ev,assigned_hp
23895,G06008303,High,False,False,False,0
144106,G06008303,Low,False,False,False,0
130603,G06008303,Low,False,False,False,0
466496,G06003760,Medium,False,False,False,0
293440,G06003760,High,True,True,False,0
340137,G06005925,High,True,True,False,1
340024,G06005918,Low,False,False,False,0
466507,G06003768,High,False,False,False,0
29595,G06005918,High,False,False,True,1
16935,G06003761,Low,False,False,False,0
340692,G06003766,Low,False,False,False,0
340656,G06003760,High,False,False,False,0
527019,G06003761,Medium,False,False,False,0
340636,G06005912,High,True,True,True,0
340598,G06005914,Low,False,False,False,0
237221,G06003760,High,False,False,False,0
340139,G06003760,High,False,False,False,0
260792,G06005925,High,False,False,False,0
237137,G06008303,Medium,False,False,True,0
401723,G06003760,Medium,False,False,False,0
224724,G06005908,High,False,False,False,0
509777,G06005918,Medium,True,True,False,0
29540,G06011104,High,False,False,False,0
401794,G06011109,Medium,False,False,False,0
466549,G06011102,Low,False,False,False,0
340186,G06005914,Medium,False,False,False,0
401713,G06008303,Medium,False,False,False,1
266491,G06005914,Low,False,False,False,0
184370,G06011104,High,False,False,False,0
411971,G06003779,Low,True,True,False,0
338905,G06003780,Low,False,False,True,0
17160,G06011104,Medium,False,False,False,0
294228,G06005925,High,True,True,False,0
73808,G06003780,High,False,False,False,0
153444,G06005925,Medium,False,False,False,1
445421,G06011103,Low,False,False,False,0
153414,G06005918,High,False,False,False,0
338982,G06003768,High,True,True,False,1
98385,G06003761,High,False,False,True,0
29249,G06011104,High,False,False,False,0
339081,G06005925,High,False,False,False,0
73875,G06003779,High,False,False,False,0
445453,G06003762,Low,True,True,False,0
338649,G06003766,Medium,False,False,False,0
294411,G06003774,Medium,False,False,False,0
510438,G06008303,High,False,False,False,0
29145,G06011104,High,False,False,False,0
294410,G06011103,High,False,False,False,0
212471,G06003779,Low,False,False,False,0
402027,G06003760,High,True,True,False,0
294409,G06005918,Low,False,False,False,0
338498,G06005913,High,False,False,False,0
338582,G06003760,Medium,False,False,False,0
445459,G06005925,High,False,False,False,1
510271,G06005918,Medium,False,False,False,0
526674,G06003768,High,False,False,False,0
510229,G06005914,Medium,False,False,False,0
412035,G06011104,High,False,False,False,0
293754,G06003780,Low,False,False,False,0
17030,G06011103,High,False,False,False,0
466432,G06005925,Low,False,False,True,1
339852,G06011103,High,False,False,False,0
339868,G06011102,Low,False,False,False,0
339885,G06005925,High,False,False,False,0
339951,G06005914,Low,True,True,False,0
237008,G06003780,Low,False,False,False,0
445253,G06011103,Medium,True,True,False,0
479153,G06003780,Medium,False,False,False,0
106484,G06005912,High,False,False,False,0
339255,G06005914,High,False,False,False,0
510150,G06003762,High,False,False,False,0
153214,G06005912,High,False,False,False,0
153207,G06011103,High,True,True,False,0
510136,G06011103,Medium,False,False,False,0
236901,G06003766,Medium,False,False,False,0
73962,G06011103,Low,False,False,True,0
153168,G06003760,Medium,False,False,False,0
546894,G06011103,Medium,False,False,False,0
46784,G06005925,Medium,False,False,False,0
17037,G06005925,Medium,True,True,True,0
208345,G06003780,High,False,False,False,0
509714,G06003760,High,False,False,False,0
46629,G06005925,High,False,False,False,1
546689,G06003774,Low,False,False,True,0
16701,G06003780,Medium,False,False,False,0
508810,G06003779,Medium,False,False,False,0
292357,G06005925,Medium,False,False,True,0
479053,G06005912,Low,False,False,False,0
546600,G06005913,Medium,False,False,True,0
342806,G06008303,Medium,False,False,False,0
508635,G06011104,Low,False,False,False,0
16692,G06003761,Medium,False,False,False,0
150776,G06003774,Medium,False,False,False,0
412383,G06008303,High,False,False,False,1
237866,G06011103,Medium,False,False,False,0
343126,G06003762,Medium,False,False,False,0
208018,G06005918,High,False,False,False,0
546578,G06011103,High,False,False,False,0
343140,G06003768,High,True,True,False,0
150952,G06003761,High,True,True,False,0
443778,G06008303,Medium,True,True,False,0
466848,G06003766,Medium,False,False,False,0
342524,G06003768,Low,False,False,True,0
208118,G06011103,Low,False,False,False,0
538343,G06008303,Medium,False,False,False,0
342571,G06005912,High,False,False,False,0
342774,G06003779,Medium,False,False,False,0
237704,G06003760,Medium,False,False,False,0
58627,G06011104,High,True,True,True,0
151032,G06005918,High,True,True,False,0
508916,G06003766,High,False,False,False,0
74956,G06005912,Medium,False,False,False,0
342751,G06008303,High,False,False,False,0
479044,G06005912,Low,False,False,False,0
292272,G06005927,Medium,False,False,False,0
292114,G06003762,High,False,False,False,0
443270,G06003766,High,False,False,False,0
150297,G06005918,Medium,False,False,False,0
467231,G06005912,High,False,False,False,0
238105,G06003779,High,False,False,False,0
185980,G06003768,Medium,False,False,False,0
412591,G06003766,Medium,False,False,False,0
343850,G06011109,High,False,False,False,0
343916,G06011104,High,False,False,False,0
107202,G06003779,High,True,True,True,0
186002,G06003780,Low,False,False,False,0
30583,G06003760,Medium,False,False,False,0
546469,G06011104,Low,False,False,False,0
207933,G06003780,Medium,True,True,False,0
58401,G06005914,Medium,False,False,True,0
292191,G06003763,High,False,False,True,0
224305,G06005912,High,False,False,False,0
292170,G06005925,Medium,True,True,False,0
150561,G06008303,High,False,False,True,0
443371,G06008303,Medium,False,False,False,0
467026,G06005914,High,False,False,False,0
150492,G06003760,High,False,False,False,0
484440,G06003768,High,False,False,False,0
185930,G06003761,High,False,False,False,0
343620,G06011109,High,False,False,False,0
412479,G06003780,Medium,False,False,False,0
401002,G06003760,High,False,False,False,0
261218,G06005925,High,False,False,False,0
98170,G06003774,Low,False,False,False,0
509648,G06008303,Low,False,False,False,0
208123,G06003760,Low,True,True,True,0
106855,G06005925,Medium,False,False,False,0
237599,G06005914,High,False,False,False,0
185143,G06005918,High,True,True,True,0
152036,G06003766,High,False,False,True,0
527110,G06003760,Low,False,False,False,0
445623,G06005918,Medium,True,True,False,0
2230,G06003779,Medium,False,False,False,1
185129,G06005914,High,False,False,True,0
151981,G06005914,Low,False,False,True,0
341547,G06003766,High,False,False,False,0
444334,G06003768,Low,False,False,False,0
509492,G06003763,High,False,False,False,0
509461,G06003766,Low,False,False,False,0
46621,G06003780,Medium,False,False,False,0
444320,G06005918,Medium,False,False,False,0
151978,G06003760,Low,False,False,True,0
185170,G06005912,High,False,False,False,0
509602,G06005908,High,False,False,False,0
444526,G06011109,Low,True,True,True,0
152249,G06003760,Low,False,False,False,0
340930,G06005918,High,False,False,False,0
412148,G06005925,Medium,False,False,False,0
340953,G06005914,Low,True,True,False,0
509640,G06003779,High,False,False,False,0
74438,G06011103,Medium,False,False,False,0
74439,G06008303,High,False,False,False,0
152163,G06011104,High,False,False,False,0
106650,G06003780,Low,True,True,False,0
479103,G06003760,Medium,False,False,False,0
106666,G06005925,High,False,False,True,0
152087,G06003761,High,False,False,False,0
527070,G06005918,Medium,False,False,False,0
293037,G06011103,Medium,False,False,False,0
546633,G06005918,Low,False,False,False,0
509175,G06003780,Medium,False,False,False,0
444067,G06005914,Medium,False,False,False,0
50062,G06005925,Medium,False,False,True,0
342166,G06005914,Medium,False,False,False,0
401425,G06003760,High,False,False,False,0
30154,G06008303,Medium,False,False,False,0
2248,G06005925,Medium,False,False,False,0
292621,G06005918,High,False,False,False,0
98191,G06003760,Medium,False,False,False,1
185603,G06005908,High,True,True,True,0
261031,G06005925,High,False,False,False,0
342104,G06005925,Low,False,False,True,0
292646,G06003760,Low,False,False,False,0
224519,G06003760,Low,False,False,False,0
341724,G06005908,High,False,False,False,1
237645,G06003768,Medium,False,False,False,0
341912,G06005918,Low,False,False,False,0
106769,G06003760,High,False,False,False,0
292831,G06011103,High,False,False,True,0
509339,G06003779,Medium,False,False,False,0
341922,G06003779,High,False,False,False,0
292751,G06005914,Medium,True,True,False,0
237664,G06011103,High,True,True,False,0
341945,G06005925,Low,False,False,False,0
342058,G06003763,Low,False,False,False,0
29109,G06003779,Low,True,True,False,0
153873,G06011103,Medium,True,True,True,0
465622,G06003761,High,False,False,False,0
156659,G06003760,High,True,True,False,0
334304,G06005918,Medium,True,True,False,0
225417,G06008303,Medium,False,False,False,0
47225,G06003760,Medium,False,False,False,0
411407,G06011103,Low,False,False,False,0
235967,G06011109,Low,False,False,True,0
182947,G06011104,Medium,False,False,False,0
296583,G06011104,Medium,False,False,False,0
72544,G06005908,Medium,False,False,False,0
547127,G06005925,High,False,False,False,1
260084,G06005914,Low,False,False,True,0
447879,G06005918,Medium,False,False,False,0
296694,G06011103,Medium,False,False,True,0
59882,G06003760,High,False,False,False,0
156941,G06005912,High,False,False,False,1
156903,G06005918,High,False,False,False,0
511807,G06005925,Medium,False,False,False,0
72341,G06005914,Medium,False,False,True,0
334039,G06005925,Low,False,False,False,0
334044,G06003780,High,False,False,False,0
334059,G06011103,Low,False,False,False,0
465548,G06011109,Low,False,False,False,0
465555,G06005914,High,False,False,False,0
72359,G06011103,Medium,False,False,False,0
465573,G06003774,High,False,False,False,0
333960,G06005918,Medium,False,False,False,0
156558,G06003766,Medium,False,False,False,0
17707,G06005912,High,False,False,False,0
59580,G06005912,High,False,False,False,0
334859,G06005914,Medium,True,True,False,0
334862,G06008303,Low,False,False,False,0
447194,G06003761,Medium,False,False,False,0
334886,G06011103,High,False,False,True,0
260200,G06008303,Medium,False,False,False,0
334898,G06011103,Low,False,False,False,0
155924,G06005914,High,False,False,False,0
526226,G06005925,High,True,True,False,0
334904,G06005914,High,False,False,True,0
47154,G06008303,Medium,False,False,False,0
334928,G06008303,High,False,False,False,0
296006,G06003768,High,False,False,True,0
156555,G06003761,High,False,False,False,0
411442,G06003779,High,False,False,False,0
156134,G06003761,High,False,False,False,0
235995,G06011103,Medium,False,False,False,0
156525,G06011103,Low,False,False,False,1
334439,G06003760,Low,False,False,False,0
72587,G06003766,High,False,False,False,0
17690,G06005925,High,False,False,False,1
465723,G06005914,Low,False,False,False,0
334544,G06008303,Medium,False,False,False,0
296143,G06003760,Medium,True,True,False,0
72683,G06005925,Medium,False,False,False,0
156233,G06005912,Low,False,False,False,0
156163,G06003779,High,False,False,False,0
411332,G06005918,Low,False,False,True,0
465547,G06003780,Medium,False,False,True,0
235444,G06005914,High,False,False,False,0
525727,G06011104,Medium,False,False,False,0
158003,G06003780,High,False,False,False,0
332967,G06003780,High,False,False,False,0
72002,G06003774,High,False,False,False,1
332981,G06003760,High,False,False,False,0
547258,G06005908,High,False,False,False,0
72037,G06008303,Medium,False,False,True,0
157839,G06011102,Low,False,False,False,0
333059,G06003768,Medium,False,False,True,0
157812,G06005914,Low,False,False,False,0
512344,G06005912,Medium,False,False,False,0
158026,G06011109,High,False,False,False,0
182219,G06005914,Medium,False,False,False,0
182130,G06003768,High,False,False,True,0
411191,G06003766,High,False,False,False,1
448446,G06005925,High,False,False,False,1
332849,G06003779,Low,False,False,True,0
525717,G06005918,Low,False,False,False,0
71866,G06003780,Low,False,False,False,0
49831,G06003766,Low,False,False,False,0
297535,G06011109,Medium,False,False,False,0
483178,G06003760,High,False,False,False,0
158101,G06005918,Medium,False,False,False,0
465255,G06005918,Low,False,False,False,0
448386,G06008303,High,True,True,False,0
235438,G06005914,Medium,False,False,False,0
297482,G06005925,High,False,False,False,0
403220,G06003761,High,False,False,False,0
235787,G06005925,High,True,True,False,0
297291,G06011109,High,False,False,False,0
225580,G06005925,High,False,False,True,0
448158,G06005918,High,True,True,False,0
540450,G06003779,High,False,False,False,0
333666,G06003762,Low,True,True,True,0
465415,G06011104,Medium,False,False,False,0
333747,G06005918,Medium,False,False,False,0
296965,G06003768,Medium,False,False,False,0
235715,G06005914,Medium,False,False,False,0
447956,G06011102,High,False,False,True,0
511873,G06005918,High,False,False,False,1
333895,G06005918,High,False,False,False,0
209098,G06011102,Low,False,False,False,0
333902,G06011102,High,False,False,False,0
72141,G06011104,Medium,False,False,False,0
157735,G06003780,Low,False,False,False,0
512001,G06005912,High,True,True,False,1
512004,G06011104,Low,True,True,False,0
333148,G06011104,High,False,False,True,0
105446,G06003760,Low,False,False,False,0
259987,G06003774,Low,False,False,False,0
182416,G06005918,High,False,False,False,0
448239,G06011109,High,True,True,False,0
333396,G06003774,High,True,True,True,0
17904,G06003761,Low,True,True,True,0
72123,G06003760,Low,False,False,False,0
333502,G06003768,High,False,False,False,0
525903,G06005914,Medium,False,False,False,0
27768,G06005914,Low,False,False,False,0
334954,G06003766,Low,False,False,True,0
236198,G06003768,High,False,False,False,0
17397,G06005918,Medium,False,False,False,1
28774,G06003761,Medium,False,False,False,0
154459,G06008303,High,False,False,False,0
184016,G06003760,Low,False,False,False,0
547029,G06011103,Medium,False,False,False,0
466033,G06003780,High,False,False,False,0
294805,G06003760,Medium,False,False,True,0
337310,G06003760,High,False,False,False,0
546997,G06011109,High,False,False,False,0
294742,G06003768,High,True,True,False,0
225055,G06005918,Low,False,False,False,0
446206,G06003774,High,False,False,False,0
236514,G06005925,Medium,False,False,True,0
154561,G06003768,Low,True,True,False,0
260503,G06008303,High,False,False,False,0
336733,G06003768,Medium,False,False,True,0
336773,G06003779,Medium,False,False,True,0
183741,G06008303,Medium,False,False,False,0
295043,G06011109,Medium,False,False,False,0
336938,G06003763,Low,False,False,True,0
337070,G06005912,Medium,False,False,False,0
260500,G06005912,High,True,True,True,0
337080,G06003774,High,False,False,False,0
294988,G06008303,Medium,False,False,False,0
154568,G06005912,High,False,False,False,0
294983,G06011103,Low,False,False,False,0
466004,G06003762,Low,False,False,False,0
106122,G06003760,Low,True,True,False,0
445989,G06008303,Medium,True,True,False,0
483906,G06003766,High,False,False,False,0
402162,G06011103,High,True,True,False,0
236627,G06003760,Medium,False,False,False,0
28971,G06003760,Medium,False,False,False,0
526598,G06003779,Medium,False,False,False,0
445793,G06005925,High,False,False,False,0
184247,G06003779,High,False,False,True,0
224976,G06011109,High,False,False,False,0
73698,G06005918,Medium,False,False,False,0
260581,G06003760,High,False,False,False,0
338036,G06003780,High,False,False,False,0
546962,G06003760,Low,False,False,True,0
73595,G06005914,Low,False,False,False,0
212449,G06005925,Low,False,False,True,0
337725,G06005914,Medium,True,True,True,0
510756,G06003761,High,False,False,False,0
184146,G06003779,Medium,True,True,False,0
184153,G06011102,High,True,True,False,0
526549,G06003768,Medium,False,False,True,0
483921,G06005912,High,False,False,False,0
17323,G06005912,High,False,False,False,0
337617,G06005916,High,False,False,False,0
73580,G06011104,High,False,False,False,0
28916,G06005926,High,False,False,False,0
208636,G06011104,High,False,False,False,0
292028,G06005925,High,True,True,False,0
225004,G06003761,Low,False,False,False,0
154120,G06005925,Medium,False,False,True,0
154805,G06011104,High,False,False,False,0
154810,G06005925,High,False,False,False,0
155546,G06003762,Medium,False,False,False,0
155526,G06003768,Medium,False,False,False,0
72928,G06003779,Low,False,False,False,0
183353,G06005927,High,False,False,False,0
335552,G06003760,Low,False,False,False,0
72936,G06005918,Low,False,False,False,0
335599,G06005914,High,False,False,False,0
105970,G06005918,High,False,False,False,0
446665,G06003760,High,False,False,False,0
155581,G06005912,High,False,False,False,0
236204,G06005925,Low,False,False,False,1
479290,G06005914,High,False,False,False,0
295744,G06003761,High,False,False,False,0
183269,G06003762,High,False,False,False,0
72836,G06003780,High,False,False,False,0
411541,G06003768,High,False,False,False,0
335275,G06008303,High,False,False,False,0
335305,G06005914,Low,False,False,False,0
335344,G06003761,High,False,False,False,0
155647,G06003762,Medium,False,False,False,0
483684,G06005918,High,False,False,False,1
17502,G06003779,Medium,False,False,False,0
183450,G06011102,High,True,True,True,0
236261,G06011104,Medium,False,False,False,0
73191,G06005908,High,True,True,False,0
155031,G06003762,High,False,False,False,0
236273,G06003762,High,False,False,True,0
59381,G06005912,Medium,False,False,False,0
73245,G06008303,Low,False,False,False,0
73265,G06005914,Medium,False,False,False,0
225147,G06008303,High,False,False,False,0
255086,G06003760,High,False,False,False,0
526484,G06011104,Low,False,False,False,0
183678,G06005927,Low,False,False,True,0
446402,G06011102,High,False,False,False,0
1930,G06003768,High,False,False,False,0
155088,G06005918,High,False,False,False,0
59394,G06005914,Medium,False,False,False,0
28521,G06003761,Medium,False,False,False,1
335840,G06005914,Medium,True,True,False,0
17498,G06011102,High,False,False,False,0
73046,G06003779,High,False,False,False,0
336107,G06003768,Low,False,False,False,0
402367,G06003768,High,False,False,False,1
336384,G06003760,Medium,False,False,False,0
155142,G06003766,Medium,False,False,False,0
73092,G06005918,Medium,False,False,False,0
225221,G06011103,High,False,False,False,0
73139,G06003774,High,True,True,False,0
73062,G06011104,Medium,True,True,False,0
343981,G06011104,High,False,False,False,0
291724,G06003760,High,False,False,False,0
150074,G06005914,Low,False,False,False,0
438554,G06005914,High,False,False,True,0
144788,G06005925,High,True,True,False,0
528641,G06011104,Low,False,False,False,0
78888,G06003780,Medium,False,False,False,0
78896,G06008303,High,False,False,False,0
222623,G06005908,High,False,False,False,0
504662,G06003766,Medium,False,False,False,0
45699,G06003760,Low,False,False,False,0
351184,G06011103,High,False,False,False,0
222593,G06005914,High,False,False,False,0
504558,G06005914,Medium,False,False,True,0
254292,G06003760,High,False,False,False,0
504695,G06011104,Low,False,False,True,0
262162,G06003766,Medium,False,False,False,0
540927,G06011103,Medium,False,False,False,0
97334,G06003762,Medium,False,False,False,1
350742,G06003762,Medium,True,True,False,0
438937,G06011104,Medium,False,False,False,0
108569,G06003768,High,True,True,False,0
399219,G06011102,High,False,False,False,0
254352,G06011104,Low,True,True,False,0
144860,G06003766,High,True,True,True,0
57368,G06005914,Medium,True,True,False,0
438583,G06011103,High,False,False,False,0
9276,G06008303,Low,False,False,False,0
254337,G06003760,High,False,False,False,0
504756,G06005914,High,False,False,False,0
528587,G06003766,Low,False,False,False,0
57311,G06003761,Medium,False,False,False,0
351257,G06003762,Low,False,False,True,0
9297,G06003774,Medium,False,False,False,0
57265,G06005925,High,False,False,False,0
438140,G06003760,Low,True,True,False,0
254255,G06005914,Medium,False,False,False,0
351584,G06005918,Low,False,False,False,0
50343,G06005918,Low,False,False,False,0
189338,G06005918,Medium,False,False,False,0
438040,G06005918,Medium,False,False,False,0
57239,G06005913,Low,False,False,False,0
108761,G06005912,High,False,False,False,0
351657,G06003766,Low,False,False,False,0
144099,G06008303,Medium,False,False,True,0
286221,G06003780,High,False,False,False,0
287106,G06011104,High,False,False,False,0
351428,G06005914,Medium,False,False,False,0
144565,G06005925,High,False,False,False,0
240255,G06011109,Medium,False,False,False,0
351308,G06003760,High,False,False,True,0
413646,G06005914,High,True,True,False,0
207163,G06011103,High,False,False,False,0
79052,G06003760,High,False,False,False,0
254286,G06011104,High,False,False,False,0
262180,G06005908,High,False,False,True,0
240266,G06005918,High,False,False,False,0
438292,G06005912,High,True,True,True,0
222517,G06005925,High,False,False,False,0
79127,G06003779,High,False,False,False,0
438193,G06005914,Medium,False,False,False,0
189265,G06008303,Medium,False,False,False,0
545870,G06003780,Medium,True,True,False,0
468752,G06005925,High,False,False,True,0
413372,G06003760,High,False,False,False,0
32556,G06005918,High,False,False,False,0
399485,G06003762,Low,False,False,True,0
528446,G06005925,High,False,False,False,0
78164,G06003779,Medium,False,False,False,0
485391,G06008303,Medium,False,False,False,0
287792,G06005912,High,False,False,False,0
349806,G06005914,High,False,False,False,0
188531,G06011102,High,False,False,True,0
399443,G06003766,High,False,False,False,0
505405,G06008303,High,False,False,False,0
188535,G06005925,High,False,False,False,0
145484,G06008303,Medium,False,False,True,0
145642,G06011104,Low,False,False,False,0
399435,G06005918,High,False,False,False,0
349764,G06005914,High,True,True,False,0
349379,G06005925,High,False,False,False,0
239682,G06003774,Low,False,False,True,0
485380,G06005918,Medium,False,False,False,0
287983,G06003780,Medium,False,False,False,0
239713,G06011107,High,False,False,False,0
78045,G06005916,High,False,False,True,0
145893,G06005914,Low,False,False,False,0
32508,G06011104,High,False,False,False,0
261908,G06011103,Medium,False,False,True,0
413259,G06008303,Low,False,False,False,0
32518,G06003760,Medium,False,False,False,0
349752,G06011109,Medium,False,False,False,0
222923,G06005924,High,False,False,False,0
144058,G06003768,Medium,True,True,False,0
439431,G06003766,Medium,False,False,False,0
350451,G06003761,High,False,False,False,0
145206,G06005912,High,False,False,False,0
485479,G06005908,Low,False,False,False,0
145164,G06003780,Medium,False,False,False,0
57452,G06003761,High,False,False,False,0
97376,G06003766,High,False,False,False,0
287327,G06008303,Medium,False,False,False,0
528500,G06003761,Medium,False,False,False,0
57451,G06005912,Medium,False,False,False,0
78663,G06003762,High,False,False,False,0
287244,G06003763,High,False,False,True,0
438984,G06003779,Low,False,False,False,0
207353,G06011103,Medium,False,False,False,0
399338,G06005914,Low,False,False,True,0
222881,G06011104,Low,False,False,False,0
468551,G06005918,Low,False,False,False,0
108444,G06011104,High,False,False,False,0
439318,G06011102,High,False,False,False,0
254392,G06005925,Medium,False,False,False,0
439307,G06003774,Medium,False,False,False,0
505020,G06003780,High,False,False,False,0
145322,G06008303,High,False,False,False,0
350248,G06005914,Medium,False,False,False,0
239926,G06003774,Medium,False,False,True,0
504897,G06011104,Low,False,False,False,0
287407,G06003768,High,False,False,False,0
537918,G06011104,Low,True,True,False,0
399357,G06005918,Low,True,True,False,0
239979,G06005925,High,False,False,False,0
33125,G06011104,High,False,False,False,0
240423,G06008303,Low,False,False,False,0
15371,G06003779,Low,False,False,False,0
537760,G06008303,Medium,True,True,False,0
142785,G06005918,Medium,True,True,False,0
437380,G06003774,Low,False,False,False,0
206980,G06011104,High,False,False,False,0
353422,G06005913,High,False,False,False,0
353425,G06003768,High,False,False,True,0
3315,G06008303,High,False,False,False,0
503569,G06011104,High,False,False,False,0
285302,G06003779,Medium,False,False,False,0
437313,G06011103,Low,False,False,False,0
545552,G06005925,Medium,False,False,False,0
79947,G06003760,Low,False,False,False,0
79949,G06003761,High,False,False,False,0
285293,G06003779,High,False,False,False,0
503600,G06005914,Low,True,True,True,0
398517,G06003760,High,False,False,False,0
353124,G06005914,Medium,False,False,False,0
285539,G06011103,Low,False,False,False,0
142992,G06011104,High,False,False,False,0
142990,G06011103,Medium,False,False,False,0
253927,G06005914,Low,False,False,False,0
437449,G06003768,High,False,False,False,0
353211,G06011103,Medium,False,False,False,0
503622,G06005912,Medium,False,False,False,0
437422,G06011102,Medium,True,True,False,0
33538,G06003768,High,True,True,False,0
537771,G06011107,High,False,False,False,0
503617,G06003762,High,True,True,False,0
353323,G06003768,Low,True,True,False,0
437411,G06003766,High,False,False,False,0
189785,G06011104,Low,True,True,False,0
503473,G06011103,Medium,False,False,False,0
80103,G06003779,Low,False,False,False,0
469506,G06003761,Medium,False,False,False,1
190001,G06003762,High,False,False,True,0
109220,G06011103,Low,True,True,True,0
503239,G06005912,High,False,False,False,0
3371,G06005918,Low,False,False,False,0
253810,G06005925,High,True,True,False,0
80206,G06008303,Medium,False,False,False,0
240773,G06005914,High,True,True,False,0
240861,G06003761,Medium,True,True,True,0
142165,G06005925,High,True,True,False,0
353525,G06008303,Low,False,False,False,0
56956,G06005908,High,True,True,True,0
398413,G06005918,High,False,False,False,0
437183,G06011104,Medium,False,False,False,0
485781,G06003774,Low,False,False,False,0
80054,G06003762,Medium,True,True,False,0
222212,G06011103,High,False,False,False,0
80073,G06003760,Medium,False,False,False,0
437102,G06003780,Medium,False,False,False,0
189959,G06003760,High,False,False,False,0
503405,G06011104,High,False,False,False,0
80087,G06008303,Low,False,False,False,0
142359,G06003761,High,True,True,False,0
9172,G06005925,Low,False,False,False,0
540964,G06011109,High,False,False,False,0
353064,G06011103,Medium,True,True,False,0
143803,G06003760,Medium,True,True,False,0
413734,G06008303,Medium,False,False,False,0
504220,G06008303,High,False,False,False,0
262198,G06005918,High,False,False,True,0
79452,G06005914,Medium,False,False,False,0
57131,G06003760,Medium,False,False,False,0
143682,G06003762,Medium,False,False,False,0
45624,G06003780,Medium,True,True,False,0
57125,G06005914,High,True,True,True,0
240478,G06005925,Low,False,False,False,0
45619,G06011103,High,False,False,False,0
504046,G06005925,Medium,False,False,False,0
437704,G06008303,High,False,False,False,0
437924,G06005914,Low,True,True,False,0
437933,G06003780,Low,False,False,True,0
469013,G06011109,High,False,False,False,0
33128,G06008303,High,False,False,False,0
398945,G06008303,High,True,True,False,0
212961,G06011103,High,False,False,False,0
108810,G06003779,High,True,True,False,0
33197,G06005925,Medium,False,False,False,0
143964,G06003768,Medium,True,True,False,0
437939,G06003780,Medium,False,False,False,0
504307,G06008303,Medium,False,False,False,0
45632,G06003762,High,False,False,False,0
189491,G06011103,Low,False,False,False,1
469104,G06011103,Low,False,False,False,0
240482,G06005912,High,False,False,False,0
240513,G06008303,High,False,False,False,1
285662,G06005925,Low,True,True,False,0
352739,G06003774,Medium,False,False,False,0
437575,G06003761,High,False,False,False,0
253957,G06011103,High,False,False,False,0
143227,G06003761,Medium,False,False,False,0
189752,G06003779,Medium,True,True,False,0
352922,G06003780,Medium,False,False,False,0
352943,G06003766,Medium,False,False,False,0
143143,G06003780,Low,False,False,False,0
143334,G06011104,Low,False,False,False,0
352446,G06005925,High,False,False,False,0
437612,G06008303,Medium,False,False,False,0
503842,G06008303,High,False,False,False,0
437657,G06003768,Medium,False,False,False,0
79606,G06005925,Medium,True,True,False,0
253996,G06003766,Medium,False,False,False,0
207088,G06011104,Medium,False,False,False,0
143514,G06011103,High,False,False,False,0
285854,G06003774,Medium,True,True,False,0
15408,G06011104,Low,False,False,True,0
240484,G06003760,High,True,True,False,0
352685,G06003768,Low,False,False,False,0
285714,G06003779,High,True,True,False,1
79673,G06003780,Low,False,False,False,0
33390,G06005914,High,False,False,False,0
503832,G06005925,Medium,False,False,False,0
15905,G06005913,High,True,True,False,0
76284,G06011104,High,False,False,False,0
58059,G06005914,High,False,False,False,0
527849,G06008303,Medium,False,False,False,0
223831,G06011103,Medium,False,False,False,0
345871,G06005914,High,False,False,False,0
400501,G06005908,High,True,True,False,0
441893,G06011102,Medium,False,False,False,0
441843,G06011109,High,False,False,False,0
57983,G06005914,High,False,False,False,0
238630,G06011104,Low,False,False,False,0
261517,G06011103,High,False,False,False,0
546257,G06003760,High,False,False,False,0
346046,G06003779,Low,False,False,False,0
238433,G06011107,High,False,False,False,0
546272,G06005918,Low,False,False,False,0
507570,G06011104,Medium,False,False,False,0
186753,G06011103,Low,False,False,False,0
345298,G06003779,Medium,True,True,False,0
58112,G06008303,High,False,False,False,0
290861,G06003779,High,False,False,False,0
76192,G06003780,Low,False,False,False,0
290839,G06005925,Medium,False,False,False,0
442113,G06008303,High,False,False,False,0
290693,G06003779,High,False,False,False,0
238413,G06003780,Low,True,True,True,0
148949,G06003766,Medium,False,False,False,0
76261,G06003780,Low,False,False,False,0
31147,G06003780,Low,False,False,False,0
31148,G06008303,High,False,False,False,0
412920,G06005925,High,False,False,False,0
346098,G06011103,Medium,False,False,False,0
346547,G06003768,High,False,False,False,0
76689,G06008303,High,False,False,False,0
506865,G06005914,Low,False,False,False,0
467947,G06003761,Low,False,False,False,1
107735,G06005914,Low,False,False,False,0
290069,G06003768,Low,False,False,False,0
187225,G06005914,Medium,False,False,True,0
207580,G06003761,Medium,False,False,False,0
212763,G06011103,High,False,False,False,0
346733,G06005918,High,False,False,True,0
107766,G06011104,High,False,False,False,0
546201,G06011104,High,False,False,True,0
31551,G06003760,Medium,False,False,False,0
484749,G06005908,Medium,True,True,True,0
57907,G06003774,Medium,True,True,False,0
346387,G06011109,Low,False,False,True,0
441668,G06003760,Medium,False,False,False,0
57927,G06003780,Medium,False,False,False,0
261529,G06005912,Medium,True,True,False,0
187033,G06003760,Medium,False,False,False,0
346248,G06005912,High,True,True,False,0
467803,G06005927,Medium,False,False,False,0
400321,G06011109,High,False,False,False,0
148541,G06003779,Low,False,False,False,0
400309,G06005927,High,False,False,False,0
148498,G06005914,High,False,False,False,0
346298,G06008303,Medium,False,False,False,0
546232,G06005914,High,False,False,False,0
527950,G06011104,High,False,False,False,0
207599,G06011103,Medium,False,False,False,0
441484,G06003761,High,False,False,False,0
400245,G06003780,Medium,False,False,False,0
346352,G06005925,Medium,False,False,False,0
223734,G06011109,High,False,False,False,1
291758,G06003760,High,False,False,False,0
546376,G06011102,Low,False,False,False,0
527574,G06003779,High,False,False,False,0
149787,G06005925,High,False,False,False,0
344681,G06003766,High,False,False,False,0
546351,G06011109,High,False,False,False,0
149717,G06005926,High,False,False,False,0
75660,G06008303,Medium,False,False,True,0
412632,G06005925,High,False,False,False,1
484590,G06003766,High,False,False,False,0
507783,G06005925,High,False,False,False,0
344763,G06003779,High,False,False,False,0
344771,G06005918,High,False,False,False,0
97943,G06003779,High,False,False,False,0
186073,G06003768,Medium,False,False,True,0
150048,G06005918,High,False,False,True,0
46380,G06005914,High,False,False,False,0
508135,G06011103,High,False,False,False,0
291942,G06005914,Medium,True,True,False,0
97948,G06011109,Low,False,False,False,0
291909,G06008303,Low,False,False,False,0
46378,G06003760,Low,False,False,False,0
442857,G06008303,High,True,True,False,0
97945,G06003779,Medium,False,False,False,0
291827,G06003780,Medium,False,False,False,0
527757,G06005925,High,False,False,False,0
478992,G06003760,High,False,False,False,0
291279,G06005914,High,False,False,False,0
345140,G06005912,Medium,False,False,False,0
254701,G06011103,High,False,False,False,0
291144,G06005912,High,False,False,False,0
149274,G06003779,High,False,False,True,0
291137,G06003761,High,False,False,True,0
149247,G06011104,High,True,True,False,0
478981,G06005925,High,False,False,False,0
345185,G06005912,High,False,False,False,0
507625,G06011103,Medium,False,False,False,0
345190,G06008303,Low,False,False,False,0
467593,G06005925,Medium,False,False,False,0
442388,G06005925,High,False,False,False,0
186536,G06008303,Low,False,False,False,0
344786,G06003760,Low,False,False,False,0
30937,G06005925,Medium,True,True,False,0
261380,G06005918,High,False,False,True,1
16562,G06011109,High,False,False,False,0
30826,G06011103,Low,False,False,False,0
344818,G06003779,Medium,False,False,False,0
58194,G06011103,Medium,False,False,True,0
527602,G06003780,Low,False,False,False,0
238289,G06011103,Medium,False,False,True,0
149489,G06005914,High,False,False,False,0
412681,G06005925,High,False,False,False,0
291405,G06003774,High,True,True,False,0
291365,G06003779,Low,False,False,False,0
484647,G06005918,High,False,False,False,0
46234,G06011109,High,False,False,False,0
149375,G06003761,High,False,False,False,0
75993,G06005914,Medium,False,False,False,0
506723,G06011103,Low,False,False,False,0
346808,G06011109,Low,True,True,False,0
188088,G06003766,Low,False,False,False,0
77507,G06005925,High,False,False,False,0
146666,G06003779,Low,False,False,False,0
288424,G06003760,Medium,False,False,False,0
440251,G06005914,High,False,False,False,0
413188,G06005908,High,False,False,False,0
440224,G06003780,High,False,False,False,0
223320,G06005914,High,True,True,False,0
97600,G06003774,High,False,False,False,0
288340,G06005918,Medium,False,False,False,0
440138,G06005914,Medium,False,False,False,0
2846,G06011102,High,False,False,False,0
239246,G06003779,Medium,False,False,False,0
506076,G06011109,High,False,False,False,0
108079,G06011109,High,False,False,False,0
485156,G06011104,High,False,False,False,0
440471,G06003780,Medium,False,False,False,0
9080,G06005912,Medium,False,False,False,1
440413,G06003760,High,False,False,False,0
16017,G06011103,Low,True,True,True,0
440374,G06003779,Medium,False,False,False,0
146852,G06011109,Low,False,False,False,0
146843,G06003760,Low,False,False,False,0
146808,G06011109,High,False,False,False,0
77475,G06011102,High,False,False,False,0
528314,G06011104,High,False,False,False,0
440315,G06003762,Low,False,False,False,0
506078,G06003768,Low,False,False,False,0
348015,G06011102,Medium,True,True,False,0
399821,G06003768,High,False,False,False,0
288294,G06005914,High,True,True,True,0
349014,G06011103,Low,False,False,False,0
32337,G06011103,Medium,False,False,False,0
439840,G06005914,High,False,False,False,0
32386,G06008303,Medium,False,False,False,0
546021,G06003761,Medium,False,False,False,0
261858,G06003768,Low,False,False,True,0
349172,G06003779,Medium,False,False,False,0
485364,G06005914,High,True,True,False,0
287994,G06003762,Medium,False,False,False,0
108261,G06003779,High,False,False,False,0
77985,G06008303,High,False,False,False,0
349319,G06008303,High,False,False,False,0
146047,G06005914,High,False,False,False,0
505631,G06003760,Low,False,False,False,0
32334,G06008303,Medium,False,False,True,0
2883,G06011109,Low,False,False,False,0
223157,G06008303,Medium,False,False,False,0
223164,G06011103,High,True,True,True,0
440082,G06005925,Low,False,False,False,0
348553,G06005914,Low,False,False,False,0
288186,G06003766,High,False,False,False,0
188227,G06003761,Medium,True,True,False,0
485299,G06003766,Medium,False,False,False,0
440075,G06011104,High,True,True,True,0
45895,G06005918,Low,False,False,True,0
440029,G06005918,Medium,False,False,True,0
348780,G06003780,Medium,False,False,False,0
108199,G06008303,Low,False,False,True,0
485362,G06008303,Medium,False,False,False,0
288114,G06003761,Low,False,False,False,0
97783,G06003779,High,False,False,False,0
77323,G06003779,Low,False,False,False,0
57820,G06005927,Medium,False,False,False,1
187560,G06003766,High,True,True,False,0
506497,G06005912,Medium,False,False,False,0
347315,G06011109,Low,False,False,False,1
506494,G06003760,High,False,False,False,0
289353,G06011104,Medium,False,False,False,0
223572,G06003761,High,False,False,False,0
77031,G06003779,Medium,False,False,True,0
57794,G06003780,High,False,False,False,0
506448,G06005918,High,True,True,False,0
289265,G06008303,High,False,False,False,0
440963,G06005925,High,False,False,False,0
147640,G06008303,High,False,False,False,0
57732,G06003761,Medium,True,True,False,0
77118,G06003766,High,False,False,False,0
484927,G06005918,Low,False,False,False,0
238878,G06005918,High,False,False,True,0
31571,G06008303,Medium,True,True,False,0
76847,G06005925,Medium,True,True,False,0
412985,G06008303,High,False,False,False,0
528108,G06003762,Medium,True,True,True,0
400101,G06011107,Low,False,False,False,0
261539,G06005908,High,True,True,False,0
346938,G06003760,Medium,False,False,False,0
538138,G06011103,Medium,False,False,False,0
441189,G06003766,Medium,False,False,True,0
289589,G06003762,High,False,False,False,0
348013,G06003780,High,False,False,False,0
478925,G06008303,High,False,False,False,0
254674,G06011109,High,False,False,False,0
223459,G06008303,High,True,True,False,0
31882,G06005924,Low,False,False,False,0
147240,G06003768,Medium,False,False,False,0
31891,G06008303,High,True,True,False,1
147236,G06003779,High,True,True,False,0
528300,G06003779,High,False,False,False,0
506188,G06011103,Medium,True,True,False,0
440608,G06003780,High,False,False,False,0
187991,G06003780,Medium,False,False,False,0
108034,G06005918,Low,False,False,True,0
97701,G06005918,Low,False,False,False,0
147012,G06003768,High,False,False,False,0
147278,G06011103,High,False,False,False,0
484979,G06003779,Low,True,True,False,0
107959,G06003761,Low,False,False,False,0
147595,G06011103,Low,False,False,False,0
347566,G06005912,High,True,True,True,0
16067,G06003761,High,False,False,False,0
238964,G06003762,High,False,False,False,0
546111,G06003761,High,False,False,False,0
347609,G06011103,High,False,False,False,0
77195,G06005914,High,False,False,False,0
528253,G06011104,Low,False,False,False,0
347650,G06008303,Medium,False,False,False,0
289024,G06003760,Low,False,False,False,0
288902,G06005914,High,False,False,True,0
506280,G06008303,Low,False,False,False,0
147320,G06008303,Medium,False,False,False,0
483174,G06003768,High,False,False,False,0
297682,G06003779,Medium,False,False,False,0
49814,G06003762,Medium,True,True,False,0
306008,G06005925,Medium,False,False,False,0
456658,G06003779,High,False,False,False,0
169050,G06005914,High,False,False,False,0
456601,G06005925,Medium,True,True,True,0
539528,G06011102,Medium,True,True,False,0
257743,G06003766,Low,False,False,False,0
48505,G06003760,Medium,False,False,False,0
176655,G06003760,Low,False,False,False,0
316783,G06005914,Medium,False,False,False,0
62449,G06005927,Low,True,True,True,0
517880,G06003768,High,False,False,False,0
257722,G06003762,High,False,False,False,0
257608,G06003768,Medium,False,False,False,0
316393,G06003763,High,False,False,False,0
23080,G06003760,High,False,False,True,0
316429,G06005925,Medium,False,False,False,1
409360,G06003760,High,False,False,False,0
316513,G06003760,Medium,False,False,False,0
66093,G06011109,Low,True,True,False,0
228666,G06005925,Low,False,False,False,0
66111,G06011109,Medium,True,True,False,0
20117,G06011109,Medium,False,False,False,0
316547,G06005912,High,False,False,False,1
23102,G06003760,High,False,False,False,0
169162,G06003774,High,False,False,False,1
257761,G06003779,Low,False,False,False,0
7780,G06005914,High,True,True,False,0
23153,G06005918,High,False,False,True,0
317255,G06008303,Medium,False,False,False,0
456259,G06005914,High,False,False,True,1
456255,G06011104,Medium,False,False,False,0
456214,G06011107,High,True,True,False,0
62296,G06011103,High,False,False,False,0
23329,G06003760,Medium,False,False,False,0
231988,G06005925,High,True,True,False,0
317432,G06011103,High,False,False,False,0
522336,G06003760,Medium,False,False,False,0
176861,G06008303,Medium,False,False,False,0
232039,G06005925,Low,False,False,True,0
176737,G06003760,High,False,False,False,0
100586,G06011109,Medium,False,False,False,0
456512,G06005918,Medium,False,False,False,0
168886,G06003762,High,False,False,False,0
456446,G06003780,High,False,False,False,0
481711,G06003763,High,False,False,False,0
409376,G06003779,High,False,False,False,0
305838,G06005914,Medium,False,False,False,0
305731,G06003762,High,True,True,False,0
23172,G06005912,High,True,True,False,0
305686,G06003761,Low,False,False,False,0
228512,G06003760,Medium,False,False,False,0
66378,G06003762,High,True,True,True,0
305678,G06003761,High,False,False,False,1
66381,G06003760,Medium,False,False,False,0
517799,G06008303,Medium,False,False,False,0
66039,G06011104,High,False,False,False,0
407076,G06005918,High,True,True,False,0
228679,G06003768,High,False,False,False,0
650,G06005912,High,False,False,False,0
407366,G06005914,Medium,False,False,False,0
306576,G06008303,Low,False,False,True,0
315168,G06003761,High,False,False,True,0
407357,G06005908,High,False,False,False,0
170037,G06008303,Low,False,False,False,0
518281,G06003768,Medium,False,False,False,0
176189,G06005925,High,False,False,False,0
315223,G06003768,High,True,True,False,0
522086,G06008303,High,False,False,False,0
169914,G06003762,High,False,False,False,0
518240,G06005925,High,True,True,False,0
102409,G06003768,Medium,False,False,False,0
306648,G06005925,Medium,True,True,False,0
102420,G06005918,Medium,False,False,False,0
306664,G06003780,High,False,False,False,0
170138,G06005925,Low,False,False,False,0
170285,G06003779,High,False,False,True,0
210931,G06003780,High,False,False,False,0
65635,G06003780,Low,False,False,False,0
314710,G06008303,High,False,False,False,0
314740,G06008303,High,False,False,False,0
481502,G06003762,High,False,False,False,0
518493,G06008303,Medium,False,False,False,0
170230,G06005914,Medium,True,True,False,0
231439,G06011104,High,False,False,False,0
228922,G06005925,Medium,True,True,False,0
314821,G06008303,Low,False,False,False,0
314889,G06011103,Medium,False,False,False,0
170139,G06005914,High,False,False,True,0
49225,G06011103,Low,False,False,False,0
456981,G06005918,High,False,False,True,0
257382,G06005918,High,False,False,False,0
176383,G06005914,Medium,False,False,False,0
210886,G06005908,Low,False,False,False,0
228725,G06003761,Low,False,False,False,0
176412,G06005924,Medium,False,False,False,0
176413,G06008303,Low,False,False,False,0
169539,G06008303,High,False,False,False,0
210853,G06003760,Medium,False,False,False,0
66019,G06005925,Medium,False,False,False,0
176377,G06008303,High,False,False,True,0
306458,G06011104,Low,False,False,False,0
456846,G06003779,High,False,False,False,0
169661,G06005925,High,False,False,False,0
315481,G06005918,High,False,False,False,0
315565,G06005918,Low,False,False,False,0
22805,G06005925,High,False,False,False,0
257488,G06003766,High,False,False,False,0
231592,G06003766,Medium,True,True,True,0
169789,G06008303,Medium,False,False,False,0
62539,G06005913,High,False,False,False,0
211665,G06011103,High,False,False,False,0
315658,G06008303,Low,False,False,True,0
522118,G06005914,Low,True,True,False,0
549260,G06011103,Low,False,False,True,0
231772,G06005925,Low,False,False,False,0
456848,G06011104,Medium,False,False,False,1
168402,G06008303,Low,False,False,False,0
256290,G06011103,Medium,False,False,False,1
317632,G06011104,Medium,False,False,False,0
67183,G06003780,Medium,False,False,False,0
304357,G06005925,Low,True,True,True,0
517268,G06005908,Medium,True,True,False,0
319717,G06011109,Medium,False,False,False,0
455288,G06005925,High,True,True,False,0
319776,G06008303,Medium,False,False,False,0
211798,G06005914,High,False,False,False,1
319795,G06011103,Low,False,False,False,0
232655,G06011103,Medium,False,False,False,0
232670,G06005914,High,False,False,True,0
522900,G06005912,Low,False,False,False,0
211800,G06003780,Low,False,False,False,0
62016,G06003779,High,False,False,False,0
523030,G06003761,Low,False,False,False,0
19736,G06003768,High,False,False,False,0
304496,G06005918,Medium,False,False,False,0
539926,G06005914,High,False,False,False,0
304634,G06011103,High,False,False,False,0
455611,G06003766,Low,False,False,True,0
167495,G06003766,Medium,False,False,False,0
67014,G06008303,High,False,False,False,0
256041,G06005914,Medium,True,True,False,0
67058,G06003766,Medium,False,False,False,0
167437,G06003768,Low,False,False,False,0
210499,G06008303,High,False,False,False,0
406284,G06003780,Medium,False,False,False,0
455501,G06011109,High,True,True,False,0
319460,G06011102,Medium,True,True,False,0
49339,G06008303,Low,True,True,False,0
67363,G06005914,High,False,False,False,0
320132,G06003760,High,False,False,False,0
517006,G06003774,Low,False,False,False,0
303631,G06011104,Medium,False,False,False,0
232815,G06005912,High,True,True,False,0
166625,G06011103,High,False,False,False,0
406015,G06005925,Medium,False,False,False,0
24105,G06005918,High,False,False,False,0
461990,G06003779,Low,False,False,False,0
100229,G06008303,Medium,False,False,False,0
303586,G06005925,High,False,False,False,0
303555,G06003780,Medium,False,False,False,0
166540,G06003779,High,False,False,False,0
405994,G06003762,Low,True,True,False,0
166529,G06011103,High,False,False,False,0
256016,G06003762,High,True,True,False,0
166476,G06003780,High,False,False,False,0
211855,G06005925,Medium,False,False,True,0
409776,G06003762,Low,False,False,False,0
523047,G06003780,High,False,False,False,0
61980,G06005918,Low,False,False,False,0
517020,G06003780,Medium,False,False,False,0
409751,G06003768,High,False,False,False,0
303804,G06003766,Low,False,False,False,0
166867,G06011103,Low,False,False,False,0
406045,G06011103,High,False,False,False,0
177832,G06005914,High,False,False,False,0
19615,G06011103,High,False,False,False,0
320261,G06003768,High,False,False,False,0
406033,G06003768,High,False,False,False,1
455088,G06003779,High,False,False,False,0
320363,G06003768,Low,True,True,False,0
103233,G06003762,High,False,False,False,0
303746,G06011109,Medium,False,False,False,0
406028,G06005924,Low,False,False,False,1
455706,G06005925,High,True,True,False,0
455725,G06005925,High,False,False,False,0
176969,G06005912,Medium,False,False,False,0
455966,G06011104,High,False,False,False,0
517614,G06005918,High,False,False,False,0
168082,G06003779,High,False,False,False,0
23487,G06011104,Medium,False,False,False,0
66809,G06005914,High,True,True,False,0
232241,G06003760,High,False,False,False,0
461734,G06011104,High,False,False,False,0
522434,G06003760,High,False,False,False,0
318177,G06008303,Low,False,False,False,0
62136,G06008303,Low,False,False,False,0
318057,G06005914,Low,False,False,False,0
318200,G06011109,Medium,False,False,False,0
305149,G06005912,High,False,False,False,1
549125,G06003766,Low,False,False,False,0
66655,G06005925,Low,False,False,False,0
317651,G06003768,Low,False,False,False,0
176887,G06003768,High,False,False,False,1
256259,G06005925,Low,False,False,False,0
305339,G06003760,High,False,False,False,0
456152,G06005925,High,False,False,False,0
176919,G06005912,Medium,True,True,True,0
257896,G06005908,Low,False,False,False,0
19961,G06003762,High,False,False,False,0
406591,G06008303,Medium,False,False,False,0
305288,G06003762,Medium,False,False,False,0
100464,G06011104,Low,False,False,False,0
461729,G06003766,High,False,False,False,0
522545,G06008303,Medium,False,False,False,0
48371,G06011104,Medium,False,False,False,0
455838,G06011103,Medium,False,False,False,0
23636,G06011104,High,False,False,False,0
318727,G06005912,Medium,False,False,False,0
19897,G06003762,Medium,False,False,False,0
318781,G06008303,High,False,False,False,0
318835,G06005925,High,False,False,True,0
318894,G06003761,Medium,False,False,True,0
167596,G06003774,Low,False,False,False,0
304725,G06003760,Medium,False,False,False,0
23674,G06003779,Low,False,False,False,0
304682,G06005918,Medium,False,False,False,0
167559,G06003766,High,False,False,False,0
167558,G06005914,Medium,False,False,False,0
482158,G06003779,High,False,False,False,0
167728,G06003762,Low,False,False,False,0
318281,G06003761,Low,True,True,False,0
318296,G06003760,Low,False,False,False,0
48366,G06005925,High,False,False,False,0
481994,G06003766,Medium,False,False,False,0
318394,G06011103,High,False,False,False,0
167832,G06003768,Low,True,True,False,0
480393,G06003762,Medium,False,False,False,0
23623,G06011103,Medium,False,False,False,0
318573,G06005912,High,False,False,False,1
304867,G06003774,Medium,False,False,True,0
318654,G06005925,High,False,False,False,0
407550,G06011104,Medium,False,False,False,0
549757,G06011102,Low,True,True,False,0
308550,G06005918,High,False,False,False,0
459410,G06011109,High,False,False,False,0
101192,G06005908,Low,False,False,False,0
459388,G06005918,High,False,False,False,1
20779,G06005914,Low,False,False,False,1
520362,G06003766,Medium,False,False,False,0
20770,G06005927,High,False,False,False,0
308430,G06011102,High,False,False,False,1
311007,G06003761,Low,False,False,True,0
460603,G06003760,Low,False,False,False,0
311049,G06005918,Medium,False,False,False,0
229863,G06008303,High,False,False,True,0
408409,G06003766,High,False,False,False,0
459477,G06005925,High,False,False,False,0
408348,G06003780,Low,False,False,False,0
310550,G06011104,Medium,False,False,False,0
520479,G06003760,High,False,False,False,0
229877,G06003760,Low,False,False,False,0
310612,G06008303,Low,True,True,False,0
21491,G06003768,Medium,False,False,True,0
460546,G06005918,High,False,False,True,0
521396,G06003768,Medium,True,True,False,1
310697,G06008303,High,False,False,False,0
63832,G06003768,High,False,False,False,0
21464,G06011109,High,False,False,False,0
408325,G06003766,High,True,True,False,0
174722,G06003768,High,False,False,True,0
230783,G06005924,Medium,False,False,False,0
408293,G06003763,Low,False,False,False,0
549603,G06005914,High,False,False,False,0
408291,G06005925,High,True,True,False,0
172394,G06003760,Medium,False,False,False,0
311662,G06003766,Low,True,True,False,0
21772,G06003779,High,True,True,False,0
311714,G06005925,Low,False,False,False,0
408274,G06005925,Medium,False,False,True,1
101127,G06005918,Low,False,False,False,0
64242,G06003760,Medium,False,False,False,0
458789,G06003779,Medium,False,False,False,0
363,G06005908,Medium,False,False,False,0
21640,G06003761,Low,False,False,False,0
308229,G06003762,Medium,False,False,False,0
521504,G06003760,Low,False,False,False,0
174749,G06005914,Medium,False,False,False,0
460610,G06005912,High,False,False,False,0
520217,G06011104,Medium,False,False,False,0
64035,G06008303,Medium,False,False,False,0
308390,G06011103,High,True,True,False,0
311260,G06011109,High,False,False,False,0
460611,G06005908,High,False,False,False,1
101592,G06011103,Medium,False,False,False,0
408886,G06008303,High,False,False,False,0
174821,G06008303,High,False,False,False,0
63003,G06003761,Medium,False,False,False,0
460701,G06005925,High,False,False,False,0
172459,G06003780,High,False,False,False,0
311917,G06005926,High,False,False,False,0
174479,G06005918,High,False,False,False,0
460137,G06005925,Low,True,True,True,0
20965,G06003766,Medium,False,False,False,0
309004,G06003768,High,False,False,False,0
460119,G06011103,Medium,False,False,False,0
63394,G06005918,High,True,True,True,0
460038,G06008303,High,False,False,True,0
460386,G06005925,Low,False,False,False,0
173719,G06003779,High,False,False,False,0
460433,G06003761,Low,False,False,False,0
7551,G06005914,Low,False,False,False,0
173579,G06003774,High,False,False,False,0
230412,G06003768,Low,False,False,False,0
63523,G06011109,Low,True,True,False,0
460206,G06005918,Medium,False,False,False,0
21004,G06003766,High,False,False,False,0
309153,G06005913,Medium,False,False,False,1
309145,G06008303,Low,False,False,False,0
174124,G06003774,Low,False,False,True,0
309322,G06005918,Medium,False,False,False,0
309136,G06003760,High,True,True,False,0
309399,G06011103,Low,True,True,False,0
211397,G06011104,High,False,False,False,0
309413,G06011103,High,False,False,False,0
549901,G06003780,High,False,False,False,0
63696,G06003761,Low,False,False,False,0
309743,G06011102,High,True,True,False,0
459653,G06003761,High,True,True,False,0
20931,G06008303,High,False,False,False,0
539736,G06011109,High,False,False,False,0
459569,G06005913,High,True,True,False,0
256619,G06005908,Medium,False,False,False,0
521142,G06011102,High,True,True,False,0
308901,G06003761,Medium,False,False,False,0
7581,G06005914,Low,False,False,False,0
173197,G06005918,Low,False,False,False,0
310321,G06011109,High,False,False,False,0
20900,G06003760,High,False,False,False,0
201,G06005925,Medium,False,False,False,0
173164,G06005925,Medium,True,True,False,0
459542,G06005914,High,False,False,False,0
173551,G06003774,High,False,False,False,0
173327,G06003762,Low,False,False,False,0
460531,G06005914,Medium,False,False,False,0
309755,G06003760,Medium,False,False,False,0
308945,G06003780,Medium,False,False,False,0
229984,G06011109,High,False,False,False,0
459869,G06003768,High,False,False,False,0
173494,G06003760,Medium,False,False,False,0
520708,G06003766,High,True,True,True,0
174286,G06003768,High,True,True,False,0
174304,G06003761,Medium,False,False,False,0
539756,G06003768,Low,True,True,True,0
310040,G06003760,Medium,False,False,False,0
460467,G06005918,High,False,False,True,0
20942,G06005912,High,False,False,False,0
63128,G06005913,High,False,False,False,0
174354,G06005914,High,True,True,False,0
229928,G06005918,High,False,False,True,0
103291,G06005925,Low,False,False,True,0
521810,G06003774,Low,True,True,False,0
256459,G06005918,High,False,False,False,0
457889,G06008303,High,True,True,False,0
457823,G06008303,High,True,True,False,0
521829,G06005925,High,False,False,False,0
407806,G06003779,Low,True,True,False,0
307276,G06005914,Low,False,False,False,0
231262,G06005914,Low,False,False,False,0
313898,G06005912,Low,False,False,False,0
229128,G06005918,High,False,False,False,1
407784,G06003762,High,True,True,False,1
64985,G06011103,Low,True,True,False,0
457697,G06003761,High,False,False,False,0
521711,G06005918,High,False,False,True,0
231190,G06005925,High,True,True,False,0
313556,G06005925,Medium,False,False,False,0
458053,G06003760,Low,False,False,False,0
458008,G06003774,High,False,False,False,0
313582,G06005925,High,False,False,False,0
313614,G06005918,High,False,False,False,0
175512,G06005914,Medium,False,False,False,0
171090,G06008303,High,False,False,True,0
171077,G06003768,High,False,False,False,0
307481,G06003774,High,False,False,False,0
231145,G06005925,Medium,False,False,False,0
529,G06003761,Low,False,False,True,0
313688,G06011103,High,False,False,False,0
461153,G06003780,Medium,False,False,False,0
457653,G06011107,Low,False,False,False,0
20404,G06011103,Low,False,False,False,0
65382,G06005925,High,False,False,False,0
461191,G06005912,High,False,False,True,0
20403,G06011109,High,False,False,False,0
22533,G06003760,Medium,False,False,False,0
229034,G06005918,High,False,False,True,0
170443,G06011103,Low,True,True,True,0
20378,G06011104,High,False,False,False,0
211595,G06005912,Medium,False,False,False,0
175972,G06005925,Low,False,False,False,0
521969,G06005918,Medium,False,False,False,0
65457,G06005925,Medium,True,True,False,0
256431,G06003774,High,False,False,True,0
518629,G06011103,Low,False,False,False,0
314585,G06003768,High,False,False,False,0
100846,G06003761,High,False,False,False,0
229051,G06011103,Low,False,False,False,0
175792,G06005918,High,False,False,True,0
457470,G06011103,Low,False,False,False,0
231341,G06011103,High,False,False,True,0
314160,G06003761,Medium,False,False,False,0
314195,G06005912,Medium,False,False,False,0
461188,G06003768,High,False,False,False,0
407702,G06003779,Low,False,False,False,1
314237,G06003766,Medium,True,True,False,0
518799,G06005918,High,False,False,False,0
457420,G06005914,Medium,False,False,False,0
311932,G06005914,Low,False,False,False,0
22316,G06008303,High,False,False,False,0
549495,G06005912,Low,False,False,False,0
458531,G06003761,Medium,False,False,False,0
64426,G06003766,Medium,False,False,True,0
21961,G06011103,Medium,False,False,False,0
408971,G06003762,Low,False,False,False,0
458457,G06011104,High,True,True,True,0
175086,G06011103,Medium,False,False,False,0
307986,G06008303,Medium,False,False,False,0
171878,G06005912,High,False,False,False,0
20677,G06003762,Low,False,False,False,0
312610,G06005925,High,False,False,False,0
312667,G06005913,High,False,False,False,0
458407,G06011103,Low,False,False,False,0
172038,G06005925,High,False,False,False,0
171800,G06011103,Low,False,False,True,0
64401,G06011103,High,False,False,False,0
229458,G06005914,High,False,False,False,0
481067,G06003761,Medium,False,False,False,0
256591,G06005912,Medium,False,False,False,0
308062,G06003761,High,False,False,True,0
172150,G06003774,Medium,False,False,False,0
172148,G06003768,High,True,True,False,0
312139,G06005918,Low,False,False,False,0
408183,G06005925,Medium,False,False,False,0
519890,G06003766,Low,False,False,True,0
101708,G06011104,Low,False,False,False,0
171192,G06008303,High,False,False,False,0
312745,G06005925,High,True,True,True,0
256488,G06003766,High,False,False,False,0
407958,G06003760,Low,False,False,False,0
458246,G06003780,Medium,False,False,False,0
307601,G06005914,High,False,False,False,0
460869,G06011104,Medium,False,False,False,0
100939,G06003780,Medium,False,False,False,0
7654,G06003779,High,False,False,False,0
175479,G06005908,Medium,False,False,False,0
313318,G06003779,Medium,True,True,False,0
465,G06005914,High,False,False,False,0
313442,G06003766,Low,False,False,True,0
101945,G06005914,High,True,True,False,0
171239,G06003762,High,False,False,False,0
171199,G06003768,Medium,False,False,False,0
519320,G06008303,High,False,False,False,0
409016,G06003768,Medium,True,True,False,0
20629,G06005914,High,False,False,True,0
312849,G06003766,Low,False,False,False,0
539646,G06011102,Medium,True,True,True,0
175242,G06003762,Medium,True,True,False,0
408045,G06011104,High,True,True,True,0
231005,G06008303,Medium,False,False,False,0
307788,G06003780,High,False,False,False,0
312963,G06005912,Low,False,False,False,0
62864,G06011104,Medium,False,False,False,0
101863,G06003766,Medium,False,False,False,0
313083,G06011104,High,False,False,False,0
100976,G06005925,High,False,False,False,0
166373,G06003762,Medium,True,True,False,0
299446,G06005925,High,False,False,False,0
7207,G06011107,Medium,True,True,True,0
60860,G06003768,Medium,False,False,False,0
482864,G06005914,Low,False,False,False,0
26598,G06005926,High,False,False,False,0
47692,G06005925,Low,False,False,False,0
160781,G06003766,High,False,False,False,0
329211,G06003762,Medium,False,False,True,1
299394,G06005914,Low,False,False,False,0
403962,G06003768,High,True,True,True,0
450797,G06005918,Low,True,True,False,1
450780,G06003779,High,False,False,False,0
403925,G06003762,High,True,True,False,1
410739,G06003780,Medium,False,False,False,0
329040,G06003779,High,False,False,True,0
180787,G06005913,Medium,False,False,False,0
70429,G06005925,Low,False,False,False,0
70347,G06003779,High,False,False,False,0
463683,G06003779,Low,False,False,False,0
26467,G06011109,High,False,False,False,0
212078,G06008303,Medium,False,False,False,0
161020,G06003762,Medium,False,False,False,0
234576,G06003760,High,True,True,False,0
234639,G06003768,High,False,False,False,0
70394,G06011103,High,False,False,False,0
524934,G06003779,High,True,True,True,0
160929,G06005912,Medium,False,False,False,0
299318,G06011103,Medium,False,False,False,0
26689,G06005914,High,False,False,False,0
234709,G06005914,Low,False,False,False,0
18402,G06011103,High,False,False,False,0
299097,G06005918,High,False,False,False,0
450401,G06011103,Low,False,False,False,0
70782,G06011104,Medium,False,False,False,0
403844,G06003762,Medium,True,True,False,0
160235,G06005918,High,False,False,False,0
479699,G06011103,High,False,False,False,0
234872,G06005925,Low,False,False,False,0
525132,G06003774,High,False,False,False,0
212189,G06003766,Medium,False,False,False,0
299010,G06011102,Low,True,True,True,0
181143,G06005914,Medium,False,False,False,0
104852,G06008303,Low,False,False,False,0
330159,G06005912,High,False,False,False,0
525084,G06008303,Medium,True,True,False,0
328569,G06011109,High,False,False,False,0
410780,G06005927,Medium,False,False,True,0
60784,G06011102,High,False,False,False,0
329423,G06008303,Medium,False,False,False,0
70662,G06005918,Low,False,False,False,0
180985,G06003766,Low,False,False,False,0
463905,G06003766,High,False,False,False,0
463931,G06003779,High,False,False,False,0
160506,G06003780,High,False,False,False,0
403898,G06005925,High,False,False,False,0
329638,G06003760,Medium,False,False,True,0
329654,G06005914,Medium,False,False,False,0
328562,G06005918,Medium,False,False,False,0
161177,G06005918,Medium,False,False,True,0
212072,G06003766,High,False,False,False,1
161926,G06011104,High,False,False,False,0
234460,G06003779,Low,True,True,False,0
327692,G06005914,High,False,False,True,0
18707,G06008303,Medium,False,False,False,0
180391,G06003768,Medium,True,True,False,0
161851,G06011109,Medium,False,False,False,0
161849,G06005914,Low,False,False,False,0
451780,G06005925,High,False,False,False,0
451675,G06005914,High,False,False,True,0
47775,G06005914,Low,False,False,False,0
61077,G06008303,Low,False,False,True,0
463336,G06005925,Medium,False,False,False,0
451556,G06005925,High,False,False,True,0
8180,G06008303,Medium,False,False,False,0
69913,G06003760,High,False,False,False,0
404333,G06005918,Medium,False,False,False,0
26052,G06005912,High,False,False,False,0
451814,G06005912,Low,False,False,False,0
234383,G06003779,Medium,False,False,False,0
226689,G06008303,High,False,False,False,0
327390,G06003774,Medium,False,False,False,0
234394,G06011103,High,False,False,False,0
226639,G06003761,Medium,False,False,False,1
61131,G06003779,Medium,False,False,False,0
404413,G06011104,Low,False,False,False,0
327501,G06003768,High,False,False,True,0
226620,G06008303,Medium,False,False,False,0
61124,G06003761,Medium,False,False,False,0
162010,G06003768,High,False,False,True,0
99633,G06003766,High,False,False,False,0
450291,G06008303,High,False,False,False,0
463341,G06011109,High,False,False,False,0
161687,G06003763,Medium,False,False,False,0
451267,G06005912,Medium,False,False,False,0
70219,G06005914,High,False,False,False,0
259250,G06011104,Low,False,False,False,0
404249,G06011109,Medium,False,False,False,0
259271,G06005927,Medium,False,False,False,0
328340,G06003780,Low,False,False,False,0
161296,G06011104,Medium,False,False,False,0
161288,G06011102,High,False,False,False,0
410543,G06008303,Low,True,True,False,1
209711,G06008303,High,False,False,False,0
451213,G06005914,Medium,False,False,False,0
524848,G06005925,High,False,False,False,0
18558,G06003780,Low,False,False,False,0
26385,G06005925,Medium,False,False,False,0
70203,G06011104,Medium,False,False,False,0
234467,G06011103,Low,False,False,False,0
299616,G06003766,Low,False,False,False,0
514143,G06011103,Medium,False,False,False,0
104359,G06003760,High,False,False,False,0
104370,G06003780,High,True,True,False,0
463347,G06008303,Low,False,False,False,0
299776,G06011104,Medium,True,True,False,0
524721,G06003762,High,False,False,True,0
514325,G06003768,Low,False,False,False,0
259227,G06005914,Medium,False,False,False,1
299771,G06011104,Medium,False,False,False,0
524726,G06005914,Low,False,False,False,0
299756,G06011109,Medium,False,False,False,0
259232,G06011104,High,False,False,False,0
259241,G06005918,Medium,True,True,False,0
26841,G06003768,Medium,False,False,False,0
330274,G06003768,High,False,False,False,0
297949,G06011104,Medium,False,False,False,0
259774,G06011109,Medium,False,False,True,0
158944,G06011103,Low,False,False,False,0
297913,G06003760,Medium,False,False,False,0
331905,G06003761,Low,False,False,False,0
27228,G06003779,Medium,False,False,False,0
449074,G06011103,High,False,False,False,0
513240,G06005918,Low,False,False,True,0
209285,G06011104,Medium,False,False,False,0
483123,G06011103,High,False,False,False,0
332084,G06003774,Medium,True,True,False,0
158865,G06005918,Medium,False,False,True,0
332156,G06005925,High,False,False,False,0
332227,G06003779,Medium,False,False,False,0
332249,G06005918,Low,False,False,False,0
99137,G06005914,High,False,False,False,0
525444,G06003760,High,False,False,False,0
547400,G06011104,High,False,False,False,0
538926,G06011104,Medium,False,False,False,0
449104,G06005927,High,False,False,False,0
513318,G06011103,High,False,False,False,1
331543,G06003779,Low,False,False,False,0
298226,G06011104,Low,False,False,False,0
547490,G06005925,Medium,False,False,False,0
449198,G06011103,Medium,False,False,False,0
464753,G06005918,Medium,False,False,False,0
298073,G06003779,Low,False,False,False,0
525432,G06003760,Low,False,False,True,0
298054,G06005918,High,True,True,True,0
27185,G06011109,Low,True,True,False,0
181817,G06008303,Medium,False,False,False,0
298026,G06005912,Medium,False,False,False,0
298246,G06003760,Medium,False,False,False,0
105140,G06005912,Medium,False,False,False,0
99056,G06008303,Medium,False,False,False,0
332607,G06005918,Medium,True,True,False,0
297669,G06003779,High,False,False,False,0
27406,G06005914,Low,False,False,False,0
448626,G06008303,Medium,False,False,False,0
525708,G06011103,Low,False,False,False,0
465089,G06003760,Medium,False,False,True,0
448612,G06003780,Medium,False,False,False,0
235365,G06005912,Medium,False,False,False,0
332701,G06003766,Medium,False,False,False,0
465122,G06003761,High,False,False,True,0
259929,G06008303,Medium,False,False,False,0
235390,G06003760,Medium,False,False,False,0
27397,G06011109,High,False,False,False,0
411117,G06008303,High,True,True,True,0
448929,G06003760,High,True,True,False,0
209269,G06005914,High,True,True,False,0
332346,G06011103,High,False,False,False,0
158640,G06005914,Medium,False,False,False,0
158610,G06005914,Medium,False,False,False,0
332411,G06003779,Medium,False,False,False,0
464990,G06005914,High,False,False,True,0
182030,G06003760,High,False,False,False,0
297673,G06011104,Medium,False,False,False,0
448772,G06005914,Medium,False,False,True,0
105202,G06005914,High,False,False,False,0
332548,G06011109,Medium,False,False,False,0
105043,G06003766,Low,False,False,False,1
159933,G06003780,High,False,False,False,1
464297,G06003774,High,False,False,True,0
298781,G06003768,High,False,False,False,0
26944,G06011109,High,False,False,False,0
298657,G06011104,High,True,True,True,0
26949,G06005914,High,False,False,False,0
330718,G06005925,Medium,False,False,False,0
234973,G06005916,High,False,False,False,0
26975,G06011103,Medium,False,False,False,0
209377,G06011103,Low,True,True,False,0
159828,G06003774,Low,True,True,False,0
26978,G06008303,Medium,False,False,False,0
71070,G06005918,High,False,False,True,0
298583,G06008303,Low,False,False,False,0
60580,G06008303,Medium,False,False,False,0
547578,G06005918,Low,False,False,False,0
71029,G06005918,Low,False,False,False,0
330597,G06005914,Low,False,False,False,0
513448,G06003768,Low,False,False,False,0
450267,G06005918,Medium,False,False,True,0
18320,G06008303,High,False,False,False,0
70914,G06005912,High,False,False,False,0
298802,G06005925,Low,False,False,False,0
482910,G06005925,High,False,False,False,0
410850,G06005918,High,False,False,False,0
255404,G06003774,Low,False,False,True,0
49744,G06005914,Medium,False,False,False,0
60607,G06003780,Low,False,False,False,1
209396,G06003760,Medium,False,False,False,0
410867,G06011104,High,False,False,False,0
330537,G06005912,High,False,False,False,0
159996,G06005914,Medium,False,False,False,0
26932,G06005912,High,False,False,False,0
18263,G06005914,High,True,True,False,0
449693,G06003760,High,False,False,False,1
181566,G06005914,Low,False,False,False,0
331349,G06003768,Medium,False,False,False,0
482952,G06005914,High,False,False,False,1
159324,G06003768,Medium,False,False,False,0
410980,G06005918,High,False,False,False,0
331429,G06005914,Medium,True,True,False,0
181703,G06011104,Low,False,False,True,0
547548,G06003763,High,False,False,False,0
298249,G06005918,High,False,False,False,0
159235,G06003774,High,False,False,False,0
330910,G06005912,High,False,False,False,0
540252,G06005925,High,False,False,False,0
159501,G06011104,High,True,True,False,0
181405,G06008303,Medium,False,False,False,0
330949,G06003774,High,False,False,False,0
60549,G06011104,High,False,False,False,0
1622,G06005908,High,False,False,True,0
27040,G06005925,Low,False,False,True,0
331018,G06003780,Medium,False,False,False,0
104968,G06003766,Low,False,False,True,0
71152,G06008303,Low,False,False,False,0
482927,G06008303,Medium,False,False,False,0
449903,G06003779,Medium,False,False,False,0
27067,G06005925,Low,True,True,False,0
513353,G06005918,High,False,False,False,0
212215,G06003780,Medium,False,False,False,0
331183,G06003780,Low,False,False,True,0
162126,G06005927,Medium,False,False,False,0
162135,G06003761,High,False,False,False,0
61166,G06008303,Medium,True,True,False,0
480158,G06005925,Low,False,False,True,0
19279,G06003780,Medium,True,True,False,0
24842,G06003761,High,False,False,False,0
302262,G06005914,Low,False,False,False,0
178760,G06005914,Low,False,False,False,0
100017,G06003760,Low,False,False,False,0
302216,G06003762,High,False,False,True,1
19277,G06008303,Medium,False,False,False,0
68393,G06003766,Low,False,False,False,0
99987,G06011107,High,False,False,False,0
323683,G06003760,High,False,False,False,0
323232,G06011104,Low,False,False,False,0
322769,G06008303,High,False,False,False,0
516415,G06003779,High,True,True,False,0
322887,G06003779,High,False,False,False,0
103567,G06011109,High,True,True,False,0
302476,G06005914,Low,False,False,False,0
516379,G06003774,High,False,False,False,0
409979,G06011103,Low,False,False,False,0
322981,G06005925,Medium,False,False,False,0
178647,G06011103,High,False,False,False,0
323037,G06005913,High,False,False,False,0
24749,G06011103,Low,False,False,False,0
19280,G06003766,High,False,False,False,1
516308,G06005912,High,False,False,False,0
323179,G06008303,Low,False,False,False,0
210342,G06003762,Low,False,False,False,0
165279,G06011103,High,False,False,False,0
453758,G06011103,Medium,False,False,True,0
255803,G06005925,Low,False,False,False,0
301933,G06003760,Low,False,False,False,0
210174,G06003762,Low,False,False,False,0
515974,G06005914,Medium,False,False,False,0
324226,G06005912,Medium,False,False,False,0
301897,G06011109,High,False,False,False,0
324233,G06011109,Medium,False,False,False,0
227254,G06008303,Medium,False,False,False,0
68624,G06005918,High,False,False,False,0
164440,G06003761,Low,False,False,True,0
548278,G06008303,Low,False,False,False,0
324383,G06008303,Medium,False,False,False,0
405303,G06008303,Low,False,False,False,0
164318,G06005912,High,False,False,False,0
179232,G06011103,Medium,True,True,False,0
324591,G06003761,High,True,True,False,0
548300,G06003766,Low,False,False,False,0
324178,G06003760,High,False,False,False,0
410029,G06003760,Low,False,False,False,0
164744,G06003768,High,False,False,False,0
25018,G06005925,Medium,False,False,False,0
103774,G06003760,High,False,False,False,0
323829,G06003766,Medium,False,False,False,0
453654,G06005925,Medium,True,True,False,0
323951,G06003762,High,False,False,False,0
323955,G06003779,High,False,False,False,0
61546,G06003761,Low,False,False,False,0
68506,G06011104,Low,False,False,False,0
210204,G06005914,High,True,True,False,0
453563,G06011103,High,True,True,False,0
301965,G06003766,High,False,False,False,0
164259,G06011104,High,False,False,False,0
322685,G06003762,High,False,False,False,0
405813,G06003760,High,False,False,False,0
166044,G06003779,High,False,False,False,0
462177,G06005914,High,False,False,False,0
210386,G06005925,Low,False,False,False,0
61803,G06003762,High,False,False,False,0
19384,G06003768,High,False,False,False,0
302982,G06005925,Medium,True,True,False,0
19380,G06003779,Medium,False,False,False,0
454263,G06005918,Medium,True,True,False,0
24383,G06005913,Low,False,False,False,0
405772,G06005925,High,True,True,True,0
24415,G06005918,High,False,False,False,0
100118,G06005912,High,False,False,False,0
227605,G06005925,Medium,False,False,False,0
211873,G06003779,High,False,False,False,0
405815,G06005914,High,False,False,True,0
48105,G06011109,Medium,False,False,False,0
67737,G06003768,Low,False,False,False,0
19501,G06005912,Low,False,False,True,0
320981,G06005914,High,False,False,False,1
227691,G06008303,High,False,False,False,0
227667,G06008303,High,False,False,False,0
539341,G06005918,High,True,True,True,0
258195,G06005918,High,False,False,False,0
67807,G06011103,High,False,False,False,0
454701,G06003760,Medium,False,False,False,0
303139,G06011109,Low,False,False,False,0
24717,G06005908,High,False,False,False,0
165836,G06005914,Medium,True,True,False,0
405646,G06003766,Low,False,False,False,0
405641,G06005925,Medium,False,False,False,0
19303,G06011103,Medium,False,False,False,0
516444,G06005918,High,True,True,False,0
548559,G06005918,Medium,False,False,False,0
165409,G06005918,Low,False,False,True,0
322462,G06011109,High,False,False,False,0
302661,G06005912,High,False,False,False,0
68213,G06003766,High,True,True,True,0
548506,G06005918,Medium,False,False,False,0
453985,G06011102,Low,False,False,False,0
178510,G06003779,High,False,False,False,0
48032,G06005918,Medium,False,False,False,0
322291,G06008303,Medium,False,False,False,1
302922,G06003780,High,False,False,False,0
539251,G06011103,Medium,False,False,False,0
322150,G06011109,Medium,False,False,False,0
405758,G06003762,Low,False,False,False,0
103445,G06008303,Medium,True,True,False,0
409892,G06005925,High,False,False,True,0
233016,G06003760,Medium,True,True,False,0
302873,G06003780,Medium,False,False,False,0
321910,G06005914,High,False,False,False,0
516571,G06011104,Medium,False,False,False,0
103492,G06003761,Low,False,False,False,0
24507,G06003760,High,False,False,False,0
24510,G06003766,Low,False,False,False,0
68116,G06003774,High,False,False,False,0
409904,G06011102,Low,False,False,False,0
68126,G06003761,Low,False,False,False,1
454042,G06003780,High,False,False,False,0
324621,G06005914,Medium,False,False,False,0
226931,G06005925,High,False,False,False,0
162928,G06011103,High,False,False,False,1
99816,G06011103,Low,False,False,False,0
452561,G06003760,High,False,False,False,0
515149,G06003768,High,True,True,False,0
462764,G06011104,High,False,False,False,0
524213,G06003762,Low,False,False,True,0
515127,G06005918,Medium,False,False,False,0
99807,G06011103,Low,False,False,False,0
300867,G06005925,High,False,False,False,1
300833,G06005912,High,False,False,False,0
540045,G06003766,High,False,False,False,0
326528,G06011109,Medium,True,True,False,0
540089,G06003761,Low,False,False,False,0
61309,G06005908,High,True,True,False,0
99755,G06011103,High,False,False,True,0
69165,G06005914,Medium,False,False,False,0
462738,G06003774,Medium,False,False,False,1
404711,G06008303,High,False,False,False,0
163136,G06005925,Medium,True,True,False,0
163111,G06003780,Medium,False,False,False,0
326082,G06011102,High,True,True,True,1
326111,G06003761,Medium,False,False,False,0
482388,G06011104,Low,True,True,False,0
326125,G06005918,High,False,False,False,0
25560,G06003760,Medium,False,False,False,0
47865,G06003761,Medium,False,False,False,0
452663,G06003760,Low,False,False,False,0
258907,G06008303,High,False,False,False,0
326221,G06005925,High,False,False,False,0
8077,G06005925,Low,False,False,False,0
25592,G06005918,Medium,False,False,False,0
69128,G06005918,Low,False,False,False,0
25549,G06005918,High,True,True,False,0
404608,G06005918,High,False,False,False,0
99711,G06008303,Low,False,False,False,0
162355,G06005925,Medium,True,True,False,0
234323,G06003768,High,True,True,False,0
234348,G06005908,High,True,True,False,0
327089,G06005925,Medium,False,False,False,0
25881,G06003774,Low,False,False,False,0
180133,G06003768,Low,False,False,False,0
162239,G06003766,Medium,False,False,False,0
259170,G06008303,Low,False,False,True,0
18796,G06008303,High,True,True,False,0
326691,G06005918,High,False,False,False,0
300569,G06011104,Medium,False,False,False,0
300664,G06003762,Medium,False,False,False,0
104176,G06003779,Medium,False,False,False,0
179934,G06005924,Medium,False,False,False,0
234263,G06011109,High,True,True,False,0
162537,G06005914,High,False,False,False,0
300648,G06011109,High,False,False,False,0
162503,G06005927,Low,False,False,False,0
326761,G06003760,Low,False,False,False,0
524360,G06008303,Medium,False,False,False,0
524369,G06003780,Low,False,False,False,0
103835,G06003760,Medium,False,False,False,0
209983,G06005908,Low,False,False,False,0
326026,G06003761,High,False,False,False,0
301446,G06005913,High,True,True,True,0
163931,G06005908,Medium,False,False,False,0
515596,G06003762,High,False,False,True,0
68814,G06011104,Medium,False,False,False,0
405084,G06005925,High,False,False,False,0
301409,G06005918,Medium,False,False,False,0
453063,G06005925,Low,False,False,False,0
325465,G06005912,High,False,False,False,0
99863,G06005914,High,False,False,False,1
453038,G06005918,Low,False,False,False,0
301330,G06003768,High,True,True,False,0
325532,G06011103,Medium,False,False,False,0
163772,G06003760,High,False,False,False,0
255674,G06003761,Medium,False,False,False,0
61435,G06011109,Medium,True,True,False,0
410177,G06005925,Low,False,False,False,0
210116,G06003760,Low,False,False,False,0
324653,G06005925,Low,False,False,False,0
68691,G06005913,High,False,False,False,0
324734,G06008303,Medium,False,False,False,0
523795,G06008303,High,False,False,False,0
324799,G06005925,Medium,False,False,False,0
324802,G06005914,Medium,False,False,False,0
324819,G06003766,High,False,False,False,0
301674,G06003768,High,False,False,False,0
301618,G06003780,High,False,False,False,0
7976,G06011109,High,True,True,True,0
325080,G06005925,High,False,False,True,0
99853,G06005914,High,False,False,True,0
163432,G06005912,Medium,False,False,False,0
301135,G06005918,Medium,True,True,False,0
179643,G06005925,Medium,True,True,False,0
410196,G06003768,High,True,True,False,0
301134,G06005908,Medium,False,False,False,0
325850,G06011103,Medium,False,False,False,0
325851,G06003766,Medium,False,False,False,0
325852,G06011104,Low,False,False,False,0
163286,G06005925,Medium,False,False,False,0
25428,G06003761,Low,False,False,False,0
325889,G06003760,Medium,False,False,False,0
515332,G06005918,Low,False,False,False,0
226977,G06011109,Medium,False,False,False,0
69070,G06003766,High,False,False,False,0
233921,G06005925,High,False,False,False,0
325547,G06011104,Low,False,False,False,0
452986,G06005918,High,False,False,False,1
179554,G06011109,Medium,False,False,False,0
523999,G06003779,High,False,False,False,0
524023,G06008303,Medium,False,False,False,0
233793,G06003774,Medium,False,False,False,0
233853,G06005918,Low,True,True,True,0
325643,G06003779,Low,False,False,False,0
462629,G06005918,Medium,False,False,False,0
233855,G06003761,High,False,False,True,0
227039,G06011109,High,False,False,False,0
452817,G06005918,Low,False,False,False,0
142101,G06003762,High,False,False,True,0
384605,G06011107,High,True,True,False,0
472163,G06011109,High,False,False,True,0
531878,G06003760,Medium,False,False,False,0
488515,G06011104,Low,False,False,False,0
41241,G06003760,High,False,False,False,0
370248,G06003760,Low,False,False,False,0
41224,G06005925,Medium,False,False,False,0
195966,G06005927,High,False,False,False,0
383694,G06005918,Medium,True,True,False,0
218486,G06011103,Medium,False,False,False,0
13524,G06003774,Low,False,False,False,0
428379,G06003774,High,False,False,False,0
214533,G06005925,Low,True,True,False,0
277965,G06005925,High,False,False,False,0
263921,G06005914,High,False,False,False,0
370128,G06005918,Low,False,False,False,0
488553,G06005908,High,False,False,False,0
370172,G06003768,Low,False,False,False,0
195889,G06003761,Medium,False,False,False,0
91917,G06005918,Low,False,False,False,0
543798,G06005925,High,False,False,False,1
91909,G06003762,High,False,False,False,0
417292,G06005925,High,False,False,False,0
246210,G06005924,Medium,False,False,False,0
383853,G06008303,Low,False,False,False,0
473414,G06005918,High,False,False,False,0
196162,G06005918,Low,False,False,False,0
391327,G06005912,Low,False,False,False,0
477580,G06003761,Medium,False,False,False,0
120070,G06003768,Low,False,False,False,0
38129,G06003766,Medium,False,False,False,0
87294,G06005912,Medium,False,False,False,0
421411,G06008303,High,True,True,False,0
543744,G06003768,Low,False,False,False,0
129532,G06005918,High,False,False,True,0
370761,G06008303,Low,False,False,False,0
277510,G06003760,High,False,False,True,0
38074,G06005914,High,False,False,False,0
473399,G06008303,Low,False,False,False,0
129741,G06005925,Low,False,False,True,0
277713,G06005925,High,False,False,False,0
252899,G06005914,Low,False,False,False,0
41170,G06005925,Medium,False,False,False,0
370462,G06003779,Low,False,False,False,0
370476,G06003768,High,False,False,True,0
370487,G06005924,Medium,False,False,False,0
87214,G06005924,Low,True,True,False,0
120049,G06003761,High,False,False,False,0
196227,G06005925,Medium,False,False,False,0
205605,G06011109,Medium,False,False,True,0
119749,G06005918,High,False,False,False,0
270451,G06003774,Medium,False,False,False,0
119549,G06003766,High,False,False,False,0
246082,G06003768,Medium,False,False,False,0
215952,G06005925,Medium,False,False,False,0
215956,G06003768,Low,False,False,False,0
52342,G06005918,High,False,False,False,0
477569,G06003780,High,False,False,False,0
91993,G06005912,High,False,False,False,0
111953,G06011103,Medium,False,False,False,0
473136,G06003766,Medium,False,False,False,0
497039,G06005914,High,False,False,False,0
497011,G06003761,High,False,False,True,0
428656,G06008303,High,False,False,True,0
263796,G06003766,High,False,False,False,0
270450,G06003760,High,False,False,False,0
119495,G06005918,Low,False,False,False,0
278294,G06011102,Low,False,False,False,0
86902,G06005925,Low,False,False,False,0
92075,G06003768,High,False,False,False,0
130626,G06003780,High,False,False,False,0
54450,G06003766,High,False,False,False,0
195654,G06008303,High,False,False,False,0
92054,G06005913,Low,False,False,False,0
497146,G06003766,Medium,False,False,True,0
497132,G06005918,High,False,False,False,0
86930,G06003760,Medium,True,True,False,0
6420,G06011104,High,True,True,False,0
369497,G06005925,Low,False,False,False,0
195866,G06003779,High,False,False,False,0
487169,G06003762,High,False,False,False,0
394839,G06011102,High,False,False,False,0
218602,G06003760,Medium,False,False,False,0
541713,G06003766,High,False,False,False,0
428481,G06005912,High,False,False,False,0
249948,G06005914,High,False,False,False,0
119738,G06008303,High,False,False,False,0
370031,G06003780,Low,False,False,False,0
428475,G06003768,Medium,False,False,False,0
383982,G06011103,Low,False,False,False,0
130231,G06005912,Low,False,False,False,0
44361,G06011104,Medium,False,False,False,0
415972,G06003779,Low,False,False,False,0
491483,G06003768,High,False,False,False,0
278015,G06005908,Medium,False,False,False,0
195773,G06008303,Medium,False,False,False,0
205669,G06005914,Low,False,False,False,0
201198,G06005918,High,False,False,False,0
383991,G06011104,High,True,True,False,0
415986,G06003768,High,False,False,False,0
369903,G06003760,High,True,True,False,0
130245,G06011109,Low,False,False,False,0
428110,G06011109,High,False,False,False,0
201029,G06011103,Low,False,False,True,0
475924,G06008303,High,True,True,True,0
87688,G06008303,Medium,True,True,False,0
87690,G06005914,Medium,True,True,False,0
371814,G06005914,Medium,False,False,False,0
427355,G06003762,High,True,True,False,0
371788,G06008303,High,False,False,False,0
196592,G06011102,High,True,True,True,0
246712,G06003768,High,False,False,True,0
128516,G06003760,High,False,False,False,0
487446,G06003779,Low,False,False,False,0
532315,G06005918,High,False,False,True,0
532269,G06005918,Medium,False,False,True,0
276750,G06003779,Medium,False,False,False,0
246696,G06003768,High,True,True,False,0
427417,G06011104,Low,False,False,False,0
128684,G06003768,High,False,False,False,0
391331,G06005918,Medium,False,False,False,1
128677,G06011102,Medium,False,False,False,0
427362,G06005914,Medium,False,False,False,0
54069,G06003768,Medium,False,False,False,0
371773,G06003780,Low,False,False,False,0
214527,G06003768,Low,True,True,False,0
270839,G06011104,High,False,False,False,0
128676,G06008303,High,False,False,False,0
276648,G06008303,High,False,False,False,1
532400,G06003760,Medium,False,False,False,0
427241,G06008303,Medium,True,True,False,0
43497,G06005914,Medium,False,False,False,0
372395,G06005912,High,False,False,False,0
495827,G06005914,Low,False,False,False,0
394466,G06011104,High,False,False,False,0
87878,G06005918,High,False,False,False,0
427217,G06003780,Medium,False,False,False,0
43515,G06005914,Medium,False,False,False,0
372574,G06003766,High,False,False,False,0
394395,G06005925,Low,False,False,False,0
95775,G06005908,High,False,False,False,0
372646,G06011104,High,False,False,False,0
264103,G06005914,High,False,False,False,0
4726,G06003779,High,False,False,False,0
427252,G06003761,High,True,True,False,0
496075,G06005914,High,False,False,False,0
372132,G06011103,Medium,False,False,False,0
196681,G06005914,High,False,False,False,0
496057,G06005918,Medium,False,False,False,0
372197,G06003780,Low,False,False,False,0
491945,G06005914,Medium,True,True,False,0
276566,G06003761,High,False,False,False,0
246751,G06003780,Medium,False,False,False,0
276591,G06005925,High,False,False,False,0
473832,G06003766,High,False,False,False,0
536993,G06005924,Medium,False,False,False,0
38565,G06003761,High,True,True,False,0
41094,G06003766,High,False,False,False,0
276807,G06005914,High,False,False,True,0
120408,G06003780,Medium,False,False,False,0
218336,G06005914,Medium,False,False,False,0
383316,G06003760,Low,False,False,False,0
371194,G06003779,High,False,False,False,0
394672,G06011109,Low,False,False,False,0
427697,G06005912,Medium,False,False,False,0
473657,G06005925,High,False,False,False,0
41154,G06003779,High,False,False,False,0
427696,G06005918,Low,True,True,False,0
277193,G06003761,High,False,False,False,0
95821,G06003766,High,False,False,False,0
263941,G06003768,Medium,False,False,False,0
218312,G06005918,High,False,False,False,0
112131,G06011109,Medium,False,False,False,0
120114,G06008303,Medium,True,True,False,1
394693,G06003766,High,False,False,False,0
201028,G06005912,High,True,True,False,1
543743,G06003761,Low,False,False,True,0
277223,G06003762,Medium,False,False,False,0
120139,G06003766,High,False,False,False,0
218337,G06008303,High,False,False,False,0
383327,G06005914,Low,False,False,False,0
38168,G06003768,Medium,False,False,False,0
38245,G06005914,High,False,False,False,0
371314,G06003761,Medium,False,False,False,0
246596,G06011107,Medium,False,False,True,0
371574,G06003762,High,False,False,False,0
41131,G06005914,High,False,False,False,0
475940,G06008303,Medium,True,True,False,0
534709,G06005918,High,True,True,True,0
112192,G06005925,Low,False,False,False,0
383124,G06003762,High,False,False,True,0
478012,G06011109,Low,False,False,True,0
11537,G06011104,High,False,False,False,0
371659,G06003774,Low,False,False,False,0
38313,G06003768,Medium,False,False,False,0
371530,G06011103,High,False,False,False,0
371518,G06008303,Medium,False,False,True,0
371350,G06003760,Medium,False,False,False,0
534797,G06005918,Medium,False,False,False,0
276972,G06008303,Low,False,False,False,0
87547,G06003766,High,False,False,False,0
491726,G06011104,High,False,False,False,0
371451,G06011102,Low,False,False,False,0
394618,G06008303,Low,False,False,False,0
491732,G06003761,Medium,False,False,False,0
218305,G06003760,Medium,False,False,False,0
128904,G06003768,Medium,False,False,False,0
496434,G06011109,Medium,False,False,True,0
278312,G06011104,High,False,False,False,1
253052,G06005925,High,True,True,False,0
54451,G06003761,High,False,False,False,0
132310,G06003760,High,False,False,False,0
531530,G06003760,High,False,False,True,0
498035,G06003761,Medium,False,False,False,0
132302,G06005914,High,False,False,False,0
384979,G06003774,Medium,True,True,True,0
430409,G06003761,High,False,False,False,0
367197,G06005914,High,True,True,False,0
395601,G06003780,Medium,False,False,False,0
132256,G06005925,Medium,False,False,False,0
41656,G06003780,High,False,False,False,0
118912,G06005914,High,False,False,False,0
367225,G06011102,High,False,False,False,0
497988,G06003760,High,False,False,False,0
52163,G06005925,High,False,False,True,0
118808,G06011103,High,True,True,False,0
366957,G06005914,Medium,False,False,False,0
132384,G06011103,Low,False,False,False,0
423097,G06005914,High,False,False,False,0
279390,G06003760,Low,False,False,False,0
37176,G06003762,High,False,False,False,0
415714,G06011103,Medium,False,False,False,0
194703,G06005912,High,False,False,False,0
279367,G06003780,High,False,False,False,0
279361,G06003760,Medium,True,True,False,0
201603,G06008303,High,False,False,False,0
132212,G06005918,High,False,False,False,0
367378,G06005925,High,False,False,False,0
472352,G06005925,Low,True,True,False,0
132001,G06003760,High,False,False,False,0
367402,G06005914,Low,False,False,False,0
384800,G06005918,Medium,False,False,False,0
367496,G06005925,Low,False,False,True,0
111533,G06003768,Low,True,True,False,0
118997,G06008303,High,False,False,False,0
430330,G06003766,Medium,False,False,False,0
205820,G06003760,Medium,False,False,False,0
92306,G06011109,Low,False,False,False,0
37208,G06003768,Low,False,False,False,0
85827,G06005914,High,False,False,False,0
367243,G06005925,Low,False,False,True,0
420758,G06011104,High,False,False,False,0
194830,G06005914,High,False,False,False,0
430359,G06005914,Medium,False,False,False,0
279221,G06005912,High,False,False,False,1
270108,G06011102,High,False,False,False,0
497895,G06011109,Medium,False,False,False,0
430354,G06011104,Medium,False,False,False,0
54953,G06008303,High,False,False,False,0
132463,G06003762,High,False,False,False,0
366414,G06005914,Medium,False,False,False,0
531416,G06011103,Medium,True,True,False,0
37032,G06005925,High,False,False,False,0
366503,G06005925,Medium,False,False,False,0
111307,G06005918,High,False,False,False,0
471981,G06005914,Medium,False,False,True,0
430874,G06005925,High,False,False,False,0
194512,G06003762,Low,False,False,False,0
471997,G06003768,High,False,False,False,0
244724,G06005925,Low,False,False,False,0
194531,G06008303,High,False,False,False,0
269835,G06003774,Medium,False,False,False,0
385390,G06003774,High,False,False,False,0
279633,G06005914,High,False,False,False,0
244617,G06008303,Low,False,False,False,0
5747,G06005914,High,False,False,False,0
395885,G06003761,High,False,False,False,0
133071,G06003761,Low,False,False,False,0
201691,G06005912,Low,True,True,False,0
43362,G06005913,Low,False,False,False,0
133050,G06003760,High,False,False,False,0
420629,G06008303,High,False,False,False,0
269824,G06003768,Medium,False,False,True,0
244658,G06011103,High,False,False,False,0
9824,G06008303,Medium,False,False,True,0
544326,G06005914,High,False,False,False,0
486797,G06003762,High,False,False,True,0
194628,G06008303,High,False,False,False,0
279509,G06003761,Medium,True,True,False,0
43403,G06005918,High,True,True,False,0
366848,G06011102,Low,False,False,False,0
263488,G06005918,High,False,False,False,0
366878,G06005918,High,False,False,False,0
118740,G06005925,High,False,False,False,0
385179,G06005914,Medium,False,False,True,0
491078,G06003766,High,False,False,False,0
132667,G06008303,Medium,False,False,False,0
430765,G06003760,High,False,False,False,1
111349,G06003760,High,False,False,False,0
132789,G06008303,Low,False,False,False,0
96084,G06003780,Medium,False,False,False,0
498181,G06003779,High,True,True,True,0
194547,G06005925,Medium,False,False,False,0
430702,G06003780,High,False,False,False,0
37110,G06005912,Low,False,False,False,0
132728,G06003766,Low,False,False,False,0
111381,G06011109,High,False,False,False,1
54996,G06005927,High,False,False,False,0
541743,G06005925,High,False,False,False,0
114622,G06011103,Medium,False,False,False,0
11659,G06003761,Low,True,True,False,0
111603,G06005908,High,False,False,False,0
542353,G06003779,Medium,False,False,False,0
86566,G06011104,High,True,True,False,0
54586,G06008303,Low,False,False,False,0
531658,G06003762,Medium,False,False,False,0
111741,G06005918,High,False,False,False,0
429367,G06005914,Low,False,False,False,0
119314,G06005914,Medium,False,False,False,0
368803,G06008303,Low,True,True,False,0
195375,G06003760,Medium,False,False,False,1
429418,G06003779,Medium,False,False,False,0
9869,G06011102,High,False,False,False,0
119233,G06008303,Medium,False,False,False,0
429618,G06011102,High,True,True,False,0
37535,G06003760,Medium,False,False,True,0
195274,G06008303,Medium,True,True,True,0
429537,G06008303,Low,False,False,False,0
278767,G06008303,High,False,False,False,1
41527,G06005908,High,True,True,False,0
472785,G06003774,High,True,True,False,0
472953,G06011104,Medium,True,True,False,0
5653,G06003762,Low,False,False,False,0
278420,G06005918,High,False,False,False,0
429013,G06005918,Medium,False,False,False,1
270327,G06003768,High,False,False,True,0
13646,G06005908,Medium,False,False,False,0
4527,G06003761,High,False,False,False,0
395186,G06003766,Low,False,False,False,0
428914,G06003760,Low,False,False,False,0
114527,G06008303,High,False,False,True,0
245920,G06008303,High,False,False,False,0
245936,G06011103,High,False,False,False,0
395184,G06003763,Low,False,False,False,0
421116,G06005918,High,True,True,False,0
92113,G06005918,High,False,False,False,0
13698,G06005914,High,True,True,False,0
13660,G06011104,High,False,False,False,0
11385,G06011109,High,True,True,False,0
265730,G06003779,Medium,False,False,False,0
111760,G06003780,Low,False,False,False,0
429213,G06011103,High,False,False,False,0
278572,G06011104,High,False,False,False,0
384425,G06008303,High,False,False,False,0
487019,G06008303,Medium,False,False,True,0
265714,G06003761,High,False,False,False,0
384417,G06003780,Medium,True,True,False,0
535052,G06011109,High,False,False,True,0
476151,G06005918,Medium,False,False,False,0
86766,G06005918,Medium,False,False,False,0
263659,G06008303,High,False,False,False,0
537114,G06003766,High,False,False,False,0
245538,G06005914,Low,False,False,False,0
367871,G06003760,High,False,False,False,0
395495,G06005925,Medium,False,False,False,0
367887,G06005925,High,False,False,False,0
9848,G06011102,Medium,False,False,False,0
201404,G06003760,Low,False,False,False,0
429915,G06005918,High,False,False,False,0
429891,G06005925,Medium,False,False,False,0
219141,G06011109,High,False,False,False,0
215875,G06011104,Low,False,False,False,0
472453,G06011103,High,False,False,False,0
491293,G06011104,High,False,False,False,0
131722,G06008303,Low,False,False,True,0
384600,G06005918,Low,False,False,False,0
472364,G06003779,Low,False,False,False,0
430148,G06005918,High,False,False,False,0
367812,G06011104,Medium,False,False,False,0
497771,G06011103,Medium,False,False,False,0
131822,G06005925,High,False,False,False,0
4366,G06005925,High,False,False,False,0
535057,G06003774,High,False,False,False,0
245408,G06005914,High,False,False,True,0
96044,G06011103,Low,False,False,False,0
472717,G06003779,High,False,False,False,0
368400,G06005908,Medium,False,False,True,0
420930,G06005918,Medium,False,False,False,0
86320,G06005918,Low,False,False,False,0
43428,G06011104,High,False,False,False,1
278864,G06011102,Medium,False,False,False,0
263653,G06003780,High,False,False,False,0
429724,G06003766,High,False,False,False,0
131325,G06005914,High,False,False,False,0
119217,G06005908,High,False,False,False,0
131399,G06003768,Medium,False,False,False,0
131495,G06003766,High,True,True,False,0
263634,G06011107,Medium,False,False,False,0
37396,G06011109,High,False,False,False,0
429799,G06005918,High,False,False,False,0
497708,G06005918,Low,False,False,False,0
92218,G06005912,High,False,False,False,0
429787,G06003779,High,True,True,False,0
131557,G06008303,High,False,False,False,0
368067,G06005914,Medium,True,True,False,0
384578,G06003780,Low,False,False,False,0
542395,G06011104,High,False,False,False,0
119149,G06005914,High,False,False,False,0
44495,G06005918,High,False,False,False,0
278906,G06011103,Low,False,False,False,0
384534,G06003762,Low,False,False,False,0
368162,G06003768,High,False,False,False,0
250160,G06011104,Low,False,False,False,0
532487,G06003766,High,True,True,False,0
372654,G06005918,Low,False,False,False,0
416376,G06005912,High,True,True,False,0
124545,G06005925,High,False,False,False,0
113976,G06011102,Low,False,False,False,1
271977,G06005925,High,False,False,False,1
422557,G06008303,Low,False,False,False,0
39778,G06011104,Low,False,False,False,0
477950,G06008303,Medium,False,False,False,0
416942,G06005925,Medium,False,False,False,0
39786,G06003760,Medium,True,True,False,0
378086,G06003780,Low,False,False,False,0
52591,G06005914,Low,False,False,False,0
249679,G06005914,Medium,False,False,False,0
378050,G06003779,High,False,False,True,0
381251,G06003779,Low,False,False,False,1
114004,G06003766,High,False,False,False,0
377685,G06005918,High,False,False,False,0
95433,G06005914,High,False,False,False,0
12040,G06005918,High,False,False,False,0
424562,G06008303,High,False,False,False,0
543148,G06008303,Low,True,True,True,0
124676,G06003768,High,False,False,True,1
264781,G06003766,Medium,False,False,False,0
533557,G06003760,Low,False,False,False,0
248271,G06003760,Low,False,False,False,0
248353,G06005925,Medium,False,False,True,0
377808,G06011103,Medium,False,False,False,0
274080,G06005913,High,True,True,True,0
113314,G06005925,High,False,False,False,0
378377,G06005914,High,False,False,False,0
90038,G06005912,Medium,False,False,False,0
272011,G06011104,Low,False,False,False,0
381104,G06003779,Medium,False,False,False,0
474787,G06011103,Low,False,False,False,0
216953,G06005925,Medium,False,False,False,1
378445,G06008303,Medium,True,True,False,0
378448,G06005918,Medium,False,False,False,0
204955,G06003774,Low,False,False,False,0
216966,G06005925,Medium,False,False,True,0
416485,G06005914,Medium,False,False,False,0
273977,G06005918,Low,False,False,False,0
204953,G06008303,High,False,False,True,0
494000,G06005918,Medium,True,True,False,0
124306,G06011103,Medium,False,False,False,0
378263,G06011103,Medium,False,False,False,0
39822,G06011103,High,False,False,False,0
265202,G06011103,Medium,False,False,False,0
95054,G06003760,Low,False,False,False,0
381132,G06011109,High,False,False,False,0
377613,G06005912,Medium,False,False,False,0
274233,G06003779,Medium,True,True,False,0
89541,G06003768,Medium,False,False,True,0
198123,G06005925,High,True,True,False,0
12722,G06003780,Low,True,True,False,0
248115,G06005914,High,False,False,False,0
425029,G06005925,High,False,False,False,0
541474,G06008303,Medium,False,False,False,0
125195,G06005913,Low,False,False,False,0
53173,G06011104,Low,True,True,False,0
381519,G06005914,Low,True,True,False,0
533402,G06003762,Medium,False,False,False,0
474613,G06005914,High,False,False,False,0
376513,G06008303,High,False,False,False,0
425052,G06003768,Low,False,False,False,0
425116,G06003760,High,False,False,True,0
197945,G06005918,High,False,False,True,0
121686,G06008303,Low,False,False,False,0
492556,G06011104,Low,False,False,False,0
376304,G06003761,High,False,False,False,0
533365,G06008303,Low,False,False,False,0
416277,G06003761,Low,False,False,False,0
425078,G06005918,Medium,False,False,False,0
376442,G06005912,High,False,False,False,0
425074,G06005924,Low,False,False,False,0
425067,G06011109,Medium,False,False,True,0
248078,G06005908,High,False,False,False,0
487869,G06008303,Low,False,False,False,0
274724,G06003780,Medium,False,False,False,0
198017,G06011109,Medium,False,False,True,0
536832,G06011109,Medium,False,False,False,0
422496,G06003779,High,False,False,False,0
424862,G06005914,High,False,False,False,0
377152,G06003780,Medium,False,False,False,0
271749,G06003762,Low,False,False,False,0
475699,G06005908,Medium,True,True,False,0
474670,G06005925,High,False,False,False,0
198305,G06003780,High,True,True,False,0
39649,G06003780,Medium,False,False,False,0
113194,G06011109,Low,False,False,False,0
494054,G06011109,High,False,False,False,0
377040,G06003760,High,True,True,False,0
422512,G06005925,High,False,False,False,0
376997,G06003779,Medium,False,False,False,0
204597,G06003760,Low,False,False,True,0
205069,G06005925,Medium,True,True,False,0
113098,G06005925,Medium,False,False,True,0
494189,G06011103,High,False,False,False,0
89701,G06003761,High,False,False,False,0
44016,G06005918,Low,False,False,False,0
271739,G06008303,Low,False,False,False,0
376907,G06003779,High,True,True,True,0
264638,G06011102,High,False,False,True,0
10094,G06003760,Low,False,False,False,0
273709,G06003763,High,False,False,False,0
425127,G06005925,Low,True,True,False,0
533673,G06003762,Medium,False,False,False,0
123318,G06003780,Medium,False,False,False,0
123277,G06003760,High,False,False,False,0
199608,G06005925,Low,False,False,False,0
534156,G06005914,Low,False,False,False,0
380498,G06003780,Low,False,False,False,0
392296,G06005913,Low,False,False,False,0
95093,G06008303,High,False,False,False,0
265137,G06003779,High,True,True,False,0
5352,G06003768,High,False,False,False,1
534115,G06003761,High,False,False,False,0
199174,G06008303,Medium,False,False,False,0
113698,G06008303,High,False,False,True,0
533770,G06005925,Medium,False,False,False,0
214244,G06005914,High,True,True,False,0
265030,G06003763,Medium,False,False,False,0
379405,G06003766,Low,False,False,False,0
475432,G06003761,Medium,False,False,True,0
379505,G06005925,Low,False,False,False,0
273026,G06003760,Medium,False,False,False,0
214249,G06005925,Medium,False,False,False,0
273056,G06003768,Medium,False,False,False,0
379345,G06011104,High,False,False,False,0
533918,G06003768,Medium,False,False,False,0
90565,G06011104,Medium,False,False,False,0
380105,G06005925,Medium,False,False,False,0
272542,G06005914,Medium,False,False,False,0
475404,G06011109,High,True,True,False,0
475358,G06008303,High,False,False,False,0
216560,G06011103,High,False,False,False,0
10176,G06011103,Medium,False,False,False,0
423074,G06003779,High,False,False,True,1
475382,G06005914,Medium,False,False,False,0
249075,G06003780,Medium,False,False,True,0
272647,G06003760,Medium,False,False,False,0
541583,G06003779,Low,False,False,False,0
199448,G06003768,High,True,True,False,0
422979,G06011104,High,False,False,False,0
536622,G06005914,High,True,True,False,0
379947,G06003761,Low,False,False,False,0
123032,G06003768,Low,False,False,False,0
477801,G06005925,High,False,False,False,0
214325,G06003780,Medium,False,False,False,0
475199,G06011109,Medium,True,True,False,0
392172,G06008303,Medium,False,False,False,0
5463,G06011109,High,False,False,False,0
122648,G06005918,High,False,False,False,0
265062,G06005914,Medium,False,False,False,0
216625,G06005912,Medium,False,False,False,0
122668,G06003762,Low,False,False,False,0
380411,G06005912,Low,False,False,False,0
416635,G06003780,Low,False,False,False,0
272121,G06005924,High,False,False,False,0
392007,G06005914,High,False,False,False,0
378942,G06003768,Low,False,False,False,0
273446,G06003762,High,True,True,False,0
40500,G06003774,High,False,False,False,0
199689,G06003779,High,False,False,False,0
543007,G06005925,Medium,False,False,False,0
379065,G06005912,Medium,False,False,True,0
380733,G06003768,Medium,False,False,False,0
536716,G06005914,Low,False,False,False,0
273529,G06005918,High,False,False,False,0
43872,G06005918,Low,False,False,False,0
123981,G06005925,Medium,True,True,False,1
488215,G06005914,High,False,False,False,0
113511,G06003761,High,True,True,False,0
378627,G06011109,Low,False,False,False,0
475560,G06003762,High,True,True,False,0
43811,G06005925,Medium,False,False,False,0
113494,G06005925,Medium,False,False,False,0
273610,G06003761,Medium,False,False,True,0
12555,G06011103,High,False,False,False,0
123900,G06011102,High,False,False,False,0
123680,G06011109,Medium,False,False,False,0
248814,G06005925,High,False,False,True,0
123523,G06003761,High,False,False,False,0
123512,G06005914,High,False,False,False,0
423645,G06003761,High,True,True,False,0
533765,G06011109,High,True,True,False,0
249448,G06005914,Medium,False,False,False,0
422935,G06003760,Medium,False,False,True,0
423626,G06011109,Low,False,False,False,0
123475,G06003780,Low,False,False,False,0
52675,G06003760,High,False,False,False,0
12455,G06005914,Medium,False,False,False,0
392378,G06011109,High,False,False,True,0
123481,G06011103,Low,False,False,False,0
216768,G06008303,Medium,False,False,False,0
214219,G06008303,Medium,False,False,False,0
392453,G06003760,Low,False,False,False,0
264976,G06005925,High,False,False,False,0
380704,G06003766,High,True,True,False,0
475024,G06003760,High,True,True,False,0
265183,G06003761,High,False,False,False,0
533736,G06003760,Low,False,False,False,0
122386,G06005914,Low,False,False,False,0
493689,G06005925,Medium,False,False,False,0
216788,G06003761,Medium,False,False,True,0
493061,G06011109,High,False,False,False,0
123543,G06005914,High,False,False,False,1
422910,G06003774,Medium,False,False,False,0
113422,G06011104,High,False,False,False,0
544394,G06008303,Low,False,False,False,0
494426,G06003760,Medium,True,True,False,0
391816,G06005914,Medium,False,False,False,0
421896,G06003766,Medium,False,False,False,0
495213,G06005924,High,False,False,False,0
474178,G06005912,Medium,False,False,True,0
40937,G06003761,High,True,True,False,0
532799,G06003768,Medium,False,False,False,0
373862,G06011104,High,False,False,False,0
426360,G06003761,Low,False,False,False,0
127452,G06011103,High,False,False,False,0
127459,G06003760,High,True,True,False,0
474118,G06005914,High,False,False,False,1
426408,G06008303,High,True,True,False,0
426395,G06005918,Medium,False,False,False,0
474136,G06011104,High,False,False,True,0
44189,G06005925,High,False,False,False,0
197070,G06003780,Medium,False,False,False,0
495344,G06005912,Low,False,False,False,0
495282,G06005912,Medium,False,False,False,0
217830,G06003760,High,False,False,False,0
495256,G06005924,Low,False,False,False,0
495244,G06011103,Medium,True,True,False,0
200475,G06003761,Low,False,False,False,0
9978,G06008303,Low,False,False,False,0
197042,G06011109,Low,False,False,False,0
53749,G06003780,Medium,False,False,False,0
421910,G06005914,Medium,False,False,False,0
374138,G06005918,High,False,False,False,1
382314,G06005912,High,True,True,False,0
50810,G06011104,High,False,False,False,0
11812,G06011104,Low,False,False,False,0
382168,G06005912,Medium,False,False,False,0
494986,G06003780,Low,False,False,False,0
217670,G06005914,High,False,False,False,0
271064,G06003762,Medium,False,False,False,0
264295,G06005914,Low,True,True,True,0
374131,G06003761,High,False,False,False,0
44163,G06003780,High,False,False,False,0
421979,G06003774,Low,False,False,False,0
38941,G06008303,Medium,False,False,False,0
127220,G06003763,Medium,False,False,False,1
416147,G06008303,High,False,False,False,0
382430,G06003780,Low,False,False,False,0
10233,G06003768,High,False,False,False,0
44153,G06008303,Medium,False,False,False,0
127134,G06003780,High,False,False,False,0
51061,G06003774,High,True,True,True,0
197195,G06005927,High,False,False,False,0
382449,G06005918,Low,False,False,False,0
391472,G06003774,Medium,False,False,False,0
426851,G06003768,Medium,False,False,False,0
38690,G06003768,Low,False,False,False,0
426817,G06003766,Low,False,False,False,0
38693,G06003760,High,False,False,False,0
536458,G06011103,High,False,False,False,0
543531,G06003780,High,False,False,False,0
205403,G06005912,Medium,False,False,False,0
487533,G06005925,High,False,False,False,0
543496,G06005908,High,False,False,False,0
91701,G06003760,High,False,False,True,0
120776,G06011104,High,False,False,False,1
473962,G06005918,High,False,False,False,0
246933,G06003780,Medium,False,False,False,0
391433,G06005918,Medium,False,False,False,0
495782,G06008303,High,True,True,False,0
41034,G06005914,Medium,False,False,False,0
88056,G06003762,High,False,False,False,0
473929,G06008303,High,False,False,False,0
276428,G06005912,Low,False,False,True,0
276420,G06003780,High,False,False,True,0
372823,G06008303,High,False,False,False,0
200641,G06003763,Medium,False,False,False,0
41030,G06011103,High,False,False,False,0
488437,G06005914,High,False,False,False,0
487459,G06008303,High,False,False,True,0
473964,G06011103,Medium,False,False,False,0
13197,G06003768,High,False,False,False,0
495472,G06003768,Medium,False,False,False,0
421881,G06005912,High,True,True,True,0
373488,G06008303,Medium,False,False,False,0
276188,G06005912,Low,False,False,False,0
492109,G06003762,High,False,False,False,1
270997,G06008303,High,False,False,False,0
38820,G06011103,Low,False,False,False,0
127627,G06005908,High,False,False,False,0
373502,G06005908,Medium,True,True,False,0
373477,G06005918,Medium,False,False,False,0
120818,G06005914,High,False,False,False,0
120783,G06003768,Low,True,True,False,0
270975,G06005925,Low,False,False,False,0
394234,G06005927,High,True,True,False,0
127849,G06005918,Low,False,False,False,0
38733,G06005914,Medium,False,False,False,0
127810,G06005914,Low,True,True,False,0
394222,G06008303,Low,False,False,False,0
549973,G06008303,Low,True,True,False,0
216151,G06011109,High,False,False,True,0
373408,G06005925,Medium,False,False,False,0
495572,G06003761,Low,False,False,False,0
495553,G06011109,Medium,True,True,False,0
541649,G06003761,Medium,False,False,False,0
492319,G06005914,Low,False,False,False,0
271582,G06005925,Medium,False,False,True,0
13051,G06011107,Medium,True,True,False,0
426015,G06003774,Medium,False,False,False,0
375786,G06003761,High,False,False,True,0
200139,G06008303,High,False,False,True,0
247855,G06005914,Medium,False,False,False,0
393493,G06003761,Medium,False,False,True,0
391669,G06005925,Medium,False,False,False,0
393485,G06011104,Medium,True,True,False,0
425492,G06003768,High,False,False,False,0
375847,G06003779,High,False,False,False,0
381768,G06011109,High,False,False,False,0
381761,G06005918,Low,False,False,False,0
11931,G06005914,High,False,False,False,0
494549,G06011103,Low,True,True,False,0
121570,G06003780,Medium,False,False,False,0
477956,G06005918,High,False,False,False,0
197727,G06008303,Low,False,False,True,0
271370,G06003762,Low,False,False,False,0
205219,G06003779,Medium,False,False,False,0
214472,G06005925,High,False,False,True,0
5062,G06011102,Low,False,False,True,0
217495,G06011104,High,False,False,True,0
205211,G06003760,High,True,True,True,0
12888,G06003768,High,False,False,False,0
197678,G06003780,High,False,False,False,0
474462,G06005918,Medium,True,True,False,0
89152,G06008303,High,False,False,False,0
375729,G06008303,Medium,False,False,False,0
422368,G06005925,High,False,False,True,0
197616,G06005927,High,False,False,False,0
205200,G06011102,Medium,False,False,True,0
264589,G06005914,Low,False,False,False,0
53236,G06008303,Medium,False,False,False,0
217369,G06005914,Low,False,False,False,0
10065,G06011109,High,True,True,False,0
125592,G06011102,High,False,False,False,0
274816,G06003768,High,False,False,False,0
252695,G06005912,Low,False,False,False,0
494439,G06005918,High,False,False,False,0
376093,G06005925,Low,True,True,False,0
265334,G06003768,High,False,False,False,0
125667,G06011104,High,False,False,False,0
536942,G06003779,Low,False,False,False,0
494528,G06005918,High,True,True,True,0
125846,G06011103,High,False,False,False,0
197816,G06003768,High,False,False,False,0
91409,G06005914,Medium,False,False,False,0
247885,G06005914,Medium,True,True,False,0
247925,G06008303,Medium,False,False,False,0
375970,G06003780,Medium,False,False,False,0
536874,G06003760,Medium,False,False,False,1
40721,G06003766,Medium,False,False,False,0
125730,G06005914,High,False,False,False,0
393250,G06003760,High,False,False,False,0
88794,G06008303,Medium,True,True,False,0
474279,G06005925,High,False,False,True,0
475743,G06005918,High,True,True,False,0
252309,G06005918,Medium,False,False,True,0
39064,G06003761,Medium,True,True,False,0
393746,G06003768,Medium,False,False,False,0
425936,G06011109,Low,False,False,False,1
126627,G06005914,Medium,False,False,True,0
425924,G06005918,Medium,False,False,False,0
494855,G06003761,Medium,True,True,False,0
381970,G06003780,High,False,False,False,0
247628,G06008303,Medium,False,False,False,0
492331,G06005908,Low,True,True,True,0
39053,G06011103,High,True,True,False,0
422036,G06003780,High,False,False,False,0
426009,G06003760,Low,False,False,False,0
197347,G06003766,Medium,False,False,False,0
265463,G06005918,High,False,False,False,0
374489,G06003762,High,False,False,False,0
200330,G06008303,Medium,True,True,False,0
264354,G06005925,High,False,False,True,0
393919,G06003760,High,False,False,False,0
425984,G06003762,High,False,False,False,0
374626,G06003768,High,False,False,True,0
200262,G06011109,High,False,False,True,0
95624,G06011102,High,False,False,False,1
247742,G06003761,High,False,False,False,0
53457,G06008303,High,False,False,True,0
200193,G06008303,High,False,False,True,0
249725,G06003768,High,True,True,False,0
425727,G06008303,Medium,True,True,False,0
425684,G06011104,High,False,False,False,0
112812,G06003779,Medium,False,False,False,0
375368,G06003774,Low,True,True,False,0
39199,G06011107,High,False,False,False,0
53414,G06003768,High,True,True,False,0
249710,G06005918,Medium,False,False,False,0
121427,G06005925,Medium,False,False,False,0
11881,G06003779,Medium,False,False,False,0
492477,G06003761,High,False,False,False,0
494849,G06005918,High,False,False,False,0
275480,G06005918,Low,True,True,False,0
121298,G06008303,High,False,False,True,0
112732,G06003766,High,False,False,False,0
197479,G06011104,Medium,False,False,False,0
197506,G06008303,High,False,False,False,0
13002,G06003768,Medium,True,True,False,0
374969,G06003760,High,False,False,False,0
393643,G06005918,Medium,False,False,False,0
271180,G06008303,Medium,False,False,False,0
492447,G06005912,High,False,False,False,1
247750,G06005925,Low,False,False,False,0
275294,G06003766,Medium,False,False,False,0
375245,G06005918,High,True,True,False,0
532959,G06011104,High,True,True,False,0
430978,G06005912,Low,False,False,False,0
488334,G06008303,High,False,False,True,0
430982,G06005918,High,False,False,False,0
241994,G06005925,High,False,False,False,0
283266,G06005918,High,True,True,False,0
116514,G06011109,Medium,False,False,False,0
390093,G06003761,High,False,False,False,0
358532,G06005918,High,False,False,False,0
358459,G06005918,Medium,False,False,False,0
191812,G06005925,High,False,False,False,0
253554,G06003768,High,False,False,False,0
45097,G06011104,High,True,True,True,0
414491,G06005925,High,False,False,False,0
267612,G06003762,Medium,False,False,False,0
434851,G06005918,Medium,False,False,False,0
213375,G06011107,Medium,False,False,False,0
191751,G06003768,High,False,False,False,0
435029,G06005918,Low,False,False,False,0
115273,G06003766,Medium,False,False,False,0
390055,G06008303,Medium,True,True,False,0
34778,G06005914,Medium,False,False,False,0
45187,G06005908,Medium,False,False,False,1
267556,G06005924,Medium,False,False,True,1
3583,G06003780,Low,False,False,False,0
138853,G06005914,High,False,False,False,1
501388,G06008303,Medium,False,False,False,1
388321,G06011103,High,False,False,False,1
138894,G06008303,High,False,False,True,0
250716,G06003760,High,False,False,False,1
34976,G06003761,Medium,False,False,False,0
82108,G06011104,High,False,False,False,0
283096,G06005914,High,True,True,False,0
530124,G06008303,High,True,True,False,0
266156,G06011103,Low,True,True,False,0
542040,G06008303,High,False,False,False,0
138363,G06005924,High,False,False,False,0
501221,G06003780,Medium,False,False,True,0
138341,G06003762,High,False,False,False,0
283053,G06003779,Low,False,False,False,0
359064,G06011103,Low,False,False,False,0
358649,G06003779,High,False,False,True,0
434706,G06003768,High,False,False,True,0
501237,G06005914,High,False,False,False,0
476798,G06011103,Low,False,False,False,0
501316,G06005925,High,False,False,False,0
501310,G06011103,High,False,False,False,0
489899,G06003779,High,False,False,False,0
358696,G06003760,High,False,False,False,0
138570,G06008303,Medium,True,True,False,0
221200,G06005918,Medium,False,False,False,0
138546,G06005914,Medium,False,False,False,0
486211,G06003779,High,False,False,False,0
501262,G06005925,High,True,True,False,0
358727,G06003760,Low,False,False,False,0
489164,G06003761,Low,False,False,False,0
359114,G06003761,High,False,False,False,0
191701,G06005914,High,False,False,False,0
94404,G06003768,Medium,True,True,False,0
139338,G06003766,High,False,False,False,0
109843,G06003760,High,True,True,False,0
109849,G06005914,High,False,False,False,0
251179,G06008303,High,False,False,False,0
501724,G06011102,Medium,False,False,True,0
109842,G06003761,High,False,False,False,0
191371,G06003766,Medium,False,False,False,0
191389,G06003766,Medium,False,False,False,0
251137,G06011102,High,False,False,False,0
397682,G06008303,High,False,False,False,0
489264,G06005914,High,True,True,True,0
357848,G06005927,High,False,False,True,0
109851,G06003761,Medium,False,False,False,0
81604,G06003761,High,False,False,False,0
283679,G06005914,Medium,False,False,True,0
96670,G06003760,Low,False,False,False,0
501851,G06003768,Medium,False,False,True,0
241636,G06008303,Medium,False,False,True,0
93952,G06003768,Medium,False,False,False,0
81596,G06003766,Medium,False,False,False,0
357619,G06005912,High,False,False,False,0
418521,G06011109,Medium,True,True,False,0
221467,G06008303,Low,False,False,False,0
470293,G06005908,High,False,False,False,0
388604,G06003768,Low,False,False,False,0
81562,G06005925,Medium,False,False,False,0
139456,G06005913,High,False,False,False,0
283332,G06011103,High,False,False,False,0
116363,G06005914,High,False,False,False,0
116378,G06003780,High,False,False,False,0
9506,G06003766,Low,False,False,False,0
358145,G06005914,Medium,True,True,True,0
139037,G06005918,Medium,True,True,False,0
397638,G06003768,High,False,False,False,0
139029,G06011104,High,False,False,False,1
283483,G06008303,Low,False,False,False,1
397637,G06003779,Low,False,False,False,0
250922,G06005918,High,False,False,False,0
530029,G06008303,Low,False,False,False,0
191691,G06003760,High,False,False,False,0
267523,G06011103,High,False,False,False,0
541964,G06005925,High,True,True,False,0
486165,G06003779,High,False,False,False,0
115285,G06003760,High,True,True,False,0
358052,G06005912,Medium,False,False,False,0
253647,G06005927,High,False,False,False,0
139183,G06008303,Medium,False,False,False,0
253603,G06011103,High,False,False,True,0
501631,G06003768,Medium,False,False,False,0
221393,G06005914,High,False,False,False,0
191438,G06011104,Low,False,False,False,0
34743,G06003760,High,True,True,False,0
435134,G06003779,Medium,False,False,False,0
241834,G06003760,Low,False,False,False,0
10767,G06005918,Medium,False,False,False,0
359155,G06011104,High,False,False,False,0
486217,G06003760,Medium,False,False,False,0
220940,G06003763,Low,False,False,False,0
419066,G06005914,High,False,False,False,0
282554,G06011109,Low,False,False,False,0
137367,G06003760,High,False,False,False,0
35393,G06005927,High,True,True,False,0
433891,G06005912,Low,False,False,True,0
486414,G06003780,Low,False,False,False,0
477098,G06005912,High,False,False,False,1
500770,G06005914,High,False,False,False,0
110350,G06008303,Medium,True,True,False,0
387676,G06011103,High,False,False,False,0
253411,G06003774,Low,True,True,True,0
385395,G06005914,Medium,False,False,False,0
137604,G06005925,Low,True,True,True,0
390251,G06003768,High,True,True,False,0
470752,G06005912,High,True,True,False,0
282631,G06003779,High,True,True,False,0
262956,G06011103,Medium,False,False,False,0
192393,G06008303,High,False,False,False,0
434045,G06005918,High,False,False,False,0
500805,G06011104,High,False,False,False,0
242393,G06003780,Medium,False,False,False,0
478395,G06005925,Low,False,False,False,0
397018,G06011109,High,False,False,False,0
82541,G06003780,Medium,False,False,False,0
434060,G06003768,High,False,False,False,0
541801,G06003761,Medium,False,False,False,0
44882,G06005918,Medium,False,False,False,0
530395,G06011104,High,False,False,False,0
419221,G06003779,High,False,False,False,1
470867,G06005912,High,False,False,True,0
476733,G06003760,Medium,False,False,False,0
545014,G06011104,High,False,False,False,0
242532,G06011109,High,False,False,False,0
215371,G06008303,Medium,False,False,False,0
55932,G06005918,High,False,False,False,0
268315,G06005925,High,True,True,False,0
268361,G06003766,Medium,False,False,False,0
360779,G06005925,High,False,False,False,0
390301,G06003760,Medium,True,True,True,0
192489,G06003768,Low,True,True,False,0
268270,G06003768,High,True,True,False,0
137266,G06003779,High,False,False,False,0
537391,G06003768,Medium,False,False,False,0
10859,G06011102,Medium,False,False,True,0
192455,G06003768,Medium,False,False,False,0
396977,G06003761,High,False,False,False,0
489041,G06011104,High,False,False,True,0
137230,G06003760,Medium,False,False,False,0
206389,G06003760,High,False,False,False,0
433819,G06003779,Medium,False,False,False,0
282527,G06005925,Medium,True,True,False,0
282514,G06003780,Medium,False,False,False,0
202756,G06005925,Medium,False,False,False,0
82468,G06003780,Medium,False,False,False,0
42461,G06005914,High,False,False,False,0
138109,G06011109,Low,False,False,False,0
489977,G06005912,Low,False,False,False,0
359443,G06003760,High,False,False,False,0
359331,G06003762,High,True,True,True,0
138079,G06003768,Low,False,False,False,0
359522,G06005914,High,False,False,False,0
414583,G06011104,Medium,True,True,False,0
418913,G06005914,Low,False,False,False,0
434437,G06005925,Low,False,False,False,0
35105,G06003766,Medium,True,True,False,0
359615,G06005918,High,False,False,False,0
470676,G06003766,High,False,False,False,0
221137,G06011104,High,False,False,False,0
530158,G06008303,Low,False,False,False,0
501203,G06011109,High,False,False,False,0
138260,G06005914,Medium,True,True,False,0
359243,G06011103,Medium,False,False,False,0
138243,G06005925,High,False,False,True,0
408593,G06003760,High,False,False,False,0
434637,G06005914,High,False,False,False,0
56120,G06005914,Medium,False,False,False,0
250683,G06005912,Medium,False,False,False,0
35037,G06011103,Medium,False,False,False,0
221117,G06003780,Low,False,False,False,0
489979,G06003779,High,True,True,False,0
282809,G06003762,Low,False,False,False,0
3621,G06003768,Low,False,False,False,0
116842,G06011103,Low,False,False,False,0
82407,G06005918,Low,False,False,False,0
137763,G06003760,High,False,False,True,0
545124,G06011104,Medium,False,False,False,0
35301,G06003780,Low,False,False,True,0
418969,G06003768,Medium,False,False,False,0
192257,G06008303,High,True,True,False,0
282702,G06005925,Medium,False,False,False,0
110298,G06008303,Low,False,False,False,0
137719,G06011103,High,True,True,False,0
418968,G06005914,High,False,False,False,0
213439,G06005914,Medium,False,False,False,0
192205,G06011109,Medium,False,False,True,0
202823,G06005924,Low,False,False,False,1
192134,G06005912,Low,True,True,False,0
535688,G06011103,High,False,False,False,0
490036,G06003760,Low,False,False,False,0
192145,G06005913,High,False,False,False,0
93553,G06005925,High,False,False,False,0
414620,G06005927,High,False,False,False,0
192193,G06003760,Medium,False,False,False,0
501026,G06011103,High,False,False,False,1
82379,G06005925,High,False,False,False,0
206642,G06011103,High,False,False,False,0
55913,G06005913,Medium,False,False,False,0
221524,G06005925,Medium,False,False,False,0
141321,G06003780,High,False,False,False,0
355294,G06005914,High,False,False,False,0
355295,G06011102,High,False,False,True,0
115887,G06005924,Medium,False,False,False,0
221783,G06003779,Medium,False,False,False,0
190591,G06011109,High,False,False,False,0
141224,G06005925,High,True,True,True,0
389280,G06005925,Low,False,False,False,0
203559,G06005914,High,False,False,False,0
284481,G06005914,Low,False,False,True,0
284482,G06005914,Medium,False,False,False,0
253764,G06011103,Medium,False,False,False,0
141461,G06005914,High,False,False,False,0
206795,G06003762,High,False,False,False,0
203906,G06011102,High,False,False,False,0
414037,G06005925,Low,False,False,False,1
141347,G06003763,Medium,False,False,False,0
478597,G06003760,Medium,False,False,False,0
355233,G06003766,Medium,False,False,False,0
414038,G06005926,Low,True,True,False,0
80721,G06005913,Medium,False,False,False,0
284495,G06005916,High,False,False,False,0
141406,G06003779,High,False,False,False,0
241236,G06005914,High,False,False,False,0
355659,G06005918,High,False,False,False,0
436043,G06011104,High,True,True,False,0
284360,G06011103,Low,False,False,False,1
56588,G06003761,Medium,False,False,False,0
34170,G06003779,High,False,False,False,0
115953,G06003760,High,True,True,True,0
355780,G06005914,High,False,False,False,0
418388,G06003760,Low,False,False,False,0
529562,G06003762,High,False,False,False,1
241294,G06003763,Medium,False,False,False,0
241275,G06003779,High,True,True,False,0
51597,G06008303,High,False,False,False,0
502692,G06005918,High,False,False,False,0
141142,G06005918,Low,False,False,False,0
10514,G06005913,High,False,False,False,0
355509,G06003761,High,False,False,False,0
80863,G06005925,Low,False,False,False,0
141048,G06005925,Medium,False,False,True,0
355527,G06005914,High,True,True,False,0
190646,G06011104,High,False,False,False,0
389271,G06003780,High,True,True,False,0
436081,G06005914,Low,False,False,False,0
489527,G06005914,Medium,False,False,False,0
418434,G06003766,High,False,False,False,0
502842,G06005912,High,False,False,False,0
141980,G06005912,Low,False,False,False,0
50417,G06011104,High,True,True,False,0
109345,G06005925,High,False,False,False,0
80436,G06005912,Medium,False,False,True,0
42902,G06003766,Low,False,False,False,0
33804,G06003766,High,False,False,True,0
436520,G06003768,Medium,True,True,True,0
141835,G06003780,Medium,False,False,False,0
51547,G06003761,High,True,True,False,0
284902,G06005925,Low,False,False,False,0
115508,G06005914,Medium,False,False,False,0
398299,G06003780,Low,False,False,False,0
489432,G06011103,High,False,False,False,1
251757,G06003768,Medium,False,False,True,0
222037,G06005925,Low,False,False,True,0
80409,G06003780,Low,False,False,False,0
418161,G06005912,High,False,False,False,0
418243,G06011103,Medium,False,False,True,0
398280,G06003760,Medium,False,False,False,0
537701,G06011102,High,True,True,False,0
221985,G06003768,Medium,False,False,True,0
213214,G06005908,Low,False,False,False,0
262470,G06003774,High,False,False,True,1
80478,G06008303,High,True,True,False,1
141783,G06003766,Low,False,False,False,0
141622,G06005925,High,False,False,False,0
284720,G06005914,High,False,False,True,0
354975,G06005925,Low,False,False,False,0
284691,G06011104,Medium,False,False,False,0
502972,G06003760,High,False,False,True,0
241152,G06005927,Medium,False,False,False,0
436300,G06005925,Medium,False,False,True,0
389395,G06005918,Low,True,True,False,0
503063,G06003766,Medium,False,False,False,0
203895,G06005918,High,True,True,False,0
529357,G06011104,High,False,False,False,0
398230,G06011103,High,False,False,False,0
477007,G06008303,Low,False,False,False,0
354621,G06011109,Medium,False,False,False,1
115729,G06003768,Medium,True,True,False,0
485895,G06005925,Medium,False,False,False,0
478627,G06003760,Medium,False,False,False,0
253770,G06003779,High,False,False,False,0
536094,G06011103,High,False,False,False,0
80622,G06011104,High,False,False,False,1
80625,G06005925,Low,False,False,False,0
436379,G06005918,Low,False,False,False,0
389520,G06003780,High,False,False,False,0
418437,G06011103,Medium,False,False,False,0
109753,G06011103,High,False,False,False,0
42719,G06005925,High,False,False,False,1
356984,G06005914,Medium,False,False,False,0
414280,G06005925,High,False,False,False,1
241509,G06008303,Low,False,False,False,0
435409,G06011104,Low,False,False,False,0
191143,G06005918,Medium,False,False,False,0
357042,G06003760,High,True,True,False,0
357056,G06003768,Medium,True,True,True,0
109763,G06003779,Medium,False,False,False,0
545265,G06003768,High,False,False,False,0
56303,G06005918,Medium,True,True,False,0
221568,G06005914,Low,False,False,False,0
502251,G06003766,Medium,False,False,False,0
284001,G06005924,High,False,False,False,0
191039,G06005925,Medium,False,False,False,0
45285,G06003760,Medium,True,True,False,0
140162,G06003761,Medium,False,False,False,0
356839,G06003780,Low,False,False,True,0
529787,G06003768,High,False,False,False,0
262739,G06005925,Low,False,False,False,0
418484,G06003762,Medium,False,False,False,0
241422,G06003763,Medium,False,False,True,0
191097,G06005925,High,False,False,False,0
478520,G06005918,Low,False,False,False,0
109775,G06005912,High,False,False,True,0
357085,G06003760,Low,False,False,False,0
357259,G06005925,Low,False,False,False,0
283872,G06005925,High,False,False,False,0
139611,G06003779,High,False,False,False,0
81402,G06003768,High,False,False,False,0
283798,G06003760,High,False,False,False,0
34592,G06003768,High,True,True,False,1
489752,G06008303,Medium,False,False,False,0
476892,G06005914,High,False,False,False,0
357317,G06003768,Medium,False,False,False,0
81440,G06005918,Medium,False,False,False,0
203965,G06011104,High,True,True,False,0
418500,G06008303,High,False,False,False,0
283901,G06005918,High,True,True,False,0
266391,G06008303,Low,False,False,False,0
529814,G06003768,High,False,False,False,0
388743,G06005925,Low,False,False,True,0
81387,G06008303,High,False,False,False,0
139836,G06005908,Low,False,False,False,0
283891,G06003779,Medium,False,False,False,0
203254,G06011109,High,False,False,False,0
139752,G06008303,Low,False,False,False,0
357196,G06003760,Low,True,True,False,0
109810,G06011104,High,False,False,False,0
109802,G06005925,Medium,True,True,False,0
284014,G06003766,Low,False,False,False,0
203501,G06011102,High,False,False,False,0
502538,G06011103,High,False,False,False,0
15167,G06005924,Medium,False,False,False,1
42738,G06011103,High,False,False,False,0
56515,G06005925,Medium,False,False,True,1
469951,G06005918,Low,True,True,False,1
140679,G06005918,Medium,False,False,False,0
213241,G06003780,High,False,False,False,1
502524,G06003760,High,False,False,False,0
545400,G06003766,High,False,False,False,0
389035,G06003780,High,False,False,False,0
109599,G06005914,High,True,True,False,0
140739,G06008303,High,True,True,False,0
253754,G06008303,Medium,False,False,False,0
536134,G06003779,Medium,False,False,False,0
190764,G06003766,High,True,True,False,0
529638,G06003760,Medium,False,False,True,0
435968,G06005914,Medium,False,False,True,0
140814,G06003768,High,False,False,True,0
398126,G06005918,Low,False,False,False,0
355831,G06005925,High,True,True,False,0
34206,G06003774,Medium,False,False,False,0
284318,G06003779,Medium,False,False,False,0
535965,G06011103,High,False,False,False,0
190802,G06003760,Low,False,False,False,0
42744,G06005914,High,True,True,True,0
241334,G06005912,High,False,False,False,0
190867,G06005914,High,False,False,False,0
213263,G06003760,High,False,False,False,0
284087,G06003761,Medium,False,False,False,0
356586,G06008303,High,False,False,False,0
140340,G06003766,Medium,False,False,True,0
45300,G06005925,Low,True,True,False,0
435786,G06005925,High,False,False,True,0
241378,G06005918,Medium,False,False,False,0
284029,G06005925,High,False,False,False,0
356701,G06011107,High,False,False,False,0
284016,G06005914,High,False,False,False,0
435686,G06011104,High,False,False,False,0
241363,G06011109,Low,False,False,False,0
529670,G06003768,High,False,False,True,0
9460,G06005918,Low,False,False,False,0
206746,G06003768,Low,True,True,False,0
356099,G06011109,High,False,False,False,0
34282,G06011103,Medium,False,False,False,0
356193,G06005916,High,False,False,False,0
190892,G06003760,Medium,False,False,False,0
435896,G06005914,High,False,False,False,0
284132,G06008303,High,False,False,True,0
190914,G06003780,High,True,True,False,0
356321,G06008303,High,False,False,False,0
388918,G06003766,High,False,False,False,0
15134,G06005925,High,False,False,True,0
435870,G06008303,Medium,False,False,False,0
56253,G06011103,Low,False,False,False,0
545010,G06011104,High,True,True,False,0
82536,G06005925,Low,False,False,False,0
84160,G06005926,Medium,False,False,False,0
84151,G06003768,Medium,False,False,False,0
531022,G06003779,Medium,True,True,False,0
134849,G06005925,High,False,False,False,0
432373,G06003779,Medium,False,False,True,0
419993,G06003761,High,False,False,False,0
535262,G06003780,Medium,False,False,False,0
363905,G06008303,High,False,False,False,0
134941,G06005925,Low,True,True,True,0
363895,G06003761,Medium,False,False,False,0
110801,G06003779,High,False,False,False,0
14229,G06005918,Medium,False,False,False,0
536346,G06011104,High,False,False,False,0
542177,G06008303,High,True,True,True,0
215614,G06008303,Low,False,False,False,0
269361,G06011103,Low,False,False,False,0
281256,G06005914,High,True,True,False,0
51301,G06003760,Medium,False,False,True,0
220098,G06003766,Low,False,False,False,0
5859,G06003780,Medium,False,False,False,0
386346,G06005924,High,False,False,False,0
263231,G06011104,Low,True,True,False,0
193623,G06003766,Low,False,False,False,0
118044,G06003780,Low,False,False,False,0
490838,G06011103,High,False,False,False,0
110905,G06003760,Low,False,False,False,0
243863,G06008303,Medium,False,False,False,1
280773,G06003760,High,False,False,True,0
110888,G06005914,Medium,False,False,False,0
364314,G06003766,Medium,False,False,False,0
84305,G06005925,Medium,False,False,False,0
110885,G06011104,High,False,False,False,0
4016,G06005914,High,False,False,False,0
386076,G06005914,Low,False,False,False,0
420248,G06011103,Low,False,False,False,0
364216,G06005914,Medium,False,False,False,0
477428,G06005918,Medium,False,False,False,0
432366,G06005914,Low,False,False,False,0
415211,G06011103,Medium,False,False,True,0
193677,G06005918,Medium,False,False,False,0
280963,G06003760,Medium,False,False,False,0
432311,G06005914,High,False,False,False,0
432433,G06003780,High,False,False,False,0
250343,G06003779,High,True,True,False,0
364165,G06005908,High,False,False,True,1
490740,G06003779,Medium,False,False,False,0
476364,G06003766,High,False,False,False,0
4010,G06003761,High,False,False,True,1
55499,G06005925,Low,False,False,False,0
269350,G06005925,High,False,False,True,0
544667,G06003761,Low,False,False,False,0
432436,G06003768,High,False,False,False,0
96286,G06005908,Medium,False,False,False,0
243376,G06005925,Low,False,False,False,0
204301,G06003779,High,False,False,False,0
535299,G06003779,High,True,True,False,0
386453,G06005918,Medium,True,True,False,0
490608,G06005925,Low,False,False,False,0
490593,G06003760,High,True,True,False,0
96305,G06011104,High,False,False,False,0
471208,G06008303,High,False,False,False,1
83793,G06008303,High,False,False,False,0
11058,G06011103,Medium,True,True,True,0
363089,G06005925,High,True,True,False,0
432882,G06008303,Medium,True,True,False,0
535379,G06003761,High,True,True,False,0
432936,G06008303,High,False,False,False,0
193215,G06003762,Medium,False,False,False,0
83698,G06003766,Medium,False,False,False,0
362956,G06011102,Medium,False,False,False,0
362959,G06005914,High,False,False,False,1
363276,G06008303,High,False,False,False,0
117582,G06005912,High,False,False,False,0
363011,G06005918,High,False,False,False,0
363087,G06011109,Low,True,True,False,0
537335,G06003779,Low,False,False,False,0
110798,G06011107,Medium,False,False,False,0
471399,G06003760,Low,False,False,True,0
363552,G06005918,High,False,False,False,0
363544,G06011103,Medium,False,False,False,0
135095,G06011103,Medium,False,False,False,0
193487,G06008303,High,False,False,False,0
243522,G06011104,Low,False,False,False,1
281376,G06005908,Low,False,False,False,0
193453,G06005924,Medium,False,False,False,0
433694,G06011103,High,False,False,False,0
490679,G06008303,High,True,True,False,0
419839,G06003766,Medium,False,False,False,0
36320,G06005925,High,False,False,True,1
36321,G06005918,High,False,False,False,0
94579,G06011109,High,False,False,False,0
14277,G06003768,High,False,False,False,0
363324,G06005913,High,False,False,False,0
478239,G06003761,Medium,False,False,False,0
114878,G06011102,High,False,False,False,1
110785,G06008303,Medium,False,False,False,0
135211,G06011103,Medium,True,True,False,0
42044,G06011103,Low,False,False,False,0
220224,G06003760,High,True,True,True,1
363386,G06003760,Medium,False,False,False,0
193147,G06011103,Medium,False,False,False,0
364459,G06003760,Low,True,True,False,0
84425,G06003761,Medium,False,False,False,0
214650,G06003768,High,False,False,False,0
431251,G06005914,Medium,True,True,False,0
253110,G06003780,High,False,False,False,0
390850,G06005914,High,True,True,False,0
365816,G06011104,Medium,False,False,False,0
385496,G06005912,Low,False,False,False,0
431337,G06005918,High,False,False,False,0
4134,G06005914,Low,False,False,False,1
490870,G06011104,High,False,False,False,0
486694,G06003761,High,False,False,False,0
133512,G06003768,Low,False,False,False,0
385610,G06003779,High,False,False,False,0
365752,G06011109,High,False,False,False,0
365681,G06003768,High,False,False,False,0
96210,G06005925,Medium,False,False,True,0
431415,G06011104,Medium,False,False,False,0
498653,G06011102,High,False,False,False,0
111003,G06008303,Medium,False,False,False,0
219752,G06003780,High,False,False,False,1
365582,G06005925,Low,True,True,False,0
269798,G06011109,Medium,False,False,False,0
84942,G06003760,High,False,False,False,0
96209,G06005914,Medium,False,False,False,0
365852,G06011109,Medium,False,False,False,0
219614,G06003779,High,False,False,True,1
541342,G06003774,High,False,False,False,0
133122,G06003760,High,False,False,False,0
55161,G06003760,Low,False,False,False,0
279844,G06008303,Medium,False,False,False,0
265814,G06003762,Low,False,False,False,0
279859,G06003779,Medium,False,False,False,0
476320,G06005918,Medium,False,False,False,0
92453,G06003768,Low,False,False,False,0
36947,G06003780,High,False,False,False,0
13987,G06008303,High,False,False,False,0
263323,G06005912,High,True,True,False,0
118484,G06003779,Low,False,False,False,0
396074,G06003766,High,False,False,False,0
194217,G06011103,Medium,False,False,False,0
385442,G06003761,Low,False,False,True,0
365919,G06003774,High,False,False,False,0
213767,G06005925,High,False,False,False,0
206072,G06003774,High,True,True,False,1
365912,G06005914,High,False,False,False,0
365357,G06005914,High,False,False,False,0
471834,G06005925,High,True,True,False,0
114776,G06005914,Medium,False,False,False,0
364823,G06003760,High,False,False,False,0
390788,G06005918,High,False,False,False,0
92519,G06003759,High,False,False,False,1
364710,G06003760,High,False,False,False,0
134317,G06008303,Medium,True,True,False,0
431933,G06005918,Low,False,False,False,0
364705,G06005914,High,False,False,False,0
244027,G06008303,High,False,False,False,0
499035,G06005914,High,True,True,False,0
14113,G06011103,Medium,False,False,False,0
280538,G06011102,High,False,False,False,0
280474,G06005918,High,False,False,False,0
252023,G06005925,Medium,False,False,False,0
194048,G06011104,High,False,False,False,0
84455,G06011109,Medium,False,False,False,0
118187,G06003766,Medium,False,False,False,0
134412,G06005918,Low,False,False,False,0
92561,G06005914,High,False,False,False,0
364592,G06005912,High,False,False,False,0
206130,G06008303,High,True,True,False,0
415224,G06011103,Low,False,False,True,0
364834,G06005912,Medium,False,False,False,0
244108,G06005918,Low,False,False,False,0
431579,G06005918,Medium,False,False,False,0
280132,G06005918,Medium,False,False,False,0
194197,G06005918,High,False,False,False,0
194153,G06005918,High,False,False,False,0
396206,G06005918,High,False,False,False,0
390820,G06003760,Low,False,False,False,0
14088,G06003760,Low,False,False,True,0
390816,G06011103,High,False,False,False,0
498827,G06003779,Medium,False,False,False,0
385796,G06003761,High,False,False,False,0
118266,G06011107,Medium,False,False,True,0
244156,G06005918,Low,True,True,False,0
431749,G06011107,High,False,False,False,0
84610,G06003760,High,False,False,False,0
4067,G06003762,High,False,False,False,0
431841,G06005918,Medium,False,False,False,0
431824,G06008303,High,False,False,False,0
84647,G06008303,Medium,False,False,False,0
280282,G06003779,Medium,False,False,False,0
431793,G06005925,High,False,False,False,0
280262,G06005908,Low,False,False,False,0
219840,G06003760,High,False,False,True,0
55397,G06005918,Medium,True,True,False,0
498911,G06011104,High,False,False,False,0
213591,G06005918,High,False,False,False,0
55634,G06003761,Medium,False,False,False,0
202283,G06005925,High,False,False,False,0
14538,G06005908,High,False,False,False,0
215471,G06003780,High,False,False,False,0
361250,G06005914,Medium,True,True,False,0
83349,G06005925,Medium,False,False,False,0
83346,G06003780,High,False,False,False,0
3792,G06003760,Medium,False,False,False,0
220768,G06005912,Medium,False,False,False,0
544781,G06011109,Low,False,False,False,0
83340,G06005918,Low,False,False,False,0
263080,G06005925,Low,False,False,False,1
486489,G06003780,Medium,False,False,False,0
10949,G06011103,High,False,False,False,0
361939,G06003768,Low,False,False,False,0
55888,G06011104,Low,False,False,False,0
93104,G06011109,High,False,False,False,0
361893,G06011104,High,False,False,False,0
243146,G06005908,Medium,False,False,False,0
362096,G06011103,High,False,False,False,0
10988,G06011104,Low,False,False,False,0
213492,G06003760,Low,False,False,True,0
220822,G06005914,Low,False,False,False,0
387411,G06003761,Medium,False,False,False,0
535474,G06005925,Low,False,False,True,0
362378,G06011103,High,True,True,False,0
10322,G06005918,Low,False,False,False,0
433230,G06008303,Medium,False,False,False,0
117193,G06011109,Low,False,False,False,0
215414,G06003768,Medium,False,False,False,0
386833,G06003774,High,False,False,False,0
135913,G06011103,High,False,False,False,1
220809,G06005918,High,False,False,False,0
386896,G06003760,High,False,False,False,0
215524,G06003766,Medium,False,False,True,0
243186,G06005908,High,False,False,True,0
499868,G06005925,Medium,False,False,False,0
499898,G06008303,High,False,False,False,0
44862,G06005925,Low,False,False,False,0
42207,G06003766,Low,False,False,False,0
476643,G06008303,High,False,False,False,0
268689,G06011109,High,False,False,False,0
83140,G06005914,Medium,False,False,False,0
192755,G06011104,Medium,True,True,True,0
251966,G06003760,Medium,True,True,False,0
361544,G06003780,Medium,False,False,False,0
433383,G06011103,Medium,False,False,False,0
192860,G06005918,High,False,False,False,0
544822,G06003760,Low,False,False,False,0
83202,G06008303,Medium,False,False,False,1
387142,G06005918,High,False,False,True,0
544866,G06003761,High,False,False,False,0
192815,G06011103,Low,True,True,False,0
220643,G06003760,High,False,False,False,0
387150,G06005925,High,True,True,False,0
282223,G06008303,Low,False,False,False,0
35823,G06005913,Medium,False,False,False,0
83191,G06003766,Medium,False,False,False,0
220674,G06005918,High,False,False,False,0
361787,G06003780,Medium,False,False,False,0
387247,G06003761,Low,False,False,False,0
136316,G06003762,High,True,True,False,0
417916,G06003762,Low,True,True,False,0
541182,G06005925,Low,False,False,False,0
243001,G06003774,High,False,False,False,0
530723,G06005925,Medium,False,False,True,0
35842,G06008303,Medium,False,False,False,0
213529,G06005918,High,False,False,False,0
251965,G06011109,High,False,False,False,0
83094,G06005914,Low,False,False,False,0
390384,G06005918,Low,False,False,False,0
476658,G06005925,High,False,False,False,0
419462,G06003779,High,False,False,False,0
361802,G06011104,Medium,False,False,False,0
282316,G06003768,Medium,False,False,False,0
206321,G06005918,Medium,False,False,False,1
282020,G06005914,High,False,False,True,0
192682,G06008303,High,False,False,False,0
14514,G06011103,High,False,False,False,0
360948,G06003779,Medium,False,False,False,0
530437,G06005914,Low,False,False,False,0
360961,G06005925,Low,False,False,True,0
243188,G06003762,High,False,False,False,0
192611,G06003760,High,False,False,False,0
281828,G06003780,Medium,False,False,False,0
542133,G06011109,High,False,False,False,0
55737,G06003774,Low,False,False,False,0
268957,G06005926,High,False,False,False,0
360999,G06005924,High,False,False,False,0
362568,G06005925,Low,False,False,False,0
530851,G06005914,Low,False,False,True,0
136821,G06005925,High,False,False,True,0
500379,G06005914,High,True,True,False,0
35643,G06011103,Medium,False,False,False,0
10902,G06008303,High,False,False,False,0
535424,G06008303,High,False,False,False,0
263135,G06005927,High,False,False,False,0
9671,G06011104,Medium,False,False,False,0
192556,G06003760,High,True,True,False,0
419670,G06003760,High,False,False,False,0
387509,G06003761,Low,False,False,False,0
387478,G06005914,High,False,False,False,0
386728,G06003760,Medium,False,False,False,0
544740,G06003761,High,True,True,False,0
242636,G06003760,High,False,False,False,1
387477,G06008303,Medium,False,False,False,0
396779,G06003768,Low,False,False,False,0
362526,G06003766,Medium,False,False,False,0
206281,G06005913,High,False,False,False,0
193066,G06011103,High,False,False,False,0
83505,G06005925,High,False,False,True,0
415071,G06005914,Low,False,False,True,0
362419,G06011104,Medium,False,False,False,0
36043,G06003763,High,True,True,False,0
386793,G06011104,Low,False,False,False,0
135817,G06008303,Low,False,False,False,0
471125,G06011103,High,False,False,False,0
470902,G06003779,Low,False,False,False,0
462679,G06005916,Low,False,False,True,0
454376,G06003763,Low,False,False,False,0
416090,G06003759,Medium,False,False,False,0
548610,G06005907,Low,False,False,False,0
453501,G06005908,High,False,False,False,0
478057,G06005926,Medium,True,True,True,0
453481,G06005906,High,False,False,True,0
454485,G06005908,Low,False,False,False,0
412270,G06005921,Medium,False,False,False,0
454703,G06005908,High,False,False,False,0
540796,G06005907,High,False,False,False,0
462104,G06005924,Medium,False,False,True,0
232882,G06003764,High,True,True,False,1
253043,G06005908,High,False,False,False,0
414271,G06005917,Low,False,False,False,0
479030,G06005907,Low,True,True,False,0
253557,G06005920,Medium,False,False,False,0
233392,G06003759,High,False,False,False,0
416031,G06005907,Low,False,False,True,0
541396,G06003779,Medium,False,False,False,0
412512,G06005913,High,True,True,False,0
414138,G06005924,Medium,False,False,False,0
540785,G06005919,Low,False,False,False,0
414377,G06005917,Low,False,False,True,0
462038,G06005907,Medium,False,False,False,0
452784,G06003759,Medium,False,False,False,0
452804,G06005920,High,False,False,False,0
412239,G06003757,High,False,False,False,0
232857,G06003763,High,True,True,False,0
413951,G06005921,High,False,False,False,0
479086,G06003764,Medium,False,False,True,0
253791,G06003752,Medium,False,False,False,0
412329,G06003752,Low,False,False,False,0
233499,G06003764,High,False,False,False,0
414731,G06003757,Medium,False,False,False,0
453663,G06003758,High,False,False,False,0
453240,G06003762,High,False,False,False,0
254346,G06005925,High,False,False,True,0
541177,G06003758,High,False,False,False,0
414572,G06005917,High,False,False,True,0
413782,G06005909,High,False,False,False,1
413451,G06003782,Medium,False,False,False,0
413387,G06005919,Medium,False,False,False,0
414567,G06005917,Medium,True,True,False,0
541077,G06005916,High,False,False,False,0
253314,G06003753,Low,False,False,False,0
413806,G06005921,Medium,False,False,False,0
462585,G06005908,Medium,False,False,False,0
233652,G06005906,High,True,True,False,0
454078,G06003741,Low,False,False,False,0
462542,G06003761,Low,True,True,False,0
233534,G06005908,Medium,False,False,False,0
414872,G06005908,Medium,False,False,False,1
253351,G06005917,High,False,False,False,0
254277,G06005924,High,False,False,False,0
413659,G06003764,Low,False,False,False,0
413660,G06005916,Medium,False,False,False,0
413582,G06005906,High,False,False,False,0
453996,G06003764,High,False,False,False,0
413551,G06005907,Low,False,False,False,0
413475,G06005924,Medium,False,False,False,0
254184,G06003763,High,False,False,False,0
254148,G06005921,Medium,False,False,False,0
540941,G06005927,High,False,False,False,0
413764,G06005909,Medium,False,False,False,0
253372,G06005913,Medium,True,True,False,0
541105,G06005925,High,False,False,True,0
414843,G06003758,High,True,True,False,0
453276,G06003759,Low,False,False,False,0
453981,G06005920,Medium,False,False,False,0
413457,G06003758,High,False,False,False,0
462261,G06005916,High,True,True,False,0
254442,G06005920,Medium,False,False,False,1
253238,G06003763,High,False,False,False,0
478674,G06003758,High,False,False,False,0
415306,G06005907,High,False,False,False,0
548248,G06003753,Medium,True,True,False,0
540893,G06005926,Medium,False,False,False,0
452934,G06003778,Medium,False,False,False,0
413900,G06003763,Low,True,True,False,0
540864,G06003753,High,False,False,False,0
253807,G06003759,High,False,False,False,0
412986,G06003759,Low,False,False,False,0
541057,G06003759,Medium,False,False,False,0
548129,G06003753,High,False,False,False,0
541274,G06005924,Medium,False,False,False,1
478976,G06005917,Low,False,False,False,0
233850,G06003764,Low,True,True,False,0
452929,G06005924,High,False,False,False,0
454194,G06005908,High,False,False,False,0
413192,G06005927,High,False,False,False,0
253812,G06005912,Medium,False,False,False,0
454150,G06005908,Medium,False,False,False,1
415081,G06005921,Medium,False,False,False,0
453887,G06005921,High,False,False,False,0
462535,G06003759,Low,False,False,False,0
253156,G06005912,Medium,False,False,False,0
413847,G06005908,Low,False,False,False,0
453815,G06003763,High,False,False,False,0
548569,G06005925,High,False,False,False,0
548172,G06005917,Low,False,False,False,0
452973,G06003779,High,False,False,False,1
253842,G06005924,Low,False,False,False,0
415115,G06005920,Medium,False,False,False,0
453811,G06005907,Medium,False,False,True,0
413235,G06003758,Medium,False,False,False,0
415150,G06005906,Medium,False,False,False,0
253816,G06003741,High,False,False,False,0
413227,G06005926,High,False,False,True,0
253138,G06003778,High,False,False,False,0
462396,G06005907,Low,False,False,False,0
456343,G06003741,Low,False,False,False,0
254921,G06005921,High,False,False,False,0
458294,G06003763,High,False,False,False,0
482305,G06003764,High,False,False,False,1
231024,G06003757,Medium,False,False,False,0
231077,G06003752,High,False,False,False,0
539183,G06005921,Medium,False,False,False,0
405585,G06003759,High,False,False,False,0
258322,G06003764,Medium,False,False,False,0
458276,G06003764,High,False,False,False,0
405771,G06003763,High,False,False,False,0
461006,G06003759,High,False,False,False,0
405803,G06003782,Medium,False,False,False,1
405822,G06005921,Medium,False,False,True,0
405937,G06005924,Medium,False,False,False,0
405969,G06005912,Low,False,False,False,0
258009,G06003753,Low,True,True,True,0
549541,G06003778,High,False,False,False,0
230994,G06005925,High,False,False,False,0
230981,G06003778,Medium,False,False,False,1
458334,G06003758,Low,False,False,False,0
539146,G06005909,High,False,False,False,0
404963,G06005906,Medium,False,False,False,0
230791,G06005909,High,False,False,False,0
405103,G06003757,Medium,False,False,False,0
405142,G06005920,High,True,True,False,0
258688,G06003752,Medium,False,False,False,0
258661,G06003761,Low,False,False,False,0
539150,G06003763,High,False,False,False,0
405233,G06005924,Medium,False,False,False,0
458673,G06005925,High,False,False,False,0
405320,G06005906,High,False,False,False,0
405331,G06003764,Medium,False,False,False,0
405398,G06005906,Medium,False,False,False,0
458499,G06005913,High,False,False,False,0
258493,G06005924,High,True,True,False,0
460843,G06005906,High,True,True,False,0
458059,G06005925,Medium,False,False,False,0
458768,G06005907,Medium,False,False,False,1
461079,G06005921,Medium,True,True,True,1
257621,G06005921,Medium,True,True,False,0
407069,G06003782,Low,False,False,True,0
457362,G06005924,Medium,False,False,False,0
539550,G06005909,High,False,False,False,0
407092,G06003778,Medium,False,False,False,0
257569,G06005912,Low,True,True,False,0
257556,G06003763,High,False,False,True,0
257680,G06005913,High,False,False,False,0
407237,G06005912,Low,True,True,False,0
257516,G06005921,High,False,False,False,0
231355,G06005908,Medium,False,False,False,0
481594,G06003757,Low,True,True,True,0
457167,G06003753,Medium,False,False,False,0
407310,G06005919,Low,False,False,False,0
257456,G06005924,Medium,False,False,False,0
457115,G06005909,High,False,False,True,0
457332,G06003741,High,False,False,False,0
481702,G06005921,Low,False,False,True,0
461189,G06003761,Low,False,False,False,0
257919,G06003741,Medium,False,False,True,0
231191,G06003781,Low,False,False,False,0
231213,G06003753,High,False,False,False,0
406678,G06005920,Low,False,False,False,0
231290,G06003752,Medium,False,False,False,0
481780,G06003764,High,False,False,False,1
549493,G06003753,Low,False,False,False,0
481735,G06005913,Medium,False,False,False,0
406783,G06005919,Medium,False,False,False,0
457736,G06003753,Low,True,True,False,0
461163,G06005920,Medium,False,False,False,0
549442,G06003778,Medium,False,False,False,0
257841,G06005921,Medium,False,False,False,0
406921,G06003778,Medium,False,False,False,0
457549,G06005925,Low,False,False,False,0
406980,G06005908,Low,False,False,False,0
406049,G06005921,Medium,False,False,False,0
258780,G06003778,Low,True,True,False,1
458773,G06005917,High,True,True,False,0
230502,G06005912,Medium,False,False,False,1
459840,G06005907,High,False,False,False,0
230528,G06003764,High,False,False,False,0
459817,G06003764,Low,True,True,False,0
403724,G06005907,Medium,True,True,False,0
549870,G06005919,Low,False,False,False,0
403789,G06005912,High,False,False,False,0
539013,G06003758,Medium,True,True,False,0
259539,G06005924,Medium,False,False,False,0
259487,G06005909,Low,False,False,False,0
259454,G06003714,High,False,False,False,0
403999,G06003778,High,False,False,True,0
482878,G06003759,Medium,False,False,False,0
459555,G06005927,High,False,False,False,1
403830,G06003782,High,False,False,False,0
460367,G06003778,Low,False,False,False,0
403519,G06005906,High,False,False,False,0
230465,G06003782,Medium,False,False,False,1
403093,G06005913,Medium,False,False,False,0
260044,G06005924,High,False,False,False,0
403097,G06003761,High,False,False,False,0
230370,G06003758,High,False,False,False,0
230375,G06005906,High,False,False,True,0
230380,G06005906,Medium,False,False,False,0
403167,G06005913,Medium,False,False,False,0
230402,G06005916,High,True,True,False,0
460257,G06003741,High,False,False,False,0
483143,G06005912,Low,False,False,False,0
259849,G06003764,High,False,False,False,0
259833,G06005917,Medium,False,False,False,0
460164,G06005919,High,False,False,False,0
460122,G06005921,Low,False,False,False,0
483134,G06005908,High,False,False,False,0
403466,G06005924,Medium,False,False,False,0
403473,G06003741,High,False,False,False,0
259387,G06005927,High,False,False,False,0
404067,G06003741,Medium,False,False,False,1
539037,G06003759,Medium,False,False,False,0
230615,G06005919,Medium,False,False,False,0
404499,G06003759,Low,False,False,False,0
482544,G06005925,Medium,False,False,False,0
459076,G06005906,Medium,False,False,False,0
482517,G06005906,Low,False,False,False,0
404605,G06005927,High,False,False,True,0
230750,G06003757,High,False,False,False,0
404626,G06003752,High,False,False,False,1
404660,G06005921,Low,True,True,False,0
460682,G06003758,Medium,False,False,False,0
482432,G06005926,High,False,False,True,1
482404,G06005927,High,False,False,False,0
230755,G06005907,Medium,False,False,False,0
460719,G06005919,High,False,False,False,0
404901,G06005921,High,False,False,False,0
460732,G06003752,High,True,True,False,0
458951,G06005907,High,False,False,False,0
539133,G06003781,High,False,False,False,0
404436,G06003757,Low,False,False,False,0
457109,G06005920,Low,False,False,False,0
549627,G06003758,Medium,False,False,False,0
230647,G06003759,Medium,False,False,True,0
459467,G06005920,Low,False,False,False,0
549775,G06005924,Medium,False,False,False,0
404131,G06003764,Medium,False,False,False,0
482665,G06003752,Medium,False,False,False,0
259289,G06005924,Low,False,False,False,0
459416,G06003757,High,False,False,False,0
404232,G06003781,Medium,False,False,False,0
259268,G06003752,High,False,False,False,0
230674,G06005921,Low,False,False,True,1
404327,G06003758,High,False,False,False,0
404341,G06003762,Medium,False,False,False,0
259208,G06005906,Medium,False,False,False,1
459351,G06005916,High,False,False,False,0
549667,G06005925,Low,False,False,False,0
259134,G06005906,High,False,False,False,0
459203,G06003741,Medium,False,False,False,0
457089,G06003753,Low,False,False,True,0
457077,G06003741,Low,False,False,True,0
410267,G06005909,Low,False,False,False,0
255568,G06005919,Low,False,False,False,0
232471,G06005921,High,True,True,True,0
479892,G06003752,High,False,False,False,0
455591,G06003763,High,False,False,False,0
410570,G06003752,Medium,False,False,False,0
479809,G06003761,High,False,False,False,0
410249,G06005912,Low,False,False,False,0
455590,G06003758,Medium,False,False,False,0
410641,G06005906,High,False,False,False,0
479766,G06005927,Medium,False,False,False,0
479698,G06005907,High,False,False,False,0
461823,G06005924,High,False,False,False,0
410827,G06005916,Medium,True,True,False,0
410921,G06003782,High,False,False,False,0
410217,G06005906,High,False,False,False,0
232433,G06005907,Medium,False,False,False,0
455753,G06005920,Low,False,False,True,0
455965,G06003781,Medium,False,False,True,0
548961,G06003782,High,False,False,False,1
548933,G06005906,Low,False,False,False,0
539942,G06005919,High,False,False,False,0
455925,G06005921,High,False,False,False,0
461735,G06005921,High,False,False,False,0
409757,G06003782,High,False,False,False,0
232313,G06005908,Medium,False,False,False,0
232319,G06003778,Medium,False,False,False,0
232364,G06005908,Low,False,False,False,0
480317,G06005908,Low,False,False,False,0
409891,G06003759,Low,False,False,False,0
255882,G06005919,Low,False,False,False,0
409935,G06005907,Medium,False,False,False,0
480166,G06003752,High,False,False,False,0
232392,G06005921,High,False,False,False,0
410129,G06005916,Low,False,False,False,0
410151,G06005913,High,False,False,False,0
455436,G06005908,Medium,False,False,False,0
232155,G06005924,Medium,False,False,False,0
455325,G06003758,High,False,False,False,0
255355,G06005907,High,False,False,False,0
411430,G06005919,Medium,True,True,False,0
411462,G06005919,Medium,False,False,False,0
411551,G06003782,Low,False,False,True,0
411557,G06003782,Low,True,True,False,0
454921,G06005906,High,False,False,True,0
255120,G06003764,High,False,False,True,0
411568,G06003758,High,False,False,False,0
232835,G06005917,Medium,False,False,True,0
411596,G06005921,Low,True,True,False,0
479208,G06003758,High,True,True,False,0
232843,G06005917,High,False,False,False,0
411922,G06005926,Medium,False,False,True,0
540629,G06003757,High,True,True,False,1
255004,G06005908,Medium,False,False,False,0
412095,G06005913,Medium,False,False,False,0
540637,G06005919,Medium,True,True,False,0
411783,G06005921,Medium,False,False,False,0
232788,G06005926,High,False,False,False,0
540537,G06005920,Medium,False,False,False,0
411397,G06005907,Low,False,False,False,0
548706,G06005919,Low,False,False,False,0
479430,G06005924,High,False,False,False,0
232672,G06003757,High,True,True,False,0
455282,G06005920,Medium,False,False,False,0
479339,G06005927,High,False,False,False,1
461932,G06005907,Medium,False,False,False,0
255299,G06003758,Medium,False,False,False,0
255274,G06005919,Medium,False,False,False,0
232725,G06005917,High,False,False,False,0
455235,G06005919,Medium,False,False,False,0
411357,G06005926,Medium,False,False,False,0
455141,G06005927,High,False,False,True,0
411396,G06003753,High,False,False,False,0
461970,G06005927,High,False,False,True,0
479589,G06005927,Medium,False,False,False,0
409522,G06003764,Medium,False,False,False,0
480369,G06003759,Low,False,False,False,1
232130,G06003759,Medium,False,False,False,0
408169,G06005906,High,False,False,True,0
461371,G06005925,Medium,False,False,False,0
408304,G06005906,Medium,False,False,False,1
481053,G06005924,Low,False,False,False,0
456792,G06005924,Medium,False,False,False,0
408410,G06005907,High,False,False,False,0
480908,G06003757,High,False,False,False,0
257076,G06003782,High,False,False,False,0
480897,G06003764,Medium,False,False,False,0
231802,G06003752,High,False,False,False,0
408526,G06005917,Medium,False,False,False,0
256850,G06003778,High,False,False,False,0
456675,G06005919,High,False,False,False,0
408570,G06005919,High,False,False,False,0
480855,G06003782,Medium,False,False,False,0
408602,G06005924,High,False,False,False,0
256891,G06003781,Medium,False,False,False,0
456862,G06005919,High,False,False,False,0
408166,G06003782,Medium,False,False,False,0
481242,G06005921,Low,False,False,False,0
457064,G06003752,High,False,False,False,0
481437,G06005925,High,True,True,False,0
407671,G06003762,Medium,False,False,True,0
457037,G06005913,Low,False,False,False,0
549306,G06005908,Medium,True,True,False,0
257233,G06005924,Medium,False,False,False,0
231567,G06003764,High,False,False,False,0
481385,G06003741,High,False,False,False,0
539608,G06005921,Low,False,False,False,0
461354,G06003778,High,True,True,False,1
481291,G06005926,High,False,False,False,0
456893,G06003757,Low,True,True,False,0
456870,G06003758,High,False,False,True,1
407853,G06003759,Medium,False,False,False,0
231699,G06003752,Medium,False,False,False,1
481271,G06003757,High,False,False,False,0
257148,G06005907,High,False,False,True,1
257145,G06005907,Low,False,False,False,0
256702,G06005921,Medium,False,False,False,0
456548,G06005909,Medium,False,False,False,0
456205,G06003758,Medium,False,False,False,0
231969,G06003763,High,False,False,True,0
231975,G06005919,High,False,False,False,0
409296,G06005916,High,False,False,False,0
409304,G06003752,Medium,True,True,False,0
456203,G06003764,Medium,False,False,False,0
461724,G06005908,Low,False,False,False,0
456023,G06005919,Medium,False,False,False,0
256271,G06005913,High,False,False,False,0
256229,G06005924,Low,False,False,False,0
461728,G06005921,Medium,False,False,False,0
409492,G06005908,Low,False,False,False,0
549067,G06005907,Low,True,True,False,0
256202,G06003752,High,False,False,False,0
256396,G06005924,Medium,False,False,False,0
461268,G06005926,Medium,False,False,True,0
456220,G06003763,Medium,True,True,True,0
231840,G06005907,High,False,False,False,0
480732,G06005906,High,False,False,False,0
549214,G06003763,Medium,False,False,False,0
480721,G06003764,High,False,False,False,0
480657,G06003758,Low,False,False,False,0
456501,G06005919,Low,False,False,False,0
408996,G06003759,High,False,False,False,0
480636,G06005909,Medium,False,False,False,0
456344,G06005912,High,False,False,True,0
480621,G06003782,Medium,False,False,False,0
231908,G06003752,Medium,False,False,False,0
231935,G06003778,Low,False,False,False,0
409118,G06005924,Medium,False,False,False,1
231943,G06003752,Low,False,False,False,0
256433,G06005907,Medium,False,False,False,0
452703,G06005921,High,False,False,False,0
471867,G06005909,Medium,False,False,False,0
244336,G06003763,High,False,False,False,0
544484,G06005921,High,False,False,False,0
443443,G06005907,High,True,True,False,0
431379,G06005921,High,False,False,False,0
431466,G06005916,High,False,False,False,0
431542,G06003752,High,False,False,False,0
471844,G06005924,High,False,False,True,0
471890,G06005924,Low,False,False,False,1
431690,G06003778,Medium,False,False,False,0
244166,G06003758,Medium,False,False,False,0
471752,G06005907,High,False,False,False,0
244149,G06005909,Medium,False,False,False,0
431901,G06003763,High,False,False,False,0
443283,G06005913,Medium,False,False,False,0
471699,G06005907,Low,False,False,False,0
244071,G06003753,Medium,False,False,False,0
244348,G06003782,High,False,False,False,0
431232,G06003782,Medium,False,False,False,1
244762,G06003763,Medium,True,True,False,0
443661,G06005913,Medium,False,False,True,0
471935,G06003782,Low,False,False,False,0
544310,G06005913,High,False,False,False,0
466984,G06003778,High,False,False,False,1
430927,G06003752,Low,False,False,False,1
546596,G06005906,High,False,False,False,0
544353,G06003764,Medium,False,False,False,0
430944,G06005917,Medium,False,False,False,0
546548,G06005927,Low,False,False,False,0
244605,G06005908,Medium,False,False,False,0
544411,G06005924,Low,False,False,False,0
431052,G06003761,High,False,False,False,0
237930,G06003757,High,False,False,False,0
471901,G06003753,High,False,False,False,0
431219,G06003753,High,False,False,False,0
244361,G06003753,High,False,False,False,0
443544,G06003778,Low,False,False,False,0
243979,G06003781,High,False,False,False,0
432062,G06003763,Medium,True,True,False,0
243932,G06005907,Medium,False,False,False,0
243361,G06005906,Low,True,True,False,0
471236,G06003752,Medium,False,False,False,0
471165,G06003753,High,False,False,False,0
442600,G06003764,Medium,False,False,False,0
544750,G06005909,High,True,True,False,0
433092,G06005927,Low,False,False,False,0
442690,G06005907,High,False,False,False,0
471107,G06003759,Medium,False,False,False,0
467546,G06003779,High,False,False,False,0
467568,G06003779,High,True,True,True,0
546298,G06005919,Medium,False,False,False,0
433303,G06005926,High,False,False,False,0
433346,G06005920,Medium,True,True,False,0
242963,G06005926,High,False,False,False,0
238368,G06005906,Low,False,False,True,0
432632,G06003753,High,True,True,True,0
432595,G06003758,Medium,False,False,False,0
442728,G06003781,High,True,True,False,0
432094,G06005926,Medium,False,False,False,0
243885,G06003763,Medium,False,False,False,0
432221,G06005927,High,True,True,False,0
238117,G06003757,High,False,False,False,0
243732,G06005919,High,False,False,False,0
443175,G06005921,High,False,False,False,0
546466,G06003758,High,False,False,False,0
443027,G06003758,Medium,False,False,False,0
243640,G06005924,High,True,True,False,0
544584,G06005921,Medium,False,False,False,0
442770,G06003759,Medium,False,False,False,0
471430,G06003763,Low,False,False,False,0
544664,G06003778,Low,False,False,False,0
243505,G06005906,Low,True,True,True,0
546366,G06005926,High,False,False,False,0
243451,G06005907,Medium,False,False,False,0
432571,G06005919,High,True,True,False,0
466969,G06003758,High,False,False,True,0
544303,G06003758,Low,False,False,False,0
544282,G06005924,Medium,False,False,False,1
466966,G06005927,Low,False,False,False,0
428720,G06005919,High,True,True,True,0
236963,G06005926,Low,False,False,False,0
445066,G06003763,High,False,False,False,0
473123,G06003752,Medium,False,False,False,0
473107,G06003779,Medium,False,False,True,0
473099,G06003764,High,False,False,False,0
445058,G06003757,Low,True,True,False,0
428912,G06003779,Medium,False,False,False,0
543876,G06005912,Low,False,False,True,0
428714,G06003753,Medium,False,False,False,0
444947,G06005906,High,True,True,True,0
245839,G06003753,High,True,True,True,0
546765,G06005924,High,False,False,True,0
466615,G06003752,High,False,False,False,0
237207,G06005907,High,False,False,False,0
245713,G06005912,Medium,False,False,False,0
245692,G06005912,Low,False,False,False,0
245690,G06003759,Low,False,False,False,0
444623,G06003782,Medium,False,False,False,0
237085,G06003753,High,False,False,False,0
246067,G06005920,Medium,False,False,True,0
246071,G06005924,High,True,True,True,0
427633,G06005917,High,False,False,False,1
427954,G06003764,High,False,False,False,0
246490,G06005924,High,False,False,False,0
246473,G06005917,Medium,False,False,False,0
236783,G06003778,High,False,False,False,0
428118,G06005909,Medium,False,False,False,0
445381,G06005921,Medium,False,False,False,0
428158,G06003761,Medium,False,False,False,0
445296,G06005917,Medium,False,False,False,0
543792,G06003761,Low,False,False,False,0
246211,G06005907,Low,False,False,False,0
428410,G06005913,Medium,False,False,False,0
246204,G06005907,Low,False,False,False,0
428468,G06003758,High,False,False,False,0
473257,G06005917,Medium,False,False,False,0
445261,G06003763,Medium,True,True,False,0
466427,G06005913,Medium,True,True,False,0
445188,G06005916,High,False,False,False,0
445110,G06005926,Low,False,False,False,0
444616,G06005908,Medium,True,True,True,0
442317,G06005919,High,False,False,False,0
429507,G06005924,High,False,False,False,0
444125,G06003741,High,False,False,False,0
430403,G06005927,Low,False,False,False,0
443953,G06005906,Low,False,False,False,0
443886,G06005909,Medium,False,False,False,0
430478,G06003764,High,False,False,False,0
443844,G06005906,Low,False,False,False,0
443841,G06005913,High,False,False,False,0
430494,G06003779,High,False,False,False,0
430513,G06003781,Medium,False,False,False,0
430554,G06003758,Medium,False,False,False,0
430701,G06003753,Medium,False,False,True,0
244980,G06005907,Low,True,True,False,0
237710,G06005919,Medium,False,False,False,0
244960,G06005913,Low,False,False,True,0
244929,G06003757,High,False,False,False,0
443805,G06005909,Low,False,False,False,0
244884,G06003757,High,False,False,True,0
244870,G06005906,High,False,False,False,0
472083,G06005908,Low,False,False,False,0
466694,G06005917,Low,False,False,True,0
245297,G06005920,Low,False,False,False,0
237338,G06005917,Low,False,False,False,0
472848,G06005920,Medium,False,False,False,0
472750,G06005927,Low,False,False,False,0
429715,G06003764,Low,False,False,True,1
544036,G06005926,High,False,False,True,1
472542,G06005907,Medium,False,False,False,0
472522,G06003764,Medium,False,False,False,0
245479,G06003778,High,False,False,False,0
444454,G06005921,Medium,False,False,False,0
245461,G06005916,High,False,False,False,0
429817,G06005919,High,False,False,False,0
429857,G06005924,Low,False,False,False,0
245446,G06005924,High,False,False,False,0
472394,G06005924,Medium,False,False,False,1
430064,G06005916,Medium,False,False,False,0
544067,G06005908,High,False,False,False,0
430088,G06003752,Medium,False,False,False,0
430342,G06003782,High,False,False,False,0
444287,G06005917,High,True,True,False,0
467626,G06003764,Low,False,False,False,0
433367,G06005921,High,True,True,False,0
469796,G06003759,Low,False,False,False,0
439802,G06003782,High,False,False,False,0
468451,G06005924,Low,True,True,False,0
546003,G06003781,Low,False,False,False,0
239623,G06003778,Medium,False,False,False,0
436909,G06005926,High,False,False,False,0
545977,G06003778,High,False,False,False,0
240992,G06005909,High,False,False,False,0
436935,G06003757,Medium,True,True,True,0
436954,G06003758,Medium,False,False,False,0
439619,G06003781,Low,False,False,False,0
469565,G06005925,Low,False,False,False,0
436991,G06003778,Low,False,False,False,0
439616,G06003759,Medium,False,False,False,0
439612,G06005926,High,False,False,False,0
240761,G06005917,High,False,False,False,0
436996,G06003741,Low,False,False,False,0
240850,G06005919,Medium,False,False,False,0
545468,G06003763,Medium,False,False,False,0
440307,G06005924,High,False,False,False,1
470028,G06003781,High,False,False,False,0
545340,G06005925,High,False,False,False,0
470008,G06005920,High,False,False,False,0
470006,G06005912,Low,False,False,False,0
440246,G06003778,Medium,False,False,False,0
469912,G06003782,Medium,False,False,False,0
546058,G06003763,High,False,False,False,0
440110,G06005921,Low,True,True,False,0
436055,G06005921,High,True,True,True,0
545405,G06005920,Medium,False,False,False,0
241233,G06005921,High,False,False,False,0
440068,G06005924,Medium,False,False,True,0
239281,G06003752,High,False,False,False,1
469850,G06005927,Medium,False,False,False,0
436223,G06005906,High,False,False,False,0
440039,G06003752,High,False,False,False,0
546043,G06003778,Low,False,False,False,0
436386,G06005919,Medium,False,False,False,0
239419,G06005925,High,True,True,False,0
435855,G06005908,High,True,True,False,0
437122,G06003753,Medium,False,False,False,0
439379,G06003782,Medium,True,True,False,1
438134,G06005920,Medium,False,False,False,0
468774,G06003764,Low,False,False,False,0
438893,G06003778,Medium,False,False,False,0
438161,G06005907,Medium,False,False,False,0
240306,G06005924,High,True,True,True,0
468783,G06005924,Low,False,False,True,0
438220,G06005908,Medium,False,False,True,1
468827,G06003758,High,False,False,False,1
438576,G06003743,Low,False,False,False,0
438957,G06005921,High,False,False,False,0
240173,G06005920,High,False,False,True,0
438314,G06005921,Low,False,False,False,0
240261,G06003778,Medium,True,True,False,0
438415,G06005907,High,False,False,False,0
468939,G06003761,High,False,False,False,0
240179,G06003781,Low,False,False,True,0
438464,G06003758,Medium,False,False,True,0
438482,G06005924,Low,False,False,False,1
468927,G06003741,Low,True,True,False,0
438532,G06005906,High,False,False,False,0
240372,G06005906,High,False,False,True,0
240111,G06003782,High,False,False,False,0
439073,G06003741,High,False,False,False,0
439370,G06005919,Medium,False,False,False,0
468573,G06005916,Low,False,False,False,0
437260,G06005917,High,False,False,False,1
437324,G06005925,Medium,False,False,False,0
437347,G06003764,Low,False,False,False,0
545557,G06005908,Medium,False,False,False,0
468596,G06005913,Low,True,True,False,0
545577,G06005909,Medium,False,False,False,0
437458,G06005921,Medium,True,True,False,0
439273,G06005907,High,False,False,False,0
469191,G06005908,High,False,False,False,0
468617,G06005909,Low,False,False,False,0
469190,G06005921,High,True,True,True,0
439125,G06005926,Low,False,False,True,0
437596,G06003759,Medium,False,False,False,0
240043,G06003758,Medium,False,False,False,0
437637,G06003758,High,False,False,False,0
439099,G06005926,Medium,False,False,False,0
545882,G06005924,Low,True,True,False,0
437819,G06003741,High,False,False,False,0
469062,G06005917,High,False,False,False,0
545880,G06005925,High,False,False,False,0
437126,G06003763,Medium,False,False,False,0
427557,G06005906,High,True,True,False,0
470110,G06005921,High,False,False,False,0
435742,G06005927,High,False,False,False,0
242645,G06003757,High,False,False,False,0
441681,G06003758,Low,False,False,False,0
467795,G06003782,High,True,True,False,1
433660,G06003758,Medium,False,False,True,0
433814,G06005907,High,False,False,False,0
546234,G06003782,High,False,False,True,0
545060,G06005917,Medium,True,True,False,0
238555,G06003781,Low,False,False,False,0
470808,G06003763,High,False,False,False,0
434064,G06005909,High,False,False,False,0
441376,G06005907,Medium,False,False,False,0
434101,G06003757,High,False,False,False,0
434149,G06005907,Medium,False,False,False,0
545146,G06003752,Medium,False,False,False,0
238782,G06005909,Medium,False,False,False,0
545174,G06005907,Low,False,False,False,0
467982,G06003764,Low,False,False,False,0
242431,G06005909,Low,False,False,False,0
238527,G06003741,Low,False,False,False,0
433515,G06005924,High,False,False,False,0
242935,G06003757,Medium,True,True,False,0
242930,G06005920,High,True,True,False,0
442132,G06003781,Medium,False,False,False,0
433374,G06003764,High,False,False,False,0
442084,G06003764,High,False,False,False,0
442056,G06005921,High,False,False,True,0
242910,G06005907,High,False,False,False,0
471032,G06005906,Low,False,False,False,0
442049,G06003759,High,False,False,False,0
467708,G06003781,High,False,False,False,0
544905,G06003764,Low,False,False,False,0
433441,G06005913,Low,False,False,False,0
433480,G06003759,High,False,False,False,0
238469,G06003764,Medium,False,False,False,0
442014,G06005908,High,False,False,True,1
433499,G06003778,Medium,False,False,False,0
242848,G06005907,Medium,False,False,False,0
467713,G06005906,Low,False,False,False,0
242808,G06005920,Medium,False,False,False,0
441989,G06003759,Low,False,False,False,0
441365,G06005913,Low,False,False,False,0
238821,G06005926,High,False,False,False,0
242324,G06003779,High,False,False,False,0
435124,G06003781,High,False,False,False,0
241879,G06003741,High,False,False,False,0
440696,G06005917,High,False,False,False,0
440621,G06005912,Medium,True,True,False,0
470406,G06005926,High,True,True,False,0
241823,G06003764,Low,False,False,False,0
435153,G06003757,High,False,False,False,0
241744,G06005920,High,False,False,False,0
440570,G06005924,High,False,False,True,0
470415,G06003762,High,False,False,False,0
470330,G06005907,Low,True,True,False,0
470286,G06005906,Medium,False,False,False,0
435279,G06005913,High,True,True,False,0
470205,G06005924,Medium,False,False,False,0
435379,G06005917,Low,False,False,False,0
545322,G06005916,Medium,False,False,False,0
239133,G06003763,High,True,True,True,1
239166,G06005924,Medium,False,False,False,0
241473,G06005906,High,True,True,False,0
435277,G06005907,Medium,False,False,False,0
440829,G06005924,High,False,False,False,0
440831,G06005909,Low,False,False,False,0
435081,G06005913,Medium,False,False,False,0
242314,G06003741,High,False,False,False,0
238852,G06005907,Low,False,False,False,0
434333,G06005927,High,False,False,False,0
238858,G06005917,Low,False,False,False,0
470690,G06003761,High,False,False,False,0
242183,G06003763,Low,False,False,False,0
470678,G06005916,Low,False,False,False,0
470579,G06003714,High,False,False,False,0
434649,G06005913,Medium,False,False,True,0
434702,G06005917,Medium,False,False,False,0
545215,G06003759,High,False,False,False,0
468101,G06005920,Low,False,False,False,0
434717,G06003778,High,False,False,True,0
441127,G06003741,Medium,False,False,False,0
441038,G06003752,Medium,False,False,False,0
470571,G06003764,High,False,False,False,0
435000,G06003757,Medium,False,False,False,0
440945,G06005906,Medium,False,False,False,0
241923,G06003741,Low,False,False,False,0
440881,G06005924,Low,True,True,False,0
435062,G06005920,High,False,False,False,0
470723,G06005907,High,True,True,True,0
445642,G06005913,Low,False,False,True,0
250601,G06005924,High,False,False,False,0
450723,G06005912,Low,False,False,False,0
419333,G06005926,Low,False,False,False,0
450663,G06003758,Medium,False,False,False,0
419394,G06003778,Low,False,False,False,0
234764,G06003758,Medium,False,False,False,0
419493,G06005926,High,False,False,False,0
476708,G06005921,High,False,False,False,0
419537,G06005920,High,True,True,True,1
419591,G06005913,High,False,False,False,0
419779,G06003782,Medium,False,False,False,0
250448,G06005917,High,False,False,False,0
476452,G06003761,Medium,False,False,False,0
419937,G06005920,Low,True,True,False,0
419957,G06003759,High,False,False,False,0
547661,G06005921,High,False,False,False,0
476719,G06003752,High,True,True,False,0
419258,G06005909,High,False,False,False,0
450734,G06005909,High,False,False,False,0
418661,G06003757,Low,False,False,False,0
250995,G06005920,High,False,False,True,0
250945,G06005924,Medium,False,False,False,1
451120,G06003778,Medium,True,True,False,0
463733,G06003764,High,False,False,False,0
476838,G06005913,High,False,False,False,0
451009,G06003741,High,False,False,False,0
542017,G06005924,Low,False,False,False,0
450929,G06005921,Low,False,False,False,0
418970,G06003763,High,False,False,False,0
250657,G06003782,High,True,True,True,0
419017,G06005921,High,False,False,False,0
450776,G06005908,Low,False,False,False,0
542078,G06003752,High,False,False,False,0
420004,G06003752,High,False,False,False,0
418592,G06005921,High,True,True,False,0
450367,G06005907,Medium,False,False,False,0
542220,G06003764,High,False,False,False,0
449502,G06005907,Medium,False,False,False,0
250064,G06005926,Medium,False,False,True,0
542421,G06003762,Low,False,False,False,0
421150,G06003761,High,False,False,False,0
421162,G06005909,High,False,False,False,0
421169,G06005908,Medium,True,True,True,0
421277,G06003752,Medium,False,False,False,0
235089,G06005909,Medium,False,False,False,0
542442,G06005921,Medium,False,False,False,0
421598,G06005912,High,False,False,True,0
449258,G06003752,Low,False,False,False,0
421696,G06005909,Low,False,False,False,0
475917,G06003757,Medium,False,False,False,0
421743,G06003778,Medium,False,False,True,0
542480,G06005920,Low,False,False,False,0
464714,G06005919,Low,False,False,False,0
449779,G06003741,High,False,False,False,0
464410,G06005921,Medium,False,False,False,0
449945,G06005906,High,False,False,False,0
464249,G06003763,Medium,False,False,False,0
420086,G06003752,Medium,False,False,True,0
250331,G06005921,Low,False,False,False,1
420304,G06005907,Medium,False,False,False,0
476357,G06005919,Medium,False,False,False,0
250280,G06005906,Medium,False,False,False,0
234978,G06005921,High,True,True,False,0
420348,G06005926,High,False,False,False,0
450106,G06003764,High,False,False,False,0
420514,G06005927,Low,False,False,False,0
450048,G06005913,Low,False,False,False,0
476326,G06003758,Medium,True,True,False,0
420522,G06003763,Low,False,False,False,0
420568,G06005919,Low,False,False,True,0
235057,G06005908,Medium,False,False,False,0
420645,G06005907,Medium,False,False,False,0
420653,G06005907,High,False,False,False,0
476312,G06005926,High,False,False,False,0
420839,G06005927,High,True,True,True,0
420905,G06005924,Low,False,False,False,0
547644,G06003781,Low,False,False,False,0
418565,G06005924,Medium,True,True,False,0
251156,G06005924,High,False,False,False,1
416740,G06003764,Medium,True,True,False,0
541528,G06005926,High,False,False,False,0
252480,G06005913,Low,False,False,True,0
477808,G06005919,High,False,False,False,0
452335,G06003753,Medium,False,False,False,0
234267,G06005913,Low,False,False,False,0
252421,G06005909,High,False,False,False,1
416791,G06003781,Medium,False,False,True,0
416733,G06003758,High,False,False,False,0
416794,G06005909,Low,True,True,False,0
252416,G06003763,Low,False,False,False,0
416895,G06005921,Low,True,True,False,0
416976,G06005916,Medium,False,False,False,1
417021,G06005906,Low,False,False,False,1
252362,G06005919,Medium,False,False,True,0
477741,G06005913,High,False,False,False,0
477666,G06005906,Low,False,False,False,0
417189,G06003753,High,False,False,False,0
234352,G06003779,High,True,True,True,0
416808,G06005927,High,False,False,False,0
452361,G06003759,Medium,False,False,True,0
252496,G06003764,Low,False,False,True,0
541451,G06003778,High,False,False,False,0
234115,G06003759,High,False,False,False,0
416118,G06005920,Medium,False,False,False,0
416158,G06005907,Low,False,False,True,1
416220,G06005913,Medium,False,False,False,0
252755,G06005913,Medium,False,False,False,0
452509,G06005919,Low,False,False,False,0
452501,G06005913,High,False,False,False,0
234225,G06003763,High,False,False,True,0
462769,G06003764,High,False,False,False,0
416289,G06005907,Medium,False,False,False,0
252610,G06003764,Medium,False,False,False,0
416361,G06005927,Medium,False,False,False,0
462802,G06005917,Medium,False,False,False,0
234237,G06003753,High,False,False,False,0
452453,G06005921,High,False,False,True,0
416550,G06003764,High,False,False,False,0
462846,G06005924,High,False,False,False,0
234260,G06003741,Medium,False,False,False,0
452387,G06003778,High,False,False,False,1
416638,G06005924,Low,False,False,False,0
541496,G06005909,Medium,False,False,False,0
417253,G06005912,Low,False,False,False,0
463057,G06005924,Medium,False,False,False,0
477535,G06005909,Low,False,False,False,1
451413,G06005921,Medium,False,False,False,0
451393,G06003763,High,False,False,False,0
418129,G06003757,Low,False,False,False,0
547858,G06005919,High,False,False,True,0
547822,G06003753,High,False,False,False,0
251738,G06003763,High,True,True,False,0
418216,G06005909,Low,False,False,False,0
463497,G06003763,High,False,False,True,0
476896,G06005908,Low,False,False,False,0
418101,G06003741,High,False,False,True,0
234550,G06005921,High,False,False,False,0
476894,G06005907,High,False,False,False,0
418476,G06005908,High,False,False,False,0
251383,G06003758,High,False,False,False,0
418487,G06003757,Medium,True,True,False,0
418498,G06005907,Medium,False,False,True,0
251358,G06003753,High,False,False,False,0
234554,G06003758,High,True,True,False,0
251170,G06005906,High,False,False,False,0
251491,G06003753,Medium,False,False,False,0
418061,G06005912,High,False,False,False,0
418058,G06005907,Medium,False,False,False,1
417371,G06005906,High,False,False,False,0
234371,G06003741,Medium,True,True,False,0
451909,G06005919,High,True,True,False,0
541721,G06005909,High,False,False,False,0
252059,G06005917,High,False,False,False,0
417416,G06003764,Medium,False,False,False,0
234389,G06005907,Medium,False,False,False,0
417515,G06005925,Low,False,False,False,0
451902,G06003757,Medium,False,False,False,0
463190,G06005924,Medium,False,False,True,0
477367,G06005920,High,True,True,False,0
252011,G06003781,High,True,True,False,0
251994,G06005906,High,True,True,False,0
477324,G06005924,Low,True,True,False,0
463221,G06005919,Medium,True,True,False,0
541778,G06005912,Medium,False,False,False,0
477279,G06003757,Medium,False,False,False,0
234444,G06003752,High,False,False,False,0
541795,G06005912,Medium,False,False,False,1
417938,G06005917,Medium,False,False,False,0
417318,G06005913,High,False,False,False,0
452575,G06003761,Medium,True,True,False,0
249852,G06005907,Medium,False,False,False,0
421837,G06003764,Medium,False,False,False,0
474487,G06005926,Medium,True,True,False,1
425488,G06005909,Medium,True,True,True,0
465903,G06003778,Low,False,False,False,0
543318,G06003741,Medium,False,False,False,0
474460,G06005907,Medium,False,False,False,0
474455,G06005913,Medium,False,False,False,0
465931,G06003778,Low,False,False,False,0
425594,G06005926,High,True,True,False,0
425645,G06005921,High,False,False,False,0
446552,G06003761,Medium,False,False,False,0
474390,G06003778,High,False,False,False,0
474302,G06005919,High,False,False,False,0
446549,G06005924,Low,False,False,False,0
543380,G06005909,Low,False,False,False,0
236266,G06003759,Medium,False,False,False,0
543430,G06005919,Medium,False,False,False,0
474296,G06003753,High,False,False,False,0
247598,G06003758,High,True,True,False,0
236304,G06005924,Medium,False,False,False,0
425829,G06003757,High,False,False,False,0
446968,G06005924,Low,False,False,False,0
543298,G06005913,Low,False,False,True,0
425287,G06005925,Low,False,False,False,0
248185,G06003759,Low,False,False,False,0
424716,G06005921,High,True,True,True,0
474668,G06003741,High,False,False,False,0
424757,G06005906,High,False,False,True,0
236119,G06003782,High,False,False,False,0
465739,G06005909,Low,False,False,False,0
447383,G06005912,Medium,True,True,False,0
474665,G06003759,High,False,False,False,0
474659,G06003741,Low,False,False,False,0
465779,G06005919,High,False,False,False,0
248043,G06003758,High,False,False,False,0
425130,G06003757,High,False,False,False,0
247973,G06005907,High,False,False,False,0
425147,G06003782,Low,False,False,False,0
425197,G06005912,Medium,False,False,False,0
446993,G06005921,Medium,False,False,False,0
425256,G06005908,Low,False,False,False,0
247568,G06003758,Low,False,False,False,0
248199,G06003741,High,False,False,False,0
547049,G06003752,High,False,False,False,0
425987,G06005913,Medium,False,False,False,0
246858,G06005912,High,False,False,True,0
427230,G06005909,Low,False,False,False,0
466074,G06003752,Medium,False,False,False,0
427269,G06005916,High,False,False,False,0
445802,G06005921,High,False,False,True,0
246702,G06005924,High,False,False,False,0
236637,G06005919,Medium,False,False,False,0
427162,G06003762,High,False,False,False,0
427361,G06003753,High,False,False,False,0
473672,G06005920,Medium,True,True,False,0
427460,G06003752,Low,False,False,False,0
427501,G06003782,Low,False,False,False,0
246652,G06005917,Medium,True,True,False,0
466169,G06005924,Low,False,False,True,0
445785,G06003759,Medium,False,False,False,0
246637,G06005921,Low,False,False,False,0
466186,G06003779,High,False,False,True,0
427442,G06005924,High,False,False,False,1
427145,G06003753,Medium,False,False,False,0
445848,G06005907,High,False,False,False,0
465950,G06005921,Low,False,False,False,0
236358,G06005909,High,False,False,False,0
474239,G06005908,Medium,False,False,False,0
236373,G06003752,High,False,False,False,0
247295,G06005916,High,False,False,True,0
426384,G06005919,High,False,False,False,0
247181,G06005921,High,True,True,False,0
543456,G06005925,Medium,False,False,False,0
466016,G06003757,Medium,False,False,False,0
426385,G06003757,High,False,False,False,0
426516,G06003753,Low,False,False,False,0
426545,G06005917,Low,False,False,False,0
473949,G06005925,Low,True,True,False,0
246934,G06005920,Low,False,False,True,0
426926,G06005926,Medium,False,False,False,0
445864,G06005920,Medium,False,False,False,0
465941,G06003757,High,False,False,False,0
421815,G06003753,High,False,False,False,0
424442,G06005924,High,False,False,True,0
424373,G06005919,Low,False,False,False,0
422530,G06005912,Low,False,False,False,1
475648,G06005921,Medium,False,False,False,0
422684,G06005917,High,False,False,False,0
249553,G06003763,Medium,True,True,False,0
475527,G06005921,Medium,False,False,False,1
448385,G06005925,Medium,False,False,False,0
465257,G06005913,High,False,False,False,0
448331,G06005916,Medium,False,False,False,0
547282,G06003764,High,False,False,False,0
249469,G06005906,High,True,True,False,0
249352,G06005920,Low,False,False,False,0
235557,G06005919,High,False,False,False,0
423020,G06003762,High,False,False,False,0
542808,G06005907,High,True,True,False,0
542840,G06003781,Medium,False,False,False,0
235559,G06003752,High,False,False,False,0
235625,G06005907,Low,False,False,False,0
235477,G06003741,High,False,False,False,0
448589,G06003782,High,True,True,False,0
422506,G06003757,High,False,False,False,0
422433,G06003781,Medium,False,False,False,0
235217,G06005906,Medium,False,False,False,0
449079,G06005924,High,False,False,False,0
421860,G06005924,High,False,False,False,0
249831,G06005907,Medium,False,False,False,0
235242,G06005908,High,True,True,False,0
464842,G06005907,High,False,False,False,0
249825,G06003752,High,False,False,False,0
464921,G06003764,High,False,False,False,0
547412,G06005907,Low,False,False,False,0
448970,G06005912,Medium,False,False,False,0
249750,G06003758,Low,False,False,False,0
448969,G06005924,High,False,False,False,0
235333,G06005919,High,False,False,False,0
422341,G06003759,Medium,False,False,False,0
448822,G06005919,Low,False,False,False,0
422365,G06003781,Medium,False,False,False,0
475734,G06005906,High,False,False,False,0
424412,G06005920,Low,False,False,False,0
423163,G06005917,High,False,False,False,0
249053,G06003781,High,False,False,False,0
447918,G06003763,High,False,False,False,0
447809,G06003758,High,False,False,False,0
424016,G06003761,Low,False,False,False,0
474861,G06005907,High,True,True,True,0
424058,G06003764,High,True,True,False,0
447651,G06005926,High,True,True,False,0
465643,G06003752,Low,False,False,True,0
547156,G06003759,High,False,False,False,0
248520,G06005924,Low,False,False,False,0
543061,G06005909,High,False,False,False,0
465699,G06005909,Medium,False,False,False,1
235989,G06005906,High,True,True,False,0
236053,G06003753,High,False,False,False,0
236054,G06003764,Medium,False,False,False,0
248435,G06005907,Medium,False,False,False,0
424340,G06003752,Low,False,False,False,0
447620,G06003758,Low,True,True,False,0
543020,G06003752,Low,False,False,True,0
447955,G06003781,Medium,False,False,False,0
465445,G06005920,High,False,False,False,0
423264,G06005919,Medium,False,False,False,0
249042,G06003759,High,False,False,False,0
235657,G06005921,High,False,False,False,0
249021,G06005907,High,False,False,False,0
475183,G06003758,High,False,False,False,0
465381,G06003759,High,False,False,False,0
248966,G06003778,Low,False,False,False,0
448186,G06005921,High,False,False,False,1
423448,G06003741,Medium,False,False,False,0
423545,G06005920,Low,True,True,False,0
248895,G06003759,Medium,False,False,False,0
475053,G06005927,Medium,False,False,False,0
423781,G06003741,High,False,False,False,0
542966,G06005907,High,True,True,False,0
423912,G06003752,High,False,False,True,0
542983,G06005912,High,False,False,False,0
420618,G06005924,Low,False,False,False,0
309167,G06005913,Low,True,True,False,0
402982,G06005906,High,False,False,False,0
343280,G06003753,Medium,False,False,False,0
527332,G06003741,Medium,False,False,False,0
508521,G06005907,High,False,False,False,0
343325,G06003753,Medium,True,True,False,0
508495,G06005920,Low,False,False,False,0
508468,G06005907,High,False,False,True,0
343716,G06003778,Low,False,False,False,0
343784,G06005908,Low,False,False,False,0
343819,G06005926,High,False,False,False,0
343956,G06005912,Low,False,False,False,0
343965,G06003753,Medium,False,False,False,0
292041,G06005909,High,False,False,True,0
292023,G06003752,Medium,False,False,False,0
508215,G06005920,Medium,True,True,False,0
344156,G06003764,High,False,False,False,0
344186,G06003778,Low,False,False,True,0
344189,G06003778,High,False,False,False,0
344228,G06005920,High,True,True,False,0
291918,G06005912,High,False,False,False,1
291903,G06005908,Low,False,False,False,0
344289,G06005916,High,False,False,True,0
507811,G06005907,High,False,False,False,1
291830,G06005908,Low,False,False,False,0
344450,G06005908,High,False,False,False,0
291760,G06003753,High,False,False,False,0
508084,G06003757,Medium,False,False,False,0
508544,G06005912,High,True,True,False,0
343026,G06003758,Low,False,False,False,0
341874,G06003764,High,False,False,False,0
292887,G06003759,High,False,False,True,0
292827,G06005927,High,False,False,True,0
341975,G06005907,Medium,False,False,False,1
292745,G06005920,High,False,False,False,1
527217,G06005927,High,True,True,True,0
292694,G06003758,Medium,False,False,False,0
342095,G06005920,Low,False,False,False,0
292665,G06005906,Low,False,False,False,0
527221,G06005908,Medium,True,True,False,0
509174,G06003781,Medium,False,False,True,0
509108,G06005906,Medium,False,False,False,0
509053,G06005924,High,True,True,True,0
292618,G06005907,Medium,False,False,False,0
509045,G06005907,Medium,False,False,False,0
509019,G06003741,Low,False,False,False,0
508720,G06003781,High,False,False,False,0
292482,G06005927,Medium,False,False,True,0
508844,G06003782,High,False,False,False,0
344523,G06003781,Medium,False,False,True,0
527288,G06005906,Medium,True,True,False,0
342715,G06005909,Medium,False,False,True,0
342545,G06003757,Medium,False,False,False,0
342428,G06003759,Low,False,False,False,0
342418,G06003781,High,False,False,False,0
342773,G06005921,Medium,False,False,False,0
344659,G06003741,High,False,False,False,0
291644,G06003759,Low,False,False,False,0
290656,G06003759,Low,False,False,False,0
507209,G06003778,High,False,False,False,0
527853,G06005925,Low,False,False,True,0
345874,G06003781,Medium,False,False,False,0
507192,G06003764,High,True,True,False,0
290558,G06005917,Low,False,False,False,0
346021,G06005921,Medium,False,False,False,0
507052,G06003759,High,False,False,True,0
527904,G06005908,High,False,False,False,0
527919,G06005921,Low,False,False,False,0
346105,G06005913,High,False,False,False,0
290451,G06003759,High,False,False,True,0
290436,G06005926,Medium,False,False,False,0
346152,G06005925,High,True,True,False,0
346153,G06005920,High,False,False,False,0
527938,G06005907,High,False,False,False,0
346685,G06003763,Medium,False,False,False,0
290190,G06005920,High,False,False,False,0
290210,G06003782,High,False,False,False,0
346562,G06003758,Medium,False,False,False,0
527834,G06003763,High,True,True,False,0
290263,G06005920,High,False,False,False,0
527981,G06005909,High,False,False,False,0
346406,G06003782,High,False,False,False,0
346320,G06005912,High,False,False,False,0
346289,G06003757,High,False,False,False,0
506869,G06003758,Medium,False,False,True,0
345490,G06003778,Medium,False,False,False,0
290729,G06005908,High,False,False,True,0
344774,G06005926,Medium,False,False,False,0
291515,G06005919,Medium,False,False,False,0
344812,G06003757,Medium,False,False,False,1
344823,G06003741,Medium,False,False,False,0
344838,G06003782,High,False,False,False,0
291476,G06005906,High,False,False,False,0
344861,G06005913,Low,False,False,False,0
344886,G06003778,High,False,False,False,0
344916,G06005921,High,False,False,False,0
345007,G06003741,Medium,False,False,False,0
507723,G06003753,High,False,False,False,0
507687,G06003757,Low,False,False,False,0
345079,G06005924,High,False,False,False,0
345096,G06003758,Medium,False,False,True,0
291240,G06005921,Medium,True,True,True,0
507472,G06003757,Medium,False,False,False,0
290805,G06005908,Low,False,False,False,0
345356,G06005907,Medium,True,True,False,0
507528,G06005906,Medium,False,False,False,0
290910,G06005913,Medium,False,False,False,0
290917,G06005919,High,False,False,False,0
290973,G06005924,Low,False,False,False,0
527738,G06003763,High,False,False,False,0
527660,G06005919,High,False,False,False,0
507663,G06005907,High,False,False,False,0
345291,G06005926,Medium,False,False,False,0
292901,G06005925,Medium,False,False,False,0
292908,G06005908,Medium,True,True,False,0
292909,G06003778,Medium,True,True,False,0
295331,G06005907,High,False,False,False,0
336381,G06005907,High,False,False,True,0
336402,G06003758,High,False,False,False,0
511027,G06005908,Medium,False,False,False,0
336570,G06005906,High,False,False,True,0
336635,G06003779,Medium,False,False,False,0
336656,G06005927,Medium,False,False,False,0
336776,G06003758,High,False,False,False,0
295128,G06005912,High,False,False,False,0
295088,G06005924,Medium,False,False,False,0
336846,G06005919,Medium,False,False,False,0
336858,G06003759,High,False,False,False,0
336878,G06003757,Medium,False,False,False,0
295065,G06005920,Low,False,False,False,0
510778,G06005924,Medium,False,False,False,0
510836,G06005919,High,False,False,False,0
294823,G06003741,High,False,False,False,0
526488,G06003757,Medium,False,False,False,0
294929,G06005906,High,False,False,False,0
336262,G06005926,High,True,True,False,1
510993,G06005906,Medium,False,False,False,0
337071,G06003764,Low,False,False,False,0
337046,G06003753,Low,False,False,True,0
295029,G06005927,Medium,False,False,False,0
295045,G06003779,Low,True,True,False,0
510925,G06003782,Low,False,False,False,0
294663,G06003741,High,False,False,True,1
295362,G06003779,Medium,False,False,True,0
334500,G06005912,Low,False,False,False,0
334701,G06003752,Medium,False,False,False,0
334743,G06003752,High,False,False,False,0
296065,G06005908,Low,False,False,False,0
511337,G06003758,High,False,False,True,0
511321,G06003781,Low,False,False,False,0
295869,G06003781,High,False,False,False,0
334890,G06003757,Low,False,False,False,0
334903,G06005919,Medium,False,False,False,0
334970,G06003761,High,True,True,False,0
335018,G06005909,Low,False,False,False,0
335071,G06005907,High,False,False,False,0
335073,G06003759,Low,False,False,False,0
335081,G06005908,Low,False,False,False,0
335151,G06005924,Low,True,True,False,0
335906,G06003782,High,True,True,False,0
335903,G06003763,Low,False,False,False,1
511033,G06003757,Medium,False,False,False,0
295504,G06003758,High,False,False,False,0
295527,G06005926,High,True,True,True,0
295532,G06005921,High,False,False,True,0
295558,G06005921,Medium,False,False,False,0
335684,G06005921,High,False,False,False,1
511163,G06005906,High,False,False,False,0
295608,G06003778,Medium,False,False,False,0
335490,G06003781,Medium,True,True,False,0
335276,G06003741,Low,False,False,False,0
335718,G06005917,Medium,False,False,False,0
510700,G06005913,Medium,False,False,False,0
339594,G06005921,Low,True,True,False,0
339723,G06003763,Medium,False,False,True,0
510051,G06003782,Medium,False,False,False,0
339913,G06003752,High,False,False,False,0
510045,G06003757,Medium,False,False,True,0
293418,G06005919,Medium,False,False,False,0
509956,G06005907,Medium,False,False,False,0
340225,G06005920,Medium,False,False,False,0
340458,G06005917,High,False,False,False,0
340644,G06005906,High,False,False,False,0
340896,G06005926,Low,False,False,False,0
509694,G06003758,High,True,True,False,0
340963,G06003781,High,False,False,False,0
293033,G06005920,High,False,False,True,0
293044,G06005926,High,False,False,False,0
509384,G06005926,Low,False,False,True,0
293075,G06003781,Medium,False,False,False,0
509427,G06005921,High,False,False,False,1
293143,G06003758,Medium,False,False,False,0
341207,G06005924,Low,False,False,False,1
293199,G06005926,High,False,False,False,0
509579,G06005908,High,False,False,True,0
337499,G06005927,Medium,True,True,True,0
510084,G06003759,Medium,False,False,False,0
339438,G06005927,Medium,False,False,False,0
510679,G06003781,Medium,True,True,False,0
337589,G06003779,Low,False,False,False,0
510668,G06003778,High,False,False,False,0
337913,G06003753,Medium,False,False,True,0
337924,G06005909,Medium,False,False,False,0
337927,G06003763,Low,False,False,False,0
510578,G06005907,Medium,True,True,False,0
510523,G06005917,Medium,False,False,False,0
510463,G06005909,High,False,False,False,0
510390,G06005924,High,True,True,True,0
510266,G06005921,Medium,True,True,False,0
338766,G06005919,High,False,False,False,0
294359,G06005909,Medium,False,False,False,0
510228,G06003764,Low,False,False,False,0
339362,G06005921,High,False,False,False,1
293968,G06005920,Medium,False,False,False,0
339344,G06005921,High,False,False,False,0
339224,G06005924,Medium,False,False,False,0
294054,G06005907,Low,False,False,False,0
339133,G06005924,High,False,False,False,1
526906,G06005908,Low,True,True,False,0
339073,G06005913,Low,False,False,False,0
338991,G06005927,High,False,False,False,0
294157,G06005921,Low,False,False,False,0
338922,G06003763,Medium,False,False,False,0
338913,G06005921,High,False,False,False,0
294322,G06003779,Medium,False,False,True,0
294129,G06005917,Medium,False,False,False,0
346760,G06005924,Low,False,False,False,0
346821,G06005926,Medium,False,False,False,0
503158,G06005917,Low,False,False,False,0
529255,G06003758,Medium,True,True,False,0
284990,G06005917,Low,False,False,False,0
354297,G06003781,Medium,False,False,False,0
354308,G06003759,Low,False,False,False,0
354322,G06005906,High,False,False,False,0
503069,G06005927,High,True,True,False,0
529307,G06003757,Medium,False,False,False,0
529328,G06005919,High,True,True,False,0
284874,G06003781,High,False,False,False,0
354575,G06005907,Low,True,True,False,0
354799,G06003753,High,False,False,False,0
354806,G06005921,High,False,False,False,0
284646,G06003778,High,False,False,False,0
284621,G06005908,High,False,False,False,0
355166,G06005926,High,False,False,False,0
355168,G06005917,Medium,False,False,False,0
502825,G06005908,Medium,False,False,False,0
355257,G06005925,High,False,False,False,1
355272,G06003764,High,False,False,False,1
284449,G06005907,High,True,True,True,0
284419,G06005924,Low,True,True,True,0
355360,G06005921,Medium,False,False,False,1
355093,G06005926,Low,False,False,False,0
285030,G06005921,High,False,False,False,0
354170,G06005907,Medium,False,False,False,0
503222,G06003741,Low,False,False,False,0
352656,G06005927,Medium,False,False,False,0
503800,G06005916,High,False,False,False,0
352731,G06005908,Low,False,False,False,0
352853,G06003764,Medium,False,False,False,1
352873,G06003764,High,False,False,False,0
285597,G06005906,Medium,False,False,False,0
503715,G06005916,High,False,False,False,0
353111,G06005907,High,False,False,False,0
503681,G06005912,Medium,False,False,False,0
503619,G06005906,High,False,False,False,0
353341,G06003752,Low,False,False,False,0
353362,G06005926,Low,True,True,True,0
285386,G06005925,Low,False,False,False,0
353373,G06003753,High,False,False,False,0
354073,G06003757,High,False,False,False,0
353979,G06005907,Low,False,False,False,0
529248,G06005916,High,True,True,False,0
353850,G06005921,Medium,True,True,False,0
503281,G06005909,Medium,False,False,False,0
285169,G06005906,Medium,False,False,True,0
503357,G06005919,Low,True,True,False,0
353650,G06003759,High,False,False,False,0
353634,G06003757,Medium,True,True,False,0
353485,G06005924,Medium,False,False,False,0
503527,G06005921,High,False,False,False,0
503543,G06005912,Low,False,False,True,0
353663,G06003741,Medium,False,False,False,0
284372,G06005906,Low,False,False,False,0
283796,G06003781,Medium,True,True,False,1
357357,G06003763,Low,True,True,False,0
529853,G06005927,Medium,False,False,False,1
529885,G06005916,High,False,False,False,0
357620,G06005921,High,False,False,False,0
357669,G06005909,Medium,False,False,True,0
501730,G06003759,Low,False,False,False,0
501725,G06005907,Low,False,False,False,0
357798,G06005907,Low,False,False,False,0
357832,G06005907,Low,False,False,False,0
357837,G06005924,Medium,False,False,False,0
501659,G06003778,High,False,False,False,1
357887,G06005925,High,True,True,False,1
530030,G06005909,High,False,False,False,0
358333,G06003758,High,False,False,True,0
501421,G06003758,High,False,False,False,0
501488,G06005925,Low,True,True,False,0
358279,G06003739,High,False,False,True,0
283355,G06005913,Low,False,False,False,0
357260,G06005916,Low,False,False,False,0
358269,G06005916,High,False,False,False,0
358142,G06003757,Low,False,False,False,0
358097,G06005927,Medium,False,False,True,0
529956,G06003741,Low,False,False,False,0
357926,G06005925,Medium,False,False,False,0
530007,G06005927,High,True,True,False,0
352349,G06003778,High,False,False,False,0
357168,G06005919,Low,False,False,False,0
357147,G06003764,Low,False,False,False,1
355699,G06005907,High,False,False,False,0
284340,G06005907,High,False,False,False,0
355759,G06005927,High,False,False,False,0
355786,G06005907,Medium,False,False,False,0
355796,G06003778,Low,False,False,False,0
355836,G06005924,Medium,False,False,False,0
355869,G06003757,High,False,False,False,0
355901,G06005917,Low,False,False,False,0
356045,G06005906,Low,False,False,False,0
284196,G06005909,High,False,False,False,0
356117,G06003757,Medium,False,False,False,1
284142,G06005908,Medium,False,False,False,0
356254,G06003753,High,False,False,False,0
502386,G06005906,Medium,True,True,False,0
356325,G06003759,Low,False,False,False,0
529792,G06005912,Medium,False,False,True,0
356805,G06005909,Low,True,True,False,0
356783,G06005920,High,False,False,False,0
283960,G06005919,High,False,False,False,0
356747,G06005916,Medium,False,False,False,0
357163,G06005907,Medium,False,False,False,0
356662,G06003753,Low,True,True,False,0
356595,G06003741,Medium,False,False,False,0
502299,G06003752,High,False,False,False,0
356570,G06005921,Low,False,False,False,0
529679,G06003753,High,False,False,False,0
502328,G06005907,High,False,False,True,0
356608,G06003778,Medium,False,False,False,0
285934,G06005916,High,False,False,False,0
504066,G06003782,High,True,True,False,0
348043,G06005907,Low,False,False,False,1
506139,G06005927,Medium,False,False,True,0
506132,G06003781,High,False,False,False,0
348313,G06005906,Medium,False,False,False,0
288482,G06005920,High,False,False,False,0
506043,G06005906,High,False,False,False,0
348322,G06005906,Medium,False,False,False,0
348348,G06005916,High,False,False,False,0
506025,G06003741,High,False,False,False,0
288246,G06005913,High,False,False,False,0
288240,G06003781,High,True,True,False,0
348522,G06003758,Medium,False,False,False,0
505995,G06005925,Medium,False,False,False,0
288170,G06003764,Medium,False,False,False,0
505954,G06005921,Low,False,False,False,0
349749,G06005916,High,False,False,False,0
349599,G06003741,Low,False,False,False,0
349512,G06003779,Medium,False,False,False,0
349490,G06003758,High,False,False,False,0
349460,G06005924,Low,False,False,False,0
287972,G06003763,Medium,False,False,False,0
505852,G06003779,Medium,False,False,False,0
348988,G06003758,High,False,False,False,0
505879,G06005908,High,False,False,False,0
505887,G06005924,Medium,False,False,True,0
349398,G06003752,High,False,False,False,0
349774,G06005919,Low,False,False,False,0
506172,G06005925,High,False,False,False,0
288790,G06005913,Low,False,False,False,0
346843,G06005921,Medium,False,False,False,0
289947,G06003758,Low,False,False,False,0
346857,G06005919,High,False,False,True,0
346896,G06005913,High,False,False,False,0
346907,G06005920,Medium,False,False,False,0
346961,G06003758,Low,False,False,False,0
289639,G06003778,Low,False,False,False,0
289620,G06005925,Medium,False,False,False,0
289617,G06005908,Low,True,True,False,0
289590,G06005906,High,False,False,False,0
347260,G06005917,Medium,False,False,False,0
289499,G06003764,High,False,False,False,0
347313,G06005924,Medium,False,False,False,0
289493,G06005909,High,False,False,False,0
289460,G06003759,Medium,False,False,False,0
288891,G06005919,High,False,False,False,0
506286,G06003764,High,False,False,False,0
347606,G06003764,High,False,False,False,0
347531,G06003741,High,False,False,False,0
289296,G06005920,Low,False,False,False,0
289331,G06005913,High,False,False,False,0
289337,G06003778,High,False,False,False,1
347344,G06003757,Medium,False,False,False,0
347397,G06005924,Medium,False,False,False,0
528451,G06005909,High,False,False,False,0
504691,G06005908,High,False,False,False,0
504679,G06003757,High,False,False,False,0
351067,G06005917,Medium,False,False,False,0
286530,G06005916,Low,False,False,False,0
351086,G06005924,Medium,False,False,False,0
351168,G06005907,Low,False,False,False,0
504576,G06003752,Medium,False,False,False,0
528665,G06005924,Low,False,False,False,0
286416,G06003779,Medium,True,True,False,0
351342,G06005907,Low,True,True,False,0
351376,G06005919,High,True,True,False,0
504509,G06005926,Medium,True,True,False,0
351436,G06003779,Medium,False,False,False,0
351521,G06003763,Medium,False,False,False,0
351562,G06005924,High,False,False,False,1
528978,G06005917,Low,False,False,False,0
352261,G06005906,High,False,False,False,0
286030,G06003764,High,False,False,False,0
352242,G06005917,Medium,False,False,False,1
286041,G06005913,Medium,False,False,False,0
352095,G06005907,High,False,False,False,0
351005,G06003763,Low,False,False,False,1
352081,G06003757,Medium,False,False,True,0
504367,G06005921,High,False,False,True,0
351757,G06003758,High,False,False,False,0
351721,G06005926,Medium,False,False,False,0
351697,G06005925,High,True,True,False,0
504407,G06005921,High,False,False,False,0
286106,G06005908,Medium,False,False,False,0
349835,G06005909,Low,False,False,False,0
286632,G06003757,High,False,False,False,0
504796,G06005906,High,False,False,False,0
528453,G06005907,Medium,False,False,False,0
349863,G06005913,High,False,False,False,0
287652,G06005913,Low,False,False,False,0
505307,G06003757,High,False,False,False,0
349954,G06005913,High,False,False,False,0
349964,G06003759,Low,False,False,False,0
350140,G06005906,High,False,False,False,0
528454,G06005908,Low,False,False,False,0
350222,G06003779,High,True,True,False,0
350462,G06003759,High,False,False,False,0
350572,G06005919,Medium,False,False,False,0
350619,G06005906,Low,False,False,False,0
350627,G06005908,Low,False,False,False,0
287235,G06005909,Medium,False,False,False,0
504813,G06005913,Low,True,True,False,0
286782,G06003782,Medium,False,False,False,1
286847,G06003753,High,False,False,False,0
286849,G06005908,Medium,False,False,False,0
504828,G06005921,High,False,False,False,0
286759,G06003741,Medium,False,False,False,0
350791,G06003758,High,False,False,False,1
504856,G06003764,High,False,False,False,0
287119,G06005906,Medium,False,False,False,0
287209,G06003759,High,False,False,False,0
350664,G06005906,Medium,False,False,False,0
350767,G06005920,High,False,False,False,0
511500,G06005921,High,False,False,False,0
511514,G06005906,High,True,True,False,1
526123,G06003757,Low,False,False,False,0
305403,G06003764,Medium,True,True,False,0
317476,G06003778,Low,False,False,False,0
317507,G06005907,Medium,False,False,False,0
517722,G06005921,Medium,False,False,False,0
317526,G06003781,Low,False,False,False,0
317562,G06005919,Medium,False,False,False,0
517717,G06003778,High,False,False,False,0
317603,G06003753,Medium,False,False,False,0
317815,G06003781,High,False,False,True,0
317825,G06003761,Low,False,False,False,0
317856,G06005913,High,False,False,False,1
305283,G06005924,Medium,False,False,False,0
317934,G06005917,Medium,False,False,False,0
305236,G06005927,High,False,False,False,0
318074,G06003782,Medium,False,False,False,0
318086,G06003759,High,False,False,False,0
517623,G06005909,Medium,False,False,False,0
318156,G06005919,High,False,False,False,0
305077,G06005920,High,False,False,False,0
517575,G06003757,Low,False,False,False,0
522478,G06005917,High,False,False,True,0
305016,G06005913,Low,True,True,False,0
304923,G06003778,High,False,False,False,0
318479,G06005906,Medium,False,False,False,0
304890,G06005924,Medium,True,True,False,0
517488,G06003759,Medium,False,False,False,1
318043,G06005906,Medium,False,False,False,0
305467,G06003752,Medium,False,False,False,0
305489,G06003759,Low,False,False,False,0
305518,G06003762,High,False,False,False,0
315368,G06003778,High,False,False,False,0
315435,G06005917,Low,False,False,False,0
315599,G06005907,High,False,False,False,0
315617,G06005916,High,False,False,False,0
306401,G06005909,Medium,False,False,False,0
315656,G06003741,High,False,False,False,0
315665,G06003782,High,False,False,False,0
315720,G06003753,High,False,False,False,0
315887,G06005919,High,False,False,False,0
518081,G06005921,Low,False,False,True,0
306208,G06005921,High,True,True,False,0
306201,G06005921,High,False,False,False,0
306161,G06005921,Medium,False,False,False,0
522172,G06003759,Low,False,False,False,0
316521,G06003758,High,False,False,False,0
517726,G06005921,Medium,False,False,False,1
517775,G06005927,Low,False,False,False,0
517803,G06003764,Medium,False,False,False,0
317155,G06005926,Medium,False,False,False,0
317132,G06005927,High,False,False,True,0
317035,G06005908,High,False,False,False,0
316789,G06003781,High,False,False,False,0
316686,G06003757,Medium,True,True,False,0
306064,G06005912,High,False,False,False,0
317067,G06003764,High,False,False,True,0
522510,G06003764,High,True,True,True,0
318939,G06003782,High,False,False,False,0
320418,G06005924,Low,False,False,False,0
523031,G06003758,Medium,True,True,True,0
320444,G06005921,High,False,False,False,0
516991,G06003763,High,False,False,False,0
320577,G06005916,Medium,True,True,False,0
516930,G06005906,High,True,True,True,0
320627,G06005921,High,False,False,True,1
320789,G06003758,High,True,True,True,0
320933,G06003764,Medium,True,True,False,0
320938,G06003763,Low,False,False,False,0
516810,G06005909,Low,False,False,True,0
303277,G06003752,High,False,False,False,0
516782,G06005909,Low,False,False,False,0
321230,G06005926,High,True,True,True,0
302898,G06003782,High,False,False,False,0
321702,G06005926,High,False,False,False,0
523358,G06003753,High,False,False,False,0
321640,G06003759,High,False,False,False,1
516630,G06005919,Medium,False,False,False,1
516649,G06005921,Low,True,True,False,0
321429,G06005920,High,False,False,False,0
303059,G06005921,High,False,False,False,0
321394,G06005909,High,False,False,False,0
523203,G06005921,High,False,False,True,0
303146,G06005906,High,False,False,False,1
516678,G06005927,High,False,False,True,0
517100,G06003763,High,False,False,False,0
304681,G06003759,High,False,False,False,0
304668,G06005921,High,True,True,True,0
318974,G06003782,Low,False,False,False,0
319209,G06003764,Low,False,False,True,0
304581,G06003752,High,False,False,True,1
304577,G06005917,High,False,False,True,1
319296,G06005909,Low,False,False,False,0
522595,G06005907,Medium,False,False,False,0
304572,G06003778,Low,False,False,False,1
319325,G06005921,High,True,True,False,0
517348,G06005919,Low,False,False,True,0
522626,G06003757,High,False,False,True,1
319532,G06005924,High,False,False,False,0
304403,G06003781,High,False,False,False,0
517289,G06005916,Medium,True,True,True,0
517273,G06005913,Medium,False,False,False,0
319931,G06003763,Low,False,False,False,0
517112,G06005908,Medium,False,False,True,0
517136,G06005912,Medium,False,False,False,0
517170,G06003763,Medium,False,False,False,0
303993,G06005924,High,True,True,False,0
517075,G06005924,Medium,False,False,False,0
522840,G06005906,Medium,False,False,True,0
304120,G06005921,Medium,False,False,False,0
522773,G06005927,High,True,True,True,1
517249,G06005912,High,False,False,False,0
319684,G06005924,Medium,False,False,False,0
319646,G06003758,High,False,False,False,0
304063,G06005909,High,False,False,False,0
315181,G06005926,Medium,False,False,False,0
518304,G06005919,High,False,False,True,0
314979,G06003764,High,False,False,False,0
521404,G06003741,High,False,False,False,0
310925,G06003759,High,False,False,False,0
310962,G06005924,Medium,False,False,False,0
520335,G06005912,Low,False,False,False,0
311093,G06005909,High,True,True,True,0
311095,G06005913,High,False,False,True,0
311120,G06005906,Low,False,False,False,0
311206,G06005908,High,False,False,False,0
308358,G06005916,High,False,False,False,0
520096,G06005909,Medium,False,False,False,0
308345,G06003764,Medium,True,True,False,0
311380,G06003781,Medium,True,True,False,0
311441,G06005927,Low,False,False,False,0
308300,G06005917,Low,False,False,False,0
308095,G06005906,Low,False,False,False,0
311935,G06003763,High,False,False,False,0
311884,G06003763,Medium,True,True,False,0
311816,G06003782,Medium,False,False,False,0
311769,G06003758,Medium,False,False,False,0
521262,G06003781,Low,False,False,False,0
520023,G06005926,High,False,False,False,0
521530,G06005907,Medium,False,False,False,0
311577,G06003764,Medium,False,False,False,0
521518,G06003759,Low,False,False,False,0
520030,G06003781,High,False,False,False,0
520065,G06005919,High,False,False,True,1
308215,G06005913,Medium,False,False,False,0
308071,G06003764,Medium,True,True,False,0
521252,G06003762,Low,True,True,False,0
309158,G06005925,Medium,False,False,False,0
309308,G06003757,Medium,False,False,False,0
309416,G06005917,High,False,False,False,0
309419,G06005906,Medium,False,False,False,1
521061,G06005919,Low,False,False,True,0
309504,G06003778,Medium,False,False,False,0
309059,G06003753,High,False,False,False,0
309578,G06005927,Medium,False,False,False,0
309611,G06003778,High,False,False,False,0
309693,G06005907,High,False,False,False,0
309806,G06003758,Medium,False,False,False,0
520658,G06003757,High,False,False,False,0
308712,G06005909,Low,False,False,False,0
310549,G06003781,High,False,False,True,0
310535,G06003758,High,False,False,True,0
310461,G06003752,High,False,False,False,0
308690,G06003752,Medium,False,False,False,0
308895,G06003758,Medium,False,False,False,0
310263,G06005919,High,False,False,False,0
520562,G06005925,Medium,False,False,False,0
520623,G06005924,Medium,True,True,False,0
520528,G06005913,High,False,False,False,0
308046,G06003741,High,False,False,False,0
308006,G06003764,Medium,True,True,True,0
307337,G06005927,Medium,False,False,False,0
307333,G06005919,Low,False,False,False,0
521839,G06003753,High,False,False,False,0
313874,G06005924,High,False,False,False,0
307254,G06005909,Low,False,False,False,0
518993,G06003753,High,False,False,False,0
313924,G06005909,High,False,False,False,0
313925,G06003764,Low,False,False,False,0
313930,G06005913,High,False,False,False,0
521946,G06005920,Medium,False,False,True,0
518936,G06005917,High,False,False,True,0
307153,G06005924,Medium,True,True,False,0
314098,G06003782,High,False,False,False,0
307102,G06005920,Low,True,True,False,0
522029,G06005920,Low,False,False,False,0
522016,G06005921,Medium,False,False,False,0
314884,G06005916,Low,False,False,True,0
314776,G06005925,Medium,False,False,False,0
521982,G06005924,Medium,False,False,False,0
518654,G06003782,High,False,False,False,0
306767,G06005906,Medium,False,False,False,0
306794,G06003757,High,True,True,False,0
306808,G06005907,Low,False,False,False,0
518752,G06003781,Medium,False,False,False,0
314436,G06005919,Medium,False,False,False,0
518781,G06003763,Low,False,False,False,0
314545,G06005920,Medium,False,False,False,0
312531,G06003741,Low,False,False,False,0
521587,G06003762,Low,False,False,False,0
312553,G06005906,Medium,False,False,False,0
307893,G06003782,Low,True,True,False,0
312672,G06003752,High,False,False,False,0
312701,G06003763,Low,False,False,False,0
307864,G06005921,Low,False,False,False,0
519621,G06005906,Medium,False,False,False,0
307814,G06005916,High,False,False,False,0
519460,G06005907,High,False,False,False,0
307761,G06005920,Low,True,True,False,0
313017,G06005917,Low,False,False,False,0
519413,G06005906,High,False,False,False,0
307730,G06003778,High,True,True,False,0
307422,G06005920,Medium,False,False,True,0
521796,G06005909,Low,False,False,False,0
313699,G06005908,High,False,False,False,0
307502,G06005907,High,False,False,False,0
519246,G06003781,Medium,False,False,False,0
313536,G06005920,Medium,False,False,False,0
307578,G06003778,Medium,False,False,True,0
307617,G06005907,Low,False,False,False,0
313142,G06005920,High,False,False,False,0
307659,G06005920,High,False,False,False,0
307664,G06003764,Low,False,False,True,0
313105,G06003782,Medium,False,False,False,0
313024,G06005921,High,False,False,False,0
516588,G06005926,Medium,False,False,False,0
523374,G06005920,Medium,True,True,False,0
302883,G06003757,Medium,False,False,False,0
299213,G06005909,Low,False,False,False,0
513556,G06003763,High,True,True,False,0
329732,G06003753,High,False,False,False,0
299111,G06005908,Low,False,False,True,1
513529,G06005921,Medium,False,False,False,0
329834,G06003782,High,False,False,False,0
525131,G06005916,Medium,False,False,False,1
329946,G06005926,High,False,False,False,0
299017,G06005921,Medium,True,True,False,0
298970,G06003758,High,False,False,False,0
525176,G06003758,High,False,False,True,0
298827,G06005909,Low,False,False,False,0
330477,G06003782,Medium,False,False,False,0
330553,G06005917,Medium,False,False,False,0
298736,G06005906,High,True,True,False,0
298262,G06005907,Medium,False,False,False,0
331287,G06003757,High,True,True,False,0
298369,G06005909,Low,False,False,False,0
331200,G06005909,High,False,False,False,0
329602,G06005916,High,False,False,False,0
513363,G06005909,High,False,False,False,0
513380,G06005912,High,True,True,False,0
330875,G06003782,Medium,False,False,False,0
525186,G06005907,High,False,False,False,0
330816,G06005908,Medium,False,False,False,0
513442,G06003761,Medium,False,False,True,0
330659,G06003753,High,False,False,False,0
331116,G06003782,High,False,False,False,0
331456,G06003753,High,False,False,False,0
299253,G06005916,Medium,False,False,False,0
329498,G06003741,Medium,False,False,False,0
514357,G06005906,High,False,False,False,1
514338,G06003752,High,False,False,True,0
299649,G06003752,High,False,False,False,0
514269,G06005908,High,False,False,False,0
328195,G06005924,High,False,False,False,0
328248,G06005909,High,False,False,False,0
328408,G06003782,Medium,True,True,False,0
524904,G06003781,Medium,True,True,False,0
514012,G06003741,High,False,False,False,0
513950,G06005920,High,False,False,False,0
299516,G06005908,Medium,False,False,False,0
328575,G06005917,Medium,False,False,False,1
513873,G06005927,High,False,False,False,0
328692,G06005920,Medium,True,True,False,0
329386,G06005926,High,False,False,False,0
299313,G06005907,High,True,True,False,0
513633,G06005924,High,False,False,False,0
329253,G06005912,High,False,False,False,0
299337,G06003758,High,False,False,True,0
329180,G06005924,High,False,False,False,0
329172,G06003782,High,False,False,False,0
329142,G06005924,Medium,False,False,False,1
299487,G06005908,Medium,False,False,False,0
329055,G06005908,Low,False,False,False,0
329184,G06005921,Medium,False,False,False,0
299858,G06005906,Medium,False,False,False,0
331466,G06005906,High,False,False,False,0
331693,G06005921,Low,False,False,False,0
512260,G06005906,Medium,False,False,False,0
333126,G06003752,Low,False,False,False,0
512152,G06003741,Medium,False,False,False,0
333521,G06003741,Low,False,False,False,0
333532,G06005917,Low,False,False,False,0
333611,G06005926,High,False,False,False,0
333680,G06003757,High,False,False,False,0
296889,G06003764,Low,False,False,False,0
525924,G06005924,Medium,False,False,False,0
334364,G06005908,High,False,False,False,0
511603,G06005924,Medium,False,False,False,0
334328,G06003764,High,False,False,False,0
296315,G06005916,Medium,False,False,False,0
526103,G06003781,Low,True,True,False,0
334293,G06003759,Medium,False,False,False,0
525806,G06005906,Low,False,False,False,0
296656,G06003759,Low,True,True,False,0
333914,G06003782,Medium,False,False,False,0
526003,G06005908,High,False,False,False,1
331584,G06003762,Medium,False,False,False,0
332959,G06005907,Low,False,False,False,0
331699,G06005927,High,False,False,False,0
513316,G06005908,High,False,False,False,0
331709,G06005924,Medium,False,False,False,0
331795,G06005920,Medium,False,False,False,0
297946,G06005912,Medium,True,True,False,1
525488,G06003741,High,False,False,False,0
331873,G06003741,High,False,False,False,0
513244,G06005906,Medium,True,True,False,0
332057,G06003764,High,True,True,False,0
513131,G06005913,Medium,False,False,False,0
332180,G06003781,High,False,False,False,0
332296,G06005924,High,True,True,False,0
332408,G06003759,Low,False,False,False,0
332466,G06003759,High,False,False,False,0
297435,G06005919,High,False,False,False,0
512518,G06003782,High,False,False,False,0
297505,G06003758,Low,False,False,False,0
332904,G06003781,Low,True,True,False,0
512601,G06005907,High,False,False,False,0
525720,G06005916,High,False,False,False,0
297559,G06005907,Medium,False,False,False,0
512881,G06003759,Medium,False,False,False,0
297615,G06005917,Low,False,False,False,1
512965,G06003758,High,False,False,False,0
332569,G06005906,Low,False,False,False,0
525650,G06005919,High,False,False,False,0
332485,G06005919,High,False,False,False,0
297604,G06005924,Low,False,False,False,0
358351,G06005906,Medium,False,False,False,0
327984,G06005925,High,False,False,False,0
514422,G06003753,Medium,False,False,False,0
323790,G06005924,Low,False,False,True,1
302094,G06005917,High,False,False,False,0
323804,G06005912,Medium,False,False,True,0
324066,G06003753,High,False,False,False,0
324166,G06003758,High,False,False,False,0
301964,G06003757,High,False,False,False,0
301955,G06005908,High,False,False,False,0
301947,G06003782,Low,False,False,False,0
301936,G06003764,Low,False,False,False,0
523722,G06005924,Low,False,False,True,0
523779,G06005909,High,False,False,False,0
324316,G06003763,Low,False,False,False,0
301809,G06005909,Low,False,False,False,0
324439,G06005924,Medium,False,False,False,0
324450,G06005913,High,False,False,False,0
301551,G06005908,Medium,False,False,True,0
523842,G06005927,Medium,False,False,True,0
324972,G06005924,Low,True,True,False,0
324862,G06003757,High,False,False,True,0
301670,G06005921,High,False,False,False,0
515791,G06003758,High,False,False,False,0
515846,G06003757,Low,False,False,False,0
324528,G06005917,High,False,False,False,1
301750,G06005924,High,False,False,False,0
324479,G06005920,High,False,False,False,0
515677,G06005909,Low,False,False,False,0
325032,G06003761,High,False,False,False,0
323621,G06005924,Low,False,False,False,0
323613,G06005921,Low,False,False,False,0
321902,G06003759,High,False,False,False,0
321917,G06003764,Low,True,True,False,0
321991,G06005921,Low,False,False,False,0
302856,G06003779,Medium,False,False,False,1
322016,G06003762,High,False,False,False,0
523399,G06003764,Low,True,True,False,0
302771,G06003764,High,False,False,False,0
516497,G06005913,Medium,False,False,False,0
322286,G06005909,Low,False,False,False,0
302682,G06005924,Medium,False,False,False,0
302654,G06005921,Low,False,False,False,0
516418,G06005927,Medium,False,False,False,0
322508,G06005907,High,False,False,False,0
322540,G06005917,Low,False,False,False,0
322619,G06005924,Low,False,False,False,0
323540,G06003759,High,False,False,False,0
323464,G06005927,Medium,True,True,False,0
302252,G06005917,High,False,False,False,0
302273,G06005924,Medium,True,True,True,0
302277,G06005909,High,True,True,False,0
516272,G06003764,High,False,False,False,0
323127,G06003758,High,False,False,False,0
323110,G06005913,High,False,False,False,0
323022,G06005919,High,False,False,False,0
302492,G06005906,Medium,False,False,False,0
322965,G06005921,High,True,True,False,0
322950,G06003752,High,False,False,False,0
302588,G06003782,Low,False,False,False,0
523656,G06003752,High,False,False,False,0
327973,G06003763,Medium,False,False,False,0
515612,G06005919,High,False,False,False,0
326756,G06005924,Medium,False,False,False,0
300642,G06003759,High,True,True,False,0
326808,G06005916,High,False,False,False,0
300543,G06005913,Medium,False,False,False,0
327074,G06005916,Medium,False,False,False,0
300487,G06003764,Low,False,False,False,0
327268,G06005916,High,False,False,False,0
300402,G06005909,Medium,True,True,False,0
327369,G06003758,High,False,False,False,0
514643,G06005920,Medium,False,False,False,0
514617,G06005926,High,False,False,False,0
514585,G06005916,Medium,False,False,False,0
299938,G06005921,Low,True,True,True,0
514450,G06003763,High,False,False,False,0
327891,G06005919,Medium,False,False,False,0
327819,G06005909,High,False,False,False,0
327768,G06003758,High,True,True,False,0
326721,G06005921,High,False,False,False,0
327675,G06003763,Medium,True,True,False,0
327669,G06003759,High,True,True,False,0
524582,G06003757,Low,False,False,False,0
514505,G06003757,High,False,False,False,0
300121,G06005917,Medium,False,False,False,0
327633,G06003757,High,False,False,False,0
325039,G06005924,Medium,False,False,False,0
515032,G06005926,Medium,True,True,True,0
325379,G06005917,High,True,True,False,0
325467,G06003779,Medium,False,False,False,0
325527,G06003753,High,False,False,True,0
515429,G06003753,High,False,False,False,0
515419,G06003763,Medium,False,False,False,0
325637,G06005907,High,False,False,False,0
301201,G06005917,Medium,False,False,False,0
301178,G06005924,High,False,False,False,0
325734,G06003758,High,False,False,False,0
301159,G06005924,Medium,False,False,False,1
325824,G06003759,Medium,False,False,False,0
325846,G06005924,High,False,False,False,1
515278,G06003758,Medium,False,False,False,0
300823,G06005924,High,False,False,False,0
300957,G06003782,High,False,False,False,0
326362,G06003752,High,False,False,False,0
300961,G06005908,High,False,False,True,0
524170,G06005919,Medium,False,False,True,0
301082,G06005924,Low,False,False,False,0
326177,G06005909,High,False,False,False,0
326104,G06005909,High,True,True,False,0
524077,G06005920,High,False,False,False,0
515164,G06003762,High,True,True,False,0
358447,G06005926,High,False,False,False,0
358468,G06005916,Low,False,False,False,0
387554,G06005906,High,False,False,False,0
387579,G06005912,Low,False,False,False,0
387627,G06005913,Medium,False,False,False,0
268195,G06005917,High,False,False,False,0
490128,G06003753,High,True,True,False,0
268044,G06005908,High,False,False,False,1
268029,G06003761,Medium,False,False,False,0
387910,G06005907,Medium,False,False,False,0
387540,G06003758,High,False,False,True,0
387993,G06005921,High,True,True,False,0
267999,G06003741,High,False,False,False,0
388043,G06005912,High,False,False,False,0
267876,G06005920,High,False,False,False,0
388143,G06005907,Medium,False,False,False,0
388147,G06005919,Low,False,False,False,0
267790,G06005924,Low,False,False,False,0
489934,G06005908,Medium,True,True,False,0
388228,G06003752,Medium,False,False,False,0
388247,G06005927,Medium,False,False,False,0
387518,G06003757,Medium,False,False,False,0
387511,G06005926,High,False,False,False,0
535639,G06003757,Low,False,False,False,0
269387,G06005906,Medium,False,False,True,0
490691,G06003781,High,False,False,False,0
386353,G06005924,High,True,True,False,0
386367,G06003753,High,False,False,False,0
490658,G06003759,Low,False,False,False,0
386408,G06003778,High,False,False,False,0
386436,G06005907,High,False,False,False,0
386465,G06005921,High,False,False,False,0
490539,G06005908,High,False,False,True,0
386647,G06005907,Low,False,False,False,0
490456,G06005924,Low,False,False,False,0
535543,G06003753,Medium,False,False,False,0
386832,G06005924,Medium,False,False,False,0
386932,G06003782,High,False,False,False,0
268438,G06003763,Medium,False,False,False,0
490275,G06005921,Medium,True,True,True,0
387407,G06003762,Low,False,False,False,0
387333,G06003764,Medium,False,False,True,0
387324,G06003759,High,False,False,False,0
387279,G06005916,Low,False,False,False,0
535759,G06003758,Low,False,False,False,0
535616,G06003782,Low,False,False,False,0
535580,G06005913,Medium,False,False,False,0
268795,G06003764,High,False,False,False,0
386979,G06005913,High,False,False,False,0
490353,G06005907,Medium,False,False,False,0
490370,G06003758,Low,False,False,False,0
268882,G06003741,Medium,False,False,False,0
535603,G06003782,Medium,False,False,False,0
388459,G06003753,Medium,False,False,False,0
388468,G06003764,High,False,False,False,0
535801,G06005924,Medium,False,False,False,0
489391,G06005921,High,False,False,False,0
266353,G06005906,High,False,False,False,0
489313,G06003757,Medium,False,False,False,1
489299,G06005924,Low,False,False,False,0
389985,G06003763,High,False,False,False,0
489292,G06003781,Low,False,False,False,0
266294,G06005912,High,False,False,False,0
390022,G06005908,Low,False,False,True,0
536161,G06005913,Low,False,False,False,0
390060,G06003752,High,False,False,False,0
390209,G06005926,High,False,False,False,0
390340,G06003778,Low,False,False,False,0
488904,G06003758,High,False,False,False,0
536290,G06005919,High,False,False,False,0
265791,G06003741,Low,False,False,False,0
390980,G06005926,Medium,True,True,False,0
488834,G06003757,Medium,True,True,False,0
536376,G06005916,Medium,False,False,False,1
390734,G06005909,Medium,True,True,True,0
390728,G06005921,High,True,True,False,0
390563,G06003764,High,False,False,True,1
488863,G06005920,High,False,False,False,0
266047,G06003758,High,False,False,False,0
390658,G06005921,Low,False,False,False,0
386287,G06005920,Medium,False,False,False,0
266457,G06003741,High,True,True,False,0
389764,G06003741,Low,False,False,False,0
388495,G06005921,Medium,False,False,False,0
267242,G06003753,Medium,False,False,False,0
388850,G06003753,Low,False,False,False,0
388908,G06005909,Low,False,False,False,0
267214,G06003758,High,False,False,True,0
267198,G06005917,Low,False,False,False,0
535936,G06003761,High,False,False,False,0
267151,G06005924,High,True,True,False,0
489605,G06005909,Low,False,False,False,0
389243,G06005919,Medium,False,False,False,0
389278,G06005917,High,False,False,False,0
266902,G06003753,Low,False,False,False,0
389361,G06003758,Low,False,False,False,0
389376,G06005906,High,True,True,False,0
266531,G06003757,Medium,False,False,False,1
266621,G06005927,Medium,False,False,False,0
536092,G06005916,Low,False,False,False,0
489461,G06005921,Medium,True,True,False,0
266695,G06005924,Low,False,False,False,0
536039,G06003761,Medium,False,False,False,0
489412,G06005926,High,False,False,True,0
389693,G06003763,Medium,False,False,False,0
389649,G06005920,High,True,True,False,0
389646,G06003761,Low,False,False,False,0
389618,G06005906,Low,False,False,False,0
489499,G06005920,Low,False,False,False,0
389507,G06003763,Medium,False,False,False,0
266862,G06005921,Medium,False,False,False,0
266741,G06003778,Low,False,False,False,0
490701,G06005924,Low,False,False,False,0
386262,G06003759,Low,False,False,False,0
269424,G06005907,High,False,False,False,0
382366,G06003764,Medium,False,False,False,0
382474,G06005927,Low,False,False,False,0
534491,G06005926,Medium,True,True,True,0
534571,G06005907,Medium,False,False,False,0
382567,G06005907,Low,False,False,False,0
492150,G06005906,Low,False,False,False,0
382669,G06005926,Medium,False,False,False,0
270921,G06005906,Medium,False,False,False,0
270882,G06005926,High,False,False,False,0
382819,G06003714,Medium,False,False,False,0
270880,G06005919,Low,False,False,False,0
383256,G06005924,High,False,False,False,0
383226,G06003752,High,True,True,True,0
383193,G06003757,High,False,False,False,0
383146,G06003759,Low,False,False,False,0
270741,G06005924,Low,False,False,False,0
491804,G06003759,High,False,False,False,0
271042,G06005907,Low,False,False,False,0
491837,G06003741,Low,False,False,False,0
383101,G06003741,Medium,False,False,False,0
534666,G06005913,High,True,True,False,0
270780,G06005916,Medium,False,False,False,0
383030,G06005909,High,False,False,False,0
491906,G06005919,Low,False,False,False,0
534676,G06003758,High,False,False,False,0
491724,G06005926,High,False,False,False,0
382252,G06005927,Medium,False,False,False,0
492758,G06003778,Medium,False,False,False,0
271999,G06005921,High,False,False,False,0
381254,G06003758,Medium,False,False,False,0
381266,G06003757,Medium,False,False,False,0
381302,G06003753,Medium,False,False,False,0
381334,G06005924,Medium,False,False,False,0
381452,G06005924,High,False,False,False,0
381482,G06005916,Medium,True,True,False,0
492567,G06005921,High,False,False,False,0
381708,G06005916,High,False,False,False,0
271417,G06003764,High,False,False,False,1
382035,G06005921,Low,False,False,False,0
271071,G06005909,Low,False,False,False,0
382009,G06003758,Medium,False,False,False,0
382002,G06003763,Medium,False,False,False,0
381996,G06003778,Medium,True,True,False,0
492360,G06003758,High,False,False,False,0
271054,G06005926,Medium,False,False,False,1
492465,G06005924,Low,False,False,False,0
381908,G06003782,High,False,False,False,0
492495,G06005906,Medium,False,False,True,0
381779,G06005906,Low,True,True,False,1
381729,G06005921,High,False,False,False,0
381910,G06003761,High,False,False,False,0
488606,G06005927,High,False,False,True,0
270660,G06003764,High,False,False,False,0
535165,G06005919,Medium,False,False,False,0
385111,G06005917,High,False,False,False,0
385152,G06003779,Medium,False,False,True,0
385188,G06003778,Low,True,True,False,0
491046,G06003757,Low,False,False,False,0
385309,G06003778,High,False,False,False,0
269839,G06005908,High,False,False,False,0
490991,G06005913,High,False,False,False,0
385396,G06003778,Low,False,False,False,0
385441,G06005919,Medium,False,False,False,0
269815,G06003757,Low,False,False,False,0
385695,G06005927,High,True,True,False,0
269793,G06003759,High,False,False,False,0
269776,G06005907,High,False,False,False,0
386213,G06005919,Medium,False,False,False,0
535276,G06005920,Low,False,False,False,1
386210,G06005924,Medium,False,False,False,0
269454,G06003757,High,False,False,True,0
490707,G06005919,High,True,True,False,0
386184,G06005906,Medium,False,False,False,0
385011,G06005927,High,False,False,False,0
386073,G06003757,High,False,False,False,0
269490,G06005920,Low,False,False,False,0
385987,G06005924,Low,False,False,False,0
490862,G06005916,High,False,False,False,0
385872,G06003757,Medium,False,False,False,0
269653,G06005908,Medium,False,False,False,0
386011,G06003764,Medium,False,False,False,0
383371,G06005924,Medium,False,False,False,0
535107,G06005908,High,False,False,False,0
384872,G06005927,Low,False,False,False,0
383792,G06003778,High,False,False,False,0
534884,G06005916,Medium,True,True,False,0
534935,G06005926,Low,False,False,False,0
491622,G06005926,High,True,True,False,0
491559,G06005917,High,False,False,False,0
270474,G06005908,High,False,False,False,0
384102,G06005912,High,False,False,False,0
384177,G06005921,Low,False,False,False,0
270343,G06003759,Medium,False,False,False,0
384230,G06003714,High,False,False,False,0
535010,G06003762,High,True,True,True,0
384815,G06005921,Low,False,False,False,0
270115,G06003757,Medium,False,False,True,0
384811,G06005919,Low,False,False,False,0
384733,G06005924,High,True,True,False,0
384609,G06003757,Low,False,False,False,0
535091,G06003781,Low,False,False,False,0
491247,G06005924,Medium,True,True,False,0
384409,G06005919,High,False,False,False,0
270317,G06003752,Medium,False,False,False,0
384374,G06005917,Medium,False,False,False,0
270323,G06005908,Low,False,False,False,0
384252,G06003752,Low,False,False,True,0
491288,G06005906,Medium,False,False,False,0
391122,G06005919,Medium,False,False,False,1
391138,G06003778,High,False,False,False,0
488573,G06005917,Medium,False,False,False,0
537928,G06003778,High,False,False,False,0
261799,G06003764,High,False,False,False,0
399712,G06005906,High,False,False,False,0
537933,G06005921,Medium,False,False,False,0
485197,G06003752,Low,False,False,False,0
261688,G06005909,Low,False,False,False,0
399902,G06003779,High,True,True,False,0
484943,G06005907,High,False,False,False,0
400100,G06003763,Medium,False,False,False,0
400182,G06005924,Low,False,False,False,0
400207,G06005921,High,False,False,False,0
484718,G06003752,Medium,False,False,False,0
400677,G06005924,Medium,False,False,False,0
400640,G06005906,Low,False,False,False,0
261386,G06005919,Medium,False,False,False,0
261831,G06003764,High,False,False,False,0
400593,G06005919,Low,False,False,False,0
400568,G06003761,Low,False,False,False,0
261446,G06005920,High,False,False,False,0
400559,G06003757,High,False,False,False,0
484688,G06005909,Medium,False,False,True,0
400340,G06005920,Medium,False,False,False,0
538177,G06003782,Medium,True,True,False,0
538218,G06003779,Low,True,True,True,0
399472,G06005908,Medium,False,False,True,0
485927,G06003757,Medium,True,True,False,0
485925,G06003753,High,False,False,False,0
262484,G06005925,Medium,True,True,False,0
485909,G06003778,High,False,False,False,0
485907,G06005925,Medium,False,False,False,1
262449,G06005924,Low,False,False,False,0
485883,G06005919,Low,False,False,False,1
537695,G06003763,High,False,False,False,0
262422,G06005919,High,False,False,False,0
398297,G06005926,Medium,False,False,False,0
398373,G06005908,High,False,False,False,0
262361,G06003778,Medium,False,False,False,0
398404,G06003763,Medium,False,False,False,0
398430,G06003778,High,False,False,False,0
399415,G06005919,High,False,False,False,0
399334,G06005924,Medium,False,False,False,0
399273,G06005926,Low,False,False,True,0
261913,G06003758,High,False,False,False,0
399123,G06005917,High,True,True,False,0
398748,G06003752,Medium,False,False,False,0
398740,G06003761,High,False,False,True,0
485755,G06003778,Low,False,False,False,0
398456,G06005917,Medium,False,False,False,0
398846,G06003758,High,False,False,False,0
262496,G06003758,High,False,False,False,0
400969,G06005917,Low,False,False,False,0
484459,G06005921,High,True,True,True,0
538600,G06005908,High,False,False,False,0
402054,G06005907,High,False,False,False,0
402107,G06003757,Medium,False,False,False,1
260516,G06005907,High,False,False,False,0
483883,G06005927,Low,False,False,False,0
538645,G06005917,Medium,False,False,False,0
260451,G06003752,High,False,False,False,0
538706,G06005926,High,False,False,False,0
260370,G06003762,Medium,False,False,False,0
402540,G06005907,High,False,False,False,0
402542,G06005924,High,False,False,False,1
260325,G06003782,High,False,False,False,0
402960,G06005917,High,False,False,False,0
483548,G06003753,Low,False,False,False,0
260107,G06005907,Low,False,False,False,0
402850,G06003759,Medium,False,False,False,0
260149,G06005927,Medium,False,False,False,0
402816,G06005924,Medium,False,False,True,0
538764,G06005917,High,False,False,False,0
260213,G06005907,Low,False,False,False,0
538731,G06003758,High,False,False,False,0
402644,G06005906,High,False,False,False,0
483632,G06005909,High,False,False,False,0
402829,G06005917,Low,False,False,False,0
484501,G06003759,High,True,True,False,0
484011,G06005925,High,False,False,True,1
484045,G06005926,Medium,False,False,False,0
401049,G06005924,High,False,False,False,0
261173,G06005919,Low,False,False,False,0
401279,G06003757,Medium,False,False,False,0
401290,G06003778,Low,False,False,False,0
538312,G06005906,Medium,False,False,False,0
261114,G06005917,Medium,False,False,False,0
401299,G06005924,High,False,False,False,0
401313,G06003758,Medium,False,False,False,0
401327,G06005920,Low,False,False,False,0
401357,G06005924,High,True,True,True,0
401404,G06003752,Low,False,False,False,0
484252,G06005921,Medium,False,False,True,0
260908,G06005909,Medium,False,False,True,0
401928,G06005912,Medium,False,False,False,0
484142,G06005908,Medium,False,False,False,0
538498,G06005916,Medium,False,False,True,0
401925,G06005919,Low,False,False,False,0
538470,G06005917,Medium,False,False,False,0
260651,G06005919,High,False,False,False,0
260797,G06005924,Medium,False,False,False,0
260813,G06005921,Medium,False,False,False,0
260837,G06003753,Medium,True,True,False,0
401634,G06005919,Low,False,False,True,0
260865,G06005921,High,False,False,False,0
260894,G06005917,High,False,False,False,0
401714,G06003757,High,False,False,False,0
381240,G06005909,High,False,False,False,0
262532,G06005908,Medium,False,False,False,0
392920,G06005906,Medium,False,False,False,1
264631,G06005909,Medium,False,False,True,0
487896,G06003781,High,True,True,False,0
536918,G06005920,High,False,False,False,0
487838,G06005919,High,False,False,False,0
393478,G06005920,Medium,False,False,True,0
393510,G06005927,Low,False,False,False,0
393514,G06005917,High,False,False,False,0
264444,G06005924,Low,False,False,False,0
487780,G06003741,Low,False,False,False,1
264421,G06005917,Low,False,False,False,0
264406,G06005926,High,False,False,False,1
393767,G06005906,High,False,False,False,0
393786,G06005906,Medium,False,False,False,0
264361,G06003781,Medium,False,False,False,0
264339,G06005917,Low,False,False,False,0
264051,G06003758,Medium,False,False,False,0
394424,G06005919,High,False,False,False,0
394325,G06005919,Medium,False,False,False,1
536967,G06005913,High,True,True,False,0
394281,G06005912,High,False,False,False,0
392887,G06005908,Low,False,False,False,0
264205,G06003741,Medium,False,False,False,0
487576,G06005920,Medium,False,False,False,0
394148,G06005907,Low,False,False,False,0
394139,G06003782,Medium,False,False,True,0
394054,G06003758,High,False,False,False,0
487728,G06003757,Medium,False,False,False,0
536955,G06005908,High,False,False,False,0
536988,G06003759,Medium,False,False,False,0
487966,G06005921,High,False,False,False,0
391263,G06005921,Medium,False,False,False,0
536449,G06005926,High,False,False,False,1
488466,G06003778,Medium,False,False,False,0
488433,G06003781,Medium,True,True,False,0
488392,G06005908,High,True,True,False,1
391647,G06005916,High,False,False,False,0
391927,G06005924,Medium,False,False,False,0
265236,G06003763,Medium,True,True,True,0
391931,G06003741,High,False,False,False,0
488360,G06003779,Medium,False,False,False,0
265170,G06003781,High,False,False,False,0
392066,G06005924,Low,True,True,False,0
392104,G06005912,High,False,False,False,0
265045,G06005907,Medium,False,False,False,1
392299,G06005907,Medium,False,False,False,0
488079,G06005906,High,False,False,False,0
392602,G06003763,Low,False,False,False,0
488132,G06003741,Low,True,True,False,0
264904,G06005909,Medium,True,True,False,0
392467,G06003758,High,True,True,False,0
488001,G06005927,High,False,False,False,0
488239,G06005909,Low,False,False,True,0
264985,G06005907,High,False,False,True,0
392382,G06003752,Low,True,True,False,0
488299,G06005917,Low,False,False,False,0
392314,G06005909,Medium,False,False,False,0
398161,G06005919,Medium,False,False,False,0
487438,G06005921,High,False,False,True,0
394650,G06003764,Medium,False,False,False,0
486539,G06003759,High,False,False,False,0
396478,G06005908,Low,False,False,False,0
537359,G06005917,Medium,False,False,False,0
396667,G06003714,High,False,False,False,0
396721,G06005921,High,False,False,False,0
396790,G06005909,Low,False,False,False,0
263029,G06005921,Medium,False,False,False,0
486464,G06005926,Medium,False,False,True,0
397012,G06003781,Low,False,False,False,0
537394,G06003758,Low,False,False,False,0
486244,G06003781,High,False,False,False,0
397403,G06005921,High,False,False,False,0
397932,G06003753,Medium,False,False,False,0
262666,G06003763,High,False,False,False,0
262740,G06005924,Medium,False,False,False,0
397699,G06005908,Low,False,False,False,1
396462,G06003781,High,False,False,False,0
262781,G06003759,Low,False,False,False,0
537499,G06003741,Medium,False,False,False,0
262834,G06005916,Low,False,False,True,0
262839,G06003761,Low,False,False,True,1
537464,G06003758,High,False,False,False,0
486183,G06005926,High,False,False,False,0
394583,G06005921,Medium,False,False,False,0
486556,G06003758,Medium,False,False,False,0
263173,G06003778,High,True,True,False,0
487393,G06005924,High,False,False,False,0
487213,G06005927,High,False,False,False,0
394760,G06005919,Medium,False,False,True,0
394837,G06005925,Low,False,False,False,0
394838,G06003759,Medium,False,False,False,0
487108,G06003759,Medium,False,False,False,0
537090,G06003781,High,False,False,True,0
395053,G06003759,High,False,False,False,0
395127,G06005924,High,True,True,False,0
395359,G06003782,Medium,False,False,False,0
486937,G06005920,Medium,False,False,False,0
263562,G06005909,Medium,False,False,False,0
263521,G06005925,Medium,False,False,False,0
537296,G06005926,Low,False,False,False,0
396310,G06005926,High,True,True,False,0
537282,G06003782,High,False,False,False,0
486720,G06005917,High,False,False,False,0
486734,G06003782,Medium,False,False,False,0
395992,G06003781,Low,False,False,False,0
537316,G06005919,Medium,False,False,False,0
395962,G06005909,Low,False,False,False,0
486765,G06005912,Medium,True,True,False,0
395785,G06003753,Low,False,False,False,0
263466,G06005908,Medium,False,False,False,0
395636,G06005924,High,False,False,False,0
483456,G06005908,Medium,False,False,False,0
381116,G06003758,High,False,False,False,0
534180,G06005924,Medium,False,False,False,0
365143,G06005906,High,True,True,False,0
498805,G06005924,Medium,False,False,True,0
365218,G06005924,Medium,False,False,True,0
531296,G06005921,High,False,False,False,0
498759,G06003753,High,False,False,False,0
365547,G06005921,Medium,False,False,False,1
531301,G06005926,High,False,False,False,0
280104,G06005921,High,False,False,False,0
365667,G06005912,Low,True,True,False,0
531384,G06005924,Low,False,False,False,0
365876,G06005906,Low,False,False,False,0
365949,G06005913,High,False,False,False,0
498314,G06005924,Medium,False,False,False,0
280205,G06003759,Medium,False,False,False,0
366057,G06005921,High,False,False,False,0
279660,G06005917,Low,False,False,False,0
279647,G06005920,Low,True,True,False,0
366152,G06005921,High,False,False,False,0
366166,G06003778,High,False,False,False,0
366301,G06005908,Medium,False,False,False,0
498256,G06005906,Low,True,True,False,0
366401,G06005924,High,False,False,False,0
366544,G06005912,Low,False,False,False,1
531417,G06005927,High,False,False,False,0
366552,G06005913,Medium,False,False,False,0
366563,G06005921,High,True,True,False,0
366594,G06003762,High,False,False,False,0
279745,G06003778,Medium,False,False,False,0
280208,G06005925,Low,False,False,False,1
364984,G06005909,Low,True,True,False,0
280249,G06005913,Low,False,False,False,0
364047,G06005917,High,False,False,False,0
364106,G06003752,High,False,False,False,0
281008,G06003764,High,False,False,False,0
499226,G06005920,Medium,False,False,False,0
531044,G06005924,Low,False,False,False,0
280897,G06003764,Low,False,False,False,1
364219,G06005920,High,False,False,False,0
280812,G06005926,Medium,False,False,True,0
364239,G06005919,High,False,False,False,0
280774,G06005916,High,False,False,False,0
364317,G06003778,High,False,False,False,0
364321,G06005909,Medium,False,False,False,1
364331,G06003758,Medium,False,False,False,0
280756,G06003758,Low,False,False,False,0
280634,G06003758,Low,False,False,False,0
498992,G06005920,High,False,False,False,0
364715,G06005924,Low,False,False,False,0
280432,G06005924,Medium,False,False,True,0
280448,G06005920,Low,False,False,False,0
499044,G06005907,Medium,False,False,True,0
499140,G06005921,High,False,False,False,0
280560,G06003779,High,False,False,False,0
364486,G06005919,Low,False,False,False,0
364445,G06005919,High,True,True,False,0
364568,G06005917,Medium,False,False,False,0
279549,G06005907,Medium,False,False,False,0
279548,G06003759,Low,False,False,False,0
366705,G06003758,High,False,False,False,0
278873,G06005906,Low,True,True,True,0
497614,G06003782,Medium,False,False,False,0
368365,G06005924,High,False,False,False,0
368422,G06005906,Medium,True,True,True,0
497527,G06005926,High,True,True,False,0
278809,G06005907,High,False,False,False,0
368600,G06005909,Low,False,False,False,0
368602,G06005926,High,False,False,False,0
368715,G06003764,High,False,False,False,0
368767,G06005916,Low,True,True,True,0
368851,G06003752,High,False,False,True,1
278579,G06005919,High,False,False,False,0
369043,G06005913,Low,False,False,False,0
369351,G06005917,High,True,True,False,0
278345,G06003753,Medium,False,False,False,0
278385,G06003758,Medium,False,False,False,0
369295,G06005921,Low,False,False,False,1
368086,G06005924,Medium,False,False,False,0
369216,G06005907,Low,False,False,True,0
497430,G06003778,Medium,False,False,False,0
369199,G06003752,High,False,False,False,0
369177,G06005907,Medium,False,False,True,0
278566,G06005908,Medium,False,False,False,1
369144,G06003778,Low,False,False,False,0
278441,G06005921,Low,False,False,False,0
281072,G06003753,High,False,False,False,0
368074,G06005920,High,True,True,False,0
366815,G06003781,High,False,False,False,0
279505,G06005909,Low,False,False,False,0
366872,G06003757,Medium,False,False,True,0
279465,G06005919,Medium,False,False,False,0
279464,G06005924,Medium,False,False,False,0
366911,G06003781,Low,False,False,False,0
498064,G06003782,Low,False,False,False,0
498041,G06003762,High,False,False,False,0
367126,G06003762,Low,True,True,False,0
367130,G06003763,Low,False,False,False,0
367191,G06005924,High,False,False,False,0
497948,G06003757,High,True,True,False,0
279257,G06005926,Low,False,False,False,0
367258,G06005925,Low,False,False,False,0
279234,G06005921,Medium,False,False,False,0
367597,G06005924,High,False,False,False,0
367964,G06005909,Low,False,False,False,0
367935,G06003758,Medium,False,False,False,0
278983,G06003764,High,False,False,False,0
278994,G06003752,High,True,True,False,0
531642,G06003757,Medium,False,False,False,0
368059,G06003764,Low,True,True,False,0
367763,G06005917,Medium,False,False,False,0
367618,G06005913,High,False,False,False,0
531595,G06005919,Low,False,False,False,0
279113,G06005917,Medium,False,False,False,0
279118,G06003781,High,False,False,False,0
497770,G06005907,High,False,False,False,0
531040,G06005912,Low,False,False,False,0
499249,G06005909,High,False,False,False,0
363998,G06003758,High,False,False,False,0
359932,G06005919,Medium,False,False,False,0
282718,G06005921,Medium,False,False,False,0
359962,G06005924,High,True,True,False,0
360110,G06005912,Medium,False,False,False,0
282616,G06003782,High,False,False,False,0
360153,G06003764,Low,False,False,False,1
530356,G06005913,Low,False,False,False,0
360200,G06005919,Medium,False,False,False,0
360281,G06003782,High,False,False,False,0
360284,G06005924,Low,False,False,False,0
360344,G06005907,Low,False,False,False,0
360567,G06005906,High,False,False,False,0
361151,G06003741,Medium,False,False,False,0
361131,G06005907,Medium,False,False,False,0
361059,G06005919,Medium,False,False,False,0
500409,G06003758,High,False,False,False,0
360992,G06003759,Low,False,False,False,0
282435,G06003782,Medium,False,False,False,0
359777,G06005924,Medium,False,False,False,0
360813,G06005907,Low,False,False,False,0
530421,G06005916,Medium,False,False,False,0
360762,G06005927,High,False,False,False,0
360699,G06003782,High,False,False,False,0
360689,G06003752,Medium,False,False,False,0
530386,G06003741,High,False,False,False,0
500521,G06005927,Low,False,False,True,1
361363,G06003758,High,False,False,False,0
530267,G06005913,Medium,False,False,False,0
501066,G06005921,Low,False,False,False,0
358488,G06003764,Low,True,True,False,0
358520,G06005921,Medium,False,False,False,0
358591,G06003741,High,False,False,False,0
358730,G06005919,Medium,False,False,False,0
358837,G06005919,Low,False,False,False,0
358990,G06003782,High,False,False,False,0
530136,G06003763,High,False,False,False,0
359081,G06005907,Medium,True,True,True,0
359162,G06005924,Low,False,False,False,0
283024,G06003761,High,False,False,False,0
501113,G06003764,Medium,False,False,False,0
359645,G06005907,Medium,False,False,True,0
282807,G06003782,High,False,False,False,0
359608,G06003741,High,False,False,False,0
359536,G06005920,High,False,False,False,0
282782,G06005924,High,False,False,False,0
282903,G06005917,Low,False,False,False,0
282921,G06005916,Medium,False,False,False,0
359213,G06005921,High,False,False,True,0
359188,G06005924,High,False,False,False,0
282936,G06003761,High,False,False,True,0
369481,G06005907,High,True,True,True,0
361453,G06003759,High,False,False,False,0
361511,G06003764,High,False,False,False,0
281689,G06003781,High,False,False,False,0
281650,G06003779,Medium,False,False,False,0
499717,G06003781,Low,True,True,True,1
499712,G06005924,Medium,False,False,False,0
281573,G06003782,High,False,False,False,0
281557,G06005917,Low,False,False,False,0
363230,G06003763,High,True,True,False,0
363244,G06005906,High,False,False,False,0
499566,G06005909,Low,False,False,False,0
281468,G06005907,Medium,False,False,False,0
363259,G06005908,Medium,False,False,False,0
363273,G06005907,High,False,False,False,0
530955,G06003763,High,True,True,False,0
499533,G06005920,High,True,True,False,0
363982,G06005924,Medium,False,False,False,0
363932,G06003781,High,True,True,False,0
499340,G06005924,High,True,True,False,0
363758,G06003741,High,False,False,False,0
362889,G06005908,High,False,False,False,0
363479,G06005912,Low,False,False,False,0
281346,G06005908,High,False,False,False,0
363442,G06003782,Medium,False,False,False,0
281390,G06005921,Medium,False,False,True,0
499521,G06003758,Medium,False,False,False,0
281313,G06005906,Low,False,False,False,0
500176,G06003782,Low,False,False,False,0
499724,G06003763,Medium,True,True,False,0
500103,G06005927,High,False,False,False,0
282265,G06003753,Medium,False,False,False,1
361564,G06005907,Low,False,False,False,0
282212,G06003782,Low,False,False,False,1
361649,G06005908,High,False,False,False,0
530692,G06005906,High,False,False,False,0
361748,G06003779,Low,False,False,True,0
361804,G06005924,Medium,False,False,False,0
361810,G06005920,High,False,False,False,1
361877,G06003764,Low,True,True,False,0
499942,G06005907,High,True,True,False,0
362657,G06005920,Low,False,False,False,0
362656,G06003741,Low,False,False,False,0
362575,G06005924,High,False,False,False,0
281782,G06003753,High,True,True,False,0
499774,G06005906,Low,True,True,False,0
362471,G06003778,Low,True,True,False,0
362327,G06005920,High,False,False,False,0
281829,G06005916,High,False,False,False,0
281833,G06003741,Medium,False,False,False,0
362082,G06003781,Medium,False,False,False,0
362463,G06005909,High,False,False,False,0
369485,G06005909,Low,False,False,False,1
369507,G06003752,Medium,False,False,False,0
274461,G06003757,Low,False,False,False,0
533457,G06005920,Medium,False,False,True,0
377094,G06003764,High,True,True,False,0
494093,G06005921,Low,False,False,False,0
274293,G06003753,Medium,False,False,False,0
377434,G06003763,Medium,False,False,False,0
377574,G06005917,High,False,False,False,0
377585,G06003761,Low,False,False,False,0
274201,G06005921,High,False,False,False,0
377606,G06005924,High,True,True,False,0
274122,G06005907,Medium,True,True,False,0
274077,G06005924,High,False,False,False,0
377662,G06005919,High,False,False,False,0
377724,G06005907,Low,False,False,False,0
377779,G06005920,Low,False,False,False,0
273760,G06005927,Medium,True,True,False,0
533651,G06005919,High,False,False,False,0
378446,G06005919,Medium,False,False,False,0
273893,G06003757,High,False,False,True,0
378275,G06005919,Medium,False,False,False,0
274472,G06005926,High,False,False,False,0
273972,G06003781,Medium,False,False,False,0
378179,G06005912,High,False,False,False,0
377923,G06005917,Low,False,False,False,0
377848,G06005924,Medium,False,False,False,1
378254,G06005913,Low,True,True,False,0
273725,G06003782,High,False,False,False,0
376797,G06003752,High,True,True,False,0
376545,G06005906,High,False,False,False,1
494585,G06005920,Low,False,False,False,0
375727,G06005916,High,False,False,False,0
275022,G06005921,Medium,False,False,False,0
375743,G06003782,High,False,False,False,0
533218,G06005919,Medium,False,False,False,0
533227,G06003741,High,False,False,False,0
533240,G06005926,Medium,False,False,False,0
533288,G06005906,Medium,False,False,True,0
494510,G06005919,High,False,False,False,0
375962,G06005906,High,False,False,False,0
375976,G06005907,Medium,True,True,True,0
274913,G06003782,High,False,False,False,0
376061,G06005924,Medium,True,True,False,0
274641,G06005909,Low,False,False,False,0
274656,G06005924,Low,False,False,False,0
533385,G06003758,Low,False,False,False,0
376461,G06005907,Medium,True,True,True,0
274744,G06005913,Medium,False,False,False,0
376338,G06003764,Medium,False,False,False,0
533349,G06005927,Low,False,False,False,1
494422,G06003758,Low,False,False,False,0
376167,G06005913,High,False,False,False,0
494416,G06005907,High,False,False,False,0
493872,G06003763,Low,True,True,False,0
272586,G06003757,Medium,False,False,False,0
379994,G06005925,Low,False,False,False,0
380002,G06005921,Medium,False,False,False,0
380111,G06005908,Medium,False,False,False,0
493340,G06005906,High,False,False,False,0
533998,G06003779,Medium,False,False,False,0
380162,G06005924,Medium,False,False,False,0
380257,G06005916,High,False,False,False,0
493245,G06003757,Low,True,True,False,0
272414,G06005909,High,False,False,True,0
380398,G06003762,High,False,False,False,1
380408,G06003759,High,False,False,False,0
534036,G06005921,High,False,False,False,0
380432,G06003757,Medium,False,False,False,0
272101,G06005919,Low,False,False,False,1
381034,G06003763,Medium,False,False,False,0
380796,G06005919,Low,False,False,False,0
492947,G06005926,High,False,False,False,0
272287,G06003782,High,False,False,False,0
380522,G06003779,High,False,False,False,0
380489,G06005912,Low,True,True,True,0
534049,G06003757,High,False,False,False,0
380441,G06005906,Medium,False,False,False,0
493222,G06005913,High,False,False,False,0
273689,G06003759,High,False,False,False,0
379879,G06005906,High,False,False,False,0
272902,G06005913,Medium,False,False,False,0
493759,G06003752,Low,False,False,False,0
378800,G06005907,Medium,True,True,False,0
273599,G06005919,High,False,False,False,0
493757,G06005916,Low,True,True,False,0
378927,G06003757,Low,False,False,True,0
378981,G06005924,High,False,False,False,0
273429,G06003741,High,False,False,False,0
378993,G06003752,High,False,False,True,0
379062,G06003763,Low,False,False,True,0
493716,G06005907,High,False,False,False,0
533711,G06003753,High,False,False,False,0
273260,G06003782,Low,False,False,False,0
493597,G06005926,Medium,False,False,False,0
272925,G06003758,High,False,False,False,0
272954,G06005920,Medium,False,False,False,0
493439,G06005920,High,False,False,False,0
493455,G06005908,High,False,False,False,0
533830,G06005920,Low,False,False,False,0
379850,G06005927,High,True,True,False,0
379547,G06005919,High,False,False,False,0
493531,G06003781,Low,False,False,False,0
379316,G06003764,High,False,False,False,1
493568,G06005909,Low,False,False,False,0
379282,G06005917,Medium,False,False,False,0
493471,G06005924,Medium,False,False,False,0
381106,G06003759,Low,False,False,False,0
375567,G06005919,High,False,False,False,0
277305,G06003778,Medium,False,False,False,0
371100,G06003764,Medium,False,False,False,0
371163,G06003778,High,False,False,False,0
371167,G06005912,Low,True,True,True,1
277202,G06005924,High,False,False,False,0
371212,G06005907,High,False,False,False,0
277142,G06003752,Low,False,False,False,0
496575,G06005912,High,False,False,False,0
371237,G06003764,High,False,False,False,0
277098,G06003763,Low,False,False,False,0
277094,G06005921,Low,True,True,False,0
496096,G06005926,Medium,False,False,True,0
372034,G06005926,High,False,False,False,0
372017,G06005909,Low,False,False,False,0
496156,G06005921,High,False,False,False,0
371880,G06003762,Medium,False,False,True,0
276673,G06005906,High,False,False,False,0
532050,G06005920,High,False,False,False,0
276700,G06003763,Medium,False,False,False,0
276798,G06005907,High,False,False,False,0
496359,G06003763,Medium,False,False,True,0
371616,G06003764,High,False,False,False,0
371444,G06005924,Medium,False,False,False,0
371780,G06005906,Low,False,False,False,0
372094,G06005913,High,False,False,False,0
370874,G06003763,High,False,False,False,0
370848,G06005913,Medium,False,False,False,1
497098,G06003753,Medium,False,False,False,0
369844,G06005906,Medium,False,False,False,0
531814,G06005913,High,True,True,False,0
370100,G06003764,Medium,False,False,False,0
370131,G06005924,Medium,False,False,False,0
370258,G06005907,High,False,False,True,0
370289,G06003762,Medium,False,False,True,0
531959,G06003782,Medium,True,True,False,0
531980,G06003758,High,False,False,False,0
496802,G06003753,Medium,False,False,False,0
277729,G06005926,High,False,False,True,0
496798,G06005921,High,False,False,False,0
532003,G06005906,Low,False,False,True,0
496775,G06003782,Medium,False,False,False,0
370728,G06005926,Medium,False,False,False,0
277534,G06005927,Low,False,False,False,0
277570,G06003763,Low,False,False,False,0
532045,G06003778,Medium,False,False,False,0
370602,G06005926,Medium,False,False,False,0
496779,G06003763,Low,False,False,False,0
370532,G06005924,Medium,False,False,False,0
496787,G06005916,Medium,False,False,False,1
370463,G06003764,Medium,False,False,False,0
277612,G06005916,Medium,False,False,False,0
533059,G06005920,High,False,False,True,0
276593,G06005921,High,False,False,False,0
275976,G06003757,High,False,False,True,0
532838,G06005924,Medium,False,False,False,0
374113,G06005917,Medium,False,False,False,0
374149,G06005918,Medium,False,False,True,0
532884,G06003753,Medium,False,False,False,0
374211,G06005912,High,False,False,False,0
275872,G06003757,High,False,False,False,1
275862,G06005924,High,False,False,True,0
374420,G06003779,Low,False,False,False,0
275789,G06003782,High,False,False,False,0
374471,G06003759,Medium,False,False,False,0
275736,G06003752,Medium,False,False,False,0
374555,G06003763,High,False,False,False,0
275711,G06005919,Low,False,False,True,0
494674,G06003758,Low,False,False,False,0
375339,G06003741,Low,False,False,False,0
494743,G06005927,High,True,True,False,0
275447,G06003764,High,False,False,False,0
374945,G06005916,Medium,False,False,False,0
373993,G06003781,High,False,False,True,0
275462,G06005927,High,False,False,False,0
275560,G06005908,High,False,False,False,0
275590,G06005919,High,False,False,False,0
275618,G06003764,High,False,False,False,0
374860,G06003781,Medium,False,False,False,0
372182,G06005909,Medium,False,False,False,0
276064,G06003779,Low,False,False,False,0
495901,G06003753,High,False,False,False,0
372289,G06005921,High,False,False,False,0
372374,G06005924,High,False,False,False,0
276513,G06003752,Medium,False,False,False,0
495848,G06003763,Medium,False,False,False,0
372624,G06005908,High,False,False,False,0
532477,G06005924,High,True,True,True,1
372653,G06005919,High,False,False,False,1
372747,G06005912,Medium,False,False,False,0
495775,G06003752,High,False,False,False,0
372931,G06005921,High,False,False,False,0
372978,G06005920,High,False,False,False,0
276359,G06003779,Medium,False,False,False,1
495634,G06005916,Low,False,False,False,0
373123,G06005909,High,False,False,False,0
373161,G06005926,High,True,True,False,1
495611,G06005912,Medium,False,False,False,1
276122,G06003759,High,False,False,False,1
373823,G06005908,Medium,False,False,False,0
276151,G06005919,Medium,False,False,False,0
373690,G06005924,High,True,True,False,0
373635,G06005917,Medium,False,False,False,0
373611,G06003762,High,True,True,False,0
373951,G06003741,High,False,False,False,0
276160,G06005926,High,False,False,False,0
373490,G06005916,Low,False,False,False,0
276200,G06005906,Medium,False,False,False,0
373479,G06003753,Low,False,False,False,0
495475,G06003778,High,False,False,False,0
495483,G06003753,Medium,False,False,False,0
269674,G06005906,Medium,True,True,True,0
549998,G06005919,Medium,False,False,False,0
212163,G06005909,Low,False,False,False,0
210291,G06005919,High,False,False,False,0
210290,G06003781,Low,False,False,False,0
54040,G06005907,Medium,False,False,False,0
130651,G06005907,Low,False,False,False,0
130597,G06003758,Medium,False,False,False,0
130501,G06003757,Low,False,False,False,0
54123,G06005921,Low,False,False,True,0
54247,G06005909,Low,False,False,False,0
130349,G06003741,Low,False,False,False,0
183152,G06003782,High,False,False,False,0
210104,G06005907,Medium,False,False,False,1
130277,G06003781,Medium,True,True,True,0
130160,G06005917,Medium,False,False,False,0
54467,G06005916,Medium,False,False,False,0
183301,G06005913,Medium,False,False,False,0
54555,G06005912,High,False,False,False,0
209996,G06005912,Medium,False,False,False,0
54682,G06005912,Low,False,False,False,0
54359,G06005908,Medium,False,False,False,0
53962,G06005921,High,True,True,False,0
53912,G06005927,Medium,True,True,True,0
210516,G06005920,Medium,False,False,True,0
131422,G06005913,High,False,False,False,0
131386,G06005916,Medium,False,False,True,0
52957,G06005919,Medium,False,False,True,0
131160,G06005920,Medium,True,True,False,0
53167,G06003753,High,False,False,False,0
130901,G06005909,High,True,True,False,0
53347,G06005909,High,False,False,False,0
53354,G06005907,High,False,False,False,0
183124,G06005907,High,False,False,False,0
130893,G06005921,High,False,False,False,0
210373,G06005916,High,False,False,True,0
210371,G06003757,Low,False,False,False,0
53590,G06003778,Medium,False,False,False,1
130683,G06003752,High,False,False,False,0
130655,G06005916,Low,False,False,False,0
210338,G06005921,Medium,False,False,False,1
130888,G06005926,High,False,False,False,0
54710,G06005916,High,True,True,False,0
54739,G06003764,Medium,False,False,False,0
54760,G06005916,High,False,False,False,0
55810,G06005926,Low,False,False,False,0
55817,G06005924,High,False,False,False,0
209530,G06005924,Medium,False,False,False,0
128878,G06003781,Low,False,False,False,0
55963,G06003759,High,False,False,False,0
128874,G06003741,Medium,True,True,False,0
56028,G06005913,High,False,False,False,0
56030,G06003741,Medium,False,False,False,0
209350,G06005908,Medium,False,False,False,0
56118,G06003757,High,False,False,False,0
128787,G06005907,Medium,False,False,False,0
56184,G06003759,High,False,False,False,0
128781,G06003764,High,False,False,False,0
56406,G06005913,Medium,False,False,False,0
56617,G06005920,Medium,False,False,False,0
183841,G06003781,Low,False,False,False,0
128797,G06005924,High,False,False,False,0
129063,G06003764,Medium,True,True,False,0
55660,G06003741,Medium,False,False,False,0
54805,G06003782,Medium,False,False,True,0
129723,G06005907,Low,False,False,False,0
54844,G06003759,High,False,False,True,0
54853,G06003741,Low,False,False,False,0
129714,G06003782,Low,False,False,False,0
183382,G06005924,Low,False,False,False,0
54956,G06003764,High,False,False,False,0
209880,G06003763,High,False,False,False,0
55027,G06005906,Medium,False,False,False,0
183453,G06005917,Medium,False,False,False,0
55102,G06005927,High,False,False,False,0
55390,G06003782,Medium,False,False,True,0
129523,G06005924,High,False,False,False,0
55451,G06003764,Medium,True,True,True,0
209709,G06005908,Low,True,True,False,0
209687,G06003741,High,False,False,False,0
209663,G06003764,High,False,False,False,0
129349,G06005908,Medium,True,True,False,0
55560,G06005909,High,False,False,False,0
55569,G06005924,Low,True,True,False,0
129314,G06005924,Medium,False,False,True,0
129129,G06003741,Medium,False,False,False,0
52885,G06005916,High,False,False,False,0
183907,G06005906,Medium,False,False,False,0
131426,G06005920,Medium,True,True,False,0
211737,G06003758,High,False,False,False,0
182293,G06005924,High,False,False,False,0
211704,G06005926,Medium,False,False,False,0
49722,G06003759,High,False,False,False,0
133527,G06003757,High,False,False,False,0
211699,G06005908,Medium,False,False,False,0
133526,G06003752,High,False,False,False,0
133513,G06005916,Medium,False,False,False,0
133478,G06005908,Low,False,False,True,0
49865,G06003759,High,True,True,False,1
49635,G06003778,Low,False,False,False,0
133364,G06003764,Medium,False,False,False,0
133258,G06005919,High,False,False,True,0
211609,G06005913,High,False,False,False,0
211578,G06005907,Medium,False,False,False,0
211535,G06005907,High,False,False,False,0
49942,G06005926,Low,False,False,False,0
49992,G06005924,Medium,False,False,False,0
133203,G06003778,High,True,True,False,0
133198,G06005907,High,False,False,False,0
50123,G06005924,Low,False,False,False,0
211620,G06005907,High,False,False,False,1
133121,G06005920,High,False,False,False,0
133587,G06003764,Medium,False,False,False,0
211760,G06005924,Medium,False,False,False,0
48479,G06003764,High,False,False,False,0
48569,G06005908,High,False,False,False,1
48682,G06003764,Low,False,False,False,0
48711,G06003759,Low,True,True,False,0
134398,G06005913,High,False,False,True,0
134387,G06003758,Medium,True,True,True,0
48907,G06005917,High,False,False,False,0
182022,G06005916,High,False,False,False,0
211750,G06003764,High,False,False,False,0
134310,G06005917,Medium,True,True,False,0
134166,G06005926,Medium,False,False,False,0
134046,G06003764,High,False,False,False,0
211903,G06003759,Medium,False,False,False,0
211886,G06005926,High,False,False,True,0
133929,G06005926,Low,False,False,False,0
49298,G06005926,Medium,False,False,True,0
49325,G06005926,Medium,False,False,False,0
182141,G06005906,Low,False,False,False,0
49470,G06003758,High,False,False,False,0
49078,G06003764,Low,False,False,False,0
50415,G06005921,High,False,False,False,0
50442,G06003758,Low,False,False,False,0
50488,G06005908,High,False,False,False,0
51842,G06005916,Medium,True,True,False,0
51903,G06005924,High,True,True,False,0
132027,G06005920,Medium,False,False,False,0
131966,G06003778,Low,False,False,False,0
51991,G06005916,High,False,False,False,0
52181,G06005921,Low,False,False,False,0
52399,G06003764,Medium,True,True,False,0
132142,G06003764,Medium,True,True,True,0
131824,G06005906,Medium,False,False,True,0
52530,G06005921,Medium,False,False,False,0
52572,G06003778,Low,False,False,False,0
52620,G06005927,High,False,False,False,0
131545,G06003752,High,False,False,False,0
131537,G06005921,High,True,True,False,0
210626,G06005924,Medium,False,False,False,0
52759,G06005926,High,False,False,False,0
131774,G06005909,Medium,False,False,False,1
133066,G06005908,Low,False,False,False,0
133003,G06005907,Medium,False,False,False,0
50574,G06003763,High,False,False,False,0
211381,G06005907,High,False,False,False,0
132917,G06005919,Medium,False,False,False,0
132904,G06005925,Low,True,True,False,0
50653,G06003741,Medium,False,False,False,0
132867,G06003757,High,False,False,False,0
182631,G06005924,High,False,False,False,0
132831,G06003778,High,False,False,False,0
132825,G06005917,Medium,False,False,False,0
50852,G06005924,High,False,False,False,0
132711,G06005921,High,False,False,False,0
132635,G06005927,High,False,False,False,1
50940,G06005925,High,False,False,False,0
50950,G06003753,Low,False,False,True,0
132475,G06003782,Low,False,False,False,0
132379,G06005906,Medium,False,False,True,0
51260,G06005927,Medium,False,False,True,0
51261,G06005920,High,True,True,False,0
210997,G06005927,Medium,True,True,False,1
132337,G06003758,Low,False,False,False,0
56787,G06003763,Low,False,False,False,0
183920,G06003781,High,False,False,False,0
62545,G06003753,High,False,False,False,0
123943,G06003758,Low,False,False,False,0
62717,G06005907,Low,True,True,False,0
206580,G06005921,Medium,False,False,False,0
123805,G06003781,Medium,False,False,False,0
62766,G06005916,High,False,False,False,1
206513,G06005909,High,False,False,True,0
206501,G06005909,High,True,True,True,0
62878,G06005920,High,False,False,False,0
206420,G06005921,High,False,False,False,0
206729,G06005920,Medium,False,False,True,0
62916,G06003758,Low,False,False,False,0
62973,G06005916,Medium,False,False,False,0
62974,G06005919,Low,False,False,False,0
123740,G06005921,High,False,False,False,0
206352,G06005921,Medium,True,True,False,0
63072,G06005908,High,False,False,True,0
63078,G06005908,High,False,False,False,0
206286,G06005920,Low,False,False,False,0
63084,G06005912,High,True,True,False,0
123581,G06005919,Medium,False,False,True,0
62919,G06003764,High,False,False,False,0
123578,G06003763,Low,False,False,False,0
62260,G06003764,High,False,False,True,0
125251,G06005921,High,False,False,False,0
61230,G06003782,High,False,False,True,0
61334,G06005908,Medium,True,True,False,0
185157,G06005921,Medium,False,False,False,0
124989,G06003763,High,False,False,False,0
61422,G06003758,Medium,False,False,True,0
124974,G06005919,High,False,False,False,0
61451,G06005908,High,False,False,False,0
185185,G06005906,High,False,False,False,1
61658,G06003763,Low,True,True,False,0
61849,G06005919,Medium,False,False,False,0
124720,G06005921,Medium,False,False,False,0
124388,G06003764,Medium,True,True,True,0
124335,G06003764,Medium,False,False,False,0
62154,G06003763,High,False,False,False,0
62183,G06003757,Low,False,False,False,0
62232,G06005908,High,False,False,False,0
206952,G06003779,Medium,False,False,False,0
63413,G06005926,Low,False,False,False,0
63438,G06005919,High,False,False,False,0
122576,G06005908,Medium,False,False,False,0
64254,G06005916,Medium,False,False,False,0
122425,G06003753,High,False,False,False,0
64446,G06005913,Medium,False,False,False,0
122342,G06005916,Low,False,False,False,0
64460,G06005924,High,False,False,False,0
64539,G06005913,Low,True,True,False,0
64659,G06005908,High,False,False,False,0
64688,G06005912,Medium,False,False,False,0
205618,G06003757,Low,False,False,False,0
122156,G06003757,High,False,False,False,0
186260,G06005907,Medium,False,False,True,0
65093,G06003764,High,False,False,False,0
65109,G06005916,Medium,False,False,False,0
122076,G06005909,Medium,False,False,False,0
122009,G06003764,High,False,False,False,0
121922,G06003764,Low,False,False,False,0
65314,G06003778,High,False,False,False,0
205786,G06005921,High,False,False,False,0
185779,G06003763,Medium,False,False,False,0
185834,G06005921,Medium,False,False,False,0
206066,G06003781,Medium,False,False,False,0
123359,G06003758,High,False,False,True,0
123352,G06003779,High,True,True,False,0
63570,G06003778,High,False,False,False,0
63603,G06003764,High,False,False,False,1
123164,G06005916,High,False,False,True,0
123089,G06005926,Medium,False,False,False,0
123013,G06005919,Low,False,False,False,0
185898,G06003782,High,False,False,True,0
122966,G06003753,High,False,False,True,0
63854,G06005924,High,True,True,True,0
205831,G06003779,High,True,True,False,0
122819,G06005907,High,False,False,True,0
122779,G06003759,Medium,True,True,True,0
185966,G06005924,Medium,False,False,False,0
125294,G06003758,High,False,False,False,0
125304,G06003758,Medium,False,False,False,0
61137,G06003778,Low,False,False,False,0
61129,G06005919,Low,False,False,False,0
57925,G06003779,Low,False,False,False,0
184367,G06005908,Medium,False,False,False,0
208549,G06005921,High,False,False,False,0
58159,G06003752,High,True,True,False,0
58232,G06005917,Low,False,False,True,0
126988,G06005916,Low,False,False,False,0
58336,G06003739,High,False,False,False,0
126888,G06005912,Low,False,False,False,0
58626,G06005917,High,False,False,False,0
58639,G06005916,Medium,True,True,False,0
58753,G06005924,Low,False,False,False,0
126789,G06003782,High,False,False,False,0
58888,G06005920,Medium,False,False,False,0
184581,G06003758,High,False,False,False,1
58907,G06005927,High,False,False,False,0
127379,G06003753,Low,False,False,False,0
57874,G06003781,High,False,False,True,0
56812,G06005920,High,False,False,True,0
128394,G06003759,Low,False,False,False,0
209062,G06003781,Low,False,False,False,0
128332,G06005927,Low,False,False,True,0
208988,G06003763,Low,False,False,True,0
208983,G06005912,Low,False,False,False,0
57018,G06005907,Medium,False,False,False,0
57022,G06003758,High,False,False,False,0
208967,G06005908,High,False,False,False,0
128132,G06005916,High,False,False,False,0
57332,G06003753,Low,False,False,False,0
127989,G06005921,High,False,False,False,0
127902,G06005916,High,False,False,True,0
127761,G06005920,High,False,False,False,0
127617,G06005924,High,True,True,False,0
208704,G06003759,High,False,False,False,0
127505,G06005906,Medium,False,False,False,0
126551,G06005906,Medium,True,True,False,1
212075,G06003752,Low,False,False,False,0
208074,G06003758,Low,False,False,False,0
60244,G06003782,High,False,False,False,0
60498,G06005920,High,False,False,False,0
125821,G06005907,Low,False,False,False,0
60183,G06005908,High,False,False,False,0
184927,G06003758,High,False,False,True,0
60706,G06005913,Medium,False,False,False,0
125671,G06005912,Medium,False,False,True,0
125630,G06005920,High,False,False,False,0
184978,G06003782,High,False,False,False,0
184994,G06005913,Medium,False,False,False,0
207404,G06003759,High,False,False,False,0
207400,G06003778,High,False,False,False,0
125484,G06003752,High,False,False,True,0
61057,G06005916,Medium,False,False,False,0
207321,G06005908,Medium,False,False,False,0
184933,G06005907,Medium,False,False,False,0
184772,G06003782,Medium,False,False,False,1
184765,G06005919,Low,False,False,False,0
60167,G06005913,Low,False,False,True,0
208043,G06005907,Low,False,False,False,0
126484,G06005913,Low,False,False,False,0
59111,G06003753,High,False,False,False,0
59180,G06005924,Medium,False,False,False,0
126322,G06005926,High,False,False,False,0
126319,G06003764,High,False,False,False,0
59309,G06005917,Medium,False,False,False,0
126249,G06003764,Medium,True,True,True,0
207877,G06003759,Medium,False,False,False,0
207853,G06003763,Medium,False,False,False,0
59452,G06005919,High,False,False,False,0
59473,G06005926,High,True,True,False,0
207827,G06005919,High,False,False,True,0
207825,G06003764,High,False,False,False,0
59475,G06005926,Medium,False,False,False,0
59476,G06005906,High,False,False,False,0
126212,G06005909,High,False,False,False,0
59822,G06005920,High,False,False,False,0
59826,G06003759,High,False,False,False,0
60137,G06003758,Low,False,False,False,0
59094,G06003741,High,False,False,False,0
134611,G06003758,High,False,False,False,0
181904,G06003762,High,False,False,False,0
48296,G06003758,High,False,False,False,0
144498,G06005917,High,False,False,False,0
144251,G06005906,High,True,True,False,0
36292,G06005920,High,False,False,False,0
144169,G06003778,High,False,False,False,0
36496,G06003741,Low,False,False,True,0
36591,G06005919,Low,False,False,True,0
36600,G06003759,Medium,False,False,False,0
36158,G06003758,Medium,False,False,False,0
36673,G06003758,High,False,False,False,0
143579,G06005925,Low,False,False,False,0
143558,G06005919,Medium,False,False,False,0
143445,G06005926,High,False,False,False,0
143369,G06003763,Medium,False,False,False,0
36841,G06005920,High,False,False,True,0
143316,G06005921,Medium,True,True,True,0
216399,G06005916,Low,False,False,False,0
143315,G06003764,Medium,True,True,True,0
216525,G06005906,High,False,False,False,1
35881,G06003779,High,False,False,False,0
34911,G06005924,Low,True,True,False,0
34966,G06005916,Medium,False,False,False,0
35036,G06005908,High,False,False,False,0
144844,G06003761,Low,False,False,False,0
216809,G06005925,High,True,True,False,0
144819,G06005909,Medium,False,False,False,0
35405,G06003759,Medium,False,False,False,0
35441,G06005921,Low,False,False,False,0
35457,G06005908,High,False,False,False,0
144814,G06003741,Low,False,False,False,0
178706,G06003782,Low,False,False,False,0
144789,G06005919,Medium,False,False,False,0
178715,G06005908,High,False,False,False,0
144713,G06005909,High,False,False,False,0
178769,G06005906,High,False,False,False,0
144665,G06005906,High,False,False,False,0
178828,G06003763,High,True,True,False,0
179255,G06003753,High,False,False,False,0
37003,G06005921,Low,False,False,False,0
37036,G06003753,Medium,False,False,False,1
38222,G06003759,Medium,True,True,False,0
141928,G06005908,Medium,False,False,False,0
38347,G06005907,Medium,False,False,False,0
38416,G06003764,High,False,False,False,0
38482,G06003779,Low,False,False,False,0
141761,G06005920,High,False,False,False,0
38531,G06005919,Low,False,False,False,0
38569,G06005920,High,False,False,False,0
142121,G06003752,Medium,False,False,False,1
179608,G06005908,High,False,False,False,0
38716,G06005907,High,False,False,True,0
38737,G06003759,Medium,False,False,False,0
38797,G06003778,High,False,False,False,1
38953,G06003763,Medium,True,True,True,0
141574,G06005913,High,False,False,False,0
38997,G06003753,Low,False,False,True,0
141724,G06005907,High,False,False,True,0
215780,G06003759,Medium,False,False,False,0
215783,G06003761,High,True,True,False,0
38083,G06005920,Low,False,False,True,0
216218,G06005924,High,False,False,False,0
37067,G06005913,Low,True,True,False,0
37140,G06003763,Medium,False,False,False,0
143200,G06005906,High,False,False,False,0
143172,G06005924,Low,False,False,False,0
37170,G06005924,Low,False,False,False,0
37188,G06003763,Medium,False,False,False,0
37272,G06003757,Medium,False,False,False,0
37292,G06005924,High,False,False,False,1
142775,G06003752,High,False,False,False,0
179435,G06005921,High,False,False,False,0
142685,G06005917,Low,False,False,False,0
179482,G06005921,High,False,False,False,0
215886,G06005907,High,False,False,False,0
37939,G06003779,High,False,False,False,0
142203,G06005924,Medium,False,False,False,0
215823,G06003764,High,False,False,False,0
144968,G06005906,Low,False,False,False,0
144974,G06005909,High,True,True,False,0
34815,G06003758,Medium,False,False,False,0
147420,G06005908,Medium,False,False,False,1
147405,G06003753,Medium,False,False,False,0
32420,G06003752,High,False,False,True,0
32507,G06003741,Low,False,False,False,0
32532,G06003753,Medium,False,False,False,0
147062,G06005921,Medium,False,False,False,0
146906,G06005913,Medium,False,False,False,0
146902,G06005921,Medium,False,False,False,0
32629,G06005913,High,False,False,False,0
217925,G06003763,Medium,False,False,False,0
177954,G06005908,Medium,False,False,False,0
146759,G06005920,High,False,False,True,0
32706,G06005917,Low,False,False,False,0
146634,G06003759,Medium,False,False,False,0
32856,G06003782,Medium,False,False,False,0
32915,G06003753,High,False,False,False,0
32966,G06005919,Low,False,False,False,0
217735,G06003763,High,False,False,False,0
33080,G06003778,High,False,False,False,0
217660,G06003781,High,True,True,False,0
32631,G06005920,Medium,True,True,False,0
32070,G06003752,High,False,False,False,0
147580,G06003779,High,False,False,False,0
31389,G06005921,High,False,False,False,0
148080,G06005927,High,False,False,False,0
218244,G06003758,Low,False,False,False,0
148049,G06005925,Low,False,False,False,1
31510,G06005916,Low,False,False,False,0
147957,G06005917,Low,False,False,False,0
31559,G06003764,Low,False,False,False,0
177795,G06003779,High,True,True,False,0
147898,G06003763,Medium,True,True,False,0
177807,G06003761,High,False,False,False,0
218084,G06005913,Medium,False,False,False,0
31726,G06005927,High,False,False,False,0
31795,G06005908,High,False,False,False,0
31796,G06005912,High,False,False,False,0
31896,G06005921,Medium,False,False,False,0
147599,G06005921,High,False,False,False,0
147583,G06005926,Medium,False,False,False,0
146301,G06005906,High,False,False,True,0
39012,G06003758,High,False,False,False,0
217644,G06003763,High,False,False,False,0
146186,G06005921,High,True,True,True,0
178295,G06005916,High,False,False,False,0
34112,G06003778,Medium,True,True,False,0
145469,G06005921,Low,False,False,False,0
178364,G06005927,Low,False,False,False,0
178390,G06003752,High,False,False,False,0
217147,G06005909,Low,False,False,False,0
178477,G06003778,High,False,False,False,0
145234,G06005924,Medium,False,False,False,0
217107,G06005906,Medium,False,False,False,0
217092,G06005906,High,False,False,True,0
34097,G06005913,High,False,False,False,1
34675,G06003757,High,False,False,False,0
34696,G06003741,Medium,False,False,False,0
217063,G06003758,High,False,False,False,0
34697,G06003757,High,False,False,False,0
145177,G06003752,High,False,False,False,0
178592,G06005919,Low,False,False,False,0
34722,G06005921,Low,True,True,False,0
34793,G06005924,High,True,True,False,0
145202,G06003781,Low,False,False,False,0
34086,G06003763,High,False,False,True,0
178274,G06003764,Low,False,False,False,0
178258,G06005921,High,False,False,False,0
146185,G06005919,Low,False,False,False,0
146122,G06003762,High,True,True,False,0
146101,G06003753,Medium,False,False,False,0
217505,G06005925,High,False,False,False,0
178152,G06003758,Medium,False,False,False,0
33464,G06003753,High,False,False,False,0
217503,G06003741,High,True,True,False,0
33478,G06005909,High,False,False,False,0
145997,G06003753,Medium,False,False,True,0
178172,G06005917,Medium,False,False,False,0
33545,G06005920,High,False,False,False,0
33554,G06005924,Medium,False,False,True,0
145869,G06005906,High,True,True,False,0
145725,G06005925,High,False,False,True,0
33699,G06005906,High,False,False,False,0
145670,G06003741,Medium,False,False,False,0
33791,G06005919,High,False,False,False,0
33898,G06005907,Low,False,False,False,0
217323,G06003764,Low,False,False,False,0
178254,G06005926,High,False,False,False,0
217608,G06005921,Low,False,False,True,0
205490,G06003759,Medium,False,False,False,0
39207,G06003759,High,False,False,False,0
39221,G06005913,Low,False,False,False,0
136802,G06003763,High,False,False,False,0
213169,G06003758,Medium,False,False,False,1
44634,G06005927,High,False,False,True,0
44734,G06005927,Medium,False,False,False,0
44744,G06005908,Medium,True,True,True,0
44886,G06005919,High,True,True,False,0
44915,G06005912,Medium,False,False,False,0
44923,G06005913,Medium,False,False,False,0
136564,G06005907,Medium,False,False,False,0
213209,G06005916,Medium,False,False,False,0
44986,G06005919,High,False,False,True,0
136270,G06003752,Medium,False,False,False,0
45455,G06005919,High,False,False,True,0
45502,G06005921,High,False,False,True,0
136256,G06005913,High,False,False,False,0
213081,G06005927,Low,False,False,False,0
45568,G06003764,High,False,False,True,0
136172,G06003764,High,False,False,False,0
45877,G06003779,High,False,False,False,0
45887,G06005917,High,False,False,False,0
213095,G06003764,Medium,False,False,False,0
136007,G06003779,Medium,False,False,False,0
44485,G06005921,Low,False,False,False,0
180809,G06005908,High,False,False,False,0
43682,G06005907,High,False,False,False,1
138061,G06003781,High,True,True,False,0
138053,G06003781,Medium,False,False,False,0
138036,G06003763,Low,False,False,False,0
43875,G06005908,High,False,False,False,0
43888,G06005916,Low,False,False,False,0
43925,G06003753,High,False,False,False,0
137938,G06005916,Medium,False,False,True,0
137930,G06003782,High,False,False,False,0
213223,G06003752,High,True,True,False,0
44020,G06003763,Medium,False,False,False,1
137771,G06005927,High,False,False,False,0
181061,G06005907,Medium,False,False,False,0
44301,G06003752,Medium,False,False,False,0
137246,G06005906,High,False,False,False,0
44402,G06005920,High,False,False,False,0
137002,G06003741,Low,False,False,False,0
213466,G06005906,Low,True,True,False,0
46133,G06003778,High,True,True,True,0
181723,G06005907,Medium,False,False,False,0
47413,G06003758,High,False,False,False,0
47430,G06005916,Low,False,False,False,0
212446,G06005917,Medium,False,False,False,0
212407,G06003753,High,False,False,False,0
47466,G06003741,Medium,False,False,False,0
181775,G06005919,Medium,False,False,False,0
135094,G06005907,Low,True,True,False,0
212493,G06005921,Medium,False,False,False,0
212330,G06003757,High,False,False,True,0
47798,G06003764,High,True,True,False,0
212311,G06005921,Medium,False,False,False,1
47844,G06003758,High,False,False,False,0
212248,G06005920,Medium,False,False,False,0
134869,G06005924,High,False,False,False,0
48222,G06003764,High,False,False,False,0
48258,G06005908,High,False,False,False,0
134986,G06003739,Medium,False,False,False,0
135336,G06003764,Medium,True,True,False,0
181709,G06005906,High,False,False,False,0
46157,G06005909,Low,False,False,False,0
212827,G06003764,Low,False,False,False,0
46246,G06005909,Low,False,False,False,0
181488,G06003762,High,False,False,False,0
46372,G06003778,High,False,False,True,1
46381,G06005920,Low,False,False,False,0
135588,G06003752,High,False,False,False,0
212671,G06005927,Medium,False,False,False,0
135496,G06003761,High,False,False,False,0
46874,G06005919,Low,False,False,False,0
181610,G06005908,High,False,False,False,0
135376,G06005907,High,True,True,False,0
135368,G06003753,High,False,False,False,0
46938,G06003757,Medium,False,False,False,0
212547,G06003758,Medium,True,True,False,0
47180,G06003758,Medium,False,False,False,0
47185,G06003758,High,False,False,False,0
43415,G06003752,High,False,False,False,0
213706,G06005924,Low,False,False,False,0
39924,G06003758,Medium,False,False,False,0
179846,G06003757,High,False,False,False,0
140704,G06005919,Medium,False,False,False,0
215065,G06003753,High,False,False,False,0
215062,G06003759,Low,False,False,False,0
40201,G06005912,Low,False,False,False,0
140563,G06003778,High,False,False,False,0
40256,G06005909,High,False,False,True,0
39903,G06005916,Medium,False,False,False,0
140546,G06005908,Medium,False,False,False,0
179942,G06003763,Medium,False,False,False,0
40380,G06003782,High,False,False,False,0
214954,G06005920,Medium,False,False,False,0
140488,G06005913,High,False,False,False,0
140465,G06003764,High,False,False,False,0
214822,G06005920,Medium,False,False,False,0
140212,G06005917,High,False,False,False,0
140793,G06005916,Medium,False,False,False,0
39850,G06003753,Low,True,True,False,0
215322,G06005908,High,False,False,False,1
141368,G06005917,Medium,False,False,False,0
39305,G06003759,Medium,False,False,False,0
179749,G06005907,High,False,False,False,0
39401,G06005926,Medium,False,False,False,0
215241,G06005924,Low,False,False,False,0
179765,G06003763,High,True,True,False,0
39421,G06005924,Medium,False,False,False,0
39425,G06003741,Low,False,False,False,0
179779,G06003763,High,False,False,False,0
179807,G06003752,Medium,False,False,False,0
39460,G06005906,High,False,False,False,0
39471,G06005919,Medium,False,False,False,0
39548,G06005906,Low,False,False,False,0
215198,G06005908,High,False,False,False,0
215168,G06005921,Low,True,True,False,0
39557,G06005913,High,False,False,False,0
141020,G06005908,High,False,False,False,0
39577,G06003753,Low,False,False,True,0
215130,G06005916,Medium,False,False,False,0
39679,G06005908,High,True,True,False,0
215129,G06003782,Medium,False,False,False,0
40764,G06003764,Low,False,False,False,0
39215,G06003761,High,False,False,False,0
214777,G06005907,High,False,False,False,0
139984,G06003762,Low,False,False,False,0
180531,G06005919,High,False,False,True,0
138626,G06005925,High,True,True,True,0
42494,G06003757,Low,True,True,False,0
42501,G06005906,High,False,False,False,0
138503,G06005924,Medium,False,False,False,0
214095,G06005919,Medium,False,False,False,0
180577,G06005908,Medium,False,False,False,0
213944,G06005924,Low,False,False,False,1
180597,G06003782,Medium,True,True,False,0
42882,G06005925,Low,False,False,False,0
42914,G06005926,Medium,False,False,False,0
138443,G06005913,Medium,False,False,False,0
138376,G06003753,High,False,False,False,0
138248,G06005907,Low,False,False,False,0
213991,G06005920,High,False,False,False,0
42307,G06003764,Medium,False,False,False,0
42146,G06005917,High,False,False,True,0
214747,G06003764,High,False,False,False,0
139697,G06005906,High,True,True,False,0
214673,G06005924,High,False,False,False,0
139437,G06005927,Low,False,False,False,0
139402,G06005925,High,False,False,False,0
41306,G06003763,Low,False,False,True,0
139370,G06005921,High,False,False,False,0
214600,G06005913,Low,False,False,False,0
41389,G06003752,Medium,False,False,False,0
41453,G06005919,Medium,False,False,False,0
180335,G06005917,High,True,True,False,0
41632,G06005906,High,False,False,False,0
214463,G06005913,High,False,False,False,0
214460,G06005913,Medium,True,True,True,0
41827,G06005924,Low,False,False,False,0
41834,G06005921,Medium,True,True,False,0
41839,G06005921,High,False,False,False,0
214223,G06003764,Medium,False,False,True,0
42143,G06003779,Low,False,False,False,0
138904,G06003758,Medium,False,False,False,0
180216,G06003758,High,True,True,False,0
65354,G06005909,High,False,False,False,0
205476,G06005908,Medium,False,False,False,0
197540,G06003759,High,False,False,False,0
105972,G06003757,High,False,False,False,0
105901,G06003752,Medium,False,False,False,0
87340,G06005919,Medium,False,False,False,0
197501,G06003781,High,False,False,False,0
87377,G06005917,High,False,False,False,0
105743,G06005925,Medium,False,False,False,0
105593,G06005913,Low,False,False,False,0
87537,G06005921,Medium,True,True,True,0
87589,G06003778,Medium,False,False,False,0
87601,G06005926,Medium,False,False,False,0
87646,G06005912,Medium,False,False,False,0
87648,G06005917,Medium,False,False,False,0
197388,G06003741,High,False,False,False,0
87750,G06005926,Low,False,False,False,0
87786,G06005921,High,False,False,False,0
87803,G06005924,Medium,False,False,False,0
105511,G06003764,High,False,False,False,0
87883,G06003757,Low,False,False,False,0
87110,G06005907,Medium,False,False,False,0
86980,G06003781,Medium,False,False,False,0
190584,G06005908,Medium,False,False,False,0
106909,G06003764,High,False,False,False,0
86206,G06005921,Medium,False,False,False,0
86228,G06005921,Medium,False,False,False,0
106796,G06005913,Medium,True,True,False,0
86408,G06005912,Low,False,False,False,0
86476,G06005919,High,False,False,False,0
86546,G06005907,Medium,False,False,True,0
86553,G06003781,Low,False,False,False,0
106084,G06005909,Medium,False,False,True,0
86582,G06005926,Medium,False,False,False,0
190840,G06003781,High,False,False,False,0
86736,G06005917,Medium,False,False,True,0
106475,G06003753,Low,True,True,True,1
106463,G06005906,High,False,False,True,0
106375,G06003758,Medium,False,False,False,0
86897,G06005916,Medium,False,False,False,0
106338,G06003757,Medium,False,False,False,0
106642,G06003763,High,False,False,False,0
87988,G06005927,High,False,False,True,0
197271,G06005924,Medium,False,False,False,0
89393,G06005924,High,False,False,False,0
89400,G06003758,Medium,False,False,False,0
191654,G06003781,Low,False,False,False,0
89609,G06005913,High,False,False,False,0
89617,G06005921,Medium,True,True,True,0
196686,G06003761,High,False,False,False,0
89681,G06005921,Medium,False,False,False,1
104011,G06003763,Medium,True,True,True,0
104002,G06005908,Medium,True,True,False,0
89367,G06005920,High,True,True,False,0
196667,G06005909,Low,False,False,False,1
191783,G06003759,High,False,False,True,0
103910,G06003741,High,True,True,False,0
89836,G06005917,Low,False,False,False,0
89837,G06005921,Medium,False,False,False,0
103895,G06003761,Medium,False,False,False,0
89873,G06005907,High,False,False,False,0
103878,G06003779,Medium,False,False,False,0
103991,G06005927,High,False,False,True,0
89356,G06005919,High,True,True,False,0
104931,G06003778,Medium,False,False,False,0
104913,G06003752,Medium,False,False,False,0
88311,G06005924,High,False,False,False,0
88350,G06003759,High,False,False,False,0
88358,G06003752,Low,False,False,False,0
88539,G06003752,Medium,True,True,False,0
104673,G06003757,Medium,False,False,False,0
104661,G06003778,Medium,False,False,False,0
88745,G06005917,High,False,False,False,0
104570,G06003782,High,False,False,False,0
196946,G06005908,High,False,False,False,0
104547,G06005924,Low,False,False,True,0
88889,G06003752,High,False,False,False,0
191425,G06005921,Medium,False,False,False,0
89080,G06005920,Medium,False,False,False,0
196843,G06003757,Medium,False,False,False,0
107027,G06005919,High,False,False,False,0
107049,G06005924,High,False,False,False,0
107060,G06005921,High,False,False,False,1
198056,G06003782,High,False,False,False,0
83119,G06005921,High,True,True,False,0
83127,G06005908,Medium,False,False,False,0
109326,G06005921,Medium,False,False,False,0
109322,G06005927,High,False,False,False,0
83253,G06005924,High,False,False,False,0
109247,G06005920,Low,False,False,False,0
109169,G06003753,High,False,False,False,0
83429,G06005906,High,False,False,False,0
83508,G06005924,Medium,False,False,False,0
109136,G06005924,High,False,False,False,0
198936,G06003778,Medium,False,False,False,1
83803,G06005927,Medium,False,False,False,0
109106,G06003778,High,True,True,False,0
109103,G06005906,High,False,False,False,0
108956,G06003764,Low,False,False,False,0
83588,G06005920,Low,False,False,True,0
82853,G06005927,High,False,False,False,0
82851,G06003782,Low,False,False,False,0
109501,G06005924,High,False,False,False,0
110322,G06005924,High,False,False,False,0
82102,G06003741,Medium,False,False,False,0
110148,G06005907,High,False,False,False,0
82207,G06003763,Medium,False,False,False,0
82239,G06003752,Medium,False,False,False,0
189657,G06005919,Medium,False,False,False,0
109978,G06005916,High,False,False,False,0
109949,G06005906,High,True,True,True,0
82341,G06005906,Medium,False,False,False,0
109902,G06003757,Medium,False,False,False,0
109834,G06005921,Low,False,False,False,0
199167,G06005925,High,True,True,False,0
189701,G06005924,Low,False,False,False,0
82562,G06005924,High,False,False,False,0
82579,G06005919,Low,True,True,True,0
109714,G06003759,Medium,False,False,False,0
199087,G06003782,High,False,False,False,1
82648,G06005908,Low,False,False,False,0
199082,G06005906,High,False,False,False,0
82782,G06003764,High,False,False,False,0
189943,G06003752,Low,False,False,True,0
191798,G06005919,High,False,False,True,0
108908,G06005924,High,False,False,False,0
198780,G06005917,High,False,False,False,0
85340,G06003741,Low,False,False,False,0
108017,G06005924,High,True,True,False,1
198291,G06005924,Medium,False,False,False,1
85420,G06005917,Low,False,False,False,0
107917,G06003781,Low,False,False,False,0
107710,G06003753,Medium,False,False,False,0
85577,G06005913,Low,False,False,False,0
85234,G06003781,Low,False,False,False,0
107649,G06003778,High,False,False,False,0
85595,G06003782,Medium,False,False,False,0
190404,G06005917,Medium,True,True,True,0
190406,G06005906,Medium,False,False,False,0
85784,G06005919,High,False,False,False,0
85874,G06005927,Low,False,False,False,0
107468,G06005920,High,True,True,False,0
107219,G06003781,Medium,False,False,False,0
198064,G06003758,Medium,False,False,False,0
86032,G06005906,Low,False,False,False,0
107682,G06005919,High,False,False,False,0
85151,G06005919,Medium,False,False,False,0
190293,G06003758,High,False,False,False,0
198778,G06005917,High,False,False,False,0
108698,G06005919,High,False,False,False,0
189997,G06005920,Medium,False,False,True,1
198739,G06003757,Medium,False,False,False,0
84504,G06005917,Medium,False,False,False,0
198729,G06005916,Medium,False,False,False,0
198665,G06003752,Low,False,False,False,0
190050,G06003757,High,False,False,False,0
84686,G06005912,High,True,True,False,0
84709,G06005919,High,False,False,True,0
108514,G06005906,High,False,False,False,0
108482,G06005920,Medium,False,False,False,0
198592,G06005917,Medium,False,False,False,0
84847,G06005916,Medium,False,False,False,0
108406,G06003741,Medium,False,False,False,0
190175,G06005924,High,False,False,False,0
108260,G06005924,High,True,True,False,0
85090,G06005921,Medium,False,False,False,0
85125,G06005921,Medium,True,True,False,0
190216,G06005907,High,False,False,False,0
191835,G06003761,Low,False,False,False,0
94975,G06005917,Low,False,False,False,0
194888,G06005906,High,False,False,False,0
95018,G06005906,High,False,False,False,0
100096,G06005926,High,False,False,False,0
95038,G06005906,Medium,False,False,False,0
100005,G06005924,High,True,True,False,0
99893,G06005926,Medium,False,False,False,0
100326,G06005921,Low,False,False,True,0
95231,G06003752,High,True,True,False,1
99865,G06005907,High,False,False,True,0
99839,G06005920,Low,False,False,False,0
193293,G06003782,High,False,False,False,0
95315,G06005926,High,False,False,False,0
95342,G06003782,Low,False,False,False,0
194648,G06005920,High,False,False,False,0
95407,G06003764,High,True,True,False,0
99729,G06005924,High,True,True,False,0
193311,G06003764,High,False,False,False,0
95277,G06003759,High,False,False,False,0
193331,G06003757,Low,False,False,False,0
194949,G06003782,High,False,False,False,0
94706,G06005908,Medium,True,True,False,0
94375,G06005913,High,False,False,False,0
94465,G06005920,High,False,False,False,0
94471,G06003778,High,True,True,False,0
192913,G06005919,High,False,False,False,0
100611,G06005917,Low,True,True,False,0
94568,G06003753,Low,False,False,False,0
192937,G06003741,High,False,False,False,0
94585,G06005913,Medium,False,False,False,0
192944,G06003752,High,False,False,False,0
94663,G06005907,Medium,False,False,False,0
194994,G06003764,Low,False,False,False,0
100675,G06005920,High,False,False,False,0
192924,G06003757,Medium,False,False,False,1
95625,G06005916,Low,False,False,False,0
95655,G06005927,Low,True,True,False,0
99571,G06005926,High,False,False,False,0
194125,G06005908,Medium,False,False,False,0
96622,G06005907,Low,False,False,False,0
96645,G06005907,High,False,False,False,0
98397,G06005909,Low,False,False,False,0
96750,G06005924,Low,True,True,False,0
96918,G06005917,High,False,False,False,0
98583,G06003757,Low,False,False,False,0
96996,G06005907,Medium,False,False,False,0
193729,G06005908,High,False,False,False,0
193755,G06003763,High,False,False,False,0
97304,G06005917,Low,False,False,False,0
97337,G06005913,High,False,False,False,0
97840,G06003741,High,False,False,False,0
97823,G06005906,High,True,True,False,0
97596,G06005921,Medium,False,False,False,0
193817,G06003757,Medium,False,False,False,0
97779,G06005921,High,True,True,False,0
98122,G06005924,High,True,True,False,0
98651,G06005907,High,False,False,False,0
98708,G06003782,Medium,True,True,False,0
98842,G06005924,Low,False,False,False,0
193346,G06005924,High,True,True,False,0
99529,G06003761,Medium,False,False,False,0
95865,G06005927,Medium,False,False,False,0
99457,G06005913,Medium,False,False,False,0
96222,G06005907,Medium,False,False,False,1
99182,G06003781,High,False,False,False,0
99173,G06003764,High,False,False,False,0
96276,G06005925,High,False,False,True,0
96279,G06003778,High,True,True,False,0
99123,G06003757,High,False,False,False,0
99066,G06005919,Medium,False,False,False,0
99028,G06005907,High,False,False,False,0
194402,G06003752,High,False,False,False,0
193471,G06005906,High,False,False,False,0
98954,G06005924,Medium,False,False,False,0
194378,G06005917,Medium,False,False,False,0
96402,G06003759,High,False,False,False,0
98919,G06003758,High,True,True,True,0
193488,G06005924,Low,False,False,False,0
193497,G06003752,High,False,False,False,0
94248,G06003782,Medium,False,False,False,0
94165,G06005919,Medium,False,False,False,0
192867,G06003753,Low,False,False,False,0
192858,G06005920,Low,False,False,False,0
103086,G06005926,High,False,False,False,0
91218,G06003758,Medium,False,False,False,0
91230,G06005908,Medium,True,True,False,0
91258,G06005925,High,True,True,True,0
91357,G06005907,Low,False,False,False,0
102993,G06005907,Medium,False,False,False,0
91433,G06003761,High,False,False,False,0
91037,G06005906,High,True,True,False,0
102936,G06003752,Medium,False,False,False,0
102852,G06005916,Low,False,False,False,0
91636,G06005908,Medium,False,False,False,0
196076,G06005909,Medium,False,False,False,0
102768,G06003782,Medium,False,False,True,1
102665,G06003759,Low,False,False,False,1
91770,G06005919,Medium,False,False,True,0
91552,G06005913,High,True,True,False,0
196307,G06003764,High,False,False,False,0
90008,G06003752,High,False,False,True,0
103848,G06005921,Low,True,True,True,0
90164,G06005906,Medium,False,False,True,1
90184,G06003753,Medium,False,False,False,0
103568,G06003762,High,False,False,False,0
191958,G06003781,Medium,False,False,False,0
90364,G06003741,High,False,False,False,0
103514,G06003778,High,False,False,False,0
196395,G06005908,High,True,True,False,0
90442,G06003781,High,False,False,True,0
90496,G06005921,Low,False,False,False,0
90611,G06005906,High,False,False,False,0
103386,G06005909,Low,False,False,True,0
90839,G06005920,High,False,False,False,0
102583,G06003779,Low,False,False,True,0
102450,G06005920,High,False,False,False,0
101608,G06005907,Medium,False,False,False,0
195505,G06005906,Low,False,False,False,0
101540,G06005921,High,True,True,True,1
93329,G06003764,High,False,False,False,1
101503,G06005920,Low,False,False,True,0
93550,G06005908,Low,False,False,False,0
93121,G06003757,High,False,False,False,0
93577,G06003763,High,False,False,False,0
195454,G06005921,High,True,True,True,0
93720,G06005921,Low,False,False,False,0
192851,G06005920,High,False,False,True,0
93935,G06005921,Low,False,False,False,0
93942,G06003764,High,False,False,False,0
101126,G06005916,Medium,False,False,False,0
94029,G06005909,Medium,False,False,False,0
94048,G06005907,Medium,False,False,False,0
93073,G06005907,Medium,False,False,False,0
101681,G06005921,High,False,False,False,0
93044,G06003782,High,False,False,False,0
91959,G06005924,High,False,False,False,0
102449,G06005921,High,False,False,False,0
92053,G06005925,High,False,False,False,0
92142,G06005916,Medium,False,False,False,0
92239,G06005909,Low,True,True,False,0
92275,G06003781,High,False,False,False,0
92286,G06005906,High,False,False,False,0
92486,G06005912,High,False,False,False,0
192419,G06005906,Low,False,False,False,0
195760,G06005906,Low,False,False,False,0
102185,G06005924,Low,False,False,False,0
102086,G06005907,High,False,False,False,0
101967,G06005908,High,False,False,False,1
92784,G06005916,Low,False,False,False,0
101877,G06005906,High,False,False,False,0
101847,G06005907,High,False,False,True,0
195630,G06005927,Medium,False,False,True,0
195601,G06005908,Medium,False,False,False,0
192592,G06003753,Medium,False,False,False,0
31378,G06005907,High,False,False,False,0
81908,G06003759,Medium,False,False,False,0
199351,G06005921,Low,False,False,False,0
203625,G06003762,High,False,False,False,0
70902,G06005913,High,False,False,False,0
70953,G06003753,Low,False,False,False,0
71069,G06003778,Medium,False,False,False,0
203534,G06005906,High,False,False,False,0
187237,G06003782,Medium,False,False,False,0
71140,G06005913,High,False,False,False,0
117893,G06005925,Low,False,False,False,0
117834,G06003781,High,False,False,False,0
71177,G06003763,Low,True,True,False,0
70781,G06003778,Medium,False,False,False,0
71245,G06005921,High,True,True,False,0
203458,G06003757,High,True,True,False,0
71406,G06005925,High,False,False,False,1
71444,G06003741,High,False,False,False,0
71546,G06005921,Low,False,False,False,0
117620,G06005906,Low,True,True,False,0
71588,G06005927,High,False,False,False,0
203198,G06003781,High,True,True,True,0
117557,G06005913,Medium,False,False,False,0
117553,G06005906,Low,False,False,False,0
203515,G06005919,High,False,False,False,0
117552,G06005909,Low,False,False,False,0
118155,G06005912,Low,True,True,False,1
118677,G06005920,High,False,False,False,0
69944,G06003779,High,True,True,False,0
69981,G06003762,High,False,False,False,0
70006,G06005908,High,False,False,True,0
203857,G06005909,Low,True,True,False,0
187100,G06005924,Low,False,False,False,0
118472,G06005908,Low,False,False,False,0
70244,G06003752,Medium,False,False,False,0
203744,G06003781,High,True,True,False,0
118389,G06005920,Low,False,False,False,0
118083,G06003741,Low,False,False,False,0
70360,G06005924,High,False,False,False,0
203727,G06005906,High,True,True,False,0
70396,G06003778,High,False,False,False,0
70436,G06003778,High,False,False,False,0
70465,G06005924,High,False,False,False,0
118211,G06005913,Medium,False,False,False,0
203686,G06005916,Medium,False,False,False,0
203666,G06005927,High,True,True,False,0
70387,G06003759,Low,False,False,False,0
117536,G06005908,Medium,False,False,False,0
71700,G06003752,Low,False,False,False,0
71728,G06005913,High,False,False,False,0
72798,G06003763,Low,False,False,False,0
187660,G06003752,Low,False,False,False,0
72821,G06003782,High,False,False,False,0
72873,G06005913,High,False,False,False,0
72904,G06003757,Medium,False,False,False,0
187679,G06005906,Low,False,False,True,0
73002,G06005925,High,False,False,True,0
187734,G06005919,Medium,True,True,False,0
72734,G06005908,Medium,True,True,False,0
73168,G06003764,High,False,False,True,0
187745,G06005919,High,True,True,False,0
73311,G06005919,High,False,False,False,0
73408,G06005917,Medium,False,False,False,0
73525,G06005907,High,False,False,False,0
73539,G06005921,High,False,False,False,0
116110,G06003761,Medium,False,False,False,0
202874,G06005912,Medium,False,False,False,0
117454,G06003752,Low,False,False,False,0
187362,G06005925,Medium,False,False,False,0
71947,G06003741,Low,False,False,False,0
203060,G06003778,Medium,True,True,True,0
72015,G06005919,Medium,False,False,True,0
72109,G06005906,Medium,True,True,False,0
203047,G06003763,High,True,True,False,0
117329,G06003741,High,False,False,False,0
117254,G06005927,High,False,False,False,0
187464,G06003781,Low,False,False,False,0
72204,G06005920,Medium,False,False,False,0
202936,G06003758,Medium,False,False,False,0
117174,G06005924,Low,True,True,True,0
117098,G06005924,High,False,False,False,0
117091,G06003778,High,False,False,False,0
187569,G06005909,Medium,False,False,False,0
69937,G06005907,Medium,False,False,False,0
118737,G06003779,Medium,False,False,False,0
186974,G06005907,High,False,False,False,0
69757,G06005916,Medium,False,False,False,0
66765,G06003758,Medium,False,False,False,0
66808,G06005924,Medium,False,False,False,0
120866,G06003764,High,True,True,False,0
66831,G06003757,High,False,False,False,0
205023,G06005916,High,False,False,False,0
120787,G06005919,Low,False,False,False,0
66992,G06003758,High,False,False,False,0
186541,G06005917,Medium,False,False,False,0
66757,G06005913,High,False,False,False,0
67184,G06005920,Low,False,False,False,0
186567,G06005908,Low,False,False,True,0
205004,G06003763,High,False,False,False,0
67241,G06005925,Low,False,False,False,0
186596,G06005920,Low,False,False,False,0
67394,G06005927,High,False,False,False,0
67401,G06003753,High,False,False,False,0
204913,G06005926,Medium,False,False,False,0
67413,G06005920,Low,False,False,False,0
120536,G06003753,High,False,False,True,0
120467,G06003758,Medium,False,False,False,0
66745,G06003759,Low,False,False,False,0
120991,G06005924,High,False,False,False,0
66545,G06005924,Low,False,False,False,0
121690,G06003764,High,False,False,False,0
205462,G06005924,Low,True,True,True,0
121680,G06003757,Low,False,False,False,0
121599,G06005909,High,False,False,False,0
65665,G06005919,Medium,False,False,False,0
205398,G06003759,Low,False,False,False,0
121577,G06005924,Medium,False,False,True,0
65674,G06005908,Medium,True,True,False,0
205368,G06003782,Low,False,False,False,0
121550,G06003758,Medium,False,False,False,0
121526,G06005906,Medium,False,False,False,0
121496,G06003757,Low,False,False,False,0
65859,G06005921,Medium,False,False,False,0
65981,G06003759,High,False,False,False,0
66002,G06003758,Medium,False,False,False,0
66058,G06003782,Low,False,False,False,0
121316,G06005916,Medium,False,False,False,0
121313,G06003752,Low,False,False,False,0
121260,G06005909,High,False,False,False,0
66376,G06003779,Medium,False,False,False,0
66419,G06005908,Medium,True,True,False,0
121112,G06005919,Low,False,False,False,0
67550,G06005906,Medium,False,False,False,0
204850,G06003782,High,False,False,False,0
67603,G06005909,Low,False,False,False,0
68910,G06005919,Medium,False,False,False,0
68937,G06005908,High,True,True,True,0
119159,G06003757,High,False,False,False,0
68971,G06003758,High,False,False,False,0
68974,G06003757,Low,False,False,False,0
69003,G06003782,High,False,False,True,0
69012,G06003781,High,False,False,False,0
119095,G06005924,Medium,True,True,False,0
204303,G06003757,High,False,False,False,0
68872,G06003782,High,False,False,False,0
119060,G06005908,High,False,False,False,0
69144,G06005924,Medium,False,False,False,0
204283,G06003764,Medium,False,False,True,0
69393,G06005913,High,False,False,False,0
204102,G06005924,Low,False,False,False,0
186939,G06003778,High,False,False,False,0
69590,G06005908,Medium,False,False,False,0
186953,G06003763,Medium,True,True,False,0
118795,G06003778,Low,False,False,False,0
119292,G06003757,High,False,False,False,0
119370,G06003778,Medium,False,False,False,0
68793,G06005909,Medium,False,False,True,0
186616,G06003763,Medium,False,False,True,0
67788,G06005906,High,False,False,False,0
120055,G06005920,Medium,True,True,False,0
68128,G06005907,High,False,False,False,0
68178,G06005919,High,False,False,False,0
68217,G06005909,High,False,False,False,0
68220,G06005908,High,False,False,False,0
119644,G06005919,Medium,False,False,False,0
68244,G06003782,High,False,False,False,0
68400,G06005906,High,False,False,False,0
68424,G06005916,High,False,False,False,0
119604,G06005913,High,False,False,False,0
68498,G06003781,High,False,False,False,0
119492,G06003764,High,True,True,False,0
68581,G06003778,Medium,False,False,False,0
186778,G06005916,Medium,False,False,False,0
204427,G06003752,High,False,False,False,1
120247,G06003763,Medium,False,False,False,0
81905,G06003753,Medium,False,False,False,0
116070,G06005906,Medium,False,False,False,0
187819,G06005924,High,False,False,False,0
78948,G06003759,High,False,False,False,0
79028,G06005909,High,False,False,False,0
200471,G06005921,High,False,False,False,0
112213,G06005927,High,True,True,False,0
79162,G06003757,High,False,False,False,0
200267,G06005927,High,False,False,False,0
79587,G06003764,Low,True,True,False,0
111987,G06003757,Low,False,False,True,0
189092,G06005906,High,False,False,True,0
79795,G06003778,Medium,False,False,False,0
111884,G06003763,Medium,False,False,False,0
79864,G06003757,Medium,False,False,False,0
111824,G06005906,Low,False,False,False,0
79889,G06003757,Low,False,False,False,0
112368,G06003781,High,False,False,False,0
188711,G06003764,Low,False,False,False,0
113263,G06003758,Low,False,False,False,0
188793,G06005906,Medium,False,False,False,0
113218,G06005917,Medium,False,False,False,0
77408,G06003752,Low,False,False,False,0
113079,G06005920,Low,False,False,True,0
77853,G06003758,Medium,False,False,False,0
112985,G06005919,Medium,False,False,False,0
77909,G06005921,High,False,False,False,0
78674,G06003758,Low,False,False,False,0
78070,G06003761,Medium,False,False,False,0
78189,G06003763,Low,False,False,False,0
112704,G06005921,High,False,False,False,0
200998,G06005906,Medium,False,False,False,0
200879,G06003753,High,True,True,False,0
200743,G06003781,Low,False,False,False,0
112541,G06005906,High,True,True,False,0
78508,G06005921,High,False,False,False,0
201007,G06005926,High,False,False,False,0
200118,G06005924,High,False,False,False,0
80025,G06003759,High,False,False,False,0
199620,G06005906,High,True,True,False,0
110610,G06005909,High,True,True,False,0
110556,G06003757,Medium,False,False,False,0
189480,G06003741,High,False,False,False,0
81274,G06003759,Low,False,False,False,0
110539,G06003753,Medium,False,False,True,0
199486,G06005908,High,False,False,False,0
110512,G06005916,High,False,False,False,0
110624,G06005926,Medium,True,True,True,0
110491,G06003752,Low,False,False,False,0
81456,G06003758,High,False,False,False,0
199443,G06003763,High,False,False,False,0
199429,G06005909,High,False,False,False,0
110464,G06003753,Medium,False,False,False,0
81752,G06003761,High,False,False,False,0
81760,G06005919,Low,False,False,False,0
189597,G06003764,High,True,True,False,0
81424,G06003753,Low,False,False,True,0
189359,G06005912,Medium,False,False,False,0
110665,G06003758,Medium,False,False,False,0
200075,G06005927,High,True,True,False,0
111646,G06003764,Low,False,False,False,0
80230,G06005919,Medium,True,True,False,0
111356,G06005925,Medium,True,True,True,0
199995,G06005920,High,False,False,False,0
80345,G06005919,Low,False,False,False,0
80399,G06003741,High,False,False,False,0
199961,G06005906,High,True,True,False,0
111247,G06005906,High,False,False,True,0
111244,G06005908,Medium,False,False,True,0
80517,G06005916,High,False,False,False,0
80561,G06005926,Medium,False,False,False,0
80601,G06005908,Medium,False,False,False,0
80650,G06005917,High,False,False,False,0
189260,G06003741,Medium,False,False,False,0
189261,G06003778,Medium,False,False,False,0
189262,G06005917,High,False,False,False,0
110957,G06003778,Medium,True,True,True,0
80866,G06005913,High,False,False,False,0
188709,G06003779,High,False,False,False,0
113383,G06005908,High,False,False,False,0
77314,G06005907,Medium,False,False,False,0
113454,G06005921,High,False,False,False,0
115244,G06005924,Medium,False,False,False,0
115206,G06003741,High,False,False,False,0
115178,G06005924,Medium,False,False,False,0
74846,G06005925,High,False,False,False,0
115145,G06005921,High,False,False,False,0
202201,G06003753,High,True,True,False,0
115096,G06005927,Medium,False,False,False,0
188118,G06005921,High,False,False,False,1
75113,G06005925,High,False,False,False,0
115095,G06003752,Medium,False,False,False,0
115074,G06003752,High,False,False,False,0
75158,G06003763,Medium,False,False,False,0
75161,G06005919,High,False,False,False,0
202153,G06005920,High,False,False,False,0
202100,G06005913,Medium,False,False,False,0
75378,G06005919,Medium,False,False,False,0
75406,G06005925,High,False,False,False,0
75452,G06003752,High,False,False,False,0
202173,G06003763,High,True,True,False,0
74650,G06005909,High,False,False,False,0
74637,G06005926,High,False,False,False,0
202311,G06005924,High,True,True,True,0
73607,G06003778,High,False,False,False,0
115975,G06005924,High,False,False,False,0
115940,G06005908,High,False,False,False,0
115878,G06003781,Medium,False,False,False,1
74033,G06005909,High,False,False,True,0
115835,G06003753,Low,True,True,True,0
74061,G06005919,High,False,False,True,0
74085,G06005921,High,False,False,False,0
115822,G06005919,Low,False,False,False,0
74171,G06005921,Low,False,False,False,0
115654,G06005907,High,False,False,True,0
74189,G06003752,Low,True,True,False,0
74245,G06005908,Low,False,False,True,0
202388,G06005926,High,True,True,False,0
115511,G06003763,Low,False,False,False,0
74250,G06003763,Low,False,False,False,0
115332,G06005926,Medium,False,False,False,0
74619,G06003763,Medium,False,False,False,0
114781,G06005906,High,False,False,False,0
73579,G06005921,High,False,False,False,0
201982,G06005926,Low,False,False,True,0
114655,G06003763,High,True,True,False,0
76421,G06003778,Medium,False,False,False,0
76450,G06005916,Low,False,False,False,0
76480,G06003762,Low,False,False,False,0
114101,G06003778,Medium,False,False,False,0
201555,G06003752,High,False,False,False,0
76617,G06003759,Low,False,False,False,0
76637,G06005909,Medium,False,False,False,0
201543,G06005909,High,False,False,False,0
76786,G06005921,High,False,False,False,0
76793,G06005919,Medium,False,False,False,0
76419,G06005906,Medium,False,False,False,0
76794,G06003782,High,False,False,False,0
113935,G06005919,High,False,False,False,0
113838,G06003782,Low,False,False,True,0
201360,G06005921,Low,False,False,False,0
113654,G06003753,High,False,False,False,0
201329,G06003763,High,False,False,False,0
113589,G06003781,Medium,False,False,False,0
201238,G06005907,Medium,False,False,False,0
113462,G06003781,Medium,False,False,False,0
113943,G06003752,Medium,False,False,False,1
114151,G06005927,High,False,False,False,0
76332,G06005908,High,False,False,False,0
201952,G06005909,Medium,True,True,False,0
201913,G06005909,Medium,False,False,False,0
201905,G06003757,Low,False,False,True,0
188252,G06005927,Medium,False,False,False,0
201845,G06005908,High,False,False,False,0
75646,G06005909,Medium,False,False,False,0
201831,G06003752,High,True,True,False,0
188270,G06003779,High,False,False,False,0
114513,G06005909,Medium,False,False,False,0
114483,G06003752,High,False,False,False,0
114458,G06003758,Medium,False,False,False,0
75921,G06005907,Medium,False,False,False,0
188294,G06005916,Medium,False,False,False,0
114443,G06003752,High,False,False,False,0
201786,G06005927,Medium,False,False,True,0
201760,G06005924,High,True,True,True,0
76073,G06003753,Medium,False,False,False,0
188329,G06005920,Medium,False,False,False,0
114200,G06005908,Medium,False,False,False,0
114198,G06003782,High,False,False,False,0
76269,G06003763,High,False,False,False,0
114157,G06005920,Low,True,True,False,0
75477,G06005909,Medium,False,False,True,0
227156,G06005906,Medium,False,False,False,0
164607,G06005909,Medium,False,False,False,0
6859,G06005921,Low,False,False,False,0
153983,G06003741,Low,False,False,False,0
21898,G06003764,Low,False,False,False,0
221604,G06005921,Medium,False,False,False,0
154033,G06005906,High,False,False,False,0
154054,G06003781,Medium,False,False,False,0
175533,G06003778,Low,False,False,False,0
21730,G06003781,Medium,False,False,False,0
21729,G06005920,High,False,False,False,0
21726,G06003764,Low,False,False,False,1
221694,G06005919,Medium,False,False,False,0
221727,G06003741,Medium,False,False,False,0
7074,G06005908,Low,False,False,False,0
175507,G06005924,High,False,False,False,0
175388,G06003781,Medium,False,False,False,0
171775,G06003781,High,False,False,False,0
7571,G06005920,High,True,True,False,0
154219,G06005908,High,False,False,False,0
7524,G06005907,High,False,False,False,0
6761,G06003763,Medium,False,False,False,0
164235,G06005906,Low,False,False,False,0
164305,G06003764,Low,False,False,True,0
7146,G06005919,Low,False,False,False,0
7105,G06003758,High,True,True,False,0
154078,G06003741,Medium,False,False,False,0
7095,G06003741,Low,False,False,False,0
221769,G06005920,Medium,False,False,False,0
6755,G06003779,High,False,False,False,0
153763,G06003752,High,True,True,False,0
164783,G06003761,High,False,False,False,0
22432,G06005909,Medium,False,False,False,0
153370,G06005909,Medium,False,False,True,0
164829,G06005906,Low,False,False,False,0
221347,G06005921,High,False,False,False,0
164729,G06005913,Low,False,False,False,0
227296,G06003779,Low,False,False,False,0
22603,G06003782,Medium,False,False,False,0
221304,G06003782,High,True,True,False,0
171283,G06003757,Medium,False,False,False,0
21487,G06003759,Low,False,False,False,0
6673,G06003758,High,False,False,False,0
6653,G06003758,Medium,False,False,False,0
153750,G06005924,High,False,False,True,0
164654,G06005927,High,True,True,False,0
175657,G06005927,High,False,False,False,0
22414,G06005907,High,False,False,False,0
22155,G06005920,Low,False,False,False,0
22352,G06005921,High,True,True,False,0
171387,G06005908,Medium,False,False,True,0
22361,G06003764,Medium,False,False,False,0
175706,G06003758,Low,False,False,False,0
153547,G06003741,Medium,False,False,False,0
22203,G06005926,High,True,True,False,0
22615,G06003782,Low,False,False,False,0
164192,G06003752,High,False,False,False,0
175068,G06003761,High,False,False,False,0
226599,G06005908,High,False,False,False,0
20286,G06003758,Medium,False,False,False,0
163768,G06005927,Medium,False,False,False,0
163766,G06005907,High,False,False,False,0
20249,G06003741,Low,False,False,False,0
8823,G06005925,High,False,False,False,0
222230,G06005916,Medium,False,False,True,0
155036,G06005917,Low,False,False,False,0
222249,G06005927,High,False,False,False,0
20052,G06003759,Medium,False,False,False,0
155089,G06005920,Medium,True,True,False,0
19976,G06005920,Medium,False,False,False,0
163287,G06005920,Medium,False,False,False,0
155259,G06003753,Low,False,False,False,0
174950,G06005906,High,False,False,False,0
9041,G06003757,Medium,False,False,False,0
174952,G06003778,Low,False,False,True,0
8697,G06005921,Medium,False,False,False,0
155233,G06005924,Medium,True,True,False,0
19860,G06005909,High,False,False,True,0
9014,G06003741,Medium,False,False,False,0
171937,G06003752,High,False,False,True,0
155226,G06003782,Medium,False,False,False,0
155194,G06003761,Low,True,True,False,0
163679,G06003781,Medium,False,False,False,0
19839,G06003763,Medium,False,False,False,0
20503,G06005920,Low,True,True,True,0
154796,G06003758,Medium,False,False,False,0
164092,G06003758,Low,False,False,False,0
8254,G06005925,High,False,False,False,0
154416,G06003758,Low,True,True,False,0
154334,G06003757,High,False,False,False,1
171855,G06003758,High,True,True,False,1
154330,G06003758,High,False,False,False,0
21215,G06005921,Low,False,False,False,0
154326,G06005913,High,True,True,False,0
164188,G06005906,High,False,False,False,1
21423,G06003778,Medium,False,False,False,0
7949,G06003781,Medium,False,False,False,0
7874,G06003763,Medium,True,True,False,0
164045,G06005912,Medium,True,True,False,0
163898,G06005926,Low,False,False,False,0
154739,G06005924,High,False,False,True,0
175173,G06003759,High,False,False,False,0
8590,G06005909,Low,False,False,True,0
222082,G06003781,High,False,False,False,0
154607,G06005924,Medium,False,False,False,0
222074,G06003778,Low,False,False,False,0
20945,G06005916,High,False,False,False,0
20996,G06005926,High,False,False,False,0
222021,G06005924,High,False,False,False,1
175180,G06005906,Medium,False,False,False,1
153240,G06003758,Low,False,False,True,0
221297,G06005906,Medium,False,False,False,0
4549,G06003764,High,False,False,False,0
176369,G06003781,Low,False,False,True,0
220365,G06005917,High,False,False,True,0
151866,G06003752,Medium,False,False,False,1
166108,G06005917,High,False,False,False,0
25000,G06005917,Medium,False,False,True,0
170799,G06003764,Low,False,False,False,0
4639,G06005916,Low,False,False,False,0
220393,G06003764,Low,False,False,False,0
220473,G06003763,High,False,False,False,0
24973,G06005908,Low,True,True,False,0
220481,G06005913,High,False,False,False,0
165946,G06003781,High,False,False,False,0
220537,G06005924,High,False,False,False,0
152027,G06005908,Low,False,False,True,0
165931,G06005908,Low,True,True,False,0
5182,G06003763,Medium,False,False,False,0
176220,G06005919,Low,False,False,False,0
227903,G06005926,High,False,False,False,0
4993,G06005916,High,False,False,True,0
151850,G06005924,High,False,False,False,1
152051,G06005924,High,False,False,True,0
165769,G06003741,High,False,False,False,0
4943,G06005924,Medium,True,True,False,0
24894,G06005926,Medium,False,False,False,0
152101,G06005906,High,False,False,False,0
220252,G06003763,Low,False,False,False,1
176488,G06003781,Low,False,False,True,0
4192,G06005908,Medium,False,False,False,0
151587,G06003752,High,False,False,False,0
25648,G06003763,High,True,True,False,0
166617,G06003781,Medium,False,False,False,0
166696,G06003759,High,False,False,False,0
220037,G06005925,High,False,False,False,0
228257,G06005906,High,False,False,False,0
4095,G06005917,Medium,False,False,False,0
170650,G06003778,Medium,False,False,True,0
228287,G06003762,Medium,False,False,False,0
25686,G06003763,High,False,False,False,0
166591,G06003761,Low,False,False,False,0
166468,G06003781,Medium,False,False,False,0
220250,G06005909,Medium,False,False,False,0
228148,G06003757,Low,True,True,False,0
220232,G06003753,Low,True,True,True,0
220219,G06003763,Medium,False,False,False,0
170700,G06003761,Medium,False,False,False,0
220078,G06005906,Medium,False,False,False,0
25253,G06003752,Low,False,False,False,0
4460,G06003763,Medium,False,False,False,0
4401,G06003781,High,False,False,False,0
151715,G06003741,Medium,True,True,False,0
166379,G06003762,Medium,False,False,False,0
4306,G06005919,Low,True,True,False,0
24410,G06003753,Low,False,False,False,0
24349,G06005919,Medium,False,False,False,0
5197,G06005906,Medium,False,False,True,0
22962,G06005926,Medium,False,False,False,0
153026,G06005917,Low,False,False,True,0
23009,G06005916,Medium,False,False,False,0
153010,G06003753,Low,False,False,True,0
165129,G06003741,Medium,False,False,False,0
227470,G06003741,High,False,False,False,0
152853,G06005924,Low,False,False,False,0
5852,G06005926,Medium,False,False,False,0
221084,G06003758,Medium,False,False,False,0
152775,G06005906,Low,False,False,True,0
23273,G06005924,High,False,False,False,1
176037,G06005908,Medium,False,False,False,0
165128,G06003782,High,False,False,False,0
153063,G06003757,Medium,False,False,False,0
153195,G06003741,Medium,False,False,True,0
227376,G06003759,Medium,False,False,False,0
165035,G06005918,Low,False,False,False,1
165110,G06005906,High,False,False,False,0
6137,G06005908,Low,False,False,False,0
165114,G06005906,Low,False,False,False,0
6134,G06005920,Low,False,False,False,0
175847,G06005921,High,False,False,True,0
227457,G06005921,Medium,False,False,False,1
171257,G06003741,Low,True,True,False,0
153153,G06005924,Medium,False,False,False,0
22735,G06005926,Low,False,False,False,0
153084,G06005906,Medium,False,False,False,0
174859,G06003761,High,False,False,False,0
5517,G06003741,Low,False,False,False,0
24042,G06003762,High,True,True,False,0
227756,G06003764,Medium,False,False,True,0
5502,G06003778,High,False,False,False,0
24061,G06005924,Medium,False,False,False,0
165458,G06005924,Low,False,False,False,0
24256,G06005921,High,False,False,False,0
5342,G06003741,Medium,False,False,False,0
5281,G06003778,High,False,False,False,0
24314,G06005921,High,False,False,False,0
5413,G06003781,High,False,False,False,0
152733,G06005925,Medium,True,True,False,0
152323,G06005913,High,False,False,False,1
152403,G06005926,High,False,False,False,0
5621,G06005907,Low,False,False,False,0
23682,G06005913,High,False,False,False,0
220911,G06005909,Low,False,False,False,0
24037,G06005925,Medium,False,False,True,0
23774,G06003764,High,False,False,False,0
220878,G06005906,High,False,False,False,0
152457,G06003764,High,False,False,False,0
23997,G06005913,Low,False,False,False,0
165345,G06003778,High,False,False,False,0
9320,G06003778,High,False,False,False,0
160963,G06005907,High,False,False,False,0
12669,G06003782,Medium,False,False,False,0
158834,G06003758,Medium,False,False,False,0
15570,G06003778,Medium,False,False,False,0
218310,G06005907,Low,False,False,False,0
225205,G06003761,High,False,False,False,0
160823,G06003752,Medium,False,False,False,0
12847,G06005906,Low,False,False,False,0
223972,G06003758,Medium,True,True,False,0
160762,G06003778,High,False,False,False,0
12974,G06005907,Medium,False,False,False,0
12967,G06003741,Low,False,False,True,0
15250,G06005924,Low,False,False,False,0
172866,G06005921,High,False,False,False,0
15715,G06005909,Medium,False,False,False,0
225132,G06005907,Medium,False,False,False,0
158945,G06003741,High,False,False,False,0
12882,G06003778,Medium,False,False,False,0
15287,G06005909,High,False,False,False,0
225330,G06003758,High,False,False,False,0
172727,G06005908,Low,False,False,False,0
223813,G06005926,High,False,False,False,0
12006,G06005919,High,False,False,False,0
161266,G06005909,Medium,False,False,False,1
161297,G06003764,Low,True,True,False,0
161331,G06005919,High,False,False,False,0
11871,G06005924,High,True,True,False,0
223686,G06003758,High,False,False,False,0
161221,G06005921,Medium,False,False,False,0
161439,G06005927,Medium,False,False,False,0
223643,G06005913,Medium,False,False,True,0
161604,G06003757,Medium,True,True,False,0
11602,G06005908,Medium,False,False,False,0
158362,G06003778,Medium,False,False,False,0
173528,G06005921,Medium,False,False,False,0
173945,G06003762,High,False,False,False,0
223715,G06003778,High,False,False,False,0
225355,G06005913,Low,False,False,False,0
158691,G06003779,Medium,False,False,False,0
161067,G06003752,Medium,False,False,False,1
16088,G06003763,Low,False,False,False,0
173868,G06005906,Low,False,False,False,0
16354,G06005912,High,False,False,True,0
12358,G06005916,High,False,False,False,0
16150,G06003758,Medium,False,False,False,0
225405,G06003758,Medium,False,False,False,0
16206,G06005921,High,False,False,False,0
158478,G06005907,High,False,False,False,0
16276,G06005917,High,False,False,False,0
12066,G06005924,High,False,False,False,0
173914,G06005907,Low,False,False,False,0
13083,G06005926,High,False,False,True,0
225066,G06005917,Medium,False,False,False,0
13163,G06003757,Medium,False,False,False,0
224812,G06005919,Low,False,False,False,0
14280,G06003763,High,False,False,False,0
159870,G06003757,Low,False,False,False,0
14481,G06003757,Medium,False,False,False,0
224817,G06005921,Low,False,False,False,0
13682,G06003778,Medium,False,False,False,0
160144,G06005919,High,False,False,False,0
14550,G06003752,High,False,False,False,0
224831,G06003778,High,False,False,False,0
173279,G06005907,Medium,False,False,False,0
14603,G06003758,Low,False,False,False,0
14619,G06005926,Medium,False,False,True,0
13679,G06005917,Low,False,False,True,0
224832,G06003758,Medium,False,False,False,0
173027,G06003752,Medium,False,False,False,0
173153,G06005906,Medium,True,True,True,0
14130,G06003764,Low,False,False,True,1
224676,G06005908,Medium,False,False,False,0
224669,G06003758,High,False,False,False,0
160046,G06005927,Medium,False,False,False,0
160096,G06003741,Medium,False,False,False,0
14001,G06005919,Low,True,True,False,0
224775,G06005919,Medium,False,False,False,0
173078,G06005921,Low,False,False,False,0
14164,G06005919,Low,False,False,False,0
16568,G06005924,Medium,False,False,False,0
14664,G06005924,Medium,True,True,False,0
173432,G06003758,High,False,False,False,0
14911,G06003763,Medium,False,False,False,0
159206,G06003741,Low,False,False,False,0
15010,G06003758,Low,False,False,False,0
15043,G06005917,High,False,False,False,0
160596,G06003752,High,True,True,False,0
224274,G06005907,High,False,False,False,0
13187,G06005916,High,False,False,False,0
225032,G06005907,Medium,False,False,False,0
15125,G06003782,High,False,False,False,0
15094,G06003758,Low,False,False,False,0
159580,G06005906,High,False,False,False,0
160427,G06005924,Medium,False,False,False,0
14829,G06003757,Medium,False,False,True,0
13522,G06005907,Medium,False,False,True,0
14672,G06003753,Low,False,False,False,0
173369,G06003763,High,False,False,False,0
160233,G06003778,Medium,False,False,False,0
159496,G06005926,High,False,False,False,0
224459,G06003757,Medium,False,False,False,0
14849,G06003763,High,False,False,False,0
14736,G06003759,Medium,False,False,False,0
13364,G06003753,Low,False,False,False,0
13357,G06003782,Low,False,False,False,0
159399,G06005913,High,False,False,False,0
160403,G06005926,High,True,True,False,0
224427,G06003758,High,False,False,False,0
166856,G06005919,High,False,False,False,0
174596,G06005926,High,True,True,False,0
9917,G06005913,High,False,False,False,0
226117,G06005912,Medium,False,False,False,0
18661,G06003752,High,False,False,False,0
10050,G06005919,High,False,False,False,0
162792,G06003759,Low,False,False,False,0
222872,G06005920,High,True,True,False,0
156063,G06003758,Low,False,False,False,0
156195,G06003741,Medium,False,False,False,0
174502,G06005919,High,False,False,False,0
172171,G06005920,High,False,False,False,0
226051,G06003757,Medium,False,False,False,0
156240,G06005921,Medium,False,False,False,0
18476,G06005920,Low,False,False,False,0
156391,G06005917,Medium,False,False,True,0
174481,G06003778,High,False,False,False,0
162720,G06003752,Medium,False,False,False,0
225938,G06005927,High,False,False,False,0
172137,G06003763,High,False,False,False,0
156370,G06003764,Medium,False,False,False,0
162737,G06005919,High,False,False,False,0
225998,G06005907,High,False,False,False,0
10171,G06005913,High,False,False,True,0
10170,G06003764,High,False,False,False,0
162759,G06005921,Low,False,False,False,0
9826,G06005917,High,True,True,False,0
9793,G06005913,Medium,False,False,False,0
155506,G06003741,Medium,False,False,False,0
19165,G06005919,High,False,False,False,0
163066,G06005909,Low,True,True,False,0
19224,G06003759,Low,False,False,False,0
222530,G06005919,Medium,False,False,False,0
9421,G06005917,Medium,False,False,True,0
222509,G06005906,Low,False,False,False,0
163237,G06005921,High,False,False,True,0
19307,G06003764,Low,False,False,False,0
163239,G06005924,Medium,False,False,False,0
19332,G06005926,Low,False,False,True,0
225919,G06005925,Low,False,False,False,0
222603,G06003753,High,False,False,False,0
226280,G06005917,High,False,False,True,0
18751,G06005925,High,False,False,False,0
162865,G06005919,High,False,False,False,0
155791,G06005920,High,False,False,False,0
9581,G06005921,High,False,False,False,0
174622,G06005919,Medium,False,False,False,0
174704,G06005906,Medium,True,True,False,0
226187,G06005916,High,True,True,False,0
18972,G06003758,High,False,False,False,0
9527,G06005908,Low,False,False,False,0
222635,G06005907,Low,False,False,False,0
9525,G06005924,Medium,False,False,False,0
18962,G06003781,High,False,False,False,0
18282,G06003764,Medium,False,False,False,0
18233,G06005916,Medium,False,False,False,0
156551,G06005916,Medium,False,False,False,0
11162,G06003781,High,False,False,True,0
157471,G06005906,Medium,False,False,True,0
174115,G06003758,Medium,False,False,False,0
16986,G06005920,Low,False,False,False,0
162000,G06003764,Low,True,True,False,0
174103,G06005924,High,True,True,False,0
223417,G06005926,Medium,False,False,True,0
11031,G06003781,High,False,False,False,0
162088,G06003764,High,False,False,False,1
10966,G06005919,High,False,False,False,0
17168,G06005921,Medium,False,False,False,0
225722,G06003764,Medium,True,True,False,0
174133,G06005906,Medium,False,False,True,0
157124,G06003757,Medium,False,False,False,0
174073,G06005921,Low,False,False,False,0
11194,G06003763,High,False,False,False,0
161770,G06005920,Medium,False,False,False,0
11449,G06003763,High,False,False,True,0
11392,G06003782,Low,False,False,False,0
157854,G06005924,High,False,False,False,0
174044,G06003781,High,False,False,False,0
161899,G06003757,High,False,False,False,0
16580,G06005919,Medium,False,False,False,0
11246,G06005926,High,False,False,False,0
157520,G06003752,High,False,False,False,0
161906,G06005906,High,False,False,True,0
16685,G06005920,Medium,False,False,False,0
161924,G06005926,Medium,False,False,False,0
174064,G06005927,Low,False,False,False,0
225506,G06005907,High,False,False,False,0
161701,G06005924,High,False,False,False,0
10799,G06003764,Low,False,False,False,0
17941,G06005917,Low,False,False,True,0
10414,G06005912,Low,True,True,False,0
156616,G06005916,Low,False,False,False,0
156597,G06005908,Medium,False,False,False,0
172288,G06005913,Medium,False,False,False,0
18128,G06005909,High,True,True,False,0
18146,G06005916,Medium,False,False,False,0
172243,G06005919,Medium,False,False,False,0
10291,G06003758,High,False,False,False,0
18173,G06005907,High,False,False,True,0
156560,G06005919,Medium,False,False,True,0
162485,G06003763,Low,True,True,True,0
10344,G06003757,Medium,False,False,False,0
10879,G06003764,High,False,False,False,0
10486,G06003759,Medium,False,False,False,0
17756,G06005906,Medium,True,True,True,0
17378,G06003782,Low,False,False,False,0
17473,G06005924,High,False,False,False,0
17480,G06005921,High,False,False,False,0
157049,G06003757,High,False,False,False,0
162225,G06005913,High,False,False,False,1
156728,G06003778,Medium,False,False,False,0
225784,G06005917,Medium,False,False,False,0
225802,G06005921,Low,False,False,True,0
223218,G06005919,Medium,False,False,False,0
17601,G06003741,High,False,False,False,1
156891,G06003764,Medium,False,False,True,0
10531,G06005926,Low,False,False,True,0
162437,G06005908,Medium,True,True,False,0
228299,G06005925,Medium,False,False,False,0
173146,G06003752,Low,False,False,False,0
229009,G06005908,Medium,True,True,False,0
26527,G06003763,Medium,False,False,False,0
176790,G06005909,Medium,False,False,False,0
27761,G06005924,Medium,False,False,False,0
168145,G06003778,Medium,False,False,False,0
167358,G06003778,High,False,False,False,0
30656,G06005907,High,False,False,True,0
26643,G06003752,Medium,False,False,False,0
170329,G06005913,Medium,False,False,False,0
169007,G06003741,Low,False,False,False,0
149334,G06005906,Medium,False,False,False,0
149928,G06003752,High,True,True,True,0
150473,G06003759,Low,False,False,False,0
229864,G06005920,High,False,False,False,0
1221,G06005906,Medium,False,False,True,0
2105,G06005908,High,False,False,False,0
27455,G06003758,High,False,False,False,0
30418,G06005907,Medium,False,False,False,0
29474,G06003764,Medium,False,False,True,0
862,G06005921,Low,False,False,False,0
30652,G06005927,High,True,True,True,0
550,G06005921,High,True,True,False,0
548,G06003741,Low,False,False,False,0
148673,G06005908,High,True,True,True,0
2963,G06005907,High,True,True,False,0
168166,G06003758,Low,True,True,False,0
150440,G06005921,Medium,True,True,True,0
170057,G06005927,High,True,True,True,0
177577,G06003753,High,False,False,False,0
167625,G06005926,High,False,False,False,0
27506,G06003752,Medium,False,False,False,0
151030,G06005919,Medium,False,False,False,0
30693,G06003778,Low,False,False,False,0
167263,G06005908,Low,False,False,False,0
229359,G06003752,High,False,False,False,0
1405,G06003779,Medium,False,False,False,0
218577,G06005907,Low,False,False,False,0
27280,G06003759,Medium,False,False,False,0
2046,G06003758,Low,True,True,False,0
168718,G06005916,Medium,False,False,False,0
219453,G06005908,Medium,False,False,False,1
177165,G06005920,Medium,False,False,False,0
28489,G06005925,High,False,False,False,0
148639,G06005907,High,False,False,False,0
167334,G06003753,High,False,False,False,0
28365,G06005906,Low,True,True,False,0
150955,G06005924,High,False,False,False,0
2083,G06005907,Low,False,False,False,0
26389,G06005926,High,False,False,False,1
30394,G06003782,High,False,False,False,0
27744,G06005906,Medium,False,False,False,0
28485,G06003752,High,True,True,False,0
229457,G06003763,High,False,False,False,0
170114,G06005925,Low,False,False,False,0
168176,G06005916,Low,False,False,False,0
1368,G06003741,Medium,False,False,False,0
169292,G06005924,High,False,False,False,0
168980,G06005920,High,True,True,False,0
148729,G06005924,Medium,False,False,False,0
655,G06003778,High,False,False,False,0
30526,G06005906,Low,False,False,True,0
229937,G06005917,High,False,False,True,0
30452,G06005908,High,False,False,False,0
669,G06005913,High,False,False,False,0
2166,G06003758,Medium,False,False,False,0
148975,G06005906,Low,False,False,False,0
177255,G06003763,Medium,False,False,False,0
148796,G06003763,Medium,False,False,False,0
177464,G06003758,Low,False,False,False,0
2187,G06003764,High,False,False,True,0
3157,G06005909,Low,False,False,False,0
150659,G06003753,High,False,False,False,0
3002,G06005919,Medium,True,True,False,0
3161,G06003764,Medium,False,False,False,0
229974,G06005907,Medium,False,False,False,0
3191,G06005909,High,False,False,False,0
689,G06003752,Medium,False,False,False,0
219607,G06003782,High,False,False,False,0
150072,G06005921,Medium,False,False,False,0
229566,G06005906,High,False,False,False,0
30529,G06003752,Medium,False,False,False,0
229614,G06003741,Low,False,False,False,0
229070,G06005912,High,False,False,False,0
149144,G06003752,Low,False,False,True,0
229697,G06003741,Medium,False,False,False,0
168050,G06003758,Low,False,False,True,0
218708,G06003753,High,False,False,False,0
30627,G06005907,High,True,True,False,0
28136,G06003759,Low,False,False,False,0
167746,G06005906,High,False,False,False,0
29484,G06003781,High,False,False,True,0
167378,G06003778,Medium,False,False,False,0
26866,G06005917,High,False,False,False,0
228560,G06003778,Low,False,False,False,0
1285,G06003741,High,False,False,False,0
451,G06003764,Medium,False,False,False,0
177207,G06005927,High,False,False,False,0
219748,G06005907,High,True,True,False,0
29533,G06005921,High,False,False,True,1
230092,G06003759,Medium,False,False,False,0
29763,G06005919,High,False,False,False,0
150745,G06003741,Low,False,False,False,0
30431,G06005924,Medium,False,False,False,0
167577,G06005920,High,False,False,True,1
30541,G06003752,High,False,False,False,0
176934,G06005919,Low,True,True,False,0
641,G06005907,High,False,False,False,0
27514,G06005906,Medium,False,False,False,0
27269,G06003752,Low,True,True,False,0
228901,G06005921,Low,False,False,False,0
202,G06005907,High,True,True,False,0
1796,G06005925,Low,False,False,False,0
148844,G06005907,Low,False,False,False,0
1518,G06005906,Medium,False,False,False,0
150328,G06003759,High,False,False,False,0
169187,G06003757,Low,False,False,False,0
176824,G06003758,Medium,False,False,False,0
177105,G06005921,High,True,True,True,0
26078,G06005921,High,False,False,False,0
166986,G06003781,Medium,False,False,False,1
168345,G06005927,High,False,False,False,1
177086,G06005909,High,False,False,False,0
30943,G06003778,Low,False,False,False,0
177067,G06005927,High,False,False,False,1
170247,G06003764,Medium,True,True,True,0
229886,G06003758,High,False,False,True,0
27635,G06005924,High,False,False,False,0
28810,G06003778,High,False,False,False,0
218426,G06003741,Medium,False,False,False,0
3679,G06003757,Low,False,False,False,0
148495,G06005906,Medium,False,False,True,0
228976,G06005907,Low,False,False,True,0
31279,G06005907,Medium,True,True,False,0
30981,G06005919,Medium,False,False,False,0
1133,G06003757,Medium,False,False,False,0
151415,G06005906,Medium,False,False,False,0
168441,G06003752,High,False,False,False,0
3906,G06005907,Medium,False,False,False,0
149506,G06003752,Medium,False,False,False,0
169143,G06005906,High,False,False,False,0
985,G06005907,Low,False,False,False,0
166941,G06003764,Low,False,False,False,0
31014,G06003752,Low,False,False,False,0
151266,G06003759,Medium,False,False,False,0
1755,G06005909,Medium,False,False,False,0
1756,G06003752,High,False,False,False,0
228310,G06003757,Medium,False,False,False,0
28808,G06003782,Medium,False,False,False,0
148457,G06005921,Medium,False,False,False,0
177625,G06003764,High,False,False,False,1
229413,G06005924,High,False,False,False,0
31270,G06003752,High,True,True,False,0
166947,G06003781,Low,False,False,False,0
3786,G06003763,Medium,False,False,False,0
1657,G06005909,High,False,False,False,0
168577,G06005920,Low,False,False,False,0
1169,G06003758,Medium,False,False,False,0
3956,G06003779,Medium,False,False,False,0
1505,G06005919,High,False,False,False,0
167131,G06005906,Low,False,False,False,1
148529,G06005907,High,False,False,False,0
169720,G06005913,High,False,False,False,0
150405,G06005906,High,False,False,False,0
30697,G06005913,Low,False,False,False,0
2330,G06003781,Medium,False,False,False,0
218493,G06003778,Low,True,True,False,0
167786,G06005917,High,False,False,False,0
167208,G06005916,High,False,False,False,0
168308,G06005920,Medium,False,False,False,0
55,G06003764,High,False,False,False,0
1865,G06005920,Low,False,False,False,0
27530,G06005919,Medium,True,True,False,0
3474,G06003763,High,False,False,False,0
168642,G06003763,Low,False,False,False,0
219185,G06005921,High,False,False,False,0
219474,G06005924,High,False,False,False,1
26236,G06003764,High,False,False,False,0
177018,G06003763,High,False,False,True,0
30057,G06003779,Medium,False,False,False,0
168528,G06005906,High,False,False,False,0
30350,G06005924,High,False,False,False,0
219888,G06003741,Medium,False,False,False,0
218528,G06003752,High,False,False,False,0
168233,G06005906,High,False,False,False,0
177150,G06003782,High,False,False,False,1
170521,G06005924,Low,False,False,False,0
177666,G06005907,High,False,False,True,0
177385,G06003763,Low,False,False,False,0
219911,G06003759,Low,False,False,False,1
28649,G06005912,Low,False,False,True,0
29259,G06005908,High,False,False,False,0
73,G06005921,High,False,False,True,0
26083,G06003757,Low,True,True,False,0
30205,G06003759,High,False,False,False,0
149399,G06003782,High,False,False,False,0
167766,G06005916,Medium,False,False,False,0
151209,G06005921,Medium,False,False,False,0
1182,G06005924,High,False,False,False,0
148826,G06005917,Medium,False,False,True,0
2464,G06003781,Low,True,True,False,0
177588,G06005924,Medium,False,False,False,0
316692,G06003709,High,False,False,False,0
114834,G06003711,High,False,False,False,0
327119,G06003714,Low,True,True,True,0
410074,G06003740,High,False,False,False,0
114799,G06007112,High,False,False,False,0
410539,G06003718,High,True,True,False,0
169023,G06003713,Medium,True,True,False,0
410082,G06003738,Medium,False,False,False,0
316963,G06003771,High,False,False,False,0
389806,G06003718,High,False,False,False,0
162281,G06003771,Low,False,False,False,0
327202,G06003740,High,False,False,False,0
410097,G06003740,Medium,False,False,True,0
390321,G06003718,Medium,True,True,False,0
327567,G06003711,Low,False,False,False,0
327555,G06003710,High,False,False,False,0
162098,G06003710,Medium,False,False,True,0
115262,G06003709,Medium,False,False,False,0
115130,G06003715,Medium,False,False,False,0
327538,G06003737,Medium,False,False,False,0
390033,G06003718,Medium,True,True,False,1
327513,G06011107,Medium,True,True,False,0
115320,G06003774,Low,False,False,False,0
114902,G06003717,Low,False,False,False,0
99818,G06003710,Medium,False,False,False,0
390535,G06011102,High,True,True,True,0
390491,G06003710,Low,False,False,False,0
115458,G06011102,Low,False,False,True,0
114963,G06003743,Low,False,False,False,0
390423,G06003714,High,False,False,False,0
390365,G06011102,High,False,False,False,0
389902,G06003717,High,False,False,False,0
389911,G06003739,High,False,False,False,0
168935,G06003714,Low,False,False,False,0
389918,G06003713,High,False,False,True,0
326884,G06011102,High,True,True,False,0
326412,G06003737,Low,False,False,False,0
113746,G06003715,High,False,False,False,0
392218,G06003740,High,False,False,False,0
326410,G06003771,High,False,False,False,0
392322,G06003736,High,False,False,False,0
113608,G06003771,Medium,False,False,True,0
392267,G06003714,High,False,False,False,0
392406,G06003743,Low,False,False,False,0
326519,G06003754,High,False,False,False,0
317243,G06003739,High,False,False,True,0
100769,G06011108,Low,False,False,True,0
391842,G06003712,Low,False,False,False,0
168681,G06003718,Low,False,False,False,0
162793,G06011108,High,False,False,False,0
391942,G06003718,Medium,True,True,False,0
391949,G06003736,High,True,True,True,0
113593,G06003771,Medium,False,False,False,0
317400,G06003771,Low,False,False,False,0
168556,G06003711,Low,False,False,False,0
392898,G06003771,Medium,False,False,False,0
113095,G06003712,High,False,False,False,0
409087,G06003718,Low,False,False,True,0
393055,G06011109,Medium,True,True,False,0
326162,G06003713,High,True,True,False,0
113069,G06011102,High,False,False,True,0
393213,G06003718,High,False,False,False,0
163035,G06003772,High,False,False,False,0
409063,G06003714,High,True,True,False,0
162938,G06003774,High,False,False,False,0
162995,G06003738,High,False,False,False,1
317343,G06003713,Low,False,False,False,0
392615,G06003710,Low,True,True,False,0
100153,G06003718,High,False,False,False,0
100162,G06003772,High,False,False,False,0
409810,G06003737,High,True,True,False,0
168874,G06003740,Low,False,False,False,0
162482,G06003736,High,False,False,False,0
100290,G06003737,Low,False,False,False,0
114775,G06003712,Medium,True,True,False,0
326878,G06003772,Medium,False,False,False,0
114746,G06003718,Medium,False,False,False,0
114668,G06003754,High,False,False,False,0
168891,G06003736,High,False,False,False,0
316968,G06011102,High,False,False,False,0
390955,G06003771,Medium,False,False,False,0
100062,G06003739,High,True,True,False,0
168694,G06003709,High,False,False,False,0
100302,G06011102,High,False,False,False,0
317168,G06003717,Medium,False,False,True,0
317183,G06003715,High,False,False,False,0
100629,G06003739,High,False,False,False,0
114150,G06003740,Low,False,False,False,0
100631,G06003754,High,False,False,False,0
162782,G06003716,High,False,False,True,0
391704,G06003712,Low,False,False,False,0
114115,G06003754,Medium,False,False,False,0
114452,G06003709,Medium,False,False,False,0
317124,G06003711,High,False,False,False,0
326758,G06003743,High,False,False,False,0
114384,G06003738,Medium,True,True,False,0
114310,G06003737,Low,False,False,False,0
114275,G06003718,Medium,False,False,False,0
162583,G06003737,Medium,False,False,False,0
391463,G06011102,High,False,False,False,0
114240,G06003715,Medium,False,False,True,0
100394,G06003717,High,False,False,False,0
409447,G06003710,Low,False,False,False,0
391517,G06003739,Low,False,False,False,0
115625,G06003754,High,False,False,False,0
160390,G06003717,High,False,False,False,0
412215,G06003754,High,False,False,False,0
329678,G06003772,High,False,False,False,0
316035,G06003710,High,False,False,False,0
385952,G06003738,Medium,False,False,False,0
98232,G06011109,High,False,False,False,1
412122,G06003710,High,False,False,False,0
98150,G06003712,Medium,False,False,False,0
329804,G06003710,High,True,True,False,0
385453,G06003711,High,False,False,False,0
412259,G06003713,High,True,True,True,0
385495,G06003717,High,False,False,True,1
385632,G06003711,High,True,True,True,0
98158,G06003712,High,False,False,False,0
160261,G06003710,High,False,False,False,0
329580,G06003739,High,True,True,False,0
160598,G06003774,Low,False,False,False,0
386342,G06011109,High,False,False,False,0
411947,G06003743,Low,False,False,False,0
386352,G06003771,High,True,True,False,0
386362,G06003714,Medium,True,True,False,0
117741,G06003711,Low,False,False,False,0
386397,G06003711,Medium,False,False,False,0
329516,G06003737,Medium,False,False,False,0
118085,G06003717,Medium,False,False,False,0
329467,G06011108,High,True,True,False,0
329452,G06003710,High,False,False,False,0
169509,G06003713,High,False,False,False,0
412112,G06011107,High,False,False,False,0
329445,G06003754,Low,False,False,False,0
118050,G06003743,Medium,False,False,False,0
386115,G06003710,High,False,False,False,0
160619,G06003771,Low,False,False,False,0
118570,G06011102,High,True,True,False,0
118622,G06011107,High,False,False,False,0
384575,G06011108,Low,False,False,False,0
412751,G06003754,Medium,False,False,False,0
160139,G06003740,High,True,True,False,0
119039,G06011108,Medium,False,False,False,1
384774,G06003718,Medium,False,False,True,0
160134,G06003712,Low,False,False,False,0
384332,G06003743,High,False,False,False,0
384385,G06003710,High,False,False,False,0
384387,G06011107,Low,False,False,False,0
412862,G06003736,Low,False,False,True,0
160118,G06003714,Medium,True,True,False,0
169542,G06003737,High,False,False,False,0
384823,G06003718,Medium,False,False,False,0
412458,G06003718,High,False,False,False,0
315869,G06003718,Medium,False,False,False,0
412334,G06003738,Medium,False,False,False,0
160211,G06003715,High,False,False,False,0
329945,G06003771,High,False,False,True,0
385226,G06003743,Medium,False,False,False,0
385310,G06003740,High,False,False,False,0
385329,G06003718,Medium,False,False,True,0
385351,G06003754,High,False,False,False,0
412276,G06003712,High,False,False,False,0
329824,G06003771,Medium,False,False,False,0
385116,G06003710,High,False,False,False,0
412558,G06003754,Low,False,False,False,0
330012,G06003739,High,False,False,False,1
384855,G06003711,Medium,False,False,False,0
118947,G06003739,High,False,False,False,0
384954,G06003739,Low,False,False,False,0
329991,G06003754,High,False,False,False,0
384971,G06003716,Medium,False,False,False,0
412639,G06003736,High,False,False,False,0
97926,G06003743,High,False,False,False,0
117630,G06003715,Medium,False,False,False,0
116275,G06003714,Low,True,True,True,0
116257,G06003738,High,False,False,True,0
116255,G06011102,High,False,False,False,0
116222,G06003740,Medium,False,False,False,0
161460,G06011109,Low,False,False,False,0
116715,G06003710,High,False,False,False,1
328527,G06003718,Low,False,False,False,0
388104,G06003710,High,False,False,False,0
316503,G06003711,High,False,False,False,0
388131,G06003718,High,False,False,True,0
161193,G06003712,High,False,False,False,0
161235,G06003740,Medium,False,False,False,1
388133,G06003711,High,False,False,False,0
388806,G06003774,Low,False,False,False,0
116128,G06003710,Low,False,False,False,0
115828,G06003710,Low,False,False,False,0
99546,G06003715,High,False,False,False,0
115680,G06003774,High,False,False,False,0
115639,G06011108,Low,False,False,False,0
389677,G06003740,High,False,False,True,0
161794,G06003771,Medium,True,True,False,0
389288,G06003718,Medium,False,False,False,0
388818,G06003714,Medium,False,False,True,0
410816,G06003740,High,False,False,False,0
328120,G06003754,Medium,False,False,False,0
389076,G06003711,High,True,True,False,0
328002,G06003711,High,False,False,False,0
115956,G06003715,Low,False,False,False,0
161765,G06003743,Medium,False,False,False,0
115899,G06003737,High,False,False,False,0
116764,G06003739,High,False,False,False,0
98834,G06003739,Medium,False,False,True,0
117442,G06003774,High,False,False,False,0
387009,G06003710,Low,False,False,True,0
117354,G06003712,Medium,False,False,False,0
329132,G06003771,Low,False,False,False,0
387145,G06003716,Medium,False,False,False,0
169386,G06011107,Medium,False,False,False,0
117337,G06003711,Low,False,False,False,0
316252,G06011107,High,False,False,False,0
98599,G06003713,Medium,False,False,False,0
329279,G06003718,Medium,False,False,False,0
386554,G06003754,Medium,False,False,False,0
386582,G06003743,High,False,False,False,0
411778,G06003740,High,False,False,False,0
411695,G06003712,High,False,False,False,0
411617,G06003709,Medium,False,False,False,0
160751,G06003712,High,False,False,False,0
411295,G06003712,Medium,True,True,False,0
160904,G06003712,Medium,False,False,True,0
329035,G06003717,Low,False,False,False,0
116894,G06003774,High,False,False,False,0
116884,G06011107,High,False,False,False,0
387750,G06011102,Low,False,False,False,0
411199,G06003710,High,False,False,False,0
328660,G06003717,Medium,False,False,False,0
116958,G06003754,Medium,False,False,False,0
316444,G06003771,High,False,False,False,0
116765,G06003709,High,False,False,True,0
316470,G06003771,High,False,False,False,0
161088,G06003774,Low,True,True,False,0
161092,G06003711,High,False,False,True,0
389715,G06003710,High,False,False,False,0
387581,G06003739,High,False,False,False,0
328896,G06003737,Medium,False,False,True,1
387297,G06003740,Medium,False,False,True,0
387381,G06003714,Medium,False,False,False,0
160992,G06003736,Low,False,False,False,0
161022,G06003717,Medium,False,False,False,0
328809,G06003711,Medium,False,False,False,0
328872,G06003711,High,False,False,False,0
393243,G06003771,High,False,False,False,0
408766,G06003711,High,True,True,False,0
326105,G06011107,Low,False,False,False,0
400505,G06003712,High,False,False,False,0
319182,G06003718,Low,False,False,False,0
107644,G06003714,High,True,True,True,0
400607,G06003740,High,False,False,False,0
107611,G06003774,High,False,False,False,0
167440,G06003738,Low,False,False,False,0
165430,G06003712,High,False,False,False,0
103462,G06003771,High,False,False,False,0
165442,G06003771,High,False,False,False,0
167390,G06003743,High,False,False,False,0
400366,G06003712,High,False,False,False,0
319152,G06003717,Medium,False,False,True,0
400054,G06003739,High,False,False,False,0
400115,G06003716,Low,True,True,False,0
400138,G06003717,High,False,False,False,0
322584,G06003739,Medium,False,False,False,0
400275,G06003738,Low,False,False,False,0
400729,G06003772,Low,False,False,True,1
319345,G06003710,Low,False,False,False,0
401234,G06003739,Low,True,True,False,0
405650,G06003709,Low,False,False,False,0
322153,G06003739,High,False,False,True,0
401399,G06003743,Low,False,False,False,0
400736,G06003754,High,True,True,True,0
400743,G06003743,Low,False,False,False,0
405673,G06003717,High,False,False,False,0
400908,G06011109,Low,False,False,False,0
107080,G06011102,Low,True,True,True,0
405630,G06003717,Low,False,False,False,0
319057,G06003718,High,False,False,False,0
399993,G06003743,High,False,False,False,0
406383,G06003743,High,False,False,False,0
108669,G06003717,Low,False,False,False,0
399193,G06003754,Medium,False,False,False,0
399206,G06003771,Medium,False,False,False,0
108575,G06003710,High,False,False,False,0
399265,G06003717,Medium,False,False,False,0
165113,G06003717,High,False,False,True,0
399271,G06003709,High,False,False,False,0
103076,G06003754,Medium,False,False,False,0
108497,G06003771,Medium,False,False,True,0
399325,G06003771,High,False,False,True,0
399129,G06003711,Low,False,False,False,0
398630,G06003713,High,False,False,True,0
102910,G06003709,Low,False,False,False,0
167605,G06011108,High,False,False,False,0
318907,G06011102,Medium,False,False,False,1
398838,G06003736,Medium,True,True,True,0
102949,G06011107,Low,False,False,False,0
406482,G06003736,Low,False,False,False,0
323143,G06003740,High,False,False,False,0
165281,G06003771,Medium,False,False,True,0
103094,G06003739,Low,False,False,False,0
108468,G06003711,High,True,True,False,0
165226,G06003771,Medium,False,False,False,0
318982,G06003711,Low,False,False,True,0
322747,G06003754,Low,False,False,False,0
322725,G06003711,High,True,True,False,0
322893,G06003716,High,False,False,False,0
108127,G06003717,Medium,False,False,True,0
399896,G06003717,High,False,False,True,0
322710,G06003771,Medium,False,False,False,0
405837,G06003711,Low,False,False,False,0
165131,G06003716,Medium,False,False,False,1
399703,G06003709,Medium,False,False,False,0
108264,G06011107,Medium,False,False,False,0
406071,G06003718,High,True,True,False,0
318955,G06003718,Medium,False,False,False,0
108436,G06003718,High,True,True,False,0
399431,G06003717,Medium,True,True,True,0
399500,G06003709,High,False,False,False,0
108327,G06003739,High,False,False,False,0
108267,G06003737,High,False,False,False,0
323444,G06003714,Medium,False,False,False,0
320911,G06003737,Low,False,False,True,0
167107,G06003771,High,True,True,False,1
320796,G06003717,High,False,False,False,0
104897,G06003740,Medium,True,True,False,0
104876,G06003715,Medium,False,False,True,0
320731,G06003739,Medium,False,False,False,0
403913,G06003710,High,False,False,False,1
166494,G06003739,Medium,False,False,False,0
403623,G06003709,High,False,False,False,0
319711,G06003740,High,False,False,False,0
105351,G06003717,Low,False,False,False,0
403299,G06003774,Medium,False,False,True,0
403442,G06011107,Low,False,False,False,0
319760,G06003717,High,False,False,False,0
403525,G06011102,High,True,True,False,0
403612,G06011102,Low,False,False,False,0
403614,G06003738,High,False,False,False,0
104659,G06011107,High,False,False,True,0
104325,G06003736,High,False,False,False,0
166746,G06003718,High,False,False,False,0
404424,G06011108,Low,False,False,False,0
104178,G06003739,High,False,False,False,0
104177,G06003709,Low,False,False,True,0
320136,G06003771,Medium,False,False,False,0
404709,G06011102,Low,False,False,False,0
404705,G06003712,Medium,False,False,False,0
404083,G06003718,Low,False,False,False,0
320590,G06011108,High,False,False,False,0
404180,G06003718,High,False,False,False,0
404225,G06003754,Medium,True,True,True,1
404246,G06003717,Medium,False,False,True,0
320128,G06003739,Low,False,False,False,0
404649,G06003716,High,False,False,True,0
104401,G06003738,High,False,False,False,0
104028,G06011102,Medium,False,False,False,0
104501,G06003717,Medium,False,False,False,0
402121,G06003737,High,False,False,False,0
167310,G06003712,High,False,False,False,0
402230,G06011102,Low,False,False,False,0
167297,G06011107,Medium,False,False,False,0
321800,G06003771,High,False,False,False,0
402493,G06011108,Medium,False,False,True,1
402305,G06003715,High,False,False,True,0
402556,G06003739,High,True,True,False,0
322095,G06003718,High,False,False,True,0
322044,G06003771,Medium,False,False,False,0
401665,G06003714,High,False,False,False,0
401782,G06003736,High,False,False,False,0
106555,G06003743,High,False,False,False,0
321878,G06003712,Low,False,False,False,0
401930,G06003772,Low,False,False,False,0
321951,G06003718,Medium,False,False,False,0
106539,G06011102,High,False,False,False,0
319561,G06003716,High,False,False,False,0
105507,G06011102,Low,False,False,False,0
167196,G06003713,Medium,False,False,False,0
405130,G06003736,Low,False,False,False,0
403150,G06003718,Low,False,False,False,0
321323,G06003771,Low,False,False,False,0
405137,G06003754,Low,True,True,True,0
403192,G06003709,Low,False,False,False,0
405053,G06003717,Low,False,False,False,0
321316,G06003754,High,False,False,False,0
403215,G06003709,Medium,False,False,False,0
166129,G06003712,High,False,False,True,0
105952,G06011107,Medium,False,False,False,0
105523,G06003771,Medium,False,False,False,0
403029,G06003709,High,True,True,False,0
105910,G06003709,Low,False,False,False,0
103822,G06011107,High,True,True,False,1
319579,G06003712,Low,False,False,False,0
165934,G06003717,High,False,False,True,0
405185,G06003716,High,False,False,False,1
405224,G06011108,High,True,True,True,0
321534,G06003736,High,True,True,False,0
105665,G06003739,Low,False,False,False,1
105807,G06003714,Medium,False,False,False,0
393246,G06003739,High,False,False,False,0
398617,G06011107,High,False,False,False,0
395269,G06003718,Low,False,False,False,0
101656,G06003739,High,False,False,False,0
325476,G06003739,Medium,True,True,True,0
101664,G06007112,High,False,False,False,0
111711,G06011107,Medium,False,False,False,0
395251,G06003737,High,False,False,False,0
395329,G06003718,Low,False,False,False,0
111637,G06003737,High,False,False,False,0
395463,G06011108,High,False,False,False,0
408206,G06003737,High,False,False,False,0
101647,G06003737,Medium,False,False,False,0
325566,G06003714,Medium,True,True,True,0
394840,G06003713,Low,True,True,False,0
163734,G06003737,High,False,False,False,0
394873,G06003771,Low,False,False,False,0
168179,G06011102,Low,False,False,False,0
111818,G06003711,Low,False,False,True,0
394942,G06003743,Medium,True,True,False,0
395004,G06003711,High,False,False,False,1
395030,G06011108,High,False,False,False,0
111834,G06003771,Low,False,False,False,0
395623,G06003743,Low,False,False,False,0
111202,G06003712,Low,False,False,False,0
408066,G06003736,Medium,False,False,False,0
324932,G06003713,High,False,False,False,0
324910,G06003711,Medium,False,False,False,0
408022,G06003771,High,False,False,True,0
407966,G06003711,Low,False,False,True,0
111480,G06003754,Medium,False,False,False,0
101803,G06003717,Medium,False,False,True,0
168115,G06011102,High,True,True,True,0
408168,G06003718,Medium,False,False,False,0
325292,G06003715,High,False,False,False,0
325119,G06003740,High,True,True,True,0
101357,G06003740,Medium,False,False,False,0
168386,G06011102,Low,False,False,False,0
325980,G06003737,High,False,False,False,0
393779,G06003709,High,False,False,True,0
393961,G06003713,Low,False,False,False,0
112579,G06003754,High,False,False,False,0
394037,G06003771,Medium,False,False,False,0
325900,G06003711,Low,False,False,False,0
112501,G06003711,High,False,False,False,0
393721,G06011102,High,True,True,False,0
409045,G06003740,High,False,False,False,0
409042,G06003739,Low,False,False,False,1
393302,G06003709,High,False,False,True,0
112962,G06003736,Low,False,False,False,0
112799,G06003714,High,False,False,True,0
112713,G06011108,Medium,False,False,False,0
317504,G06003754,High,False,False,False,0
101193,G06003738,High,True,True,False,0
163556,G06003713,High,False,False,False,0
408726,G06003712,Low,False,False,False,0
317784,G06003754,High,False,False,False,0
394558,G06003739,Low,False,False,False,0
112188,G06003738,Low,False,False,False,0
112180,G06003711,Medium,False,False,False,0
112143,G06003739,Low,False,False,False,0
394685,G06003717,High,False,False,False,0
325767,G06011107,Low,False,False,False,0
112279,G06011107,Low,False,False,False,0
394551,G06011102,High,True,True,False,0
325837,G06011107,Low,False,False,True,0
394432,G06003709,High,True,True,False,0
112249,G06003771,High,False,False,False,0
163307,G06003737,Low,False,False,False,0
109100,G06003718,High,False,False,False,0
111043,G06003736,High,False,False,False,0
109703,G06003736,High,False,False,False,0
407124,G06011107,Low,False,False,True,0
164661,G06003774,High,True,True,False,0
318620,G06003771,High,False,False,False,0
102482,G06003736,High,False,False,True,0
398060,G06003737,Low,False,False,False,0
318632,G06003711,High,False,False,False,0
398088,G06003738,High,False,False,False,1
323924,G06003715,High,True,True,False,0
109589,G06003740,High,False,False,False,0
398154,G06003736,Low,False,False,False,0
407255,G06003718,Low,False,False,False,0
102405,G06011108,High,True,True,False,0
164579,G06003713,Medium,False,False,False,0
397633,G06003711,High,False,False,False,0
109930,G06003738,Low,False,False,False,0
109751,G06003771,High,False,False,False,1
397679,G06003738,Medium,True,True,False,0
109861,G06003771,High,False,False,True,0
109831,G06003739,Low,False,False,False,0
110050,G06003717,Low,False,False,False,0
406925,G06003743,Medium,False,False,False,0
398415,G06003740,Low,False,False,False,0
109139,G06003739,High,False,False,False,0
398476,G06003709,High,False,False,True,0
398507,G06003715,Medium,True,True,False,0
398525,G06003740,High,False,False,False,0
398590,G06003743,Low,False,False,False,0
102899,G06003709,High,True,True,True,0
109131,G06003736,Medium,True,True,False,0
406776,G06003718,High,False,False,False,0
109417,G06011102,High,False,False,False,0
109359,G06003740,High,False,False,False,0
398236,G06003717,High,False,False,False,0
323744,G06003738,High,False,False,False,0
398340,G06003743,High,False,False,False,1
323661,G06011102,Low,False,False,False,0
167649,G06003711,Low,True,True,False,0
109167,G06011102,High,False,False,False,0
330434,G06003718,High,False,False,True,0
110962,G06003718,Medium,False,False,True,0
396578,G06003740,Medium,False,False,False,0
164226,G06011107,High,False,False,True,1
167900,G06003710,High,False,False,False,0
324642,G06003754,Medium,True,True,False,0
396757,G06003738,Low,False,False,False,0
164220,G06003739,High,True,True,False,0
110647,G06003709,High,False,False,False,0
407876,G06003774,High,True,True,True,0
396334,G06003743,High,False,False,False,0
324823,G06011108,Medium,False,False,False,0
396379,G06003717,High,False,False,False,0
396401,G06003716,Low,True,True,False,0
396410,G06003709,Medium,False,False,False,0
110686,G06003739,High,False,False,False,0
396480,G06003711,High,False,False,False,0
164269,G06003717,Low,False,False,False,0
164455,G06003737,Low,False,False,False,0
397197,G06003772,Low,False,False,False,0
397217,G06003737,Medium,False,False,False,0
324202,G06003712,Low,False,False,False,0
397414,G06003714,Low,False,False,False,0
397244,G06003715,High,False,False,False,0
164298,G06003714,Low,False,False,False,0
324496,G06003714,Low,False,False,False,0
318355,G06003712,Medium,False,False,False,0
324477,G06003736,Medium,False,False,False,0
407600,G06003771,Low,True,True,False,0
324362,G06003715,High,True,True,False,0
407567,G06003771,Low,False,False,True,0
358867,G06003738,High,False,False,False,0
341610,G06011102,High,True,True,False,0
138380,G06003709,High,False,False,True,0
359070,G06003738,High,False,False,False,0
359140,G06003718,Medium,False,False,False,0
138308,G06003713,Low,False,False,False,0
341731,G06003754,High,False,False,False,0
138548,G06003715,High,False,False,False,0
341751,G06003739,High,False,False,False,0
342006,G06003771,High,False,False,True,0
358328,G06003712,High,False,False,False,0
358474,G06003713,High,False,False,False,0
358576,G06003716,High,False,False,True,0
358581,G06003738,Low,False,False,False,0
151719,G06003774,Low,False,False,False,0
138674,G06003711,Low,False,False,False,0
358615,G06003717,Medium,True,True,False,0
358550,G06011108,Low,True,True,False,0
138249,G06003737,Low,False,False,False,0
341315,G06003710,Medium,False,False,False,0
137735,G06003711,Medium,False,False,False,0
137547,G06011107,Medium,False,False,False,0
360116,G06003715,High,False,False,False,0
137410,G06003717,Medium,False,False,True,0
359860,G06003736,Medium,False,False,False,0
360533,G06003718,Medium,False,False,False,0
360545,G06003713,Medium,False,False,False,0
360592,G06003715,Medium,True,True,True,0
137193,G06003712,Medium,False,False,False,1
360712,G06003709,Low,False,False,False,0
341199,G06003713,Medium,True,True,False,0
342085,G06003737,High,False,False,False,0
138199,G06003774,Medium,False,False,False,0
138092,G06003710,High,False,False,False,0
359504,G06003771,Medium,False,False,False,0
359585,G06003715,High,True,True,False,0
341454,G06003754,High,False,False,False,0
138026,G06003743,Low,False,False,False,0
359518,G06003772,Medium,False,False,True,0
138959,G06003739,High,True,True,False,0
358228,G06003713,High,False,False,False,0
356534,G06003740,Low,False,False,False,0
356641,G06003714,High,False,False,False,0
342522,G06003716,Medium,False,False,False,0
140190,G06003774,High,False,False,False,0
356819,G06003774,High,False,False,False,0
342351,G06003718,Medium,False,False,False,0
356844,G06003740,High,False,False,False,0
140667,G06003736,High,False,False,False,0
356067,G06011109,Medium,False,False,True,0
342674,G06003739,Medium,False,False,False,0
356100,G06003717,High,False,False,True,0
356430,G06003743,Medium,False,False,False,0
151098,G06003709,Medium,True,True,False,0
140507,G06003717,Low,False,False,False,0
151054,G06011108,High,True,True,False,0
342342,G06003714,High,False,False,False,0
342118,G06003710,Low,False,False,True,0
357885,G06003714,High,False,False,False,0
342135,G06003772,Medium,False,False,False,0
139144,G06003715,Low,False,False,False,0
358063,G06003710,Low,False,False,False,0
358178,G06003739,High,False,False,False,0
358197,G06003736,High,False,False,False,0
139954,G06003771,High,False,False,False,0
357087,G06011108,High,False,False,False,0
357104,G06003771,High,True,True,False,0
342187,G06003717,Medium,False,False,False,0
357218,G06003716,High,False,False,False,0
357746,G06003715,Low,False,False,False,0
357220,G06011107,Medium,False,False,False,0
139505,G06003736,Low,False,False,False,0
355908,G06003716,High,True,True,False,1
363970,G06003771,Low,False,False,False,0
134815,G06003711,Medium,False,False,False,0
339487,G06003713,High,True,True,True,0
134656,G06003743,Medium,True,True,False,0
134614,G06003718,High,False,False,False,0
153089,G06003710,High,False,False,False,0
134605,G06003718,Medium,False,False,False,0
153006,G06003709,High,False,False,False,0
152931,G06003771,High,False,False,False,0
339654,G06003718,High,False,False,True,0
152798,G06003712,High,False,False,True,0
135241,G06003743,High,False,False,False,0
339845,G06003771,High,False,False,False,0
364259,G06003717,High,False,False,False,0
152893,G06003717,Medium,True,True,False,0
135047,G06003710,Low,False,False,True,0
363663,G06003709,Low,False,False,False,0
135022,G06003737,High,False,False,False,1
363502,G06011107,Low,False,False,False,0
339383,G06003711,High,False,False,False,0
339171,G06003739,High,False,False,False,0
365138,G06003713,Medium,False,False,False,0
133935,G06003717,High,False,False,True,0
365234,G06003754,High,False,False,True,0
365261,G06003710,High,False,False,False,0
365366,G06003709,Medium,False,False,False,0
339008,G06003736,Medium,False,False,False,0
365376,G06003717,Medium,False,False,False,0
365448,G06003710,Medium,True,True,False,0
365465,G06003754,High,False,False,False,0
152754,G06011109,Medium,False,False,False,0
134537,G06003710,Low,False,False,False,0
134510,G06003714,High,False,False,False,0
134498,G06003743,Medium,False,False,False,0
364583,G06003739,Low,False,False,False,0
153230,G06003715,Medium,False,False,False,0
364619,G06011107,High,False,False,False,0
134343,G06003711,High,False,False,False,0
134283,G06003737,High,False,False,False,0
134282,G06003771,Low,False,False,False,0
153246,G06003754,Low,False,False,False,0
135303,G06003754,High,False,False,False,0
363242,G06003710,Medium,True,True,False,0
361722,G06003774,High,True,True,False,0
136279,G06003710,Medium,False,False,False,0
340893,G06003718,Medium,False,False,False,0
340875,G06011102,High,True,True,True,0
361858,G06003715,High,False,False,False,0
340823,G06003772,Low,True,True,False,0
136134,G06011102,Medium,False,False,True,0
361992,G06003774,Low,True,True,False,0
362008,G06003771,High,False,False,False,0
362028,G06003713,High,False,False,False,0
152239,G06003718,High,False,False,False,0
360951,G06003717,Low,False,False,False,0
136836,G06011102,Low,False,False,False,0
341171,G06011102,High,False,False,False,0
361088,G06003737,Low,True,True,False,0
361127,G06011108,Medium,False,False,False,0
341050,G06003737,High,False,False,False,0
361383,G06011107,Low,False,False,False,0
340977,G06003712,High,False,False,False,0
136996,G06003709,Medium,False,False,False,0
135586,G06003738,High,False,False,False,0
362708,G06003718,Medium,False,False,False,1
362750,G06003710,Medium,False,False,False,0
362758,G06003711,High,True,True,False,0
363048,G06003718,High,False,False,False,0
152640,G06003709,Medium,False,False,False,0
152645,G06003713,High,False,False,False,0
363168,G06011107,Low,True,True,False,0
363202,G06011102,High,False,False,False,0
362093,G06003715,Low,False,False,False,0
340345,G06003710,Medium,False,False,False,0
135649,G06011107,Medium,False,False,False,0
135903,G06003711,High,True,True,True,0
362344,G06011102,High,False,False,False,0
135891,G06003717,Medium,False,False,True,0
362576,G06003718,Low,False,False,True,0
340550,G06003711,Low,False,False,False,0
135734,G06003743,High,False,False,False,0
340478,G06003771,High,False,False,False,0
362529,G06003739,High,False,False,False,0
340467,G06003710,High,False,False,True,0
135684,G06003717,High,False,False,False,0
133621,G06003714,Low,False,False,False,0
148906,G06011107,Medium,False,False,False,0
349909,G06003712,Medium,False,False,False,1
349926,G06003736,Medium,False,False,False,0
345451,G06003738,Medium,False,False,False,0
145473,G06003713,High,False,False,False,0
148951,G06003717,Low,False,False,True,0
349972,G06003737,Medium,False,False,False,0
145412,G06003771,High,False,False,False,0
345438,G06003772,High,False,False,False,0
350080,G06003714,Low,False,False,False,0
145408,G06003736,Medium,False,False,False,0
350331,G06003736,Medium,False,False,False,0
145498,G06003771,High,True,True,False,0
145983,G06011108,High,True,True,False,0
145981,G06003711,High,False,False,False,0
349404,G06003771,High,False,False,True,0
345684,G06011107,Medium,False,False,False,0
145819,G06003710,Medium,False,False,False,0
145785,G06003736,Low,False,False,False,1
148845,G06003737,Medium,False,False,False,1
350372,G06003712,Medium,False,False,False,0
349720,G06003714,High,False,False,False,0
148979,G06003709,Low,False,False,True,0
350405,G06003710,Low,True,True,False,0
350855,G06003717,High,False,False,False,0
144838,G06003739,High,False,False,False,0
350909,G06003717,High,False,False,False,0
144825,G06003717,High,False,False,False,0
344979,G06003718,Medium,False,False,False,0
149456,G06003711,High,False,False,False,0
350970,G06003710,High,False,False,False,0
149473,G06003754,High,False,False,False,0
344907,G06003774,Low,False,False,False,1
345717,G06003712,Low,False,False,False,0
144933,G06003772,High,False,False,False,0
350436,G06003736,High,False,False,False,0
345329,G06003743,Low,False,False,False,0
145230,G06003740,High,False,False,False,0
145216,G06003737,High,False,False,False,0
345320,G06003736,Low,False,False,False,0
149107,G06003711,High,False,False,False,0
350658,G06003711,Medium,False,False,False,0
145036,G06003738,Low,False,False,False,0
350753,G06011102,High,False,False,True,0
145072,G06003714,Medium,False,False,False,0
345743,G06003718,High,False,False,False,0
147696,G06003771,Low,False,False,False,0
346247,G06003711,Medium,False,False,False,0
147613,G06003715,Medium,True,True,False,0
147521,G06003717,Medium,False,False,False,0
147444,G06003717,High,True,True,False,0
347782,G06003737,High,False,False,False,0
347860,G06003712,Medium,False,False,False,0
147175,G06011108,Medium,False,False,False,1
148659,G06011102,High,False,False,False,0
347395,G06003739,High,False,False,True,1
346649,G06003738,Medium,False,False,True,0
148450,G06011107,Low,False,False,False,0
346381,G06003771,Medium,False,False,False,0
346943,G06011108,High,False,False,False,0
346366,G06003713,High,False,False,False,0
148472,G06003736,High,False,False,False,0
147807,G06003771,High,False,False,False,0
146942,G06003740,High,False,False,False,0
348628,G06003774,Medium,False,False,False,0
146362,G06011102,High,False,False,False,0
146405,G06003717,High,False,False,False,0
349131,G06003737,Low,False,False,False,0
146119,G06003709,High,False,False,False,0
345812,G06003711,High,False,False,True,0
146091,G06003738,Medium,False,False,True,0
146407,G06003743,High,False,False,False,0
348191,G06011107,Low,False,False,False,0
345977,G06003716,High,False,False,True,0
348243,G06003771,High,False,False,False,0
146457,G06003743,High,False,False,True,0
146747,G06003743,Low,False,False,False,0
146618,G06003710,High,True,True,False,0
348362,G06011102,High,False,False,True,0
348425,G06011108,Medium,False,False,False,0
345966,G06003736,High,False,False,False,0
140694,G06003710,High,False,False,False,0
144752,G06003712,Low,False,False,False,0
344846,G06003739,Medium,False,False,False,0
354565,G06003718,Medium,False,False,True,0
141746,G06011102,Low,False,False,False,0
354611,G06003715,Low,False,False,False,1
150422,G06003743,High,False,False,False,0
141696,G06003754,High,False,False,False,0
343613,G06011107,Medium,False,False,False,0
343587,G06003771,High,False,False,False,0
354821,G06003711,High,False,False,False,0
354896,G06003736,Low,False,False,False,0
354995,G06003709,High,False,False,False,0
354417,G06003771,High,False,False,False,0
150325,G06003738,Medium,False,False,False,0
142420,G06003736,Medium,True,True,True,0
142417,G06003716,High,False,False,False,0
343707,G06011102,Medium,False,False,False,0
141939,G06011107,High,True,True,False,0
355079,G06003772,Medium,False,False,False,0
355449,G06003771,Low,False,False,False,0
141123,G06003712,Medium,False,False,False,0
355517,G06003712,Medium,False,False,False,0
355532,G06003713,Medium,False,False,False,0
150747,G06003718,High,False,False,False,0
355644,G06003716,Medium,False,False,True,0
150732,G06003714,High,False,False,True,0
343118,G06011107,High,False,False,False,0
150782,G06003739,High,False,False,True,0
355717,G06003740,High,False,False,False,0
355743,G06003709,High,True,True,False,0
150835,G06003711,High,False,False,False,0
150843,G06003711,High,False,False,False,0
343052,G06003711,High,False,False,False,0
343229,G06003754,Low,False,False,False,0
343239,G06011108,High,True,True,False,0
343451,G06003739,Low,False,False,True,0
343431,G06003737,High,False,False,False,0
141558,G06011107,Low,True,True,False,0
141547,G06003711,High,True,True,False,1
141546,G06003715,Low,False,False,False,0
141523,G06003739,Medium,False,False,False,0
355149,G06003712,High,True,True,False,0
150548,G06003736,High,False,False,False,0
141264,G06003739,Medium,False,False,False,0
141468,G06003717,Medium,True,True,False,0
141379,G06011102,Medium,False,False,False,0
343274,G06003717,Medium,False,False,True,0
343245,G06003736,High,False,False,False,0
343917,G06003771,Medium,False,False,False,0
353651,G06011102,High,True,True,False,0
144007,G06011108,High,False,False,True,0
143915,G06003738,High,False,False,True,0
352078,G06003711,Medium,False,False,False,0
143907,G06003736,High,True,True,False,0
143875,G06003711,High,False,False,False,0
143856,G06011108,Medium,False,False,False,0
344486,G06003771,Low,False,False,False,0
352210,G06003713,Medium,False,False,False,0
352271,G06003716,High,False,False,False,0
352287,G06003712,High,False,False,False,0
352196,G06003715,High,False,False,False,0
149833,G06003739,High,False,False,False,0
149585,G06003717,Low,False,False,False,0
351120,G06003710,High,False,False,False,0
149629,G06003718,High,False,False,False,0
144575,G06011108,Medium,False,False,False,0
144354,G06003709,Medium,False,False,True,0
144318,G06003717,Medium,True,True,False,0
351429,G06003739,Medium,False,False,False,0
144281,G06003739,Medium,False,False,False,0
143625,G06003737,Low,False,False,False,0
343984,G06003772,Medium,False,False,False,0
352997,G06003717,Medium,False,False,False,0
142822,G06003740,High,False,False,False,0
343934,G06003712,High,True,True,False,0
142759,G06003716,High,False,False,False,0
142630,G06003718,High,True,True,False,0
353642,G06003739,Low,False,False,False,0
352395,G06011102,Low,False,False,False,0
143221,G06003743,Medium,False,False,False,0
352474,G06003743,High,False,False,False,0
352501,G06003738,High,True,True,False,0
344283,G06003738,High,True,True,False,0
352746,G06011108,Medium,False,False,False,0
150037,G06003717,High,False,False,False,0
344267,G06003713,Medium,False,False,False,0
352883,G06003715,High,False,False,True,0
344162,G06003710,High,False,False,False,0
344148,G06003738,Medium,False,False,False,0
344128,G06011107,Medium,False,False,False,0
352753,G06003736,Medium,False,False,False,1
160059,G06003712,High,False,False,False,0
133568,G06003739,Medium,False,False,True,0
378210,G06003754,High,False,False,False,0
124311,G06003715,High,False,False,True,0
378297,G06003737,Low,False,False,False,0
378308,G06003711,Low,False,False,True,0
378354,G06003717,High,False,False,False,1
378395,G06003709,Medium,True,True,False,0
124109,G06003771,High,True,True,False,1
158400,G06003712,High,False,False,False,0
378526,G06003709,Medium,False,False,False,0
378076,G06003754,Medium,False,False,False,0
157931,G06003736,Medium,False,False,True,0
377300,G06011107,Medium,False,False,False,0
377308,G06003718,High,False,False,False,0
377343,G06003739,Medium,False,False,True,0
123995,G06003711,Medium,False,False,False,0
124848,G06011107,Medium,False,False,False,0
158171,G06003736,High,False,False,True,0
332611,G06003717,Low,False,False,False,0
123650,G06003771,High,False,False,False,1
123628,G06011107,Medium,True,True,False,0
332415,G06003754,Medium,False,False,False,0
332370,G06003714,Low,False,False,False,0
123550,G06003710,Low,False,False,False,0
123652,G06003717,Low,False,False,False,0
123492,G06003736,Medium,False,False,False,0
379336,G06011108,Medium,True,True,False,0
123414,G06003717,Low,True,True,False,0
379371,G06003713,Medium,False,False,False,0
123502,G06003771,Medium,True,True,False,0
377146,G06003738,High,False,False,False,1
332498,G06003710,Medium,False,False,False,0
123919,G06003771,High,False,False,False,0
123876,G06003737,High,False,False,False,0
123853,G06003713,High,False,False,False,1
123815,G06003716,High,True,True,False,1
332448,G06003738,High,True,True,False,1
123797,G06003774,Medium,False,False,False,0
378984,G06003739,High,False,False,False,0
332558,G06003714,Low,False,False,False,0
379009,G06011107,High,False,False,False,0
378971,G06003710,High,False,False,True,0
126112,G06003717,High,False,False,True,0
375677,G06003714,High,False,False,False,0
157043,G06003711,High,False,False,False,0
375706,G06003737,Medium,False,False,False,0
157120,G06003740,High,False,False,False,0
375798,G06003710,Medium,False,False,True,0
333785,G06003740,Medium,False,False,False,0
125974,G06003754,High,True,True,False,0
126067,G06003740,High,False,False,False,0
375896,G06003771,Low,False,False,False,1
334214,G06003709,High,False,False,False,0
126482,G06011108,High,True,True,False,0
334206,G06003709,Low,False,False,False,0
375492,G06003715,Medium,False,False,False,0
334093,G06003710,Medium,False,False,False,0
156835,G06003717,Low,False,False,False,0
156914,G06003716,Low,False,False,True,0
333921,G06003754,Medium,True,True,True,0
375419,G06003754,Medium,False,False,False,0
123392,G06003716,Medium,False,False,False,1
375936,G06003739,High,False,False,False,0
125404,G06003713,Medium,False,False,False,0
125381,G06003709,Low,False,False,False,0
157472,G06003771,Medium,False,False,False,1
333337,G06003715,Low,False,False,False,0
125278,G06003711,Medium,False,False,False,0
376736,G06003739,Medium,False,False,True,0
125408,G06003718,High,True,True,False,0
125142,G06003740,High,False,False,False,0
333308,G06011108,High,False,False,True,0
125087,G06003771,Medium,False,False,False,0
125440,G06003717,Low,False,False,False,0
333620,G06003736,High,False,False,False,0
125791,G06003716,Medium,True,True,False,0
333458,G06003718,High,False,False,False,0
376396,G06003714,High,False,False,False,0
125576,G06003710,Medium,False,False,False,0
376195,G06003709,Low,False,False,False,0
125508,G06003714,High,True,True,False,0
376207,G06003715,Medium,False,False,False,0
125503,G06003739,High,False,False,False,0
376292,G06011102,Low,False,False,False,0
376150,G06003714,High,False,False,False,0
379431,G06003772,Medium,True,True,False,0
382572,G06003712,High,False,False,False,0
382590,G06003739,Low,False,False,False,0
120864,G06003715,Low,False,False,False,0
120731,G06011109,High,False,False,True,0
120629,G06003709,High,True,True,False,0
382899,G06003718,High,False,False,False,1
330960,G06003712,High,False,False,False,0
330945,G06003711,High,False,False,True,0
120592,G06003716,Medium,False,False,False,0
330903,G06003711,Medium,False,False,False,0
159515,G06003711,Medium,False,False,False,0
382486,G06003740,Low,False,False,False,0
381933,G06003743,Low,False,False,False,0
159421,G06003754,High,False,False,False,0
159445,G06003714,High,False,False,True,0
382063,G06011102,High,False,False,False,0
382134,G06003709,Medium,False,False,True,0
159459,G06003736,Medium,False,False,False,0
382204,G06003754,Medium,False,False,False,0
121016,G06003709,Medium,True,True,False,0
331195,G06003714,High,False,False,False,0
121127,G06011108,High,False,False,False,0
119757,G06003717,High,False,False,False,0
383927,G06003709,Medium,False,False,False,0
330591,G06003716,High,False,False,False,1
330548,G06003716,Low,False,False,False,0
330511,G06003712,Medium,False,False,False,0
384082,G06003739,High,False,False,False,0
119561,G06003772,High,True,True,False,1
384131,G06003754,High,False,False,False,0
384221,G06003712,High,False,False,False,0
159833,G06003754,High,False,False,False,0
383100,G06003739,High,False,False,False,0
120309,G06003713,High,False,False,False,0
119903,G06003754,Medium,False,False,False,0
330652,G06003771,Medium,False,False,False,0
383577,G06003740,High,False,False,False,0
119981,G06003740,Medium,True,True,False,0
383767,G06003737,High,False,False,False,0
120155,G06003774,Medium,False,False,False,0
380262,G06003717,High,False,False,True,0
380280,G06003739,Low,False,False,False,0
380356,G06003714,High,False,False,False,0
331928,G06003771,High,False,False,True,0
122564,G06003710,High,False,False,False,0
122801,G06003754,High,False,False,False,0
122481,G06003738,Low,False,False,False,1
380634,G06003710,Low,False,False,False,0
380706,G06003739,High,False,False,True,0
331839,G06003771,High,False,False,False,0
331836,G06003709,High,False,False,False,1
158948,G06003713,Medium,False,False,False,0
380598,G06003714,High,False,False,False,0
122325,G06011107,High,False,False,False,0
380222,G06003737,Medium,False,False,False,0
332243,G06003736,High,False,False,False,0
332234,G06003739,High,True,True,False,0
379717,G06003772,High,False,False,False,0
331996,G06003718,Medium,True,True,True,0
123113,G06011108,Low,False,False,False,0
158881,G06003754,Low,False,False,False,0
158905,G06011108,High,False,False,False,0
121906,G06003737,Medium,False,False,False,0
381362,G06003711,High,False,False,False,0
159143,G06003714,High,True,True,False,0
331595,G06003737,Low,False,False,True,0
159155,G06003754,High,False,False,False,0
121746,G06003716,Low,False,False,False,0
331510,G06003754,High,False,False,False,0
159202,G06003714,Medium,False,False,False,0
331453,G06003709,Low,False,False,False,0
331439,G06003713,Medium,False,False,False,0
381737,G06003771,Low,False,False,False,0
159306,G06003771,Low,False,False,False,1
159163,G06003716,Low,False,False,False,0
380758,G06011108,Low,False,False,False,1
381157,G06003739,Medium,False,False,False,0
380788,G06003737,High,False,False,False,0
380812,G06011108,High,False,False,False,0
380823,G06003739,Medium,True,True,False,0
158989,G06003717,Medium,True,True,False,0
380824,G06003713,Low,False,False,False,0
122224,G06011108,Low,False,False,False,0
380961,G06003713,High,True,True,False,0
380974,G06003743,Low,False,False,False,0
381100,G06011108,Low,False,False,False,0
122183,G06003740,High,False,False,False,0
159032,G06003738,Low,False,False,False,0
159137,G06003743,Low,False,False,False,0
122102,G06011107,High,False,False,False,0
156634,G06003711,Medium,False,False,False,0
368352,G06003710,Medium,False,False,False,0
368415,G06003739,High,False,False,False,0
368419,G06003715,High,False,False,False,1
337404,G06003709,Low,True,True,True,0
154374,G06003736,Medium,False,False,True,0
368489,G06003713,Medium,False,False,False,0
131301,G06003754,High,True,True,False,0
131205,G06003712,Low,False,False,False,0
368618,G06011102,High,True,True,True,0
368695,G06003717,Medium,False,False,False,0
337251,G06003717,High,False,False,False,0
368738,G06003713,Low,False,False,False,0
368107,G06003774,High,False,False,False,0
368060,G06003717,High,False,False,False,0
367689,G06003738,High,False,False,False,0
367737,G06003718,Medium,False,False,False,0
154229,G06003739,Medium,False,False,False,0
337564,G06003718,Medium,False,False,True,0
131629,G06003711,Medium,False,False,False,0
337562,G06003709,Medium,True,True,True,0
337552,G06003710,Medium,False,False,False,0
337506,G06003715,High,False,False,False,0
367999,G06003710,High,False,False,False,0
131739,G06003715,Low,False,False,False,0
368841,G06003738,Low,True,True,False,0
369637,G06003739,Medium,False,False,True,0
154926,G06003710,Medium,False,False,False,0
129955,G06003737,Medium,False,False,False,0
336681,G06003754,High,False,False,False,0
368956,G06003738,Medium,False,False,False,0
369090,G06003714,Medium,False,False,False,0
337161,G06003718,High,True,True,False,1
369176,G06003739,High,False,False,False,0
369217,G06003718,High,True,True,True,0
130647,G06003718,Medium,True,True,False,0
130759,G06003738,Low,False,False,False,0
369318,G06003740,Low,False,False,False,0
336857,G06003772,High,False,False,False,0
336714,G06003717,Medium,False,False,False,0
336706,G06003711,Medium,False,False,False,0
130755,G06003718,High,False,False,False,0
131916,G06003738,Low,False,False,False,0
131947,G06011102,High,False,False,False,0
366012,G06003717,High,False,False,True,0
133097,G06003771,Medium,False,False,False,0
366242,G06003711,High,True,True,False,0
366285,G06003709,High,True,True,True,0
338375,G06011107,High,False,False,False,0
153782,G06003709,Low,False,False,False,0
338294,G06003772,High,False,False,True,1
338261,G06003717,Medium,False,False,False,0
133559,G06003774,High,False,False,False,0
133528,G06003739,Medium,False,False,False,0
153418,G06011108,High,False,False,False,0
365670,G06003717,High,True,True,False,0
153543,G06003717,Medium,False,False,False,0
338783,G06003714,High,False,False,True,0
365950,G06003718,Low,False,False,True,0
338626,G06003710,Low,False,False,False,0
153594,G06003712,Medium,False,False,False,0
133239,G06003713,Medium,False,False,False,0
338101,G06003743,Low,False,False,False,0
154095,G06011108,High,False,False,True,0
132272,G06003774,High,False,False,False,0
367231,G06003771,High,False,False,False,0
367241,G06003715,High,False,False,False,0
132168,G06003737,Medium,True,True,False,0
154138,G06011107,High,False,False,False,0
154177,G06003737,Medium,False,False,True,0
132103,G06011107,Low,False,False,False,0
131961,G06011107,High,False,False,False,0
366453,G06003774,High,False,False,False,0
132323,G06003713,Medium,True,True,True,0
132350,G06003717,High,True,True,False,0
132908,G06003771,High,False,False,False,0
366553,G06003774,Medium,False,False,False,0
366845,G06003740,High,False,False,False,0
367116,G06003712,Medium,False,False,False,0
132497,G06003713,Low,False,False,False,0
366952,G06003737,High,True,True,False,0
154073,G06003771,Medium,True,True,True,0
132372,G06003771,Medium,False,False,False,0
367054,G06003717,Medium,False,False,True,0
366857,G06003737,Low,False,False,False,0
373012,G06003737,Medium,True,True,False,0
373015,G06003736,Low,False,False,False,0
373017,G06003718,High,True,True,True,0
373098,G06003714,High,False,False,False,0
373128,G06003754,High,False,False,True,0
373259,G06003739,High,False,False,True,0
155923,G06003710,High,False,False,False,0
373454,G06003712,High,False,False,False,0
373543,G06003713,High,True,True,False,0
127977,G06003718,Medium,False,False,False,0
128294,G06003740,High,False,False,False,0
372427,G06003716,Medium,False,False,False,0
335041,G06003711,Medium,False,False,False,0
128269,G06003740,High,False,False,False,0
156221,G06003710,Low,False,False,False,0
372640,G06003711,High,True,True,False,0
128225,G06003710,High,False,False,False,0
372742,G06011107,Low,False,False,False,0
155858,G06011107,Low,True,True,False,0
372853,G06003713,Medium,False,False,False,0
126935,G06003739,Medium,False,False,False,0
374504,G06003771,Medium,False,False,False,0
374547,G06003738,Low,False,False,False,0
374593,G06003711,Medium,False,False,False,0
334494,G06003754,High,True,True,False,0
374419,G06003710,Medium,False,False,False,0
126798,G06011109,High,False,False,False,0
374660,G06003711,Low,False,False,False,0
156577,G06003737,Low,False,False,False,1
126670,G06003718,High,False,False,False,0
126608,G06003772,Medium,False,False,False,0
375026,G06003711,Low,False,False,False,0
334442,G06003736,Medium,False,False,False,0
374373,G06003739,High,True,True,False,0
373868,G06003709,Medium,False,False,False,0
373937,G06003771,Low,False,False,False,0
373954,G06003709,High,True,True,False,0
156258,G06003772,High,False,False,False,0
127175,G06003715,High,False,False,True,1
127165,G06003772,High,True,True,True,0
374270,G06003717,Medium,False,False,False,0
126969,G06011102,Medium,False,False,False,0
372370,G06011102,Low,False,False,False,0
129437,G06003743,Medium,False,False,False,0
371057,G06003739,Medium,False,False,False,0
155277,G06003743,Low,False,False,False,0
371160,G06011107,Low,False,False,False,0
129183,G06003771,Medium,True,True,False,0
371271,G06003716,High,False,False,False,0
155347,G06003717,Low,True,True,False,0
335756,G06003771,Medium,False,False,False,0
371320,G06003716,High,False,False,False,0
370762,G06003717,Medium,False,False,False,0
370539,G06003712,Low,False,False,False,0
370623,G06003716,Low,True,True,False,0
129633,G06003712,High,False,False,False,0
370743,G06003740,Medium,False,False,False,0
129525,G06003718,High,False,False,False,0
129656,G06003740,Medium,False,False,False,0
155387,G06003740,High,False,False,False,0
128630,G06003771,Medium,False,False,False,0
371818,G06011108,Medium,False,False,True,0
335339,G06003709,Medium,False,False,False,0
371960,G06011102,Low,False,False,False,0
371981,G06003772,Medium,False,False,True,0
372042,G06003738,High,True,True,False,0
372150,G06003711,Low,False,False,True,0
372184,G06003736,High,False,False,False,0
372185,G06003771,High,False,False,False,0
155759,G06003736,High,False,False,False,0
372192,G06011108,Medium,True,True,False,0
128350,G06003738,Medium,False,False,False,0
335227,G06011107,Medium,False,False,False,0
371377,G06003754,High,False,False,True,0
128777,G06003709,Low,False,False,False,0
371732,G06011102,Low,False,False,False,0
155415,G06003736,High,False,False,False,0
128942,G06003774,Low,False,False,False,0
335544,G06003712,Medium,False,False,False,0
335373,G06011107,High,False,False,False,0
371557,G06003712,High,False,False,False,0
335493,G06003774,Low,True,True,False,0
155501,G06003771,Medium,True,True,True,0
32296,G06003739,Low,False,False,True,0
32249,G06003709,High,False,False,True,0
32215,G06003715,High,False,False,False,0
506091,G06003736,Low,False,False,False,0
506108,G06003774,High,True,True,False,0
32024,G06003718,Medium,False,False,False,1
506343,G06003709,Low,False,False,False,0
506366,G06003738,Medium,False,False,False,0
31708,G06003711,High,True,True,True,0
505699,G06011102,Medium,True,True,False,0
506586,G06003737,High,False,False,False,0
32371,G06003718,High,False,False,False,0
32558,G06011108,High,False,False,False,0
504429,G06011102,High,False,False,False,0
33020,G06011108,Medium,False,False,False,0
32903,G06003715,High,False,False,False,0
504764,G06011108,Low,False,False,False,0
505185,G06003715,High,True,True,False,0
505190,G06003710,Low,False,False,False,1
32590,G06003713,High,False,False,False,0
504414,G06003754,Medium,False,False,True,0
506722,G06003709,Medium,False,False,False,0
30773,G06003737,Medium,False,False,False,0
507855,G06003714,High,False,False,False,0
507876,G06003711,High,False,False,False,0
507967,G06003710,High,False,False,False,0
508211,G06003713,Low,True,True,False,0
508355,G06003709,High,False,False,False,0
508451,G06003717,Low,False,False,True,1
30443,G06003736,Medium,False,False,False,0
508807,G06003710,Low,False,False,False,0
30357,G06003717,Low,False,False,True,0
508908,G06003771,High,False,False,False,0
506704,G06003771,Medium,False,False,False,0
30873,G06003771,Medium,True,True,True,0
506903,G06003718,High,False,False,True,0
506966,G06003715,Low,False,False,True,0
31370,G06011107,High,False,False,False,0
31318,G06011102,Medium,False,False,False,0
507229,G06003739,High,True,True,False,0
507236,G06003772,High,False,False,False,0
507264,G06003754,Medium,False,False,False,0
507309,G06003736,Low,False,False,False,0
507562,G06003737,High,False,False,True,0
504405,G06011108,High,False,False,False,0
504387,G06003714,Low,True,True,False,0
501685,G06003754,Medium,False,False,False,0
34709,G06003718,High,True,True,False,0
34699,G06003771,Medium,False,False,False,0
34646,G06003740,Medium,False,False,False,0
501824,G06003712,Medium,False,False,False,0
502004,G06011108,Medium,False,False,False,0
34468,G06003712,Medium,False,False,False,0
34372,G06003736,Medium,False,False,False,0
34768,G06003709,High,True,True,False,0
501507,G06011102,High,False,False,True,0
500522,G06003718,Low,True,True,False,0
500654,G06003709,High,False,False,False,0
35486,G06003718,Medium,True,True,False,0
500694,G06003754,High,False,False,True,0
500845,G06003738,Low,False,False,False,1
35284,G06011102,High,False,False,False,0
500959,G06003743,High,False,False,False,0
501101,G06003714,Medium,False,False,False,0
501172,G06003771,High,False,False,False,0
34961,G06003717,High,True,True,False,0
501349,G06003716,Medium,False,False,False,0
34822,G06011107,Medium,False,False,False,0
501401,G06011102,Medium,False,False,False,0
34279,G06003739,Medium,True,True,False,0
33460,G06003711,Low,False,False,False,0
33450,G06003715,Low,False,False,False,0
33358,G06003714,Medium,False,False,False,0
33352,G06003754,High,False,False,False,0
503972,G06003713,Medium,False,False,False,0
33307,G06003718,High,False,False,False,0
504034,G06003771,Low,False,False,False,0
33284,G06003771,Medium,True,True,False,0
33282,G06003715,Low,False,False,False,0
33245,G06003717,Medium,False,False,False,0
504275,G06003736,Medium,False,False,False,0
504384,G06003774,Low,False,False,False,0
503633,G06003711,Medium,False,False,False,0
34178,G06003743,High,True,True,False,0
502597,G06003712,Low,False,False,False,1
34109,G06003716,High,False,False,False,1
34020,G06003714,Low,False,False,False,0
34000,G06003711,High,True,True,False,0
502979,G06003736,Medium,False,False,False,0
33937,G06003771,High,False,False,False,0
30265,G06003717,Medium,False,False,False,0
503087,G06003716,High,False,False,False,0
503194,G06003709,High,False,False,False,0
33732,G06003713,Low,False,False,False,0
33730,G06003739,Medium,False,False,False,0
33636,G06003736,Medium,False,False,False,0
33620,G06003718,High,False,False,False,0
503531,G06003713,Low,False,False,False,0
509065,G06003739,High,False,False,True,0
514755,G06011108,High,False,False,False,1
25860,G06003712,Low,False,False,False,0
514980,G06003739,High,False,False,False,0
25693,G06003754,High,False,False,False,0
25668,G06003717,Low,False,False,False,0
515194,G06003736,High,False,False,False,0
25496,G06003736,Medium,False,False,False,0
515255,G06003739,Low,False,False,False,0
25438,G06003709,Medium,True,True,True,0
25392,G06003739,Medium,False,False,False,0
25358,G06003710,High,False,False,False,0
515450,G06003712,Low,False,False,False,0
26930,G06011107,Medium,False,False,False,0
26794,G06011102,Medium,False,False,False,0
26786,G06003738,High,False,False,False,0
513590,G06003713,Low,False,False,False,0
513911,G06003736,Low,False,False,False,0
514389,G06003771,Medium,False,False,False,0
26076,G06003716,High,False,False,True,0
26051,G06003712,High,False,False,False,0
514615,G06011109,Medium,False,False,False,0
515576,G06003743,Medium,False,False,False,0
24276,G06003710,Medium,False,False,False,0
516902,G06003739,High,True,True,False,0
24132,G06003714,High,False,False,False,0
24126,G06003771,High,False,False,True,0
24062,G06003709,High,False,False,False,0
517046,G06003710,High,False,False,False,1
24038,G06003737,High,False,False,False,0
24028,G06003716,High,False,False,False,0
517215,G06003738,Medium,False,False,False,0
23902,G06003771,High,False,False,False,0
23890,G06003717,High,False,False,False,0
23793,G06003739,Low,True,True,False,0
23609,G06003736,High,False,False,False,0
515755,G06003739,High,False,False,False,0
515840,G06011108,Medium,False,False,False,0
515861,G06003714,High,False,False,True,0
516040,G06003714,Medium,False,False,False,0
516063,G06003771,High,False,False,False,0
24950,G06003737,Medium,False,False,False,0
24821,G06003717,Medium,False,False,True,0
516380,G06003754,High,False,False,False,0
516450,G06003718,Low,False,False,False,0
24589,G06003738,High,False,False,False,0
24945,G06003771,High,False,False,False,1
27104,G06003737,High,False,False,False,1
510093,G06003740,High,False,False,False,0
29268,G06003713,Medium,False,False,False,0
510144,G06003772,High,False,False,False,0
510209,G06003739,High,False,False,True,1
29199,G06003736,Medium,True,True,False,1
510318,G06003711,High,False,False,False,0
29139,G06003739,Low,False,False,False,0
510459,G06003754,High,True,True,False,0
510625,G06003771,Medium,False,False,False,1
510871,G06003771,Low,False,False,False,0
510872,G06003739,Low,True,True,False,0
28755,G06003740,Low,False,False,False,0
28719,G06011102,High,False,False,False,0
29411,G06003710,High,False,False,False,0
509115,G06003710,Low,False,False,False,0
509118,G06003709,High,False,False,False,0
509140,G06003717,High,False,False,False,0
30107,G06003713,Medium,False,False,False,0
30066,G06003717,High,False,False,True,0
509279,G06003738,Low,False,False,False,0
509332,G06003737,High,True,True,False,0
29833,G06003712,High,True,True,True,0
509626,G06003771,Low,False,False,False,0
509645,G06003743,Medium,False,False,False,0
509710,G06003711,Medium,False,False,False,0
29563,G06003772,High,False,False,False,0
509837,G06003717,Low,False,False,False,0
509890,G06003717,Medium,False,False,False,0
511071,G06003711,Medium,True,True,False,0
511108,G06003718,Medium,False,False,False,0
27691,G06003754,Medium,False,False,False,0
512410,G06003714,Medium,True,True,False,0
512411,G06011107,Low,False,False,False,0
27645,G06003771,Medium,False,False,True,1
27499,G06003710,High,False,False,False,0
512721,G06003736,Low,False,False,False,0
512744,G06011108,Medium,False,False,False,0
512897,G06003709,Medium,False,False,True,0
513048,G06003771,Low,True,True,False,0
513075,G06011102,Medium,False,False,False,0
27329,G06003710,High,False,False,False,0
513294,G06003738,Low,False,False,False,0
27702,G06011108,Medium,False,False,False,0
27713,G06003717,Low,False,False,False,0
512130,G06003743,Low,False,False,False,0
511259,G06003774,Medium,False,False,False,0
511278,G06003715,Medium,False,False,False,0
28098,G06011109,Medium,False,False,False,0
511567,G06011102,Low,False,False,False,0
511576,G06003712,High,True,True,False,0
511611,G06003739,Low,False,False,False,0
511633,G06003710,High,False,False,False,0
27942,G06003771,Medium,True,True,False,0
27893,G06003771,Low,False,False,False,0
511892,G06003718,High,False,False,False,0
511997,G06003743,Low,False,False,False,0
512073,G06003736,Low,False,False,False,0
512074,G06003709,Low,False,False,False,0
511685,G06003715,High,False,False,False,0
517591,G06011102,Low,False,False,False,0
43565,G06011102,Low,False,False,False,0
488506,G06003740,High,False,False,True,0
43448,G06003737,High,False,False,False,0
488569,G06003710,Medium,False,False,False,0
488681,G06003712,High,False,False,True,0
43253,G06003715,Medium,False,False,False,0
489028,G06003714,High,True,True,True,0
489036,G06003771,High,True,True,True,0
489088,G06003716,High,False,False,False,0
489112,G06003716,High,True,True,False,0
43850,G06003714,Medium,False,False,False,0
487355,G06003754,Medium,False,False,False,0
487474,G06003754,Low,False,False,False,0
487742,G06003771,Medium,False,False,False,0
487822,G06011107,High,False,False,False,0
487916,G06003774,Medium,False,False,False,0
487926,G06003710,High,False,False,False,0
487989,G06011107,High,False,False,True,0
43985,G06011109,Medium,False,False,False,0
43856,G06003740,Medium,False,False,False,0
43793,G06003738,Medium,False,False,False,0
487284,G06003736,Medium,True,True,False,0
490612,G06003714,Medium,True,True,True,0
490640,G06003713,Medium,False,False,False,0
490728,G06003715,Low,False,False,False,0
490910,G06003736,Low,False,False,False,0
490982,G06011102,High,False,False,False,0
41763,G06003717,Medium,False,False,False,0
491040,G06003709,Medium,False,False,False,0
491085,G06003739,Low,False,False,True,0
491232,G06011108,High,True,True,True,0
41284,G06003717,High,False,False,False,0
490604,G06003716,Low,True,True,False,0
489883,G06003717,Medium,False,False,False,0
490033,G06011108,Medium,False,False,False,0
490072,G06003718,High,False,False,False,0
42400,G06003711,Medium,False,False,False,0
42324,G06003771,Medium,False,False,False,0
42320,G06003711,High,False,False,False,0
490303,G06003712,Medium,False,False,False,0
42174,G06003739,Low,False,False,False,0
487077,G06003771,High,False,False,False,0
483914,G06003743,Low,False,False,False,0
46856,G06003709,Medium,True,True,False,0
484150,G06003738,High,False,False,False,0
46775,G06003754,Medium,False,False,False,0
46738,G06003737,Low,False,False,False,0
484275,G06003737,Low,False,False,False,0
46362,G06003713,High,False,False,False,0
484753,G06003717,Medium,False,False,True,0
484822,G06003740,Medium,False,False,False,0
484860,G06003771,High,False,False,False,0
46899,G06011107,Low,True,True,False,0
47719,G06003711,Low,False,False,False,0
482729,G06003717,Medium,False,False,False,0
482865,G06003715,High,True,True,False,0
47628,G06003774,Medium,False,False,False,0
482923,G06003718,Medium,False,False,False,0
482945,G06003739,Medium,False,False,True,0
47487,G06003715,Low,False,False,False,0
483000,G06003718,High,False,False,True,0
47325,G06003712,Medium,False,False,False,0
483631,G06003712,High,False,False,True,1
483854,G06003736,Low,False,False,False,0
486319,G06011109,High,True,True,False,0
486392,G06003743,High,False,False,False,0
44868,G06003717,Medium,False,False,False,0
486495,G06003709,High,False,False,False,0
486505,G06003774,Low,False,False,False,0
44697,G06003737,High,False,False,False,0
486682,G06003771,High,False,False,True,0
486888,G06003743,Medium,False,False,False,0
486924,G06011102,High,True,True,False,0
44446,G06003771,Medium,False,False,False,0
486983,G06003771,Low,False,False,False,0
44400,G06003743,High,False,False,False,0
45210,G06003710,High,True,True,False,0
45271,G06003771,High,False,False,True,0
485166,G06003737,Medium,False,False,False,0
46017,G06003740,Low,False,False,False,0
485462,G06003740,Medium,False,False,False,0
485499,G06003711,Low,False,False,False,0
485570,G06003710,High,False,False,True,1
45583,G06011102,Medium,False,False,False,0
45572,G06003709,High,False,False,False,0
485795,G06011108,Medium,True,True,True,0
45449,G06003717,High,False,False,False,0
45430,G06003711,High,False,False,False,0
485982,G06003772,High,False,False,False,0
45305,G06003737,Low,False,False,False,0
485630,G06003718,Medium,False,False,False,0
491729,G06003711,High,False,False,False,0
497582,G06003774,Medium,False,False,False,0
497590,G06011108,High,False,False,False,0
497632,G06003717,Medium,False,False,False,0
37433,G06003710,Low,True,True,False,0
37411,G06003715,High,True,True,False,0
37379,G06003740,Medium,False,False,False,0
37302,G06003736,Low,False,False,False,0
497840,G06003737,Medium,False,False,False,0
37091,G06011107,High,False,False,False,0
498177,G06003711,High,False,False,False,0
36938,G06003718,Medium,False,False,True,0
498349,G06011107,Low,False,False,False,0
37603,G06003739,High,True,True,False,0
498528,G06003712,High,False,False,False,0
496010,G06011102,Medium,False,False,False,0
496122,G06003709,Medium,False,False,False,0
496265,G06003712,High,False,False,False,0
496355,G06003710,High,False,False,False,0
38308,G06011109,High,False,False,False,0
496488,G06003713,Low,True,True,False,0
496697,G06011108,High,False,False,False,0
496706,G06003740,High,False,False,False,0
38176,G06011109,High,False,False,False,0
496825,G06011108,High,True,True,True,0
497310,G06011108,High,False,False,False,0
36816,G06003715,High,False,False,False,0
499474,G06003712,High,False,False,False,0
499573,G06003774,High,True,True,False,0
499651,G06003740,Medium,True,True,False,0
499698,G06003715,Low,False,False,True,0
499985,G06003740,High,False,False,False,0
35832,G06003771,Medium,False,False,False,0
500079,G06003712,Medium,False,False,True,0
36380,G06003710,Low,False,False,False,0
499424,G06003714,Low,False,False,False,0
499422,G06003711,Medium,True,True,False,0
498760,G06003717,High,True,True,False,1
498764,G06003738,High,True,True,False,0
36789,G06003738,Low,False,False,False,0
498809,G06003754,High,False,False,True,0
498830,G06003740,Medium,False,False,False,0
498832,G06003739,High,False,False,True,0
498913,G06003738,Low,False,False,False,0
36640,G06003754,High,False,False,False,0
499127,G06003739,High,True,True,True,0
36504,G06003717,High,False,False,False,0
498940,G06003713,High,True,True,False,0
493003,G06003738,Medium,False,False,False,0
40448,G06003754,Medium,False,False,True,1
493187,G06003716,Medium,False,False,True,0
493221,G06003711,Medium,False,False,False,0
40375,G06003711,High,False,False,False,0
493262,G06003715,Medium,False,False,False,0
493348,G06003709,Low,True,True,True,0
40334,G06003711,Low,False,False,True,0
40322,G06003718,High,False,False,False,0
40312,G06003739,High,False,False,False,0
493371,G06003737,Medium,False,False,True,0
493386,G06011102,Low,False,False,False,0
493463,G06003740,High,False,False,False,0
493466,G06003774,High,False,False,False,0
493000,G06003738,Low,False,False,False,0
40161,G06003713,Medium,False,False,False,0
492865,G06003738,Low,False,False,False,0
491802,G06003714,High,False,False,False,0
41087,G06003717,Medium,False,False,True,0
41079,G06003740,High,False,False,False,0
41063,G06011108,Low,False,False,False,0
40938,G06003736,Low,False,False,False,0
40933,G06003710,High,False,False,False,0
492284,G06003711,Medium,True,True,False,0
492306,G06003772,Low,False,False,False,0
492515,G06003711,High,False,False,False,1
492622,G06003718,High,False,False,False,0
492659,G06003718,Low,False,False,False,0
492683,G06003716,Medium,True,True,False,0
492706,G06003709,High,False,False,True,0
40140,G06003738,Medium,False,False,False,0
494652,G06003716,High,False,False,False,0
494756,G06011108,High,False,False,False,0
494789,G06003717,High,False,False,True,0
39040,G06003772,High,False,False,False,0
38853,G06003771,Medium,False,False,False,0
495352,G06011107,High,False,False,False,0
38813,G06003743,High,False,False,False,0
495392,G06003710,High,False,False,False,0
38758,G06003771,High,False,False,False,0
38749,G06003709,Low,False,False,True,0
38649,G06003711,High,False,False,True,0
495794,G06011108,Medium,False,False,True,0
38572,G06003754,Medium,False,False,False,0
39294,G06003736,High,False,False,False,0
493724,G06003717,Medium,False,False,False,0
39936,G06011102,High,False,False,False,0
494009,G06003713,Medium,False,False,False,0
39631,G06003718,High,False,False,False,0
39621,G06003771,High,False,False,False,0
494123,G06003711,Medium,True,True,False,0
494208,G06003739,High,True,True,True,0
494213,G06003717,High,False,False,False,0
494226,G06003713,Medium,False,False,False,0
494354,G06003712,High,True,True,False,1
494360,G06003774,Medium,False,False,False,0
494415,G06011108,High,False,False,False,0
494424,G06003711,Medium,False,False,False,0
494474,G06003743,Medium,False,False,False,1
7403,G06003774,High,False,False,True,0
7309,G06003771,High,False,False,False,0
540105,G06003714,Low,False,False,False,0
540119,G06003771,High,False,False,False,0
540160,G06003771,Medium,False,False,False,0
540505,G06003738,Medium,False,False,False,0
6966,G06003717,High,False,False,False,0
6823,G06003718,Low,False,False,False,0
7427,G06003709,Low,False,False,False,0
540917,G06003754,High,False,False,False,0
539857,G06003754,Medium,True,True,False,0
538295,G06003737,High,False,False,True,0
8724,G06003774,High,False,False,False,1
538458,G06003717,Medium,False,False,False,0
8515,G06003739,Medium,False,False,False,0
538745,G06003717,Medium,False,False,False,0
538775,G06003710,Low,True,True,False,0
7700,G06003740,Low,False,False,False,0
538239,G06003717,High,False,False,False,0
6731,G06003736,Low,False,False,False,0
6730,G06003712,High,False,False,False,0
541836,G06003737,High,False,False,False,0
5980,G06003713,Low,False,False,False,0
542075,G06003754,Low,False,False,False,0
5951,G06003710,Low,False,False,False,0
542102,G06003711,High,False,False,False,0
542105,G06011107,High,False,False,False,0
5887,G06003710,High,False,False,False,0
542231,G06003737,Medium,True,True,False,0
542381,G06003713,Low,False,False,False,0
5635,G06003711,Medium,False,False,False,0
5583,G06003774,High,False,False,False,0
541783,G06003738,Low,False,False,False,0
541020,G06003710,Medium,False,False,False,0
6649,G06003709,Low,False,False,False,0
6472,G06003711,Medium,False,False,True,0
541296,G06011107,Medium,False,False,False,0
541298,G06003717,High,True,True,False,0
541370,G06003737,High,True,True,False,0
6414,G06003754,High,True,True,False,0
541436,G06003739,High,True,True,False,0
6390,G06003754,High,False,False,True,0
6371,G06003740,High,False,False,False,1
6325,G06003771,Low,True,True,True,0
541585,G06003716,Medium,False,False,False,0
538233,G06003771,Medium,True,True,False,0
8867,G06003712,Medium,False,False,True,0
8975,G06003715,Low,False,False,True,0
535257,G06003740,High,False,False,False,0
535264,G06003754,High,False,False,False,0
535455,G06003712,Low,False,False,False,0
11006,G06003740,Medium,False,False,False,0
535533,G06003709,High,True,True,False,0
10961,G06003709,Medium,False,False,False,0
535622,G06003739,Medium,False,False,False,0
535691,G06003718,High,False,False,False,0
10784,G06003710,High,False,False,False,0
10757,G06003739,Medium,False,False,False,0
10751,G06003737,High,False,False,False,0
535966,G06011107,High,False,False,False,0
10470,G06003740,High,False,False,False,0
10416,G06003712,High,False,False,False,0
535241,G06003718,Medium,False,False,False,0
11222,G06003736,Medium,True,True,False,0
11978,G06003737,Medium,True,True,False,0
534476,G06003711,High,False,False,False,0
534540,G06003736,Medium,False,False,False,0
11702,G06003711,High,False,False,False,0
534662,G06003739,Medium,False,False,False,0
11494,G06003717,Medium,True,True,True,0
534811,G06003739,Low,False,False,True,0
534902,G06003712,High,False,False,False,0
534927,G06003709,High,False,False,False,0
11389,G06003740,Medium,False,False,False,0
11252,G06003715,High,False,False,False,0
535132,G06003774,High,False,False,False,0
11240,G06003717,High,False,False,True,0
535193,G06003710,Low,False,False,False,0
10348,G06003712,High,False,False,False,0
10328,G06003709,Medium,False,False,True,1
9438,G06003771,Low,False,False,False,0
9427,G06003737,High,False,False,False,0
537690,G06003739,High,False,False,False,0
9410,G06011108,High,False,False,False,0
537770,G06003712,Medium,False,False,False,0
9376,G06011108,Medium,True,True,True,0
9328,G06003714,High,True,True,False,0
537851,G06003713,High,False,False,False,0
537870,G06003709,High,False,False,False,1
537988,G06003711,High,False,False,False,0
537994,G06011102,High,False,False,False,0
538018,G06003718,Medium,False,False,False,0
538024,G06011102,High,False,False,False,0
10298,G06003738,Low,False,False,False,0
10271,G06003711,High,False,False,False,0
10236,G06003711,Medium,True,True,False,0
10232,G06003713,Medium,False,False,False,0
10195,G06011107,High,False,False,True,0
536626,G06003715,Low,True,True,False,0
5566,G06003772,High,False,False,False,0
10102,G06003715,High,False,False,False,0
536907,G06003754,High,False,False,False,0
10042,G06003718,Low,False,False,False,0
9946,G06003771,Medium,False,False,False,0
537087,G06003715,Medium,False,False,False,0
9785,G06003718,Medium,False,False,False,0
536784,G06003715,Medium,True,True,False,0
2097,G06003717,High,False,False,False,0
2086,G06003739,High,False,False,False,0
546932,G06011102,High,False,False,True,0
2079,G06011107,Medium,False,False,False,0
547099,G06011107,High,True,True,False,0
1823,G06003717,High,True,True,False,0
547323,G06003737,High,True,True,True,0
1715,G06011107,Medium,False,False,False,0
547507,G06003712,High,False,False,False,0
2867,G06003738,Medium,False,False,False,0
546274,G06003718,Low,False,False,False,0
2613,G06003710,Medium,False,False,False,0
2587,G06003710,Low,False,False,False,0
546359,G06011108,Medium,True,True,False,0
2300,G06003715,High,True,True,False,0
546744,G06003740,Low,False,False,False,0
546810,G06011109,High,False,False,True,0
547636,G06011108,High,False,False,False,0
547784,G06011102,Low,False,False,False,0
729,G06011107,Low,False,False,False,0
549237,G06003737,Low,True,True,False,0
677,G06003715,Medium,False,False,False,0
549302,G06003716,High,False,False,False,0
580,G06011102,Medium,False,False,False,0
549444,G06011102,High,True,True,True,0
546,G06003716,High,False,False,True,0
542,G06003718,Medium,False,False,False,0
549521,G06003736,High,False,False,False,0
549538,G06003709,Medium,False,False,False,0
427,G06003711,Medium,True,True,False,0
318,G06003710,Medium,False,False,False,0
549868,G06003740,High,True,True,False,0
548839,G06003740,Medium,False,False,False,0
950,G06003771,Low,False,False,False,0
1439,G06003712,High,False,False,False,0
547978,G06003772,High,True,True,False,0
548003,G06011102,High,True,True,False,0
548137,G06003711,High,False,False,False,1
548139,G06003714,High,False,False,False,0
1338,G06003771,Low,True,True,False,0
1324,G06011109,High,False,False,False,0
1322,G06003771,Low,False,False,False,0
548336,G06011108,Medium,False,False,False,0
548648,G06003717,Medium,False,False,False,0
548676,G06003754,Low,False,False,True,0
548730,G06003737,High,False,False,False,0
1341,G06003717,High,False,False,False,0
534274,G06003717,High,False,False,False,0
546037,G06003736,Medium,False,False,False,0
4871,G06003737,Medium,True,True,False,0
543506,G06003740,Low,True,True,False,0
543571,G06011108,Medium,False,False,True,0
543632,G06003772,High,False,False,False,0
4604,G06003740,Low,False,False,False,0
4583,G06003739,High,False,False,True,0
4463,G06003715,Medium,False,False,False,0
544231,G06003710,High,False,False,False,0
543482,G06003711,Medium,False,False,True,0
544270,G06011102,High,False,False,False,0
542737,G06003771,High,False,False,False,0
5527,G06003712,Medium,False,False,False,0
542800,G06003737,Low,False,False,False,0
542814,G06003709,Low,False,False,False,0
5417,G06003772,Medium,False,False,False,0
5408,G06011102,Medium,False,False,False,0
542918,G06003736,Medium,False,False,False,0
543137,G06003736,Medium,False,False,False,1
543209,G06003718,Medium,False,False,False,0
543237,G06003711,High,True,True,False,0
5070,G06011107,High,False,False,False,0
5044,G06011108,Medium,False,False,False,0
4226,G06003718,Low,False,False,False,0
4222,G06011109,High,False,False,False,0
544392,G06011108,High,False,False,False,0
545439,G06003771,High,False,False,False,0
3429,G06011102,Low,False,False,False,0
545478,G06003718,Low,False,False,False,0
3350,G06003715,Low,False,False,True,0
545558,G06003718,Medium,False,False,True,1
545647,G06011102,High,False,False,False,0
545653,G06003771,High,False,False,False,0
3228,G06011107,Medium,False,False,False,0
545817,G06003715,High,False,False,True,0
545851,G06003718,Low,False,False,True,0
545981,G06003771,High,False,False,False,0
545337,G06003717,Medium,False,False,False,0
3525,G06003717,Low,True,True,False,0
544454,G06011108,Medium,False,False,False,0
4167,G06003736,High,False,False,True,0
4049,G06003713,High,False,False,False,0
544548,G06003771,High,True,True,False,1
544566,G06011109,Medium,False,False,True,1
544659,G06003739,High,False,False,False,0
546038,G06003712,Low,False,False,False,0
544702,G06011108,Medium,False,False,False,0
3899,G06003740,Low,False,False,False,0
545021,G06003737,Medium,False,False,False,0
545163,G06003739,Medium,False,False,True,0
545212,G06003754,Medium,False,False,False,0
3920,G06003771,Low,False,False,False,0
522763,G06003774,Low,False,False,True,0
522882,G06003774,High,False,False,False,0
19664,G06003754,Medium,False,False,False,0
19577,G06003717,Medium,False,False,False,0
523244,G06003709,High,True,True,True,0
523245,G06003710,Low,False,False,False,0
523362,G06003718,Low,False,False,False,0
523568,G06003709,Medium,True,True,True,0
19283,G06003771,Low,False,False,False,0
523747,G06003715,Low,False,False,False,1
19145,G06003737,Medium,False,False,False,0
19101,G06011108,High,False,False,False,0
522704,G06003710,Medium,False,False,False,0
523955,G06011107,High,True,True,True,0
522542,G06003771,High,True,True,False,0
20690,G06003771,Medium,False,False,False,0
20555,G06003771,High,True,True,False,0
20518,G06003710,Low,False,False,False,0
521855,G06003717,Medium,False,False,False,0
20417,G06003740,Medium,False,False,False,0
20370,G06003736,Medium,False,False,False,0
20308,G06003774,Medium,False,False,False,0
20136,G06011107,Medium,True,True,False,0
522320,G06003712,Medium,True,True,True,0
19943,G06003717,Medium,False,False,False,0
522395,G06003743,Medium,False,False,True,0
522429,G06003711,High,False,False,False,0
19782,G06003738,Low,False,False,False,0
19070,G06003711,High,False,False,True,0
19067,G06003712,Medium,False,False,False,0
18460,G06003718,Medium,False,False,False,0
525067,G06003737,Medium,False,False,False,0
525110,G06011108,Medium,False,False,True,0
525239,G06011107,Medium,False,False,False,0
18221,G06003740,Low,False,False,False,0
525434,G06003771,Medium,False,False,False,0
525481,G06003712,High,False,False,False,0
525497,G06003713,Medium,False,False,False,0
525642,G06011108,High,True,True,False,0
525869,G06003709,Medium,True,True,False,0
526001,G06003710,Low,False,False,False,0
526035,G06003743,High,False,False,True,0
17650,G06003739,Low,False,False,False,0
524965,G06011102,Medium,True,True,False,0
19065,G06003712,Medium,False,False,False,0
18780,G06003738,High,False,False,False,0
524415,G06003718,High,False,False,False,0
524455,G06011107,High,False,False,True,0
524566,G06003737,Low,False,False,False,0
524725,G06003736,Low,False,False,False,0
18659,G06011109,Medium,False,False,False,0
524789,G06003717,High,False,False,False,0
524937,G06011108,Medium,False,False,False,0
521535,G06003717,Medium,False,False,False,0
518404,G06003717,Medium,False,False,False,0
518421,G06011108,High,False,False,False,0
518429,G06003743,Medium,False,False,False,0
518455,G06003711,High,False,False,False,1
518669,G06011102,High,False,False,True,0
518709,G06003738,Medium,False,False,False,0
518804,G06003743,High,False,False,False,0
22477,G06003714,Low,False,False,False,0
518878,G06003736,Low,False,False,True,0
518955,G06003713,Low,False,False,True,0
22413,G06003716,Low,True,True,False,0
518996,G06011108,Medium,False,False,False,0
519107,G06003772,High,True,True,False,0
519118,G06003738,High,False,False,False,0
519137,G06003737,High,False,False,False,1
22684,G06003738,Medium,False,False,False,0
517774,G06003711,High,True,True,False,0
23242,G06003711,High,False,False,False,0
517794,G06011108,High,False,False,False,0
23229,G06003714,High,False,False,False,0
23225,G06011108,High,True,True,False,0
517821,G06003717,High,False,False,False,0
23160,G06003712,Medium,False,False,False,0
517864,G06011107,Medium,False,False,False,0
517981,G06003715,High,False,False,False,0
518181,G06003743,High,False,False,False,0
22867,G06003711,Medium,False,False,False,0
518226,G06003713,Medium,False,False,False,0
518287,G06003771,Low,False,False,False,0
520352,G06003771,Low,False,False,False,0
21540,G06003736,Medium,False,False,False,0
21509,G06003774,Low,False,False,True,0
21461,G06003712,High,False,False,False,0
21441,G06003740,Low,False,False,False,1
21434,G06011108,Medium,True,True,False,0
520714,G06003713,High,False,False,False,0
520826,G06003739,Medium,False,False,False,0
21119,G06003771,Low,False,False,False,0
521120,G06003712,High,False,False,False,0
521311,G06003740,High,False,False,False,0
521363,G06003709,Low,False,False,False,0
521398,G06003717,Medium,False,False,False,0
521416,G06003738,High,False,False,True,1
21648,G06003717,Low,False,False,True,0
22154,G06003737,Medium,False,False,True,0
519438,G06003771,High,True,True,False,0
519481,G06003718,Medium,False,False,False,0
519528,G06003717,High,False,False,False,0
519654,G06003740,Low,True,True,False,0
519729,G06003718,High,False,False,True,0
22000,G06003737,High,True,True,False,0
21956,G06003771,Medium,False,False,False,0
519904,G06011107,High,True,True,False,0
21821,G06003754,Medium,False,False,False,0
21798,G06011102,Medium,False,False,False,0
520040,G06003712,High,False,False,False,0
520086,G06003717,Low,False,False,False,0
21710,G06011108,High,False,False,False,0
21890,G06003754,Medium,False,False,True,0
482491,G06011102,High,False,False,False,0
526224,G06011102,Medium,False,False,False,0
526360,G06003717,High,False,False,False,0
14097,G06003743,High,False,False,False,0
531269,G06003737,High,False,False,False,0
531346,G06003710,High,False,False,False,0
14000,G06003714,High,False,False,False,0
13963,G06003774,High,False,False,False,0
13935,G06003712,Medium,False,False,False,0
531432,G06003774,High,False,False,False,0
13844,G06003772,High,False,False,False,0
531576,G06003739,Medium,False,False,False,0
13467,G06003714,Medium,False,False,True,0
531217,G06003738,Low,False,False,True,0
14679,G06003716,High,False,False,False,0
14670,G06003712,Low,False,False,False,0
530738,G06003718,Medium,False,False,False,0
14557,G06003713,Medium,False,False,False,0
530782,G06003743,High,False,False,False,0
14519,G06003739,Low,False,False,False,0
530829,G06003717,Medium,False,False,False,0
530840,G06011102,High,True,True,False,0
14440,G06011108,Medium,False,False,False,0
14256,G06003715,Low,False,False,False,0
14247,G06003736,High,False,False,False,0
531031,G06003714,Medium,False,False,False,0
14225,G06003718,High,False,False,False,1
14202,G06003771,Low,False,False,False,0
531135,G06003717,Low,False,False,False,0
532082,G06003715,High,False,False,False,0
13401,G06003712,Medium,False,False,False,0
533079,G06011108,Medium,False,False,True,0
12881,G06003714,High,False,False,True,0
533129,G06003709,High,False,False,False,0
12690,G06003717,High,True,True,False,0
12472,G06003743,Low,False,False,False,0
533783,G06003709,High,True,True,False,0
533900,G06011109,High,False,False,False,0
534017,G06003739,Medium,False,False,False,0
12905,G06003711,Medium,False,False,False,0
12910,G06011102,Medium,False,False,False,0
532296,G06003740,High,False,False,False,0
532363,G06003771,Low,True,True,False,0
532436,G06003743,High,False,False,False,0
13264,G06011108,High,True,True,False,0
13242,G06003737,High,False,False,False,0
532559,G06003739,Medium,False,False,False,0
532561,G06003736,Medium,False,False,True,0
532984,G06003717,Medium,False,False,False,0
532993,G06011102,High,False,False,False,0
12935,G06003774,High,False,False,False,1
14739,G06003754,High,False,False,True,0
16569,G06003738,Low,False,False,False,0
16548,G06003740,Low,False,False,False,0
16465,G06003713,Medium,True,True,False,0
16398,G06003718,Low,False,False,False,0
527807,G06003717,Medium,False,False,False,0
527846,G06003710,Low,True,True,False,0
16330,G06003718,Low,False,False,False,0
16262,G06003718,Low,False,False,False,0
528016,G06003743,Medium,True,True,True,0
528067,G06003772,Low,False,False,True,0
528078,G06003737,Medium,False,False,False,0
528121,G06003718,Medium,False,False,False,0
527470,G06003713,High,False,False,False,0
528184,G06003739,Medium,False,False,False,0
527460,G06003717,High,True,True,False,0
526402,G06003743,Medium,False,False,False,0
17441,G06003712,High,False,False,False,0
526593,G06003718,Medium,False,False,False,0
17226,G06003718,Medium,False,False,False,1
526672,G06003712,Medium,False,False,False,0
526735,G06003714,High,False,False,False,0
526768,G06003771,Medium,False,False,False,0
526769,G06011107,Low,False,False,False,0
526927,G06003715,High,False,False,False,0
526969,G06003743,Medium,False,False,False,0
527047,G06011107,High,False,False,False,0
527058,G06011102,High,True,True,True,0
16927,G06003718,High,False,False,False,0
527329,G06003709,Low,False,False,False,0
16683,G06003736,High,False,False,False,0
527390,G06003714,Medium,False,False,False,0
528213,G06011108,Medium,False,False,True,0
16063,G06003717,High,True,True,False,0
529680,G06003736,High,False,False,False,0
529725,G06003713,High,False,False,False,0
529753,G06003716,High,True,True,False,0
529757,G06003771,High,True,True,False,0
529856,G06003771,High,False,False,False,0
529867,G06003718,Medium,False,False,False,0
530018,G06003718,High,False,False,False,0
530120,G06003709,Low,False,False,False,0
530199,G06011108,High,False,False,False,0
530252,G06003737,High,False,False,False,0
14746,G06003737,Medium,False,False,False,0
529615,G06003771,Low,False,False,False,0
529580,G06003711,Low,False,False,True,0
529549,G06003713,High,False,False,False,0
16013,G06003714,Medium,False,False,False,0
528366,G06003771,Medium,False,False,False,0
528535,G06003739,High,False,False,False,0
528606,G06003740,High,True,True,False,0
15476,G06003711,High,False,False,False,0
15427,G06003739,High,True,True,False,0
529031,G06011108,High,True,True,False,0
15291,G06003737,High,False,False,True,0
529280,G06003738,Medium,False,False,False,0
529301,G06011102,Low,False,False,False,0
482340,G06003774,Medium,False,False,False,0
47995,G06003716,Low,False,False,False,0
435783,G06003740,High,True,True,False,0
81029,G06003711,High,False,False,False,0
80922,G06011102,Medium,False,False,False,0
80889,G06003774,Medium,False,False,False,0
80818,G06003709,High,False,False,False,0
436130,G06003738,Low,False,False,False,0
80733,G06003740,Low,False,False,False,0
436218,G06003711,Medium,False,False,False,0
80689,G06003710,Low,True,True,False,0
436405,G06011109,Low,False,False,False,0
436431,G06011107,Low,False,False,False,0
80417,G06003743,High,False,False,False,0
435571,G06003718,Medium,False,False,True,0
82003,G06003715,Medium,False,False,False,0
434918,G06003711,High,False,False,True,0
435024,G06003739,High,False,False,False,0
435039,G06003718,Low,False,False,False,0
435058,G06003740,High,False,False,False,1
435149,G06003737,Low,False,False,False,0
81628,G06003771,Low,False,False,False,1
435333,G06003739,Medium,False,False,False,1
435392,G06011102,High,False,False,False,0
80410,G06003712,High,True,True,False,0
437589,G06003713,Medium,False,False,False,0
79678,G06003715,Medium,False,False,False,0
437598,G06003738,Medium,False,False,False,0
79663,G06003743,Medium,False,False,False,0
79453,G06003736,Low,False,False,False,0
437922,G06003718,Medium,False,False,True,0
79324,G06003738,High,False,False,False,0
438003,G06003771,High,False,False,False,0
438014,G06011107,Medium,False,False,False,0
438110,G06003710,Medium,False,False,False,0
438227,G06003717,Medium,False,False,False,0
79070,G06011108,Medium,False,False,False,0
438370,G06003771,High,False,False,False,0
79713,G06003717,Low,False,False,True,0
437531,G06003740,Medium,False,False,False,0
436792,G06003714,Low,False,False,False,0
436881,G06003774,Medium,False,False,False,0
436884,G06003711,High,False,False,False,0
80149,G06003743,High,False,False,False,0
437028,G06003754,Low,False,False,False,0
437082,G06003711,High,False,False,False,0
437322,G06003718,High,False,False,False,0
437443,G06003709,Medium,False,False,False,0
434591,G06003736,High,False,False,False,0
84835,G06011107,High,True,True,True,0
84780,G06003714,High,False,False,False,0
431705,G06003717,High,True,True,False,0
84774,G06003737,High,False,False,False,0
431845,G06011108,High,False,False,True,0
431865,G06003739,Medium,False,False,False,0
431881,G06003771,Low,False,False,False,1
84411,G06003718,Low,False,False,False,0
432232,G06003713,High,True,True,False,0
84218,G06011107,Medium,False,False,False,0
315661,G06003740,Low,False,False,False,0
84192,G06011108,Low,False,False,False,0
431570,G06003715,Medium,False,False,False,0
84169,G06003714,Low,False,False,True,0
430812,G06003739,Medium,False,False,False,0
85456,G06003743,High,False,False,True,0
430909,G06003739,High,False,False,False,0
85380,G06003718,High,False,False,False,0
85224,G06003713,High,False,False,False,0
431145,G06003772,Low,False,False,False,0
85129,G06011107,High,False,False,False,0
431355,G06003754,Medium,True,True,False,0
431393,G06003716,Medium,False,False,False,0
84987,G06003714,High,False,False,False,0
431428,G06003771,Low,False,False,False,0
431479,G06003717,Medium,False,False,False,0
432444,G06003718,Low,False,False,False,0
433921,G06003717,Low,False,False,False,0
433962,G06003711,High,True,True,True,0
434197,G06003743,Medium,False,False,False,0
434208,G06011107,Low,True,True,False,0
434241,G06003743,Low,False,False,False,0
434264,G06003739,High,False,False,False,0
434376,G06003711,Medium,False,False,True,0
82301,G06011102,Medium,False,False,False,0
434394,G06003713,High,True,True,False,0
434531,G06003710,Medium,False,False,False,0
434553,G06003717,Medium,False,False,False,0
433702,G06003715,Medium,False,False,False,0
433695,G06003738,High,False,False,False,0
82958,G06003717,Low,False,False,False,0
432541,G06003711,High,False,False,False,0
432659,G06003711,High,False,False,False,0
83830,G06003711,High,True,True,False,0
83778,G06003754,Medium,False,False,False,0
432962,G06003743,Low,True,True,False,0
438493,G06003739,Medium,False,False,False,0
83479,G06003709,Medium,False,False,False,0
83399,G06003738,Medium,False,False,False,0
433332,G06003739,Medium,False,False,True,0
83243,G06003771,Medium,False,False,False,0
433409,G06003712,High,False,False,True,0
433511,G06011102,Medium,False,False,False,0
438610,G06003709,High,False,False,False,0
75077,G06003737,High,False,False,False,0
443728,G06003739,Medium,False,False,False,0
74816,G06003711,High,False,False,False,0
74810,G06003711,High,False,False,False,0
444018,G06003736,Medium,False,False,False,0
444023,G06003754,High,False,False,False,0
74681,G06003714,Low,False,False,False,0
74631,G06003737,Medium,False,False,False,0
444296,G06003771,High,False,False,False,0
74572,G06011109,High,False,False,False,1
444460,G06003713,High,False,False,False,0
444522,G06003754,Medium,False,False,False,0
444581,G06003754,Medium,False,False,False,0
444582,G06003710,High,False,False,False,0
74305,G06003712,High,False,False,False,0
444738,G06003774,Medium,False,False,False,0
74238,G06003754,High,False,False,False,0
442686,G06003771,High,True,True,True,0
75651,G06003736,High,False,False,False,0
442813,G06003714,Medium,True,True,True,0
442933,G06003711,Low,False,False,False,0
442943,G06003736,Medium,False,False,False,0
443102,G06003710,Low,False,False,False,0
443133,G06003715,Medium,True,True,True,1
75436,G06003771,High,False,False,True,0
75384,G06003717,Low,False,False,False,0
75276,G06011102,High,False,False,False,0
75232,G06003713,High,True,True,True,0
443476,G06003713,Low,False,False,False,0
444825,G06003718,Medium,False,False,False,0
444847,G06003771,High,True,True,False,0
444891,G06003711,High,False,False,False,0
445983,G06003717,Medium,False,False,False,0
73448,G06003774,Medium,False,False,False,0
446195,G06003714,High,False,False,True,0
73382,G06003714,Medium,False,False,False,0
446313,G06003710,Low,False,False,False,0
446387,G06003716,Medium,False,False,False,0
446599,G06003717,High,False,False,False,0
72926,G06003709,High,True,True,False,0
446799,G06003715,High,False,False,False,0
445953,G06003739,Low,False,False,False,0
445898,G06003716,Medium,False,False,False,0
444975,G06003740,High,False,False,True,0
74186,G06003772,High,False,False,False,0
445061,G06003740,High,False,False,False,0
74102,G06003713,High,False,False,False,0
74087,G06011102,Medium,False,False,False,0
445196,G06003709,Medium,False,False,False,0
74046,G06003738,Medium,False,False,False,0
445266,G06003711,Medium,False,False,False,0
75829,G06011108,High,False,False,False,0
445526,G06003713,Low,True,True,False,0
445644,G06003743,High,False,False,False,0
445679,G06003772,High,False,False,False,0
445847,G06011107,High,False,False,False,0
445850,G06003714,High,False,False,True,0
445883,G06003712,Medium,False,False,True,0
430799,G06003718,High,False,False,False,0
76003,G06003736,High,False,False,False,0
439961,G06003740,High,False,False,False,0
440041,G06003737,Medium,False,False,False,0
77660,G06003718,Low,False,False,True,0
440223,G06003714,Low,False,False,False,0
440404,G06003715,Medium,False,False,False,0
440435,G06003709,High,False,False,False,0
77344,G06003711,Low,False,False,False,0
440572,G06003717,Low,False,False,False,0
439778,G06003712,Medium,False,False,False,0
78018,G06003754,Low,False,False,False,0
78759,G06003715,Low,False,False,False,0
78635,G06003754,Low,False,False,False,0
439190,G06011108,Medium,False,False,False,0
439197,G06003717,High,False,False,False,0
439209,G06003743,High,False,False,True,0
439229,G06003712,Medium,False,False,False,0
439337,G06003713,High,False,False,False,0
78285,G06003737,High,False,False,False,0
439432,G06003717,High,False,False,True,0
78154,G06003718,Medium,False,False,False,0
439564,G06003711,High,False,False,False,0
78082,G06003771,Medium,False,False,True,0
78027,G06003711,Medium,False,False,False,0
440672,G06003716,Low,False,False,False,0
441860,G06003717,High,False,False,True,1
441881,G06003737,High,False,False,False,0
441946,G06003718,Medium,False,False,False,0
442024,G06003774,Low,False,False,False,0
442034,G06003772,Medium,True,True,True,0
442136,G06003754,Low,False,False,False,0
442158,G06003736,High,False,False,False,0
76146,G06003710,Low,True,True,False,0
76082,G06003743,High,False,False,False,0
76024,G06011107,High,False,False,False,0
442414,G06003739,High,False,False,False,0
442436,G06003739,High,True,True,True,0
442450,G06003714,Medium,False,False,False,0
441671,G06003743,High,False,False,False,0
77211,G06003713,High,False,False,False,0
440740,G06003754,High,False,False,False,0
440761,G06003739,Medium,False,False,False,0
440864,G06011102,Medium,False,False,True,0
77123,G06003771,High,True,True,True,0
440894,G06003774,Medium,False,False,False,0
77114,G06003772,High,False,False,False,0
440942,G06003737,High,False,False,False,0
440959,G06003772,High,False,False,True,0
441032,G06011108,Low,False,False,True,0
76966,G06003771,High,False,False,False,0
441163,G06003737,Medium,False,False,False,0
441177,G06003716,Medium,False,False,False,0
441279,G06003739,Medium,False,False,False,0
76780,G06003714,Medium,False,False,False,0
418422,G06003712,High,False,False,False,0
93994,G06011107,Medium,False,False,False,0
418620,G06003715,Low,False,False,True,0
418669,G06003737,Low,False,False,False,0
418960,G06003717,Low,False,False,False,0
93499,G06003772,Medium,False,False,False,0
93394,G06003741,Medium,False,False,False,0
93257,G06003739,Medium,False,False,False,0
419512,G06003743,High,False,False,False,0
418217,G06003714,High,False,False,False,0
94857,G06003740,Medium,False,False,False,0
417209,G06003771,High,False,False,True,0
94813,G06003715,High,False,False,True,0
94762,G06003710,High,False,False,False,0
417387,G06003710,Medium,False,False,False,0
417462,G06011109,Medium,False,False,False,0
417513,G06003754,Medium,False,False,False,0
94660,G06003736,High,False,False,True,0
417675,G06003714,Low,False,False,False,0
417704,G06003740,High,False,False,True,0
94534,G06003710,High,False,False,False,0
94494,G06003743,High,True,True,False,0
418078,G06011108,High,True,True,False,0
418088,G06003718,Medium,False,False,False,0
94222,G06003739,Low,False,False,False,0
419645,G06003713,High,False,False,False,0
420943,G06003710,High,False,False,False,0
92150,G06003710,High,False,False,False,0
92001,G06003736,Medium,False,False,False,0
91903,G06011102,High,False,False,False,0
91844,G06011102,High,False,False,False,0
91836,G06003738,High,False,False,False,0
91804,G06011102,Medium,False,False,False,1
91803,G06003709,Low,False,False,False,0
91757,G06003710,Medium,False,False,False,0
91556,G06003771,Medium,False,False,False,0
422058,G06003738,Low,False,False,True,0
422144,G06003713,Low,False,False,False,0
422201,G06003772,Medium,True,True,False,0
91509,G06003737,Medium,False,False,False,0
92355,G06003715,Medium,False,False,False,0
420643,G06003771,Medium,False,False,False,0
92418,G06003739,High,True,True,False,0
92928,G06003710,Low,True,True,False,0
419743,G06003710,High,False,False,False,0
419788,G06003709,Medium,False,False,False,0
419826,G06003717,High,True,True,False,0
419890,G06003715,Low,False,False,False,0
420244,G06003754,Medium,False,False,False,0
420491,G06003739,High,False,False,False,0
91371,G06003713,Medium,False,False,False,0
417123,G06003710,Low,True,True,False,0
414220,G06003717,High,False,False,False,0
96660,G06003710,Medium,False,False,False,0
414338,G06003710,Medium,False,False,True,0
414378,G06003712,High,True,True,False,0
414399,G06003711,High,True,True,True,0
96508,G06003739,High,False,False,False,0
96485,G06003710,High,False,False,True,0
414767,G06003754,High,False,False,False,0
96477,G06003713,High,False,False,False,0
414862,G06003717,Low,False,False,False,0
96428,G06003771,High,False,False,False,0
414001,G06003710,High,False,False,False,0
97497,G06003717,Medium,True,True,False,0
413324,G06003709,Low,False,False,False,0
97107,G06003711,Medium,True,True,False,0
96986,G06003771,Low,False,False,False,0
96973,G06011108,Medium,True,True,False,0
413885,G06003717,Low,False,False,False,0
414912,G06003717,High,True,True,False,0
416305,G06011102,High,False,False,True,0
95388,G06003739,High,False,False,False,0
416443,G06003710,High,False,False,False,0
95353,G06011108,Low,False,False,False,0
416578,G06003771,Medium,False,False,False,0
95291,G06003717,High,False,False,False,0
95189,G06003738,Low,False,False,False,0
416749,G06003771,High,False,False,False,0
416830,G06003736,Medium,True,True,False,0
416864,G06003754,High,False,False,False,0
95588,G06011102,Medium,True,True,False,0
416235,G06003709,Medium,False,False,False,0
95648,G06003718,Medium,False,False,False,0
414999,G06003718,High,False,False,False,0
96386,G06003740,Medium,False,False,False,0
415045,G06003754,High,True,True,False,0
415047,G06003716,Low,False,False,False,0
415113,G06003711,High,True,True,False,0
415180,G06003717,Low,False,False,False,0
415362,G06003711,Medium,False,False,False,0
415421,G06003736,High,False,False,False,1
415696,G06003717,Low,True,True,False,0
96055,G06003713,Low,False,False,False,0
416036,G06003710,Low,False,False,False,0
416073,G06003712,Medium,True,True,True,0
95673,G06003743,Low,False,False,False,0
415717,G06003754,High,False,False,False,0
91364,G06011109,High,True,True,False,0
91345,G06003739,High,False,False,False,0
428186,G06011107,Low,False,False,True,0
87152,G06003711,High,False,False,False,0
87149,G06003713,Low,False,False,True,0
428270,G06003714,Low,False,False,True,0
428380,G06003718,High,False,False,False,0
428463,G06003774,Medium,True,True,True,0
428550,G06003716,Medium,False,False,False,0
87015,G06003743,High,False,False,False,0
428711,G06003717,Low,False,False,False,0
86912,G06003711,High,False,False,True,0
428732,G06003739,High,False,False,False,0
428851,G06011102,High,False,False,False,1
428989,G06003736,Medium,True,True,False,0
429102,G06011107,Medium,False,False,False,0
429121,G06011102,High,False,False,False,0
87267,G06003718,Medium,False,False,False,0
87358,G06003718,Medium,True,True,False,0
426890,G06003736,High,False,False,False,0
427030,G06003736,Medium,False,False,False,0
427098,G06003754,Medium,False,False,False,0
427134,G06003710,Medium,False,False,False,0
427219,G06003709,Medium,False,False,False,0
87851,G06003739,Low,False,False,False,0
87760,G06011102,High,False,False,False,0
427301,G06003774,Low,False,False,False,0
427478,G06003715,Medium,False,False,False,0
427712,G06003739,Low,True,True,False,0
87406,G06003771,Medium,False,False,False,0
87385,G06003718,Low,False,False,False,0
430315,G06003717,Low,False,False,True,0
85956,G06003771,High,False,False,False,1
430338,G06003774,High,False,False,False,0
85895,G06003713,Medium,False,False,False,0
85670,G06003717,High,False,False,False,0
430492,G06003715,Low,False,False,False,0
430522,G06003710,High,False,False,True,0
430533,G06003718,High,False,False,False,0
430577,G06003709,High,False,False,False,0
430620,G06003771,High,False,False,False,0
430668,G06003771,Medium,False,False,False,0
430695,G06011109,High,False,False,False,0
430278,G06003711,High,False,False,False,0
430263,G06011108,High,False,False,False,0
85969,G06003712,Medium,False,False,False,0
430120,G06003710,High,False,False,False,1
86589,G06003709,Low,False,False,False,0
86586,G06011108,Medium,False,False,False,0
429644,G06011107,High,False,False,False,0
429698,G06003714,Low,False,False,False,0
429809,G06003774,High,False,False,False,0
86194,G06003739,High,True,True,True,0
86168,G06003712,Medium,True,True,True,0
429893,G06003717,High,True,True,False,0
430059,G06003743,Medium,False,False,False,0
86063,G06003743,Low,False,False,False,0
430096,G06003771,Medium,False,False,False,0
422476,G06003710,Medium,False,False,False,0
426754,G06003718,Medium,False,False,False,0
426691,G06003715,Medium,False,False,False,0
423625,G06003711,High,False,False,False,0
90263,G06003774,High,False,False,False,0
90172,G06003717,High,False,False,False,0
423998,G06003754,High,False,False,False,0
424017,G06003718,Medium,True,True,False,0
424108,G06003740,Low,True,True,False,0
424161,G06003713,High,False,False,False,0
424213,G06003713,Medium,False,False,False,0
424305,G06003754,High,False,False,False,0
89895,G06011107,High,False,False,False,0
424370,G06003712,Low,False,False,False,0
424516,G06003736,Low,True,True,True,0
89811,G06011102,Low,True,True,False,0
91313,G06003737,Low,False,False,False,0
422807,G06003716,Medium,False,False,False,0
422831,G06003737,Medium,False,False,False,0
423232,G06011108,High,False,False,True,0
423366,G06003717,Low,True,True,False,0
90530,G06003737,High,False,False,False,0
423598,G06003711,Medium,False,False,False,1
424614,G06003772,High,True,True,True,0
424647,G06003711,High,False,False,False,0
424694,G06003717,Low,False,False,False,0
426124,G06003714,Medium,True,True,False,0
88662,G06003740,High,False,False,False,0
426276,G06003737,Medium,False,False,True,0
88500,G06003754,Medium,False,False,False,0
426538,G06003771,Medium,False,False,False,0
88858,G06003774,Medium,False,False,False,0
88863,G06003713,High,False,False,False,0
88910,G06003754,Medium,True,True,False,0
424719,G06003711,Medium,False,False,False,0
89711,G06003736,Low,False,False,True,0
89645,G06003737,High,False,False,True,0
424863,G06003718,Low,False,False,False,0
89537,G06003717,Low,False,False,False,0
89502,G06003709,High,False,False,False,0
425058,G06003718,High,False,False,False,0
426720,G06003736,Medium,False,False,False,0
425070,G06003736,Medium,False,False,False,0
425218,G06003736,High,False,False,False,1
89244,G06003709,Medium,True,True,False,0
89102,G06003709,High,False,False,True,0
89065,G06003740,High,False,False,False,0
425624,G06003740,Medium,True,True,False,1
89384,G06003738,Medium,False,False,True,0
72802,G06011102,High,False,False,False,0
469865,G06003717,High,False,False,True,0
56594,G06003754,Low,False,False,False,0
56502,G06011102,Medium,True,True,False,0
470018,G06003737,Medium,False,False,False,0
470033,G06003717,High,False,False,False,0
470178,G06003716,Medium,False,False,False,0
56218,G06003738,Medium,False,False,False,0
56132,G06011108,High,False,False,False,0
470627,G06003714,Low,False,False,False,0
56071,G06003714,High,False,False,True,0
470712,G06003709,Medium,False,False,False,0
470772,G06011108,Medium,False,False,True,0
56625,G06003714,Medium,False,False,False,0
56700,G06011108,Medium,False,False,True,0
57229,G06003710,High,False,False,False,0
57128,G06003717,Low,True,True,True,0
469160,G06003709,High,False,False,False,0
57023,G06003740,Medium,False,False,False,0
469237,G06003716,High,False,False,False,0
56868,G06003718,Medium,False,False,False,0
469577,G06011102,Low,True,True,False,0
469593,G06003716,High,False,False,False,0
56835,G06003715,High,False,False,False,0
56768,G06003736,Medium,False,False,False,0
56692,G06003739,Low,False,False,False,0
57246,G06003771,High,False,False,False,0
470932,G06003716,Low,False,False,False,0
55056,G06003717,Low,False,False,False,0
54917,G06003711,Medium,True,True,False,0
472200,G06003714,Low,False,False,False,0
472226,G06003771,High,False,False,True,0
472820,G06003774,Low,False,False,False,0
54644,G06003711,High,False,False,False,0
54625,G06003716,High,True,True,False,0
54585,G06003712,Medium,False,False,False,0
472989,G06003743,High,False,False,False,0
473151,G06011107,High,False,False,True,0
471104,G06003717,High,True,True,False,0
471114,G06003709,High,False,False,False,0
471304,G06003715,Medium,False,False,False,0
471351,G06003711,Medium,False,False,False,0
55599,G06003739,High,True,True,False,0
471423,G06003717,High,False,False,True,0
55588,G06003717,High,False,False,False,0
471444,G06003710,High,False,False,False,0
471514,G06003718,High,False,False,True,0
471590,G06003710,Medium,False,False,True,0
471613,G06003714,High,False,False,False,0
471614,G06003712,Low,False,False,False,0
55450,G06003737,High,True,True,False,0
55428,G06003736,High,False,False,False,0
57268,G06011108,Medium,False,False,False,0
59292,G06003709,High,True,True,False,0
59127,G06003737,Low,False,False,False,0
59115,G06003713,High,False,False,False,0
59106,G06003717,Low,False,False,False,0
466332,G06003714,Medium,False,False,False,0
466587,G06003737,Medium,True,True,False,0
466616,G06003743,High,False,False,False,0
58846,G06003771,Low,False,False,False,0
466746,G06003718,Medium,False,False,False,0
58724,G06003740,High,False,False,False,0
466883,G06003739,Low,True,True,False,0
466891,G06003709,Low,False,False,True,0
58543,G06003714,High,False,False,False,0
58484,G06003754,High,False,False,False,0
59336,G06003738,Medium,False,False,False,0
59635,G06003743,Medium,True,True,False,0
464570,G06003716,Medium,False,False,False,0
464584,G06003716,High,False,False,False,0
60320,G06003711,Low,False,False,True,0
60180,G06003709,High,False,False,False,0
465137,G06003774,Medium,False,False,False,0
60034,G06003771,Low,False,False,False,0
465343,G06011102,High,False,False,False,0
59909,G06003716,High,False,False,False,0
465450,G06003715,Medium,False,False,False,0
59794,G06003711,Medium,False,False,False,0
59385,G06003717,High,False,False,False,0
467043,G06003716,Low,False,False,False,0
467067,G06003771,High,True,True,False,0
58440,G06003717,High,True,True,False,0
468209,G06003718,High,False,False,False,0
468278,G06003738,High,False,False,False,0
57604,G06003715,Low,False,False,False,0
468489,G06003710,High,False,False,False,0
468494,G06003709,Low,False,False,False,0
468524,G06003771,Low,True,True,True,0
57517,G06011102,High,False,False,False,0
468560,G06011109,High,False,False,False,0
57509,G06003711,Medium,True,True,False,0
468597,G06003711,High,False,False,False,0
468600,G06011107,High,False,False,False,0
468671,G06003717,High,False,False,False,0
468724,G06003774,Low,False,False,False,0
468729,G06011107,High,False,False,False,0
468199,G06003716,High,False,False,False,0
468108,G06011102,Low,False,False,False,0
58267,G06003743,High,False,False,False,0
467331,G06003743,Low,False,False,False,0
467361,G06003738,Medium,False,False,False,0
54360,G06003714,Low,False,False,False,0
467606,G06003711,High,False,False,False,0
58133,G06003713,Medium,False,False,False,0
467630,G06011102,Low,False,False,False,0
467744,G06003754,Low,False,False,True,0
467755,G06003771,High,True,True,False,0
57901,G06003739,Low,False,False,False,0
57878,G06003710,Medium,True,True,False,0
467558,G06003739,Medium,True,True,False,0
479057,G06003718,Medium,True,True,False,0
50040,G06003772,Low,False,False,False,0
49994,G06003739,Low,False,False,False,0
49931,G06003737,Medium,False,False,False,0
49894,G06003710,Low,False,False,False,1
479366,G06003771,Low,False,False,False,0
479425,G06003754,Medium,False,False,False,0
49824,G06011102,Low,True,True,True,0
49785,G06003739,High,False,False,False,0
479483,G06011109,Low,False,False,False,0
479632,G06003717,High,False,False,False,0
479828,G06003736,High,False,False,False,0
479925,G06003754,Medium,False,False,False,0
478932,G06003710,Medium,True,True,True,0
478055,G06003736,Low,False,False,False,0
50778,G06003771,Medium,False,False,True,0
50739,G06003714,Medium,False,False,False,0
50695,G06003737,High,False,False,False,0
50666,G06003743,Low,False,False,False,1
478204,G06003709,High,False,False,False,0
478249,G06003709,High,False,False,False,0
478372,G06003711,Low,False,False,False,0
478484,G06011102,High,False,False,False,0
478540,G06003715,High,False,False,False,1
50434,G06003774,Low,False,False,True,0
50202,G06011108,Medium,False,False,True,0
478936,G06003714,Low,False,False,False,0
480062,G06003771,High,True,True,False,0
49483,G06003774,Medium,False,False,False,0
48889,G06003774,High,False,False,False,0
481292,G06003774,High,True,True,False,0
48744,G06003771,High,False,False,False,0
481484,G06003754,Low,False,False,False,1
48583,G06003716,High,False,False,False,0
481597,G06003754,High,False,False,False,0
48548,G06003772,Medium,False,False,False,0
48544,G06003710,Low,False,False,False,0
481772,G06011107,Low,False,False,False,0
48393,G06003771,Medium,False,False,False,0
481990,G06003771,Medium,False,False,False,0
48333,G06003717,Medium,False,False,True,0
482151,G06003711,Low,False,False,False,0
48276,G06003716,High,False,False,True,0
482296,G06003772,Medium,False,False,False,0
49452,G06003712,Medium,False,False,True,0
480176,G06003711,Medium,False,False,False,0
49450,G06011108,High,True,True,False,0
49426,G06003718,High,True,True,True,0
480282,G06003718,Low,False,False,False,0
480411,G06003715,Medium,False,False,False,0
50807,G06003740,High,False,False,False,0
480561,G06003737,High,False,False,False,0
480629,G06003715,High,False,False,False,1
49113,G06011107,High,False,False,False,0
480706,G06003771,High,False,False,False,0
480712,G06003709,High,False,False,False,0
49091,G06003739,Medium,False,False,False,0
49058,G06003710,High,False,False,False,0
49232,G06003715,High,False,False,False,0
60483,G06003718,Low,False,False,False,0
50899,G06003754,High,False,False,False,0
474568,G06011102,Low,False,False,False,0
474602,G06003716,High,True,True,False,0
474617,G06003772,High,False,False,False,0
474646,G06011107,High,False,False,False,0
53144,G06011107,High,False,False,False,0
53111,G06003713,Low,False,False,False,0
53044,G06003709,High,False,False,False,0
474788,G06003738,Low,False,False,False,0
474944,G06003717,High,False,False,False,0
474992,G06011107,Medium,False,False,False,0
52910,G06003740,Low,False,False,False,0
52853,G06003738,Low,False,False,False,0
475138,G06003739,High,False,False,False,0
52771,G06003736,Medium,False,False,False,0
474563,G06003717,Medium,False,False,False,0
53255,G06003718,High,False,False,False,0
474438,G06003716,Low,False,False,False,0
473419,G06003743,Medium,False,False,False,0
54178,G06003754,Medium,False,False,False,0
473653,G06003717,High,False,False,False,0
473671,G06003718,High,False,False,False,0
53668,G06011108,Medium,True,True,True,0
474298,G06003717,Medium,False,False,False,0
474432,G06003738,Medium,False,False,False,0
53286,G06011107,Medium,False,False,False,0
52713,G06003739,Medium,False,False,False,0
475431,G06011102,High,True,True,False,0
475437,G06003740,Low,False,False,False,0
476851,G06003713,Low,False,False,True,0
51385,G06003772,High,True,True,False,0
477252,G06003738,Medium,False,False,False,0
477268,G06003737,Medium,True,True,False,0
477283,G06003711,High,False,False,True,0
477353,G06003709,High,False,False,False,0
477365,G06003711,Low,False,False,True,0
477398,G06003717,High,False,False,True,0
477520,G06003711,High,False,False,False,0
51068,G06011107,Low,True,True,False,0
477646,G06003712,Low,False,False,False,0
477734,G06003771,Medium,False,False,False,0
50986,G06003711,Medium,False,False,True,0
50912,G06003739,High,False,False,False,0
476763,G06003717,High,False,False,False,0
476600,G06003711,Medium,False,False,False,0
51913,G06003740,Low,False,False,True,0
475639,G06003743,High,False,False,False,0
475797,G06003712,High,True,True,True,0
475853,G06003743,Low,False,False,False,1
52471,G06003736,Low,False,False,False,0
475911,G06003739,High,True,True,False,0
477924,G06003740,High,True,True,False,0
476178,G06003711,High,True,True,False,0
52186,G06003717,Medium,False,False,False,0
52026,G06003715,High,False,False,False,0
476440,G06003736,Medium,False,False,True,0
476585,G06003718,High,False,False,False,0
464435,G06003710,High,False,False,False,0
464402,G06003718,Medium,False,False,False,0
464349,G06003718,Low,False,False,False,0
68599,G06003738,Low,False,False,False,1
453569,G06011102,Medium,False,False,False,0
453612,G06011109,High,False,False,False,0
68489,G06003754,Medium,False,False,False,0
68474,G06003739,Medium,False,False,False,0
453693,G06003740,High,False,False,False,0
453952,G06003710,Medium,True,True,False,0
68233,G06003736,Medium,False,False,False,0
68101,G06003771,High,False,False,False,0
454153,G06011102,Medium,False,False,False,1
454302,G06003712,Medium,False,False,False,0
453153,G06003717,Medium,False,False,False,0
452053,G06003713,Medium,False,False,False,0
452072,G06003737,Low,False,False,False,0
69605,G06003716,High,False,False,False,0
452285,G06003711,Medium,True,True,False,0
452512,G06003711,Low,False,False,True,0
69053,G06011108,Medium,False,False,False,0
452830,G06003712,High,False,False,False,0
68959,G06003737,Medium,True,True,True,0
453001,G06011108,Low,False,False,True,0
453108,G06003737,High,False,False,True,0
454416,G06003738,Low,False,False,False,0
454431,G06011107,High,False,False,False,0
454477,G06003714,High,False,False,False,0
455839,G06011108,High,False,False,False,0
66825,G06003737,Medium,False,False,False,0
66823,G06003737,High,False,False,False,0
66779,G06003772,High,False,False,False,0
456071,G06003714,Medium,False,False,True,0
66515,G06003717,Medium,False,False,False,0
456290,G06003774,High,False,False,True,0
456307,G06011107,Medium,False,False,False,0
456387,G06003740,Medium,True,True,False,0
456398,G06003711,Medium,False,False,True,0
456523,G06003715,High,False,False,True,0
456579,G06003771,Medium,False,False,True,0
456589,G06003718,Low,False,False,False,0
456613,G06003714,Medium,False,False,True,0
455614,G06003709,High,False,False,False,0
455490,G06003754,Low,False,False,False,0
454556,G06003774,High,False,False,False,0
454653,G06003714,Medium,False,False,True,0
454713,G06011102,High,False,False,False,0
67608,G06011109,Medium,False,False,False,0
454773,G06011108,High,False,False,False,0
454891,G06011102,Low,True,True,True,0
455183,G06003739,High,False,False,False,1
67257,G06003739,High,False,False,False,0
455292,G06003740,High,True,True,False,0
455323,G06003740,High,False,False,False,0
455333,G06003713,Medium,False,False,False,0
455442,G06003711,Medium,True,True,False,0
455443,G06003710,Medium,True,True,True,0
67478,G06003718,Medium,False,False,False,0
69725,G06011102,Medium,False,False,False,0
71930,G06003713,Low,False,False,False,0
448522,G06003712,Low,False,False,True,0
448545,G06003710,Medium,False,False,False,0
448576,G06003737,High,False,False,False,1
448675,G06003711,High,False,False,False,0
448819,G06003771,Medium,False,False,False,0
448828,G06003718,Medium,False,False,False,0
448898,G06003754,Low,False,False,False,0
449153,G06011102,High,False,False,False,0
449457,G06011102,Low,True,True,False,1
448278,G06003712,Low,False,False,False,0
71361,G06003718,Low,False,False,False,0
72134,G06003710,High,False,False,False,0
448114,G06003714,High,False,False,False,0
447276,G06003711,High,False,False,False,0
447342,G06003718,Medium,False,False,False,0
72694,G06011108,Medium,False,False,True,0
447436,G06011107,Medium,False,False,False,0
447452,G06003740,High,False,False,False,0
447453,G06003736,Low,False,False,False,0
72534,G06003754,High,True,True,False,0
72292,G06003713,High,False,False,False,0
72265,G06003711,Low,False,False,True,0
72262,G06003710,Low,False,False,False,0
447966,G06003774,High,False,False,False,1
448064,G06003714,High,False,False,False,0
72157,G06003771,High,False,False,True,0
71277,G06003716,Low,False,False,False,0
449714,G06003711,High,False,False,False,0
70383,G06011107,Medium,True,True,False,0
451136,G06003717,Low,False,False,False,0
70264,G06003713,High,False,False,False,0
451240,G06003739,High,False,False,False,0
70097,G06003713,Medium,False,False,False,0
451531,G06003771,High,False,False,False,0
451724,G06003771,High,False,False,False,0
69918,G06003736,High,False,False,False,0
69767,G06003736,High,False,False,False,0
451905,G06003714,High,False,False,False,0
451113,G06003737,High,False,False,False,0
70388,G06003712,High,False,False,True,0
449716,G06003772,Medium,False,False,False,0
449792,G06003710,High,False,False,False,0
71127,G06003714,High,False,False,False,0
450385,G06003711,High,False,False,False,0
70701,G06003711,High,True,True,False,0
70546,G06011107,Low,False,False,False,0
70475,G06003715,Low,False,False,False,0
456632,G06003717,Medium,False,False,False,0
62140,G06003737,Medium,False,False,False,0
461761,G06003736,Medium,False,False,True,0
62075,G06003718,Low,False,False,False,0
62019,G06003718,Medium,False,False,False,0
62005,G06011107,Medium,False,False,True,0
461992,G06003710,Medium,False,False,False,0
61889,G06003736,Medium,False,False,False,0
462055,G06003712,High,False,False,False,0
61764,G06003738,Medium,False,False,False,0
61688,G06003738,Medium,False,False,False,1
461676,G06003740,High,False,False,False,0
462393,G06003738,Medium,False,False,False,0
62304,G06003712,High,False,False,False,0
62858,G06003709,Low,False,False,False,0
461043,G06003714,Medium,False,False,False,1
461160,G06003718,Low,False,False,False,0
461165,G06003710,High,False,False,False,0
62588,G06003771,Medium,False,False,False,0
461247,G06003737,Medium,False,False,False,0
461280,G06003737,Low,False,False,False,0
62547,G06003709,Medium,False,False,False,0
62507,G06003717,Medium,False,False,False,0
461468,G06011108,Medium,True,True,False,0
62371,G06003771,Medium,False,False,True,0
61579,G06003736,Medium,True,True,False,0
462441,G06011102,Medium,False,False,True,0
463585,G06003713,Medium,False,False,True,0
463641,G06003718,Low,False,False,False,0
463667,G06003739,High,True,True,False,0
60916,G06003711,Medium,False,False,False,0
463703,G06003718,Medium,True,True,False,0
463718,G06003710,High,False,False,False,0
463743,G06003710,Medium,False,False,False,0
463815,G06003738,High,False,False,True,0
60774,G06003772,Low,False,False,True,0
464153,G06003710,Low,False,False,False,0
464204,G06003771,Medium,True,True,False,0
60700,G06003738,High,False,False,False,0
463550,G06003743,High,False,False,False,0
463452,G06003711,Medium,False,False,False,0
61053,G06011102,Medium,False,False,False,1
463249,G06003709,Low,False,False,False,0
462507,G06003739,High,False,False,False,0
462511,G06003716,High,False,False,False,0
462652,G06003738,High,True,True,False,0
61394,G06003712,High,False,False,False,0
62879,G06003736,High,True,True,False,0
61267,G06003718,High,False,False,True,0
61257,G06003718,Low,False,False,False,0
61146,G06003736,High,True,True,False,0
463110,G06003709,Low,False,False,False,0
463142,G06003718,Low,False,False,False,0
61138,G06003739,Medium,False,False,False,0
463168,G06003738,Low,False,False,False,0
463189,G06011102,High,False,False,False,0
457975,G06003737,Low,False,False,False,1
458029,G06003740,High,False,False,False,0
458105,G06003710,Medium,False,False,False,0
64655,G06003771,Low,False,False,False,0
458400,G06003710,Medium,False,False,False,0
458443,G06003739,Medium,False,False,False,0
458548,G06003710,Low,False,False,False,0
64393,G06003711,Medium,False,False,False,0
458581,G06003712,High,False,False,False,0
64362,G06003738,High,False,False,False,0
457721,G06003710,Medium,False,False,False,0
64260,G06003717,Medium,False,False,False,0
456784,G06003709,High,False,False,False,0
456786,G06003754,Medium,True,True,False,0
456892,G06003717,High,False,False,True,0
65854,G06003714,High,False,False,True,0
65803,G06003718,High,False,False,False,0
65671,G06003710,Medium,False,False,False,0
65628,G06003718,High,False,False,False,0
457229,G06003739,Medium,False,False,False,0
457352,G06003715,Medium,False,False,False,0
457434,G06003715,Low,False,False,False,1
457471,G06003709,High,False,False,False,0
457523,G06003711,Low,False,False,False,0
457537,G06003738,Low,False,False,False,1
457601,G06003710,Low,True,True,False,0
63558,G06003771,Medium,False,False,False,0
63539,G06003739,High,False,False,False,0
63473,G06003712,High,False,False,False,0
63283,G06003718,Medium,False,False,False,0
460364,G06003709,Medium,False,False,False,0
63231,G06003717,Low,False,False,False,0
63187,G06003713,Medium,False,False,False,0
460406,G06003718,High,False,False,False,0
460510,G06003737,Medium,False,False,False,0
459662,G06003709,Medium,False,False,False,0
64171,G06003710,High,False,False,False,0
458971,G06003774,High,True,True,False,0
459040,G06003712,Medium,False,False,False,0
64109,G06003718,High,False,False,False,0
459173,G06003710,Low,False,False,False,0
64019,G06011107,High,False,False,False,0
459223,G06003710,High,True,True,False,0
459345,G06003718,Medium,False,False,False,0
63767,G06003718,High,False,False,False,0
459492,G06003771,High,False,False,False,0
459539,G06003771,Low,False,False,False,0
459580,G06011102,Medium,False,False,False,0
459623,G06003714,Medium,True,True,True,0
389462,G06003712,High,False,False,False,0
280343,G06003712,High,True,True,True,1
175409,G06003718,Low,False,False,False,0
298218,G06003739,High,False,False,True,0
253163,G06003743,Medium,False,False,False,0
194036,G06003717,High,True,True,False,0
213551,G06003711,Low,True,True,False,0
280433,G06003718,Medium,False,False,False,0
214037,G06003711,Medium,True,True,False,0
175299,G06003743,Medium,False,False,False,0
280556,G06003717,Medium,False,False,False,0
252821,G06011108,Medium,False,False,False,0
193899,G06003740,High,False,False,False,0
213928,G06003714,High,False,False,False,0
307737,G06003774,Medium,False,False,False,0
193906,G06003740,High,True,True,False,0
193945,G06003717,Medium,False,False,False,0
253017,G06003737,Medium,False,False,False,0
307414,G06003709,Medium,False,False,False,0
213168,G06003715,High,False,False,False,0
307375,G06003774,Low,False,False,False,0
253895,G06003739,Medium,False,False,True,0
175705,G06003709,High,False,False,False,0
181599,G06003738,High,False,False,False,0
181584,G06003717,High,False,False,False,0
254012,G06003738,High,False,False,False,0
307306,G06003709,Medium,True,True,True,0
254040,G06003772,High,True,True,False,0
181525,G06003712,High,False,False,False,0
213536,G06003738,High,False,False,False,0
307432,G06003717,Low,False,False,False,0
280139,G06003739,High,True,True,False,0
307460,G06003712,High,False,False,False,0
213328,G06003715,High,True,True,False,0
307441,G06003774,High,False,False,False,0
194268,G06003717,Low,False,False,False,0
194329,G06003743,High,False,False,False,0
194383,G06003771,Medium,True,True,False,0
298301,G06003772,High,False,False,False,0
307809,G06003716,High,False,False,False,0
214843,G06003714,Low,False,False,False,0
214804,G06003737,Medium,True,True,False,0
193584,G06003710,High,False,False,False,0
251810,G06003754,High,False,False,False,0
251873,G06003717,High,False,False,False,0
193600,G06003771,Low,False,False,False,0
251946,G06003772,Medium,False,False,False,1
193659,G06003754,Medium,False,False,False,0
251969,G06003709,Medium,False,False,False,0
250985,G06003710,Low,False,False,False,0
251184,G06003711,Medium,False,False,False,0
174808,G06003754,High,False,False,False,0
251255,G06003738,High,False,False,False,0
251357,G06011107,Low,False,False,False,0
251388,G06003714,High,False,False,False,0
281266,G06003754,Medium,True,True,True,0
297787,G06003771,Medium,False,False,False,0
251604,G06003739,High,False,False,False,0
251645,G06003739,Medium,False,False,False,0
280985,G06003754,Low,True,True,False,0
214513,G06003739,Low,False,False,False,0
252357,G06003772,High,True,True,False,0
214441,G06011109,Low,False,False,False,0
193808,G06003711,High,True,True,False,0
214341,G06003754,High,False,False,False,0
214288,G06003717,Low,False,False,False,0
252517,G06003714,Low,False,False,False,0
193681,G06003737,High,False,False,False,0
175001,G06003711,High,False,False,False,0
175023,G06003736,High,False,False,False,0
297916,G06003710,Medium,False,False,False,0
254057,G06003717,Low,False,False,False,0
252057,G06003774,High,False,False,False,0
214583,G06003740,Low,False,False,False,0
280814,G06003772,High,False,False,False,0
280810,G06003736,Low,False,False,False,0
252047,G06011109,Medium,False,False,False,0
194436,G06003718,Low,False,False,False,0
181516,G06003718,High,False,False,False,0
256277,G06003711,High,True,True,False,0
256344,G06003712,Medium,False,False,False,0
278411,G06003716,Low,False,False,False,0
211613,G06003717,Medium,False,False,False,0
211608,G06003736,High,True,True,False,0
278364,G06011108,High,False,False,True,0
278338,G06003740,Low,False,False,False,0
211426,G06003771,Low,False,False,False,0
211735,G06003710,Low,True,True,True,0
211975,G06003754,High,False,False,False,0
255665,G06011109,Medium,False,False,False,0
278567,G06003711,Medium,False,False,False,1
195452,G06003738,Low,False,False,True,0
255796,G06003740,High,False,False,False,0
181231,G06003714,High,False,False,False,0
255814,G06003737,High,False,False,False,0
255848,G06011107,Medium,False,False,False,0
255883,G06003743,Medium,True,True,False,0
256000,G06003716,High,False,False,False,0
256070,G06003738,High,False,False,False,1
195685,G06003739,Medium,False,False,False,0
210899,G06003740,High,False,False,False,0
277782,G06003714,High,False,False,False,0
306232,G06011102,High,False,False,False,0
306212,G06003771,High,False,False,False,0
196042,G06003717,Medium,False,False,False,0
277661,G06003710,Medium,False,False,True,0
257667,G06003709,Low,False,False,False,0
181119,G06003771,High,False,False,False,1
256872,G06011102,High,False,False,False,1
181172,G06003709,Medium,False,False,False,0
211248,G06003771,High,True,True,False,0
195799,G06003736,High,True,True,False,0
257191,G06003716,Medium,False,False,False,0
210967,G06003716,Low,False,False,False,0
257275,G06003717,High,False,False,False,0
306290,G06011107,Low,False,False,False,0
281406,G06003737,High,False,False,False,0
254455,G06003738,Medium,False,False,False,0
298513,G06003712,High,False,False,False,0
175790,G06003739,High,False,False,False,0
254523,G06003739,Medium,False,False,True,0
194761,G06003716,Medium,False,False,False,0
194764,G06011102,High,True,True,False,0
254649,G06003736,Medium,False,False,False,0
194765,G06003772,Medium,False,False,False,0
254739,G06003710,Low,False,False,False,0
194799,G06003711,Medium,False,False,False,0
307050,G06003713,Low,False,False,False,0
194671,G06003710,High,False,False,False,0
298506,G06003738,Low,False,False,False,0
181450,G06003740,High,False,False,False,0
254126,G06011108,High,False,False,False,0
175714,G06003743,Medium,True,True,False,0
194454,G06003736,Low,False,False,False,1
279615,G06003736,Medium,False,False,False,0
194611,G06003771,High,False,False,True,0
212950,G06003715,Low,False,False,False,0
212932,G06003716,Low,False,False,False,0
212868,G06003771,High,True,True,False,0
279477,G06003771,Low,False,False,True,0
307020,G06003736,Medium,False,False,False,0
195264,G06003712,High,False,False,True,0
278848,G06003716,High,True,True,False,0
212241,G06011108,High,False,False,False,0
255456,G06011108,Medium,True,True,False,0
278679,G06011102,High,True,True,False,0
278602,G06003738,Medium,False,False,False,0
212023,G06011108,Medium,False,False,False,0
212014,G06003772,High,False,False,False,0
195182,G06003740,High,False,False,True,0
212305,G06003709,High,False,False,False,0
306991,G06011108,High,False,False,False,0
175887,G06003739,Low,False,False,False,0
254838,G06003716,High,False,False,False,0
279197,G06003715,High,False,False,False,0
212538,G06003716,High,False,False,True,0
254903,G06003739,Medium,False,False,False,0
279050,G06003771,Medium,False,False,False,1
278571,G06003715,High,True,True,True,0
255165,G06003710,Medium,False,False,False,0
195105,G06003774,High,True,True,True,0
212321,G06003737,High,False,False,False,0
212453,G06003718,High,False,False,False,0
250898,G06003712,High,False,False,False,0
215248,G06003737,High,False,False,True,0
218020,G06003738,Low,False,False,False,0
217956,G06003713,Low,False,False,False,0
173682,G06003714,Medium,False,False,False,0
182653,G06003774,High,False,False,True,0
247036,G06003738,High,False,False,False,0
217872,G06003736,Medium,False,False,True,0
217868,G06003712,Medium,False,False,False,0
191792,G06003713,Low,False,False,False,0
296883,G06003739,Medium,False,False,False,0
191424,G06003738,High,False,False,False,0
218281,G06003736,High,False,False,False,0
296721,G06003718,High,False,False,False,0
218167,G06003717,High,False,False,False,0
283660,G06003711,Medium,False,False,False,0
309730,G06011107,Low,False,False,True,0
283616,G06003709,High,True,True,False,0
309694,G06003717,High,False,False,False,0
191409,G06003710,Medium,True,True,False,1
246852,G06003736,Medium,False,False,False,0
283580,G06003740,High,False,False,False,1
173841,G06007112,High,False,False,False,0
247140,G06003713,Medium,False,False,True,0
217590,G06011109,High,True,True,False,0
191936,G06003715,High,False,False,False,0
247697,G06003714,Medium,True,True,True,0
182547,G06003736,High,False,False,True,0
247780,G06003716,Medium,False,False,True,1
247801,G06003718,Medium,False,False,False,0
282998,G06003740,Medium,True,True,False,0
247972,G06003718,Medium,False,False,False,0
297073,G06003713,High,False,False,False,0
182612,G06003743,High,False,False,False,0
247482,G06003771,Medium,True,True,True,0
247177,G06003736,Medium,True,True,True,0
217791,G06003718,Low,False,False,False,1
309534,G06003740,Medium,False,False,False,0
191908,G06003717,Low,False,False,False,1
247426,G06003738,Low,False,False,False,0
309485,G06003717,Low,False,False,False,0
245356,G06003711,Low,False,False,False,0
219176,G06003714,Medium,False,False,False,0
190848,G06011107,Low,False,False,True,0
245464,G06011108,High,False,False,False,0
310357,G06003715,High,False,False,False,0
219073,G06003740,High,False,False,False,0
296510,G06003774,Low,False,False,True,0
245647,G06011102,Low,False,False,False,0
284182,G06003739,High,False,False,False,0
219044,G06003717,High,False,False,False,0
296557,G06003736,Medium,False,False,False,0
173154,G06003709,Medium,False,False,False,0
219307,G06003754,Medium,False,False,False,0
219253,G06003718,Low,False,False,False,0
245197,G06003771,Low,False,False,False,0
310474,G06003711,Low,False,False,True,0
219206,G06003743,Low,False,False,False,0
310284,G06003712,High,False,False,False,0
190870,G06003771,High,False,False,False,0
173426,G06003743,High,False,False,True,0
283917,G06003716,Medium,False,False,False,0
246357,G06003739,Low,False,False,False,0
182737,G06011102,Medium,False,False,False,0
173489,G06011102,Medium,False,False,False,0
218378,G06003754,Medium,True,True,False,0
218302,G06003772,High,False,False,True,0
309823,G06003714,Medium,False,False,False,1
191257,G06003709,High,False,False,False,0
246217,G06003717,High,False,False,False,0
245712,G06003739,Medium,False,False,False,0
218782,G06003717,Low,False,False,False,0
245912,G06011108,High,False,False,False,0
310229,G06011102,High,False,False,False,0
218758,G06003717,Low,False,False,False,0
245970,G06011107,Medium,False,False,False,0
246059,G06003715,Medium,True,True,False,0
191034,G06011102,High,False,False,False,0
182761,G06003710,Medium,False,False,True,0
246124,G06003718,High,True,True,False,0
283954,G06003718,Medium,False,False,False,0
310094,G06003711,High,False,False,False,1
176479,G06003712,Medium,False,False,False,0
297125,G06003717,Low,False,False,False,0
249977,G06003771,High,False,False,False,0
297611,G06011102,High,False,False,False,0
281881,G06011108,Low,False,False,False,0
250069,G06011108,High,False,False,False,0
308626,G06003717,High,False,False,False,0
281848,G06003718,High,False,False,False,0
250114,G06003740,High,True,True,True,0
193013,G06003774,Medium,True,True,False,0
281715,G06003717,High,True,True,True,0
250195,G06003771,Medium,False,False,False,0
250227,G06003716,High,False,False,False,0
215978,G06003718,Medium,True,True,False,0
308603,G06011107,Low,False,False,False,1
216050,G06003754,High,False,False,True,0
192812,G06011108,Medium,False,False,True,0
216318,G06003737,Medium,False,False,False,0
174405,G06003710,Low,True,True,False,1
282129,G06003711,Medium,False,False,False,0
282111,G06003771,High,True,True,False,0
249833,G06003736,High,False,False,True,0
308785,G06011109,Low,False,False,False,0
192871,G06003736,High,False,False,True,0
192910,G06003712,High,False,False,False,0
308782,G06003739,High,False,False,False,0
216112,G06003740,High,False,False,False,0
249885,G06003754,High,False,False,False,0
174567,G06003718,Medium,False,False,False,0
174579,G06003717,Medium,False,False,False,0
174717,G06003754,High,False,False,True,0
250562,G06003709,Low,False,False,False,0
281478,G06003712,Medium,False,False,False,0
215417,G06003717,High,False,False,False,0
215413,G06003737,High,False,False,True,0
297702,G06003736,High,False,False,False,0
215278,G06003716,Medium,False,False,False,0
281471,G06003772,Medium,True,True,False,0
308405,G06003711,Medium,False,False,False,0
215268,G06011107,Medium,False,False,False,0
215259,G06003736,High,False,False,False,0
193308,G06003717,Medium,False,False,False,0
250531,G06003739,Medium,False,False,False,0
308536,G06003754,Medium,False,False,False,0
250365,G06003743,Low,False,False,False,0
308862,G06003717,Low,False,False,False,0
215609,G06003713,Medium,False,False,False,0
215587,G06011102,High,False,False,False,0
281575,G06003711,Medium,False,False,False,0
250464,G06003713,Medium,False,False,False,0
215486,G06003716,High,False,False,False,0
250492,G06003710,Low,False,False,False,0
174395,G06003771,Low,False,False,False,0
309191,G06003718,Low,True,True,False,0
192255,G06003736,High,False,False,False,0
248386,G06003717,Low,True,True,False,0
174122,G06003711,Medium,False,False,False,0
297295,G06003710,High,False,False,False,0
217037,G06003714,Low,False,False,False,0
182372,G06003737,Low,True,True,False,0
216990,G06003709,High,False,False,True,0
248528,G06003754,High,False,False,False,0
192301,G06003739,High,True,True,False,0
216977,G06003737,High,False,False,False,0
217134,G06003714,Low,False,False,False,0
248336,G06003771,High,False,False,False,0
182393,G06003738,High,False,False,False,0
282884,G06011108,High,False,False,False,0
248134,G06003754,High,True,True,False,0
217228,G06003714,Medium,False,False,False,0
309283,G06011109,High,False,False,False,0
248189,G06003711,High,False,False,True,0
217156,G06003716,Medium,False,False,False,0
309280,G06011109,Low,False,False,False,0
282766,G06003717,High,True,True,False,0
248653,G06003736,Medium,False,False,False,1
249217,G06003771,Medium,False,False,True,0
174321,G06011102,Low,False,False,False,0
249290,G06003736,High,False,False,False,0
216434,G06003754,High,False,False,False,0
216400,G06003754,Low,False,False,False,0
249544,G06003718,Medium,False,False,False,0
249600,G06003717,Low,False,False,False,0
174385,G06011108,High,False,False,True,0
216808,G06003711,High,True,True,False,0
216796,G06003709,Medium,False,False,False,0
216774,G06003743,High,False,False,False,0
174216,G06003737,High,False,False,False,0
309029,G06003771,High,False,False,False,0
216696,G06003771,Low,False,False,False,0
174231,G06003709,Low,False,False,False,0
216608,G06003771,High,False,False,False,0
306109,G06003717,High,False,False,False,0
204870,G06003771,Low,False,False,False,0
204750,G06003711,High,True,True,False,0
265159,G06011109,Medium,False,False,False,0
303008,G06003738,Medium,False,False,False,0
204729,G06003736,Medium,False,False,False,0
199315,G06003712,High,False,False,False,0
204712,G06003714,High,False,False,False,0
199383,G06003717,Medium,False,False,True,0
199413,G06003738,High,True,True,False,0
265336,G06003710,High,False,False,False,0
302994,G06003717,Medium,False,False,False,0
265351,G06011107,Medium,True,True,True,0
179970,G06003715,Medium,False,False,False,0
272528,G06011107,High,True,True,False,0
204871,G06003717,Medium,False,False,False,0
264967,G06003717,Medium,False,False,False,0
180175,G06003738,Low,False,False,False,0
303116,G06003740,Medium,False,False,False,0
264694,G06003738,Medium,True,True,False,0
272912,G06011108,High,True,True,False,0
272805,G06003716,High,False,False,False,0
264814,G06011108,Medium,False,False,False,1
199261,G06003716,High,False,False,False,0
204925,G06003736,Low,False,False,False,0
264951,G06003739,Low,False,False,False,0
199417,G06003738,High,False,False,False,0
272094,G06003736,Low,False,False,False,0
204242,G06003736,Medium,False,False,False,0
272072,G06003717,Medium,False,False,False,0
204168,G06011102,High,False,False,False,0
266108,G06011107,High,False,False,True,0
204098,G06003718,High,False,False,False,0
199971,G06003715,Low,False,False,False,0
266305,G06003737,Medium,False,False,False,0
266361,G06003774,Medium,False,False,False,0
265990,G06003736,High,False,False,False,0
199748,G06003710,Medium,False,False,True,0
265502,G06003712,Medium,False,False,False,0
179892,G06003718,High,False,False,False,0
199696,G06011107,Medium,True,True,True,0
265726,G06003739,Low,False,False,False,0
265787,G06003737,Medium,False,False,False,0
272177,G06003754,Medium,True,True,False,0
273742,G06003712,High,False,False,False,0
205822,G06003710,High,False,False,False,0
177906,G06003771,Medium,False,False,False,0
263637,G06003740,High,True,True,True,0
300254,G06003736,High,False,False,False,0
205681,G06003774,High,False,False,False,0
177936,G06011102,High,False,False,False,0
303686,G06003740,High,False,False,False,0
303696,G06003737,Low,False,False,False,0
206052,G06003739,High,False,False,False,0
198534,G06003716,Medium,False,False,False,0
205991,G06003754,Low,False,False,True,0
263401,G06011102,Low,False,False,True,0
303739,G06011108,Medium,False,False,True,0
205953,G06003774,High,False,False,False,0
263473,G06003709,Low,False,False,False,0
300270,G06003711,High,False,False,False,0
273257,G06003739,High,False,False,False,0
303294,G06003754,Low,False,False,False,0
303279,G06003772,Medium,False,False,False,0
264298,G06003713,Medium,True,True,False,0
205310,G06003711,Medium,False,False,True,0
205297,G06003710,High,False,False,False,0
205205,G06003717,High,False,False,False,0
264522,G06011108,Low,False,False,False,0
264587,G06003717,High,False,False,False,0
180209,G06011108,High,False,False,False,0
180187,G06003712,High,False,False,False,0
178034,G06003739,Low,False,False,False,0
264216,G06003740,Medium,False,False,False,0
273521,G06003712,High,True,True,False,0
177972,G06003713,High,False,False,False,0
273468,G06003738,Medium,True,True,False,0
205056,G06003717,High,False,False,False,0
205508,G06003754,High,False,False,False,0
303334,G06003717,Medium,False,False,True,0
273343,G06003743,Medium,False,False,False,0
178004,G06003739,Medium,True,True,False,0
264173,G06011107,High,False,False,False,0
198982,G06003711,High,False,False,True,0
198486,G06003710,Medium,False,False,False,0
203882,G06003717,High,False,False,False,0
202580,G06003738,High,False,False,False,0
202570,G06003739,High,False,False,False,0
268528,G06003774,High,False,False,False,0
201226,G06003717,Low,False,False,False,0
202462,G06011108,Low,False,False,False,0
202418,G06003737,High,False,False,False,0
201248,G06003715,High,False,False,False,0
268833,G06003740,Medium,False,False,False,0
201254,G06011102,High,True,True,False,0
268860,G06003743,High,False,False,False,0
179095,G06003739,Low,False,False,False,0
202386,G06011107,Medium,True,True,False,0
270667,G06003716,Low,False,False,False,0
179559,G06003754,High,False,False,False,0
270648,G06003709,High,False,False,False,1
268082,G06011108,Medium,False,False,True,0
178974,G06003711,Low,False,False,False,0
301975,G06003717,High,False,False,False,0
202739,G06003740,Medium,False,False,False,0
201141,G06003743,Medium,False,False,False,0
269969,G06003709,High,True,True,False,0
269538,G06011102,High,False,False,False,0
269939,G06003737,High,False,False,False,0
269656,G06003718,Medium,True,True,True,1
201615,G06011108,Medium,False,False,False,0
269887,G06003710,High,False,False,False,0
269868,G06003713,High,False,False,True,0
201642,G06003710,High,False,False,False,0
269998,G06003718,High,False,False,False,0
301735,G06003718,High,True,True,True,0
179529,G06003736,Medium,False,False,True,0
269140,G06003739,Low,False,False,False,0
270225,G06003713,Low,False,False,True,0
202862,G06003771,Medium,False,False,False,0
269281,G06003717,High,False,False,False,0
202156,G06003709,Medium,False,False,False,0
203929,G06011107,Medium,False,False,False,0
267947,G06003739,High,True,True,False,0
300951,G06003711,Low,False,False,False,0
203639,G06003739,High,False,False,False,0
266917,G06003715,High,True,True,False,0
300964,G06003737,Medium,True,True,False,0
302351,G06011108,High,False,False,False,0
271284,G06003717,Low,False,False,False,0
271215,G06003771,High,False,False,True,0
267072,G06003715,Low,False,False,False,0
271210,G06003736,Medium,False,False,False,0
301014,G06003771,High,False,False,False,0
200140,G06003716,Medium,False,False,False,0
203530,G06003715,High,False,False,False,0
203643,G06003714,Low,False,False,False,1
300900,G06003736,High,False,False,False,0
266523,G06003715,High,False,False,False,0
300910,G06003754,Low,False,False,False,0
200047,G06003771,High,True,True,False,0
300932,G06003711,High,True,True,False,0
203776,G06011108,Low,True,True,False,0
266693,G06003772,Low,False,False,False,0
271454,G06003709,Medium,True,True,False,0
302488,G06003743,Medium,False,False,False,0
267717,G06003718,High,False,False,False,0
267726,G06003712,Low,False,False,False,0
202919,G06003711,High,False,False,False,0
200547,G06003771,Low,False,False,False,0
267759,G06003713,High,False,False,False,0
267786,G06003713,Medium,False,False,False,0
202885,G06011107,High,False,False,False,0
267878,G06003743,Medium,False,False,False,0
302057,G06003754,Medium,False,False,False,0
270765,G06011102,Medium,False,False,False,0
302044,G06003771,Medium,False,False,False,0
178918,G06003771,Medium,False,False,False,0
270993,G06011108,High,False,False,False,0
178821,G06011108,High,False,False,False,0
271174,G06003740,Medium,False,False,False,0
179741,G06003754,High,False,False,False,0
301084,G06003738,Low,True,True,True,0
271060,G06003771,High,False,False,False,0
200402,G06003738,Low,False,False,False,1
200463,G06003714,High,True,True,True,0
267553,G06003711,Medium,False,False,False,0
203003,G06003711,Medium,False,False,False,0
179720,G06003736,Low,False,False,False,0
263291,G06003740,Low,False,False,False,0
276491,G06003713,High,False,False,False,0
276448,G06011107,High,False,False,False,0
276438,G06003718,High,False,False,False,0
180909,G06003738,High,False,False,True,0
209400,G06003738,Low,False,False,False,0
259637,G06011107,High,False,False,False,0
259743,G06003743,High,False,False,False,0
176992,G06003709,Low,False,False,True,0
276266,G06003714,Low,False,False,False,0
176941,G06003739,Low,False,False,False,0
305126,G06003739,High,False,False,False,0
276506,G06003739,Medium,False,False,False,0
305258,G06003736,High,False,False,False,0
259138,G06003709,High,False,False,False,0
176825,G06003771,Medium,False,False,False,0
209733,G06003740,High,False,False,False,0
259357,G06003740,Medium,True,True,False,0
196680,G06003716,High,False,False,False,0
259396,G06003754,Medium,True,True,True,0
259435,G06003774,Low,False,False,False,0
259479,G06003736,Medium,False,False,True,1
196894,G06003711,Medium,True,True,False,0
276248,G06003715,High,False,False,False,0
197166,G06011107,High,True,True,False,0
177094,G06011102,Medium,False,False,False,0
275967,G06003738,Medium,False,False,False,0
260230,G06011102,Low,False,False,False,1
260271,G06011107,Medium,False,False,False,0
197177,G06003717,Medium,False,False,False,0
260311,G06003712,Medium,False,False,False,0
177099,G06003718,High,True,True,False,0
260360,G06003754,High,False,False,False,0
260425,G06003717,Medium,True,True,True,0
275885,G06003740,Medium,False,False,False,0
260184,G06003743,High,False,False,False,0
196948,G06011102,Medium,False,False,True,1
209223,G06003772,High,False,False,True,0
276180,G06003754,High,True,True,False,0
197041,G06003710,Low,False,False,False,0
260032,G06003710,Low,False,False,False,0
260068,G06003772,High,False,False,False,0
260073,G06003737,Medium,False,False,False,0
209051,G06003738,High,False,False,False,0
260087,G06003711,Medium,False,False,False,0
276115,G06003714,High,False,False,False,0
197071,G06003736,Medium,False,False,False,0
275868,G06003739,Medium,False,False,True,0
176802,G06003709,High,False,False,True,0
257924,G06003717,High,False,False,False,0
196308,G06003714,High,False,False,False,0
258008,G06003715,High,False,False,False,0
210428,G06003743,Medium,False,False,False,0
305871,G06003740,Low,False,False,False,0
305857,G06003738,High,False,False,False,0
258083,G06003743,Low,False,False,False,0
299152,G06003717,High,False,False,False,0
258167,G06011108,High,False,False,False,0
305842,G06003718,High,False,False,False,1
258296,G06003718,High,False,False,False,0
305932,G06003718,High,False,False,False,0
306032,G06003710,High,False,False,False,0
277557,G06003718,Medium,False,False,False,0
277552,G06003740,Medium,False,False,False,0
257866,G06003736,High,False,False,False,0
210593,G06003743,High,False,False,False,0
305963,G06003712,High,True,True,False,0
277516,G06011107,Low,False,False,False,0
210537,G06003713,Medium,False,False,False,0
277480,G06003740,High,False,False,False,0
277174,G06003740,High,False,False,False,0
277173,G06003754,Medium,True,True,False,0
258364,G06003754,Medium,False,False,True,0
176735,G06003717,Medium,False,False,False,0
305618,G06003739,Low,False,False,False,0
299264,G06003743,Medium,False,False,False,0
180976,G06003740,Low,False,False,False,0
196559,G06003736,High,False,False,False,0
259048,G06003714,Low,False,False,True,0
209860,G06003716,Medium,False,False,False,0
305546,G06003713,High,False,False,True,0
196520,G06003713,High,True,True,False,0
305645,G06003715,High,False,False,False,0
277095,G06003713,Low,False,False,False,0
196405,G06003711,Low,False,False,True,0
210137,G06003713,High,False,False,False,0
258668,G06011107,Medium,False,False,True,0
176704,G06003712,High,True,True,False,0
305714,G06003718,Low,False,False,False,0
258700,G06003709,Medium,False,False,False,0
276941,G06003718,Medium,False,False,True,0
276911,G06003737,Low,False,False,False,0
274042,G06003709,High,True,True,True,0
262253,G06011108,High,True,True,False,0
207071,G06003738,Low,False,False,False,0
197946,G06003736,Medium,False,False,False,0
262385,G06003739,Medium,False,False,False,0
206901,G06003743,Medium,False,False,False,0
304101,G06011108,High,False,False,False,0
300021,G06011102,High,False,False,False,0
304098,G06011109,Medium,False,False,False,0
304076,G06003716,High,False,False,False,0
197959,G06011102,Medium,False,False,True,0
197889,G06003709,Medium,False,False,False,0
261906,G06003711,Low,False,False,False,0
207392,G06003739,Low,False,False,False,0
304319,G06003736,High,False,False,False,1
275000,G06003771,Medium,False,False,True,0
299949,G06003711,Medium,True,True,False,1
197745,G06003717,Low,True,True,False,0
207279,G06003718,Medium,False,False,False,0
207208,G06003709,Medium,True,True,False,0
262150,G06003709,High,True,True,True,0
304183,G06003710,Low,False,False,True,0
262166,G06003739,High,False,False,False,0
207165,G06003771,Medium,False,False,True,0
198317,G06003710,Low,False,False,False,0
274291,G06003740,Low,False,False,False,0
177818,G06003710,High,False,False,False,0
206220,G06003738,Medium,False,False,False,0
274130,G06003714,Low,False,False,False,0
177821,G06003754,Medium,False,False,True,0
262632,G06003712,Low,False,False,False,0
262653,G06003712,High,False,False,False,0
304026,G06003711,High,False,False,False,0
274664,G06003709,Low,False,False,False,0
177759,G06011107,High,False,False,False,0
198103,G06003738,High,False,False,False,0
198130,G06003736,High,False,False,False,0
206595,G06011102,Medium,False,False,False,0
274536,G06011109,Medium,False,False,False,0
198164,G06003737,High,False,False,False,0
206456,G06003711,High,False,False,False,0
206444,G06003717,Low,False,False,False,0
177100,G06003737,High,False,False,False,0
261845,G06003713,High,True,True,False,0
275525,G06003711,Medium,False,False,False,0
208287,G06003713,Low,False,False,False,0
299699,G06003715,High,True,True,False,0
260959,G06003717,Medium,False,False,True,0
197452,G06003712,Medium,False,False,True,0
180564,G06003738,Medium,False,False,False,1
261090,G06003710,High,False,False,False,0
304892,G06003715,High,False,False,False,1
208666,G06003715,Medium,False,False,True,0
177125,G06003718,High,False,False,False,1
208590,G06003736,Medium,False,False,False,0
180587,G06011108,High,True,True,False,0
275672,G06003718,High,False,False,False,0
208500,G06003772,High,False,False,True,0
275638,G06011108,Low,False,False,False,0
208486,G06003710,High,False,False,False,0
208410,G06011107,Medium,True,True,False,0
208030,G06003739,Low,False,False,False,0
197465,G06003771,Medium,False,False,False,0
275264,G06003712,Medium,True,True,False,0
275263,G06003713,High,False,False,False,0
275261,G06003739,Low,False,False,True,0
197553,G06003717,High,False,False,False,0
261589,G06003740,High,True,True,True,0
261611,G06003718,High,False,False,False,0
177458,G06003737,High,True,True,False,1
207441,G06003739,High,False,False,False,1
207430,G06003718,Low,False,False,True,0
275092,G06003743,High,False,False,True,0
304388,G06003738,Low,False,False,True,0
177348,G06011108,Medium,True,True,False,1
207560,G06003711,High,True,True,True,0
180554,G06011108,Low,False,False,False,0
304669,G06003713,Medium,False,False,False,0
275431,G06003715,High,False,False,False,0
261480,G06003743,Medium,False,False,False,0
261481,G06011107,Low,False,False,False,0
261507,G06003771,High,True,True,False,0
237023,G06003716,Medium,False,False,False,0
237136,G06003717,High,False,False,False,0
184010,G06003714,Low,False,False,False,0
288977,G06003714,High,True,True,False,0
237281,G06003717,High,False,False,False,0
237332,G06003736,Low,False,False,False,0
224660,G06003738,Medium,False,False,False,1
237483,G06003718,Low,False,False,False,0
187762,G06003711,High,False,False,False,0
184086,G06003774,High,False,False,False,0
187769,G06011108,Low,False,False,False,0
224857,G06003771,Low,False,False,True,0
289092,G06003737,Medium,False,False,False,0
236984,G06003737,Medium,False,False,False,1
236950,G06011102,High,False,False,False,0
236958,G06003737,High,True,True,False,0
313627,G06003710,High,False,False,False,0
187868,G06003736,Medium,False,False,True,0
294881,G06003712,Medium,False,False,False,0
171285,G06003714,Low,False,False,False,0
238093,G06003754,Medium,False,False,False,0
171291,G06003771,High,False,False,False,0
224202,G06003774,Medium,False,False,False,0
238141,G06003712,Low,False,False,False,0
237966,G06003774,Medium,False,False,False,0
295027,G06003716,High,False,False,False,0
171321,G06003738,Medium,True,True,False,0
288495,G06003709,High,False,False,False,0
188097,G06003710,Medium,False,False,False,0
288479,G06003771,High,False,False,False,0
295039,G06003713,Medium,False,False,False,0
288629,G06003738,High,False,False,False,0
237870,G06003743,Medium,False,False,False,1
224362,G06003716,High,True,True,False,0
313475,G06003714,High,False,False,True,0
313448,G06003737,Medium,False,False,False,0
237646,G06003754,High,False,False,False,0
187943,G06003715,Low,False,False,False,0
224408,G06003771,Medium,False,False,False,0
183932,G06003713,Low,False,False,False,0
288695,G06003718,Medium,False,False,False,0
237776,G06003718,High,False,False,False,0
288669,G06003754,High,True,True,False,0
171347,G06011108,High,False,False,False,1
236705,G06003713,Low,False,False,False,0
235819,G06003710,Medium,True,True,True,0
235825,G06003709,High,False,False,False,0
294501,G06003710,Medium,True,True,False,0
313830,G06003709,High,False,False,False,0
235697,G06011108,High,True,True,False,0
235677,G06003771,Low,False,False,False,0
225749,G06003718,High,False,False,True,0
235554,G06003711,High,False,False,False,0
184286,G06003739,High,True,True,False,0
225707,G06003716,High,False,False,False,0
235601,G06003709,Low,False,False,False,0
289999,G06003771,Low,False,False,False,0
170786,G06003771,Medium,False,False,False,0
289675,G06003717,Low,False,False,False,0
235960,G06011102,High,False,False,True,0
225208,G06003771,High,False,False,False,0
236469,G06003737,Medium,False,False,False,0
225041,G06003711,Medium,False,False,False,0
236660,G06003710,Medium,False,False,False,0
236700,G06003717,Medium,False,False,False,0
289372,G06011109,High,False,False,True,0
235980,G06003737,High,True,True,False,0
225406,G06003715,High,False,False,False,0
235996,G06003737,Medium,True,True,False,0
187539,G06003774,Medium,False,False,False,0
289585,G06003754,High,False,False,False,0
225392,G06003713,Low,True,True,True,0
170856,G06003714,High,False,False,False,0
187542,G06003718,Low,False,False,False,0
289504,G06003774,High,False,False,False,0
188160,G06003737,High,False,False,False,0
238523,G06003738,High,False,False,False,0
222542,G06003718,Low,False,False,True,0
222502,G06003714,High,False,False,False,0
222499,G06003709,Medium,False,False,False,1
188931,G06003711,Medium,False,False,False,0
312487,G06011107,Low,False,False,False,0
240315,G06003771,High,False,False,False,1
222479,G06003739,Low,False,False,False,0
295433,G06003714,High,False,False,False,0
222476,G06003717,High,False,False,False,0
287051,G06003771,High,False,False,False,0
240218,G06003739,Medium,False,False,False,0
240180,G06003715,Low,False,False,False,0
287329,G06003709,Medium,False,False,False,0
222841,G06003713,High,False,False,False,0
222782,G06003710,High,True,True,False,0
295348,G06003711,High,False,False,False,0
287232,G06003740,Medium,False,False,False,0
295354,G06003754,Medium,False,False,False,0
240712,G06003712,Low,False,False,False,0
222166,G06003771,Medium,False,False,False,0
189082,G06003743,Medium,False,False,False,0
286603,G06003736,High,False,False,False,0
286637,G06011107,High,False,False,False,0
312222,G06003740,High,False,False,False,0
240827,G06003743,High,True,True,False,0
240932,G06003712,High,False,False,False,0
286681,G06003736,Medium,False,False,False,0
171949,G06003714,Low,False,False,False,0
286888,G06003710,High,False,False,False,0
183420,G06003771,Low,False,False,False,0
286809,G06003754,High,False,False,False,0
286798,G06003771,Medium,False,False,False,0
312317,G06003736,Medium,False,False,True,0
286778,G06011108,Medium,False,False,False,0
312300,G06003712,Medium,False,False,False,0
240599,G06003738,High,False,False,False,0
172003,G06003771,Medium,False,False,False,0
287387,G06003712,High,False,False,False,0
188161,G06003739,High,False,False,False,0
312647,G06011108,Medium,False,False,True,0
239038,G06011108,Medium,False,False,False,0
223483,G06003709,Low,False,False,False,0
239059,G06003717,High,False,False,False,0
171559,G06003717,Low,False,False,False,0
287962,G06007112,Medium,False,False,True,0
223440,G06003716,Low,False,False,False,0
287961,G06003740,Low,False,False,False,0
171589,G06003754,High,False,False,False,0
239139,G06003736,Low,False,False,True,0
288089,G06003710,High,False,False,False,0
288112,G06003739,Low,False,False,False,0
183816,G06011102,Medium,False,False,True,0
188174,G06003740,High,False,False,False,0
238728,G06003771,Medium,True,True,False,0
295068,G06003771,High,False,False,False,0
238799,G06003737,High,False,False,False,1
171400,G06011107,Low,False,False,False,0
223403,G06003739,High,True,True,False,0
239201,G06003743,High,False,False,False,0
287575,G06003714,Medium,True,True,False,0
239546,G06011107,Low,True,True,False,0
239564,G06011108,High,False,False,False,0
171786,G06003718,High,False,False,False,0
171789,G06003710,High,False,False,False,0
287577,G06003712,High,False,False,False,0
287551,G06003712,High,False,False,False,0
239584,G06003715,High,True,True,True,0
287465,G06003738,High,True,True,True,0
239613,G06003740,High,False,False,False,0
312668,G06011108,Medium,False,False,False,0
222985,G06011102,Medium,True,True,False,0
171747,G06003711,Medium,False,False,False,0
239538,G06003711,High,False,False,False,0
188619,G06003743,Low,False,False,False,0
188470,G06003743,Medium,False,False,False,0
171717,G06003739,Medium,False,False,False,0
239312,G06003718,Medium,False,False,False,1
188504,G06003717,Medium,False,False,False,0
312844,G06003711,Medium,False,False,False,1
312836,G06003740,High,False,False,False,0
312822,G06003737,Low,False,False,False,0
223193,G06003738,Low,False,False,False,0
188584,G06003736,High,False,False,False,0
171728,G06011102,Low,False,False,False,0
290144,G06003754,Medium,True,True,False,0
231863,G06011107,Low,True,True,False,0
315061,G06011108,High,False,False,False,0
315055,G06003736,Medium,True,True,False,0
185918,G06003717,Medium,False,False,True,0
231973,G06003737,Low,False,False,False,0
315002,G06003714,Medium,True,True,False,0
231934,G06003740,Low,False,False,False,0
292460,G06003712,Low,False,False,False,0
231548,G06003713,High,False,False,False,0
231557,G06011107,High,False,False,False,0
228787,G06003743,Medium,False,False,False,1
185786,G06011102,Medium,False,False,False,0
170038,G06003718,Medium,False,False,False,0
231679,G06003738,Medium,False,False,False,0
315173,G06003772,High,False,False,False,0
314998,G06003711,Medium,False,False,True,0
228155,G06011108,High,False,False,False,0
228153,G06003710,High,False,False,False,0
232442,G06003711,High,False,False,False,0
232349,G06003739,High,False,False,False,0
232537,G06003717,High,False,False,False,0
170231,G06003717,Medium,False,False,False,0
228363,G06003710,High,False,False,False,0
232055,G06003710,Low,False,False,False,0
228303,G06003718,Medium,False,False,False,0
232081,G06003718,High,False,False,True,0
293794,G06011102,Medium,False,False,False,0
232218,G06003715,High,False,False,False,0
232254,G06003754,High,True,True,False,0
232265,G06011107,Medium,False,False,False,0
291948,G06003715,High,False,False,True,0
184711,G06003743,High,False,False,False,0
184835,G06003715,High,False,False,False,0
232575,G06003718,Low,False,False,False,0
293596,G06003740,Medium,False,False,False,0
293234,G06003717,High,False,False,False,0
169881,G06003709,Low,True,True,False,0
230619,G06003737,Medium,True,True,False,1
315445,G06003739,Medium,True,True,False,0
292940,G06003713,Low,False,False,False,0
230657,G06003740,Low,False,False,False,0
230641,G06003737,High,False,False,True,0
185282,G06003715,High,True,True,False,0
315478,G06003716,High,False,False,False,0
315562,G06003772,High,False,False,True,0
315612,G06003718,Medium,False,False,False,0
230348,G06003715,High,True,True,False,0
230366,G06003772,Medium,True,True,False,0
230166,G06003718,Medium,False,False,False,0
230409,G06003743,High,False,False,False,0
230432,G06003771,High,False,False,False,0
230554,G06003715,High,False,False,False,0
169853,G06011107,High,False,False,True,0
185312,G06003718,Medium,True,True,False,0
231183,G06003715,Medium,False,False,False,0
231241,G06003717,High,False,False,False,0
315325,G06003716,Medium,False,False,False,1
185572,G06003711,Low,False,False,False,0
185647,G06003712,High,False,False,False,0
229095,G06003718,Medium,False,False,False,0
229025,G06003736,High,False,False,False,0
228997,G06011107,High,False,False,False,0
184846,G06003717,Medium,False,False,False,0
185600,G06003717,High,False,False,False,0
229202,G06003743,High,False,False,False,1
185471,G06003740,Medium,False,False,False,0
230859,G06003711,Medium,True,True,False,0
185416,G06003716,High,False,False,False,0
230927,G06003718,Medium,False,False,False,0
230944,G06003713,High,False,False,False,0
231010,G06003754,Low,False,False,False,0
185461,G06003737,Medium,False,False,False,0
229251,G06003710,High,False,False,False,0
231111,G06003711,Low,False,False,False,0
186286,G06003711,High,False,False,False,0
234426,G06003712,High,False,False,False,0
226573,G06003717,Medium,False,False,False,0
234546,G06003718,High,False,False,False,0
290785,G06003711,High,False,False,True,0
170556,G06003738,High,False,False,False,0
226714,G06003754,High,False,False,False,0
294270,G06003717,High,False,False,False,0
234273,G06011107,Medium,False,False,False,0
234326,G06003774,High,False,False,True,0
294274,G06003754,Medium,False,False,False,0
170554,G06003738,High,False,False,False,0
226400,G06003736,High,False,False,False,0
290655,G06003709,Medium,True,True,False,0
186902,G06003754,Medium,False,False,False,0
226073,G06003717,High,False,False,True,0
187062,G06003774,Medium,False,False,False,0
226058,G06003711,Medium,False,False,False,0
235179,G06003709,Medium,True,True,False,0
290329,G06003714,High,False,False,True,0
235374,G06003738,Low,False,False,False,0
290251,G06003714,Medium,True,True,False,0
226034,G06011109,High,False,False,False,0
226143,G06003771,Low,False,False,False,0
234981,G06003771,Low,False,False,False,0
226346,G06003717,Medium,False,False,False,0
226311,G06003711,High,False,False,True,0
170653,G06003740,Medium,False,False,False,0
290591,G06003737,Medium,False,False,False,0
294350,G06003713,Low,False,False,False,0
234767,G06003772,High,False,False,False,0
234802,G06003718,Low,False,False,False,1
234850,G06011102,Low,False,False,False,0
314099,G06003772,Medium,False,False,False,0
226162,G06003718,Low,False,False,False,0
186969,G06011102,Medium,False,False,False,0
290512,G06003736,Low,False,False,False,0
314302,G06003715,High,True,True,True,0
294236,G06003712,Medium,True,True,False,0
233227,G06003718,High,False,False,False,0
233279,G06003713,High,False,False,False,0
186392,G06003715,High,False,False,False,0
170391,G06003717,High,False,False,False,0
227262,G06003739,Medium,False,False,False,0
294033,G06011107,High,False,False,False,0
314617,G06003736,High,False,False,False,0
233056,G06003740,Medium,False,False,False,0
291663,G06003711,Medium,False,False,False,0
227745,G06003711,High,True,True,False,0
314747,G06011102,Medium,True,True,False,0
232977,G06011102,Medium,False,False,False,0
291621,G06003738,High,False,False,False,0
314700,G06003712,Low,False,False,False,0
186364,G06003774,High,False,False,True,0
227217,G06003711,High,False,False,True,0
227104,G06003709,Medium,False,False,False,0
226970,G06003718,Low,False,False,True,0
234021,G06003737,High,False,False,False,0
234026,G06003743,Medium,False,False,False,0
227023,G06003774,High,False,False,False,0
186622,G06003737,High,False,False,False,1
234117,G06003772,Low,True,True,False,0
291110,G06003717,Low,False,False,False,0
314311,G06003717,High,True,True,False,0
291125,G06003771,High,True,True,False,0
184477,G06003711,High,False,False,False,0
291227,G06003712,Medium,False,False,False,0
170476,G06003754,Low,False,False,False,0
291394,G06003712,Medium,False,False,False,0
291384,G06011108,High,False,False,False,0
314479,G06003754,Medium,False,False,False,0
233788,G06011108,Medium,False,False,False,0
227059,G06003771,Low,False,False,False,0
294142,G06011109,High,False,False,False,0
227048,G06003713,Low,False,False,True,0
314439,G06003738,High,False,False,False,1
227043,G06003740,Medium,False,False,False,0
296313,G06003718,Low,False,False,False,0
310735,G06003739,High,False,False,False,0
285289,G06003740,High,False,False,False,0
310727,G06003713,High,False,False,False,0
241339,G06003715,High,False,False,False,1
221421,G06003714,High,True,True,False,1
286403,G06003743,High,False,False,False,0
311941,G06003737,High,False,False,True,0
243626,G06011102,High,False,False,False,0
172929,G06003738,Medium,False,False,False,0
285876,G06003712,Medium,False,False,False,0
242545,G06011102,Medium,False,False,False,0
295945,G06011102,High,False,False,False,0
285288,G06003717,High,False,False,False,0
241355,G06003716,High,False,False,False,0
241353,G06011107,High,False,False,True,0
189903,G06003717,Medium,False,False,False,0
183290,G06003736,High,False,False,False,0
244763,G06003736,High,False,False,False,0
241266,G06003743,High,False,False,False,0
241851,G06003740,Low,False,False,False,0
244066,G06003715,Medium,True,True,False,0
189866,G06011102,Medium,False,False,True,0
286447,G06003743,High,False,False,False,0
221372,G06003771,High,False,False,False,0
172959,G06003736,High,False,False,False,0
285327,G06003772,Medium,False,False,False,0
220836,G06003739,Low,False,False,False,0
311373,G06003715,Medium,True,True,False,0
220812,G06003738,High,False,False,True,0
221105,G06003718,High,False,False,True,0
244728,G06003736,High,False,False,False,0
189242,G06003709,Medium,False,False,False,0
183149,G06003739,Medium,False,False,False,0
243769,G06003772,Medium,False,False,False,0
244535,G06003710,High,False,False,False,0
295835,G06003713,Medium,False,False,False,0
189232,G06011108,Medium,False,False,False,0
286340,G06003737,Medium,False,False,True,0
285939,G06003743,High,False,False,False,0
310783,G06003710,Medium,False,False,False,0
189189,G06011108,Low,False,False,False,1
219944,G06003772,Medium,False,False,False,0
311789,G06011108,High,False,False,False,0
243833,G06003774,High,True,True,False,0
241526,G06003717,Medium,False,False,True,0
284767,G06003754,High,False,False,False,0
285152,G06003738,Medium,True,True,False,0
241414,G06011102,Medium,False,False,True,0
244479,G06003710,High,False,False,False,0
241375,G06003718,Medium,False,False,False,0
189235,G06003771,Low,False,False,False,0
172252,G06003771,Medium,False,False,False,0
285265,G06003774,Medium,False,False,False,0
221522,G06003711,High,True,True,False,0
242472,G06003740,High,False,False,False,0
295928,G06003736,Medium,False,False,False,0
285077,G06003717,Medium,False,False,False,0
221589,G06003717,Medium,False,False,False,0
311863,G06003711,High,False,False,False,1
285095,G06003711,Low,False,False,True,0
172768,G06003718,Low,True,True,True,1
219563,G06003714,Low,False,False,False,0
242279,G06003772,Medium,True,True,False,0
190308,G06003772,High,False,False,False,0
242008,G06003738,High,False,False,False,0
242776,G06011108,High,True,True,False,0
244366,G06003710,Low,False,False,False,0
189095,G06003711,High,True,True,True,0
172877,G06003740,High,False,False,False,1
310665,G06003709,Medium,False,False,True,0
243416,G06003715,Medium,False,False,False,0
182933,G06003736,Medium,False,False,False,0
286499,G06003714,High,False,False,False,0
243049,G06003710,Low,True,True,False,0
296392,G06003739,High,True,True,True,0
285519,G06003713,High,False,False,False,0
189688,G06003739,High,False,False,False,0
241084,G06003740,Low,True,True,False,0
189416,G06003713,High,False,False,False,0
284530,G06003754,High,False,False,True,0
220605,G06003743,Low,False,False,True,0
172382,G06003738,Low,False,False,False,0
220333,G06003771,High,False,False,True,0
284959,G06011102,Low,False,False,False,0
241091,G06003740,High,False,False,False,0
221966,G06003718,Medium,False,False,False,0
221896,G06003718,Medium,False,False,False,0
242058,G06003772,Medium,True,True,False,0
244900,G06011109,High,False,False,False,0
286454,G06003740,High,False,False,False,0
183296,G06003711,Medium,False,False,False,0
285044,G06003717,Low,False,False,False,0
284963,G06003736,Medium,False,False,False,0
311141,G06003718,Medium,True,True,False,0
244795,G06003711,High,False,False,False,0
241883,G06011107,Low,False,False,False,0
189723,G06003771,Medium,False,False,False,0
189451,G06011109,Medium,False,False,True,0
242050,G06003740,Medium,False,False,False,0
221968,G06003738,Low,False,False,False,0
284887,G06003718,Medium,False,False,False,0
172613,G06011102,Low,True,True,False,0
286240,G06011108,Medium,False,False,True,0
241209,G06003711,High,True,True,False,0
121430,G06006524,High,False,False,False,0
433680,G06007119,High,True,True,True,0
399223,G06006520,Low,True,True,False,0
121500,G06007119,Low,False,False,False,0
432113,G06007110,High,False,False,False,1
273193,G06006525,Low,False,False,False,0
121449,G06007105,High,False,False,False,1
403964,G06006522,Medium,False,False,True,0
432181,G06006507,High,False,False,True,0
273237,G06006523,Low,False,False,False,0
83065,G06007116,High,True,True,False,0
433555,G06007115,High,False,False,False,0
190008,G06006520,Low,False,False,False,1
84526,G06007116,High,False,False,False,1
83000,G06006507,High,True,True,False,0
381858,G06007115,High,False,False,False,0
273214,G06006521,Low,False,False,False,0
433602,G06006520,Medium,False,False,False,0
273218,G06007105,Medium,False,False,False,0
108269,G06006516,Medium,False,False,False,0
291314,G06006511,High,False,False,False,0
291302,G06006516,High,False,False,False,0
186527,G06006507,Medium,False,False,False,0
283677,G06007119,Low,True,True,False,0
283406,G06007119,High,False,False,False,0
108595,G06006525,Low,False,False,False,0
291340,G06007105,Low,False,False,False,0
104128,G06006516,High,False,False,False,1
433636,G06006509,Low,False,False,False,0
273714,G06006511,High,False,False,True,0
283408,G06006523,Low,False,False,True,0
104700,G06007108,High,False,False,False,0
186442,G06007110,Low,False,False,False,0
83139,G06006525,High,True,True,True,0
291544,G06006514,Medium,False,False,False,0
433098,G06007105,Medium,False,False,False,0
382234,G06006523,High,False,False,False,0
432606,G06007110,Medium,False,False,False,0
382206,G06007112,High,False,False,False,0
83646,G06006520,Medium,True,True,False,0
399392,G06007119,High,False,False,False,0
83879,G06007111,High,True,True,False,0
273399,G06006525,Medium,False,False,False,0
283600,G06007111,Low,False,False,False,0
382194,G06007108,High,False,False,False,0
83851,G06007115,High,False,False,False,0
191410,G06007118,High,False,False,False,0
273942,G06006520,Medium,False,False,False,0
291507,G06007119,Medium,True,True,False,0
104480,G06007105,Medium,True,True,False,0
198915,G06006522,High,True,True,False,0
432878,G06007111,Medium,False,False,True,0
404230,G06007112,High,False,False,False,0
432746,G06006519,Medium,False,False,False,0
432772,G06007115,Low,False,False,False,0
104454,G06007108,Low,False,False,False,0
382242,G06006511,Medium,False,False,False,0
399331,G06006511,High,False,False,False,0
382583,G06006509,Medium,False,False,False,0
108563,G06006524,High,False,False,False,0
403980,G06007107,High,False,False,False,0
84273,G06006516,High,False,False,False,0
108435,G06007105,Medium,False,False,False,0
84210,G06006520,High,False,False,False,0
190130,G06007108,Medium,False,False,False,0
198862,G06007112,High,True,True,False,0
83267,G06007105,High,False,False,False,0
121348,G06007119,High,False,False,False,0
273247,G06006511,Low,False,False,False,0
432376,G06006525,Low,False,False,False,0
273330,G06006507,Low,False,False,False,0
121343,G06007118,Low,False,False,True,0
399279,G06007115,Medium,True,True,False,0
104385,G06007105,Medium,True,True,False,0
432439,G06007118,Low,False,False,False,0
104404,G06007119,High,False,False,True,0
381981,G06007108,High,False,False,False,0
432520,G06006511,Medium,True,True,False,0
83963,G06007108,High,False,False,False,0
433116,G06007116,Low,True,True,False,1
84044,G06007105,High,False,False,False,0
273958,G06007119,Medium,False,False,False,0
98725,G06007111,Medium,False,False,False,0
119214,G06007110,Low,False,False,False,0
86602,G06006507,Medium,False,False,False,0
384564,G06006524,Medium,False,False,False,0
119092,G06006519,Low,True,True,False,0
186888,G06007118,Low,False,False,False,0
119049,G06006521,High,True,True,False,0
384646,G06007108,Medium,False,False,True,0
109284,G06006516,Medium,True,True,False,0
86744,G06006521,Low,False,False,False,0
109301,G06007117,High,False,False,True,0
384688,G06007119,High,False,False,False,0
429038,G06006522,High,False,False,True,0
197629,G06006519,High,False,False,False,0
405567,G06006507,High,False,False,True,1
429009,G06006524,Medium,False,False,False,0
428920,G06006509,High,False,False,False,0
86831,G06007108,Low,True,True,False,0
428890,G06007110,Low,True,True,True,0
103642,G06006519,Low,False,False,False,0
109183,G06007111,High,False,False,False,0
109149,G06007115,Low,False,False,False,0
429821,G06006511,Medium,False,False,False,0
405335,G06007117,High,False,False,False,0
86209,G06006524,Medium,False,False,True,0
290824,G06007110,Low,True,True,False,0
86236,G06007105,High,False,False,True,0
429739,G06006524,Medium,True,True,False,0
197800,G06006520,Medium,False,False,False,0
405374,G06006522,Medium,False,False,True,0
429674,G06007116,High,True,True,False,0
285480,G06007119,Low,True,True,False,0
103723,G06007108,Low,False,False,False,1
405412,G06006509,High,False,False,False,0
86389,G06007112,High,True,True,False,0
290780,G06007118,High,True,True,True,0
429568,G06007119,Medium,False,False,False,0
86450,G06006507,Medium,True,True,True,1
274962,G06006524,Medium,False,False,False,0
285390,G06006507,High,False,False,False,0
103542,G06006511,Medium,True,True,False,0
428388,G06006522,High,False,False,False,0
87135,G06006507,High,False,False,False,0
87136,G06006523,Low,False,False,False,0
103323,G06006516,High,False,False,False,0
428339,G06007117,Low,False,False,False,1
428192,G06006523,Medium,True,True,False,0
118720,G06006520,High,False,False,False,0
275353,G06006521,High,False,False,False,0
385214,G06006511,High,False,False,False,0
405877,G06006523,Medium,False,False,False,0
87311,G06006523,High,False,False,False,0
118680,G06007105,High,False,False,False,0
187003,G06007117,High,True,True,False,0
87341,G06006509,High,True,True,True,0
103315,G06006522,Medium,False,False,False,0
118661,G06007107,High,False,False,True,0
109551,G06006514,Medium,False,False,False,0
118980,G06007118,Low,False,False,False,0
103431,G06006525,High,False,False,False,0
87122,G06006514,High,True,True,True,0
290629,G06006523,Medium,False,False,False,0
86891,G06006522,Medium,False,False,True,0
86962,G06007119,High,False,False,True,0
118959,G06006521,Medium,True,True,False,0
428649,G06006519,High,False,False,False,0
428648,G06006525,Medium,False,False,False,0
109401,G06006509,High,False,False,False,0
384865,G06007111,High,False,False,False,0
118942,G06006525,Medium,False,False,False,0
87103,G06006516,Medium,False,False,False,0
428415,G06006525,Medium,False,False,False,1
118836,G06006511,Medium,True,True,False,1
109484,G06006511,Low,False,False,False,0
385048,G06006511,High,False,False,False,0
103442,G06006524,Medium,False,False,True,0
384320,G06006525,Medium,True,True,False,0
398498,G06006524,High,False,False,False,1
384273,G06007107,High,True,True,False,0
383314,G06006507,High,True,True,False,0
383331,G06007108,High,False,False,False,0
383355,G06007119,High,True,True,False,0
191796,G06006514,High,True,True,False,0
120126,G06006524,Low,False,False,False,0
431047,G06007105,Low,False,False,False,1
383419,G06006523,High,False,False,False,0
431026,G06006521,Low,True,True,False,0
405028,G06007110,Medium,False,False,False,0
405102,G06007118,Low,False,False,False,0
383435,G06007108,Medium,False,False,False,0
405121,G06007112,Medium,True,True,False,0
198232,G06006523,Medium,True,True,False,0
383506,G06006525,High,True,True,False,1
291086,G06007110,High,False,False,False,0
430748,G06007111,Low,False,False,False,1
431171,G06006525,High,True,True,False,0
404721,G06007108,Medium,True,True,False,0
431633,G06007116,Medium,True,True,True,0
191695,G06007117,Medium,False,False,False,0
120589,G06007107,Medium,False,False,False,0
404867,G06006511,High,False,False,False,0
120470,G06007118,Low,False,False,False,0
84907,G06007112,Medium,False,False,False,0
120375,G06007115,High,True,True,False,0
431500,G06006525,Medium,True,True,False,0
404875,G06006511,High,False,False,False,0
431471,G06006521,High,False,False,False,1
383126,G06006511,High,False,False,False,0
85033,G06007115,High,False,False,False,0
120312,G06007110,Low,False,False,False,0
291169,G06006520,Medium,False,False,False,0
383173,G06006514,Medium,False,False,False,0
398978,G06006523,High,False,False,True,0
291159,G06006514,High,False,False,False,0
103941,G06007105,High,False,False,False,0
431236,G06006525,Low,False,False,False,0
398814,G06006516,Medium,False,False,False,0
86048,G06007105,High,False,False,False,0
197978,G06007115,High,False,False,False,1
429993,G06006525,Medium,False,False,False,0
429960,G06007108,High,False,False,False,1
186700,G06007119,Medium,False,False,False,0
86155,G06006524,High,False,False,False,0
119566,G06007111,Low,False,False,False,0
405323,G06007108,Medium,False,False,False,0
109130,G06006516,Medium,True,True,False,0
384130,G06007105,High,False,False,False,0
398503,G06006511,Low,False,False,False,0
119520,G06007108,Medium,True,True,False,0
119512,G06007119,High,False,False,False,0
119483,G06007118,Medium,False,False,False,0
429880,G06007112,High,False,False,False,0
86176,G06006523,Low,False,False,False,0
119464,G06007105,High,False,False,False,0
405332,G06007118,High,False,False,False,0
384261,G06007110,Medium,False,False,True,0
290946,G06006525,Medium,True,True,False,0
430116,G06006525,High,True,True,False,0
119656,G06006520,High,True,True,False,0
274719,G06006525,High,False,False,False,0
103870,G06007105,High,False,False,False,0
103859,G06006514,Medium,False,False,True,0
85583,G06006507,Medium,False,False,False,0
274540,G06007105,High,False,False,False,0
274567,G06006523,High,False,False,False,0
398776,G06006525,Medium,False,False,False,0
398722,G06007111,Medium,False,False,False,0
186594,G06007117,Low,False,False,False,0
274575,G06007115,Low,False,False,False,0
191881,G06006514,Medium,False,False,False,0
186693,G06007110,High,False,False,True,1
189931,G06006511,Medium,False,False,False,0
274670,G06007116,High,False,False,False,1
198075,G06006507,High,False,False,False,0
405251,G06006524,Low,False,False,False,0
86030,G06006520,Low,True,True,False,0
103831,G06007112,Medium,False,False,False,0
430469,G06006525,Medium,False,False,False,0
381237,G06006511,High,False,False,False,0
433738,G06006524,High,False,False,False,0
400657,G06007105,Low,False,False,False,0
190861,G06007107,Medium,False,False,False,0
400579,G06006511,Medium,True,True,False,0
78310,G06006516,High,True,True,True,0
270758,G06006524,High,True,True,True,0
284213,G06007108,High,False,False,True,0
439329,G06007112,High,False,False,False,0
378463,G06006521,High,False,False,False,0
439320,G06006516,High,True,True,False,0
378476,G06007118,Medium,False,False,False,0
439288,G06007112,Medium,False,False,False,0
284644,G06007108,Medium,False,False,False,0
190869,G06007105,Medium,False,False,False,0
123969,G06006509,High,False,False,False,0
200738,G06006523,Low,False,False,False,0
106372,G06006507,Medium,True,True,False,0
78503,G06007117,High,False,False,False,0
106343,G06007116,High,False,False,True,0
78618,G06007108,Medium,False,False,False,0
439070,G06006507,High,False,False,False,0
124074,G06007119,Low,False,False,False,0
401697,G06007105,Low,False,False,False,1
439892,G06007105,High,False,False,False,0
106570,G06007108,High,True,True,False,0
185434,G06006514,Medium,True,True,False,0
124175,G06006511,Low,False,False,False,0
284264,G06007118,High,False,False,False,0
401858,G06007119,High,False,False,False,0
439852,G06007110,Medium,False,False,False,0
270665,G06006511,Medium,False,False,True,0
439758,G06006516,Medium,False,False,False,0
201097,G06006509,Medium,False,False,False,0
284242,G06007119,Medium,False,False,False,0
270624,G06006511,Low,False,False,False,0
78030,G06006520,Medium,False,False,False,0
292723,G06006524,Medium,False,False,False,0
106530,G06007112,High,False,False,True,0
77976,G06007111,Medium,False,False,False,0
78739,G06007118,High,False,False,False,0
438739,G06007110,High,True,True,False,0
438223,G06007110,High,False,False,True,0
200299,G06006522,High,False,False,False,0
271086,G06007107,High,False,False,False,0
106054,G06006507,Medium,True,True,False,0
379097,G06006525,High,False,False,False,0
402429,G06007116,High,False,False,False,0
79210,G06007119,High,False,False,False,0
379012,G06007117,High,False,False,False,0
123621,G06006522,High,False,False,False,0
402449,G06007111,Medium,True,True,False,0
79238,G06007111,High,False,False,False,0
271108,G06007117,High,False,False,False,0
200283,G06006520,High,False,False,False,0
271120,G06006519,High,False,False,False,0
106013,G06006525,Low,False,False,False,0
79333,G06006525,Medium,False,False,True,0
438079,G06006525,High,False,False,False,0
185682,G06007112,Low,True,True,False,0
438302,G06007112,High,False,False,False,0
438645,G06007117,Medium,False,False,False,0
78915,G06007105,Medium,False,False,False,0
270980,G06006509,High,True,True,False,0
185612,G06006521,High,False,False,False,0
438514,G06006516,Low,True,True,False,0
78989,G06006516,Medium,False,False,False,0
78990,G06006507,Medium,True,True,False,0
402164,G06006520,Medium,True,True,False,0
270994,G06007118,High,False,False,False,0
402177,G06006507,High,False,False,False,0
438384,G06006525,Medium,False,False,False,0
438316,G06007107,Medium,False,False,False,0
201142,G06007118,High,False,False,False,0
201145,G06007115,Medium,False,False,False,0
270539,G06007117,High,False,False,False,0
441724,G06006516,Medium,False,False,False,0
284454,G06006522,High,True,True,False,0
441717,G06006525,High,False,False,False,0
185162,G06007111,High,False,False,False,0
106918,G06007110,Medium,False,False,True,0
124929,G06007116,Low,False,False,False,1
441690,G06006507,High,False,False,False,0
401276,G06007111,Medium,False,False,False,0
401001,G06006516,High,False,False,False,0
441461,G06007112,Low,False,False,False,0
284416,G06006511,Medium,False,False,False,0
107176,G06006521,High,False,False,False,0
124902,G06007111,Medium,False,False,True,0
76828,G06006514,Low,False,False,False,0
270193,G06007116,Low,False,False,False,0
76553,G06006525,High,False,False,False,0
269966,G06006514,Medium,False,False,False,1
124934,G06007118,Low,True,True,False,0
441858,G06006521,High,False,False,False,0
376754,G06006516,Medium,True,True,False,0
442265,G06006511,Medium,False,False,False,0
125115,G06007110,Medium,False,False,False,0
76107,G06007110,Low,False,False,False,0
269851,G06007119,High,False,False,False,0
107081,G06006520,High,True,True,False,0
293093,G06006524,Medium,False,False,False,0
76242,G06006511,Medium,False,False,False,0
376967,G06007111,Low,False,False,False,0
401167,G06007116,Medium,False,False,False,0
401028,G06006516,Medium,True,True,False,0
106994,G06006519,High,False,False,False,0
293074,G06007107,High,False,False,False,0
441925,G06006509,Medium,False,False,False,1
124965,G06006525,High,True,True,False,0
269947,G06007112,Medium,True,True,False,0
441271,G06007111,Medium,False,False,False,0
437888,G06007110,Medium,False,False,False,0
377208,G06007105,High,True,True,False,0
377209,G06006509,Low,False,False,False,0
270430,G06007111,High,True,True,False,0
201223,G06006521,High,False,False,False,0
77439,G06006525,Medium,False,False,False,0
124672,G06007118,Low,False,False,False,0
77479,G06006520,Low,False,False,False,0
77505,G06007118,High,False,False,False,0
77531,G06006520,High,False,False,False,0
440172,G06007107,Medium,False,False,False,0
201232,G06006516,Medium,False,False,True,0
377826,G06006509,Medium,False,False,False,0
377853,G06006525,Medium,False,False,False,0
190424,G06006525,Medium,False,False,False,0
107562,G06006524,Medium,True,True,False,0
124390,G06006522,High,True,True,False,1
77818,G06006523,High,False,False,False,0
77669,G06006520,Medium,True,True,False,0
190470,G06007117,High,False,False,False,0
106823,G06007115,High,False,False,False,0
190657,G06006511,High,False,False,False,0
201373,G06007108,High,False,False,False,0
284541,G06006519,High,False,False,False,0
190659,G06007105,Medium,False,False,False,0
401488,G06006521,Medium,False,False,False,0
201361,G06006507,Low,False,False,True,0
106722,G06006516,High,True,True,False,0
292978,G06007111,Medium,True,True,False,0
201333,G06007104,Medium,False,False,False,0
124852,G06006522,Medium,True,True,False,0
401624,G06006509,High,False,False,True,0
201245,G06006511,Medium,False,False,False,0
377605,G06007108,High,True,True,False,0
440554,G06006522,Low,True,True,False,0
441182,G06007105,Low,True,True,True,0
190196,G06006519,High,False,False,False,0
79458,G06006507,Medium,False,False,False,0
437843,G06006507,High,False,False,False,0
435338,G06007117,High,False,False,False,1
399991,G06006514,Medium,True,True,True,0
190299,G06006516,High,True,True,False,0
435317,G06006522,High,True,True,False,0
272377,G06007111,High,False,False,False,0
105125,G06007110,High,False,False,False,0
199446,G06006525,High,False,False,False,1
81542,G06006524,Medium,False,False,False,0
186108,G06007105,Medium,False,False,True,0
105180,G06007108,High,False,False,False,0
272508,G06006507,Medium,False,False,False,0
122250,G06006525,High,False,False,False,0
122200,G06007112,Low,False,False,False,0
284881,G06006523,Medium,False,False,False,0
403638,G06007108,High,False,False,False,0
199414,G06006522,High,False,False,False,0
381203,G06006519,Medium,False,False,False,0
435405,G06006524,High,False,False,False,0
105234,G06007111,High,False,False,False,0
81071,G06007118,High,False,False,False,0
435902,G06007110,High,False,False,False,0
380619,G06006521,High,False,False,False,0
435857,G06006520,High,False,False,False,0
403306,G06006524,High,False,False,False,0
81171,G06006516,High,False,False,False,0
105272,G06007112,Medium,True,True,False,0
435748,G06006525,High,False,False,False,0
435744,G06006509,Low,False,False,False,0
122452,G06006522,Medium,False,False,False,0
81192,G06007117,High,True,True,False,0
435682,G06006525,High,False,False,False,0
122344,G06006507,High,False,False,False,0
435616,G06006509,Medium,False,False,False,0
272272,G06007116,Medium,False,False,False,0
272298,G06006522,Medium,True,True,False,0
272628,G06006509,High,False,False,False,0
385338,G06007118,High,False,False,False,0
434991,G06007108,High,False,False,False,0
381530,G06006522,Medium,False,False,True,0
291718,G06006516,Medium,False,False,True,0
82406,G06007119,Low,False,False,False,0
121638,G06006520,High,False,False,False,0
434103,G06007112,High,False,False,False,0
381652,G06007119,High,False,False,False,0
381654,G06007116,Low,True,True,False,0
82463,G06007112,High,False,False,False,0
199126,G06007105,Medium,True,True,False,0
433972,G06006520,Medium,False,False,False,0
399637,G06007108,Medium,False,False,False,1
186362,G06006507,Low,True,True,False,0
433923,G06006516,Low,False,False,False,0
273079,G06007112,Medium,False,False,False,0
284979,G06006522,Low,False,False,False,0
273110,G06006509,Medium,False,False,False,0
104780,G06006519,Medium,False,False,False,0
433746,G06006524,Medium,False,False,False,0
433739,G06006523,High,True,True,False,0
399654,G06006522,Medium,True,True,False,1
291719,G06007111,Low,False,False,False,0
199218,G06006516,Low,False,False,False,0
291736,G06007108,High,False,False,False,0
284934,G06007117,Medium,False,False,False,0
434943,G06006525,High,False,False,False,0
381264,G06007111,Medium,True,True,True,0
381293,G06006511,Medium,False,False,False,0
272671,G06007105,High,True,True,True,0
434725,G06006514,Medium,False,False,False,1
104965,G06007119,Medium,False,False,False,0
272674,G06006524,Low,False,False,False,0
121869,G06007118,High,False,False,False,0
399704,G06006525,High,True,True,False,1
186272,G06006514,High,True,True,False,0
272729,G06007105,Medium,False,False,False,0
291768,G06007119,Medium,False,False,False,0
434565,G06007108,Medium,True,True,False,0
381420,G06006525,High,True,True,False,0
434530,G06007105,Medium,False,False,False,0
272895,G06006522,Medium,True,True,False,0
186323,G06006524,Low,False,False,False,0
122515,G06007115,High,False,False,False,0
200148,G06006509,Medium,False,False,False,0
400128,G06006516,Low,True,True,True,0
200138,G06007111,Low,True,True,False,0
379701,G06006521,Low,False,False,False,0
379768,G06006507,Low,False,False,False,0
437316,G06007117,High,False,False,False,0
284051,G06007112,High,False,False,False,0
402854,G06006516,Medium,False,False,False,0
79945,G06006520,Medium,True,True,False,0
185853,G06006511,High,False,False,False,0
379818,G06007117,Medium,False,False,False,0
122982,G06006514,High,True,True,False,0
190981,G06007116,High,False,False,False,0
379963,G06006522,Medium,True,True,False,0
122949,G06006511,Medium,False,False,True,0
380003,G06007108,Medium,False,False,False,0
271490,G06006523,Low,False,False,False,0
122948,G06007119,Low,True,True,False,0
105563,G06006525,Medium,True,True,False,0
402782,G06006520,Medium,False,False,False,0
79870,G06006525,Medium,False,False,False,0
79501,G06006520,Medium,False,False,False,0
271206,G06006522,Medium,True,True,False,0
105976,G06006520,High,False,False,False,0
105969,G06007118,Medium,False,False,False,0
105924,G06007105,High,False,False,False,0
292376,G06006523,Medium,False,False,False,0
292364,G06007119,High,False,False,False,0
437585,G06006520,High,False,False,False,0
79731,G06007112,High,False,False,False,0
190961,G06006509,Low,True,True,False,0
79742,G06006524,Medium,False,False,False,0
79789,G06007117,Medium,False,False,False,0
185768,G06006509,High,False,False,False,0
190342,G06007108,Low,False,False,False,0
271356,G06007118,High,False,False,False,0
191001,G06006524,High,True,True,False,0
379241,G06007112,High,False,False,False,0
437052,G06006516,High,False,False,False,1
403034,G06007116,Medium,False,False,False,0
122800,G06006522,High,False,False,False,0
380304,G06006524,High,False,False,True,0
191027,G06006520,Medium,False,False,False,0
436447,G06006509,High,False,False,False,0
122782,G06006511,High,False,False,False,0
199853,G06007111,High,False,False,False,0
292111,G06006519,Low,False,False,False,0
403199,G06007111,Medium,True,True,False,0
271921,G06007117,Medium,True,True,False,0
80640,G06006507,Low,False,False,False,1
292100,G06007119,High,True,True,False,0
272078,G06006521,Low,False,False,False,0
80696,G06006525,High,False,False,False,0
436255,G06006522,High,False,False,False,0
122672,G06006511,High,False,False,False,0
403259,G06006519,Low,True,True,False,0
436378,G06007111,Medium,False,False,False,0
105421,G06006523,Low,False,False,False,0
271892,G06006511,Low,False,False,False,0
271824,G06007116,Medium,False,False,True,0
436970,G06006514,Medium,False,False,False,0
107839,G06007119,Medium,False,False,False,0
105535,G06007115,High,True,True,False,0
191021,G06007110,Medium,False,False,False,0
271648,G06007118,Medium,False,False,False,0
380204,G06006523,Low,True,True,True,0
107856,G06007105,Medium,False,False,False,0
80331,G06007105,High,False,False,False,0
80356,G06006514,High,False,False,False,1
403130,G06006524,Low,False,False,False,0
380231,G06007111,Medium,False,False,False,0
436573,G06006519,Medium,False,False,False,0
428025,G06007115,High,False,False,False,0
406515,G06006524,High,False,False,False,0
391675,G06006519,Medium,False,False,False,0
391701,G06006520,Low,False,False,False,0
391764,G06006516,Low,True,True,False,0
391779,G06007110,Low,False,False,False,0
409666,G06006525,Low,False,False,False,0
409674,G06006522,Low,False,False,False,0
114027,G06007119,High,False,False,False,0
416985,G06006511,High,False,False,True,0
287765,G06006511,Low,False,False,False,0
409691,G06006524,High,False,False,False,0
417006,G06007118,High,True,True,False,1
113995,G06007118,High,False,False,False,0
391917,G06007111,Low,False,False,False,0
194743,G06006511,Low,False,False,False,0
95103,G06007118,High,False,False,False,0
416789,G06006507,Low,False,False,False,0
113965,G06006514,Medium,False,False,True,0
286320,G06007110,High,False,False,False,0
395837,G06006522,High,False,False,False,0
95233,G06006516,High,False,False,False,0
279430,G06007118,High,False,False,False,0
100064,G06007111,Medium,False,False,False,0
281786,G06006522,Medium,True,True,False,0
94987,G06006523,High,False,False,False,1
94648,G06007117,Medium,False,False,False,0
417540,G06007108,Medium,False,False,False,0
417492,G06007119,Low,False,False,False,0
100576,G06006507,High,False,False,False,0
94723,G06006522,High,False,False,False,0
417365,G06007107,High,False,False,False,0
417354,G06006507,High,False,False,False,1
94763,G06007118,Medium,True,True,False,0
417335,G06006516,High,False,False,False,0
417314,G06007118,High,True,True,False,0
287944,G06007112,High,False,False,False,0
417145,G06006520,High,False,False,False,0
417131,G06006521,High,True,True,False,0
395887,G06007111,Medium,False,False,False,0
417075,G06006509,High,False,False,False,0
391661,G06006519,High,False,False,False,0
188404,G06007119,High,False,False,False,0
409476,G06007118,High,False,False,False,0
279434,G06006524,Medium,False,False,False,0
194693,G06006514,High,False,False,False,0
286375,G06007112,High,False,False,True,0
287559,G06006516,High,False,False,False,0
410143,G06007107,Medium,False,False,False,0
99866,G06007117,Medium,False,False,True,0
416044,G06006509,High,False,False,False,0
415996,G06006520,High,True,True,False,0
95899,G06007118,High,True,True,False,0
111420,G06007119,High,False,False,True,0
113322,G06006514,Medium,True,True,False,0
188692,G06007112,High,False,False,False,0
415864,G06006519,Medium,False,False,False,0
188724,G06006520,High,False,False,False,0
95962,G06007111,High,False,False,False,0
96039,G06006511,High,False,False,False,0
410190,G06007105,High,False,False,False,0
194432,G06006525,Low,False,False,False,0
96100,G06006519,Medium,False,False,False,0
395664,G06006519,Low,False,False,False,0
395685,G06006522,High,False,False,False,1
194460,G06007111,Low,False,False,False,0
395789,G06006520,High,False,False,False,0
409959,G06006525,High,True,True,False,0
111276,G06006522,Medium,False,False,False,0
95358,G06006516,Medium,True,True,False,0
392046,G06006514,High,False,False,True,0
279492,G06006516,Medium,True,True,False,0
194638,G06007110,Low,False,False,False,0
113772,G06006523,Medium,False,False,False,0
416332,G06006509,Low,False,False,False,0
392193,G06007111,Medium,False,False,False,0
188561,G06006514,Low,False,False,False,0
279557,G06006520,High,False,False,False,0
95613,G06007118,Medium,True,True,False,0
410037,G06007116,Medium,False,False,False,0
194521,G06006519,Medium,True,True,False,0
410039,G06006521,Low,False,False,False,0
95675,G06007119,High,False,False,False,0
194482,G06007118,High,False,False,False,0
95779,G06006525,Low,True,True,False,0
278984,G06007112,High,False,False,True,0
287966,G06006525,High,False,False,True,0
281982,G06006519,Medium,False,False,False,0
419099,G06007112,Medium,False,False,False,0
419030,G06006524,High,False,False,False,0
93464,G06006525,High,True,True,False,0
418980,G06006516,Low,False,False,False,0
278510,G06006523,High,True,True,False,0
278486,G06007111,Low,False,False,False,0
188179,G06006514,High,False,False,False,0
93580,G06006519,High,True,True,False,0
114845,G06006524,High,False,False,False,0
114843,G06007115,High,False,False,False,0
114830,G06006509,High,False,False,True,0
390707,G06006516,Medium,False,False,False,0
114824,G06006525,High,True,True,False,0
409189,G06006509,High,False,False,False,0
195481,G06006516,Medium,False,False,False,0
396155,G06007111,Low,False,False,True,0
288528,G06007112,High,True,True,True,0
419503,G06006525,Low,False,False,False,0
419497,G06006516,High,False,False,False,0
288514,G06007118,High,False,False,False,0
282109,G06007111,Low,False,False,False,0
93125,G06007116,Low,False,False,False,1
93162,G06007117,Low,False,False,False,0
93217,G06007118,Medium,False,False,True,0
409025,G06006519,Low,False,False,False,0
282102,G06006514,Medium,False,False,False,0
110967,G06007117,Low,False,False,False,0
93243,G06006519,Low,False,False,False,1
278428,G06007105,Low,True,True,True,0
419305,G06006524,High,True,True,False,0
390378,G06006507,Low,True,True,False,0
419263,G06007111,Medium,False,False,False,0
286247,G06006511,High,True,True,False,0
195485,G06007112,Low,False,False,False,0
418685,G06006524,Low,False,False,True,0
100816,G06006514,High,False,False,True,0
281980,G06006514,Low,True,True,False,0
391309,G06007105,High,True,True,False,0
391325,G06006520,High,False,False,False,0
100696,G06007119,Medium,False,False,False,0
94479,G06006522,Medium,False,False,False,0
94492,G06006525,Low,False,False,True,0
417884,G06006507,Medium,False,False,False,0
418102,G06006524,High,False,False,True,0
417860,G06006519,Low,False,False,False,0
409351,G06006511,Low,False,False,False,0
391447,G06006519,Low,False,False,False,0
100621,G06006507,Low,False,False,False,0
417737,G06006511,High,False,False,True,0
417689,G06006516,Medium,False,False,False,0
391498,G06006514,High,False,False,False,0
409368,G06007112,High,False,False,False,0
278954,G06007119,High,False,False,False,0
94531,G06006514,Low,False,False,False,0
114453,G06007105,High,False,False,False,0
390750,G06006520,Medium,False,False,False,0
93893,G06006514,High,False,False,False,0
396100,G06007118,Medium,True,True,False,0
418648,G06006516,Low,False,False,False,0
195412,G06007119,Medium,True,True,False,0
418577,G06006525,High,True,True,False,0
114710,G06006519,Low,False,False,False,0
93996,G06007105,High,False,False,False,0
94089,G06006523,High,False,False,False,0
278692,G06007112,Medium,False,False,False,0
418353,G06007118,High,False,False,False,0
195343,G06006522,High,False,False,False,1
188228,G06007105,Medium,True,True,False,0
418237,G06006525,Medium,False,False,False,0
100790,G06006524,Medium,False,False,False,1
409272,G06006511,High,False,False,False,1
278797,G06006514,Low,False,False,False,0
114506,G06006523,Medium,False,False,False,0
188205,G06006522,Medium,False,False,False,0
394383,G06006514,Medium,False,False,False,0
99231,G06006511,High,False,False,False,0
281391,G06006514,High,False,False,False,0
99187,G06007105,Medium,False,False,False,0
394457,G06007111,Medium,False,False,False,0
394459,G06006521,High,False,False,False,0
394371,G06007111,Medium,False,False,False,0
112256,G06007108,Low,False,False,False,0
97928,G06007119,Low,False,False,False,0
97956,G06006509,Medium,False,False,False,0
97989,G06007118,High,False,False,True,0
280844,G06006514,High,False,False,True,0
412496,G06007117,Low,False,False,False,0
412493,G06006521,Low,True,True,False,0
193731,G06006511,Low,True,True,False,0
394496,G06006523,High,True,True,False,0
412817,G06007108,High,False,False,False,0
393991,G06006509,High,False,False,True,0
193831,G06007119,Low,False,False,False,0
413180,G06007119,Medium,False,False,False,0
112526,G06007104,Low,False,False,False,0
413129,G06006514,Low,True,True,False,0
394134,G06007110,Low,False,False,False,0
193413,G06006520,High,False,False,False,0
193809,G06006521,Medium,False,False,True,0
97814,G06007115,Medium,True,True,False,0
412942,G06007115,High,False,False,False,0
112384,G06006522,Medium,True,True,False,0
412898,G06006523,High,False,False,False,0
394239,G06007111,High,True,True,False,0
286463,G06006511,High,True,True,False,0
97877,G06006511,Medium,True,True,False,0
97880,G06007118,Low,False,False,False,0
412407,G06007111,Low,False,False,False,0
98070,G06006514,High,False,False,False,0
394610,G06007119,High,False,False,False,0
98482,G06007112,High,False,False,False,0
281120,G06006523,Low,False,False,False,0
411737,G06006519,High,False,False,False,0
189131,G06006522,Medium,False,False,False,0
411643,G06006525,High,False,False,False,0
98561,G06007119,Medium,True,True,False,0
411631,G06007108,High,False,False,False,0
411348,G06006520,High,False,False,True,0
394898,G06007108,High,False,False,True,0
112006,G06006520,High,True,True,False,0
395046,G06007119,Medium,False,False,False,1
395170,G06006522,Medium,False,False,False,0
111886,G06006525,Medium,True,True,False,0
411389,G06006520,High,False,False,False,0
411542,G06006516,Low,True,True,False,1
98690,G06006521,Low,False,False,False,0
286589,G06006516,High,False,False,False,0
394842,G06007111,Medium,False,False,False,0
193607,G06006520,Low,True,True,False,0
280896,G06007118,High,False,False,False,0
286741,G06006520,Medium,False,False,False,0
394658,G06006507,Low,False,False,False,0
193444,G06007105,Medium,True,True,True,0
412251,G06006520,High,False,False,True,0
410990,G06006522,High,True,True,False,0
286725,G06007108,Low,False,False,False,0
98169,G06007111,High,False,False,False,0
411037,G06007107,Medium,False,False,False,0
112116,G06007118,Low,False,False,False,0
99119,G06007119,High,False,False,True,0
112105,G06006520,Low,True,True,True,0
112064,G06006516,Medium,False,False,False,0
411070,G06006519,Low,False,False,False,0
98260,G06006521,High,False,False,False,0
112016,G06006519,Low,False,False,False,0
412091,G06007112,Medium,False,False,False,0
98337,G06006509,Low,False,False,False,0
193631,G06007117,High,True,True,False,0
410966,G06007116,Low,False,False,False,0
195553,G06007117,High,False,False,False,0
112625,G06006522,Medium,False,False,False,0
413270,G06006523,Low,False,False,True,0
194263,G06007112,Low,False,False,False,0
188852,G06006523,Medium,False,False,False,0
414760,G06006521,Low,True,True,False,0
194253,G06007107,Medium,True,True,False,0
414671,G06007111,Medium,True,True,False,0
414653,G06006524,High,True,True,False,0
393121,G06006520,Medium,True,True,False,0
414648,G06007119,Low,True,True,False,0
414601,G06006507,High,True,True,False,0
280159,G06007111,High,False,False,False,0
414379,G06006516,High,True,True,False,0
393191,G06007111,High,False,False,False,0
111498,G06006522,Medium,False,False,False,0
287242,G06006523,High,False,False,True,0
194103,G06006514,High,True,True,False,0
410362,G06006516,Medium,False,False,False,0
280225,G06007119,Low,True,True,False,0
410304,G06006511,Low,False,False,False,0
113086,G06006520,Medium,False,False,False,0
392949,G06006507,Medium,False,False,False,0
113309,G06006519,High,False,False,False,0
113250,G06007105,High,False,False,True,0
96180,G06007115,High,False,False,False,0
415547,G06007118,Medium,False,False,False,1
415491,G06007111,High,False,False,False,0
279800,G06006520,Low,True,True,False,0
194429,G06006516,High,False,False,False,0
96292,G06006521,Low,False,False,False,0
96337,G06006509,Medium,False,False,False,0
279847,G06006511,Medium,False,False,False,0
281551,G06007119,High,False,False,False,0
415019,G06007105,Medium,True,True,True,0
392808,G06006511,Medium,True,True,False,0
392846,G06007116,Low,False,False,True,0
188846,G06007112,High,True,True,False,0
281536,G06006519,High,False,False,False,0
194074,G06007112,High,False,False,False,0
97580,G06006520,Low,False,False,False,0
188885,G06006511,High,False,False,False,0
410635,G06006509,Medium,False,False,False,0
280454,G06006514,High,False,False,False,0
393629,G06007110,Medium,False,False,False,0
97176,G06006524,Medium,True,True,True,0
393658,G06006524,High,True,True,False,0
287087,G06006519,Medium,False,False,True,0
112669,G06007112,High,False,False,False,0
97213,G06007111,Low,False,False,False,0
97234,G06007111,High,False,False,False,0
112641,G06007105,Medium,False,False,False,0
280437,G06007115,Low,False,False,False,0
280559,G06007108,Low,False,False,False,0
413454,G06006522,High,True,True,False,0
97388,G06006521,Low,False,False,False,0
413303,G06007105,High,False,False,False,0
112639,G06006521,High,False,False,False,0
281432,G06006519,High,False,False,False,0
413283,G06006511,Low,False,False,False,0
97262,G06006516,High,False,False,False,0
410584,G06006524,High,False,False,True,0
413867,G06007117,Medium,True,True,False,0
393526,G06006514,High,False,False,False,0
99649,G06006520,High,False,False,False,0
194072,G06006519,Low,True,True,False,0
188902,G06006509,High,True,True,False,0
393415,G06007116,Low,False,False,False,0
96722,G06006511,Low,False,False,False,0
414254,G06006524,High,False,False,False,0
410414,G06007115,Medium,True,True,True,0
194055,G06006523,High,False,False,False,0
189176,G06007112,Medium,False,False,False,0
395489,G06007105,High,False,False,False,0
414079,G06006520,High,False,False,False,0
281480,G06007116,High,False,False,False,0
286426,G06007118,Medium,False,False,False,0
414015,G06006511,Low,False,False,False,0
112923,G06006507,Medium,False,False,True,0
96895,G06006516,High,True,True,True,0
395460,G06007112,Low,False,False,False,1
113000,G06006514,Medium,False,False,False,0
93047,G06006525,High,False,False,False,0
390178,G06006525,High,False,False,False,0
278317,G06007118,High,False,False,False,0
425633,G06007117,Medium,False,False,False,0
117176,G06006525,High,False,False,False,0
276282,G06006524,Medium,True,True,False,0
276316,G06006522,High,False,False,False,0
117175,G06007105,Low,False,False,False,0
425382,G06007115,Low,True,True,False,0
425180,G06007115,High,False,False,False,0
407133,G06007119,High,False,False,False,0
89369,G06007105,High,False,False,False,0
407178,G06007110,Medium,False,False,False,0
397290,G06007111,Medium,True,True,False,0
407253,G06006525,High,False,False,False,0
387593,G06006520,Low,False,False,True,0
289488,G06007117,Low,False,False,False,0
425277,G06006507,Medium,False,False,False,0
110079,G06007117,Medium,True,True,False,1
88700,G06007105,Low,True,True,False,0
397470,G06007112,Low,False,False,False,0
426131,G06006524,High,False,False,False,0
387008,G06006525,High,False,False,True,0
387067,G06006514,Medium,False,False,False,0
88707,G06006525,Low,False,False,False,0
289714,G06006523,Low,True,True,False,0
282765,G06006509,Low,True,True,False,0
406900,G06006511,Low,False,False,True,0
110016,G06006522,Low,True,True,False,0
88823,G06007108,Medium,True,True,False,0
88827,G06006521,Medium,True,True,False,0
406920,G06007105,Medium,True,True,False,0
196897,G06007105,High,False,False,False,0
88894,G06007108,Low,False,False,False,0
425816,G06006524,High,False,False,False,0
425771,G06006519,High,False,False,False,0
407010,G06007119,High,False,False,False,0
102620,G06006511,Medium,False,False,False,0
89555,G06006523,Medium,False,False,False,0
117423,G06006525,High,False,False,False,0
196710,G06006519,High,False,False,False,0
116879,G06006520,Medium,False,False,False,0
387989,G06006522,High,True,True,False,0
116727,G06006523,High,True,True,False,0
289388,G06006516,High,False,False,False,0
102274,G06007110,High,False,False,False,0
289359,G06007119,Medium,False,False,True,0
424426,G06006521,High,False,False,False,0
116676,G06006524,Low,False,False,False,0
407556,G06007105,Medium,False,False,False,0
89845,G06007111,High,False,False,False,0
276729,G06006507,High,False,False,False,0
276734,G06006523,Medium,False,False,False,0
276739,G06007108,Medium,True,True,True,0
116474,G06006516,Low,False,False,False,0
110250,G06006523,Medium,False,False,False,0
89945,G06007115,Medium,False,False,False,0
424277,G06007115,High,False,False,False,0
424438,G06006511,High,False,False,False,0
424505,G06007108,High,False,False,False,0
289440,G06006507,Low,False,False,False,1
397230,G06006514,High,True,True,False,0
102429,G06006511,Low,False,False,False,0
407354,G06006519,Medium,True,True,False,0
192343,G06007119,High,False,False,False,0
424738,G06006523,High,True,True,True,0
192345,G06006507,High,False,False,False,0
89746,G06007108,Low,True,True,True,0
407496,G06006525,Medium,False,False,False,1
424700,G06006516,High,False,False,False,0
276665,G06006520,Medium,True,True,False,0
89753,G06007107,High,False,False,False,1
424679,G06007112,Medium,False,False,False,0
407505,G06006525,High,True,True,False,1
196626,G06006516,High,False,False,False,0
424568,G06007118,Low,False,False,False,0
276686,G06007116,High,False,False,True,0
387925,G06006507,Low,False,False,True,0
387691,G06007110,High,False,False,False,0
276819,G06006523,Low,False,False,True,1
289763,G06006520,High,False,False,False,0
276118,G06006521,High,False,False,False,0
290278,G06006525,High,False,False,False,0
118217,G06006521,High,False,False,False,0
427511,G06006507,High,True,True,False,0
275591,G06006516,High,False,False,False,0
87606,G06006521,Medium,False,False,False,0
118215,G06006525,Medium,True,True,False,0
87705,G06007118,High,True,True,False,0
406279,G06006509,Medium,False,False,True,0
87715,G06006514,Medium,False,False,False,1
290185,G06007116,High,False,False,False,0
290282,G06006507,Medium,False,False,False,0
386016,G06006522,Medium,False,False,False,0
285692,G06007105,Low,False,False,False,0
386063,G06006511,High,False,False,False,0
290152,G06006511,Low,False,False,True,0
189665,G06007104,Low,True,True,False,0
282865,G06006511,Medium,False,False,False,0
87797,G06006519,Medium,False,False,False,0
427296,G06007105,Low,False,False,False,0
385801,G06007105,Medium,False,False,False,0
118314,G06007112,Low,False,False,False,0
405951,G06006514,High,False,False,False,0
192059,G06006514,Low,False,False,False,0
118557,G06006521,Medium,False,False,False,0
385483,G06006519,Medium,False,False,False,0
290358,G06006520,High,False,False,False,0
406072,G06006519,Medium,False,False,False,0
385587,G06007116,Low,False,False,True,0
397818,G06006519,Low,True,True,False,0
406109,G06007112,High,True,True,False,0
406160,G06006525,Medium,False,False,False,0
427847,G06007118,High,False,False,False,0
427831,G06006516,High,False,False,False,0
427768,G06007118,High,False,False,True,0
427738,G06006507,Medium,False,False,False,0
397800,G06007116,High,False,False,False,0
290317,G06006514,High,False,False,False,0
118327,G06006524,Medium,True,True,False,1
87431,G06006514,Low,False,False,False,0
103045,G06006507,High,False,False,False,0
397652,G06007118,Low,False,False,False,0
197369,G06007110,Low,True,True,False,0
426620,G06007112,Medium,False,False,False,0
117694,G06006516,Medium,False,False,False,0
386425,G06007105,Medium,True,True,True,0
102998,G06006520,High,False,False,False,0
386451,G06007108,Low,False,False,False,0
88292,G06006525,High,False,False,False,0
88303,G06007118,High,False,False,False,0
187343,G06006524,High,False,False,False,1
285788,G06007108,High,True,True,False,0
386379,G06006509,High,True,True,False,0
386472,G06006523,High,True,True,False,0
386618,G06007118,Medium,False,False,False,0
289893,G06006523,High,False,False,False,0
397539,G06006523,Medium,False,False,False,1
386666,G06006509,High,False,False,False,0
386711,G06007112,Low,False,False,False,1
386897,G06007105,Medium,False,False,False,0
88318,G06006509,High,False,False,True,1
197208,G06006519,Medium,False,False,False,0
406564,G06007108,Low,False,False,False,0
426636,G06007118,High,True,True,False,0
285715,G06007107,High,False,False,False,0
427129,G06007110,Medium,False,False,False,0
282828,G06006521,Low,False,False,False,0
386212,G06006520,Medium,False,False,False,0
117912,G06007111,Low,False,False,True,0
426955,G06006511,High,False,False,False,0
426877,G06007105,High,False,False,False,0
197231,G06006516,High,False,False,False,0
426733,G06006511,Medium,False,False,False,0
426723,G06006519,High,False,False,False,0
275926,G06007104,Low,False,False,False,0
426709,G06007108,High,False,False,False,0
275927,G06006516,Low,True,True,False,0
426672,G06006516,High,False,False,False,0
285724,G06007118,High,False,False,False,0
109948,G06007111,Medium,False,False,False,0
426663,G06006519,Low,False,False,False,0
406397,G06007105,High,False,False,False,1
103305,G06007107,High,False,False,False,0
116450,G06007107,High,False,False,False,0
421356,G06006521,Medium,False,False,False,0
187975,G06006519,High,True,True,False,0
288717,G06007108,Medium,False,False,False,0
91953,G06006525,Low,False,False,True,0
408681,G06006507,Low,False,False,True,0
195975,G06006519,High,True,True,False,0
115488,G06006520,High,True,True,True,0
421255,G06006520,High,False,False,False,0
195911,G06007112,High,False,False,False,0
408534,G06007105,High,False,False,False,0
92124,G06006521,Low,False,False,False,0
421057,G06006519,High,True,True,False,0
420992,G06007110,Medium,False,False,False,0
195882,G06007117,Medium,False,False,False,0
101271,G06007111,Low,False,False,False,1
92168,G06007118,Medium,True,True,False,0
110689,G06006524,High,False,False,False,0
421516,G06007108,High,False,False,False,0
101574,G06006522,Low,False,False,False,0
101544,G06007112,Low,True,True,False,0
230239,G06007111,Medium,True,True,False,0
421906,G06007115,High,False,False,False,0
91691,G06007117,Medium,False,False,False,0
91729,G06006524,High,True,True,True,0
389488,G06006511,Low,False,False,False,0
91736,G06006511,Low,False,False,False,0
115774,G06007111,High,False,False,False,0
421785,G06007116,High,False,False,False,0
189409,G06007107,High,True,True,False,0
389523,G06006525,High,False,False,False,0
421687,G06006525,Low,False,False,False,1
286173,G06006524,High,False,False,False,0
196019,G06007110,High,False,False,False,0
421628,G06006507,Medium,True,True,False,0
422004,G06007118,Low,False,False,False,0
277952,G06006523,High,True,True,True,1
277966,G06006523,High,True,True,False,0
419943,G06006524,Low,False,False,False,0
92824,G06006525,High,False,False,False,0
389984,G06006511,Medium,False,False,False,0
101162,G06007111,High,False,False,False,0
101156,G06007111,High,False,False,False,1
115317,G06006511,High,False,False,False,1
419852,G06006516,Medium,False,False,False,0
92868,G06007117,Medium,False,False,False,0
389987,G06006520,Medium,False,False,False,0
419787,G06006511,High,False,False,False,0
389989,G06007112,Medium,False,False,False,0
92904,G06007112,Medium,False,False,False,0
278284,G06007118,High,False,False,False,0
278286,G06006525,High,False,False,True,0
390020,G06007117,High,False,False,True,0
115256,G06006524,Medium,False,False,False,0
396256,G06006519,Medium,True,True,False,0
92731,G06007115,High,False,False,False,0
92727,G06006514,Low,False,False,False,0
286207,G06007115,Medium,True,True,False,0
389876,G06006519,High,False,False,False,0
92373,G06007108,High,False,False,True,0
277992,G06007104,Medium,False,False,False,0
115356,G06006516,High,True,True,False,0
195786,G06006511,Medium,False,False,False,0
420490,G06006511,Medium,False,False,False,0
195743,G06007111,Medium,True,True,False,0
389878,G06006511,High,True,True,False,0
92563,G06006507,Medium,False,False,False,0
92605,G06006514,High,True,True,False,0
195739,G06006516,Low,False,False,False,0
188060,G06006516,High,False,False,False,0
288556,G06007111,High,False,False,False,0
420256,G06007115,Medium,False,False,False,0
195719,G06006511,Low,False,False,False,1
278053,G06006522,High,False,False,False,0
408783,G06007111,High,False,False,False,0
116439,G06006519,High,False,False,False,0
101587,G06007118,Low,False,False,False,0
288947,G06007112,High,False,False,False,0
116154,G06007118,Low,True,True,False,1
423727,G06006523,High,False,False,False,0
277019,G06007110,High,True,True,False,0
277144,G06006519,Medium,False,False,False,0
282517,G06007116,High,False,False,False,0
423422,G06006516,Low,True,True,False,0
116198,G06006520,Low,False,False,False,0
396942,G06007105,High,False,False,False,0
277208,G06006511,High,False,False,False,0
90663,G06006516,High,False,False,True,0
423241,G06006523,High,False,False,True,0
277225,G06006525,Medium,True,True,False,0
423139,G06007107,Low,False,False,True,0
116111,G06006524,Medium,False,False,False,0
289026,G06006523,High,False,False,False,1
286008,G06007116,High,False,False,False,0
90803,G06007117,High,False,False,False,0
388689,G06006520,High,False,False,False,0
289137,G06006524,High,True,True,False,0
89964,G06006519,Medium,False,False,False,0
388465,G06006516,Low,False,False,True,0
90014,G06006511,High,True,True,False,0
90060,G06006525,High,True,True,False,0
90136,G06007111,High,False,False,False,0
276919,G06007118,Medium,False,False,False,0
388513,G06007110,Low,False,False,True,1
102196,G06007116,High,False,False,False,0
282546,G06007105,High,False,False,False,0
90157,G06007118,Low,False,False,False,0
189603,G06006521,High,False,False,True,0
90198,G06007108,Low,False,False,False,0
407774,G06006509,High,False,False,False,0
90238,G06007119,Low,False,False,False,0
289147,G06006514,High,True,True,False,0
407901,G06006523,Low,False,False,False,0
288909,G06007119,Medium,False,False,False,0
388851,G06006519,High,False,False,False,0
389067,G06007108,High,False,False,False,0
196215,G06007116,Low,False,False,False,0
116016,G06007105,Medium,False,False,False,1
389094,G06007111,High,False,False,False,0
277523,G06007111,Medium,False,False,False,0
196166,G06007107,Low,False,False,False,0
91429,G06007111,Medium,False,False,False,0
91435,G06006511,Low,True,True,False,0
282338,G06007115,Low,False,False,False,0
389128,G06007112,Medium,False,False,False,0
422340,G06006516,Medium,False,False,False,0
187858,G06007112,Medium,True,True,False,0
277559,G06006520,High,True,True,False,0
91512,G06006523,Medium,False,False,False,0
422103,G06007105,Medium,True,True,False,0
91538,G06007111,Medium,True,True,False,0
115961,G06007118,High,False,False,False,0
196121,G06007110,High,False,False,False,0
286139,G06006509,Low,False,False,True,0
396744,G06007116,High,False,False,False,0
288984,G06007112,Medium,True,True,False,0
282508,G06006520,Medium,False,False,False,0
277294,G06006519,High,True,True,False,0
422991,G06007107,High,False,False,False,0
396860,G06007110,Medium,False,False,False,0
116088,G06006509,Medium,False,False,False,0
422983,G06006522,High,True,True,True,0
388917,G06006511,High,False,False,False,0
289025,G06006521,High,True,True,True,1
90977,G06007111,Low,False,False,False,0
91004,G06007118,High,False,False,False,0
91128,G06007110,Medium,False,False,False,0
422840,G06006507,High,False,False,False,0
389002,G06006520,High,False,False,False,0
408030,G06006522,Low,False,False,False,0
189548,G06006522,High,True,True,False,0
422791,G06006507,Medium,False,False,False,0
91182,G06006519,Medium,True,True,True,0
286074,G06006519,Medium,False,False,True,0
422772,G06007119,High,False,False,False,0
187830,G06006519,Medium,False,False,False,0
116044,G06006511,High,False,False,False,0
423096,G06006521,High,True,True,False,1
288806,G06006522,Medium,False,False,False,0
515402,G06007107,Low,False,False,True,0
25367,G06006523,Medium,False,False,False,0
243467,G06006514,High,True,True,False,0
515563,G06006519,Medium,False,False,False,0
25316,G06007108,Low,False,False,False,0
515673,G06007110,High,False,False,False,0
243421,G06006516,High,False,False,False,0
25203,G06006514,Low,True,True,False,0
515911,G06006507,High,False,False,False,0
25098,G06007111,Medium,True,True,False,0
25070,G06006516,High,False,False,False,0
243248,G06007118,High,False,False,True,0
25404,G06006511,Medium,False,False,False,1
516158,G06006507,High,False,False,False,0
515351,G06006507,High,False,False,False,0
220113,G06006511,High,True,True,True,0
514740,G06006522,High,False,False,False,0
514894,G06006507,Low,False,False,False,0
25862,G06006525,High,False,False,False,0
514958,G06007111,Medium,False,False,False,0
514991,G06006524,Low,True,True,False,0
514995,G06006516,High,False,False,False,0
25751,G06007112,Low,False,False,False,0
515083,G06007112,Medium,False,False,False,0
515086,G06007116,Low,False,False,False,0
243632,G06006525,High,False,False,False,0
515135,G06006525,High,False,False,False,0
25623,G06007117,Medium,False,False,True,0
25572,G06006521,Medium,False,False,False,0
220066,G06007105,High,True,True,False,0
25449,G06007119,Low,True,True,False,0
516243,G06007118,High,False,False,True,0
516301,G06006509,Medium,False,False,False,0
23948,G06007111,Low,False,False,False,0
517241,G06007119,Medium,True,True,False,0
242582,G06007110,Medium,False,False,True,0
517283,G06007108,Low,False,False,False,0
517285,G06006507,Medium,True,True,False,0
23885,G06007112,High,True,True,True,0
517327,G06007111,Low,True,True,False,0
242528,G06007104,High,False,False,False,0
242517,G06006523,High,False,False,False,0
517548,G06007108,Low,False,False,False,1
517557,G06007118,Low,False,False,False,0
23465,G06006514,Medium,False,False,False,0
517616,G06007105,Medium,False,False,False,0
220819,G06007111,Low,False,False,False,0
517017,G06006524,High,False,False,False,0
516969,G06007119,Medium,False,False,False,0
242786,G06006519,High,True,True,False,0
516340,G06006525,Low,True,True,False,0
24642,G06007115,High,False,False,False,0
24599,G06007116,Medium,False,False,False,0
514584,G06006516,Low,True,True,False,0
242901,G06007115,Medium,True,True,False,0
24332,G06007119,High,False,False,False,0
220763,G06006524,High,False,False,True,0
516701,G06007108,Medium,True,True,False,0
24278,G06007118,High,False,False,False,0
516749,G06006514,High,False,False,False,0
24166,G06006516,Medium,False,False,True,0
24417,G06007104,Medium,True,True,False,0
26074,G06007111,High,True,True,False,0
514474,G06006522,Medium,False,False,False,0
244797,G06007111,High,False,False,True,0
27848,G06007105,High,False,False,False,0
244791,G06007115,High,False,False,False,0
512206,G06006522,High,True,True,False,0
219466,G06007116,Low,True,True,False,0
512349,G06006516,High,False,False,False,0
219524,G06007105,Low,False,False,False,0
512475,G06006519,Medium,False,False,False,0
27584,G06007116,High,False,False,False,0
27580,G06006520,Low,False,False,False,0
27532,G06007118,Medium,False,False,False,0
512624,G06007118,Low,False,False,False,0
512746,G06006523,Medium,True,True,True,0
512776,G06006507,Medium,False,False,False,0
511883,G06007108,High,False,False,False,0
511303,G06007116,Medium,False,False,False,0
28223,G06006521,Medium,True,True,False,0
511368,G06007119,High,True,True,False,0
219362,G06006514,Low,False,False,False,0
28058,G06006519,Medium,False,False,False,0
27946,G06006516,High,False,False,True,0
219384,G06007110,Medium,False,False,False,0
511759,G06006525,Medium,False,False,False,0
511824,G06006523,Medium,False,False,False,0
512985,G06006524,Low,False,False,False,0
244150,G06007108,Low,False,False,False,0
26520,G06006507,Low,False,False,False,0
513821,G06006525,Medium,False,False,False,0
26340,G06007105,Medium,False,False,False,0
244038,G06007108,Medium,False,False,False,0
244014,G06007116,Low,False,False,False,0
219905,G06006525,High,False,False,False,0
514400,G06007116,Medium,False,False,False,0
514470,G06006507,Low,False,False,True,0
243936,G06006525,High,False,False,False,0
513668,G06006516,High,False,False,False,0
219851,G06007107,High,False,False,False,0
219830,G06006516,High,True,True,False,0
26743,G06006523,Medium,False,False,False,0
513006,G06007111,Medium,False,False,False,0
27369,G06007111,High,False,False,False,0
27196,G06006514,High,False,False,False,0
27171,G06006519,High,False,False,False,0
243914,G06006516,Low,True,True,False,1
244330,G06006516,Low,False,False,False,1
244211,G06006524,Low,False,False,False,0
513490,G06006511,Medium,False,False,False,1
26798,G06006524,High,False,False,False,0
513509,G06006511,High,False,False,False,0
26751,G06006511,Low,False,False,False,0
513405,G06007107,Medium,False,False,True,0
517702,G06006522,High,False,False,False,0
23374,G06006519,High,False,False,False,0
23337,G06007108,High,False,False,False,0
20447,G06006507,High,False,False,False,0
521914,G06006519,High,True,True,False,0
521950,G06007117,High,True,True,False,0
20320,G06007107,High,True,True,False,0
522038,G06006525,Medium,False,False,False,0
240697,G06006514,Medium,False,False,False,1
240694,G06006511,Low,False,False,False,0
522112,G06007117,High,False,False,True,0
522237,G06006525,Low,False,False,False,0
20036,G06006520,High,False,False,False,0
522348,G06006522,High,True,True,False,0
522412,G06007108,High,False,False,False,0
522454,G06006525,Medium,False,False,False,0
522458,G06006522,High,False,False,False,0
521792,G06006525,Medium,False,False,True,0
521648,G06007112,Low,False,False,False,0
241078,G06007119,Low,True,True,True,0
21128,G06007111,High,False,False,False,0
520862,G06006522,High,False,False,False,0
21042,G06007116,Low,False,False,True,0
240993,G06006516,Medium,False,False,False,0
521029,G06006511,Medium,False,False,False,0
521247,G06006522,High,False,False,False,0
20839,G06007107,Medium,False,False,False,0
521333,G06006523,High,True,True,False,0
521538,G06007115,Medium,False,False,False,0
521716,G06007108,High,False,False,False,0
522460,G06007105,Low,False,False,False,0
522469,G06007105,Medium,True,True,False,0
19913,G06007118,Medium,False,False,False,1
19591,G06007112,Medium,False,False,True,0
240396,G06007116,Medium,False,False,False,0
523186,G06007116,Medium,False,False,True,0
523285,G06006520,Medium,False,False,False,0
523318,G06006521,High,False,False,False,0
222477,G06007110,Medium,False,False,False,0
19325,G06007117,High,True,True,False,0
19324,G06006522,High,False,False,False,0
523596,G06007112,Low,True,True,False,0
222495,G06007116,Medium,False,False,False,0
523605,G06006524,Medium,False,False,False,0
522955,G06007117,Low,False,False,False,0
522954,G06007105,Medium,True,True,False,0
240430,G06007112,Low,False,False,False,0
19902,G06007105,Low,True,True,False,0
522499,G06006511,Low,True,True,False,0
19894,G06006519,Low,False,False,False,0
522537,G06007107,Medium,False,False,False,0
240500,G06006519,High,False,False,False,0
522563,G06006509,High,False,False,False,0
21357,G06007117,High,True,True,True,0
522669,G06006521,High,False,False,False,0
19707,G06007119,High,False,False,False,0
19688,G06006507,High,True,True,False,0
522856,G06006509,High,True,True,False,0
240434,G06007110,High,False,False,False,0
520629,G06006516,Low,False,False,False,1
520569,G06007115,Low,False,False,False,0
242021,G06006523,High,False,False,False,0
242003,G06007108,High,True,True,False,0
518403,G06006516,High,True,True,False,1
518411,G06006524,Low,False,False,False,0
221295,G06006519,Low,False,False,False,0
22599,G06007112,Medium,False,False,False,0
22568,G06006524,Medium,False,False,False,0
22501,G06007111,Low,False,False,False,0
221341,G06007105,High,True,True,True,0
22455,G06007118,Medium,False,False,False,0
518343,G06007119,Low,False,False,False,0
22785,G06006509,High,False,False,False,0
22795,G06006525,Low,False,False,False,0
518186,G06007110,Low,False,False,False,0
221056,G06006524,Medium,True,True,False,0
242273,G06006520,Medium,False,False,False,0
517863,G06006514,High,False,False,True,0
22390,G06007118,Low,False,False,False,0
23107,G06006516,High,False,False,False,0
23027,G06007112,High,False,False,False,0
242174,G06006525,High,False,False,True,0
242172,G06007118,High,False,False,False,1
518021,G06007108,High,True,True,False,0
23002,G06007115,High,False,False,False,0
23096,G06007118,High,False,False,False,0
511297,G06007105,High,True,True,False,0
519303,G06006516,Medium,False,False,True,0
520012,G06007104,Medium,True,True,False,0
21770,G06006525,Medium,False,False,False,0
221645,G06007117,Medium,False,False,False,0
21657,G06007105,Low,False,False,False,0
520244,G06007119,Low,True,True,False,0
21610,G06007111,Low,False,False,False,0
520263,G06006519,High,True,True,False,0
21598,G06006516,High,False,False,True,0
520312,G06006511,Medium,True,True,False,0
21597,G06007119,Low,False,False,False,0
221754,G06006523,High,False,False,False,0
21585,G06007107,High,False,False,False,0
520406,G06006511,Medium,True,True,False,0
520445,G06007111,High,False,False,False,0
221891,G06007105,High,False,False,False,1
519988,G06006523,Medium,False,False,False,1
241404,G06006524,High,False,False,False,0
22002,G06006519,High,False,False,False,0
22222,G06006509,High,False,False,False,0
519369,G06007105,Low,False,False,False,0
221534,G06006522,Medium,False,False,False,0
519448,G06006516,High,False,False,False,0
22105,G06007111,Medium,False,False,False,0
519213,G06006516,High,False,False,False,0
22084,G06007116,High,False,False,False,1
519569,G06007105,Low,False,False,False,0
241500,G06006520,High,False,False,False,0
519687,G06006507,High,True,True,False,0
221543,G06006516,Medium,False,False,False,0
245008,G06006511,High,False,False,False,1
219311,G06006511,High,True,True,False,0
28373,G06007111,High,True,True,False,0
34428,G06007115,High,False,False,False,0
34355,G06007111,Low,True,True,True,0
217192,G06006524,High,False,False,False,0
34231,G06007115,High,False,False,False,0
502585,G06006522,Medium,False,False,False,0
502636,G06007116,High,True,True,False,0
502793,G06006511,Medium,False,False,False,0
502171,G06006523,High,False,False,False,0
502797,G06006524,Low,False,False,False,0
248306,G06006514,Medium,False,False,False,0
501583,G06007105,High,False,False,False,0
501639,G06006509,High,False,False,False,0
501698,G06007108,Medium,False,False,False,0
217060,G06007118,Medium,False,False,False,0
217077,G06006514,High,False,False,False,0
248425,G06006524,High,True,True,False,0
34620,G06007104,High,False,False,False,0
501856,G06007110,Medium,False,False,False,0
248331,G06007111,Medium,False,False,False,0
248323,G06007108,High,True,True,False,0
34564,G06007105,High,False,False,False,0
502135,G06007115,High,True,True,True,0
217302,G06007115,Medium,False,False,False,0
503910,G06006523,High,True,True,False,0
504028,G06006516,High,False,False,False,0
247699,G06007116,High,True,True,False,0
504097,G06006514,High,False,False,False,0
504127,G06007112,Medium,True,True,False,0
33253,G06006525,High,False,False,False,0
33148,G06007105,Low,True,True,False,0
33123,G06007118,Low,True,True,True,1
33086,G06007112,Medium,False,False,False,0
504443,G06006520,High,False,False,True,0
503696,G06006520,Low,False,False,False,0
217414,G06007110,High,False,False,False,0
33591,G06006519,High,True,True,False,0
33843,G06006511,Medium,False,False,False,0
33813,G06006511,High,False,False,False,0
503109,G06006520,Low,False,False,False,0
503186,G06007116,Medium,False,False,False,0
217335,G06006523,Low,False,False,False,0
34770,G06006514,Low,True,True,True,0
217351,G06006525,Medium,True,True,False,0
33673,G06007110,High,False,False,False,0
217364,G06006511,Medium,False,False,False,0
247967,G06007119,Low,True,True,False,0
33632,G06006519,High,False,False,False,0
33621,G06007105,Medium,False,False,False,0
217397,G06007111,Medium,False,False,False,0
33691,G06007108,High,False,False,True,0
501443,G06007115,High,False,False,False,0
501331,G06007115,Medium,False,False,False,0
34929,G06007115,High,False,False,False,0
498096,G06007116,Medium,False,False,False,0
216197,G06006509,Medium,True,True,False,0
37070,G06007119,Medium,False,False,False,0
37047,G06006507,Low,True,True,False,0
249756,G06007111,Low,True,True,True,0
498499,G06007116,High,False,False,False,0
36808,G06007111,Medium,False,False,False,0
36805,G06006520,High,False,False,False,0
249651,G06006516,Low,False,False,False,1
498804,G06006520,Low,False,False,False,0
249627,G06006511,Medium,False,False,False,0
37165,G06007118,Low,True,True,False,0
498062,G06006516,High,False,False,False,1
216168,G06007110,Low,False,False,True,0
249834,G06006514,Medium,True,True,False,0
497298,G06007115,High,False,False,False,0
497300,G06006521,High,False,False,False,0
497328,G06006522,High,False,False,False,0
497414,G06007110,Low,False,False,False,0
37622,G06006516,Medium,False,False,False,0
249603,G06006516,Medium,False,False,False,0
37419,G06006509,High,False,False,False,0
37310,G06007118,High,False,False,False,0
249875,G06006525,High,False,False,False,0
497878,G06007105,Medium,False,False,False,0
216145,G06007105,Low,False,False,False,0
497471,G06007105,Medium,False,False,False,0
33060,G06007116,High,False,False,False,0
498961,G06006522,High,True,True,False,0
35629,G06006523,Medium,False,False,False,0
500470,G06007107,Low,False,False,False,0
35611,G06007119,High,False,False,False,0
500796,G06007118,Low,False,False,False,0
500829,G06006525,High,False,False,False,0
35339,G06006519,Medium,False,False,False,0
248785,G06006507,High,False,False,False,0
35222,G06007111,High,False,False,False,0
216871,G06007112,Medium,False,False,False,0
35009,G06007118,Medium,False,False,False,0
501264,G06006511,Low,False,False,False,0
35651,G06007105,Low,False,False,True,0
500303,G06006519,Medium,False,False,False,0
499101,G06006523,High,False,False,False,0
249435,G06007119,High,False,False,False,0
36383,G06006522,Medium,False,False,False,0
36235,G06007117,High,False,False,True,1
499640,G06006522,Low,False,False,False,0
498948,G06007111,Medium,False,False,True,0
499910,G06007117,Medium,True,True,False,1
500054,G06007117,Medium,False,False,False,0
249033,G06006521,Low,False,False,False,0
35764,G06006519,Low,False,False,False,0
500284,G06006523,Medium,False,False,False,0
499754,G06007115,High,True,True,False,0
19229,G06006523,High,False,False,False,0
508668,G06006524,Medium,False,False,False,0
508692,G06007108,Medium,False,False,False,0
246028,G06007118,High,False,False,False,0
508729,G06006520,Low,False,False,False,0
508870,G06006524,Medium,False,False,True,0
508909,G06007116,Medium,True,True,False,0
508966,G06006507,High,True,True,False,0
245913,G06006507,Medium,False,False,False,0
30226,G06006516,Medium,False,False,False,0
218774,G06006507,Low,False,False,False,0
509058,G06006511,Medium,False,False,False,0
30182,G06006509,Low,False,False,False,0
509117,G06006522,High,False,False,True,0
30080,G06007115,High,True,True,False,0
30448,G06006507,High,False,False,False,0
30462,G06006514,Low,True,True,False,0
507853,G06007105,High,False,False,False,0
507874,G06006522,Medium,True,True,False,0
246141,G06007116,Low,False,False,False,0
218606,G06007108,High,False,False,False,0
246128,G06007104,Medium,False,False,False,0
508222,G06006516,High,False,False,False,0
508266,G06007119,Medium,False,False,True,0
508308,G06007118,High,False,False,False,1
30575,G06006521,Medium,False,False,False,0
218655,G06006511,High,False,False,False,0
30508,G06006521,High,True,True,False,0
30469,G06007116,High,True,True,False,0
30460,G06006523,High,True,True,False,0
245682,G06006509,Medium,False,False,False,0
30011,G06006523,High,False,False,True,0
509363,G06007116,High,False,False,False,0
219198,G06006516,High,True,True,False,0
29151,G06006522,High,True,True,True,0
510407,G06006522,Low,False,False,False,0
29017,G06007110,High,False,False,False,0
510656,G06007112,High,True,True,False,1
28870,G06007105,Low,False,False,False,0
510977,G06007111,Medium,False,False,False,1
511004,G06006516,Medium,False,False,False,0
28546,G06007108,Low,False,False,False,0
245069,G06006507,Low,False,False,False,0
28405,G06006516,High,False,False,False,0
245429,G06007108,Medium,False,False,False,0
29904,G06006523,Low,False,False,False,0
509412,G06007108,High,False,False,False,0
29617,G06006525,Low,True,True,False,0
507814,G06006516,High,True,True,False,0
29573,G06007112,Low,True,True,False,0
509889,G06006525,Low,True,True,False,0
219120,G06006525,Medium,True,True,False,0
509957,G06006523,Medium,False,False,False,0
219087,G06007116,Low,True,True,False,0
507755,G06006525,Medium,False,False,False,0
507713,G06007111,Medium,False,False,False,0
505711,G06006521,Medium,False,False,False,0
217878,G06006521,Low,False,False,False,0
505810,G06006509,Medium,False,False,True,0
505816,G06006525,Medium,False,False,False,0
505957,G06006522,Low,False,False,True,0
32175,G06006520,Medium,False,False,False,0
32105,G06006514,Medium,False,False,False,0
32050,G06007111,Low,False,False,False,0
246863,G06006516,Low,False,False,False,0
246860,G06007105,Low,False,False,False,0
31866,G06007108,High,False,False,False,0
506274,G06006507,High,True,True,True,0
247060,G06006511,Medium,False,False,False,0
505538,G06007107,Low,False,False,False,0
505061,G06007118,High,True,True,False,0
505116,G06006522,High,False,False,True,0
505180,G06006525,Low,False,False,True,0
217821,G06007111,Medium,False,False,False,0
505308,G06006511,Low,False,False,False,0
505340,G06007118,Medium,False,False,True,0
247102,G06007108,Medium,False,False,False,0
217860,G06007118,Low,True,True,False,0
32561,G06007107,Medium,False,False,False,0
247068,G06006519,High,False,False,False,1
32546,G06007118,Medium,False,False,True,0
247131,G06007112,High,False,False,False,0
247353,G06007108,Low,True,True,False,0
506399,G06006523,Medium,False,False,False,0
246795,G06007105,Medium,False,False,False,0
507071,G06006523,Medium,True,True,True,0
31306,G06007119,High,True,True,False,0
507293,G06007105,High,True,True,False,0
31261,G06006523,High,False,False,True,0
507399,G06006516,Medium,True,True,True,0
31236,G06006522,Low,True,True,False,0
218384,G06007105,Medium,False,False,False,0
507522,G06007111,High,True,True,False,0
31044,G06007116,Low,False,False,False,0
246360,G06007112,High,False,False,False,0
507026,G06006507,Low,True,True,False,0
506919,G06006525,Medium,False,False,False,0
506895,G06006523,High,True,True,False,0
31491,G06006520,High,False,False,False,0
506434,G06007110,Medium,False,False,True,0
246764,G06006511,Medium,False,False,False,0
31663,G06006525,High,False,False,False,0
506525,G06007112,High,False,False,False,1
246726,G06006524,Medium,False,False,False,0
246829,G06006521,High,False,False,True,0
31569,G06006525,Medium,False,False,False,0
506724,G06007115,Low,False,False,False,0
218130,G06006511,Medium,False,False,False,0
506787,G06007111,Medium,True,True,False,0
506793,G06007117,Medium,False,False,False,0
506807,G06006507,High,False,False,False,0
506818,G06007112,Medium,False,False,False,0
506720,G06007119,Medium,False,False,False,1
497247,G06007111,High,False,False,False,0
524020,G06007112,Low,False,False,False,0
6795,G06006525,Low,False,False,False,0
540949,G06006520,Low,False,False,False,0
6690,G06006524,High,False,False,False,0
541014,G06007118,Medium,False,False,False,0
6661,G06006525,Low,True,True,False,0
233710,G06006523,High,False,False,False,0
6603,G06006511,High,True,True,False,1
541337,G06006524,High,True,True,False,0
541386,G06006519,High,False,False,False,0
6378,G06007108,Medium,True,True,False,0
233502,G06006525,Low,False,False,False,0
540901,G06007118,High,False,False,False,0
541517,G06007108,High,False,False,True,0
6831,G06007107,Medium,False,False,False,0
7259,G06007111,High,False,False,False,0
540288,G06006516,High,False,False,False,1
7126,G06006525,Medium,False,False,False,0
233933,G06007105,High,False,False,False,0
233919,G06007110,High,False,False,False,0
7054,G06006520,High,True,True,False,0
540516,G06006520,Low,False,False,False,0
6990,G06007119,High,True,True,False,0
6965,G06006514,High,False,False,False,0
227044,G06006519,Medium,False,False,False,0
6870,G06006519,High,False,False,False,0
6847,G06007111,Medium,True,True,False,0
233439,G06006519,High,False,False,False,0
541593,G06007111,Medium,False,False,False,0
232790,G06007116,Low,False,False,False,0
5315,G06007110,High,False,False,False,1
227828,G06006524,Medium,False,False,False,0
543021,G06006525,High,False,False,False,0
227843,G06006509,Medium,True,True,False,0
543141,G06007112,Medium,False,False,False,0
543188,G06007111,High,False,False,False,0
543202,G06007118,Low,False,False,False,0
5093,G06006522,Low,True,True,False,0
543396,G06007118,Medium,False,False,False,0
227968,G06006516,High,True,True,False,0
232641,G06006516,High,False,False,False,0
543500,G06007119,High,False,False,False,0
227817,G06006514,High,True,True,False,0
227802,G06006521,Low,False,False,False,0
227793,G06007118,Low,False,False,False,0
227428,G06006525,Low,False,False,False,0
6109,G06007105,Low,False,False,False,0
541859,G06007111,Medium,False,False,False,0
6014,G06006524,High,False,False,False,0
233099,G06006516,Low,False,False,False,0
5846,G06006516,Medium,False,False,False,0
5785,G06006511,High,False,False,True,0
542341,G06007117,Medium,False,False,False,0
542515,G06007117,Low,False,False,False,1
542569,G06006511,High,False,False,False,0
227612,G06006519,Medium,False,False,False,0
542308,G06007111,High,False,False,True,0
539879,G06007118,Medium,False,False,False,0
539796,G06007118,Medium,False,False,False,0
226367,G06007118,Medium,False,False,True,0
9154,G06007112,Medium,True,True,False,0
537987,G06006525,Low,False,False,False,0
538015,G06007111,High,True,True,False,0
234615,G06007107,High,False,False,True,0
538028,G06007105,Medium,False,False,False,0
9071,G06007116,High,False,False,False,0
9048,G06007116,Low,False,False,False,0
234585,G06007117,High,True,True,False,0
538053,G06007117,High,False,False,False,0
234577,G06006511,High,False,False,False,0
234512,G06006511,Medium,True,True,False,0
538272,G06007115,High,True,True,False,0
234701,G06007115,High,False,False,True,0
538352,G06006524,Low,True,True,True,0
537809,G06006520,Low,False,False,False,0
537749,G06007108,High,False,False,False,0
9974,G06006516,Low,True,True,False,0
9955,G06006509,High,True,True,True,0
235061,G06007105,Low,False,False,False,0
536964,G06006514,Medium,False,False,False,0
537149,G06006516,High,False,False,False,0
234987,G06006509,High,True,True,False,0
9696,G06006511,High,False,False,False,0
537339,G06006511,Medium,False,False,False,0
9557,G06006525,High,False,False,False,0
234856,G06007119,High,False,False,False,1
9523,G06006514,Low,False,False,False,1
9519,G06006524,High,False,False,False,0
537604,G06006524,Low,False,False,False,0
9377,G06007112,High,False,False,False,0
538460,G06006524,Low,False,False,False,0
538479,G06007105,Medium,False,False,False,0
538529,G06006519,High,False,False,False,0
539178,G06007118,High,False,False,True,0
539236,G06006524,High,False,False,False,0
539329,G06006514,High,False,False,False,0
7841,G06007107,Medium,False,False,False,0
7834,G06006511,Low,False,False,False,0
539529,G06006520,High,True,True,False,0
539589,G06006521,Medium,False,False,False,0
539659,G06007110,Low,True,True,False,0
539719,G06007105,Medium,False,False,False,0
7986,G06007119,Medium,True,True,False,0
8262,G06006514,Low,False,False,False,0
538940,G06007116,High,False,False,False,0
538534,G06007108,Medium,False,False,False,0
538566,G06006519,High,False,False,False,0
8564,G06006511,High,False,False,False,0
8561,G06006511,Medium,False,False,False,0
538691,G06007111,Low,False,False,False,0
539826,G06007105,Medium,True,True,False,0
8542,G06007119,Low,False,False,False,0
538747,G06007116,High,False,False,False,0
538782,G06006519,High,False,False,False,0
538792,G06006523,Medium,True,True,False,0
8386,G06006525,Low,False,False,False,0
8371,G06007112,Low,False,False,False,0
538897,G06007105,Low,False,False,False,0
8482,G06006516,Low,False,False,False,0
547215,G06007115,Medium,False,False,False,0
1788,G06007108,Medium,False,False,False,0
231048,G06006507,Medium,False,False,False,0
231031,G06006507,High,True,True,True,0
547366,G06007105,High,False,False,False,0
547467,G06006525,High,False,False,False,0
1614,G06007110,High,False,False,False,1
547719,G06007118,Low,False,False,False,0
547797,G06006522,Medium,False,False,False,0
229447,G06007115,Medium,True,True,False,0
547928,G06007118,High,False,False,False,0
229450,G06006520,High,True,True,False,0
230852,G06007108,Medium,False,False,False,0
229308,G06006525,High,False,False,False,1
548014,G06007116,Low,False,False,False,0
231403,G06007116,Medium,False,False,False,0
2292,G06006507,Low,False,False,False,0
229143,G06006514,Low,False,False,False,0
546759,G06006511,High,False,False,False,0
546763,G06007117,High,False,False,False,0
546806,G06006511,High,False,False,False,0
229153,G06006525,Medium,False,False,False,0
231248,G06006523,Low,True,True,False,0
231207,G06007116,Medium,False,False,False,0
546939,G06007115,High,False,False,True,0
548072,G06006514,High,False,False,False,0
548088,G06006509,High,False,False,False,0
230517,G06007104,Low,True,True,False,0
230024,G06007112,High,False,False,False,0
549369,G06006524,High,False,False,True,1
549511,G06007118,High,False,False,False,0
549534,G06006521,Medium,False,False,False,1
441,G06006511,High,False,False,False,0
549659,G06006525,Medium,True,True,False,0
230321,G06006519,High,False,False,False,0
123,G06007111,High,True,True,False,0
549876,G06007111,High,False,False,False,0
31,G06006524,Low,True,True,False,0
12,G06006514,High,False,False,False,1
549175,G06006514,Medium,False,False,False,0
229931,G06006507,High,False,False,True,0
814,G06006516,High,False,False,False,0
230800,G06007105,High,True,True,False,0
229467,G06006519,High,False,False,False,0
548246,G06007108,Low,False,False,False,0
230692,G06006525,High,True,True,False,0
229827,G06007119,High,False,False,False,0
548439,G06007115,High,False,False,False,0
230652,G06006507,High,False,False,False,0
1173,G06006522,Low,False,False,False,0
548570,G06007107,Low,True,True,False,0
548678,G06006514,High,False,False,False,0
229919,G06006520,High,True,True,False,0
548917,G06007118,Medium,False,False,False,0
548969,G06006507,Low,False,False,False,0
229924,G06006516,High,False,False,False,0
230644,G06007105,Low,False,False,False,0
2407,G06006514,Medium,False,False,False,0
546401,G06006523,Low,False,False,False,0
3990,G06006524,High,False,False,False,0
544672,G06007110,Medium,False,False,False,0
544695,G06007119,High,False,False,False,0
544720,G06007111,Medium,False,False,False,0
3969,G06007117,High,False,False,True,0
3955,G06006509,High,False,False,False,0
3871,G06006509,Medium,True,True,False,0
544962,G06007117,High,False,False,True,0
544983,G06006520,High,False,False,False,0
3780,G06006524,High,True,True,False,0
545002,G06006516,Medium,False,False,False,0
3725,G06006525,High,False,False,False,0
3721,G06007115,High,False,False,False,1
545121,G06007111,Medium,False,False,False,0
232188,G06007115,Low,False,False,False,0
232196,G06006519,High,False,False,False,1
232248,G06006519,High,False,False,False,0
4215,G06007111,High,False,False,False,0
543658,G06006525,Low,False,False,False,0
543759,G06006519,High,False,False,False,0
543845,G06007111,Medium,False,False,False,0
543849,G06007116,High,False,False,True,0
545211,G06007118,Medium,False,False,False,0
544028,G06007115,High,False,False,False,0
544110,G06007105,High,True,True,True,0
232335,G06006516,Medium,False,False,False,0
4271,G06006521,High,False,False,False,0
228156,G06007116,High,False,False,True,0
232283,G06006519,High,False,False,False,1
4252,G06006519,High,False,False,False,0
10034,G06007119,Low,False,False,False,0
228460,G06007112,High,True,True,True,0
545347,G06007119,High,True,True,False,1
2788,G06006511,High,True,True,False,0
546081,G06006514,High,False,False,False,0
546103,G06006521,High,False,False,False,0
2784,G06007116,High,False,False,False,0
546165,G06006522,Medium,False,False,False,0
546253,G06007108,Medium,False,False,False,0
546276,G06006511,High,False,False,False,0
2606,G06006509,Low,False,False,False,0
231464,G06007107,Low,False,False,False,0
2545,G06006524,High,True,True,False,0
546330,G06006509,Medium,True,True,False,0
546391,G06007108,Medium,False,False,False,0
228851,G06007108,High,False,False,False,1
546034,G06007111,High,False,False,False,0
231615,G06006514,High,True,True,False,0
2969,G06007119,Medium,False,False,False,0
545394,G06006523,Medium,False,False,False,0
3497,G06007107,High,False,False,False,0
545413,G06006507,High,False,False,False,0
3337,G06006520,Medium,False,False,False,0
545541,G06006516,High,False,False,True,0
545545,G06007116,Medium,False,False,False,1
3242,G06007112,Low,False,False,False,0
3504,G06006519,High,False,False,False,0
231808,G06006525,Medium,False,False,False,0
3219,G06006525,Medium,False,False,False,0
545955,G06007107,Medium,False,False,False,0
3010,G06007107,High,False,False,False,0
545996,G06006522,Low,True,True,True,0
545729,G06006509,High,False,False,True,0
536902,G06006522,Low,False,False,False,0
235101,G06007105,Low,False,False,True,0
527747,G06006514,High,False,False,False,1
238781,G06007118,High,False,False,False,0
238767,G06006507,Low,False,False,False,0
527894,G06007116,High,False,False,False,0
527975,G06006524,High,False,False,False,0
528050,G06006509,Medium,False,False,False,0
16144,G06007111,Low,False,False,False,1
528109,G06007118,Low,False,False,True,0
223779,G06007116,High,True,True,False,0
238604,G06006516,High,True,True,False,0
16069,G06007117,High,False,False,False,0
528283,G06007111,High,False,False,False,0
223669,G06006519,Low,False,False,False,0
527548,G06007108,Medium,False,False,False,0
16847,G06007112,High,False,False,False,0
527233,G06007110,High,True,True,False,0
16694,G06007119,High,False,False,False,0
238980,G06007112,Medium,True,True,True,0
527345,G06006520,Low,False,False,True,0
16641,G06006523,Medium,True,True,False,0
16601,G06007105,Medium,False,False,False,0
527530,G06006522,Low,False,False,False,0
223538,G06007118,Medium,True,True,False,0
527629,G06006523,Low,False,False,False,0
238526,G06007119,High,True,True,False,0
528363,G06006522,Medium,False,False,False,0
15708,G06006520,High,False,False,False,0
529703,G06006522,High,False,False,False,0
238058,G06007119,Medium,False,False,False,0
238030,G06006520,High,False,False,False,0
224295,G06006516,High,False,False,False,0
237957,G06006514,High,False,False,False,0
15008,G06006509,High,False,False,False,1
14929,G06006511,High,False,False,False,0
529925,G06006521,Medium,False,False,True,0
530020,G06006516,High,False,False,False,0
237843,G06006516,High,True,True,False,0
530163,G06006516,Low,False,False,False,0
530175,G06006514,Low,False,False,False,0
530212,G06006521,High,True,True,False,0
529614,G06007119,High,False,False,False,0
529518,G06007118,High,True,True,True,0
529480,G06006522,High,True,True,False,0
15659,G06006524,High,True,True,True,0
528608,G06007111,Low,False,False,False,0
238378,G06006507,Low,False,False,False,0
528906,G06006516,High,False,False,False,0
15452,G06007110,High,True,True,False,0
15395,G06006522,High,False,False,False,0
529087,G06006519,High,False,False,False,0
15338,G06007119,High,True,True,False,0
238221,G06006520,Medium,False,False,False,0
529306,G06007117,Low,True,True,False,0
529066,G06007111,High,False,False,False,0
527035,G06006525,Medium,False,False,False,0
527017,G06007112,Low,False,False,False,0
18606,G06006511,High,True,True,False,0
18540,G06006519,High,True,True,False,0
18529,G06007111,High,True,True,False,0
18480,G06006523,Medium,True,True,False,1
239758,G06007110,High,True,True,False,0
525015,G06006516,High,False,False,False,0
18403,G06007111,Low,False,False,False,0
239657,G06007110,High,False,False,False,0
525180,G06006514,High,False,False,True,0
18295,G06006519,High,False,False,False,0
525236,G06007115,High,True,True,False,0
525268,G06006522,High,True,True,False,0
524693,G06007119,Low,False,False,False,0
222814,G06006523,High,False,False,False,0
524619,G06006514,Medium,True,True,False,0
524610,G06006511,Medium,True,True,False,0
524041,G06006525,Low,False,False,False,0
524046,G06007115,Low,False,False,True,0
19047,G06007117,Medium,False,False,False,0
524087,G06006516,Medium,False,False,False,0
240171,G06007112,High,False,False,True,0
19039,G06006514,Low,True,True,True,0
222656,G06007111,High,True,True,False,0
524327,G06007115,High,True,True,False,0
18939,G06006523,Medium,False,False,False,0
524373,G06007115,Medium,True,True,False,0
524414,G06006516,Medium,False,False,False,0
524598,G06006509,Medium,True,True,False,0
524301,G06006511,Medium,True,True,False,0
14795,G06007105,Low,False,False,False,0
525454,G06006511,High,False,False,False,0
17305,G06006519,Low,False,False,False,0
17275,G06006519,Medium,False,False,True,0
223310,G06006525,Low,False,False,False,1
223326,G06006516,Low,True,True,False,0
526677,G06006511,Medium,False,False,False,0
526743,G06006519,High,False,False,False,0
526749,G06007111,High,False,False,False,0
526793,G06006514,Medium,False,False,False,0
526875,G06006507,High,True,True,False,0
526876,G06006514,Medium,True,True,False,0
526942,G06007105,Medium,False,False,True,0
526498,G06006514,Medium,True,True,False,0
223259,G06007117,High,True,True,False,0
223220,G06007105,Medium,True,True,False,0
526425,G06007107,Medium,False,False,False,0
18121,G06006520,High,False,False,False,0
18076,G06007110,Low,False,False,False,0
18060,G06006524,High,True,True,False,0
18007,G06006523,Medium,False,False,True,0
525786,G06007111,High,False,False,False,1
17820,G06007108,Medium,False,False,False,0
223163,G06006522,Medium,False,False,False,0
526092,G06007110,High,False,False,False,0
17652,G06007111,High,False,False,False,0
526172,G06006514,Medium,False,False,True,0
17644,G06006520,Medium,False,False,False,0
239384,G06006514,High,False,False,False,0
17546,G06006522,High,False,False,False,0
525983,G06007118,Medium,False,False,False,0
523980,G06007117,Medium,False,False,False,0
530265,G06006523,High,False,False,False,0
534874,G06006525,Medium,False,False,False,0
235802,G06006525,High,False,False,True,0
11448,G06006522,Medium,False,False,True,0
534961,G06006525,Low,False,False,False,0
11436,G06007111,Medium,False,False,False,0
235755,G06006509,Low,False,False,True,0
11380,G06006516,Low,False,False,False,0
535081,G06007105,High,False,False,True,0
11277,G06006519,Low,False,False,False,0
225555,G06006507,Medium,False,False,True,0
11239,G06007111,Low,True,True,True,0
11209,G06007116,High,True,True,False,0
535213,G06006514,Medium,False,False,False,0
534814,G06007119,Medium,False,False,False,0
11160,G06006522,Medium,True,True,True,0
235858,G06007104,High,True,True,True,0
11623,G06006520,Low,False,False,False,0
533941,G06006514,High,False,False,False,0
12297,G06006511,Low,False,False,False,0
12121,G06006516,Medium,False,False,False,1
534237,G06006521,High,False,False,False,0
12026,G06006524,Medium,False,False,False,0
235958,G06006525,Medium,True,True,False,0
11873,G06006516,Medium,False,False,False,0
534415,G06007118,Low,True,True,True,0
534460,G06006522,Low,False,False,False,0
534610,G06007111,Low,False,False,False,0
11661,G06007110,Medium,False,False,False,0
11153,G06007112,High,False,False,False,1
225641,G06006509,High,True,True,False,0
10248,G06006507,Low,False,False,False,0
10240,G06007112,High,False,False,False,0
235241,G06006522,Low,False,False,False,0
10191,G06007118,High,False,False,False,0
536631,G06006525,Low,True,True,False,0
536635,G06006525,High,False,False,False,0
536640,G06007112,Medium,False,False,False,0
536643,G06007110,Low,True,True,False,0
536708,G06006507,High,True,True,False,0
235157,G06006525,Low,False,False,False,0
235107,G06006519,High,False,False,True,0
235103,G06006519,Low,False,False,False,0
235328,G06006521,High,False,False,False,0
536261,G06006516,High,False,False,False,0
235629,G06006520,High,False,False,False,0
225695,G06006525,Low,True,True,False,0
535430,G06006509,Medium,False,False,False,0
235562,G06007117,High,False,False,False,1
535534,G06006514,High,False,False,False,1
535569,G06006520,Low,False,False,False,0
535583,G06006520,High,False,False,False,0
533852,G06006511,Medium,False,False,False,0
10842,G06007111,High,False,False,True,0
535835,G06007119,Low,False,False,True,0
10582,G06006516,High,False,False,False,0
225821,G06006519,High,True,True,False,0
10494,G06007119,High,True,True,False,0
536043,G06007119,High,False,False,False,0
536053,G06006521,Low,False,False,True,0
236104,G06006525,High,True,True,False,0
533757,G06006519,High,False,False,False,0
237111,G06006511,Low,True,True,False,0
14018,G06006525,Medium,False,False,False,0
531408,G06006520,High,False,False,False,0
13876,G06006514,Medium,True,True,True,0
13873,G06007111,High,False,False,False,0
224791,G06006523,High,False,False,False,0
531581,G06007104,High,True,True,True,0
531603,G06006520,Medium,False,False,True,0
13731,G06006523,High,False,False,False,0
236910,G06007107,Medium,False,False,False,0
224840,G06006514,Low,False,False,False,0
531834,G06007115,Medium,False,False,False,0
237132,G06007108,High,False,False,False,0
531258,G06006525,High,True,True,False,0
14102,G06006523,High,False,False,False,0
224489,G06006511,Low,True,True,False,0
530426,G06007117,High,False,False,False,0
530491,G06007110,Low,False,False,False,0
14592,G06007118,Low,False,False,False,0
237510,G06006511,High,False,False,True,0
530926,G06006516,Low,False,False,False,0
530966,G06006507,Medium,False,False,True,0
531081,G06007111,High,True,True,False,0
237200,G06007118,Low,False,False,False,0
237505,G06007111,High,False,False,False,0
530311,G06006525,High,False,False,False,0
531957,G06006516,High,False,False,False,0
531988,G06006522,Medium,True,True,False,0
532815,G06006509,Low,True,True,False,0
532880,G06007115,Medium,False,False,False,0
236465,G06006523,High,False,False,False,0
236443,G06006516,High,False,False,False,0
225087,G06006524,Medium,False,False,False,0
236369,G06007119,High,True,True,True,0
225133,G06007112,Medium,False,False,False,0
12662,G06007110,Low,False,False,True,0
12610,G06006524,Low,False,False,False,0
533526,G06007118,High,False,False,False,0
225079,G06006521,High,False,False,False,0
532789,G06006520,Low,False,False,False,1
13445,G06006519,High,True,True,False,0
236862,G06006523,Medium,False,False,False,0
224889,G06007110,Low,False,False,False,0
224900,G06007107,High,False,False,False,0
13400,G06006525,Medium,False,False,False,0
532167,G06007116,Medium,False,False,False,0
236802,G06007108,High,False,False,False,0
13530,G06006507,High,False,False,False,0
13387,G06006521,Medium,False,False,False,0
236780,G06006523,High,False,False,False,0
532288,G06006525,Medium,True,True,False,0
224957,G06007117,Medium,True,True,False,0
13339,G06006511,High,False,False,False,0
532497,G06007117,High,True,True,False,0
532574,G06007119,High,False,False,False,0
532667,G06007118,High,True,True,True,0
13376,G06007116,High,False,False,False,1
442346,G06007110,High,True,True,True,0
497172,G06007112,Medium,False,False,False,0
497045,G06006525,Medium,True,True,False,0
263325,G06007111,High,True,True,False,1
63531,G06006524,High,False,False,False,0
206141,G06007119,Medium,False,False,False,0
460179,G06006516,Medium,True,True,False,0
63329,G06006521,Medium,True,True,False,0
263188,G06007108,Medium,False,False,False,0
460372,G06007112,Low,False,False,False,0
263108,G06006524,High,False,False,False,0
263047,G06006514,High,False,False,False,0
63579,G06007115,Medium,True,True,False,0
263380,G06006520,Low,False,False,False,0
205812,G06007116,Low,False,False,False,0
458985,G06007108,High,False,False,False,0
64154,G06006507,High,True,True,False,0
459105,G06007112,High,False,False,False,0
205827,G06006522,High,True,True,False,0
64047,G06007112,High,False,False,False,0
459165,G06007110,High,False,False,False,0
63921,G06006522,High,False,False,True,0
63677,G06006519,Medium,False,False,False,0
63649,G06006525,Low,False,False,False,0
263394,G06007105,Medium,False,False,False,0
459753,G06006514,High,False,False,False,0
459766,G06007115,High,True,True,False,0
63592,G06007119,Medium,True,True,True,0
460662,G06006525,High,False,False,False,0
206375,G06006516,Medium,True,True,False,0
460690,G06007117,High,False,False,True,0
461413,G06006525,Medium,False,False,False,0
62475,G06007119,Low,False,False,False,0
62448,G06006522,Medium,False,False,False,0
62402,G06007116,Low,False,False,False,0
62319,G06007108,Low,False,False,True,0
262642,G06006509,High,False,False,False,0
62235,G06007105,Medium,False,False,False,0
262546,G06006509,High,False,False,False,0
62026,G06006516,High,False,False,True,0
461843,G06006521,Low,False,False,False,0
461877,G06007105,Medium,False,False,False,0
461878,G06006520,Medium,False,False,False,0
461378,G06007110,Medium,False,False,False,0
206681,G06006519,High,False,False,False,0
461303,G06007111,Low,False,False,True,0
62558,G06006523,Low,False,False,False,0
62938,G06006507,Medium,False,False,False,0
460773,G06007107,Low,False,False,False,0
62937,G06007117,High,True,True,True,0
263018,G06007108,Medium,False,False,False,0
262961,G06007117,Low,True,True,True,0
263641,G06007119,High,False,False,False,0
62785,G06007112,High,False,False,False,1
206571,G06006522,Medium,True,True,False,0
62728,G06006514,Medium,False,False,False,0
461151,G06006522,High,True,True,False,0
62697,G06007118,High,False,False,False,0
206629,G06006514,Medium,False,False,False,0
263721,G06006519,High,False,False,True,0
66331,G06007108,Medium,False,False,False,0
66319,G06006522,High,False,False,False,0
456611,G06007117,Medium,False,False,True,0
456643,G06006521,Low,False,False,False,0
456797,G06006519,Medium,False,False,False,0
205362,G06006525,Low,False,False,False,0
65842,G06006519,High,False,False,False,0
456995,G06006524,Low,False,False,False,0
264267,G06006522,Medium,False,False,False,0
205395,G06006507,Medium,False,False,False,0
66366,G06007107,Medium,False,False,False,0
65653,G06006522,Low,False,False,True,0
456326,G06006516,High,False,False,False,0
456222,G06006514,Medium,True,True,False,0
66874,G06006523,Medium,False,False,False,0
264649,G06007112,Medium,True,True,False,0
66811,G06007117,Low,False,False,False,0
455937,G06007105,High,False,False,False,0
455954,G06006525,Medium,False,False,False,0
455962,G06006523,High,False,False,False,0
456002,G06006522,Medium,False,False,False,0
205087,G06007107,High,False,False,False,0
456135,G06007119,High,False,False,False,0
66618,G06006509,Medium,False,False,False,0
205141,G06007108,Low,True,True,False,0
66538,G06006519,High,False,False,False,1
66451,G06007118,High,False,False,True,0
65524,G06006509,Medium,False,False,False,0
263947,G06006519,Medium,True,True,False,0
64810,G06006511,High,False,False,False,0
263896,G06007119,Low,False,False,False,0
458099,G06006509,High,False,False,False,0
263835,G06006509,Low,True,True,False,0
458137,G06007115,High,True,True,False,0
458176,G06006519,High,False,False,True,0
64711,G06007111,High,True,True,False,0
458217,G06007108,Medium,False,False,False,0
263804,G06007108,Medium,False,False,False,0
263756,G06007118,High,False,False,False,0
263739,G06007105,Medium,False,False,False,0
64454,G06007110,Medium,False,False,False,0
64905,G06007107,Medium,True,True,False,0
64933,G06006525,Low,False,False,False,0
64978,G06006509,Low,True,True,True,0
65422,G06006507,High,False,False,False,0
457363,G06006516,High,False,False,False,0
457370,G06007116,High,False,False,False,0
65363,G06007105,High,False,False,False,0
264087,G06007112,High,False,False,False,0
65279,G06007105,Medium,False,False,False,0
65074,G06006523,Low,False,False,False,0
457770,G06006507,Medium,False,False,False,0
65071,G06006523,High,False,False,False,0
457774,G06007110,Medium,False,False,False,0
65070,G06007119,High,True,True,False,0
457804,G06006509,Medium,True,True,True,0
61987,G06007110,Low,False,False,False,0
262466,G06007117,High,True,True,False,0
466992,G06007105,High,False,False,False,0
467062,G06006514,Low,False,False,False,0
208362,G06007116,High,False,False,False,0
467336,G06006507,Medium,False,False,False,0
467534,G06007107,Medium,False,False,True,0
58145,G06006525,Medium,False,False,False,0
58129,G06006519,High,False,False,False,0
58085,G06007105,High,False,False,False,0
467957,G06007118,Medium,False,False,False,0
467999,G06006522,High,False,False,True,0
208648,G06007117,Low,False,False,True,0
466990,G06006519,High,False,False,False,0
208307,G06007119,Medium,False,False,False,0
261186,G06007116,High,False,False,False,0
466053,G06006525,High,False,False,False,0
207972,G06007108,Medium,False,False,False,0
466225,G06007117,Medium,False,False,False,0
58924,G06007105,Medium,True,True,True,0
466570,G06006509,High,False,False,False,1
208229,G06006514,High,False,False,False,0
466693,G06007108,Low,False,False,False,0
260982,G06007117,Medium,False,False,False,1
58744,G06006521,High,True,True,False,0
466929,G06006514,Medium,True,True,False,0
466941,G06007107,Medium,False,False,False,0
58552,G06007112,Low,True,True,True,0
468234,G06006516,High,False,False,True,0
208747,G06007105,Medium,False,False,False,0
208954,G06006507,High,False,False,False,0
469037,G06006525,Low,False,False,False,0
469156,G06006509,High,False,False,False,0
260165,G06007119,Medium,True,True,False,0
208993,G06006520,High,True,True,False,0
469332,G06006521,Medium,False,False,False,0
469381,G06006525,Low,False,False,False,0
260080,G06006516,Low,False,False,True,0
469543,G06006521,Medium,False,False,False,0
469571,G06007105,High,False,False,False,0
469695,G06006516,Low,False,False,False,0
56792,G06006523,High,False,False,False,1
468960,G06007119,High,False,False,False,0
57329,G06007119,High,True,True,False,0
57411,G06006525,Medium,False,False,False,0
260465,G06006516,Medium,False,False,False,0
57697,G06006511,Medium,False,False,False,0
57678,G06007118,High,False,False,True,0
260441,G06007111,High,True,True,False,0
57641,G06007105,Medium,False,False,True,0
468373,G06006519,Medium,False,False,False,0
59272,G06006522,Medium,False,False,False,0
57578,G06007111,High,False,False,True,0
468455,G06006522,Low,False,False,False,0
468640,G06007112,Medium,False,False,False,0
468740,G06007115,Low,False,False,False,0
468425,G06007105,Low,True,True,False,0
59290,G06006507,Low,False,False,False,0
466002,G06006519,High,False,False,False,0
207293,G06006522,High,False,False,True,0
61088,G06006507,High,False,False,False,0
463328,G06007118,High,False,False,True,0
463346,G06007119,Low,False,False,False,0
261995,G06006521,Medium,False,False,False,0
463438,G06007118,Medium,True,True,True,0
463551,G06006523,High,False,False,False,0
60987,G06006525,Low,False,False,False,0
60917,G06006516,Medium,False,False,False,0
261851,G06007105,Low,False,False,False,0
463824,G06007116,High,False,False,False,0
463839,G06007111,High,True,True,False,0
463209,G06007111,High,False,False,False,1
463166,G06006509,Medium,True,True,False,0
262085,G06007111,High,False,False,False,0
207215,G06006523,High,False,False,False,0
462035,G06006516,High,False,False,False,0
206855,G06006524,Medium,False,False,False,0
462450,G06006522,Medium,False,False,False,0
61544,G06007105,High,False,False,False,0
462684,G06006511,Low,True,True,False,0
463857,G06006522,High,False,False,False,0
61386,G06006522,Medium,False,False,False,0
61336,G06006523,Medium,False,False,False,0
462797,G06007112,High,True,True,False,0
61298,G06006514,High,False,False,False,0
61280,G06006519,Medium,False,False,False,1
376744,G06007111,Medium,False,False,False,0
61229,G06007119,Medium,False,False,False,0
455794,G06006509,Low,False,False,False,0
463858,G06006507,High,False,False,False,0
463946,G06006519,High,False,False,False,0
60210,G06006509,High,False,False,False,0
60140,G06006514,High,True,True,True,0
207693,G06006521,Low,False,False,False,0
261437,G06006507,Medium,False,False,False,0
59797,G06007108,High,False,False,False,0
59774,G06007107,Medium,True,True,False,0
465655,G06007112,Medium,False,False,False,0
59641,G06007112,High,False,False,False,0
465806,G06006507,Low,True,True,False,0
465839,G06006525,Low,False,False,False,0
465851,G06006524,High,False,False,False,0
59455,G06006525,Medium,False,False,False,1
464678,G06006521,Medium,False,False,False,0
464645,G06006524,Medium,False,False,False,0
463960,G06006521,High,False,False,False,0
464020,G06007111,High,False,False,False,0
464035,G06006522,Medium,False,False,False,0
464038,G06006516,Low,False,False,False,0
60714,G06007115,Medium,True,True,False,0
464147,G06006524,High,False,False,False,0
463884,G06007118,Low,False,False,False,0
207447,G06007112,Medium,False,False,False,0
261673,G06007117,High,True,True,False,0
207477,G06006523,High,False,False,False,0
464478,G06007119,High,False,False,True,0
464538,G06006516,Low,False,False,False,0
207508,G06006514,High,True,True,True,0
464624,G06007119,High,False,False,False,0
60418,G06007111,Low,False,False,False,0
464235,G06006516,High,False,False,False,0
66990,G06007115,High,False,False,False,0
455651,G06006507,High,False,False,False,0
268127,G06007107,Low,False,False,False,0
72992,G06006511,High,False,False,False,0
446757,G06007108,Medium,False,False,False,0
446803,G06006509,Medium,False,False,True,0
72883,G06006509,High,False,False,False,1
202793,G06006520,High,False,False,False,0
202825,G06006524,High,True,True,False,0
268019,G06007115,High,True,True,False,1
202850,G06006507,High,False,False,False,0
447160,G06006520,High,False,False,False,0
447233,G06006519,High,True,True,False,0
267944,G06006507,Low,True,True,False,0
73133,G06006519,Medium,False,False,True,0
447360,G06006522,Low,False,False,False,0
73134,G06007104,Medium,False,False,False,0
268189,G06006516,Medium,False,False,False,0
268494,G06007117,Medium,False,False,False,0
268457,G06006524,High,False,False,False,0
445960,G06007105,Low,False,False,True,0
268432,G06006516,High,False,False,False,0
73544,G06007117,Low,False,False,False,0
268409,G06007116,High,False,False,False,1
445988,G06007105,Medium,False,False,False,0
446058,G06006507,High,True,True,False,0
202594,G06007117,Medium,False,False,False,0
73374,G06006511,High,True,True,True,0
446279,G06006507,Low,True,True,False,0
202621,G06006511,High,False,False,False,0
202719,G06007118,Low,False,False,False,0
73178,G06006519,High,False,False,False,1
447366,G06007118,Medium,False,False,False,0
267882,G06007119,High,False,False,True,0
72088,G06007111,High,False,False,False,0
203053,G06007115,High,False,False,False,0
448366,G06006525,High,True,True,False,0
71998,G06007111,High,False,False,True,0
448437,G06007105,Low,False,False,False,0
71851,G06007112,High,False,False,False,1
71831,G06006519,High,False,False,False,0
267470,G06007116,Low,False,False,False,0
203128,G06006507,Low,True,True,False,0
203140,G06006525,Medium,False,False,True,0
203141,G06007108,Medium,False,False,False,0
71706,G06007112,Low,False,False,False,0
267684,G06006523,Low,True,True,False,0
72215,G06006516,High,False,False,False,0
72663,G06006519,Low,False,False,False,0
447485,G06006519,Medium,False,False,False,0
267804,G06007105,Low,False,False,False,0
72480,G06007105,Medium,False,False,False,0
72475,G06007117,Medium,False,False,False,0
73620,G06006514,High,True,True,False,0
72406,G06007119,Low,False,False,False,0
447731,G06006516,High,False,False,False,0
447818,G06006525,High,False,False,False,0
447839,G06006524,Low,False,False,False,0
447845,G06007105,High,False,False,False,0
72246,G06007115,Medium,False,False,False,0
73622,G06006511,High,False,False,False,0
268556,G06006525,High,False,False,False,0
75467,G06006516,High,False,False,False,0
202018,G06007116,High,False,False,False,0
443113,G06007118,Medium,False,False,False,0
443309,G06006507,Low,True,True,False,0
75237,G06007115,Medium,False,False,True,0
202172,G06006520,Low,False,False,False,0
269324,G06007117,High,True,True,False,0
269280,G06006516,Medium,False,False,False,0
443672,G06006516,High,False,False,False,0
75039,G06006516,Low,True,True,True,0
443775,G06007107,Low,False,False,False,0
75017,G06007104,Medium,False,False,False,0
443792,G06007112,Medium,True,True,True,0
443024,G06006516,Medium,False,False,False,0
442981,G06007116,Medium,False,False,False,0
442940,G06006521,Medium,False,False,False,0
75957,G06007115,High,False,False,False,0
442501,G06006523,Medium,False,False,False,0
75851,G06007117,High,True,True,True,0
269714,G06006509,High,True,True,False,0
442560,G06006520,Medium,False,False,False,0
442564,G06007118,Low,False,False,False,0
442629,G06007111,Medium,False,False,False,0
75740,G06007111,Low,False,False,False,0
442706,G06006524,High,False,False,True,0
75652,G06007112,Medium,True,True,True,0
269560,G06006522,High,False,False,False,0
75562,G06006524,Low,False,False,False,0
75773,G06006516,Low,False,False,False,1
203154,G06006521,Low,False,False,False,0
443817,G06006524,Low,False,False,False,0
74877,G06006524,Medium,False,False,False,0
202422,G06006514,High,False,False,False,0
268793,G06007116,Medium,True,True,False,0
74049,G06006514,Low,False,False,False,0
73940,G06007118,High,False,False,False,0
268677,G06007119,High,True,True,False,0
73861,G06007118,Medium,True,True,False,0
445593,G06006523,Medium,True,True,False,0
202521,G06007105,Medium,False,False,False,0
445755,G06006522,High,True,True,False,0
74192,G06006524,Medium,False,False,False,0
444916,G06006519,High,False,False,False,0
443852,G06007117,Medium,False,False,False,0
74776,G06006521,High,False,False,False,0
202230,G06006516,Medium,False,False,False,0
74635,G06007115,High,False,False,False,0
444170,G06007111,Low,False,False,True,0
74933,G06006523,Medium,False,False,False,0
444212,G06006523,Medium,False,False,False,0
444372,G06007119,High,False,False,False,0
74511,G06006516,Low,False,False,False,0
74503,G06007115,Medium,False,False,True,0
268972,G06007118,High,False,False,False,0
444571,G06006523,Medium,True,True,False,0
74327,G06006520,Medium,True,True,False,0
444688,G06007105,High,False,False,False,0
444337,G06007119,High,True,True,False,0
469781,G06007116,Low,False,False,False,0
71655,G06007118,Low,False,False,False,0
203205,G06007110,High,False,False,False,0
453035,G06006507,Medium,False,False,False,1
68787,G06006519,Low,False,False,False,0
68747,G06006511,High,False,False,False,0
453384,G06007115,High,False,False,False,0
265665,G06006520,Medium,False,False,False,0
453509,G06007111,Low,False,False,False,0
453520,G06006519,Medium,False,False,False,0
204482,G06006525,Low,False,False,False,0
453593,G06006524,Medium,False,False,False,0
452908,G06006525,High,False,False,False,0
452877,G06006519,High,False,False,False,0
69458,G06006519,High,False,False,False,0
69447,G06006511,High,False,False,False,0
452481,G06006523,High,False,False,False,0
69150,G06006523,Low,False,False,False,0
452576,G06007111,High,False,False,False,0
452700,G06006507,Medium,False,False,False,0
69106,G06007105,High,False,False,False,0
69087,G06006525,Low,False,False,False,0
204326,G06007119,High,True,True,True,0
204357,G06007116,Low,False,False,False,0
204493,G06006511,Low,False,False,False,0
68492,G06006522,High,True,True,False,0
454546,G06006525,High,False,False,False,0
204796,G06007116,Low,False,False,False,1
204798,G06006521,Medium,False,False,False,0
454940,G06006520,High,False,False,False,0
454995,G06006522,High,False,False,False,0
67316,G06007118,Low,False,False,False,1
455485,G06006509,Medium,False,False,False,0
455647,G06007118,Medium,True,True,False,0
454535,G06006520,High,False,False,False,0
454511,G06007117,Medium,False,False,False,0
453658,G06007108,High,False,False,False,0
204540,G06007115,High,False,False,False,1
453721,G06006514,High,True,True,False,0
453737,G06006514,Low,False,False,False,0
68435,G06006511,Low,False,False,False,0
453839,G06007115,High,False,False,False,0
204216,G06006516,Low,False,False,False,0
453856,G06006509,High,False,False,False,0
265383,G06007118,High,True,True,False,0
204578,G06006516,High,False,False,False,0
68082,G06007115,High,False,False,True,0
265215,G06007119,Medium,False,False,False,0
454403,G06007118,Medium,False,False,False,0
453890,G06007111,High,True,True,True,0
452341,G06006516,High,False,False,False,0
69537,G06006511,Medium,False,False,False,0
71109,G06007111,Low,True,True,False,0
450101,G06006509,Medium,False,False,False,0
71081,G06007116,High,True,True,False,0
450145,G06006511,High,True,True,False,0
71052,G06006523,Medium,False,False,False,0
266932,G06007115,Medium,True,True,True,0
70921,G06007105,Medium,False,False,False,0
450246,G06007112,High,True,True,False,0
450259,G06007115,Low,False,False,False,0
450499,G06006509,High,False,False,False,0
203642,G06006509,Low,False,False,False,0
266826,G06007118,Low,False,False,False,0
449936,G06007118,Medium,False,False,False,0
449917,G06006519,Medium,True,True,False,0
449032,G06007111,High,True,True,False,0
449209,G06007112,Medium,False,False,False,0
449295,G06007119,High,False,False,False,0
449302,G06007105,Medium,False,False,False,0
71294,G06006509,High,False,False,False,0
70679,G06007119,High,False,False,False,0
203318,G06006519,Medium,True,True,False,0
203445,G06007111,Low,False,False,False,0
71265,G06006525,Medium,True,True,False,0
71195,G06006514,Medium,False,False,False,0
449852,G06006520,High,False,False,False,0
71271,G06006522,High,False,False,False,0
203195,G06006523,Low,False,False,False,0
70584,G06007111,Medium,False,False,False,0
450871,G06007111,Medium,False,False,False,0
266280,G06006525,Low,False,False,False,0
451907,G06006525,High,True,True,True,0
204045,G06007108,Medium,False,False,False,0
451944,G06007116,Medium,False,False,False,1
69690,G06007116,Medium,True,True,False,0
452063,G06006525,High,False,False,False,0
452085,G06006516,High,False,False,False,0
452103,G06006516,Low,False,False,True,0
266129,G06006516,Medium,False,False,False,0
452172,G06007108,High,False,False,False,0
452215,G06006507,Low,True,True,True,0
452288,G06006523,High,False,False,False,0
451885,G06007111,High,False,False,False,0
69893,G06007110,Low,False,False,False,0
266346,G06006519,High,False,False,False,0
266384,G06007111,Medium,False,False,True,0
70474,G06006523,High,False,False,False,0
451013,G06007110,High,False,False,False,0
203742,G06006511,High,False,False,False,0
70345,G06007116,Medium,False,False,False,0
70246,G06006523,High,True,True,False,0
266599,G06006524,High,False,False,True,0
266593,G06006507,High,True,True,False,0
70484,G06006507,Medium,False,False,False,0
451244,G06007112,High,False,False,False,0
451304,G06006519,Medium,False,False,False,0
451407,G06006511,High,False,False,False,1
451464,G06006521,High,False,False,False,0
451516,G06006516,High,False,False,False,0
451650,G06006524,Medium,False,False,False,0
266543,G06007119,High,False,False,False,0
56685,G06006522,Low,False,False,False,0
56569,G06007112,High,False,False,False,0
487274,G06006524,Low,False,False,False,0
487362,G06007112,Medium,False,False,False,0
487388,G06006522,Medium,False,False,False,0
487520,G06006524,High,False,False,False,0
487547,G06006521,High,False,False,False,0
487744,G06006507,High,False,False,False,0
253449,G06007118,High,False,False,False,0
253438,G06006525,Medium,False,False,False,0
213501,G06006516,High,False,False,False,0
213515,G06007115,Low,False,False,True,0
488052,G06006523,Medium,False,False,False,0
487160,G06006514,Medium,False,False,False,0
44363,G06007111,Low,False,False,False,0
44640,G06006523,Medium,False,False,False,0
44624,G06007110,Medium,False,False,False,0
486777,G06006521,High,True,True,False,0
253750,G06006522,High,True,True,False,0
213237,G06007116,High,True,True,False,0
253743,G06006524,Medium,False,False,False,0
487026,G06006522,Medium,False,False,False,0
487063,G06007116,High,True,True,False,0
487071,G06007105,Low,False,False,False,0
487126,G06007110,Medium,False,False,False,0
488208,G06006522,High,True,True,False,0
489146,G06006520,High,False,False,False,0
43086,G06007105,Medium,False,False,False,0
489386,G06007110,Medium,False,False,False,0
213907,G06007110,Low,False,False,False,0
213915,G06007115,Low,False,False,False,0
43009,G06006520,Medium,False,False,False,0
42740,G06006520,High,False,False,False,0
489654,G06007111,Medium,False,False,True,0
489668,G06007118,High,False,False,False,0
42694,G06006519,High,False,False,False,0
489771,G06006509,Medium,False,False,True,0
42598,G06007112,Medium,False,False,False,0
43137,G06007108,Low,False,False,False,0
253025,G06007108,High,False,False,False,0
43629,G06006522,High,False,False,False,1
488422,G06007117,Medium,True,True,False,0
253839,G06006522,High,True,True,False,0
488430,G06006509,High,False,False,False,0
213585,G06007108,Low,True,True,True,0
43452,G06007107,Medium,False,False,False,0
488558,G06007112,Low,False,False,False,1
43293,G06007112,Low,False,False,False,0
213793,G06007118,Low,False,False,False,0
213795,G06006507,Medium,False,False,False,0
488485,G06006516,High,True,True,False,0
486575,G06007118,High,False,False,False,0
253899,G06006511,Low,False,False,False,0
212789,G06007112,Medium,False,False,False,0
484550,G06007105,High,True,True,False,0
46280,G06007108,High,True,True,False,0
254571,G06006525,High,True,True,False,0
484684,G06006509,High,False,False,False,0
46213,G06006511,Medium,False,False,False,0
46185,G06006511,High,False,False,False,0
484807,G06006522,High,False,False,False,0
212857,G06006516,Medium,False,False,False,0
46146,G06007104,Medium,False,False,False,0
254440,G06006519,Low,True,True,False,0
484198,G06007105,Low,False,False,False,0
483590,G06007108,Medium,True,True,False,0
483627,G06006520,Medium,False,False,False,0
47068,G06006523,High,False,False,False,0
483828,G06007118,High,False,False,False,0
46902,G06007105,High,True,True,False,0
483882,G06006516,Low,False,False,False,0
254827,G06006519,High,False,False,False,1
212618,G06006522,High,False,False,False,0
254823,G06007107,Medium,False,False,False,0
46852,G06006524,Medium,True,True,True,0
46848,G06007115,High,False,False,False,0
484158,G06006523,High,False,False,False,0
484880,G06007115,Medium,False,False,False,0
46143,G06006522,High,False,False,False,0
485896,G06006520,High,False,False,False,0
485963,G06006525,High,False,False,False,0
485993,G06006509,High,False,False,False,1
485995,G06007105,Medium,False,False,True,0
254022,G06006522,High,False,False,False,0
45265,G06006520,Medium,False,False,False,0
45239,G06007118,Medium,False,False,False,0
213099,G06006522,Medium,True,True,False,0
486488,G06006520,High,False,False,False,0
213134,G06007112,High,False,False,False,0
45454,G06007108,High,False,False,False,0
485891,G06007105,Medium,False,False,False,0
46124,G06006525,High,False,False,False,0
46013,G06006520,High,False,False,False,0
45845,G06006516,Low,False,False,False,0
45817,G06006521,High,False,False,False,0
253897,G06006514,High,False,False,False,0
485507,G06006502,High,False,False,False,1
254234,G06006523,High,True,True,False,0
485590,G06006524,Medium,False,False,False,0
485702,G06007116,Medium,False,False,False,0
485754,G06006516,Low,False,False,False,0
45713,G06006519,High,True,True,False,0
489891,G06007116,High,False,False,False,1
42439,G06006516,High,False,False,False,0
252657,G06006519,High,False,False,False,0
215097,G06006521,Medium,True,True,False,0
39757,G06007105,Medium,True,True,True,0
494269,G06006516,High,True,True,False,0
494270,G06006511,Medium,False,False,True,0
494323,G06006525,Low,True,True,False,0
215213,G06007112,High,False,False,False,0
250915,G06006514,Medium,True,True,False,0
250832,G06006511,Medium,False,False,False,0
39291,G06007115,High,True,True,False,0
39274,G06006524,High,False,False,False,0
39808,G06006514,High,False,False,False,0
39000,G06006522,High,True,True,False,0
493785,G06006525,Low,False,False,False,0
493189,G06007108,Low,True,True,False,0
40388,G06006509,Medium,False,False,False,0
251560,G06006521,High,False,False,False,0
493270,G06006525,High,True,True,False,0
493363,G06006521,High,False,False,True,1
40300,G06007118,High,True,True,False,0
493395,G06006525,High,True,True,False,1
40212,G06007118,Medium,False,False,True,0
215021,G06006520,Medium,False,False,False,0
493551,G06007111,Low,False,False,False,0
493605,G06007111,High,True,True,False,0
493610,G06007110,Medium,True,True,True,0
495032,G06007117,Low,True,True,False,0
38951,G06006514,Medium,False,False,False,0
38908,G06006520,High,True,True,False,0
496259,G06006524,Medium,False,False,False,0
496365,G06007111,Low,True,True,False,0
38304,G06007119,Low,True,True,False,0
215745,G06006509,High,False,False,False,0
250211,G06006516,Medium,False,False,False,0
496762,G06007105,Medium,False,False,False,0
496919,G06006507,Low,False,False,False,0
37960,G06007112,Medium,False,False,False,0
497020,G06006511,High,False,False,False,0
215671,G06006519,Medium,False,False,False,0
496069,G06006521,High,False,False,True,0
38904,G06007116,Medium,True,True,False,0
38874,G06007108,Medium,False,False,False,0
38838,G06006516,Medium,True,True,False,0
38801,G06006520,Low,False,False,True,0
495496,G06006522,Low,False,False,False,0
251624,G06006519,Medium,False,False,True,0
495516,G06006524,High,False,False,True,0
495684,G06007118,Low,False,False,False,0
495698,G06006507,Low,False,False,False,0
38683,G06006519,Medium,False,False,False,0
215620,G06007116,High,True,True,False,0
38576,G06006507,Low,False,False,False,0
215644,G06006511,High,False,False,False,0
495543,G06006507,Medium,False,False,False,0
251686,G06006511,Low,True,True,False,0
214496,G06006507,Low,False,False,False,0
41750,G06007105,Medium,False,False,False,0
214515,G06007119,High,False,False,False,0
41712,G06006523,Medium,False,False,False,0
41583,G06006525,High,False,False,False,0
252205,G06006522,High,False,False,False,0
41344,G06006524,Low,False,False,False,0
252145,G06007111,High,True,True,False,0
491506,G06006524,Medium,False,False,False,0
491515,G06007105,High,False,False,False,0
490813,G06007111,High,True,True,False,0
490749,G06006522,Medium,False,False,False,1
214347,G06007119,High,False,False,False,0
490050,G06007111,High,False,False,False,0
252641,G06006522,High,False,False,False,0
252633,G06006521,High,True,True,True,0
42386,G06007112,Medium,True,True,False,0
42365,G06006507,Medium,False,False,False,0
252622,G06006519,Low,False,False,False,0
491540,G06007119,High,True,True,False,0
214132,G06006514,High,False,False,False,0
490470,G06007107,High,False,False,False,0
214218,G06007111,Medium,True,True,False,0
490573,G06006511,High,False,False,False,0
252473,G06007108,High,True,True,False,0
42041,G06006524,Medium,False,False,False,0
490680,G06007118,Medium,False,False,False,0
42186,G06007108,High,False,False,False,0
483582,G06006520,High,False,False,False,0
41302,G06006522,High,False,False,False,0
491655,G06006520,Medium,False,False,False,0
492321,G06006507,Low,False,False,False,0
492369,G06006522,Medium,False,False,False,0
492372,G06007107,Medium,False,False,False,0
40790,G06006521,Low,False,False,False,0
251835,G06007119,Medium,True,True,False,0
492486,G06006511,High,False,False,False,0
492489,G06007116,Medium,False,False,False,0
40741,G06007107,Medium,False,False,False,0
251832,G06007118,Medium,False,False,False,1
40723,G06006525,High,False,False,False,0
251803,G06006516,High,False,False,False,0
40661,G06006520,Medium,True,True,False,0
492605,G06006521,High,False,False,False,0
492218,G06007118,High,True,True,False,0
251953,G06007107,Low,False,False,True,0
251954,G06006523,Medium,False,False,True,0
491663,G06007105,Low,False,False,False,0
491706,G06006525,High,False,False,False,0
491783,G06006524,Low,False,False,False,0
214655,G06006514,Low,False,False,False,0
491871,G06006519,Medium,False,False,False,0
491647,G06007107,High,True,True,False,0
491875,G06007108,High,False,False,False,0
491987,G06007108,Medium,False,False,False,1
491992,G06007119,Low,False,False,False,0
492004,G06007119,Medium,False,False,True,0
492042,G06007108,High,True,True,False,0
492061,G06007116,Medium,False,False,False,0
492124,G06006522,High,False,False,False,1
491916,G06006520,Medium,False,False,False,0
254905,G06007108,High,False,False,False,1
483396,G06007111,Medium,False,False,False,0
210356,G06006522,Low,False,False,False,0
53527,G06007111,Low,False,False,False,0
474278,G06007119,Low,False,False,False,0
53511,G06006525,High,False,False,False,1
53490,G06006516,Low,True,True,False,0
474350,G06006523,Low,False,False,False,0
474374,G06006516,High,False,False,False,0
210418,G06006524,Medium,True,True,False,0
53314,G06007105,Low,False,False,False,1
53268,G06007111,Medium,False,False,False,0
53191,G06006525,Medium,False,False,False,0
258054,G06007110,Medium,False,False,False,0
474216,G06006522,High,False,False,False,0
53183,G06007119,Medium,False,False,False,0
53633,G06007107,High,True,True,False,0
474038,G06007112,Medium,True,True,False,0
473160,G06006523,Low,True,True,True,0
473290,G06007111,Low,True,True,False,0
210108,G06007116,Medium,False,False,False,0
473396,G06006509,High,False,False,False,0
54225,G06006523,Low,False,False,False,0
54197,G06006522,Medium,False,False,True,0
473718,G06006522,High,False,False,False,0
473727,G06007119,High,False,False,False,0
473734,G06007118,High,False,False,False,0
473812,G06006520,High,False,False,False,0
53886,G06007119,Medium,True,True,False,0
53858,G06006522,Low,False,False,True,0
53138,G06006507,High,False,False,False,0
53135,G06007115,High,False,False,False,0
52692,G06006509,Low,False,False,False,0
475452,G06007107,Medium,False,False,False,0
257759,G06007118,High,False,False,False,0
210724,G06006522,Medium,False,False,True,0
475691,G06006524,Low,False,False,False,0
52538,G06006525,Medium,False,False,False,0
210767,G06006521,High,True,True,False,0
257678,G06007118,Low,False,False,False,0
475906,G06007111,Low,False,False,True,0
257669,G06006520,Low,False,False,False,0
52414,G06007112,High,False,False,False,0
52391,G06006514,Medium,True,True,False,1
475385,G06006524,Medium,False,False,False,0
52706,G06006511,High,False,False,False,0
475374,G06006523,Medium,False,False,False,0
52716,G06007112,Medium,False,False,False,0
53119,G06006514,High,False,False,False,0
474726,G06007118,Low,True,True,True,0
258006,G06007119,High,True,True,False,0
257957,G06007105,Medium,True,True,False,0
52960,G06006521,Medium,True,True,False,0
474926,G06006507,Low,False,False,False,0
210064,G06007108,Medium,False,False,False,0
52935,G06006519,High,True,True,False,0
474954,G06007105,Medium,False,False,True,0
52825,G06006516,Medium,False,False,False,0
52782,G06007112,Medium,False,False,False,0
475261,G06007119,High,True,True,False,1
257861,G06006519,High,False,False,False,0
475341,G06006509,High,False,False,False,0
474948,G06006521,High,False,False,True,0
54459,G06007116,Medium,False,False,True,0
473095,G06006509,Medium,True,True,True,0
258790,G06006519,High,False,False,True,0
470778,G06007105,Medium,False,False,False,0
259613,G06006520,Medium,False,False,False,0
209437,G06007111,Low,False,False,False,0
55935,G06006516,Medium,True,True,True,0
55912,G06006511,Medium,False,False,False,0
209482,G06006524,Medium,False,False,True,0
470993,G06007110,Low,True,True,False,1
259520,G06006509,High,False,False,False,0
471057,G06006511,High,False,False,False,0
55679,G06006520,Medium,True,True,False,0
56041,G06006511,Low,False,False,False,0
470484,G06006519,Medium,False,False,False,0
470468,G06006523,Medium,False,False,False,0
56483,G06007111,High,False,False,False,0
56468,G06006524,Low,False,False,False,0
470045,G06006524,High,False,False,False,0
56439,G06006520,Medium,True,True,False,0
470061,G06006509,Low,False,False,True,0
56408,G06007111,High,False,False,False,0
209282,G06006511,High,False,False,True,0
471415,G06006522,Low,False,False,False,0
470181,G06006522,Medium,False,False,False,0
56272,G06007118,Medium,False,False,False,0
470218,G06007111,High,False,False,False,0
470263,G06006525,Medium,False,False,False,0
259744,G06006525,High,True,True,False,0
470325,G06006509,Low,False,False,False,0
56209,G06007118,Medium,False,False,False,1
56328,G06006516,Medium,True,True,False,0
52373,G06006520,High,True,True,True,0
471434,G06007110,Medium,False,False,False,0
471507,G06006520,Low,False,False,False,0
209898,G06007119,High,False,False,False,0
54735,G06006519,High,False,False,False,0
472751,G06006520,High,False,False,True,0
258914,G06006516,Low,False,False,True,0
54668,G06006507,Medium,False,False,False,0
472888,G06006525,Medium,False,False,False,0
258891,G06007115,Medium,False,False,False,1
472922,G06007111,High,False,False,True,1
472974,G06007111,Low,False,False,False,0
258841,G06007108,Medium,False,False,False,0
473003,G06006523,High,False,False,False,0
473005,G06006519,High,False,False,False,0
473028,G06007115,Medium,False,False,False,0
258992,G06007112,Medium,False,False,False,0
209890,G06006514,Medium,False,False,False,0
259000,G06006524,High,False,False,False,0
209715,G06006525,High,False,False,False,0
55539,G06006520,High,False,False,False,0
471551,G06007112,High,False,False,False,0
209764,G06007117,High,False,False,False,1
471654,G06006511,High,False,False,False,0
209781,G06007107,Low,False,False,False,0
471455,G06006519,Low,False,False,False,0
471857,G06006519,Medium,False,False,False,0
55189,G06007116,Low,True,True,False,0
471946,G06007111,Medium,False,False,False,0
55079,G06006514,High,False,False,False,1
472135,G06006521,High,False,False,False,0
259035,G06006516,High,False,False,True,0
56668,G06007118,Medium,False,False,False,0
52344,G06007119,High,True,True,True,0
476140,G06007118,High,False,False,False,0
480458,G06007107,Low,False,False,False,0
255768,G06006521,Low,False,False,False,0
480917,G06006520,High,False,False,False,0
480965,G06006523,Medium,False,False,False,0
211974,G06006516,High,True,True,False,0
480996,G06006525,High,False,False,False,0
481077,G06007108,Low,False,False,False,0
48869,G06007112,High,True,True,False,0
255646,G06006509,Medium,True,True,False,0
255585,G06007105,High,True,True,False,0
48651,G06006516,High,False,False,False,1
48598,G06007108,High,True,True,False,0
255926,G06006511,Medium,False,False,False,1
211993,G06006520,High,False,False,False,0
480363,G06006525,High,False,False,True,0
49332,G06006516,Low,False,False,False,1
211512,G06007119,Medium,False,False,False,0
49873,G06006520,High,True,True,True,0
479423,G06007112,High,False,False,True,0
479525,G06007117,Medium,True,True,False,0
211698,G06006523,High,False,False,True,0
479544,G06006509,Low,False,False,False,0
256250,G06007118,High,True,True,True,0
479835,G06006521,Medium,False,False,False,0
479845,G06006516,Medium,False,False,False,0
479920,G06006521,High,False,False,False,0
256129,G06006519,Medium,False,False,False,0
49534,G06006520,High,False,False,False,0
256061,G06007111,Low,False,False,False,0
480294,G06006525,Medium,False,False,True,0
480299,G06007111,High,False,False,False,0
480345,G06006525,Medium,True,True,False,0
48531,G06007119,Low,False,False,False,0
48513,G06007117,High,False,False,False,0
482531,G06006520,High,True,True,False,0
482640,G06006522,High,False,False,True,0
47704,G06007115,Medium,True,True,False,0
482761,G06007112,Low,False,False,False,0
47546,G06007110,High,True,True,False,0
212401,G06006509,Medium,False,False,False,0
212427,G06006519,High,False,False,False,0
47400,G06007110,Medium,False,False,False,0
212488,G06006525,Medium,False,False,False,0
47341,G06006520,High,True,True,False,0
47334,G06006520,Low,False,False,False,0
482406,G06007118,High,True,True,False,0
481875,G06006519,High,False,False,False,0
48438,G06006511,Medium,False,False,False,0
481948,G06006524,Low,False,False,False,0
48336,G06007115,Medium,False,False,False,0
482081,G06006519,High,False,False,False,0
48313,G06006516,Medium,False,False,False,0
482146,G06007111,Medium,False,False,False,0
48249,G06006522,High,False,False,False,0
255382,G06006520,Medium,False,False,False,0
482215,G06006524,High,False,False,False,0
255377,G06007119,Low,True,True,False,0
255374,G06006525,Medium,False,False,False,0
482101,G06006511,High,False,False,False,0
50060,G06007115,Medium,False,False,False,0
50061,G06006516,High,True,True,False,0
211447,G06007108,High,False,False,False,0
210925,G06007108,Low,False,False,False,0
476829,G06007105,High,True,True,True,0
476845,G06006525,Medium,False,False,False,0
477069,G06007111,Medium,True,True,True,0
477084,G06006521,Low,False,False,False,0
477156,G06006509,Medium,False,False,False,0
477215,G06006507,Low,False,False,False,0
51372,G06007105,Medium,True,True,False,0
477378,G06006523,High,False,False,False,0
477439,G06006523,Low,False,False,False,0
476690,G06006520,High,False,False,False,0
51878,G06007115,Medium,False,False,False,0
210816,G06006516,Medium,False,False,False,0
257600,G06006511,High,False,False,False,1
257572,G06007112,Low,True,True,False,0
476332,G06007118,High,True,True,False,0
211091,G06006509,Medium,False,False,False,0
52043,G06006523,Medium,False,False,False,0
476417,G06007119,Low,False,False,False,0
210848,G06007111,High,True,True,False,0
210861,G06007104,High,True,True,True,0
257439,G06007115,Low,False,False,False,0
476541,G06006511,Low,False,False,False,0
51934,G06006509,Medium,True,True,False,0
476617,G06006514,High,False,False,False,0
210847,G06007112,Medium,False,False,False,0
52330,G06006511,Medium,False,False,False,0
51159,G06007118,Medium,False,False,False,0
211129,G06007119,Medium,False,False,False,0
50534,G06006511,Low,False,False,False,0
50521,G06007117,High,False,False,False,0
50510,G06007110,Low,False,False,False,0
256760,G06007112,High,False,False,False,0
211429,G06007119,High,False,False,False,0
478858,G06007119,Medium,False,False,False,0
478867,G06007118,Medium,False,False,False,0
256658,G06006519,Low,False,False,False,0
256654,G06006522,Low,False,False,False,0
478254,G06006522,Medium,True,True,False,0
211388,G06006524,Medium,False,False,False,0
478185,G06007110,Medium,False,False,True,0
477756,G06007110,Medium,True,True,False,0
51001,G06007112,Low,False,False,False,0
477788,G06006523,Medium,False,False,False,0
211216,G06006525,Medium,False,False,False,0
50834,G06007115,Medium,False,False,False,0
478005,G06006523,Low,False,False,True,0
50806,G06006516,High,False,False,True,0
50780,G06007108,High,False,False,True,0
256992,G06006509,Medium,False,False,False,0
211251,G06006523,Medium,False,False,False,0
5,G06006511,Medium,False,False,False,0
354770,G06007107,High,False,False,False,1
331334,G06006514,Medium,False,False,False,0
146300,G06007118,High,False,False,False,0
128663,G06007118,High,True,True,False,0
341035,G06007115,High,False,False,True,0
178101,G06006509,Medium,False,False,True,0
298613,G06007118,Medium,False,False,False,0
136088,G06007115,Medium,False,False,False,0
159444,G06006520,Low,True,True,False,0
371731,G06006519,Medium,False,False,False,0
340974,G06007105,High,False,False,False,0
152206,G06006523,Low,False,False,True,0
348886,G06006522,High,False,False,False,0
303230,G06006519,High,False,False,False,0
152226,G06006511,Low,False,False,True,0
146188,G06006519,High,False,False,False,0
306578,G06006523,Low,True,True,False,0
181315,G06006519,Low,False,False,False,0
170233,G06006507,High,True,True,False,0
314773,G06007111,Low,False,False,False,0
323727,G06006524,Medium,True,True,False,0
159392,G06007117,Low,False,False,False,0
303409,G06007119,High,True,True,False,0
128803,G06007107,High,False,False,False,0
298445,G06007119,High,False,False,False,0
362549,G06006514,Medium,False,False,True,0
181416,G06006507,High,False,False,False,0
341203,G06007105,Low,False,False,False,0
306495,G06006514,Medium,True,True,False,0
362478,G06006516,Medium,False,False,False,0
135799,G06007111,High,False,False,False,0
323681,G06007116,High,False,False,False,0
348709,G06006516,High,True,True,False,0
362453,G06006525,High,False,False,False,0
155938,G06006511,High,False,False,True,0
348535,G06006511,Medium,False,False,False,1
310047,G06006507,Medium,False,False,False,0
298558,G06007118,Low,False,False,True,0
155937,G06006514,High,True,True,False,0
181343,G06006511,Medium,False,False,False,0
348693,G06007117,Medium,False,False,False,0
295032,G06006524,High,True,True,False,0
310091,G06007112,High,False,False,False,0
152315,G06006511,Medium,True,True,False,0
349298,G06007110,High,False,False,False,0
136386,G06007118,Low,False,False,False,0
361613,G06007118,Low,False,False,False,0
361592,G06007115,Medium,False,False,False,0
349304,G06006516,High,False,False,False,0
361571,G06007118,Medium,False,False,True,0
335059,G06006509,Medium,False,False,False,0
136421,G06007111,Low,False,False,False,0
136351,G06007115,Low,False,False,False,0
372227,G06007111,High,False,False,False,0
146037,G06007119,Medium,False,False,False,0
183946,G06006516,Medium,False,False,False,0
152321,G06007105,Medium,True,True,False,0
136577,G06006519,Medium,False,False,False,1
178166,G06006519,Low,False,False,False,0
168078,G06007119,Low,False,False,False,0
159675,G06006514,Low,True,True,True,0
178174,G06006522,Medium,False,False,False,0
159629,G06007108,High,True,True,False,0
340763,G06006520,Medium,False,False,False,0
372170,G06007105,Medium,False,False,False,0
136126,G06006511,Medium,False,False,False,0
167912,G06007118,Low,False,False,False,0
371990,G06007115,High,False,False,False,0
371998,G06006507,High,True,True,False,0
331220,G06006519,High,True,True,False,0
306580,G06007107,High,False,False,False,1
334996,G06006522,Low,False,False,True,0
178103,G06006520,Medium,False,False,False,0
298700,G06006519,High,False,False,True,0
128498,G06007118,High,False,False,False,0
136205,G06007115,Medium,False,False,True,0
306582,G06007119,Low,False,False,False,0
128479,G06006521,Medium,False,False,False,0
298721,G06006511,Low,True,True,False,0
152295,G06006525,High,True,True,False,0
298755,G06006511,Low,False,False,False,0
136292,G06007105,Low,False,False,False,0
348360,G06007115,High,False,False,False,0
176251,G06006524,Medium,False,False,False,0
176392,G06006524,High,False,False,False,0
371134,G06006525,Medium,False,False,False,0
147426,G06007105,Medium,False,False,True,0
318856,G06007105,High,False,False,False,0
135201,G06007118,High,False,False,False,0
318839,G06006525,Medium,False,False,False,0
165081,G06006516,High,False,False,False,0
147408,G06006521,Low,False,False,False,0
371169,G06006524,Medium,False,False,False,0
363354,G06007116,High,False,False,False,0
363445,G06006507,High,False,False,True,0
341685,G06007104,Low,False,False,False,0
183522,G06006521,Low,True,True,True,0
331797,G06007112,Medium,True,True,False,0
363279,G06007119,High,False,False,False,0
129165,G06006525,Low,False,False,False,0
151818,G06006523,Low,False,False,False,0
135302,G06007110,Medium,False,False,False,0
308696,G06007111,Medium,False,False,False,0
135174,G06006521,Medium,False,False,False,0
167595,G06007111,High,False,False,False,0
171188,G06006519,High,False,False,False,0
156354,G06007111,High,True,True,False,0
370962,G06007119,Medium,False,False,False,0
363620,G06006507,Medium,False,False,False,0
306226,G06006516,Low,False,False,False,0
156332,G06006524,Medium,False,False,False,0
370986,G06007112,Medium,True,True,False,0
370990,G06006524,High,False,False,False,0
129439,G06007104,Low,False,False,False,0
147656,G06006509,Low,False,False,False,0
298115,G06006507,Medium,True,True,True,0
183508,G06006511,Low,False,False,False,0
173610,G06007108,Low,False,False,False,1
181790,G06007111,Medium,False,False,False,0
170370,G06007112,High,False,False,True,0
158908,G06006521,Medium,False,False,True,0
363507,G06006509,High,False,False,False,0
181784,G06006511,High,False,False,False,0
147502,G06006521,Medium,True,True,False,0
129381,G06006522,Medium,False,False,False,0
341734,G06007116,High,False,False,False,0
340670,G06007116,Low,False,False,False,0
135354,G06007111,High,False,False,False,0
151897,G06006511,High,False,False,False,0
348106,G06006509,High,True,True,False,0
164874,G06007105,Medium,False,False,True,1
167655,G06006520,Low,False,False,False,0
348124,G06007118,Low,False,False,False,0
303595,G06007107,High,False,False,False,0
170272,G06007110,High,False,False,False,0
334871,G06007116,High,False,False,False,0
171319,G06007110,Low,False,False,True,0
135486,G06006523,High,False,False,False,0
362741,G06006519,Low,False,False,False,1
331492,G06006524,Low,False,False,True,0
128852,G06007117,Medium,False,False,False,0
295170,G06006514,Low,False,False,False,0
371577,G06007116,High,False,False,False,0
314735,G06006523,Medium,False,False,False,0
362622,G06007108,High,False,False,False,0
362609,G06006514,High,True,True,False,0
341320,G06007119,Medium,True,True,False,0
318732,G06006524,Low,False,False,True,0
170291,G06007118,Low,True,True,False,0
341526,G06007119,Medium,True,True,False,0
334817,G06006522,High,False,False,False,0
176291,G06006507,Low,False,False,False,0
147153,G06006522,High,False,False,False,0
181656,G06006520,Low,False,False,False,0
295287,G06007115,High,True,True,False,0
147149,G06006524,High,False,False,False,1
341493,G06007112,High,False,False,True,0
363088,G06006525,High,False,False,True,0
151988,G06007118,High,False,False,False,0
323452,G06006516,High,False,False,False,0
309782,G06006521,Medium,False,False,False,0
363016,G06007105,High,False,False,False,0
164912,G06006520,Medium,False,False,False,0
341449,G06007117,Medium,True,True,False,0
177929,G06007118,Medium,False,False,False,0
146925,G06006523,High,False,False,False,0
303606,G06006516,Medium,True,True,False,0
363219,G06006525,High,True,True,False,0
159685,G06006519,High,False,False,False,0
136610,G06006516,Medium,True,True,False,0
137643,G06006524,Low,True,True,False,0
137646,G06007119,Low,False,False,False,0
324804,G06006524,High,False,False,False,0
359956,G06007116,High,False,False,True,0
306766,G06006523,Medium,False,False,False,0
176047,G06006521,High,False,False,False,0
164205,G06006520,Low,False,False,False,0
171784,G06007107,High,False,False,False,0
137628,G06006511,Low,False,False,False,0
145157,G06007118,High,False,False,False,0
324871,G06006511,Low,False,False,False,0
340005,G06007107,High,False,False,True,0
359790,G06006509,Medium,False,False,True,0
173116,G06006509,Medium,False,False,False,0
180929,G06006519,High,False,False,True,0
339965,G06007115,Low,True,True,False,0
373280,G06006511,High,True,True,False,0
164161,G06006509,Medium,False,False,False,0
152762,G06006523,Medium,False,False,False,0
302651,G06006520,Medium,False,False,True,0
312784,G06006507,Low,False,False,False,0
137401,G06007112,Medium,False,False,False,0
360252,G06007107,Medium,False,False,False,0
314980,G06006522,Medium,False,False,False,0
137431,G06006524,High,True,True,True,0
335440,G06007111,Medium,False,False,False,0
168366,G06006514,High,False,False,False,0
324646,G06007108,High,False,False,False,0
299202,G06006507,Low,False,False,False,0
302713,G06007116,Medium,False,False,False,0
145283,G06007118,Low,False,False,False,0
176085,G06006516,Medium,False,False,False,0
160041,G06006519,High,False,False,False,0
181036,G06007115,Medium,False,False,False,0
360093,G06007117,Medium,False,False,False,0
373183,G06006520,Low,False,False,False,0
145255,G06007105,Medium,False,False,False,0
360006,G06007119,Medium,False,False,False,0
299240,G06007108,High,False,False,False,0
145378,G06006514,High,False,False,True,1
373362,G06007105,Medium,False,False,False,0
173106,G06007116,High,False,False,False,0
330238,G06006516,Medium,False,False,False,0
373571,G06007118,Medium,False,False,False,1
317330,G06007112,Medium,False,False,False,0
339835,G06007111,Medium,False,False,False,0
373581,G06007112,High,True,True,False,0
175921,G06007117,Medium,False,False,True,0
330221,G06006525,Low,True,True,False,0
339788,G06007107,Medium,False,False,False,0
302383,G06007111,High,False,False,True,0
330189,G06007118,Medium,False,False,False,0
138191,G06007108,Medium,False,False,False,1
359264,G06006519,High,False,False,False,0
350962,G06007118,High,False,False,False,0
302373,G06007111,Medium,True,True,False,0
302336,G06006523,Low,False,False,False,0
317310,G06007119,Low,False,False,True,0
373649,G06007119,Medium,False,False,False,0
299560,G06007104,Low,False,False,False,0
173005,G06006514,High,True,True,True,0
163994,G06007111,Medium,True,True,False,0
359351,G06006516,Low,True,True,False,0
359369,G06007111,High,False,False,True,0
168500,G06007119,High,False,False,False,0
180919,G06006519,High,False,False,False,0
373370,G06007118,High,True,True,False,0
299371,G06006522,High,False,False,False,0
138035,G06006516,Low,False,False,False,0
339936,G06006519,Medium,True,True,False,0
178621,G06007119,Low,False,False,False,0
339921,G06007119,High,True,True,False,1
359539,G06007117,Medium,True,True,True,0
330306,G06007118,High,False,False,True,0
315074,G06006521,High,True,True,False,0
145021,G06007119,Low,False,False,False,0
324992,G06007107,Medium,False,False,False,0
330305,G06006524,Medium,False,False,False,0
339870,G06007112,Low,True,True,False,1
302520,G06007119,High,False,False,False,0
180866,G06007111,Low,False,False,True,0
317338,G06006516,High,False,False,False,0
137885,G06007118,Medium,False,False,False,0
151700,G06007116,High,True,True,False,0
159984,G06006521,Low,False,False,False,0
373027,G06007116,Low,False,False,False,0
171515,G06006524,High,False,False,False,0
318047,G06006514,Low,False,False,False,0
335207,G06006511,Low,False,False,False,0
318024,G06006507,Low,False,False,True,0
184078,G06006525,High,True,True,False,0
159802,G06007110,Medium,False,False,False,0
294682,G06006525,Low,True,True,False,0
317981,G06006525,High,True,True,False,0
170152,G06007118,High,False,False,False,0
361025,G06006516,High,False,False,False,1
372735,G06006520,Low,False,False,False,0
136851,G06006520,High,False,False,False,0
294669,G06007116,High,False,False,False,0
306659,G06006523,High,True,True,True,0
360929,G06006509,Low,False,False,False,0
302996,G06006522,High,False,False,False,0
340495,G06006520,Low,False,False,False,1
317932,G06006522,High,False,False,False,0
318067,G06007112,Medium,True,True,False,0
164558,G06007116,Medium,False,False,False,0
349507,G06006507,High,False,False,False,0
128340,G06006524,Medium,False,False,True,0
178183,G06006525,High,False,False,False,0
361334,G06007107,High,False,False,False,1
173286,G06007105,High,False,False,False,0
335086,G06007104,High,True,True,False,0
168087,G06006516,High,True,True,False,1
136621,G06006507,High,False,False,False,0
294839,G06007116,Medium,True,True,False,0
184025,G06006516,Medium,False,False,False,0
159726,G06006511,Medium,False,False,False,0
152356,G06007115,High,False,False,False,0
298937,G06007107,Medium,True,True,False,0
128293,G06006519,High,False,False,False,0
164566,G06007111,Low,False,False,False,0
164564,G06007115,Medium,True,True,False,0
324190,G06006521,Medium,False,False,False,0
159771,G06007118,High,True,True,False,0
335179,G06007115,High,False,False,False,0
324193,G06006522,Low,True,True,False,0
155667,G06006514,High,False,False,False,0
373036,G06006522,Medium,True,True,False,0
335292,G06006519,High,False,False,False,0
299070,G06006509,High,False,False,False,0
340363,G06006507,High,False,False,False,0
168290,G06007117,Low,False,False,False,0
312855,G06006523,High,False,False,True,0
349940,G06007119,Low,False,False,False,0
317740,G06006516,Medium,False,False,False,0
181088,G06006511,Low,False,False,False,0
360516,G06006522,Low,False,False,False,0
137247,G06006507,High,False,False,False,0
360435,G06006522,Medium,False,False,False,0
340366,G06006520,Medium,False,False,False,0
324565,G06006523,High,True,True,False,0
159915,G06006519,High,False,False,False,0
330600,G06007108,Medium,False,False,False,0
137313,G06006516,High,False,False,False,0
330564,G06006519,High,False,False,False,0
184176,G06007115,Medium,False,False,False,0
137330,G06007108,High,False,False,False,0
350165,G06007111,High,True,True,False,0
373019,G06006524,High,False,False,True,0
145460,G06006511,Medium,False,False,False,0
176121,G06007118,High,False,False,False,0
168282,G06007112,High,False,False,False,0
136935,G06006523,Medium,False,False,False,0
159836,G06007119,High,False,False,False,0
349767,G06006521,Low,False,False,False,0
310320,G06006524,High,False,False,False,0
164352,G06007105,High,False,False,False,0
299026,G06006521,Medium,False,False,False,0
145599,G06006509,Medium,True,True,False,0
145587,G06006516,Low,True,True,True,0
324422,G06007112,High,True,True,False,0
360715,G06006520,High,False,False,False,0
137172,G06007115,High,False,False,False,0
184132,G06006521,Low,False,False,False,0
174693,G06006523,Low,False,False,False,0
360683,G06007115,High,False,False,True,0
145510,G06006524,High,False,False,False,0
155658,G06007118,Low,False,False,False,0
314921,G06006509,High,True,True,False,0
137198,G06007117,Medium,True,True,False,0
330700,G06006521,Low,True,True,False,0
181099,G06007118,Low,False,False,False,0
324469,G06007119,High,True,True,False,0
323046,G06006516,High,False,False,False,0
308759,G06006514,High,False,False,False,0
149076,G06007112,High,False,False,False,0
345306,G06007118,Low,False,False,False,0
305445,G06006520,Medium,False,False,False,0
368690,G06007116,Medium,False,False,False,0
345315,G06007111,Medium,False,False,True,0
296967,G06006514,Medium,True,True,False,0
150425,G06006524,Low,True,True,False,0
296987,G06006525,Medium,True,True,True,0
131191,G06007105,Medium,True,True,False,0
131177,G06007111,High,False,False,False,0
366472,G06006516,Medium,False,False,False,0
157747,G06006507,High,False,False,False,0
132937,G06007118,High,False,False,False,0
296087,G06006519,High,False,False,False,0
150513,G06007111,High,True,True,False,0
321518,G06006523,Medium,False,False,False,0
165962,G06007117,High,True,True,True,0
321525,G06007105,Low,False,False,True,0
165961,G06007115,High,True,True,False,0
166074,G06007105,High,False,False,False,0
320122,G06006520,High,False,False,False,0
343851,G06007112,Medium,False,False,False,0
132522,G06006525,Medium,True,True,True,0
345146,G06006516,High,True,True,False,0
149282,G06007108,Medium,False,False,False,0
166877,G06006519,Low,False,False,False,0
345157,G06006511,High,False,False,False,0
149226,G06007116,High,False,False,False,0
149198,G06006516,High,True,True,False,0
176880,G06006521,High,False,False,False,0
131234,G06007112,High,True,True,False,0
345214,G06007108,Low,False,False,False,0
333974,G06007116,High,False,False,False,0
157591,G06007112,Medium,False,False,False,0
333198,G06006511,High,True,True,False,0
177182,G06007105,Medium,True,True,False,0
366768,G06007105,Medium,False,False,False,0
149077,G06006519,High,False,False,False,0
170567,G06006516,Medium,False,False,False,1
296157,G06007110,Low,False,False,False,0
319919,G06006516,High,False,False,True,0
365925,G06006507,Medium,True,True,False,0
365923,G06007107,Medium,True,True,False,0
345611,G06007117,Medium,False,False,True,0
183055,G06006524,High,False,False,False,0
345635,G06007108,Medium,True,True,False,0
365861,G06007119,Medium,False,False,False,0
365841,G06006521,High,True,True,False,0
369163,G06006520,High,False,False,False,0
174029,G06006520,High,False,False,False,0
130860,G06007116,Low,True,True,False,0
305643,G06006514,High,False,False,False,0
176722,G06006514,High,False,False,False,0
133416,G06007112,High,False,False,False,0
295952,G06006525,Medium,True,True,False,0
365792,G06006519,High,True,True,False,0
130814,G06007105,Medium,False,False,False,0
345652,G06006511,High,False,False,False,0
366014,G06006514,Low,False,False,False,0
345422,G06007119,Medium,False,False,False,0
368809,G06007108,Medium,False,False,False,0
309291,G06007117,Medium,True,True,False,0
166995,G06006514,High,False,False,False,0
305564,G06007105,Medium,False,False,False,0
182476,G06007105,High,False,False,False,0
345525,G06006511,High,True,True,False,0
177347,G06007111,Medium,False,False,False,0
167056,G06006525,High,False,False,False,0
296058,G06007108,Low,False,False,True,0
368944,G06006521,High,True,True,False,0
158023,G06007115,High,False,False,True,0
345534,G06006507,High,False,False,False,0
133164,G06006507,High,False,False,False,0
133171,G06007110,Medium,False,False,False,0
165829,G06006519,Low,False,False,True,0
130917,G06006507,High,False,False,True,0
158099,G06007112,High,False,False,False,0
366022,G06007116,High,False,False,False,0
343199,G06006507,High,True,True,False,0
132467,G06007118,Low,False,False,False,0
321233,G06006514,Low,False,False,False,0
344537,G06006519,Low,False,False,False,0
320847,G06007119,Low,False,False,False,0
149811,G06006509,Medium,False,False,False,0
149953,G06006524,High,False,False,False,0
296561,G06006522,High,False,False,False,0
131620,G06007105,Medium,False,False,False,0
305003,G06006514,High,False,False,False,0
166613,G06007118,High,True,True,False,0
344651,G06007116,High,False,False,False,0
344658,G06006521,High,True,True,True,0
131580,G06006507,Low,False,False,False,0
157273,G06007111,High,False,False,False,0
157340,G06006514,High,False,False,False,0
367500,G06007112,Low,True,True,False,0
166335,G06006523,High,False,False,False,0
296337,G06007110,High,False,False,False,0
304961,G06007108,Medium,False,False,False,0
314024,G06006524,Low,False,False,True,0
157341,G06007105,Low,True,True,False,0
320905,G06006516,Low,False,False,False,0
166413,G06006525,Low,False,False,False,0
305119,G06007116,Medium,False,False,False,0
296420,G06007119,Low,False,False,False,0
344428,G06007111,Medium,False,False,False,0
166536,G06006520,Low,False,False,False,1
367818,G06006519,Low,False,False,False,0
174213,G06006525,High,True,True,False,0
367825,G06006511,High,False,False,False,0
131839,G06006523,Low,False,False,False,0
157155,G06006524,High,False,False,False,0
344449,G06006507,Medium,False,False,True,0
166470,G06006511,Low,True,True,False,0
131766,G06007119,High,True,True,False,0
344382,G06006521,Low,True,True,False,0
131760,G06006522,High,True,True,False,0
296473,G06006522,High,True,True,False,0
182865,G06006511,High,False,False,False,0
296495,G06007108,High,False,False,False,0
149924,G06006520,Medium,True,True,False,0
149869,G06006507,Low,False,False,False,0
367921,G06007105,Medium,False,False,False,0
344518,G06007118,Low,False,False,False,0
314076,G06007111,High,False,False,False,1
367711,G06007116,Medium,False,False,False,0
320777,G06007107,Medium,False,False,False,0
367420,G06006522,Medium,False,False,False,1
132430,G06006516,Medium,False,False,False,0
182891,G06006520,High,False,False,True,0
320371,G06006519,Low,False,False,False,0
296680,G06007107,High,False,False,False,0
321012,G06007115,High,False,False,False,0
182735,G06006509,High,False,False,False,0
320330,G06007110,Low,False,False,False,0
321041,G06006519,High,False,False,False,0
166817,G06006516,Medium,True,True,False,0
305235,G06006514,High,False,False,False,0
368390,G06006509,Low,True,True,False,0
149485,G06007112,High,False,False,False,0
345094,G06006520,Low,True,True,False,0
149315,G06006516,High,True,True,False,1
333961,G06006523,Medium,False,False,False,0
308958,G06007112,Medium,False,False,False,0
314013,G06007116,Medium,True,True,False,0
320224,G06007110,High,False,False,False,0
132388,G06006520,High,True,True,False,1
149312,G06006523,High,False,False,False,0
367205,G06007105,Medium,False,False,False,0
304924,G06006525,Low,False,False,False,1
367359,G06006516,High,True,True,False,0
149562,G06007111,High,False,False,False,0
150002,G06006522,High,False,False,False,0
176950,G06007105,Low,True,True,True,0
344141,G06006520,Medium,False,False,False,0
149536,G06007110,High,False,False,False,0
157368,G06006507,High,False,False,False,0
344131,G06006519,Low,False,False,False,0
344847,G06006514,High,False,False,False,0
150007,G06006525,Medium,False,False,False,0
344074,G06007107,High,False,False,False,0
344853,G06007111,Medium,True,True,False,0
149502,G06006516,High,False,False,False,0
368207,G06007116,Low,False,False,False,0
344884,G06006524,Medium,False,False,False,0
320410,G06007115,Low,False,False,False,0
333941,G06006519,High,False,False,False,0
365791,G06006519,Medium,True,True,False,0
319231,G06006524,High,True,True,False,0
156568,G06006514,High,False,False,False,0
183375,G06007108,High,False,False,False,0
151417,G06006523,Low,False,False,False,1
129699,G06006524,High,True,True,False,1
147955,G06006523,High,False,False,False,0
314477,G06006523,Medium,True,True,False,0
134501,G06006511,Medium,True,True,True,0
151460,G06006507,Low,False,False,False,0
319147,G06007110,High,False,False,False,1
347011,G06007117,High,False,False,False,0
167465,G06006521,Low,False,False,True,0
313578,G06006509,Medium,False,False,False,0
305998,G06006520,Low,False,False,False,0
342184,G06007118,High,False,False,False,0
129676,G06007112,High,True,True,True,0
129672,G06007107,Medium,False,False,False,0
308830,G06006522,High,False,False,True,0
171102,G06006516,Low,False,False,False,0
346942,G06007118,High,False,False,False,0
332267,G06007118,Low,False,False,False,0
322395,G06007108,High,True,True,False,0
130035,G06006519,Low,True,True,False,0
370142,G06007118,Medium,True,True,False,0
182026,G06006514,Low,False,False,False,0
370167,G06006522,Low,False,False,False,0
129983,G06006520,High,False,False,False,0
165401,G06006519,Low,False,False,False,0
364589,G06006521,Low,True,True,False,0
322497,G06006525,Low,False,False,False,0
148185,G06007110,Low,False,False,False,0
129911,G06007118,Medium,False,False,False,0
364497,G06007115,Medium,True,True,False,0
322532,G06007118,High,False,False,False,0
148083,G06006516,Low,False,False,False,0
134485,G06006525,Low,False,False,False,0
364422,G06006525,Medium,False,False,False,0
129807,G06007107,High,False,False,False,0
314474,G06007119,High,False,False,False,0
346868,G06006519,Medium,False,False,False,0
319066,G06007111,Low,True,True,False,0
364626,G06006525,High,False,False,False,0
151505,G06006523,High,False,False,False,0
147920,G06007108,Low,False,False,True,0
134943,G06007111,Medium,False,False,True,0
347320,G06006520,Low,False,False,False,0
313552,G06007112,High,False,False,False,0
342047,G06007111,Medium,True,True,False,0
370770,G06007111,High,False,False,False,1
174474,G06006514,Medium,False,False,True,0
158868,G06006521,Low,False,False,False,1
308760,G06007119,High,False,False,False,0
135019,G06006516,High,False,False,False,0
181829,G06006520,Medium,False,False,False,0
135026,G06006525,High,True,True,True,0
331981,G06007116,Medium,False,False,False,0
167587,G06007119,Low,True,True,False,0
363716,G06006516,High,False,False,False,0
342015,G06007108,High,False,False,False,0
177813,G06006523,High,False,False,False,0
342100,G06006511,Medium,False,False,False,0
370577,G06006511,High,False,False,False,0
174456,G06007112,Low,False,False,False,0
364196,G06006525,High,False,False,False,0
364150,G06007111,Medium,True,True,False,0
134679,G06007110,Low,False,False,False,1
306063,G06006519,High,False,False,False,0
364126,G06006523,Low,False,False,False,0
364111,G06006521,High,False,False,False,1
156426,G06006520,High,True,True,False,0
322838,G06006507,Medium,True,True,False,0
165249,G06006511,Low,False,False,False,0
158860,G06007112,Medium,True,True,False,0
158862,G06006511,High,False,False,False,0
151538,G06007119,High,True,True,False,0
319012,G06007110,Medium,False,False,False,0
134797,G06007108,Low,False,False,False,0
347250,G06006522,Low,False,False,False,0
334463,G06007111,High,False,False,False,0
181845,G06007107,High,False,False,False,0
147818,G06007111,Medium,False,False,False,1
176546,G06006524,Medium,False,False,False,0
369285,G06007118,High,False,False,False,0
130082,G06007108,High,False,False,False,0
319466,G06006525,Low,False,False,True,0
369482,G06006520,Low,False,False,False,0
167206,G06006520,Low,False,False,False,1
130630,G06007105,High,False,False,False,0
177505,G06007116,High,False,False,False,0
133619,G06007119,Low,False,False,False,0
332777,G06007117,High,False,False,False,0
158295,G06007107,High,False,False,False,0
158307,G06006523,Medium,False,False,False,0
165680,G06007117,Low,False,False,False,0
321970,G06006521,Low,False,False,False,0
346059,G06006507,Low,False,False,False,0
332668,G06007105,Low,False,False,False,0
346121,G06006514,High,True,True,False,0
295823,G06006524,High,False,False,False,1
174334,G06006519,High,False,False,False,0
314325,G06007117,Low,False,False,False,0
148597,G06006516,Medium,False,False,False,0
304306,G06006521,High,False,False,False,0
342943,G06006509,High,False,False,True,0
167201,G06006524,High,False,False,False,0
369462,G06006523,Medium,False,False,False,0
343168,G06006520,Medium,False,False,False,1
148830,G06006520,High,False,False,False,0
177435,G06007104,Medium,False,False,True,0
165735,G06006524,Medium,True,True,False,0
165702,G06006509,Low,False,False,False,0
297351,G06007119,Medium,True,True,False,0
182315,G06006523,Medium,False,False,False,0
365675,G06006511,High,True,True,False,0
150724,G06007107,Low,False,False,False,0
345746,G06006524,High,False,False,False,0
365633,G06007112,High,False,False,False,1
345783,G06006511,Medium,False,False,False,0
130681,G06006511,Medium,False,False,False,0
130667,G06007118,High,False,False,False,0
304528,G06006524,Low,False,False,False,0
182259,G06007119,High,False,False,False,0
150755,G06006507,Medium,False,False,False,0
343085,G06007116,Low,False,False,False,0
343081,G06007111,Medium,False,False,False,0
319647,G06007118,High,False,False,False,0
343059,G06007112,High,False,False,False,0
343057,G06006520,High,False,False,False,0
295892,G06007119,Medium,True,True,False,0
343054,G06007116,High,False,False,False,0
322101,G06006524,High,True,True,False,0
332613,G06006516,Medium,True,True,False,0
369905,G06006514,High,False,False,False,0
151006,G06006521,Medium,True,True,False,0
151010,G06006525,Medium,False,False,False,0
346479,G06007117,Medium,True,True,False,0
151020,G06007116,Low,True,True,False,0
313697,G06007104,Low,True,True,False,0
314388,G06006511,High,True,True,False,0
173916,G06007112,High,True,True,False,0
148417,G06006509,Low,False,False,False,0
182073,G06007110,Medium,False,False,False,0
364747,G06006519,High,False,False,False,0
370008,G06007112,High,False,False,False,0
370024,G06006511,Medium,True,True,False,0
151068,G06006516,Medium,True,True,False,0
304102,G06007107,High,False,False,False,0
370028,G06007115,Medium,False,False,False,0
364674,G06007110,Medium,True,True,False,0
319483,G06006525,Low,False,False,True,0
342621,G06006523,Low,True,True,False,0
165425,G06006516,Medium,True,True,False,0
134362,G06006516,High,False,False,True,0
370083,G06006520,High,False,False,False,0
346449,G06006514,Medium,False,False,True,0
309461,G06006514,Medium,False,False,False,0
322118,G06007117,High,False,False,False,0
346263,G06006516,Medium,False,False,False,0
173999,G06007111,High,False,False,False,0
313759,G06007111,Low,True,True,True,0
133939,G06006514,Low,False,False,False,0
365068,G06007116,Low,False,False,False,0
304228,G06007116,Low,False,False,False,0
176694,G06006525,Low,False,False,False,0
346342,G06007117,Low,False,False,False,0
365026,G06007112,Low,False,False,False,0
309401,G06006511,High,False,False,False,0
313721,G06006520,Medium,False,False,False,0
346364,G06007119,High,False,False,False,0
332588,G06007112,Low,False,False,False,0
130397,G06007108,Medium,False,False,False,0
313701,G06007116,Medium,False,False,False,0
130330,G06006525,Low,True,True,False,0
342790,G06007117,High,False,False,False,0
158489,G06007105,Medium,False,False,False,0
319526,G06007110,Medium,False,False,False,0
369889,G06007111,Medium,False,False,False,1
322103,G06006520,High,True,True,False,0
127494,G06006522,Medium,False,False,False,0
131796,G06006516,Low,False,False,True,0
325903,G06006521,High,True,True,False,0
352252,G06007119,Medium,False,False,False,0
316729,G06007110,Medium,False,False,False,0
329375,G06006520,Low,False,False,True,0
300771,G06007110,Medium,False,False,True,0
355905,G06006521,Medium,False,False,False,0
179062,G06007115,Medium,False,False,False,0
336691,G06007117,Low,False,False,False,0
335961,G06006521,High,True,True,False,0
142246,G06007110,Medium,False,False,False,0
172332,G06007118,Low,False,False,False,1
300793,G06006523,High,False,False,False,1
140687,G06007118,Low,False,False,False,0
312314,G06006523,High,False,False,False,0
312327,G06007119,Medium,False,False,False,0
140789,G06007107,Medium,False,False,False,0
139188,G06007118,Low,False,False,False,0
125634,G06006524,Medium,False,False,False,0
179042,G06007116,Low,False,False,False,0
162137,G06006516,Low,False,False,False,0
308230,G06007119,Low,False,False,False,0
139218,G06007119,High,False,False,False,0
374563,G06007115,Medium,True,True,False,0
143734,G06007117,Medium,False,False,False,0
143730,G06007111,Medium,False,False,False,0
327267,G06006525,Medium,False,False,False,0
294114,G06007119,High,False,False,False,0
172337,G06006516,Medium,False,False,False,0
307270,G06006509,High,False,False,True,0
179058,G06006524,High,False,False,False,0
160620,G06006514,High,True,True,False,0
353681,G06006524,Medium,False,False,True,0
375929,G06006516,Low,False,False,False,0
125865,G06007110,High,False,False,False,0
126657,G06006522,Low,False,False,False,0
337633,G06007119,Low,False,False,False,0
326066,G06007116,High,False,False,False,0
375903,G06006519,Low,False,False,False,0
329228,G06006519,Medium,False,False,False,0
356075,G06006516,Low,False,False,False,0
142486,G06007117,Medium,False,False,False,0
300706,G06006522,Low,False,False,False,0
315315,G06007119,High,False,False,True,0
353735,G06006523,Medium,False,False,False,0
375941,G06006520,Medium,False,False,False,1
143557,G06006516,High,False,False,False,0
142370,G06006521,Medium,True,True,False,0
311744,G06007111,High,True,True,False,0
139298,G06007117,Low,True,True,False,0
300143,G06006525,Low,False,False,False,0
336718,G06006511,Low,False,False,True,0
163241,G06007108,Medium,False,False,False,0
338696,G06006520,High,True,True,False,0
337572,G06006519,Medium,False,False,False,0
337581,G06007110,Medium,False,False,False,0
175708,G06007108,Medium,False,False,False,0
316172,G06007110,Low,False,False,False,0
301501,G06006516,High,False,False,False,0
301877,G06007115,High,False,False,True,0
357431,G06007118,Medium,False,False,False,0
171989,G06006522,High,False,False,False,0
316778,G06007118,Medium,False,False,False,0
358206,G06006520,Low,False,False,False,0
140986,G06006519,Medium,False,False,False,0
315947,G06006522,Medium,True,True,True,0
315953,G06007105,High,False,False,True,0
139036,G06006522,Medium,False,False,False,0
161280,G06007119,Medium,False,False,False,0
316858,G06006507,Low,True,True,False,0
143976,G06006520,Low,False,False,False,0
126944,G06007105,High,False,False,False,0
376188,G06007108,Low,False,False,False,0
358168,G06006507,High,False,False,True,0
153346,G06006520,High,True,True,False,0
144004,G06007108,High,False,False,False,0
185007,G06006511,Low,True,True,False,0
311706,G06007119,High,False,False,True,1
307172,G06006516,Low,False,False,False,0
339118,G06007115,Low,False,False,False,0
169545,G06007119,Medium,False,False,False,0
294237,G06006516,Medium,True,True,False,0
325679,G06006514,High,False,False,False,0
351774,G06006516,High,False,False,False,0
328349,G06006520,High,False,False,False,0
163578,G06007115,High,False,False,True,0
141065,G06007112,Low,False,False,False,0
351778,G06006507,Medium,True,True,True,0
316079,G06006514,High,False,False,False,0
376173,G06006522,Medium,False,False,False,0
139063,G06006514,Medium,False,False,False,0
140829,G06007115,High,False,False,False,1
153401,G06007118,High,False,False,False,0
336728,G06006522,Medium,False,False,False,0
310847,G06006521,Medium,False,False,False,0
311229,G06007118,Medium,True,True,False,0
143890,G06006514,Medium,False,False,False,0
336722,G06006520,Medium,False,False,False,0
179505,G06006516,High,False,False,False,0
139151,G06007112,High,False,False,False,0
325854,G06007105,High,False,False,False,0
154787,G06006514,Low,True,True,False,0
299980,G06006523,High,False,False,True,0
358004,G06007117,Medium,False,False,False,0
358113,G06007117,High,False,False,False,0
355740,G06006514,Low,False,False,False,0
355746,G06006509,High,False,False,False,0
301419,G06007117,Low,False,False,False,0
175721,G06006525,Medium,False,False,False,0
353910,G06007105,High,False,False,False,0
154325,G06006523,Medium,False,False,False,0
172563,G06006523,High,False,False,False,0
358033,G06007108,Low,False,False,False,0
352049,G06007112,Medium,False,False,True,0
163403,G06007119,High,True,True,False,0
185012,G06007105,High,False,False,False,0
327191,G06007110,High,False,False,False,0
293612,G06007105,High,False,False,False,0
169300,G06006519,Medium,True,True,False,0
126278,G06007107,Medium,False,False,False,0
161115,G06006524,Low,False,False,False,0
140418,G06007107,Low,True,True,False,0
356516,G06006523,Medium,False,False,True,0
301679,G06006521,Medium,False,False,True,0
180016,G06006521,High,False,False,False,0
337905,G06007105,Medium,False,False,False,0
162476,G06006522,High,False,False,False,0
356531,G06007119,High,False,False,True,0
293844,G06006511,High,False,False,True,0
353045,G06006519,High,False,False,False,0
337852,G06007112,High,False,False,False,0
179316,G06007116,High,False,False,False,0
328983,G06006511,Medium,False,False,False,0
375328,G06007107,High,False,False,False,0
293689,G06007107,Medium,False,False,False,0
180302,G06006519,High,False,False,False,0
162424,G06006523,Low,False,False,False,0
336201,G06006520,Medium,False,False,False,0
300611,G06007105,Low,False,False,False,0
373684,G06007108,High,True,True,False,0
162862,G06006509,High,False,False,True,0
300303,G06006514,Medium,False,False,True,0
139962,G06007107,Medium,True,True,False,0
293716,G06007108,Low,False,False,False,0
375362,G06006522,Low,True,True,False,0
357007,G06007118,High,False,False,False,0
142761,G06006520,Medium,False,False,False,0
140045,G06007108,Medium,True,True,False,0
161008,G06006507,High,True,True,False,0
353381,G06006520,Low,False,False,False,0
162833,G06007115,Medium,False,False,False,0
328847,G06007111,Medium,False,False,False,0
140223,G06006519,Medium,False,False,True,0
140248,G06007112,Medium,False,False,False,0
153973,G06007104,High,True,True,False,0
356683,G06006507,High,False,False,False,0
316359,G06006521,Low,False,False,False,0
326577,G06007117,Low,False,False,False,0
307447,G06007117,High,False,False,False,0
126094,G06007104,Low,False,False,False,0
353177,G06006519,Low,False,False,False,0
328689,G06007111,High,False,False,False,0
356639,G06006507,Medium,False,False,False,0
155133,G06007107,High,False,False,False,0
375656,G06006511,Medium,False,False,False,0
300378,G06007105,Low,False,False,False,0
328861,G06007105,Medium,True,True,False,0
153952,G06007119,High,False,False,False,0
142859,G06006507,Medium,False,False,False,0
126175,G06006507,High,False,False,False,0
312127,G06006524,High,True,True,False,0
356546,G06006523,High,False,False,False,0
180074,G06006516,Low,False,False,False,0
162797,G06007116,Medium,False,False,False,0
293791,G06007116,High,True,True,False,0
140394,G06006520,High,False,False,False,0
172598,G06006525,Medium,False,False,False,0
315418,G06006514,Low,False,False,False,0
326789,G06007118,Medium,False,False,True,0
353315,G06006516,High,True,True,False,0
300377,G06007108,Low,False,False,False,0
336350,G06006521,Medium,True,True,True,0
175549,G06007112,High,False,False,False,0
356762,G06006525,Medium,False,False,False,0
316238,G06007108,High,True,True,False,0
316305,G06007118,Medium,False,False,False,0
142728,G06007119,High,False,False,False,0
154939,G06007117,High,False,False,False,0
300209,G06007111,High,False,False,False,1
328523,G06007116,High,False,False,False,0
179468,G06007108,High,False,False,True,1
300670,G06006520,Low,False,False,False,0
139645,G06006514,Medium,False,False,False,0
126494,G06007116,High,False,False,False,1
154110,G06007119,High,False,False,False,0
338467,G06007115,High,False,False,False,0
336093,G06006516,High,True,True,False,0
162240,G06007119,Low,False,False,False,1
356244,G06006516,High,False,False,False,0
160764,G06006516,High,False,False,False,0
307550,G06006519,Low,False,False,False,0
301792,G06007112,Low,False,False,True,0
374956,G06006525,High,True,True,False,0
175432,G06006525,High,True,True,False,0
140557,G06006516,High,True,True,False,1
336638,G06007119,High,False,False,False,0
125946,G06007108,Low,False,False,False,0
154144,G06006514,High,False,False,False,0
337694,G06006516,Medium,True,True,False,0
172054,G06007105,High,False,False,False,0
337707,G06007110,Low,False,False,False,0
161180,G06006514,Low,False,False,False,0
142495,G06007111,Medium,False,False,True,0
143405,G06006511,Low,False,False,False,0
357394,G06007108,High,False,False,False,0
326117,G06007105,High,True,True,False,0
375816,G06006519,Medium,False,False,False,0
169138,G06007112,Medium,True,True,False,0
160809,G06006522,Medium,False,False,False,0
311788,G06007108,High,False,False,False,0
172825,G06007112,Medium,False,False,False,0
375199,G06006509,High,False,False,False,0
142585,G06007111,Low,False,False,True,0
336157,G06006516,High,False,False,False,1
162377,G06007118,Medium,False,False,True,0
338341,G06006519,Medium,False,False,False,0
126434,G06006525,Medium,True,True,True,1
356361,G06006525,Low,False,False,False,0
139874,G06006507,High,False,False,False,0
375739,G06006525,Medium,False,False,False,1
301588,G06007111,High,True,True,False,0
162416,G06007108,High,False,False,False,0
126045,G06006514,High,False,False,False,0
162349,G06007108,Medium,False,False,False,0
300622,G06007107,Low,False,False,False,1
316558,G06007117,Medium,False,False,False,0
155241,G06006522,High,False,False,False,0
356265,G06007110,Low,True,True,False,0
356270,G06006516,High,False,False,False,0
293658,G06006522,Medium,False,False,True,0
375156,G06007118,High,True,True,True,0
307547,G06007105,Medium,False,False,False,0
310973,G06006514,Medium,True,True,False,0
356303,G06006525,High,False,False,False,0
375184,G06007118,Medium,False,False,True,0
326307,G06006516,Low,False,False,False,0
300241,G06007118,High,True,True,True,0
356314,G06007111,Low,False,False,False,0
327059,G06006523,Low,False,False,False,0
375168,G06006516,High,False,False,True,0
376214,G06007108,High,False,False,False,0
354143,G06007111,Medium,False,False,False,0
351517,G06007111,High,False,False,True,1
376619,G06006516,High,False,False,False,0
169632,G06007118,High,True,True,False,0
336934,G06006516,Low,False,False,False,0
302102,G06006525,Low,False,False,False,0
317069,G06007115,Medium,True,True,False,0
373818,G06006522,Low,False,False,False,0
329704,G06006520,Medium,False,False,False,0
337011,G06007111,Medium,False,False,False,0
358954,G06007116,High,False,False,False,0
358598,G06006519,High,False,False,False,0
325422,G06007117,Medium,False,False,False,0
163713,G06006511,High,False,False,False,0
172990,G06006522,Low,False,False,False,0
301042,G06006509,High,True,True,False,1
141375,G06007111,High,False,False,True,0
374093,G06006523,High,False,False,False,0
351494,G06006520,Medium,False,False,False,0
328170,G06006511,High,True,True,False,0
337024,G06007112,High,False,False,False,0
374146,G06006525,Medium,False,False,False,0
325612,G06006524,Medium,False,False,False,0
168719,G06007115,Medium,False,False,False,0
144249,G06006522,High,True,True,False,0
327424,G06007104,Low,True,True,False,0
339280,G06007108,Medium,False,False,True,0
302096,G06006507,Low,False,False,False,0
311637,G06006521,Low,True,True,True,0
317123,G06006523,Medium,False,False,False,0
127107,G06007117,Low,False,False,False,0
374019,G06007111,Medium,False,False,False,0
339523,G06006522,Medium,False,False,False,1
127109,G06006523,High,False,False,False,0
373793,G06007108,High,False,False,True,0
327811,G06006509,High,False,False,False,0
339543,G06007115,High,False,False,True,0
172356,G06006522,Medium,True,True,False,1
376509,G06007111,Low,False,False,False,0
294293,G06007119,High,False,False,False,0
293195,G06006514,High,False,False,True,1
169979,G06006514,High,False,False,False,0
311340,G06006511,Medium,False,False,True,0
127389,G06007111,Low,False,False,False,0
339322,G06007117,Low,False,False,False,0
163789,G06007110,Low,False,False,False,0
179701,G06007111,Medium,False,False,False,0
178870,G06006522,High,False,False,False,0
162028,G06006519,Medium,False,False,False,0
301355,G06006523,High,True,True,False,1
138432,G06006523,High,False,False,False,0
374061,G06006522,Medium,False,False,False,0
312558,G06006520,High,False,False,False,0
163795,G06006511,Medium,False,False,False,1
376311,G06006516,High,False,False,False,0
179593,G06006522,Medium,False,False,False,0
376542,G06007111,Medium,False,False,False,0
327700,G06006523,Medium,False,False,False,0
180522,G06007108,Medium,False,False,True,0
358511,G06006525,Low,False,False,False,0
351227,G06007117,Medium,False,False,False,0
374035,G06006516,Medium,True,True,False,0
312455,G06006507,Low,False,False,True,0
325477,G06006507,High,False,False,False,0
154636,G06006523,Low,False,False,False,0
302162,G06007110,Medium,False,False,False,0
301110,G06007104,Medium,False,False,False,0
299853,G06007117,Medium,False,False,False,0
358935,G06006524,Medium,False,False,False,0
179787,G06006509,High,True,True,False,0
125361,G06006516,Low,False,False,False,0
354962,G06007118,High,False,False,False,0
144240,G06006516,High,True,True,True,0
376314,G06007116,Low,False,False,False,0
142086,G06007108,Medium,False,False,False,0
127296,G06006525,High,False,False,False,0
152955,G06007104,Medium,False,False,True,0
373715,G06007112,Low,False,False,False,0
144535,G06007107,High,False,False,False,0
127026,G06006516,High,False,False,False,0
172553,G06007118,Low,True,True,False,0
144546,G06006522,High,False,False,False,0
335742,G06007117,Medium,False,False,False,0
127283,G06007111,High,True,True,False,0
328273,G06006521,High,False,False,False,0
374281,G06006511,Medium,False,False,False,0
154495,G06007105,Low,False,False,False,0
354818,G06006521,Medium,False,False,False,0
374231,G06007115,Medium,False,False,False,0
175823,G06007110,High,False,False,False,1
175270,G06006511,Low,True,True,False,0
161347,G06006525,Low,False,False,False,0
359079,G06006522,High,False,False,False,0
311290,G06006525,Medium,True,True,True,0
337414,G06006511,Low,False,False,False,0
302076,G06006509,High,False,False,False,0
138377,G06006516,Medium,False,False,False,0
172496,G06006519,Low,True,True,False,0
354449,G06007107,Medium,False,False,False,0
354641,G06006522,Low,False,False,False,0
374183,G06007111,Medium,False,False,False,1
306942,G06007111,High,True,True,False,0
310633,G06007108,Medium,False,False,False,0
301047,G06006519,High,True,True,False,0
337263,G06006520,High,True,True,False,0
293288,G06006519,High,False,False,False,0
354741,G06006507,Low,True,True,False,0
178854,G06007119,Medium,False,False,False,0
329666,G06006524,High,False,False,False,0
312533,G06006525,Medium,False,False,False,0
175164,G06007116,Low,False,False,False,1
175199,G06006516,Medium,True,True,True,0
179540,G06006523,High,False,False,False,0
302139,G06006524,Medium,False,False,False,0
336854,G06006514,High,True,True,False,0
317296,G06006523,Medium,False,False,False,0
161376,G06006509,Low,False,False,False,0
327678,G06006511,High,False,False,False,0
184359,G06006523,High,False,False,False,0
138332,G06007105,Low,False,False,False,0
327859,G06006520,Medium,False,False,False,0
339267,G06006514,High,True,True,False,0
354724,G06007112,Medium,False,False,False,0
160262,G06006519,High,False,False,False,0
175346,G06006522,High,False,False,False,0
329643,G06007111,High,False,False,False,0
138519,G06007104,Medium,False,False,False,0
351658,G06006514,High,False,False,False,0
315437,G06010702,Low,False,False,False,0
241666,G06010701,Low,True,True,False,0
490396,G06010701,Medium,False,False,False,0
517256,G06010702,Low,False,False,False,0
493413,G06010703,Medium,False,False,False,0
1219,G06010703,Medium,False,False,False,0
518476,G06010701,High,False,False,False,0
491733,G06010701,Low,False,False,False,1
327928,G06010702,High,True,True,False,0
327779,G06010703,Medium,True,True,False,0
547179,G06010702,High,False,False,False,0
221728,G06010703,Low,False,False,False,0
521691,G06010702,Low,False,False,False,0
548540,G06010701,Low,False,False,False,0
545363,G06010703,Medium,False,False,False,0
25146,G06010703,Medium,False,False,False,0
20614,G06010701,Medium,False,False,False,0
518454,G06010701,High,False,False,False,0
336553,G06010703,Medium,False,False,False,0
491713,G06010703,Medium,True,True,False,0
25200,G06010701,High,False,False,False,0
221762,G06010701,Low,False,False,False,0
521549,G06010701,Low,False,False,False,0
316491,G06010703,Medium,False,False,False,0
316591,G06010701,Low,False,False,False,0
516528,G06010701,Low,False,False,False,0
155479,G06002905,High,False,False,True,0
336941,G06010701,Medium,False,False,False,0
517140,G06010702,Low,False,False,False,0
1326,G06010703,Low,False,False,False,0
220550,G06010703,Low,True,True,False,0
515603,G06002905,Low,False,False,False,0
169362,G06010702,Low,False,False,False,0
714,G06010702,Medium,False,False,False,0
493863,G06010703,Medium,False,False,False,1
491058,G06010701,Low,False,False,False,0
243767,G06010703,Low,False,False,False,0
326817,G06010703,High,False,False,True,0
24152,G06002905,High,False,False,False,0
25993,G06010701,Low,True,True,False,0
241114,G06010701,Medium,False,False,False,0
335954,G06010702,Low,False,False,False,0
39820,G06010703,High,False,False,False,1
316118,G06002905,Medium,True,True,False,0
231256,G06010701,Medium,True,True,False,0
25344,G06010702,Medium,False,False,False,0
516318,G06010702,Medium,False,False,False,0
221001,G06010701,Low,False,False,False,0
169969,G06002905,Medium,False,False,False,0
161652,G06010701,Medium,False,False,False,0
24640,G06010702,Low,False,False,False,0
549595,G06010702,Medium,True,True,False,0
493681,G06010702,Low,False,False,False,0
1289,G06010703,Medium,False,False,True,1
549599,G06010703,High,False,False,False,0
2743,G06010703,Medium,False,False,False,0
521241,G06002905,Medium,False,False,False,0
1478,G06010702,High,False,False,False,0
335639,G06002905,High,True,True,False,0
241139,G06010701,Medium,False,False,False,1
240981,G06010703,High,False,False,False,0
231349,G06010701,Low,True,True,False,0
23193,G06010702,High,False,False,False,0
328122,G06010701,High,True,True,False,0
547910,G06010703,Low,False,False,False,0
316799,G06010702,Medium,False,False,False,0
546594,G06002905,Low,False,False,False,0
241915,G06010702,Medium,False,False,False,0
242667,G06002905,Medium,False,False,False,0
548184,G06010703,High,False,False,False,0
515650,G06010703,Low,False,False,False,0
24899,G06010701,Medium,True,True,False,0
536262,G06010702,Medium,False,False,False,0
223799,G06010701,Low,False,False,False,0
508392,G06010702,Low,False,False,False,0
10466,G06010701,High,False,False,False,0
34639,G06010701,Low,False,False,False,0
321040,G06010703,High,False,False,False,0
10501,G06010702,Low,False,False,False,0
536472,G06010701,High,False,False,False,0
528700,G06002905,High,True,True,False,0
164790,G06010701,High,False,False,True,0
238321,G06010701,Medium,True,True,False,0
321379,G06010701,High,False,False,False,1
34354,G06010703,High,False,False,False,1
528687,G06010703,High,False,False,False,0
157497,G06010702,Low,False,False,False,0
248357,G06010702,High,False,False,False,0
238450,G06010701,Medium,False,False,False,0
246175,G06010703,Low,True,True,False,0
9000,G06010701,High,False,False,True,0
538532,G06010701,High,False,False,False,0
538500,G06010703,High,False,False,False,0
499772,G06010701,Low,False,False,False,0
500327,G06010702,High,False,False,True,0
509643,G06010701,Low,False,False,True,0
29696,G06010703,Medium,False,False,False,0
538225,G06010701,High,True,True,False,0
527793,G06010701,Low,False,False,False,0
500380,G06010701,Low,True,True,False,0
527401,G06010702,Low,False,False,False,0
333823,G06010703,Low,False,False,True,0
320558,G06002905,High,False,False,False,0
527428,G06010703,Low,False,False,False,0
500528,G06010702,Low,False,False,False,0
509066,G06010702,High,False,False,False,0
535119,G06010702,High,True,True,False,0
11317,G06010702,Medium,True,True,False,0
332021,G06010701,Low,False,False,False,0
14248,G06010702,Medium,False,False,False,0
533432,G06010701,Medium,False,False,False,0
322036,G06010702,Low,False,False,False,0
332661,G06010701,Medium,False,False,False,0
533188,G06010703,Low,False,False,False,0
246830,G06010702,Low,False,False,False,0
533037,G06010702,High,True,True,False,1
531152,G06010701,Low,False,False,True,0
247165,G06010703,High,False,False,False,0
505686,G06010701,Low,False,False,True,0
171108,G06002905,High,True,True,False,0
247162,G06010703,Medium,False,False,False,0
531718,G06002905,Medium,False,False,False,0
13411,G06010703,Low,False,False,False,0
32310,G06002905,High,False,False,False,0
32807,G06010703,High,True,True,False,0
504710,G06010702,Medium,False,False,False,0
322394,G06010703,Low,False,False,False,0
321701,G06010702,Low,False,False,False,0
224239,G06010702,Medium,True,True,True,0
15128,G06010701,Medium,True,True,False,0
507196,G06002905,High,False,False,False,0
170840,G06010703,Low,False,False,False,0
502509,G06010703,Low,False,False,False,0
321482,G06010702,Medium,False,False,False,0
333038,G06010701,High,False,False,False,0
313329,G06002905,Medium,False,False,False,0
238193,G06010702,High,False,False,False,0
31156,G06010702,High,False,False,False,0
34036,G06010702,Medium,False,False,False,0
33764,G06010702,Medium,False,False,False,0
331757,G06010703,High,False,False,False,0
218119,G06010702,Medium,True,True,False,0
225369,G06010702,Low,False,False,False,0
237750,G06010703,Medium,False,False,False,0
530046,G06010703,Medium,True,True,False,1
33416,G06010703,Low,False,False,False,0
165687,G06010701,Medium,False,False,False,0
507126,G06010703,Medium,False,False,False,0
12085,G06010701,Low,False,False,False,0
165774,G06002905,Medium,False,False,False,0
529987,G06002905,Medium,False,False,False,0
323443,G06010703,Low,False,False,False,1
512517,G06002905,Low,False,False,False,0
172948,G06010703,Low,False,False,False,0
232931,G06010701,Medium,False,False,False,0
232738,G06010702,Medium,False,False,False,0
523235,G06002905,Medium,False,False,False,0
19334,G06010702,High,False,False,False,0
38037,G06010702,Low,False,False,True,0
163850,G06010701,Medium,True,True,True,0
18971,G06010702,Low,False,False,False,0
37851,G06010703,Low,True,True,False,0
233244,G06010703,Low,True,True,False,0
240120,G06010701,Low,False,False,False,0
312562,G06010703,Medium,False,False,False,0
511847,G06010701,Low,False,False,False,0
27712,G06010701,Medium,False,False,False,0
37894,G06010703,Low,False,False,False,0
244676,G06010703,High,True,True,False,1
19048,G06010703,Low,True,True,False,0
523093,G06010703,Low,True,True,False,0
168288,G06010702,Medium,False,False,False,0
244185,G06010703,Low,True,True,False,1
335308,G06010701,High,False,False,False,0
495299,G06010702,Medium,False,False,False,0
522455,G06010703,Low,False,False,False,0
335456,G06010701,Low,True,True,False,0
39217,G06010702,High,False,False,False,0
522001,G06002905,High,False,False,False,0
544971,G06010702,Low,False,False,False,0
163228,G06010701,Medium,False,False,False,0
325886,G06010702,Low,False,False,False,1
495881,G06002905,Low,False,False,False,1
314847,G06010703,Low,False,False,False,0
232526,G06010701,High,False,False,False,0
314830,G06010703,Low,False,False,False,0
163514,G06010703,Medium,False,False,False,0
215689,G06010701,High,False,False,True,0
495585,G06010702,High,False,False,False,0
36703,G06010702,Low,True,True,False,0
510274,G06010703,Low,False,False,False,0
539623,G06010703,Low,False,False,False,0
17596,G06010703,Low,False,False,False,0
539447,G06010702,Medium,True,True,False,0
539442,G06010703,Medium,False,False,False,0
510162,G06010702,High,False,False,False,0
330496,G06010701,Low,True,True,False,0
17883,G06002905,Low,False,False,False,0
18009,G06010703,High,False,False,False,0
216386,G06010703,Medium,False,False,False,0
36769,G06010703,High,False,False,False,0
29287,G06010701,High,False,False,False,0
239267,G06010703,Low,True,True,False,0
538756,G06010702,Low,False,False,False,0
324516,G06010702,Low,True,True,False,0
36348,G06002905,Low,False,False,True,0
509816,G06010701,High,False,False,False,0
17197,G06002905,Low,False,False,False,0
324556,G06010702,Low,False,False,False,0
324564,G06002905,High,False,False,True,0
245411,G06010701,Medium,True,True,False,0
526292,G06010703,Medium,False,False,False,0
499119,G06002905,High,True,True,False,0
17560,G06010702,Medium,True,True,False,0
8086,G06010701,Medium,False,False,False,0
36571,G06010703,High,False,False,False,1
8259,G06010703,Low,False,False,False,0
223123,G06010701,Medium,False,False,False,0
239966,G06010703,Medium,False,False,False,0
167588,G06002905,Medium,False,False,False,0
541596,G06002905,Low,False,False,False,0
325249,G06010703,Medium,False,False,False,0
325212,G06010702,Medium,False,False,False,0
308700,G06010703,Medium,False,False,True,0
245012,G06010701,Medium,False,False,False,0
174494,G06002905,Medium,False,False,False,0
511568,G06010703,High,False,False,False,0
6492,G06010703,Low,False,False,False,0
324918,G06010702,Low,False,False,False,0
239625,G06010703,Low,False,False,False,0
540411,G06010703,High,False,False,True,0
525391,G06010701,High,False,False,False,0
510803,G06010703,High,False,False,False,0
7162,G06010701,High,False,False,True,0
7195,G06010702,High,False,False,False,0
540207,G06010701,Medium,False,False,True,0
18795,G06010703,High,False,False,False,0
222995,G06010702,High,True,True,False,0
160121,G06010701,High,True,True,False,1
239803,G06010701,Low,False,False,False,0
541033,G06010701,Medium,False,False,False,0
249795,G06010703,Medium,False,False,False,0
216219,G06010701,High,False,False,False,0
216221,G06002905,High,False,False,True,0
350849,G06002905,Low,False,False,False,0
103403,G06010703,High,False,False,True,1
406125,G06010703,Low,False,False,False,0
429704,G06010701,Medium,False,False,False,0
262271,G06010701,Low,False,False,False,1
262249,G06010702,Medium,False,False,False,0
274944,G06010701,Medium,False,False,False,0
182401,G06010702,Low,False,False,False,1
207121,G06010701,Medium,False,False,False,0
366145,G06010701,Medium,False,False,False,0
61365,G06010702,High,False,False,False,0
61350,G06010702,High,False,False,False,0
177667,G06010703,Low,False,False,False,0
462865,G06010701,Medium,False,False,False,0
404075,G06002905,Low,False,False,False,0
104213,G06010701,High,False,False,False,0
283491,G06010703,Low,False,False,False,0
132752,G06010701,High,False,False,False,0
60844,G06010701,Low,False,False,False,0
261808,G06010701,Low,True,True,False,0
89171,G06010703,Medium,False,False,False,1
463964,G06010702,Low,False,False,False,0
404809,G06010701,Low,False,False,False,0
104072,G06010702,Low,False,False,False,0
443997,G06010702,Low,False,False,False,0
464193,G06010702,High,False,False,False,0
358073,G06010703,Low,False,False,False,0
429044,G06010703,Medium,True,True,False,0
101329,G06010703,High,False,False,False,0
62620,G06010703,Medium,False,False,False,0
282271,G06002905,Medium,False,False,False,0
101539,G06002905,Low,False,False,False,0
461333,G06010702,High,True,True,False,0
461334,G06010701,High,False,False,False,0
365172,G06010701,High,False,False,False,0
180495,G06010703,Medium,False,False,False,0
347132,G06010702,Low,False,False,False,0
460942,G06010702,Low,False,False,False,0
101235,G06002905,High,False,False,False,0
461519,G06010703,Medium,False,False,False,0
102470,G06010701,Low,False,False,True,0
407226,G06010701,Medium,False,False,True,0
197739,G06010703,Medium,False,False,True,0
86651,G06010701,Low,False,False,False,0
461931,G06010703,Low,False,False,False,0
192462,G06010701,Low,True,True,False,0
61956,G06010701,High,True,True,False,0
182715,G06010701,Low,False,False,False,0
468327,G06010701,High,False,False,False,0
344848,G06010701,Low,True,True,False,0
442958,G06010703,Medium,False,False,False,0
107666,G06010703,Low,False,False,False,0
468536,G06010702,Medium,False,False,False,0
400078,G06010701,Low,False,False,False,0
208823,G06010703,Medium,False,False,False,0
137327,G06002905,Low,False,False,False,0
467531,G06002905,High,False,False,False,0
401461,G06010703,High,False,False,False,1
284382,G06010701,High,False,False,False,0
131799,G06010701,Medium,False,False,False,0
430883,G06010702,Low,False,False,False,0
367821,G06010701,Medium,True,True,False,0
190558,G06010703,Low,False,False,False,0
190523,G06002905,Low,False,False,False,0
357585,G06010702,Low,True,True,False,0
107159,G06010702,Medium,True,True,False,0
85225,G06010702,High,False,False,False,0
57484,G06010702,Medium,False,False,False,0
344558,G06010702,Medium,False,False,False,0
108511,G06010701,Medium,False,False,False,0
209002,G06010703,Medium,False,False,False,0
139515,G06010701,Medium,False,False,False,1
189988,G06010701,High,False,False,False,0
431301,G06010703,Medium,False,False,False,0
469817,G06010703,Medium,False,False,False,0
344405,G06010701,Medium,False,False,False,0
91890,G06010703,High,True,True,True,0
468697,G06010701,Medium,False,False,False,0
142912,G06010701,Medium,False,False,True,1
399670,G06010702,Low,False,False,True,0
57304,G06010702,Medium,False,False,False,0
399507,G06010701,Low,False,False,False,0
108348,G06010703,Low,True,True,False,0
57019,G06010701,Low,False,False,False,0
208466,G06010701,Low,False,False,False,0
302380,G06010703,High,False,False,False,0
357783,G06010703,Low,False,False,False,0
283971,G06002905,Low,False,False,False,0
182763,G06002905,Medium,False,False,False,0
85616,G06010702,Medium,True,True,False,0
466055,G06010703,Low,False,False,False,0
191016,G06010702,High,False,False,False,0
86135,G06010701,Medium,True,True,False,0
403734,G06010703,High,False,False,False,0
75021,G06010702,High,False,False,True,0
443615,G06002905,Medium,True,True,False,0
464931,G06010703,High,False,False,False,0
401958,G06010703,Low,False,False,False,0
367687,G06010703,Medium,False,False,True,0
367726,G06002905,Low,False,False,False,0
208360,G06010701,Medium,False,False,False,0
190797,G06010701,Medium,False,False,False,1
302290,G06010701,Medium,True,True,False,0
284079,G06010703,Medium,False,False,False,0
197626,G06010701,Low,False,False,False,0
202758,G06010702,Medium,False,False,False,0
302998,G06010701,Low,False,False,False,0
416827,G06010702,Low,False,False,False,0
303037,G06002905,High,False,False,False,0
279429,G06010701,Medium,False,False,True,1
143938,G06010701,Medium,False,False,False,0
417809,G06010701,High,False,False,True,0
195119,G06010702,Medium,False,False,False,0
68346,G06010701,Medium,False,False,False,0
417761,G06010702,High,False,False,False,0
136003,G06010702,High,False,False,False,0
265218,G06010703,High,True,True,False,0
194916,G06010701,Medium,False,False,False,0
95986,G06002905,High,True,True,False,0
349177,G06010703,Low,False,False,False,0
146113,G06010703,High,False,False,False,1
96125,G06010703,High,False,False,False,0
96171,G06010702,High,False,False,False,0
362942,G06010703,High,False,False,False,0
301963,G06010701,High,True,True,False,0
415836,G06010702,High,False,False,False,0
67503,G06010703,Medium,False,False,False,0
67466,G06010703,Medium,False,False,False,1
67459,G06010703,Low,True,True,False,0
73255,G06010702,Medium,False,False,False,0
358980,G06010702,High,False,False,False,0
298394,G06010701,Low,False,False,False,0
264803,G06010703,Medium,False,False,False,0
264782,G06010701,Medium,False,False,False,0
455556,G06010703,Low,False,False,False,0
298393,G06010702,Medium,True,True,False,0
415862,G06010702,Low,False,False,False,0
418136,G06010702,High,False,False,False,0
69773,G06010703,Medium,False,False,False,0
278032,G06010702,Medium,True,True,False,0
204060,G06010702,Medium,False,False,True,0
92851,G06002905,Medium,False,False,False,0
92505,G06002905,High,False,False,False,0
136858,G06010703,Low,True,True,False,0
266571,G06010701,Medium,False,False,False,0
70051,G06010703,Low,True,True,False,0
447734,G06010702,High,True,True,False,0
196978,G06010702,Low,False,False,False,0
350493,G06010701,Low,False,False,False,0
361046,G06010702,Low,False,False,False,0
181137,G06002905,Medium,False,False,False,0
299030,G06010703,High,False,False,False,1
418316,G06010701,High,False,False,False,0
68668,G06002905,High,False,False,False,0
136546,G06010703,Medium,False,False,False,0
419098,G06010703,Low,True,True,False,1
418820,G06010703,Low,True,True,False,0
64175,G06010701,Medium,False,False,False,0
459044,G06002905,Low,False,False,False,0
263535,G06010701,High,True,True,True,0
87117,G06010702,Medium,False,False,False,0
411119,G06010703,Medium,False,False,False,0
147274,G06010701,Low,False,False,False,0
281380,G06010702,High,True,True,False,1
445288,G06010701,Low,True,True,False,0
364533,G06010703,Low,False,False,False,0
458784,G06010701,Medium,False,False,False,0
196850,G06010701,Low,False,False,False,0
281070,G06010702,Medium,True,True,False,0
458487,G06010701,Low,False,False,False,0
458640,G06010701,High,False,False,False,0
458721,G06002905,Low,False,False,False,0
458747,G06010702,Low,False,False,False,0
98502,G06002905,High,False,False,False,0
99888,G06010703,High,True,True,False,0
364858,G06002905,High,False,False,False,0
409957,G06010702,Medium,True,True,False,0
63288,G06010701,Low,False,False,False,0
358318,G06010703,Low,False,False,False,0
460435,G06010701,Low,False,False,False,0
460023,G06010703,Medium,True,True,False,0
410318,G06010703,High,True,True,False,1
425585,G06010701,Low,False,False,False,0
134390,G06010703,Medium,False,False,False,0
410382,G06010701,Low,False,False,False,0
364092,G06010702,High,False,False,False,0
297942,G06010701,Low,False,False,False,1
135284,G06010701,Medium,False,False,False,0
363296,G06002905,Medium,True,True,False,0
135265,G06010703,Medium,False,False,False,0
96804,G06010703,Low,False,False,False,0
303290,G06010702,Medium,False,False,False,0
280368,G06010702,Low,False,False,False,0
194001,G06010703,Medium,False,False,False,0
413839,G06010702,Low,False,False,False,0
97018,G06010702,Medium,True,True,False,0
146216,G06010702,Low,False,False,False,0
280100,G06002905,High,False,False,False,0
456612,G06002905,Low,False,False,False,0
181704,G06010701,High,False,False,False,0
96552,G06010702,Low,True,True,False,0
364051,G06010701,Medium,True,True,False,0
193750,G06010703,High,False,False,False,0
146718,G06010702,Medium,False,False,False,0
134835,G06010703,Medium,True,True,False,0
364016,G06010703,High,False,False,False,0
427814,G06010703,Medium,False,False,False,0
146710,G06010703,High,False,False,False,0
363888,G06010703,Low,True,True,False,0
446013,G06002905,Low,False,False,False,1
413419,G06010702,Low,False,False,False,0
146537,G06010701,Low,True,True,False,0
97694,G06010703,Medium,True,True,False,0
280661,G06010702,Low,False,False,True,0
46628,G06010703,High,False,False,False,0
46451,G06010701,High,True,True,False,0
439095,G06010701,Medium,False,False,False,0
71580,G06010703,Medium,False,False,False,0
119419,G06002905,Medium,True,True,False,1
127267,G06010703,High,False,False,False,1
339415,G06010702,Medium,False,False,False,0
276902,G06010702,High,False,False,False,0
435307,G06010701,Medium,False,False,False,1
46965,G06010702,Low,False,False,False,0
290564,G06010701,Low,False,False,False,0
184352,G06010702,Medium,False,False,False,0
435378,G06010703,Low,False,False,False,0
45858,G06010701,Low,False,False,False,0
153456,G06002905,Medium,False,False,False,0
196507,G06010703,High,False,False,False,0
213068,G06010701,Low,False,False,False,0
212923,G06010703,Low,False,False,False,0
307164,G06010703,Medium,False,False,False,0
270909,G06010701,High,False,False,False,0
144594,G06010702,Medium,True,True,False,0
374346,G06010703,High,False,False,False,0
120062,G06010703,High,False,False,True,0
140571,G06010703,Medium,False,False,True,0
485046,G06010701,Low,False,False,False,0
78747,G06010702,Low,False,False,False,0
47443,G06010701,Medium,False,False,False,0
434075,G06002905,Low,True,True,False,0
434191,G06010701,Medium,False,False,False,0
270602,G06010701,Low,False,False,False,0
481492,G06010703,Medium,False,False,True,0
255565,G06010701,High,True,True,False,0
117031,G06010703,Low,False,False,False,0
481861,G06010703,Medium,False,False,False,0
72195,G06010703,Medium,False,False,False,0
388535,G06010701,Low,False,False,False,0
196697,G06010703,Low,False,False,True,0
176128,G06010701,High,False,False,False,0
340416,G06010701,High,True,True,False,1
481012,G06010702,Medium,False,False,True,0
77803,G06010701,Low,True,True,False,0
141907,G06010703,Medium,False,False,False,0
127959,G06010701,Medium,False,False,False,0
176018,G06010703,Low,False,False,False,0
439449,G06010701,Medium,False,False,False,0
424741,G06010703,Low,False,False,False,0
270706,G06002905,Low,True,True,False,0
294426,G06010701,Medium,False,False,False,0
481945,G06010703,High,False,False,False,0
434439,G06010703,Medium,False,False,False,0
423756,G06010701,Medium,False,False,True,0
152687,G06010702,Medium,False,False,True,0
439630,G06010702,Low,True,True,False,0
300555,G06010701,Medium,False,False,False,0
152741,G06010701,Low,False,False,False,0
482300,G06010702,High,False,False,False,0
482351,G06010703,Low,False,False,False,0
137611,G06010702,High,False,False,True,0
82089,G06010702,Medium,False,False,True,0
78148,G06010702,High,False,False,False,0
435976,G06010702,High,False,False,False,0
45433,G06010702,High,False,False,False,1
489083,G06002905,Medium,False,False,False,0
184943,G06002905,High,False,False,False,0
489242,G06010703,Low,False,False,False,0
375995,G06010701,Medium,False,False,False,0
125548,G06002905,High,False,False,False,0
271598,G06010703,Low,True,True,False,1
123565,G06010701,Medium,False,False,False,0
488543,G06010703,Low,False,False,False,0
123635,G06010702,Low,True,True,False,0
437998,G06002905,High,False,False,False,0
378877,G06010702,High,False,False,False,1
377460,G06010701,Medium,False,False,False,0
42432,G06002905,Medium,True,True,False,0
490152,G06010702,High,False,False,False,0
185044,G06010702,Medium,True,True,False,0
79867,G06010702,Medium,False,False,False,0
124205,G06010702,Low,True,True,False,0
203189,G06010702,High,False,False,False,0
437836,G06010701,Medium,False,False,False,0
337299,G06002905,High,False,False,False,0
377956,G06010703,High,True,True,False,0
351259,G06010702,Low,False,False,False,0
124609,G06010702,High,False,False,False,0
71704,G06010702,Medium,True,True,False,0
376297,G06010702,Low,False,False,False,0
267402,G06010703,Medium,False,False,False,0
377691,G06010701,Low,False,False,False,0
184609,G06010702,Medium,False,False,False,0
381524,G06010703,Medium,True,True,False,0
126365,G06010701,Medium,False,False,False,0
140731,G06010702,High,False,False,False,0
380984,G06002905,Medium,False,False,False,0
120883,G06010702,Medium,False,False,False,0
382620,G06010703,Medium,False,False,False,0
338588,G06010701,Low,False,False,False,0
153661,G06010702,Medium,False,False,False,0
121093,G06010703,Low,False,False,False,0
272158,G06010701,High,False,False,False,0
291575,G06010703,Low,False,False,False,0
126547,G06010701,Medium,False,False,False,1
184596,G06010702,Medium,True,True,False,0
354901,G06010701,Medium,False,False,False,0
436507,G06010701,Low,True,True,False,0
80470,G06002905,Medium,True,True,False,0
292212,G06010701,High,True,True,False,0
185878,G06002905,Low,False,False,False,0
292273,G06002905,High,True,True,False,0
379635,G06010703,Medium,False,False,False,0
380290,G06010703,Low,False,False,True,0
122642,G06010703,Low,False,False,False,0
213277,G06010702,High,False,False,False,0
184659,G06010701,High,True,True,False,0
122320,G06010702,Medium,False,False,False,0
126122,G06010702,Low,False,False,False,0
436433,G06010702,Low,True,True,False,0
80516,G06010702,High,False,False,False,0
480808,G06010701,Low,False,False,False,0
111901,G06010702,High,False,False,False,0
54248,G06010702,Medium,False,False,False,0
473359,G06010701,Medium,False,False,False,0
54092,G06010703,High,False,False,False,1
370357,G06010702,Medium,False,False,False,0
449756,G06010702,Low,False,False,False,0
76681,G06010702,Medium,False,False,False,0
394588,G06010702,Medium,False,False,False,0
210488,G06002905,Low,False,False,False,0
151181,G06010702,High,True,True,False,1
432531,G06010702,Medium,False,False,False,0
196328,G06010701,Low,True,True,False,0
267248,G06010701,Low,False,False,False,0
76711,G06010701,High,False,False,False,0
441377,G06010702,Low,False,False,False,0
370576,G06010701,Medium,False,False,False,0
394374,G06010702,Medium,False,False,False,0
53615,G06002905,Medium,False,False,False,0
474311,G06002905,Low,False,False,False,0
188995,G06002905,High,False,False,False,0
76765,G06002905,High,False,False,False,0
449757,G06010702,High,False,False,False,0
470719,G06010701,High,False,False,False,0
56008,G06010703,High,False,False,False,0
150054,G06010702,High,True,True,False,1
150110,G06010703,High,False,False,False,0
130867,G06010703,High,False,False,False,0
285479,G06010702,Low,False,False,False,0
398112,G06010701,Medium,False,False,False,0
470502,G06010702,High,False,False,False,0
396679,G06010702,Medium,False,False,False,0
369565,G06002905,Medium,False,False,False,0
179469,G06010702,Low,False,False,False,0
84415,G06010702,Low,True,True,False,0
423079,G06010701,Medium,False,False,False,0
360350,G06010702,Low,False,False,False,0
396863,G06010703,Medium,False,False,False,0
71210,G06010701,Medium,False,False,False,0
397186,G06010702,Medium,True,True,False,0
343827,G06010702,Medium,False,False,False,0
471558,G06010701,Medium,False,False,False,0
196330,G06010703,Medium,False,False,False,0
390223,G06002905,High,False,False,False,0
440429,G06010702,High,False,False,False,0
128496,G06010701,Medium,False,False,False,0
389943,G06010703,Low,False,False,False,0
176182,G06010701,Medium,False,False,True,0
478839,G06010702,Medium,False,False,False,1
478084,G06010703,Low,False,False,False,0
183815,G06010701,High,True,True,False,0
198888,G06010701,Medium,True,True,False,0
341160,G06010702,Low,True,True,False,0
433540,G06010703,Low,False,False,False,0
390470,G06010701,Medium,True,True,False,0
188136,G06002905,High,False,False,False,0
371753,G06002905,High,False,False,False,0
389383,G06002905,Medium,False,False,False,0
82709,G06010703,Low,False,False,False,0
116004,G06002905,Low,False,False,False,0
288979,G06010701,Low,False,False,False,0
152409,G06010701,Medium,True,True,False,0
433826,G06010703,Medium,False,False,False,0
82602,G06010702,Low,False,False,False,0
388745,G06010702,High,False,False,False,0
479490,G06010702,Low,False,False,False,0
273132,G06010702,High,False,False,False,0
389710,G06010702,Medium,False,False,False,0
128372,G06010701,Low,True,True,False,0
211720,G06010702,Low,False,False,False,0
277032,G06010703,High,False,False,False,0
211762,G06010703,High,False,False,False,0
287678,G06010701,Medium,False,False,True,0
113849,G06002905,Medium,False,False,False,0
287742,G06010702,High,False,False,False,0
391908,G06010701,High,False,False,False,0
371449,G06010703,Low,False,False,False,0
257374,G06010701,Medium,False,False,False,0
359554,G06010701,High,False,False,False,0
257579,G06010702,High,False,False,False,0
287474,G06010702,Low,False,False,False,0
342278,G06010701,Low,False,False,False,0
140026,G06010703,Medium,False,False,False,0
77017,G06010702,Low,True,True,False,0
342148,G06002905,High,True,True,False,0
475752,G06002905,Medium,False,False,False,0
371206,G06010702,Medium,False,False,True,0
129198,G06010701,Low,False,False,False,0
476150,G06010701,Low,False,False,False,0
477406,G06010701,Low,False,False,False,0
433398,G06010702,Low,False,False,False,0
391274,G06010702,Low,False,False,False,0
83189,G06010702,Medium,False,False,True,0
341357,G06010702,High,False,False,True,1
50814,G06010703,High,False,False,False,0
51753,G06010702,Medium,False,False,False,1
440821,G06010703,High,False,False,False,0
476947,G06010702,Low,False,False,False,0
89342,G06003703,Medium,False,False,False,0
276249,G06007101,Medium,False,False,False,0
89562,G06007103,Medium,False,False,False,0
276425,G06007104,Low,False,False,False,0
180722,G06002905,Medium,False,False,False,0
18562,G06007104,Low,False,False,False,0
524768,G06007101,Medium,False,False,True,0
299432,G06007102,Medium,False,False,True,0
324985,G06007103,High,True,True,False,0
196820,G06007101,High,True,True,False,0
89041,G06003704,Medium,False,False,False,0
425387,G06007103,Medium,True,True,False,0
139462,G06003704,High,False,False,False,0
163980,G06007101,Medium,False,False,False,0
432921,G06007103,Low,False,False,False,0
83680,G06003772,Medium,False,False,False,0
356908,G06003703,Low,False,False,True,0
520617,G06007102,Low,False,False,False,0
139938,G06007101,High,False,False,False,0
83459,G06007102,Medium,False,False,False,0
199027,G06002905,High,True,True,False,0
21497,G06003772,Low,True,True,False,0
356758,G06007101,Low,False,False,False,0
199067,G06003772,High,False,False,False,0
356705,G06007101,High,False,False,False,0
300391,G06003704,Low,True,True,False,0
241118,G06003703,Medium,False,False,False,0
433775,G06007102,Low,True,True,False,0
273498,G06003703,High,False,False,False,0
241022,G06003704,High,False,False,False,0
20648,G06007104,High,False,False,False,0
84541,G06007104,High,True,True,False,0
139678,G06003704,High,False,False,True,0
162975,G06002905,High,True,True,False,0
273716,G06007102,High,False,False,False,0
198871,G06007102,High,False,False,False,0
84453,G06007103,High,False,False,False,0
326308,G06003704,Low,False,False,False,0
432185,G06003703,High,False,False,False,0
20872,G06003703,High,False,False,False,0
222043,G06007103,High,False,False,False,0
432305,G06007101,Low,False,False,False,1
357124,G06007102,Medium,False,False,False,0
198754,G06003704,Low,False,False,False,0
521743,G06007102,Medium,False,False,False,0
520199,G06003704,Low,False,False,False,0
21845,G06007101,Low,False,False,False,0
355835,G06007103,High,False,False,False,0
199868,G06007101,Low,True,True,False,0
80427,G06007101,Low,False,False,False,0
221314,G06007101,Medium,True,True,False,0
22646,G06003704,Medium,False,False,False,0
436295,G06003703,Low,False,False,True,0
221228,G06003772,Low,True,True,False,0
79899,G06007103,High,False,False,False,0
518349,G06007102,High,False,False,False,0
518326,G06003704,High,False,False,False,0
355415,G06007102,Low,True,True,False,0
437430,G06007101,Low,False,False,False,0
271288,G06003772,Medium,False,False,False,0
437321,G06007103,Low,False,False,False,0
433964,G06007103,High,False,False,False,0
140673,G06003703,Low,False,False,False,0
81191,G06007103,High,False,False,False,0
272865,G06007101,High,False,False,False,0
221602,G06007102,Medium,False,False,True,0
434588,G06003704,High,True,True,False,0
82018,G06003704,High,False,False,False,0
434839,G06003703,High,False,False,False,0
356372,G06007103,Medium,False,False,False,0
81136,G06007102,Low,False,False,False,0
22071,G06007103,High,False,False,False,0
519527,G06007102,High,False,False,False,0
272374,G06007101,High,True,True,False,0
435544,G06007103,Low,False,False,False,0
199585,G06003704,Low,False,False,False,0
435667,G06002905,Low,False,False,False,0
356359,G06007103,Medium,True,True,False,0
196968,G06002905,Low,False,False,False,0
431465,G06007104,Low,True,True,True,0
240770,G06003704,High,True,True,False,0
87651,G06002905,Low,False,False,False,0
197418,G06007103,High,False,False,False,0
87500,G06003703,High,True,True,False,0
427659,G06007101,Medium,False,False,False,0
138499,G06003704,Low,False,False,False,0
427713,G06007103,High,False,False,False,0
325421,G06002905,High,False,False,False,0
427895,G06007101,Low,False,False,False,0
275386,G06003703,High,False,False,False,0
19297,G06003704,Low,False,False,False,0
428215,G06007103,High,False,False,False,0
312503,G06002905,Low,False,False,False,0
428263,G06007101,Medium,True,True,False,0
523381,G06003704,High,False,False,False,1
427957,G06003703,High,False,False,False,0
428443,G06007101,High,False,False,False,0
197317,G06007102,Low,False,False,False,0
163967,G06003703,High,False,False,False,0
325106,G06003704,High,False,False,False,0
197030,G06007101,High,False,False,False,0
325135,G06007102,Medium,False,False,False,0
197139,G06003703,High,True,True,False,0
239989,G06007102,Low,True,True,False,0
427225,G06003703,High,False,False,False,0
426483,G06007103,Medium,False,False,False,0
359059,G06007102,Medium,True,True,False,0
18822,G06003704,Medium,False,False,True,0
88161,G06002905,Medium,False,False,False,0
426683,G06007102,Low,False,False,True,0
427077,G06003704,Medium,True,True,False,0
275831,G06007101,High,True,True,False,0
88221,G06003703,Medium,False,False,False,0
274071,G06007101,Low,False,False,True,0
275227,G06003704,High,False,False,False,0
325647,G06007103,Medium,False,False,False,0
430425,G06003704,High,False,False,False,0
274603,G06007102,Medium,False,False,False,0
163256,G06003704,Low,False,False,False,0
139286,G06003703,High,False,False,True,0
522151,G06007104,Low,False,False,False,0
430843,G06007104,Medium,True,True,False,0
222355,G06003703,Medium,False,False,False,0
357642,G06003703,Medium,False,False,False,0
20230,G06003772,Medium,True,True,False,0
85386,G06003704,Low,False,False,True,0
522026,G06003703,Medium,False,False,False,0
85323,G06007103,High,False,False,False,1
521886,G06003703,Low,False,False,False,0
431369,G06007101,Medium,True,True,False,0
139460,G06003704,Low,False,False,False,0
138789,G06007102,Low,False,False,False,0
430387,G06007104,Low,False,False,False,0
274716,G06002905,High,False,False,False,0
19658,G06007102,High,False,False,True,0
163572,G06003703,High,False,False,True,0
138932,G06003704,High,False,False,False,0
180506,G06003704,Medium,False,False,False,0
19661,G06003704,High,False,False,False,0
19671,G06003703,Medium,True,True,False,0
222377,G06007103,High,True,True,False,0
325793,G06007102,Medium,False,False,False,0
86363,G06003703,Medium,True,True,False,0
357936,G06007103,High,False,False,False,0
197936,G06007104,Medium,False,False,False,0
274788,G06003704,High,True,True,False,0
222403,G06003704,Medium,False,False,False,0
429437,G06007103,Medium,False,False,False,0
525218,G06007101,High,False,False,False,0
133190,G06003703,Medium,False,False,False,0
18161,G06007104,Medium,False,False,True,0
371313,G06003703,High,False,False,False,0
128941,G06007103,Medium,False,False,False,0
188472,G06007101,Low,False,False,False,0
371488,G06002905,High,False,False,False,0
542315,G06007101,Low,False,False,False,0
167674,G06007103,High,False,False,False,0
391808,G06003772,High,False,False,False,0
183694,G06003704,High,True,True,False,0
371524,G06003772,Medium,False,False,False,0
318601,G06003703,Low,True,True,False,0
287952,G06007101,Medium,False,False,False,0
128824,G06003703,High,False,False,False,0
542571,G06007102,Low,False,False,False,0
5539,G06007101,High,False,False,False,0
542605,G06007103,High,False,False,False,0
392457,G06007102,Medium,True,True,False,0
167772,G06007101,Low,False,False,False,0
113538,G06003704,Low,False,False,False,0
227469,G06007103,Low,False,False,False,0
318959,G06003704,High,False,False,False,0
370904,G06007102,High,False,False,False,0
393423,G06007103,High,False,False,True,0
6261,G06007104,Low,True,True,False,0
188887,G06007102,High,False,False,False,0
541681,G06007101,Medium,True,True,False,0
233382,G06002905,Low,True,True,False,1
371023,G06003703,High,False,False,False,0
393194,G06002905,Low,False,False,False,0
295343,G06007101,Low,False,False,False,0
371077,G06007101,Medium,True,True,False,1
113100,G06007103,Low,False,False,False,0
227454,G06003703,Low,False,False,False,0
113214,G06007103,High,False,False,False,0
541906,G06007101,Low,False,False,False,0
188643,G06007104,Low,False,False,False,0
318520,G06002905,High,True,True,False,0
542699,G06002905,High,False,False,False,0
170241,G06003703,Low,False,False,False,0
389430,G06007101,High,False,False,False,0
372307,G06007103,High,True,True,False,0
187861,G06003772,High,True,True,False,0
372385,G06003703,Low,False,False,False,0
372416,G06002905,Medium,True,True,False,0
116087,G06007101,Medium,True,True,False,0
318031,G06003704,Medium,False,False,False,0
116239,G06007102,Low,False,False,False,0
544219,G06007103,High,False,False,False,0
388322,G06002905,High,True,True,False,0
116484,G06007101,Medium,False,False,False,0
187739,G06003704,High,True,True,False,0
388202,G06007101,Medium,False,False,False,0
372864,G06007101,Medium,False,False,False,0
389465,G06007102,Low,False,False,False,0
115712,G06002905,High,False,False,False,0
115700,G06007102,High,False,False,False,0
128404,G06002905,Low,True,True,False,0
295078,G06007103,High,True,True,False,0
390747,G06003704,Medium,False,False,False,0
128598,G06003703,High,True,True,True,0
390565,G06007101,High,False,False,False,0
390562,G06003704,Medium,True,True,False,0
114944,G06007104,Low,False,False,False,0
371917,G06007103,High,False,False,False,0
393593,G06007104,Medium,False,False,False,0
318329,G06007101,Low,False,False,False,0
227884,G06002905,High,True,True,False,1
543296,G06007103,Medium,False,False,False,0
128482,G06007103,High,False,False,False,0
543386,G06007101,Medium,True,True,False,0
318254,G06002905,Low,False,False,False,0
543462,G06003703,Medium,False,False,False,0
288678,G06003704,Medium,False,False,False,0
371962,G06007102,High,False,False,False,0
318967,G06003703,High,False,False,False,0
233539,G06007103,High,False,False,False,0
112447,G06003772,Medium,False,False,False,0
285634,G06003703,High,False,False,False,1
397724,G06003703,Medium,False,False,False,0
109857,G06003703,High,False,False,False,0
285694,G06003704,Medium,False,False,False,0
397534,G06002905,Low,False,False,False,0
130771,G06007102,Medium,False,False,False,0
130767,G06003703,Low,True,True,True,0
539450,G06002905,Medium,False,False,False,0
397299,G06002905,High,False,False,False,0
130756,G06002905,High,False,False,False,0
130698,G06002905,Low,False,False,False,0
369384,G06007101,Medium,False,False,False,0
7690,G06003703,Medium,True,True,True,0
189611,G06003772,High,False,False,False,0
369034,G06003703,High,False,False,False,0
398058,G06007102,Low,False,False,False,0
398092,G06007101,High,False,False,False,0
538969,G06007101,Medium,False,False,False,0
296133,G06007103,Medium,False,False,False,0
538547,G06003704,Medium,False,False,False,1
319951,G06007103,High,False,False,False,0
285373,G06002905,High,False,False,False,0
170545,G06007101,Medium,True,True,False,0
398425,G06007101,High,True,True,False,1
110383,G06007102,Low,False,False,False,0
368848,G06007101,Low,False,False,False,0
130967,G06003772,Low,False,False,False,0
285533,G06007102,Low,False,False,False,0
319830,G06007103,Low,False,False,False,0
538904,G06007103,Medium,False,False,False,0
285582,G06007102,High,False,False,False,0
398149,G06007101,High,True,True,False,0
234277,G06007103,Medium,True,True,False,0
167009,G06003703,Low,False,False,False,0
289443,G06002905,Medium,False,False,False,0
285936,G06003704,Medium,False,False,False,0
7650,G06003703,Medium,True,True,True,0
189136,G06002905,Low,True,True,False,0
540589,G06007101,Medium,False,False,False,0
227054,G06007101,High,False,False,False,0
319235,G06003703,Low,False,False,False,0
540916,G06007103,High,False,False,False,0
112027,G06003704,Medium,False,False,False,0
319216,G06002905,High,True,True,False,0
112164,G06007104,Low,False,False,False,0
394577,G06007103,Low,False,False,False,0
394468,G06003704,Medium,False,False,False,0
129671,G06007102,Medium,False,False,False,0
189006,G06007101,High,False,False,False,0
295506,G06003704,Low,False,False,False,1
227086,G06007103,Medium,False,False,False,0
394237,G06002905,High,False,False,False,0
129992,G06007101,Low,False,False,False,0
370156,G06007101,Low,True,True,False,0
7092,G06007103,High,True,True,False,0
111327,G06007103,Medium,True,True,False,0
189544,G06007102,Low,True,True,False,0
7503,G06007103,Medium,False,False,False,0
396664,G06007101,High,True,True,False,0
110636,G06007103,Medium,False,False,False,0
396469,G06003704,High,False,False,False,0
396422,G06007102,High,True,True,False,0
295818,G06007102,High,False,False,False,0
396989,G06007103,Medium,True,True,False,0
111075,G06007102,Low,False,False,False,0
395956,G06003703,High,False,False,False,0
540192,G06003704,Medium,False,False,False,0
233965,G06003704,High,False,False,False,0
130172,G06003703,Medium,True,True,False,0
111310,G06003703,Medium,False,False,False,0
395723,G06007101,High,True,True,False,0
226959,G06003704,High,True,True,False,0
387819,G06003703,High,False,False,False,0
232160,G06007102,Low,True,True,True,0
291956,G06002905,High,False,False,False,0
186084,G06003703,High,False,False,False,1
380596,G06003704,Medium,True,True,False,0
380588,G06007104,High,True,True,False,0
547796,G06003703,High,False,False,False,0
380531,G06007104,High,False,False,False,0
547897,G06007102,High,False,False,False,0
230843,G06007101,Medium,True,True,False,0
122823,G06007103,High,True,True,False,0
548090,G06007101,Medium,False,False,False,0
548145,G06007101,High,False,False,False,0
548228,G06003703,Medium,True,True,False,0
126059,G06007103,High,False,False,False,0
292343,G06003703,Low,False,False,False,0
122280,G06007103,High,False,False,False,0
292405,G06007101,High,False,False,False,0
547611,G06003703,High,False,False,False,0
186239,G06007104,Medium,False,False,False,1
1820,G06007102,Medium,False,False,False,0
547241,G06003704,Low,False,False,False,0
293900,G06007103,Low,False,False,False,0
381622,G06003703,High,False,False,False,0
121664,G06002905,Medium,False,False,False,0
375179,G06007101,Medium,True,True,False,1
291750,G06007101,High,False,False,False,0
1691,G06007103,Low,False,False,False,0
121889,G06007102,Medium,False,False,False,0
122017,G06007101,Medium,True,True,False,0
126288,G06003704,High,False,False,False,0
122119,G06002905,High,True,True,False,0
547521,G06007101,Medium,True,True,False,0
380972,G06003703,High,False,False,False,0
548460,G06003772,Medium,False,False,False,0
548560,G06007103,Medium,False,False,False,0
1102,G06007102,Medium,False,False,False,1
670,G06003704,High,False,False,False,0
230036,G06003703,Medium,True,True,False,0
376248,G06003703,Medium,True,True,False,0
169560,G06007103,High,False,False,False,0
377692,G06007102,High,True,True,False,0
230378,G06003704,Low,False,False,False,0
169610,G06003772,Low,False,False,False,0
292972,G06007103,High,False,False,False,0
376352,G06007101,Medium,False,False,False,0
377097,G06007101,Medium,False,False,False,0
238,G06002905,High,False,False,False,0
549799,G06007103,High,True,True,False,0
185086,G06003703,High,False,False,False,1
230307,G06002905,High,False,False,False,0
376837,G06007103,High,False,False,False,0
230002,G06007101,Low,False,False,False,0
292783,G06003704,Medium,False,False,False,0
549200,G06003772,Medium,False,False,True,0
1051,G06002905,High,False,False,False,0
229896,G06003772,High,False,False,False,0
293553,G06007104,Medium,True,True,False,0
378906,G06003703,Low,False,False,False,1
123824,G06003704,Medium,False,False,False,0
378816,G06007104,Low,True,True,False,0
292641,G06007101,Medium,False,False,False,0
547069,G06007101,High,True,True,False,0
922,G06007103,Medium,False,False,False,0
378707,G06007101,Medium,False,False,True,0
125633,G06003704,Medium,False,False,False,0
169480,G06003703,Medium,False,False,False,0
185445,G06003772,Medium,False,False,False,0
774,G06003703,Medium,False,False,False,0
315981,G06007103,High,False,False,True,0
124246,G06003772,Medium,False,False,False,0
378713,G06003704,High,False,False,False,1
374865,G06007102,Medium,False,False,False,0
546843,G06003703,Medium,False,False,False,0
374619,G06007101,Low,True,True,False,0
3521,G06003703,Medium,False,False,False,0
386435,G06007101,Medium,False,False,False,0
127768,G06007101,Low,True,True,False,0
289971,G06007101,High,True,True,False,0
290064,G06003704,Medium,False,False,False,0
117955,G06003703,Medium,False,False,False,0
386145,G06003703,Medium,False,False,False,0
290138,G06003704,Low,False,False,True,0
545498,G06003703,Medium,False,False,False,0
386107,G06007103,High,False,False,False,0
3316,G06003772,Medium,False,False,False,0
228605,G06007101,Medium,False,False,False,0
385784,G06007104,Low,True,True,False,0
290323,G06003703,Medium,False,False,False,0
385518,G06007103,Low,True,True,False,0
289944,G06007104,High,True,True,False,0
3570,G06007103,High,False,False,False,0
386588,G06002905,Medium,False,False,False,0
3604,G06007103,Medium,True,True,False,0
4035,G06002905,Low,False,False,False,0
232132,G06003703,Low,True,True,False,0
3989,G06007102,High,False,False,False,0
387741,G06007102,Medium,False,False,False,0
232095,G06007104,Medium,False,False,False,0
314952,G06003772,High,False,False,False,0
289526,G06007103,High,False,False,False,0
545795,G06007103,Low,True,True,False,0
294566,G06007103,Low,False,False,False,0
3737,G06007102,High,False,False,False,0
232025,G06003704,High,False,False,False,0
127915,G06002905,Low,False,False,False,0
317531,G06007102,Low,False,False,False,0
117486,G06007103,Medium,False,False,True,0
386670,G06003703,Medium,False,False,False,0
184182,G06007102,High,False,False,False,0
294659,G06007101,Low,False,False,True,0
385377,G06003704,Medium,False,False,False,0
231730,G06003703,Medium,False,False,False,1
290928,G06002905,Medium,False,False,False,0
316977,G06007101,Low,True,True,False,0
119966,G06007104,High,False,False,False,0
294184,G06003704,High,False,False,False,0
291130,G06007104,High,False,False,False,0
316834,G06007101,Medium,False,False,False,0
120284,G06003703,Low,False,False,False,0
546530,G06003704,Medium,True,True,False,0
374462,G06007103,Medium,False,False,False,0
120465,G06003704,Low,True,True,False,0
231309,G06007101,Medium,False,False,False,0
120677,G06002905,Medium,False,False,False,0
374602,G06007101,Medium,False,False,True,0
126862,G06007102,Low,False,False,False,0
384207,G06007102,Low,False,False,False,0
546242,G06007102,Low,True,True,False,0
2722,G06003704,High,False,False,False,0
231541,G06007103,Medium,False,False,False,0
290432,G06007101,Medium,True,True,False,0
187037,G06003703,Medium,False,False,False,0
118744,G06007102,High,False,False,False,0
186935,G06007104,High,True,True,False,0
290640,G06003704,Low,True,True,False,0
228788,G06007102,High,False,False,False,0
290698,G06003772,High,False,False,True,0
3179,G06003772,Medium,False,False,False,0
374026,G06007101,High,False,False,False,0
546073,G06003703,Medium,True,True,False,0
384437,G06007102,Medium,False,False,False,0
119329,G06003703,Medium,False,False,False,0
546116,G06007102,High,False,False,False,0
119377,G06007101,Medium,False,False,False,0
546180,G06003704,Low,False,False,False,0
119415,G06007103,Medium,False,False,False,0
290755,G06007102,High,False,False,False,0
171844,G06007104,Medium,True,True,False,0
8709,G06003703,Medium,False,False,True,0
190073,G06007102,Medium,False,False,False,0
279805,G06002905,Medium,False,False,False,0
415206,G06003704,Medium,False,False,False,0
323482,G06007103,Medium,False,False,False,0
135449,G06007102,High,False,False,False,0
135435,G06007101,Medium,False,False,False,0
363081,G06007103,Medium,False,False,False,0
194367,G06007102,Medium,True,True,False,0
414895,G06007102,Medium,True,True,False,0
414888,G06003703,High,False,False,False,0
414775,G06007103,Low,False,False,False,0
363110,G06007103,High,False,False,False,0
414677,G06003704,Medium,False,False,False,0
530146,G06007101,High,True,True,False,0
194136,G06007103,Medium,False,False,True,0
415410,G06007102,Medium,False,False,False,0
414392,G06007103,High,False,False,False,0
323565,G06007101,Low,False,False,False,0
415825,G06007103,Medium,False,False,False,0
298526,G06007102,Medium,False,False,False,0
95114,G06003772,Low,False,False,False,0
416753,G06007101,Low,False,False,False,0
194680,G06007104,Low,True,True,True,0
416555,G06003703,Medium,False,False,False,0
416457,G06007103,Medium,False,False,False,0
95559,G06007101,Medium,False,False,False,0
279581,G06007102,Low,True,True,False,0
416136,G06007103,High,False,False,False,0
194473,G06003772,Medium,True,True,False,0
362632,G06007101,Medium,False,False,False,0
238216,G06003704,Medium,False,False,False,0
362665,G06003704,Low,True,True,False,0
416043,G06003704,Medium,False,False,False,0
164832,G06007102,High,False,False,False,0
529515,G06003704,High,True,True,False,0
323239,G06002905,Low,False,False,False,0
14759,G06003704,Low,False,False,False,0
530365,G06007101,High,False,False,False,0
412083,G06003704,High,True,True,False,0
98411,G06003703,High,True,True,False,0
98441,G06007103,High,False,False,False,0
13999,G06003704,Low,False,False,False,0
171121,G06007102,High,True,True,False,0
411909,G06007103,High,False,False,False,0
134587,G06007104,Low,True,True,False,0
411884,G06007102,Medium,False,False,False,1
13845,G06007102,Low,False,False,False,0
98530,G06007102,High,False,False,False,0
531597,G06007104,Medium,True,True,False,0
165306,G06003772,High,False,False,True,0
531710,G06003704,Low,False,False,False,0
281343,G06007102,Medium,False,False,False,0
134742,G06003704,Medium,False,False,False,0
322909,G06003704,High,True,True,False,0
98142,G06003772,Medium,False,False,False,0
531171,G06007103,Medium,True,True,False,0
96872,G06002905,Medium,False,False,False,0
97040,G06003703,Medium,False,False,False,0
313465,G06003703,High,True,True,False,0
530527,G06003703,Low,False,False,False,0
14623,G06007102,Medium,False,False,False,0
413690,G06007102,Low,True,True,True,0
135081,G06003704,Medium,False,False,False,0
95031,G06002905,Medium,False,False,False,0
363559,G06007102,High,False,False,False,0
181798,G06002905,Low,False,False,False,0
530948,G06007102,High,False,False,False,0
97882,G06003703,Medium,False,False,True,0
412669,G06007101,High,True,True,False,1
224668,G06007103,Medium,False,False,False,0
412522,G06007101,Medium,False,False,False,0
412370,G06003703,High,True,True,False,0
97480,G06007101,High,False,False,True,1
362321,G06002905,High,False,False,False,0
279213,G06002905,Medium,True,True,False,0
362146,G06007101,High,False,False,False,0
91290,G06007101,Medium,False,False,False,0
196218,G06002905,Low,False,False,False,0
196191,G06002905,Medium,False,False,False,0
91377,G06003704,Medium,True,True,False,0
324517,G06003704,Medium,False,False,False,0
422207,G06007102,High,False,False,False,1
17268,G06007102,Low,True,True,False,0
17172,G06007101,High,False,False,False,0
421958,G06003703,Low,True,True,False,0
526720,G06003704,Medium,False,False,False,0
91629,G06007101,High,False,False,False,0
223331,G06003703,Low,False,False,False,0
277678,G06003704,Medium,False,False,False,0
137059,G06003704,Low,True,True,False,0
195986,G06007103,Medium,False,False,False,0
277402,G06007101,High,False,False,False,0
137288,G06003703,Medium,True,True,False,0
196258,G06007101,High,False,False,False,0
422833,G06003772,Medium,False,False,False,0
90040,G06007103,Low,True,True,False,0
137691,G06007103,Low,False,False,False,0
324729,G06007103,Medium,False,False,False,0
360048,G06007103,Medium,True,True,False,0
525845,G06002905,High,False,False,False,0
90386,G06007101,Medium,False,False,False,0
196398,G06007104,Medium,False,False,False,0
421453,G06007101,Medium,True,True,False,0
324656,G06007103,High,False,False,False,0
90550,G06007101,High,False,False,False,0
423324,G06007101,Low,False,False,False,0
137426,G06007103,Medium,True,True,False,0
17589,G06003704,High,False,False,False,0
17574,G06003703,Medium,False,False,False,0
360356,G06007103,Medium,True,True,False,0
223200,G06003704,High,True,True,False,0
313634,G06007102,High,False,False,False,0
421333,G06003772,High,False,False,False,0
312955,G06003704,Medium,False,False,False,0
94221,G06007102,High,True,True,False,0
223744,G06007103,High,True,True,False,0
528020,G06007101,High,False,False,False,0
94309,G06007103,Medium,False,False,False,0
195293,G06007102,High,False,False,False,0
94402,G06003704,High,False,False,False,0
16072,G06002905,Low,False,False,False,0
195210,G06003704,High,False,False,False,0
136099,G06007102,High,False,False,False,0
417864,G06002905,Low,False,False,False,0
528312,G06007103,Medium,False,False,False,0
278942,G06003704,Medium,False,False,False,0
195034,G06003703,High,True,True,False,0
298601,G06003704,Medium,False,False,False,0
323782,G06007102,High,False,False,False,0
418747,G06003703,Low,False,False,False,0
278539,G06007103,Medium,False,False,False,0
419201,G06003703,High,False,False,False,0
420853,G06003703,High,False,False,False,0
277958,G06007103,Low,True,True,False,0
92284,G06003704,High,False,False,False,0
164486,G06007103,Medium,False,False,False,0
195857,G06007102,High,True,True,False,0
313007,G06007103,Medium,False,False,False,0
298974,G06003703,Low,False,False,False,0
526967,G06007102,Low,True,True,True,0
136709,G06007101,High,False,False,False,0
195713,G06007101,High,True,True,False,0
420051,G06007103,Medium,False,False,False,0
527477,G06007103,Medium,False,False,False,0
92955,G06007101,High,False,False,False,0
136570,G06003703,High,False,False,False,0
16492,G06007104,Low,True,True,False,0
171445,G06003703,Medium,True,True,False,0
420252,G06003772,Low,False,False,False,0
8715,G06002905,High,False,False,False,0
531843,G06007102,Low,False,False,False,0
134426,G06007101,Medium,False,False,False,0
283937,G06007103,Low,True,True,False,0
320993,G06007102,High,False,False,False,0
132162,G06007101,Medium,True,True,False,0
225870,G06007102,High,False,False,True,0
105430,G06002905,High,False,False,False,0
10300,G06007103,High,False,False,False,0
225881,G06007101,Medium,False,False,False,0
320984,G06007102,Medium,False,False,False,0
105532,G06007104,High,True,True,False,0
225893,G06007101,High,True,True,False,0
105629,G06003703,Medium,False,False,False,0
235286,G06003703,Medium,False,False,False,0
105636,G06007103,High,False,False,False,0
105652,G06003704,Low,True,True,False,0
105820,G06003704,High,True,True,False,1
403359,G06003703,High,False,False,False,0
105979,G06002905,Low,False,False,False,0
105226,G06003704,High,False,False,True,0
321011,G06002905,Medium,False,False,False,0
132562,G06007102,Medium,True,True,False,0
104279,G06003772,High,True,True,False,0
10939,G06003703,Low,True,True,False,0
404018,G06007103,High,True,True,True,0
191319,G06003703,Medium,False,False,False,0
132339,G06003703,Low,True,True,False,0
403688,G06003772,Medium,True,True,False,0
403658,G06007103,Low,False,False,False,0
105007,G06003704,High,False,False,False,0
105011,G06007103,Medium,False,False,False,0
536022,G06007103,Medium,False,False,False,0
105027,G06003704,High,False,False,False,0
403543,G06007104,High,True,True,False,0
10485,G06003704,Medium,False,False,False,0
296681,G06003772,Medium,False,False,False,0
10151,G06007103,High,False,False,False,0
106064,G06007101,Low,False,False,False,0
284159,G06007101,Medium,False,False,False,0
131566,G06007101,High,False,False,True,0
9390,G06003704,Medium,True,True,False,0
537758,G06007102,Medium,False,False,False,0
368175,G06002905,High,False,False,False,1
166705,G06003772,High,False,False,False,0
166716,G06007102,High,False,False,False,0
368364,G06002905,High,False,False,True,0
399777,G06007102,High,True,True,False,0
538105,G06003703,Low,False,False,False,0
399732,G06007101,Medium,False,False,False,0
226500,G06007103,Medium,True,True,False,0
8905,G06003703,Low,True,True,False,0
368485,G06002905,Low,False,False,True,0
538263,G06007104,High,False,False,True,0
285048,G06007104,High,True,True,False,0
537645,G06007101,Low,True,True,False,0
131582,G06007101,Low,False,False,False,0
400793,G06003704,Low,False,False,False,0
226228,G06003772,Medium,True,True,False,0
367594,G06002905,Low,False,False,False,1
10101,G06007102,Medium,True,True,False,0
401920,G06007101,High,False,False,False,0
401627,G06003704,Low,False,False,False,0
131849,G06007102,Medium,False,False,False,0
401603,G06003704,Medium,False,False,False,0
537199,G06007104,Medium,True,True,False,0
235654,G06003772,Medium,False,False,False,0
226151,G06003704,Medium,False,False,False,0
106894,G06007102,Medium,False,False,False,0
401351,G06003704,Medium,True,True,False,0
401140,G06007102,High,False,False,False,0
314110,G06007101,Medium,True,True,False,1
401032,G06007101,Medium,False,False,False,0
107116,G06003703,High,False,False,False,0
107191,G06007101,Medium,True,True,False,0
284387,G06003703,High,False,False,False,0
404936,G06007101,Low,False,False,False,0
283305,G06003703,High,False,False,False,0
103891,G06007102,High,False,False,False,0
225071,G06007103,High,False,False,False,0
409617,G06007103,Low,True,True,True,0
13076,G06007103,Low,False,False,False,0
409540,G06007101,Low,True,True,False,0
313736,G06007101,High,False,False,False,0
100731,G06007101,Low,False,False,False,0
236438,G06007103,Medium,False,False,False,0
165667,G06007101,Low,True,True,False,0
409175,G06003703,Low,False,False,False,0
282040,G06003703,High,False,False,True,0
225175,G06002905,Medium,False,False,False,0
533264,G06007102,Medium,False,False,False,0
365387,G06007101,Medium,False,False,False,0
533454,G06003704,Medium,False,False,False,0
100216,G06007101,Medium,False,False,False,0
100205,G06007101,Low,False,False,False,0
100163,G06007101,Low,True,True,False,0
532671,G06003704,Low,False,False,False,0
281449,G06007101,High,False,False,False,0
410701,G06007103,Medium,False,False,False,0
165412,G06007103,Medium,False,False,False,0
182018,G06007103,Medium,False,False,False,0
322433,G06007102,High,False,False,False,0
410559,G06003704,High,True,True,False,0
532292,G06007103,Medium,False,False,False,0
365548,G06003703,High,False,False,False,0
364638,G06007104,High,True,True,False,0
99847,G06003704,Medium,False,False,False,0
13281,G06003772,High,False,False,False,0
193228,G06007103,High,False,False,False,0
134194,G06007103,Medium,False,False,False,0
409852,G06007102,High,False,False,False,0
409849,G06002905,High,False,False,False,0
182077,G06002905,High,True,True,False,0
182065,G06003704,High,False,False,True,0
99249,G06007101,Medium,False,False,False,0
12609,G06003703,Medium,True,True,False,0
282334,G06002905,Medium,True,True,False,0
300987,G06007104,High,False,False,False,0
366053,G06002905,Low,False,False,False,0
133105,G06003704,Medium,True,True,False,0
11782,G06003704,Medium,False,False,False,0
11757,G06003704,High,False,False,False,0
133102,G06007103,Medium,False,False,False,0
406121,G06007101,Low,False,False,True,0
405931,G06003704,Medium,False,False,False,0
192043,G06007102,High,False,False,False,0
192015,G06003703,High,True,True,False,1
405715,G06007102,High,False,False,False,0
405431,G06007101,Low,False,False,False,0
535071,G06003703,Medium,False,False,False,0
132800,G06003772,Medium,False,False,True,0
192170,G06007104,Low,False,False,False,0
192245,G06007101,Low,False,False,False,0
534154,G06003703,Medium,False,False,False,0
133310,G06007103,High,False,False,False,0
182247,G06003703,High,True,True,False,1
101694,G06007103,High,False,False,False,0
407889,G06007102,High,False,False,False,0
101992,G06002905,Low,False,False,False,0
407803,G06003772,Low,False,False,True,0
282593,G06003704,Low,False,False,False,0
365723,G06003772,Low,False,False,False,0
282333,G06002905,Medium,True,True,False,1
236086,G06002905,Low,True,True,False,0
407469,G06007102,Medium,False,False,True,1
225383,G06007103,Medium,False,False,False,0
282652,G06007103,Medium,False,False,False,0
534038,G06007101,High,False,False,False,0
534075,G06003704,Low,True,True,False,0
102597,G06007103,Medium,False,False,True,0
282707,G06007102,Medium,True,True,False,0
407534,G06003703,Low,False,False,False,0
22782,G06002905,Medium,False,False,False,0
185099,G06003703,Medium,True,True,False,0
327488,G06007102,Medium,True,True,False,0
473499,G06002905,High,False,False,False,0
36691,G06003772,High,False,False,False,0
448866,G06007101,High,False,False,False,0
144592,G06002905,Low,False,False,False,0
473105,G06007103,Low,True,True,False,0
512125,G06007103,High,False,False,False,0
244743,G06007101,Medium,False,False,False,0
144601,G06003704,High,False,False,False,0
258799,G06007102,Low,True,True,False,0
258924,G06003704,High,False,False,True,0
499200,G06003703,Low,False,False,False,0
249370,G06007102,High,True,True,True,0
216456,G06002905,High,False,False,False,0
36503,G06007101,High,False,False,False,0
329887,G06007102,Low,False,False,False,0
308929,G06003704,Medium,False,False,False,0
36421,G06007103,Low,False,False,False,0
329906,G06007103,Medium,True,True,False,0
472096,G06007101,Medium,False,False,False,0
249275,G06007103,Medium,False,False,False,0
472053,G06007101,Medium,False,False,False,0
150450,G06007101,High,False,False,False,0
71335,G06003703,High,False,False,False,0
449599,G06007102,Medium,False,False,False,0
343705,G06003704,High,False,False,False,0
249534,G06007101,Low,True,True,False,1
449702,G06007103,Medium,False,False,False,0
448568,G06007102,Medium,False,False,False,0
498920,G06003703,Medium,False,False,False,0
267761,G06007101,Medium,True,True,False,0
257976,G06003704,Medium,False,False,False,0
512719,G06007103,High,False,False,False,0
156582,G06002905,Medium,False,False,False,0
219561,G06007101,Low,True,True,False,0
447855,G06002905,Low,False,False,False,0
144208,G06007101,Low,False,False,False,0
351576,G06007101,Medium,True,True,False,1
310758,G06007102,Medium,False,False,False,0
53243,G06003704,Medium,False,False,False,0
72156,G06003704,Medium,False,False,False,0
31639,G06003704,Low,True,True,True,0
474420,G06007102,Medium,False,False,False,0
216288,G06003703,Medium,True,True,True,0
498637,G06007101,Medium,False,False,False,0
71972,G06007101,Low,False,False,False,0
474193,G06003772,Low,True,True,False,0
342877,G06003704,Low,False,False,False,0
498818,G06003703,Medium,False,False,False,0
258428,G06003704,High,False,False,True,0
53914,G06003704,High,False,False,False,0
334181,G06007102,High,False,False,False,0
210319,G06003703,High,False,False,False,0
53978,G06003703,Low,False,False,False,0
351326,G06007102,High,False,False,False,0
216258,G06007103,Low,False,False,False,0
176826,G06007104,High,False,False,False,0
449764,G06003704,Medium,False,False,False,0
216591,G06003704,High,False,False,False,0
470996,G06007102,High,False,False,False,0
70600,G06007101,Medium,True,True,False,0
245066,G06003703,Medium,False,False,False,0
511147,G06003772,High,False,False,False,0
28513,G06007101,Medium,False,False,False,0
245105,G06007101,High,False,False,False,1
302543,G06007101,High,False,False,False,0
70353,G06003703,High,False,False,False,0
219296,G06003704,Medium,False,False,False,0
70220,G06003772,Medium,True,True,False,0
209313,G06003703,Low,False,False,False,0
203792,G06003704,High,False,False,False,0
145082,G06003704,Low,False,False,False,0
344178,G06007101,Low,False,False,True,0
149978,G06003703,Medium,False,False,False,0
470121,G06003704,Medium,False,False,True,0
69987,G06003772,Medium,True,True,False,0
451751,G06003704,Low,False,False,False,0
160067,G06007103,Medium,True,True,False,0
28932,G06007103,Low,True,True,False,0
203978,G06003772,Low,False,False,False,0
500817,G06003703,Medium,False,False,False,0
510604,G06003704,High,False,False,False,0
500820,G06003703,Medium,False,False,False,0
511237,G06007103,High,False,False,False,0
203443,G06007101,Medium,False,False,False,0
266818,G06007101,Medium,False,False,False,0
305239,G06002905,Medium,False,False,False,0
499632,G06007101,Low,False,False,False,0
203486,G06007101,Medium,False,False,False,0
511751,G06007103,High,False,False,False,0
471740,G06002905,High,True,True,False,0
27930,G06007101,High,False,False,False,0
71221,G06003703,Low,False,False,False,0
471692,G06003703,Medium,False,False,False,0
351055,G06003704,Medium,True,True,False,0
267075,G06003704,High,False,False,False,0
156898,G06003703,High,False,False,False,0
330120,G06007101,Low,False,False,True,0
305357,G06003704,Medium,False,False,False,0
249163,G06007103,Medium,False,False,False,0
343844,G06007101,Medium,False,False,False,1
471425,G06003703,High,False,False,False,0
28120,G06007102,Medium,False,False,False,0
266919,G06007103,Medium,False,False,False,0
178655,G06002905,Medium,True,True,False,0
471369,G06007102,Low,False,False,False,0
471316,G06007101,High,False,False,False,1
35889,G06007102,High,False,False,False,0
55699,G06007102,Medium,False,False,False,0
55706,G06002905,Low,False,False,False,0
500018,G06002905,High,False,False,False,0
70726,G06003703,Low,False,False,False,0
451846,G06007102,High,False,False,False,0
447795,G06003704,Medium,False,False,False,0
144104,G06007101,Medium,False,False,False,0
155845,G06003704,Medium,False,False,False,0
211515,G06003772,Medium,False,False,False,0
256523,G06003703,High,False,False,False,0
444996,G06007103,Medium,True,True,False,0
445057,G06003704,Medium,False,False,False,0
250299,G06003704,Medium,False,False,False,0
50133,G06007101,Medium,False,False,False,0
445102,G06003703,Low,False,False,False,0
202427,G06002905,Medium,False,False,False,0
513864,G06007103,High,False,False,True,0
352639,G06003704,High,False,False,False,0
50299,G06003703,High,False,False,False,0
513848,G06007101,Medium,False,False,True,0
73965,G06003703,Medium,True,True,True,0
513791,G06007101,Medium,False,False,False,0
496582,G06007103,Low,False,False,False,0
50424,G06007102,Low,False,False,False,0
211424,G06003703,High,True,True,False,0
352472,G06003703,High,True,True,False,0
152129,G06007101,Medium,False,False,False,0
478320,G06003704,High,False,False,False,0
202550,G06003704,Low,False,False,False,0
478163,G06003703,High,False,False,False,0
256930,G06007103,High,False,False,True,0
306591,G06007103,Medium,True,True,False,0
250194,G06003772,Medium,False,False,False,0
250337,G06003703,High,False,False,False,0
49771,G06007101,High,False,False,False,1
48989,G06003703,High,False,False,False,0
269164,G06003703,Medium,False,False,False,0
495315,G06003772,Medium,True,True,False,1
444106,G06007104,Low,False,False,False,0
480853,G06007103,Medium,False,False,False,0
335266,G06003772,High,False,False,False,0
444174,G06007102,Medium,False,False,False,0
480531,G06003703,High,False,False,False,0
495511,G06007102,High,False,False,False,0
514426,G06007103,Medium,False,False,True,0
329075,G06007103,High,False,False,False,0
49358,G06003704,Medium,False,False,False,0
74494,G06007102,Medium,False,False,False,0
215505,G06007102,Low,False,False,False,0
155738,G06007101,High,False,False,True,0
480274,G06007101,Low,False,False,False,0
174645,G06002905,Medium,True,True,False,0
514285,G06007102,Low,False,False,False,0
268947,G06003704,Medium,False,False,False,0
480118,G06007103,Medium,False,False,False,0
480072,G06007103,Medium,True,True,False,0
301757,G06002905,Medium,False,False,False,0
256063,G06007101,High,False,False,False,0
152351,G06007103,High,False,False,False,0
340718,G06007102,High,False,False,False,0
340777,G06003704,High,False,False,False,0
52923,G06007103,Medium,False,False,False,0
250176,G06007101,Medium,False,False,False,0
477899,G06007101,High,False,False,False,0
174483,G06007101,Low,True,True,False,0
302004,G06003704,High,True,True,False,0
52067,G06007101,Low,True,True,False,0
334508,G06007104,High,False,False,False,0
342045,G06007104,High,False,False,False,0
216116,G06002905,Medium,False,False,False,0
310824,G06003703,Medium,False,False,False,0
143934,G06003703,Low,False,False,False,0
447013,G06007103,High,False,False,False,0
447038,G06007102,High,True,True,False,0
513010,G06007101,High,False,False,False,0
447144,G06007103,Medium,True,True,False,0
475673,G06003772,Low,True,True,False,0
257724,G06003703,Medium,True,True,False,0
202870,G06003703,High,False,False,False,0
475604,G06007102,High,True,True,False,0
267936,G06007101,Medium,True,True,False,0
475542,G06002905,High,True,True,False,0
143998,G06007101,Low,False,False,False,0
302060,G06003703,High,True,True,False,0
72401,G06007102,Low,True,True,False,0
160472,G06007102,Medium,False,False,False,0
475239,G06007101,Low,True,True,False,0
498185,G06007103,High,False,False,False,0
306211,G06007104,Low,True,True,True,0
215877,G06007103,Low,True,True,False,0
73112,G06003703,Low,False,False,False,0
352087,G06007103,Medium,True,True,False,0
341369,G06007103,High,True,True,False,0
26680,G06007101,Medium,False,False,True,1
341370,G06003772,High,False,False,False,0
179072,G06003703,Low,False,False,False,0
143671,G06007101,High,False,False,False,0
37948,G06007103,Medium,False,False,False,0
341373,G06003704,Medium,False,False,False,0
51231,G06002905,High,False,False,False,0
497100,G06003703,High,False,False,False,0
306316,G06002905,High,False,False,False,0
257277,G06007103,Medium,True,True,True,0
156073,G06003703,Medium,False,False,False,0
334773,G06007102,High,False,False,True,0
219770,G06002905,Low,False,False,False,0
329383,G06007102,Medium,False,False,False,0
37751,G06007102,High,False,False,False,0
51810,G06003703,Low,False,False,False,0
156226,G06003703,Medium,False,False,False,0
51822,G06007103,Low,False,False,False,0
156238,G06003704,Low,True,True,False,0
306242,G06003704,Medium,False,False,False,0
27179,G06007101,High,False,False,False,0
476627,G06003704,Medium,False,False,False,0
257425,G06007101,High,True,True,False,0
156307,G06003772,High,False,False,True,0
52020,G06007102,High,False,False,False,0
335306,G06003772,Low,False,False,False,0
209102,G06003703,Low,False,False,False,0
469588,G06007102,Low,False,False,False,0
457329,G06007103,Medium,True,True,False,0
346447,G06007102,High,False,False,True,0
504519,G06002905,Medium,False,False,False,0
507756,G06003704,Low,False,False,False,0
159308,G06007101,High,False,False,False,0
304109,G06003703,Medium,False,False,False,0
504661,G06002905,Medium,False,False,False,0
310043,G06007103,Medium,False,False,False,0
462508,G06007101,Medium,False,False,False,0
30926,G06003772,Low,False,False,False,0
205494,G06007101,High,False,False,False,0
30945,G06003703,High,False,False,False,0
148437,G06007101,Low,False,False,False,0
32896,G06003772,Medium,True,True,False,0
218400,G06003703,High,False,False,False,1
264049,G06003703,Medium,False,False,False,0
457743,G06007101,Medium,False,False,False,0
303434,G06007104,High,False,False,False,0
507541,G06002905,Medium,False,False,False,0
462340,G06003704,Medium,False,False,False,0
206922,G06007102,High,False,False,False,0
462190,G06007103,Medium,False,False,False,0
61823,G06002905,High,False,False,False,0
462107,G06002905,Medium,False,False,False,0
61848,G06007101,Low,True,True,False,0
376655,G06002905,Low,False,False,False,0
64874,G06003703,High,False,False,False,0
348613,G06007103,High,False,False,False,0
309376,G06007101,Low,True,True,False,0
456575,G06003703,High,False,False,False,0
247687,G06007103,High,False,False,True,0
205235,G06003703,Low,False,False,False,0
304320,G06007103,High,False,False,True,0
261896,G06007101,Low,False,False,False,0
346126,G06007102,High,False,False,False,0
463592,G06003704,Medium,False,False,False,0
504195,G06007102,Low,False,False,True,0
346235,G06003704,Medium,True,True,False,0
148581,G06007102,Low,True,True,False,0
346258,G06003704,Low,False,False,False,0
463338,G06007103,Low,True,True,False,0
304258,G06007103,Medium,True,True,False,0
456875,G06003704,Low,False,False,False,0
456880,G06007101,Low,False,False,False,0
262007,G06003772,High,True,True,False,0
218604,G06007103,High,False,False,False,0
346321,G06007102,High,False,False,False,0
65820,G06003704,Medium,False,False,False,0
61167,G06007101,High,True,True,False,0
177684,G06003703,Low,True,True,False,0
457061,G06002905,High,False,False,False,1
462744,G06003703,Low,False,False,False,0
507815,G06007103,Low,False,False,False,0
332744,G06003772,Medium,False,False,True,0
262536,G06002905,Medium,False,False,False,0
506851,G06007103,Medium,False,False,True,0
63210,G06002905,High,False,False,True,0
147746,G06007103,Medium,False,False,True,0
460332,G06003703,High,False,False,False,0
32010,G06007101,Low,False,False,False,0
63311,G06007101,Medium,True,True,False,0
173562,G06003703,Medium,False,False,False,0
303811,G06003772,Medium,False,False,False,0
246859,G06003703,Low,False,False,False,0
205875,G06007102,Medium,False,False,False,0
506255,G06007101,High,False,False,False,0
205927,G06003704,High,True,True,True,0
460066,G06007102,Low,False,False,False,0
31803,G06007102,High,True,True,False,0
506582,G06007101,Medium,False,False,False,0
263278,G06007102,Medium,False,False,False,0
218111,G06007102,High,True,True,True,0
347464,G06007103,High,False,False,False,0
506395,G06007103,Medium,True,True,False,0
63669,G06003772,Low,True,True,False,0
147572,G06002905,Medium,False,False,False,0
459572,G06002905,Medium,False,False,False,0
459728,G06007102,Medium,False,False,False,0
506440,G06003703,High,False,False,False,0
309703,G06007102,High,False,False,False,0
217970,G06007103,Low,True,True,False,0
206755,G06007101,High,False,False,False,0
147765,G06003704,Medium,False,False,False,0
263069,G06003704,High,False,False,False,0
507284,G06003704,Medium,False,False,False,0
62397,G06002905,High,False,False,False,0
505456,G06003704,High,True,True,False,0
148011,G06003704,Low,False,False,False,0
461380,G06007103,High,False,False,True,0
262688,G06003703,Medium,False,False,False,0
348044,G06007104,Medium,True,True,False,0
147969,G06007101,High,False,False,False,0
206660,G06007101,High,True,True,False,0
303613,G06003703,Medium,False,False,False,0
218294,G06007103,Low,False,False,False,0
146939,G06003703,High,True,True,False,0
64487,G06007103,Medium,False,False,False,0
461143,G06002905,Medium,True,True,False,1
64418,G06007103,Medium,True,True,False,1
177801,G06007101,Low,True,True,False,0
62872,G06007102,Low,True,True,False,0
31399,G06003703,Medium,False,False,False,0
458627,G06007101,Medium,True,True,True,0
458650,G06003704,High,False,False,False,0
262970,G06002905,High,True,True,False,0
460808,G06007103,Low,True,True,False,0
460704,G06003704,High,True,True,False,0
458841,G06003704,High,False,False,False,0
31485,G06002905,High,False,False,False,0
510544,G06007102,Medium,False,False,False,0
264475,G06007101,Medium,False,False,False,0
348892,G06003703,Low,False,False,False,0
260462,G06007103,Medium,True,True,False,0
333479,G06007103,Low,False,False,False,0
57792,G06007102,Medium,False,False,True,0
68847,G06003704,High,False,False,False,0
29514,G06007103,Low,False,False,False,0
57888,G06002905,Medium,False,False,False,0
149408,G06007103,Low,False,False,False,0
245494,G06003704,Low,False,False,False,0
304826,G06007103,Low,False,False,False,0
302908,G06003704,Medium,False,False,False,0
149320,G06007101,High,False,False,False,0
260623,G06003703,High,False,False,False,0
58157,G06002905,Low,True,True,True,1
265573,G06003772,High,False,False,False,0
260769,G06007102,Medium,False,False,False,1
248329,G06007101,Medium,False,False,False,0
509707,G06003704,Medium,False,False,False,0
29643,G06002905,Low,False,False,False,0
149295,G06007101,Medium,False,False,False,0
29653,G06003704,High,False,False,False,0
68356,G06007101,Medium,False,False,False,0
58431,G06007102,Low,True,True,False,0
467095,G06007101,High,True,True,False,0
178197,G06007102,High,False,False,False,0
149215,G06003703,High,False,False,False,0
57686,G06007101,Low,True,True,False,0
204550,G06007103,Medium,False,False,False,0
350087,G06002905,Medium,False,False,False,0
333543,G06007101,High,False,False,False,0
29022,G06003703,Low,False,False,False,0
469483,G06003703,High,True,True,False,0
350434,G06007102,Medium,False,False,False,0
333676,G06007101,Low,False,False,False,1
451950,G06003772,Medium,False,False,False,0
452003,G06003703,Low,False,False,False,0
469261,G06007102,High,True,True,False,0
302686,G06003704,High,False,False,False,0
469125,G06003704,Medium,False,False,False,0
35053,G06003703,Medium,False,False,False,0
260197,G06007102,High,False,False,False,0
302694,G06007102,Low,False,False,False,0
145343,G06003703,Medium,False,False,False,0
69391,G06007102,Medium,True,True,False,0
177098,G06007104,High,False,False,False,0
57442,G06007101,High,False,False,False,0
57485,G06007102,Low,True,True,False,0
57503,G06007103,High,True,True,False,0
260328,G06003703,Medium,False,False,False,0
69117,G06002905,High,False,False,False,0
350169,G06003703,Medium,False,False,True,0
178438,G06003772,High,False,False,False,0
57558,G06002905,High,False,False,False,0
265898,G06003772,Medium,False,False,False,0
149535,G06003703,Medium,False,False,False,0
246095,G06003703,High,False,False,False,0
245661,G06007101,Medium,False,False,False,0
330756,G06007103,High,False,False,False,0
465056,G06003704,Medium,True,True,False,0
178141,G06002905,High,False,False,False,0
205036,G06003704,High,False,False,False,1
508731,G06007102,Low,False,False,False,0
247974,G06007101,Low,False,False,False,0
464941,G06007104,Low,False,False,False,0
217382,G06007101,Low,False,False,False,0
332832,G06003703,Medium,True,True,False,0
464688,G06003704,Low,False,False,False,0
464621,G06007102,Medium,False,False,False,0
455984,G06007101,Medium,False,False,False,0
33540,G06003703,Low,True,True,False,0
345852,G06003703,High,False,False,False,0
508566,G06002905,Medium,False,False,False,0
33456,G06002905,Low,True,True,False,0
261720,G06007103,Low,False,False,False,0
146124,G06007104,High,False,False,False,0
464089,G06002905,High,False,False,False,0
33391,G06007104,Medium,False,False,False,0
33364,G06003703,Low,False,False,False,0
205164,G06007103,Low,False,False,False,0
30543,G06007101,High,True,True,False,0
66365,G06007103,Low,False,False,False,0
66343,G06003772,High,False,False,False,0
465235,G06007103,High,True,True,False,0
68194,G06003703,Medium,False,False,False,0
455594,G06003704,Low,False,False,True,0
455406,G06007102,High,False,False,False,0
248249,G06007103,Medium,False,False,False,0
68070,G06007101,Medium,False,False,False,0
502275,G06007103,High,False,False,False,0
58758,G06007103,Medium,False,False,True,0
345289,G06007101,Medium,False,False,False,0
454184,G06007101,High,False,False,False,0
502356,G06007103,Medium,False,False,True,0
466173,G06007103,Low,False,False,False,0
466114,G06003704,Low,True,True,False,0
157848,G06007101,Medium,False,False,False,0
177295,G06007101,Low,False,False,False,0
345492,G06007102,Low,False,False,False,0
454576,G06003703,High,False,False,False,0
59395,G06007102,High,True,True,False,0
465918,G06007102,Low,False,False,False,0
30141,G06007102,Medium,False,False,False,0
509094,G06002905,Medium,False,False,False,1
59855,G06003703,Medium,False,False,False,0
148846,G06003704,Medium,True,True,False,0
158133,G06002905,Medium,True,True,False,0
303053,G06003703,Medium,False,False,False,0
508996,G06002905,High,False,False,False,0
145985,G06003704,High,False,False,False,0
455369,G06003704,High,True,True,False,1
455383,G06007101,Medium,True,True,False,0
455592,G06003704,High,False,False,False,0
481018,G06007103,Medium,False,False,False,0
267617,G06007103,Medium,True,True,False,0
492778,G06003703,Low,False,False,False,0
152815,G06003704,Low,False,False,False,0
141609,G06003703,Medium,False,False,False,0
252292,G06003704,Medium,False,False,False,0
494409,G06003703,Medium,False,False,False,0
354892,G06003704,Medium,True,True,False,0
41753,G06003703,Medium,False,False,False,0
493079,G06007101,Medium,False,False,False,0
354835,G06007103,High,False,False,False,0
43059,G06003703,Medium,False,False,False,0
43104,G06003703,High,False,False,False,0
44199,G06007103,Low,False,False,False,0
212387,G06007103,Medium,False,False,True,0
442684,G06007101,Medium,False,False,False,0
306814,G06003704,Low,False,False,False,0
45593,G06007102,High,False,False,False,0
214530,G06007101,High,False,False,False,0
439652,G06003704,Low,False,False,False,0
516513,G06002905,Low,True,True,False,0
242654,G06007101,Medium,False,False,False,0
45663,G06002905,Low,False,False,False,0
78091,G06007103,High,True,True,False,0
485538,G06003704,Medium,False,False,False,0
483343,G06003703,Medium,False,False,False,0
483531,G06003704,Low,False,False,False,0
353382,G06003704,Low,True,True,False,0
442502,G06007103,Medium,False,False,False,0
485523,G06007102,High,False,False,False,0
77197,G06003704,Low,False,False,False,0
200608,G06002905,Medium,False,False,False,1
311560,G06003703,Medium,True,True,False,0
338636,G06003703,High,False,False,False,0
337971,G06003703,High,False,False,False,0
174730,G06007101,Low,False,False,False,0
337932,G06007101,Low,False,False,False,0
200288,G06002905,High,True,True,False,0
337303,G06007101,High,True,True,False,0
270329,G06003703,Medium,False,False,False,0
517820,G06007102,High,False,False,False,0
354071,G06007103,Medium,False,False,False,0
47968,G06002905,Medium,False,False,False,0
494521,G06007101,Medium,True,True,False,0
482408,G06007103,Low,False,False,False,0
154717,G06003772,High,False,False,False,0
42771,G06007101,Medium,False,False,False,0
489528,G06007103,High,False,False,False,0
308158,G06003772,High,False,False,False,0
243534,G06007101,Medium,False,False,False,0
250835,G06007103,High,False,False,False,0
47800,G06007102,Medium,False,False,False,0
41809,G06007101,High,False,False,False,0
41003,G06003703,High,False,False,False,0
517793,G06007102,Low,False,False,False,0
39409,G06003703,Medium,False,False,False,0
42812,G06002905,High,False,False,False,0
161484,G06007103,Medium,True,True,True,0
515367,G06003772,Low,False,False,False,0
44209,G06007101,Medium,False,False,False,0
242381,G06003704,Medium,False,False,False,0
327855,G06007102,Medium,False,False,True,0
301624,G06007102,High,True,True,False,0
40404,G06007102,Medium,False,False,False,0
46140,G06007104,High,False,False,False,0
39933,G06007102,High,True,True,False,0
301212,G06007103,Medium,False,False,False,0
46405,G06007103,High,False,False,False,0
484842,G06007101,Low,True,True,False,0
41117,G06003772,Medium,True,True,False,0
76880,G06007101,Medium,False,False,False,0
441656,G06003703,Medium,False,False,False,0
328489,G06003772,Medium,False,False,False,0
488416,G06007101,Low,False,False,False,0
336648,G06003703,Low,False,False,False,0
439227,G06003772,Medium,False,False,False,0
493714,G06007103,High,True,True,False,0
441552,G06007103,Medium,False,False,False,0
488089,G06007101,Low,False,False,False,0
493618,G06007101,Medium,True,True,False,0
516083,G06007103,High,False,False,False,0
253281,G06007102,Medium,True,True,False,0
484623,G06007102,Medium,False,False,False,0
43573,G06003703,Low,True,True,False,0
141733,G06002905,Medium,False,False,False,0
214618,G06007103,Low,False,False,False,0
439322,G06002905,High,False,False,False,0
336592,G06003772,Low,False,False,False,0
484725,G06002905,Medium,True,True,False,0
335747,G06007101,Low,False,False,False,1
307107,G06007103,High,False,False,False,0
220868,G06003704,Medium,False,False,False,0
25108,G06002905,Medium,True,True,False,0
354805,G06007103,Low,True,True,False,0
517544,G06007102,High,False,False,False,0
438933,G06003703,Medium,False,False,False,0
442418,G06007102,High,True,True,False,0
39718,G06007103,Medium,False,False,False,0
515647,G06007102,High,False,False,False,0
483578,G06003703,Low,False,False,True,0
45787,G06007101,Medium,True,True,False,0
39792,G06007102,High,False,False,False,0
155287,G06003703,Medium,True,True,False,0
179464,G06003772,High,False,False,False,0
488921,G06003703,Medium,False,False,False,0
485267,G06003703,High,False,False,False,0
77225,G06007102,Low,False,False,False,0
483821,G06007103,Medium,False,False,False,0
353518,G06002905,Medium,False,False,False,0
161787,G06007101,Medium,False,False,False,0
141649,G06007101,Medium,True,True,False,0
493979,G06007104,High,False,False,False,0
41507,G06007102,Medium,False,False,False,0
441073,G06003772,Medium,False,False,False,0
174976,G06007101,High,False,False,False,0
251416,G06003704,Low,False,False,False,0
485010,G06003703,Low,False,False,True,0
487808,G06003703,Medium,False,False,False,0
301171,G06007102,Medium,False,False,False,1
493866,G06007103,High,False,False,False,0
491934,G06007101,Low,False,False,False,1
79200,G06002905,Low,False,False,False,0
490966,G06007103,High,False,False,False,1
43732,G06003703,Low,False,False,False,0
25782,G06002905,High,False,False,False,0
201203,G06002905,Medium,False,False,False,0
490402,G06007103,Medium,False,False,False,0
481462,G06007102,High,False,False,False,0
202158,G06007101,Low,False,False,True,0
335428,G06007102,Medium,False,False,False,0
489900,G06007102,Medium,True,True,False,0
253691,G06007101,Medium,False,False,False,1
41959,G06007102,Medium,True,True,False,0
172384,G06003703,Medium,False,False,False,0
25758,G06003704,High,False,False,False,0
253859,G06007101,Medium,False,False,False,0
481235,G06007103,Low,False,False,False,0
255544,G06007102,Medium,False,False,False,1
336953,G06003703,High,False,False,False,0
141481,G06003703,High,False,False,False,1
443925,G06003704,High,False,False,False,0
494785,G06007102,High,True,True,False,0
489887,G06007102,Medium,False,False,False,0
490735,G06007103,Low,True,True,False,0
155198,G06003704,Medium,False,False,False,0
153706,G06003703,Low,False,False,False,0
481231,G06007102,Medium,False,False,False,0
154593,G06002905,Low,False,False,False,0
40742,G06007102,Low,False,False,False,0
327565,G06007102,High,False,False,False,0
516775,G06003704,Low,False,False,False,0
48650,G06007101,High,True,True,False,0
494911,G06003772,Medium,True,True,False,0
336018,G06003703,Medium,True,True,False,0
214060,G06007103,High,False,False,True,0
39056,G06003704,Medium,False,False,False,0
42349,G06007101,Low,False,False,False,0
307408,G06003703,Medium,False,False,False,0
79288,G06002905,High,False,False,False,0
486915,G06003704,Low,True,True,False,1
44796,G06007103,High,True,True,False,0
161977,G06003704,Low,False,False,False,0
253924,G06003704,High,False,False,False,0
251883,G06007103,High,True,True,False,0
79459,G06007102,Medium,True,True,False,0
48631,G06007102,Medium,False,False,False,0
437824,G06003703,High,False,False,False,0
155221,G06007103,Medium,False,False,False,0
214084,G06003703,Low,False,False,False,0
328230,G06003704,Low,True,True,False,0
311043,G06003704,Medium,False,False,False,0
252743,G06003704,Medium,True,True,False,0
215273,G06003703,High,False,False,False,0
172654,G06003704,High,False,False,False,0
48893,G06003772,High,False,False,False,0
154441,G06007103,Low,False,False,False,0
215359,G06007103,High,False,False,False,0
44973,G06002905,Medium,False,False,False,0
516599,G06007101,Medium,False,False,False,0
42668,G06007101,High,False,False,False,0
355110,G06007104,Medium,True,True,False,0
354463,G06003703,Medium,False,False,False,0
215457,G06007102,High,True,True,False,0
516591,G06007104,Medium,False,False,False,0
172439,G06007103,Medium,False,False,False,0
44339,G06003704,Medium,False,False,False,0
44318,G06002905,Medium,False,False,False,0
517851,G06007102,Medium,False,False,False,0
437607,G06003703,Medium,False,False,False,0
514696,G06003704,Medium,True,True,False,0
202020,G06003772,Medium,False,False,False,0
48026,G06002905,Medium,False,False,False,0
271270,G06007102,High,False,False,False,0
25497,G06007104,Low,False,False,False,0
212158,G06007104,Medium,False,False,False,0
141302,G06007103,High,True,True,False,0
39005,G06007101,Low,False,False,True,0
269374,G06003703,Low,False,False,False,0
270449,G06003703,High,False,False,False,0
492832,G06007102,High,False,False,False,0
492822,G06003704,Medium,False,False,True,0
487149,G06007101,Medium,False,False,False,0
38919,G06003703,Low,False,False,False,0
185907,G06006502,Low,False,False,False,0
157456,G06006502,High,False,False,False,1
537650,G06007101,Low,False,False,False,0
464716,G06006502,Medium,False,False,True,0
537428,G06006507,Medium,True,True,False,0
304602,G06006515,Low,False,False,True,0
107362,G06006515,High,False,False,False,0
9461,G06006515,Low,False,False,False,1
307407,G06006502,High,True,True,False,0
158280,G06006502,Medium,False,False,False,0
548311,G06006515,High,False,False,False,0
379777,G06006502,Medium,False,False,False,0
296709,G06006507,High,True,True,False,0
465055,G06006515,High,False,False,False,0
175505,G06006515,Low,False,False,False,0
535973,G06006515,High,True,True,False,0
547340,G06006515,High,False,False,False,0
283858,G06006502,High,False,False,False,0
537476,G06006515,Medium,False,False,True,0
375684,G06006515,Low,True,True,False,1
158219,G06006502,Medium,True,True,False,0
60049,G06006507,Low,True,True,False,1
104924,G06006515,High,True,True,False,0
226220,G06006515,Medium,False,False,False,0
185900,G06006502,High,False,False,False,0
320691,G06006515,Low,False,False,False,1
58891,G06006515,Medium,True,True,False,0
190916,G06006515,Medium,True,True,False,0
1648,G06006502,Low,False,False,True,0
226041,G06006502,Medium,False,False,False,0
320935,G06006515,Medium,True,True,False,0
401621,G06006515,High,False,False,False,0
338024,G06006502,Medium,True,True,False,0
157835,G06006515,Low,False,False,False,0
122204,G06006515,Medium,False,False,False,0
174991,G06006502,High,False,False,False,0
58545,G06006515,Medium,False,False,False,1
367680,G06006515,Medium,True,True,False,0
44272,G06006515,Medium,False,False,False,0
401950,G06006515,High,False,False,False,1
466874,G06006502,Low,False,False,False,0
487466,G06006507,High,True,True,True,0
10092,G06006515,Low,False,False,True,0
502268,G06006502,High,False,False,True,0
106571,G06006502,Low,False,False,True,0
487534,G06006502,Medium,False,False,False,0
248175,G06006515,Low,False,False,False,0
217272,G06006515,Medium,False,False,False,0
536164,G06006502,Low,False,False,False,0
44152,G06006515,Medium,True,True,False,0
248109,G06006502,Medium,False,False,False,0
33862,G06006515,Low,False,False,False,0
401334,G06006515,Medium,False,False,True,0
207789,G06006502,Medium,False,False,True,0
367195,G06006502,High,False,False,False,0
59776,G06006515,Low,False,False,True,1
381346,G06006507,Low,True,True,False,0
380276,G06006502,High,True,True,True,1
166236,G06006515,High,False,False,False,0
547988,G06006502,Low,False,False,False,0
367373,G06006502,Medium,False,False,True,0
106763,G06006515,High,False,False,False,0
367317,G06006502,High,False,False,False,0
248151,G06006502,High,False,False,True,0
106766,G06006515,Low,False,False,False,1
122615,G06006515,Low,False,False,False,1
34074,G06006515,Low,False,False,False,0
157892,G06006502,Medium,False,False,False,0
157933,G06006507,High,False,False,False,1
401539,G06006502,Low,False,False,False,0
213225,G06006515,Low,False,False,False,0
235355,G06006502,High,False,False,False,0
157936,G06006515,Medium,False,False,False,0
487629,G06006515,High,False,False,False,0
336236,G06006515,Medium,False,False,False,1
234952,G06006502,Medium,False,False,True,0
217463,G06006515,High,False,False,False,0
505440,G06006515,Medium,True,True,True,0
365558,G06006515,High,False,False,False,0
378168,G06006515,Low,False,False,False,0
41915,G06006507,Medium,True,True,False,0
408489,G06006515,Medium,True,True,False,0
461274,G06006502,Medium,False,False,False,0
262778,G06006502,Low,False,False,False,0
62694,G06006515,Medium,False,False,False,0
282404,G06006515,High,False,False,False,0
192536,G06006515,High,False,False,False,0
247323,G06006502,Low,False,False,False,0
61628,G06006502,Medium,False,False,False,0
247299,G06006502,High,False,False,False,0
309543,G06007101,Low,True,True,False,0
12345,G06006502,High,False,False,True,0
407447,G06006502,Medium,False,False,False,1
408720,G06006502,High,False,False,False,0
378280,G06006515,High,True,True,False,0
262423,G06007101,High,False,False,False,0
262607,G06006515,Medium,False,False,False,0
177720,G06006502,Low,False,False,True,0
32894,G06006502,Medium,False,False,True,0
62771,G06006515,High,False,False,True,0
281699,G06006502,Low,True,True,False,0
409929,G06006515,Low,False,False,True,0
165473,G06006502,Low,False,False,True,0
490256,G06006515,Medium,False,False,False,0
410064,G06006507,Low,True,True,False,0
252549,G06006515,Low,False,False,False,0
347430,G06006515,Medium,False,False,False,1
506314,G06006502,Medium,False,False,False,0
125003,G06006507,Medium,False,False,False,0
263281,G06006507,High,False,False,False,0
214205,G06006502,Low,True,True,False,0
347491,G06006515,Medium,False,False,False,0
376699,G06006502,Medium,False,False,False,0
376694,G06006502,Medium,False,False,False,0
185180,G06006515,High,True,True,False,0
185043,G06006502,High,True,True,True,0
409817,G06006515,Low,False,False,True,0
101073,G06006507,High,True,True,False,0
533122,G06006502,High,False,False,False,0
282090,G06006515,High,False,False,False,0
100855,G06006502,Medium,False,False,False,0
505976,G06006507,Medium,False,False,False,0
409285,G06006515,High,False,False,False,0
281957,G06006515,Low,False,False,False,0
549412,G06006502,Medium,False,False,False,1
365087,G06006515,Medium,False,False,False,0
42057,G06006502,Low,False,False,False,0
169619,G06006502,Medium,False,False,False,0
532792,G06006515,High,True,True,True,0
460506,G06006502,Medium,False,False,False,0
409784,G06006515,Medium,False,False,False,1
100178,G06006502,Medium,False,False,False,0
236470,G06006502,Low,False,False,False,0
154384,G06006502,High,False,False,False,0
169444,G06006515,High,True,True,True,0
158378,G06006502,Medium,False,False,False,1
488745,G06006502,Medium,False,False,False,0
103849,G06006515,Low,False,False,True,1
378986,G06006502,Low,False,False,False,1
43319,G06006502,High,False,False,False,0
463599,G06006502,Low,False,False,True,0
321512,G06006502,Low,False,False,True,0
375954,G06006515,High,False,False,False,0
405552,G06006515,Medium,False,False,False,0
366369,G06007101,Medium,True,True,False,0
213614,G06006515,Low,False,False,True,0
488525,G06006507,Low,False,False,False,0
404420,G06006502,Low,True,True,False,0
261627,G06006502,High,True,True,False,0
247802,G06006502,Medium,False,False,False,0
464168,G06006502,Medium,False,False,False,0
488378,G06006502,High,False,False,False,0
126032,G06006502,Medium,False,False,False,1
103528,G06006502,Low,False,False,False,0
404786,G06006502,High,True,True,False,0
491632,G06006502,Medium,False,False,False,0
283313,G06006502,Medium,True,True,False,0
182646,G06006515,Medium,False,False,False,0
60746,G06006502,High,True,True,False,0
123511,G06006515,Low,True,True,False,0
366750,G06006515,High,False,False,False,0
60750,G06006515,Medium,False,False,True,0
148586,G06006502,Medium,False,False,False,0
165843,G06006502,Medium,False,False,False,0
504506,G06006502,Low,True,True,True,0
406439,G06006502,High,False,False,False,0
292670,G06006515,Low,False,False,False,1
365964,G06006502,Medium,True,True,True,0
252917,G06006515,Medium,False,False,False,0
378688,G06006502,Low,True,True,True,0
102948,G06006515,High,False,False,False,1
307944,G06006502,Medium,False,False,False,0
406715,G06006515,High,False,False,False,0
102713,G06006502,Medium,False,False,False,1
61441,G06006502,High,True,True,False,0
282713,G06006502,Low,False,False,False,0
504674,G06006515,Low,True,True,False,0
534096,G06006515,High,False,False,False,0
337428,G06006502,Medium,True,True,False,1
332461,G06006515,Medium,False,False,False,0
534089,G06006502,Medium,True,True,False,0
182422,G06006502,Low,False,False,False,0
213578,G06006502,Medium,True,True,False,0
534439,G06006502,Low,True,True,False,1
185569,G06006515,High,False,False,False,0
304276,G06006515,High,False,False,False,0
463309,G06006515,High,True,True,False,1
61093,G06006515,Medium,False,False,False,0
297075,G06006507,High,False,False,False,0
548696,G06006502,Medium,False,False,False,1
103310,G06006515,Medium,True,True,True,0
184911,G06006502,Medium,True,True,False,0
103309,G06006502,Medium,False,False,False,0
534634,G06006515,Low,False,False,True,0
165918,G06006515,High,False,False,False,0
462782,G06006515,Medium,False,False,False,0
192080,G06006515,Low,False,False,False,0
41652,G06006502,High,False,False,False,0
165861,G06006502,High,False,False,False,0
11834,G06006502,High,False,False,False,0
534626,G06006515,High,False,False,False,0
57647,G06006507,High,False,False,False,0
284623,G06006502,High,False,False,False,1
545368,G06006507,High,False,False,False,0
47705,G06006515,Medium,False,False,False,0
113604,G06006515,Low,False,False,False,0
317451,G06006502,High,False,False,False,0
371226,G06006515,Low,False,False,False,0
392436,G06006502,High,False,False,False,1
386336,G06006515,Low,False,False,False,0
541962,G06006515,High,False,False,False,1
39447,G06006515,Medium,True,True,False,0
212384,G06006507,Medium,False,False,True,0
335590,G06006515,High,False,False,False,0
3339,G06006515,High,False,False,False,0
129265,G06006515,Medium,False,False,True,0
129285,G06006502,High,True,True,False,0
371184,G06006515,High,False,False,False,0
156416,G06006515,Low,False,False,True,0
233315,G06007101,Low,False,False,False,0
151760,G06006502,Low,False,False,False,1
151768,G06006502,Medium,False,False,False,0
113779,G06006515,High,False,False,False,1
386686,G06006502,Medium,False,False,False,0
51522,G06006515,Medium,True,True,True,0
476942,G06006502,Medium,False,False,False,0
51679,G06006502,High,False,False,True,0
391719,G06006502,High,False,False,False,0
482482,G06006515,High,False,False,False,0
497383,G06006515,Medium,False,False,True,0
233065,G06006502,Low,False,False,False,0
117593,G06007101,Medium,False,False,False,1
37620,G06006515,Medium,False,False,False,0
128946,G06007101,Medium,False,False,False,0
386485,G06006502,Medium,True,True,True,0
542144,G06006507,Medium,False,False,False,0
545333,G06006502,High,False,False,False,0
386440,G06006515,Medium,True,True,False,0
210881,G06006502,High,True,True,False,0
308723,G06006502,High,False,False,True,0
287671,G06006502,Low,False,False,False,0
371142,G06006502,Medium,False,False,True,0
188941,G06006515,High,True,True,True,1
3172,G06006502,Medium,True,True,True,0
393890,G06006502,Low,False,False,False,0
112589,G06006502,Medium,True,True,True,0
127419,G06006515,High,True,True,False,0
498471,G06006515,Medium,False,False,False,0
188982,G06006502,Medium,True,True,True,0
127393,G06006502,High,True,True,False,0
394133,G06006502,Medium,False,False,False,0
385013,G06006502,Medium,True,True,True,0
118854,G06006502,Medium,False,False,False,0
53433,G06006515,Medium,False,False,False,0
493990,G06006515,High,False,False,False,0
474405,G06006507,Low,False,False,False,0
258323,G06006515,Medium,False,False,False,0
153042,G06006515,Low,False,False,False,0
393615,G06006515,High,False,False,False,0
474795,G06006507,High,False,False,False,0
118626,G06006507,Low,False,False,False,0
475641,G06006502,Low,True,True,True,0
188862,G06006515,Low,False,False,False,0
342163,G06006502,Medium,False,False,True,1
373596,G06006507,High,False,False,False,0
228667,G06006502,High,False,False,False,0
210663,G06006515,Low,True,True,False,1
287997,G06006502,High,False,False,False,1
249796,G06006515,Medium,False,False,False,0
127487,G06006515,Medium,False,False,False,1
342369,G06006502,High,False,False,False,0
483556,G06006515,High,False,False,False,0
249739,G06006515,High,False,False,False,0
170396,G06006515,Low,False,False,False,0
129490,G06006515,Medium,False,False,False,0
290388,G06006515,Medium,False,False,False,0
474803,G06006507,High,False,False,False,0
155450,G06006507,High,False,False,False,0
497209,G06006515,Medium,False,False,False,0
250456,G06006502,Medium,False,False,True,0
481347,G06006515,Medium,False,False,True,0
255976,G06006502,High,False,False,False,0
38994,G06006502,Medium,False,False,False,0
543728,G06006502,Medium,False,False,False,0
494923,G06006502,High,False,False,False,0
232529,G06006515,High,False,False,False,0
387738,G06006502,Medium,True,True,False,0
387732,G06006502,High,False,False,False,0
479597,G06006515,Low,True,True,False,0
128085,G06006515,Medium,False,False,False,0
387638,G06006502,High,False,False,False,0
255609,G06006502,Low,False,False,False,0
481270,G06006515,High,False,False,False,0
48988,G06006515,High,True,True,False,0
388172,G06006502,Low,False,False,False,0
480812,G06006515,High,True,True,True,0
388631,G06006507,High,True,True,True,0
49087,G06006502,Medium,False,False,False,0
49107,G06006515,Low,True,True,False,0
318038,G06006515,Medium,False,False,False,0
170163,G06006502,Medium,True,True,False,0
388981,G06006502,Medium,False,False,True,0
389019,G06006507,Low,False,False,False,0
4512,G06006507,Medium,True,True,True,0
255956,G06006502,Low,False,False,False,0
184023,G06006515,High,False,False,False,0
495567,G06006502,Medium,True,True,False,0
187635,G06006515,High,False,False,False,0
116793,G06006502,High,True,True,False,0
372092,G06006515,High,True,True,False,0
387592,G06006502,Low,True,True,False,0
340154,G06006515,Low,False,False,False,0
545063,G06006515,Medium,False,False,True,1
335461,G06006515,Medium,True,True,False,0
39260,G06006515,High,False,False,False,1
188218,G06006515,Medium,False,False,False,0
390966,G06006502,Medium,False,False,True,0
117484,G06006502,Low,False,False,False,0
211059,G06006507,Medium,False,False,False,0
37858,G06006502,Low,False,False,False,0
51395,G06006507,High,False,False,False,0
250722,G06007101,Low,False,False,False,0
3736,G06006515,Low,False,False,False,0
211391,G06006515,Low,True,True,False,0
256508,G06007101,Low,False,False,False,0
128071,G06006502,High,False,False,True,0
116981,G06006515,Low,False,False,True,0
152290,G06006502,Medium,False,False,False,0
479003,G06006515,High,False,False,False,0
227878,G06006515,Medium,False,False,False,0
183827,G06006502,High,False,False,False,1
288448,G06006502,Low,False,False,False,0
187472,G06006515,High,False,False,False,0
117242,G06006515,Medium,False,False,False,0
478739,G06006507,Low,True,True,True,0
115046,G06006502,Low,False,False,False,0
232759,G06006515,Medium,False,False,True,0
496614,G06006502,High,False,False,False,0
168360,G06006515,High,False,False,False,0
390500,G06006502,Medium,False,False,False,0
233721,G06006515,Low,True,True,False,0
215078,G06006515,Low,False,False,False,1
394548,G06006515,Low,False,False,False,0
56357,G06006502,Medium,False,False,False,0
214926,G06006507,Medium,False,False,False,0
8383,G06006502,Low,False,False,False,0
109317,G06006515,Medium,False,False,False,0
259844,G06006502,Low,False,False,False,0
56559,G06006502,Medium,False,False,True,1
35485,G06007101,Medium,False,False,False,0
231234,G06006515,High,False,False,False,0
398519,G06006502,Medium,False,False,False,0
398573,G06006515,High,False,False,False,0
157121,G06006515,High,True,True,False,0
374674,G06006515,High,False,False,False,0
109013,G06006515,Medium,False,False,False,0
333944,G06006502,Medium,False,False,False,1
314264,G06006515,Medium,False,False,False,0
374538,G06006515,High,True,True,False,0
397643,G06006502,Medium,False,False,False,0
344036,G06006502,High,False,False,False,0
189719,G06007101,Medium,False,False,False,1
546761,G06006507,Low,False,False,False,0
56123,G06006502,High,False,False,True,0
493110,G06006515,Medium,False,False,False,0
500396,G06006515,Medium,False,False,False,0
398107,G06006515,Medium,False,False,False,0
470463,G06006515,Medium,False,False,False,0
109521,G06006502,High,True,True,False,0
492913,G06006515,High,False,False,False,0
108869,G06006515,Low,False,False,False,0
381731,G06006502,Medium,True,True,False,0
229345,G06006502,Low,False,False,False,0
368315,G06006502,Low,False,False,False,0
320402,G06006502,Medium,False,False,False,0
208841,G06006515,High,False,False,False,0
9124,G06006515,High,True,True,False,0
234672,G06006515,Medium,False,False,False,0
314137,G06006502,Low,False,False,True,0
501426,G06006502,Medium,False,False,False,1
547303,G06006515,High,False,False,False,0
547315,G06006515,High,True,True,False,0
316543,G06006502,High,False,False,False,0
338385,G06006515,High,False,False,False,0
468453,G06006515,Medium,True,True,False,0
107661,G06006502,Low,False,False,False,0
468443,G06006515,Low,False,False,False,0
226450,G06006502,Medium,False,False,False,0
260302,G06006515,High,False,False,False,0
121495,G06006502,Medium,False,False,False,0
184575,G06006515,High,False,False,False,0
216855,G06006515,Medium,True,True,False,0
399233,G06006515,High,False,False,True,0
121154,G06006502,High,True,True,False,0
35162,G06006502,Medium,False,False,False,0
368515,G06006515,Medium,False,False,False,0
248762,G06006502,Medium,False,False,False,0
368487,G06006507,High,False,False,False,0
186368,G06006502,High,False,False,False,0
121336,G06006502,Medium,False,False,False,0
208962,G06006502,High,False,False,False,0
314166,G06006502,Low,True,True,False,0
538187,G06006502,Medium,False,False,False,0
213125,G06007101,High,False,False,False,0
344628,G06006515,Low,False,False,False,1
2188,G06006502,Medium,False,False,False,0
471074,G06006515,Low,False,False,False,0
374536,G06006515,Low,False,False,False,0
314393,G06006502,Low,False,False,True,0
36481,G06006515,Medium,True,True,False,0
395582,G06007101,High,False,False,False,0
36442,G06006502,Low,False,False,False,0
472257,G06006515,Medium,True,True,True,0
186776,G06006507,Low,False,False,False,0
212817,G06006515,Low,False,False,False,0
472230,G06006515,Low,False,False,False,0
493593,G06006515,Medium,False,False,False,0
111266,G06006502,Low,True,True,True,0
472133,G06006515,High,False,False,False,0
186755,G06006515,High,True,True,False,0
395897,G06006502,Low,False,False,False,0
111224,G06006502,Medium,True,True,False,1
258800,G06006515,Medium,False,False,False,1
317083,G06006502,Medium,False,False,False,0
384397,G06006502,Low,False,False,False,0
384703,G06006515,Medium,False,False,False,0
286706,G06006515,Medium,False,False,True,0
189068,G06006502,High,False,False,False,0
319250,G06006502,Medium,False,False,False,0
153185,G06007101,Medium,False,False,True,0
484272,G06006515,Low,False,False,True,0
167397,G06006502,High,True,True,False,0
384491,G06006502,High,True,True,True,0
295624,G06006502,Medium,True,True,False,0
119327,G06006515,Low,False,False,False,0
6861,G06006502,Low,False,False,False,0
54196,G06006515,Medium,False,False,False,0
540769,G06006515,Medium,False,False,True,0
540735,G06006515,Medium,True,True,False,0
129953,G06006515,Low,True,True,False,0
499091,G06006515,High,False,False,False,0
36723,G06007101,Medium,False,False,False,0
501551,G06006502,High,False,False,True,1
396129,G06006515,High,True,True,False,0
120072,G06006502,Medium,True,True,False,0
7596,G06006502,High,True,True,False,0
254419,G06006515,Medium,True,True,False,0
396941,G06006515,Low,True,True,False,1
285938,G06006515,High,False,False,False,0
254377,G06006502,Low,True,True,False,0
397085,G06006515,Low,True,True,False,0
2302,G06006502,High,False,False,False,0
471380,G06006515,Medium,False,False,False,0
212877,G06006515,Medium,False,False,False,0
397241,G06006507,Medium,False,False,True,0
319709,G06006515,Low,False,False,False,1
383014,G06006507,Medium,False,False,False,0
55700,G06006515,Medium,False,False,False,0
397438,G06006515,Low,False,False,False,0
2216,G06006515,Low,True,True,False,0
343744,G06006502,Low,False,False,False,0
546421,G06006502,High,False,False,False,0
189559,G06006515,Medium,False,False,False,0
396330,G06006515,High,False,False,False,0
499616,G06006502,Medium,True,True,False,0
249228,G06006515,High,False,False,False,0
2560,G06006502,Low,False,False,False,0
539940,G06006502,High,False,False,False,0
335749,G06006502,Low,False,False,False,0
183179,G06006502,Medium,True,True,False,0
189468,G06006502,Medium,False,False,False,1
2408,G06006515,High,False,False,True,0
499672,G06006502,Low,True,True,False,0
236794,G06006515,Medium,False,False,True,0
448094,G06006502,High,False,False,False,0
452272,G06006515,Low,True,True,False,1
431808,G06006515,Low,True,True,False,0
452223,G06006507,Low,False,False,False,0
201808,G06006515,Medium,False,False,False,1
310438,G06006502,High,False,False,False,0
313052,G06006502,High,True,True,False,0
75789,G06006502,Medium,True,True,False,0
92699,G06006515,Medium,False,False,True,0
420332,G06006515,Medium,False,False,False,0
527248,G06006502,Medium,False,False,False,0
298871,G06006507,High,False,False,False,1
238917,G06006515,High,False,False,False,0
527568,G06006502,Medium,True,True,True,0
419069,G06006502,Medium,True,True,False,0
419087,G06006502,Medium,False,False,False,0
361580,G06006515,Low,False,False,False,0
326262,G06006502,Low,False,False,False,0
29273,G06006515,Medium,False,False,False,0
84986,G06006515,Low,False,False,False,0
76348,G06006515,High,True,True,True,0
243324,G06006515,Low,True,True,False,0
76320,G06006502,High,False,False,False,0
76126,G06006515,Medium,True,True,False,0
278339,G06006502,Medium,False,False,True,1
311213,G06006502,Low,True,True,True,0
357555,G06006502,Low,False,False,False,0
451052,G06006515,High,False,False,False,0
450908,G06006515,Medium,False,False,False,0
85304,G06006515,High,False,False,False,1
20279,G06006502,Low,False,False,False,0
522032,G06006515,Low,False,False,False,1
302480,G06006502,Medium,False,False,False,0
142968,G06006515,Medium,True,True,False,0
450483,G06006502,High,False,False,False,0
350833,G06006507,Medium,False,False,False,0
350845,G06006515,High,False,False,False,0
196001,G06006515,Medium,False,False,False,0
266651,G06006502,Low,False,False,False,0
431173,G06006515,Low,False,False,False,0
451599,G06006515,Low,False,False,False,0
515449,G06006515,Medium,False,False,False,0
145141,G06006502,Medium,False,False,False,0
203897,G06006515,Low,False,False,False,0
431411,G06006515,Low,False,False,False,0
361016,G06006515,High,False,False,False,0
526976,G06006502,Medium,True,True,False,0
92152,G06006502,High,False,False,False,0
70086,G06006507,Low,True,True,False,0
75500,G06006515,Low,True,True,False,0
274197,G06006515,Medium,False,False,False,0
350640,G06006502,Medium,True,True,True,0
328627,G06006502,Low,False,False,False,0
142468,G06006502,Medium,False,False,True,0
312104,G06006515,Medium,True,True,False,0
328220,G06006507,Low,False,False,False,0
529077,G06006515,Medium,False,False,False,0
520395,G06006502,Medium,True,True,False,0
354163,G06006515,High,False,False,False,0
454314,G06006507,Medium,False,False,False,0
220653,G06007101,Medium,False,False,False,0
15533,G06006515,High,False,False,False,1
214175,G06006507,Medium,False,False,False,0
67973,G06006515,Medium,True,True,True,0
440768,G06006507,High,False,False,False,0
270320,G06006502,Medium,False,False,False,0
520345,G06006515,High,False,False,False,1
273194,G06006515,High,False,False,False,0
164812,G06006515,High,False,False,True,0
298433,G06006515,High,False,False,False,0
24154,G06006502,High,False,False,False,0
96121,G06006515,Low,False,False,False,0
455902,G06006502,Medium,False,False,True,0
96064,G06006502,Medium,True,True,False,0
66944,G06006515,High,False,False,False,0
349288,G06006502,High,False,False,False,0
416110,G06006502,Low,True,True,False,0
454944,G06007101,Low,True,True,False,0
15205,G06006515,High,True,True,False,1
362169,G06006502,Low,False,False,False,0
520590,G06006515,Medium,False,False,False,0
145495,G06006502,Medium,False,False,False,1
323929,G06006502,High,False,False,False,0
323937,G06006502,Medium,False,False,False,0
16225,G06006507,Low,False,False,False,0
195331,G06006515,Medium,False,False,False,0
265459,G06006502,High,True,True,True,1
84093,G06006502,High,False,False,False,0
84118,G06006515,Medium,False,False,False,0
163836,G06006502,Medium,False,False,False,0
93953,G06006502,High,True,True,False,0
521159,G06006502,Medium,False,False,False,0
441457,G06006515,High,False,False,False,1
28305,G06006507,High,True,True,False,0
453760,G06006502,Low,False,False,False,0
68396,G06006502,Low,False,False,False,0
194934,G06006515,High,False,False,False,0
279082,G06006502,Low,False,False,True,0
15664,G06006515,Medium,False,False,False,0
440890,G06006515,Low,False,False,False,0
136000,G06006502,Medium,True,True,False,0
354048,G06006502,High,True,True,False,0
528281,G06006515,High,False,False,True,0
432998,G06006515,High,False,False,False,0
432858,G06006515,Low,True,True,True,0
432826,G06006515,Medium,False,False,False,1
432758,G06006515,High,False,False,False,0
303127,G06006502,High,False,False,False,1
70815,G06006515,Medium,True,True,True,0
74259,G06006502,Medium,False,False,False,0
444741,G06006502,High,False,False,True,0
88824,G06006515,Low,False,False,True,0
72481,G06006502,High,True,True,False,0
88736,G06006515,Low,True,True,False,1
27451,G06006515,Medium,True,True,False,0
524655,G06006502,Low,False,False,False,0
222800,G06006502,High,False,False,True,0
268873,G06006515,Medium,False,False,False,0
86887,G06006515,Low,False,False,True,0
428734,G06006502,Medium,True,True,False,0
325215,G06006502,High,False,False,False,0
426552,G06006502,High,False,False,False,0
27264,G06006507,Medium,True,True,True,0
447752,G06006515,Medium,False,False,False,1
522943,G06006515,Medium,True,True,False,0
268956,G06006502,Low,False,False,False,0
267601,G06006502,High,False,False,False,0
172738,G06006515,High,False,False,True,0
444332,G06006502,Low,True,True,False,0
196810,G06006502,Low,False,False,False,0
180475,G06006515,Medium,True,True,False,0
143319,G06006502,High,False,False,False,0
425532,G06006502,High,False,False,False,0
299442,G06006502,Medium,False,False,False,0
429295,G06006515,High,False,False,False,0
138180,G06006507,Low,False,False,False,0
74488,G06006507,Medium,False,False,True,0
329752,G06006507,Medium,False,False,False,0
26946,G06006502,Medium,False,False,True,0
222616,G06006515,Medium,False,False,False,0
275333,G06006515,High,False,False,False,0
244202,G06006515,Medium,False,False,True,0
523615,G06006507,Medium,False,False,False,0
275570,G06006502,Low,False,False,False,0
329271,G06006502,Low,True,True,True,0
427558,G06006502,Medium,False,False,False,0
138704,G06006502,Medium,False,False,False,0
428073,G06006515,Low,False,False,False,0
310912,G06006515,Low,False,False,False,0
513713,G06006515,Medium,True,True,False,0
202520,G06006515,Low,False,False,True,0
325370,G06006515,Low,False,False,False,0
86959,G06006502,Medium,True,True,False,0
514027,G06006507,Low,False,False,False,0
171873,G06006515,Low,True,True,False,0
329403,G06006515,Medium,False,False,False,0
426807,G06006515,Medium,True,True,False,0
299583,G06006515,Medium,True,True,False,0
426878,G06006515,Low,False,False,False,0
27091,G06006502,Medium,True,True,False,0
244328,G06006502,Low,False,False,False,0
358939,G06006515,High,False,False,True,0
87061,G06006502,Medium,False,False,True,0
424998,G06006502,Medium,False,False,True,0
18377,G06006502,Low,False,False,True,0
90859,G06006507,High,False,False,False,0
312847,G06006502,High,True,True,True,0
430486,G06006515,Low,False,False,True,0
85728,G06006502,High,False,False,False,0
90633,G06006502,Low,True,True,False,1
71278,G06006502,Low,False,False,False,0
173000,G06006515,Medium,True,True,False,0
203304,G06006502,Low,False,False,True,0
17786,G06007101,Low,False,False,False,0
90985,G06006515,High,False,False,False,0
269366,G06006515,Low,True,True,True,0
450295,G06006502,Medium,False,False,False,0
328727,G06006502,Low,False,False,False,0
70937,G06006515,Medium,False,False,False,0
71095,G06006502,Medium,False,False,False,0
443422,G06006515,Low,True,True,False,0
196377,G06006515,High,False,False,False,0
198216,G06006502,High,False,False,False,0
511628,G06006515,High,False,False,False,0
85576,G06006507,Low,True,True,False,0
25719,G06006502,Low,False,False,True,0
160163,G06006515,Low,False,False,False,0
526288,G06006507,Medium,False,False,False,0
85835,G06006515,High,False,False,False,0
222399,G06006502,High,False,False,False,0
423554,G06006515,Medium,False,False,False,0
267344,G06006515,Low,False,False,False,0
137797,G06006515,Low,False,False,False,0
26035,G06006502,Medium,False,False,False,0
196579,G06006515,Medium,False,False,False,0
269179,G06006515,Medium,False,False,False,0
137925,G06006515,Low,False,False,False,0
19735,G06006502,Low,True,True,False,0
448423,G06006502,High,True,True,False,0
74632,G06006515,Low,False,False,True,0
269120,G06006515,High,False,False,True,0
219913,G06006515,High,False,False,False,0
450376,G06006502,Medium,False,False,False,0
181013,G06006502,High,True,True,False,0
276855,G06006502,Low,False,False,False,1
274645,G06006515,Low,False,False,False,0
511918,G06006515,High,False,False,True,0
144650,G06006502,Medium,False,False,False,0
423741,G06006502,Low,True,True,False,0
423842,G06006515,Low,False,False,False,0
444015,G06006515,Low,False,False,False,0
203278,G06006502,Low,False,False,True,0
301682,G06006515,Medium,False,False,False,0
196439,G06006515,Medium,False,False,False,0
197963,G06006515,High,True,True,False,0
448922,G06006515,Low,True,True,True,0
240517,G06006515,Medium,False,False,True,0
349953,G06006502,High,False,False,False,0
436723,G06006515,Medium,True,True,False,0
508023,G06006515,Low,False,False,False,0
508007,G06006502,Low,False,False,True,0
13882,G06006502,Low,False,False,False,1
356403,G06006515,High,True,True,False,0
436525,G06006507,High,False,False,False,0
237021,G06006502,Medium,False,False,False,0
205728,G06006502,High,False,False,False,0
456967,G06006515,Low,False,False,False,0
96673,G06006502,High,False,False,False,0
98473,G06006515,High,True,True,False,0
354584,G06006502,Medium,True,True,False,0
363406,G06006515,Low,False,False,False,0
363430,G06006502,Medium,False,False,False,0
355063,G06006507,Medium,False,False,False,0
347997,G06006502,Low,False,False,False,0
331654,G06006515,Low,False,False,False,0
327693,G06006515,High,False,False,False,0
200391,G06006502,Medium,False,False,False,0
96891,G06006515,Medium,False,False,False,0
81909,G06006502,Low,False,False,False,0
13879,G06006515,High,False,False,False,0
178072,G06006515,Medium,False,False,False,0
281176,G06006502,High,False,False,False,0
281143,G06006502,Medium,False,False,True,0
14851,G06006515,Medium,True,True,True,0
246659,G06006515,High,False,False,False,0
434716,G06006507,High,False,False,False,0
173410,G06006515,Low,False,False,False,0
161954,G06007101,Medium,False,False,False,0
313573,G06006502,Medium,False,False,False,0
96560,G06006502,Medium,False,False,False,0
439557,G06006502,Medium,False,False,False,0
281139,G06006515,Low,True,True,True,0
159028,G06006502,Low,False,False,False,0
98537,G06006502,Medium,False,False,False,0
205757,G06006515,Low,False,False,True,0
31446,G06006515,Medium,False,False,False,0
414403,G06006515,Medium,False,False,True,0
194115,G06006502,High,False,False,False,0
221328,G06006515,Low,False,False,True,0
31189,G06006502,Medium,False,False,False,0
348765,G06006515,High,False,False,False,0
30733,G06006502,Medium,False,False,True,0
413747,G06006515,Low,True,True,False,0
263818,G06006515,High,True,True,False,0
65319,G06006515,Low,False,False,False,1
263821,G06006507,Medium,False,False,False,0
530874,G06006515,High,False,False,False,0
435328,G06006515,Medium,False,False,False,0
280882,G06006515,Medium,True,True,False,0
348354,G06006515,Low,False,False,False,0
356035,G06006502,Low,False,False,False,0
177948,G06006515,Low,False,False,False,0
98044,G06006502,High,True,True,False,0
300649,G06006515,Low,False,False,False,0
200766,G06006515,Medium,False,False,False,1
31278,G06006515,Medium,False,False,False,0
165217,G06006515,High,False,False,False,0
159197,G06006515,High,False,False,False,0
457951,G06006502,High,False,False,False,0
81261,G06006507,Low,True,True,True,0
22389,G06006502,Low,True,True,False,0
237543,G06006515,Medium,False,False,False,0
264100,G06006515,Low,True,True,False,0
518797,G06006515,High,False,False,True,0
221010,G06006515,Medium,True,True,False,0
78398,G06006502,Low,False,False,False,0
218485,G06006502,Medium,False,False,False,0
519504,G06006507,Medium,False,False,True,1
412109,G06007101,High,False,False,False,0
23328,G06007101,Medium,False,False,False,0
199409,G06006502,Low,False,False,True,0
326993,G06006515,Medium,False,False,False,0
507772,G06006515,Low,False,False,False,1
146517,G06006502,Medium,False,False,False,0
65442,G06006515,Low,False,False,False,0
134796,G06006502,Medium,False,False,False,0
530086,G06006515,Low,False,False,False,0
161746,G06006515,Low,False,False,False,0
78767,G06006515,High,False,False,False,0
193715,G06006515,High,False,False,False,0
135063,G06006502,High,True,True,True,0
507227,G06006502,High,False,False,False,0
263561,G06006515,High,True,True,False,0
411840,G06006515,Low,False,False,False,0
507432,G06006515,Low,False,False,True,1
82336,G06006502,Medium,False,False,False,0
456052,G06006515,Low,True,True,False,0
270615,G06006515,Low,False,False,False,0
172212,G06006502,Medium,True,True,False,0
434067,G06006502,Low,False,False,False,0
141195,G06006502,Low,False,False,False,0
31537,G06006502,Medium,False,False,False,0
437690,G06006515,Medium,False,False,False,0
519905,G06006502,Low,False,False,False,0
301251,G06007101,Medium,False,False,False,0
303674,G06006502,Medium,True,True,True,0
13447,G06006515,High,True,True,False,0
459213,G06006515,High,False,False,False,0
434247,G06006515,Low,False,False,False,0
31582,G06007101,High,False,False,False,0
271181,G06006515,Medium,False,False,False,0
531830,G06006515,Medium,False,False,False,0
354500,G06006515,Low,False,False,False,0
520021,G06006515,Low,False,False,False,0
172396,G06006502,High,False,False,False,0
518049,G06006515,Low,False,False,False,0
263505,G06006502,High,True,True,False,0
529783,G06006515,High,False,False,True,0
364565,G06006515,Low,False,False,False,0
297777,G06007101,High,False,False,False,0
362986,G06006515,Medium,False,False,False,0
66212,G06006515,Medium,False,False,False,0
246057,G06006502,Low,False,False,False,0
518199,G06006502,Low,False,False,False,1
236848,G06006515,Medium,True,True,False,1
414668,G06006502,Medium,False,False,False,1
273045,G06006502,High,False,False,True,0
322553,G06006515,High,True,True,False,0
30602,G06006502,High,False,False,False,0
193385,G06006515,High,False,False,False,0
326815,G06006502,Medium,False,False,False,0
80873,G06007104,High,False,False,False,0
228258,G06007104,High,False,False,False,1
357804,G06007104,High,False,False,False,0
211990,G06007104,Low,False,False,False,0
38968,G06007108,Medium,False,False,False,0
387877,G06007107,Medium,False,False,False,0
139169,G06002905,Medium,False,False,True,0
180448,G06007104,Low,True,True,False,0
19398,G06007104,High,False,False,False,0
74820,G06007104,Low,False,False,False,0
289425,G06007108,Low,False,False,False,0
244085,G06003772,High,False,False,False,1
341334,G06002905,Medium,False,False,False,0
168242,G06002905,Low,False,False,True,0
200694,G06002905,High,False,False,False,0
437671,G06002905,High,False,False,True,0
179748,G06007108,High,False,False,False,0
496691,G06007104,High,False,False,False,0
443546,G06007107,High,False,False,False,0
124997,G06007104,Medium,False,False,False,0
378644,G06007104,Medium,False,False,False,0
221480,G06007108,Medium,False,False,False,0
22406,G06007104,High,False,False,False,0
256707,G06007108,Medium,False,False,True,0
213846,G06007104,Low,False,False,False,0
544791,G06007104,Medium,False,False,False,0
85854,G06007107,High,True,True,False,1
140659,G06003772,High,False,False,False,0
443449,G06007104,High,False,False,False,0
114871,G06007104,Medium,False,False,True,0
185230,G06007104,High,False,False,False,0
523180,G06007104,Low,True,True,False,0
543444,G06007104,Medium,False,False,False,0
26213,G06007105,Medium,True,True,False,0
215699,G06007104,High,False,False,False,0
306635,G06007104,High,False,False,False,0
389866,G06006502,Low,False,False,False,0
437980,G06007104,Medium,False,False,True,1
42027,G06003772,Low,True,True,True,0
428947,G06007104,Medium,False,False,True,0
179205,G06003772,Medium,False,False,False,0
167962,G06010703,Medium,True,True,True,0
489895,G06007104,Low,False,False,False,0
499,G06007104,Medium,False,False,False,0
41939,G06007104,Medium,False,False,False,0
168052,G06007104,Medium,False,False,False,0
152354,G06007107,High,True,True,False,0
230400,G06002905,Low,False,False,False,0
301754,G06007105,High,False,False,False,0
480177,G06007107,Medium,False,False,False,0
308465,G06007107,Medium,False,False,False,0
377924,G06007104,High,False,False,False,0
388529,G06007107,High,True,True,False,0
116313,G06010703,Low,False,False,False,0
41864,G06002905,Medium,False,False,False,0
232713,G06003772,High,False,False,False,0
138813,G06006502,Low,False,False,False,0
141138,G06007108,Medium,True,True,False,0
48969,G06007104,Medium,True,True,False,0
317914,G06002905,Low,False,False,False,0
340924,G06007108,Low,False,False,False,1
124319,G06002905,High,False,False,False,0
337208,G06007107,High,False,False,False,0
271640,G06002905,Medium,True,True,False,0
327332,G06007107,Medium,False,False,False,0
172402,G06007104,Low,False,False,False,0
340576,G06002905,High,False,False,False,0
49211,G06003771,Low,False,False,False,0
429642,G06002905,High,False,False,False,0
517959,G06007104,Medium,False,False,False,0
377463,G06007104,Medium,False,False,False,0
213953,G06007108,Medium,False,False,False,0
128500,G06007104,High,True,True,False,0
26031,G06007105,High,False,False,False,0
24148,G06007104,Low,True,True,True,0
493252,G06002905,Low,False,False,False,0
441097,G06002905,High,False,False,False,0
291158,G06007108,Medium,False,False,False,0
441154,G06007105,High,False,False,False,0
301434,G06007104,Low,False,False,True,0
357031,G06003772,Medium,False,False,False,0
380435,G06007108,Medium,False,False,False,0
485777,G06007104,Low,False,False,False,0
82289,G06007104,Medium,False,False,True,0
83492,G06007104,Medium,False,False,False,0
21862,G06007104,High,True,True,False,0
326358,G06007104,High,False,False,False,0
272672,G06003772,Low,True,True,False,0
432499,G06007108,Medium,False,False,False,0
374111,G06006515,Low,False,False,False,0
44078,G06007104,Medium,True,True,False,0
432346,G06002905,Medium,False,False,False,0
546320,G06003772,Low,True,True,False,0
122796,G06002905,Low,False,False,False,0
251374,G06002905,High,False,False,False,0
185941,G06007104,Low,False,False,False,1
83972,G06007104,Low,True,True,False,0
432538,G06007104,High,False,False,False,0
374288,G06007107,Medium,False,False,False,0
253488,G06002905,High,False,False,True,0
546334,G06002905,Medium,False,False,False,0
119679,G06007104,Medium,False,False,True,0
127024,G06006502,Medium,False,False,False,0
140095,G06007108,Medium,False,False,False,0
221682,G06002905,Low,True,True,False,0
121603,G06010703,High,False,False,False,0
184608,G06007107,Medium,False,False,False,0
175634,G06007104,Medium,False,False,False,0
328160,G06003772,Medium,False,False,False,0
293915,G06002905,High,False,False,False,0
82421,G06003772,Medium,True,True,False,0
439847,G06007104,High,False,False,False,0
44420,G06002905,High,False,False,False,0
440091,G06007104,Medium,False,False,False,0
121874,G06003772,Medium,False,False,False,0
381635,G06007104,Medium,False,False,False,0
82628,G06007105,Medium,False,False,False,0
270545,G06007104,Medium,False,False,False,0
44652,G06006515,Medium,False,False,False,0
486991,G06002905,Low,False,False,False,0
142016,G06007104,Medium,True,True,False,0
492907,G06007104,Low,False,False,False,0
21490,G06007104,High,False,False,False,0
220641,G06002905,Low,False,False,False,0
142085,G06006515,Low,False,False,False,0
311891,G06007105,Low,False,False,False,0
126538,G06007104,Medium,False,False,False,0
253959,G06006515,Low,False,False,False,0
186391,G06007104,Low,False,False,False,0
1991,G06007104,High,False,False,False,0
434218,G06007107,Low,False,False,False,0
220366,G06007104,High,False,False,False,0
292177,G06006502,Low,True,True,False,0
307474,G06006502,Medium,True,True,False,0
521859,G06007104,Medium,False,False,True,0
339890,G06007107,Medium,False,False,False,0
41267,G06007104,High,False,False,False,0
142890,G06007108,High,False,False,False,0
494428,G06007108,Medium,False,False,False,0
185850,G06007105,Medium,False,False,False,0
118035,G06007107,Low,False,False,False,0
212374,G06007104,High,False,False,False,0
200769,G06007107,Medium,False,False,False,0
75703,G06007108,Low,False,False,False,0
231950,G06006502,Low,False,False,True,0
117567,G06007107,High,False,False,False,0
78572,G06007104,Medium,True,True,False,0
20215,G06007104,High,False,False,False,0
300698,G06007107,High,False,False,False,1
243639,G06007104,Medium,True,True,False,0
274390,G06007104,High,False,False,False,0
3600,G06007104,High,False,False,False,0
386590,G06007104,Low,False,False,False,0
386813,G06007104,Medium,False,False,True,1
435361,G06007104,High,True,True,False,0
85379,G06002905,High,False,False,False,0
494716,G06002905,Low,False,False,True,0
118233,G06003772,Medium,False,False,False,0
294337,G06007104,High,True,True,False,0
39887,G06007104,Medium,False,False,False,0
488041,G06007107,Medium,False,False,False,0
272655,G06007104,High,False,False,False,0
186962,G06007108,High,False,False,True,0
252034,G06002905,High,False,False,False,0
119401,G06007104,Low,False,False,False,0
516000,G06007104,Low,False,False,False,0
119359,G06007104,Low,True,True,False,0
25084,G06007104,Medium,False,False,False,0
46836,G06002905,High,False,False,False,0
375685,G06002905,Medium,False,False,False,0
84409,G06007108,High,False,False,True,0
118815,G06010703,Medium,False,False,False,0
385534,G06007104,High,True,True,False,0
222129,G06007104,Low,False,False,False,0
273902,G06003772,Medium,False,False,False,0
152922,G06007104,High,False,False,False,0
385765,G06002905,Low,True,True,False,0
179610,G06007104,Low,True,True,False,0
488250,G06002905,Medium,False,False,False,0
385612,G06011107,Low,False,False,False,0
326199,G06007107,Low,False,False,False,0
339586,G06003771,Medium,False,False,True,0
213530,G06007107,High,False,False,False,0
385232,G06007104,Medium,True,True,False,0
127461,G06007104,Low,False,False,False,0
198664,G06007104,Medium,False,False,False,0
362816,G06002905,Medium,False,False,False,0
508811,G06007104,Medium,False,False,False,0
191351,G06007104,Low,False,False,False,0
503347,G06002905,High,False,False,False,0
362918,G06007104,Low,True,True,False,0
455980,G06002905,High,False,False,False,0
465319,G06007104,Low,True,True,False,0
264928,G06007108,Medium,False,False,False,0
261576,G06007104,High,True,True,False,0
67703,G06007104,Medium,False,False,False,0
66293,G06007104,Medium,False,False,False,0
366743,G06007105,Medium,False,False,False,0
205162,G06002905,High,False,False,False,0
508303,G06007104,Medium,True,True,False,0
321440,G06002905,Low,False,False,False,0
194279,G06007104,Medium,False,False,False,0
66486,G06007108,Low,False,False,False,0
194424,G06002905,Medium,False,False,False,1
264629,G06002905,High,False,False,False,0
261667,G06007108,High,False,False,False,0
132658,G06007104,Low,True,True,False,0
177491,G06007104,Low,True,True,False,0
66708,G06007104,Medium,True,True,False,0
11054,G06002905,Low,False,False,True,0
367744,G06007104,Medium,False,False,False,0
68351,G06003772,Medium,False,False,False,0
94544,G06002905,High,False,False,False,0
94583,G06007104,Medium,False,False,False,0
58423,G06002905,Medium,False,False,False,0
248304,G06002905,High,False,False,False,0
402052,G06007104,Medium,True,True,False,0
367846,G06007104,Low,False,False,False,0
106927,G06002905,Medium,False,False,False,1
418222,G06007104,Low,False,False,False,0
16198,G06007104,Medium,False,False,False,0
537300,G06002905,Low,False,False,False,0
418148,G06007104,High,False,False,False,0
58248,G06003772,Low,False,False,False,0
94665,G06002905,Medium,False,False,False,0
330772,G06007107,Medium,False,False,False,0
181346,G06007104,High,True,True,False,0
403111,G06007104,Low,True,True,False,0
238327,G06002905,Medium,False,False,False,0
59218,G06002905,High,False,False,False,0
536319,G06002905,Medium,False,False,False,0
182770,G06007104,Medium,False,False,False,0
67852,G06002905,High,False,False,False,0
145824,G06007104,Low,False,False,False,0
59339,G06007104,Medium,False,False,False,0
509150,G06007104,High,False,False,False,0
261178,G06002905,Low,False,False,False,0
30006,G06002905,High,False,False,False,0
235247,G06002905,High,False,False,False,0
345271,G06002905,High,False,False,False,0
454183,G06002905,High,False,False,False,0
15633,G06007108,High,True,True,False,0
320907,G06007104,Low,False,False,True,0
502410,G06007104,Medium,False,False,True,0
509409,G06002905,Medium,False,False,False,0
166290,G06002905,Medium,False,False,False,0
320957,G06007104,Medium,True,True,False,0
466167,G06007108,Medium,False,False,False,0
504129,G06007104,Medium,False,False,False,0
411910,G06002905,Medium,False,False,False,0
133680,G06007104,Low,False,False,False,0
460818,G06007104,Medium,True,True,False,0
409080,G06003772,Medium,True,True,False,0
408779,G06007104,High,False,False,False,0
506953,G06002905,High,False,False,False,0
246946,G06006502,Medium,False,False,False,0
263023,G06007104,High,False,False,False,0
263028,G06007104,Low,False,False,False,0
506950,G06002905,Low,False,False,False,0
32350,G06007104,Medium,False,False,False,0
408753,G06007104,Medium,False,False,False,0
309899,G06007104,High,True,True,False,0
134687,G06002905,Medium,False,False,False,0
98270,G06007104,Medium,False,False,False,0
322032,G06007108,Medium,False,False,False,0
297458,G06010703,Medium,False,False,False,0
365461,G06010703,Low,False,False,True,0
365381,G06002905,Low,False,False,False,0
13061,G06007104,Medium,False,False,False,0
410109,G06007104,Medium,False,False,False,0
532450,G06007107,Low,False,False,False,0
173571,G06002905,Low,False,False,False,0
331971,G06007104,Low,False,False,False,0
263453,G06007104,Medium,False,False,False,0
410354,G06002905,Low,False,False,False,0
63364,G06002905,High,False,False,False,0
236644,G06007107,High,False,False,False,0
364978,G06007104,High,True,True,False,0
193504,G06007107,Low,False,False,False,0
331779,G06007104,Low,False,False,False,0
459042,G06007104,High,False,False,False,0
237165,G06007104,Low,False,False,True,0
309901,G06003772,High,True,True,False,0
406264,G06007107,Low,False,False,False,0
348670,G06003772,Low,False,False,False,0
159364,G06007104,Medium,False,False,False,0
457269,G06002905,Low,False,False,False,0
11942,G06007104,High,False,False,False,0
297278,G06007104,Low,False,False,False,0
297281,G06007104,Medium,True,True,False,0
162042,G06007104,Low,False,False,True,0
192070,G06002905,Medium,False,False,False,0
463538,G06007107,High,False,False,False,0
405545,G06007107,Medium,True,True,False,0
164945,G06007104,Low,False,False,False,0
323358,G06002905,High,False,False,False,0
309392,G06002905,High,False,False,False,0
170828,G06003772,Low,False,False,False,0
280288,G06007104,High,False,False,False,0
207269,G06003772,Medium,True,True,False,0
321766,G06002905,High,False,False,False,0
406706,G06010702,High,False,False,False,0
407651,G06002905,High,False,False,False,0
165218,G06007104,High,False,False,False,0
262479,G06007104,High,False,False,False,0
412335,G06007104,Medium,True,True,False,0
101802,G06003772,High,True,True,False,0
461530,G06007104,Low,True,True,False,0
14110,G06010703,High,False,False,False,1
297335,G06007104,Medium,False,False,False,0
535032,G06002905,High,False,False,False,0
280597,G06007108,Medium,False,False,False,0
534071,G06007104,Medium,False,False,False,0
264025,G06007104,High,False,False,False,0
102524,G06007104,High,False,False,False,1
246364,G06007104,Medium,False,False,False,0
32834,G06007104,High,False,False,False,0
407254,G06007104,Medium,False,False,False,0
65025,G06007107,Low,False,False,False,0
412710,G06007108,Medium,False,False,False,0
65006,G06003771,Low,False,False,False,0
102394,G06007104,Low,False,False,False,0
247287,G06010703,High,False,False,False,0
498587,G06007104,Medium,False,False,False,0
6599,G06002905,Low,False,False,False,0
424830,G06002905,Medium,False,False,False,0
233776,G06002905,Medium,False,False,False,0
394731,G06007108,Low,False,False,False,0
370862,G06007104,Low,True,True,False,0
359332,G06007104,High,False,False,True,0
144154,G06007107,Low,True,True,False,0
512626,G06002905,Medium,True,True,True,0
6444,G06010703,High,False,False,False,1
474620,G06007104,Medium,False,False,False,0
239878,G06007104,Low,True,True,False,0
90200,G06002905,Medium,False,False,False,0
511979,G06007104,High,False,False,False,0
449210,G06007104,High,False,False,False,0
370001,G06007104,Low,False,False,False,0
472620,G06002905,High,True,True,False,0
259045,G06002905,Medium,False,False,False,0
7200,G06006502,Medium,False,False,False,0
130246,G06007104,Low,True,True,False,0
472108,G06007108,Medium,False,False,False,0
423512,G06007108,Low,False,False,True,0
150544,G06007104,Low,False,False,False,0
111801,G06007104,Medium,False,False,False,0
498936,G06007104,Low,False,False,False,0
324890,G06007104,Medium,False,False,False,0
540863,G06007107,Medium,False,False,True,0
424278,G06007107,High,False,False,False,0
394953,G06007107,Low,False,False,False,0
71663,G06007105,Medium,False,False,False,0
54206,G06007104,Medium,False,False,False,0
89972,G06002905,Low,False,False,False,0
111857,G06002905,Medium,False,False,False,0
540686,G06003772,Medium,False,False,False,0
473079,G06007104,High,False,False,False,0
276889,G06007107,Low,False,False,False,0
276907,G06007107,Low,False,False,False,0
239882,G06002905,Medium,False,False,False,0
370886,G06007104,High,False,False,False,0
174445,G06007104,Medium,False,False,False,0
524081,G06007104,High,False,False,False,0
51648,G06007104,Low,False,False,False,0
227559,G06002905,Low,False,False,True,0
325300,G06002905,High,True,True,False,0
27064,G06007104,High,True,True,False,0
167690,G06007104,Medium,False,False,False,0
51775,G06007104,Low,False,False,False,0
542310,G06007108,High,False,False,False,0
446285,G06007104,Low,True,True,False,0
240234,G06007104,Low,False,False,False,0
143695,G06002905,High,False,False,False,0
26788,G06007104,High,False,False,False,0
329354,G06006502,Low,False,False,False,0
275593,G06006502,Medium,False,False,True,0
295327,G06003772,Medium,False,False,False,0
342109,G06002905,High,False,False,True,1
351942,G06007104,Medium,False,False,False,0
426094,G06002905,Low,False,False,False,0
188868,G06007104,Low,False,False,True,0
227310,G06007107,Low,True,True,False,0
305974,G06006502,Low,False,False,False,0
318927,G06002905,High,False,False,False,0
393359,G06006515,High,False,False,False,0
37060,G06002905,High,False,False,False,0
111236,G06007107,Low,True,True,False,0
129293,G06007104,Medium,False,False,False,0
276047,G06010703,Low,False,False,False,0
358984,G06007104,High,False,False,False,0
52000,G06007104,High,False,False,False,0
524340,G06007104,High,False,False,False,0
27212,G06003772,Medium,False,False,False,0
513235,G06007104,High,False,False,False,0
359037,G06007104,Medium,True,True,False,0
240087,G06007104,High,False,False,False,0
497710,G06007104,Low,False,False,False,0
513058,G06007104,Medium,True,True,True,0
216501,G06003772,Medium,False,False,False,0
419706,G06007104,Medium,False,False,False,0
399498,G06007104,Low,False,False,False,0
248717,G06007104,Low,True,True,False,0
145302,G06007104,Medium,False,False,False,1
238864,G06007104,Medium,False,False,False,0
399906,G06003772,Medium,True,True,False,0
419488,G06002905,Low,False,False,False,0
344732,G06007105,Medium,False,False,False,0
108452,G06007104,Low,True,True,False,0
469226,G06007104,Low,False,False,False,0
420261,G06007104,Medium,False,False,False,1
183010,G06002905,High,False,False,False,0
399095,G06002905,Medium,True,True,True,0
469563,G06007104,High,False,False,False,0
69729,G06007104,Medium,False,False,False,0
131281,G06007105,Low,False,False,False,0
452201,G06007105,Medium,True,True,False,0
278210,G06002905,High,False,False,False,0
468599,G06002905,High,False,False,False,0
400794,G06002905,High,False,False,False,0
509972,G06007107,Medium,False,False,False,0
57720,G06007104,Medium,False,False,False,0
208687,G06007104,Medium,True,True,False,0
57619,G06007104,High,False,False,False,0
420340,G06007104,Low,False,False,False,0
93138,G06007104,Medium,False,False,False,0
226404,G06007104,Medium,False,False,False,0
324018,G06007107,Low,False,False,False,0
419304,G06007104,Low,False,False,False,1
16358,G06007104,Low,False,False,False,0
400325,G06007108,High,False,False,False,0
501474,G06007108,High,False,False,True,0
136347,G06007104,Medium,False,False,False,0
107648,G06007104,Low,False,False,False,0
181077,G06002905,Medium,False,False,False,0
209634,G06007104,Medium,False,False,True,0
150208,G06007104,High,False,False,False,0
259385,G06007105,Low,False,False,False,0
526594,G06007107,Low,False,False,False,0
110162,G06007108,Low,False,False,False,0
422192,G06002905,Low,False,False,False,0
28344,G06007104,Medium,False,False,False,0
319757,G06002905,Low,False,False,False,0
226844,G06007104,Low,False,False,False,0
539474,G06006502,Low,False,False,False,0
71112,G06007107,High,False,False,False,0
471620,G06007108,Medium,False,False,False,0
369808,G06007104,Medium,False,False,False,0
71313,G06010703,Low,False,False,False,0
196317,G06007104,Medium,False,False,True,0
277293,G06007107,High,False,False,False,1
55321,G06002905,Medium,False,False,False,0
55350,G06002905,Low,False,False,True,0
319625,G06011107,Low,True,True,False,0
249208,G06007104,High,False,False,False,0
150323,G06007104,Medium,False,False,False,0
351064,G06007104,High,False,False,True,0
449930,G06002905,Medium,False,False,False,0
396927,G06002905,High,False,False,True,0
266807,G06007104,Medium,False,False,False,0
56318,G06002905,Low,True,True,False,0
109358,G06007108,Low,True,True,False,0
500558,G06007104,High,True,True,False,0
69940,G06007104,Medium,True,True,False,0
173144,G06007107,Medium,False,False,False,0
189869,G06007104,Low,False,False,False,0
500684,G06002905,High,False,False,False,0
92490,G06003772,High,True,True,False,0
189886,G06007104,High,False,False,False,0
166946,G06002905,Medium,False,False,False,0
28953,G06007104,Low,False,False,False,0
510881,G06007104,High,True,True,False,0
510919,G06007104,Low,False,False,False,0
471014,G06007104,Low,False,False,False,0
259672,G06006502,Low,False,False,False,0
259705,G06003772,Medium,False,False,False,0
398076,G06007104,Low,False,False,False,0
330372,G06002905,High,False,False,False,0
