building_id,puma,income,is_care,annual_kwh,scaling_factor,tou_dr_bill,tou_dr_f_bill,F0_WF0_ROE0_bill,F0_WF0_ROE1.0_bill,F0_WF1_ROE0_bill,F50_WF0_ROE0_bill,F50_WF1_ROE1.0_bill,F100_WF0_ROE0_bill
100190,G06007312,low,True,2509.6910000000003,0.7130643653791515,656.835301924198,713.2235982129991,656.8390564659001,642.9521338569,575.5764156219002,861.6332371989001,766.5183107048999,1066.4738384109
100227,G06007317,low,True,3327.741,0.7130643653791515,869.4883734201042,920.2050494419968,869.4930015009,851.1041778309,761.8841310969001,997.6626880779,871.7106567189,1125.8950032069001
100321,G06007330,medium,False,1883.0900000000001,0.7130643653791515,795.5996077100027,994.30800389,795.6040371000001,778.8516626,697.5226351000001,1613.1653744999999,1498.3584528,2430.8084664999997
100325,G06007301,low,True,7192.1720000000005,0.7130643653791515,2087.0972598345247,2108.013051924671,2087.1089132595234,2047.211954605523,1853.6516322585235,1849.277300998523,1576.0241098785232,1611.576778570523
100368,G06007301,medium,False,7479.414000000001,0.7130643653791515,3471.399994828131,3341.8843593152396,3471.425597688132,3405.439576688132,3085.3464588881325,3451.4378141881316,2999.552347788132,3431.6791102881316
100534,G06007315,low,True,4967.708,0.7130643653791515,1347.4179931767233,1386.5239115806703,1347.426804205523,1319.8894236285228,1186.2972084525231,1319.951731351523,1131.358952515523,1292.5696836675231
100684,G06007310,medium,False,5278.127,0.7130643653791515,2341.3270331788112,2352.92553609227,2341.345959538811,2294.3181621388107,2066.1555510388107,2643.8929887388113,2321.799355038811,2946.5854045388105
100775,G06007322,medium,False,4711.441000000001,0.7130643653791515,2022.8342770893257,2070.2449628324025,2022.84674612932,1981.26934922932,1779.5057454293199,2417.97166082932,2133.1475195293197,2813.24825712932
101010,G06007324,low,True,8204.323,0.7130643653791515,2444.7493831749216,2459.606607748668,2444.7699226995237,2398.904453665523,2176.338728395523,2105.2110627675233,1791.0143298405233,1765.8636941505233
10121,G06007315,low,True,4368.922,0.7130643653791515,1234.1653989651027,1280.1523030379983,1234.1748292461,1209.4593846111,1089.5041217151002,1254.5660872191002,1085.2302122031,1275.0607852701
101305,G06007316,medium,False,5639.6320000000005,0.7130643653791515,2478.4136620581316,2467.497705705245,2478.420422088132,2429.050635388132,2189.4614016881324,2740.837138788132,2402.6137836881317,3003.423613088132
101323,G06007326,low,True,9643.987000000001,0.7130643653791515,2927.999293971024,2931.493241505669,2928.025277533523,2874.084052825524,2612.336985712523,2451.0339506115233,2081.5212721815233,1974.286713976523
101366,G06007326,medium,False,5284.965,0.7130643653791515,2302.8769636381344,2314.471413545807,2302.889589758133,2256.497397558133,2031.3833510581333,2616.075983658133,2298.285603758133,2929.445201858133
101374,G06007313,medium,False,13416.431,0.8407500276235722,6568.112884529999,6060.719162309431,6568.143062449999,6449.728340349999,5875.075462849999,5655.373095449998,4844.179626949999,4743.032456349999
101377,G06007312,medium,False,3775.219,0.7130643653791515,1568.917109800507,1670.8389425295602,1568.9258014805077,1535.7609428805079,1374.8511327805081,2107.3192257805076,1880.1613368805079,2645.8264963805077
101468,G06007317,high,False,14110.456,0.7130643653791515,6982.747182168132,6425.574783355236,6982.789607288132,6858.161617688131,6253.3700910881325,5964.190462288132,5110.404437088131,4946.113744288132
101479,G06007316,high,False,5920.700000000001,0.7130643653791515,2620.057174438124,2591.0892866052463,2620.0619334881317,2568.3287375881314,2317.2555075881323,2842.194260188132,2487.7634794881324,3064.5108112881317
101659,G06007325,low,True,2856.9519999999998,0.8407500276235722,748.9984981814998,803.1466809730009,749.0016382967999,733.1767832717999,656.3722353047999,920.7310020978,812.3085406848002,1092.5198234088
102003,G06007326,medium,False,6330.257,0.7130643653791515,2857.966794208132,2802.535226155242,2857.985134488132,2802.254735488132,2531.8925719881317,3012.4550295881318,2630.7841504881317,3167.113963888132
102110,G06007326,high,False,6438.596,0.7130643653791515,2993.0846366091514,2929.2182699955047,2993.1190594491504,2935.25676814915,2654.5053850491504,3111.2019636491495,2714.85245144915,3229.5137100491497
102197,G06007325,low,True,4891.8369999999995,0.8407500276235722,1417.3226256935745,1459.7183482309356,1417.3454990972762,1389.5853496382763,1254.9042980282761,1386.074620992276,1195.9376228222764,1354.942501143276
102213,G06007301,medium,False,6896.13,0.7130643653791515,3155.936115158134,3063.9246486052407,3155.952145688132,3095.2563306881316,2800.735012088132,3225.6858899881317,2809.908597488132,3295.6345856881317
102225,G06007317,low,True,3388.509,0.7130643653791515,884.9833792884004,935.232294157001,884.9873130021002,866.2701290481001,775.4515373241001,1007.5522484271,879.3440909931,1130.1782141571
102285,G06007307,low,True,4706.42,0.8407500276235722,1258.9258587380982,1301.5643116420001,1258.9351411455,1232.6736600045,1105.2569004435002,1253.1342709605,1073.2616346045002,1247.4277935495002
102371,G06007315,medium,False,4733.499,0.7130643653791515,2006.0047113386327,2052.798140375371,2006.0138479186407,1964.6424184186408,1763.8973180186408,2404.6699456186407,2121.282719918641,2803.487589818641
102438,G06007314,medium,False,2986.589,0.7130643653791515,1237.904039250001,1380.2015149800018,1237.90916587,1211.72839527,1084.68796947,1895.1122010699999,1715.7704427699998,2552.4056735699996
102842,G06007323,high,False,5674.845,0.7130643653791515,2518.03749923813,2504.7395144652387,2518.051507688132,2468.0163685881316,2225.2076368881317,2769.194508588132,2426.428039988132,3020.528906388132
10290,G06007314,high,False,5886.477,0.7130643653791515,2625.3066762981166,2598.4678121652437,2625.326021488132,2573.478859488132,2321.9806385881316,2845.962887388132,2490.919274988132,3066.769938588132
102932,G06007316,low,True,3462.819,0.7130643653791515,918.6362655435008,969.8769184159995,918.6448450851001,899.2745023310998,805.3079834331,1030.1726931411,897.5166804561001,1141.7636264361
102939,G06007315,medium,False,4741.602,0.7130643653791515,2022.1674169881278,2068.959724715242,2022.182459708132,1980.4454260081322,1777.9853634081321,2414.822157908132,2129.0045029081316,2807.604343308132
103004,G06007313,high,False,6613.454,0.8407500276235722,2967.4088774799975,2898.86101787943,2967.417948049999,2909.167552849998,2626.483520949999,3078.6599932499994,2679.5945597499995,3190.1061977499985
103089,G06007330,medium,False,1146.5970000000002,0.7130643653791515,472.3618113100008,708.848207660001,472.3627633100001,462.36179071000004,413.8225000100001,1404.92804441,1336.40798931,2337.5316021099998
103245,G06007311,medium,False,3748.147,0.7130643653791515,1569.1748985700006,1671.7164284200014,1569.18444731,1536.1748025099996,1376.0064936100002,2110.18926091,1884.08508621,2651.32353621
103273,G06007326,low,True,11562.542000000001,0.7130643653791515,3555.814871648422,3542.7170654296665,3555.846778987523,3491.408185264522,3178.7624032845238,2900.2954610295233,2458.9321961625233,2245.0508926545235
103289,G06007307,medium,False,6162.385,0.8407500276235722,2743.894521549996,2704.3618535294313,2743.919944449999,2689.3755670499986,2424.812558649999,2918.7187870499993,2545.223056349999,3093.7074647499985
103321,G06007313,medium,False,4741.360999999999,0.8407500276235722,1999.36226567813,2048.1704258352447,1999.3741687581323,1957.7417208581323,1755.7619995581322,2393.710804758132,2108.5761152581317,2788.185554958132
103595,G06007307,high,False,15005.917000000001,0.8407500276235722,7438.1006702099985,6828.077774889432,7438.153053449998,7305.190174349998,6660.012250749999,6277.954734149999,5367.1655252499995,5118.275360149999
103599,G06007311,medium,False,13453.683,0.7130643653791515,6651.067431918131,6136.444738185241,6651.139875088131,6531.997822588131,5954.1062114881315,5726.835577588132,4911.000674388131,4803.062448888132
103627,G06007323,medium,False,8379.654,0.7130643653791515,3937.66675568814,3750.152278255238,3937.6922562881323,3863.911972288132,3506.0162731881323,3785.1063253881316,3279.8571061881316,3632.7569384881317
103655,G06007302,medium,False,3627.235,1.4172145412832236,1516.076541249999,1625.5526842200002,1516.08877425,1484.07692645,1328.7596640499999,2074.1032311500003,1854.84051285,2632.2468486499997
103799,G06007316,high,False,11584.624,0.7130643653791515,5654.71005581813,5260.233721865239,5654.748281288132,5552.271543188132,5055.121272888131,5013.855115588132,4312.0719696881315,4373.285579088131
103807,G06007313,low,True,799.0079999999999,0.8407500276235722,207.67089651840203,275.45166527200007,207.6714248112,203.27598537120002,181.94230923120003,573.9704334552,543.8548957512,940.2868547952
103944,G06007310,medium,False,3410.7290000000003,0.7130643653791515,1419.9182122299978,1540.4768776599997,1419.9264066699998,1389.91977387,1244.33361317,2012.07803037,1806.55330807,2604.3289077699997
104255,G06007325,high,False,12882.814999999999,0.8407500276235722,6390.0888839499985,5916.787393009432,6390.1460760499995,6274.680511449998,5714.471288249999,5528.000871049999,4737.149891749999,4666.29584475
104302,G06007316,high,False,5489.899,0.7130643653791515,2415.3850243581333,2414.083170885238,2415.401647488132,2367.0700958881316,2132.591560688132,2695.737858888132,2364.720567888132,2976.244245288132
104378,G06007310,medium,False,1926.3149999999998,0.7130643653791515,794.2796633300005,990.867291359999,794.28258085,777.4659256499999,695.86183945,1610.8666264499998,1495.67026695,2427.5123283499997
10448,G06007308,high,False,8530.318,0.8407500276235722,3978.730302549997,3786.5336734894267,3978.7621994499987,3903.612081049999,3538.923499049999,3802.358189749999,3287.5284209499987,3626.323695149999
104532,G06007310,high,False,11826.507,0.7130643653791515,5714.090941778124,5304.4196288852345,5714.095004888131,5610.665511588131,5108.723538788132,5056.330518588131,4347.784307788132,4398.863850488131
104561,G06007322,medium,False,8807.653,0.7130643653791515,4199.0770116981275,3983.6544801652367,4199.106923688132,4120.983062788131,3741.8785090881324,3972.1725215881315,3436.989722788132,3745.5540549881316
104648,G06007306,low,True,5577.094999999999,0.8407500276235722,1578.9046185686775,1616.2982624699341,1578.916261245876,1547.4751116878765,1394.860041534876,1484.775133845876,1269.339834318876,1390.7622619088763
10477,G06007325,low,True,6729.215000000001,0.8407500276235722,1900.431106427703,1925.0991039766025,1900.439164921499,1863.213021211499,1682.6043932774992,1708.0666498964993,1453.1120594534993,1515.8060776814993
104867,G06007312,medium,False,5746.612,0.7130643653791515,2546.0057069781274,2528.17581006524,2546.019211088132,2495.513168788132,2250.4423203881324,2789.206983988132,2443.242868288132,3032.582706488132
105055,G06007310,medium,False,3607.2520000000004,0.7130643653791515,1533.8811497300014,1642.327092120001,1533.8946512300001,1501.8957730299999,1346.63810513,2092.1322854299997,1872.95480063,2650.49623453
105060,G06007313,medium,False,7352.904,0.8407500276235722,3354.146881199992,3237.9324978194386,3354.1672356499994,3289.433689649999,2975.3957932499998,3355.420618949999,2912.085418249999,3356.886834649999
105069,G06007315,low,True,4031.5379999999996,0.7130643653791515,1053.7705537569,1099.7531628860004,1053.7759308573,1031.4934367282997,923.3718741513001,1115.6470202792998,963.0142158153,1177.6007190813002
105088,G06007312,high,False,3494.9889999999996,0.7130643653791515,1462.6799422899994,1578.04094307,1462.6884025599998,1431.9211351600002,1282.60329916,2041.79853736,1831.0219727600002,2621.01954146
105181,G06007317,medium,False,11008.969000000001,0.7130643653791515,5365.613992708124,5008.195851255237,5365.651614688131,5268.025919888132,4794.336980488131,4806.970928188131,4138.267944288133,4248.645360688131
105457,G06007317,high,False,6578.351,0.7130643653791515,3017.1095564481325,2945.5502744352475,3017.1419918881325,2958.7353408881318,2675.473255088132,3126.351140388132,2726.450970488132,3235.757479288132
105460,G06007315,medium,False,6012.413,0.7130643653791515,2681.683991808131,2646.6998479952426,2681.694864488132,2628.9286849881323,2372.8590390881322,2886.299731988132,2524.8072484881322,3091.100297588132
105485,G06007301,medium,False,5349.507,0.7130643653791515,2329.0290028581335,2336.785072505239,2329.0363914881323,2282.159664588132,2054.679862088132,2633.938058488132,2312.811009088132,2938.994928488132
105667,G06007311,high,False,13618.737,0.7130643653791515,6750.331612988131,6224.60853899524,6750.376993288131,6629.62140918813,6043.654533088131,5797.887390288131,4970.693791388132,4845.8667927881315
105795,G06007326,low,True,4149.825,0.8407500276235722,1092.382318030177,1137.6986086965114,1092.390453509979,1069.4089408649786,957.9283234979789,1142.4692726099788,985.0882200749788,1192.6252442819787
105836,G06007314,low,True,481.212,0.7130643653791515,125.08422759000135,195.07263064800009,125.0845643628,122.43712267080001,109.5876902988,521.1436349748001,503.00480475480003,917.2131429228
105981,G06007306,high,False,8493.76,0.8407500276235722,3981.045224749998,3791.2013315694303,3981.0790416499995,3905.862656649999,3540.9960319499987,3804.0393741499993,3288.942200149999,3627.2750027499987
106,G06007301,high,False,7917.7119999999995,0.7130643653791515,3714.3031205581315,3556.4888320252403,3714.3319196881325,3644.2831070881316,3304.4880302881315,3625.264455888132,3145.575975988132,3536.4380522881315
10608,G06007301,low,True,4497.756,0.7130643653791515,1253.1209148738012,1297.0990212670015,1253.1334139919,1227.8826910538999,1105.3534675868998,1264.4950710909002,1091.5244370939001,1275.9629204859
106131,G06007324,medium,False,8093.477,0.7130643653791515,3840.0673262281302,3670.356192115243,3840.0885662881315,3767.976528888132,3417.9486173881314,3715.2706172881317,3221.175163988132,3590.7200999881316
106198,G06007324,medium,False,456.616,0.7130643653791515,188.3302777600022,460.1188438400005,188.33075368000004,184.34443728000002,164.99651088000002,1223.29075728,1195.97838768,2258.26649608
106238,G06007310,low,True,2081.6549999999997,0.7130643653791515,571.8032518023022,632.149966546001,571.8042045261002,560.0629085751002,503.02004833710004,812.8967560041001,732.3849344811001,1054.0407701031
106327,G06007317,high,False,5841.502,0.7130643653791515,2565.3461122781287,2541.3100269452375,2565.339900088132,2514.5499625881316,2267.904927388132,2803.039249688132,2454.870764788132,3040.933141388132
106469,G06007324,medium,False,6937.444,0.7130643653791515,3206.3387371381327,3111.497579845239,3206.369680088131,3144.8194946881317,2846.205180588132,3261.7598572881316,2840.198726588132,3317.3946405881316
106497,G06007325,low,True,7196.246999999999,0.8407500276235722,2085.787545515417,2109.6742435436922,2085.80740935872,2045.5022047827197,1849.92514659572,1840.9298489367197,1564.8349988427199,1596.23430471272
106673,G06007310,medium,False,824.8010000000002,0.7130643653791515,341.98658761999945,594.9336375300006,341.98775203,334.7570095300001,299.66205173000003,1321.71258833,1272.17125433,2301.4677443299997
106680,G06007314,high,False,4015.1020000000003,0.7130643653791515,1710.7098032600018,1797.519466830001,1710.73060327,1675.1164744700002,1502.3720991700004,2207.6250347699997,1963.7556956700003,2704.6544721699997
106701,G06007314,low,True,7006.187,0.7130643653791515,2047.8703081587237,2072.6302214346683,2047.8903696015232,2008.6406494485232,1818.2564029905232,1821.2151181995232,1552.4399429505233,1594.6687341165234
106795,G06007307,high,False,7101.910000000001,0.8407500276235722,3256.35809469,3156.068196629434,3256.388909049999,3193.2896794499984,2887.168996049999,3285.446307549999,2853.287700149999,3314.7464589499987
106977,G06007301,medium,False,3439.1629999999996,0.7130643653791515,1458.605098389998,1577.2383174899994,1458.6249241400003,1427.9486693399997,1279.1682811400003,2039.58519204,1829.54380004,2620.6509950399995
106978,G06007314,low,True,347.3839999999999,0.7130643653791515,90.30959894880041,161.22809992799964,90.30982005359999,88.39848674159998,79.1215742016,498.9002088216,485.8045253256,907.4981134896001
107181,G06007328,high,False,17822.599000000002,0.7130643653791515,9086.970327089995,8295.045064829428,9087.08957645,8926.481272949999,8147.62120195,7457.954258849999,6358.392034949999,5829.413863449999
107276,G06007310,low,True,11930.778999999999,0.7130643653791515,3692.8796634501246,3678.11690739867,3692.910866833523,3626.191959634523,3302.4228293625238,2998.3889553885233,2541.3300217215233,2304.175957828523
107617,G06007326,low,True,9266.2,0.7130643653791515,2777.806057482624,2781.96456135167,2777.8319258055235,2726.374555792523,2476.806781672524,2343.552607201523,1991.242394590523,1909.4660287815232
107679,G06007316,low,True,3740.691,0.7130643653791515,980.8298505498188,1029.0823401386924,980.8344525234199,960.11029898942,859.5500962674201,1069.2257082054202,927.26333199242,1157.68671641642
107811,G06007307,low,True,6580.698,0.8407500276235722,1840.8907658043063,1865.7065775525948,1840.8969156374994,1804.6733577074995,1628.8956006434996,1665.4513204964996,1417.3138387784995,1490.1374765624996
107872,G06007324,medium,False,8436.385,0.7130643653791515,4006.4693393681296,3814.9169086552356,4006.4954042881322,3931.596729788133,3568.099933588132,3834.3395258881324,3321.202427788132,3662.489779388132
107913,G06007317,medium,False,5588.495,0.7130643653791515,2476.2501516281286,2468.800421215246,2476.280081488132,2426.897818988132,2187.4858312881324,2739.292894388132,2401.310438888132,3002.475228088132
107926,G06007330,low,True,5368.967000000001,0.7130643653791515,1486.1661768690199,1522.5511009276695,1486.1754648015233,1456.324083136523,1311.4806425205234,1419.2402647725232,1214.7661122885231,1352.4173379885233
108051,G06007308,low,True,4522.633,0.8407500276235722,1240.8794703907474,1285.0561803150138,1240.8905151412487,1215.5092490212485,1092.3357337522484,1249.9910527222485,1076.1090339502484,1259.1933947122486
108074,G06007330,medium,False,7991.407999999999,0.7130643653791515,3768.1061166181303,3605.4408063652377,3768.142583688132,3697.1898412881314,3353.0386934881317,3663.772751688132,3177.915943588132,3559.654772288132
108120,G06007326,high,False,9515.824999999999,0.7130643653791515,4606.58836692813,4345.51494915524,4606.639912088132,4521.659164388133,4109.499289388132,4263.805635788132,3681.973035688132,3921.2797118881317
108184,G06007327,high,False,6212.341,0.7130643653791515,2817.403639608129,2769.309665135244,2817.426199288132,2762.3869284881316,2495.3025947881315,2983.428546288131,2606.387935188132,3149.657158688132
108246,G06007313,low,True,5610.183000000001,0.8407500276235722,1533.7936194587937,1568.226585827603,1533.8045563154994,1502.7015875444995,1351.8243234404995,1445.6957700764995,1232.7009390344997,1357.6912446794995
108359,G06007324,medium,False,7139.823,0.7130643653791515,3294.9108072881318,3187.175570875239,3294.9328396881324,3231.9055607881323,2926.1192457881325,3325.1422307881317,2893.454151288132,3355.5709462881323
108792,G06007315,medium,False,6144.766,0.7130643653791515,2779.8657701081306,2736.110527375237,2779.8850252881316,2725.4685686881317,2461.4286557881323,2956.5738988881317,2583.8310734881316,3133.4482843881315
109104,G06007316,medium,False,2804.4210000000003,0.7130643653791515,1161.2141429200021,1312.897579790001,1161.2204570300003,1136.65309503,1017.4553790300001,1845.93538873,1677.6702949300002,2530.74491743
109244,G06007324,medium,False,9787.208,0.7130643653791515,4681.812479838129,4403.425741005238,4681.841219088132,4595.650393288131,4177.410855288132,4317.614301588132,3727.189289688132,3953.7363321881317
109558,G06007312,low,True,6301.81,0.7130643653791515,1773.7519134939243,1800.0117865066675,1773.7557129735233,1739.109749572523,1570.944862108523,1625.0344992225232,1387.650504136523,1476.4452108735231
10960,G06007311,high,False,6168.601,0.7130643653791515,2749.121628018131,2704.1492381252365,2749.1271026881323,2695.237584588132,2433.699056288132,2934.5551149881317,2565.351406988132,3120.1739620881317
109658,G06007310,medium,False,818.054,0.7130643653791515,343.52582113999995,596.8124662000002,343.52973322,336.28138792,301.12172932,1323.02657102,1273.3922700199998,2302.55492832
109966,G06007327,high,False,7023.862,0.7130643653791515,3290.0107996281276,3189.358008515239,3290.0338564881317,3227.1070468881317,2921.692993788132,3321.6433261881316,2890.502829588132,3353.4966883881316
110058,G06007307,medium,False,10190.345000000001,0.8407500276235722,4986.069896979993,4686.114414179433,4986.141749049999,4894.106521749998,4447.73996605,4523.286498549999,3893.109206549999,4060.773593249998
110341,G06007316,high,False,19779.017,0.7130643653791515,9873.526254098131,8950.786306525239,9873.435183688132,9700.671848688131,8861.44039118813,8032.875048988131,6848.321590188132,6192.704047488132
110432,G06007315,medium,False,6066.332,0.7130643653791515,2716.931469888133,2678.558665655239,2716.9449488881323,2663.583161088132,2404.646257088132,2911.517213588132,2545.994673988132,3106.3003910881316
110480,G06007330,medium,False,11341.126,0.7130643653791515,5488.2092889681335,5109.747067655238,5488.233472888132,5388.566628888131,4904.951053288132,4894.685999988133,4211.9733645881315,4301.490249488132
110585,G06007316,low,True,11535.141,0.7130643653791515,3575.162922047728,3565.1462306006633,3575.2023469815235,3510.431052715523,3196.217658871523,2914.161804247523,2470.5676591065235,2253.396544297523
110639,G06007302,medium,False,785.8330000000001,0.8407500276235722,323.04009468999817,577.9857957600013,323.0403871900001,316.19827279000003,282.98772319000005,1309.37527289,1262.49446979,2295.73599969
110731,G06007317,high,False,6572.624,0.7130643653791515,2984.161900788129,2913.0724184352352,2984.170859088132,2926.351288188132,2645.753039388132,3102.758208588132,2706.648867188132,3221.545580088132
110796,G06007327,low,True,4773.697,0.8407500276235722,1321.1913835071005,1362.712184197001,1321.2046463742004,1294.5223092311999,1165.0649694642,1308.2442074652,1125.4888497432,1295.3980302702
110842,G06007312,low,True,4358.782,0.7130643653791515,1152.9039188896916,1197.0208060177708,1152.9100022263924,1128.7283024743922,1011.3849697453923,1182.4387471243924,1016.7856359553922,1212.0525774283922
110843,G06007314,low,True,10773.16,0.7130643653791515,3313.821951857419,3309.1798409076728,3313.846539919523,3253.4614167225236,2960.424985573523,2727.136000597523,2313.465448540523,2140.6809332055227
110912,G06007330,medium,False,2284.2219999999998,0.7130643653791515,952.3943144200023,1130.6030431999975,952.3995738599999,932.27999286,834.65889806,1712.8063606599999,1574.99674086,2473.27919606
110945,G06007324,high,False,10655.554,0.7130643653791515,5159.9018382681315,4825.433164875236,5159.933421488131,5065.764622588131,4608.751678788132,4659.737444388132,4014.5894315881324,4159.950617288132
110979,G06007306,high,False,12588.058,0.8407500276235722,6138.9175461299965,5684.840550049427,6138.956092449998,6027.715819649999,5487.877564449999,5348.234606249999,4586.150799649999,4557.964911449999
111014,G06007316,medium,False,3596.087,0.7130643653791515,1493.5205021194913,1604.2276785498702,1493.5231360894911,1462.005358389491,1309.0382187894909,2059.802197589491,1843.868306989491,2626.1846316894907
111106,G06007322,medium,False,6119.786,0.7130643653791515,2744.697367868134,2702.965429095243,2744.722181888132,2690.8670687881317,2429.6896235881322,2931.3951162881317,2562.689949088132,3118.253997488132
111274,G06007308,high,False,11172.556999999999,0.8407500276235722,5345.563437919997,4983.001644419427,5345.588631849999,5247.618532549998,4772.10509415,4780.478545049999,4109.215284249999,4215.804386149999
111400,G06007311,low,True,4246.368,0.7130643653791515,1108.459276709075,1152.1482552995108,1108.460851110579,1085.1071317565788,971.7579441545788,1151.998787883579,991.9899661625788,1195.6214410715788
111419,G06007327,medium,False,5871.9130000000005,0.7130643653791515,2636.6960464381305,2610.686650605243,2636.720804288132,2584.6808365881316,2332.256504888132,2854.1176692881318,2497.7628650881315,3071.6937842881316
11147,G06007314,medium,False,4885.6,0.7130643653791515,2088.088562448135,2125.745169415241,2088.096757288132,2045.2438465881319,1837.298641488132,2461.518214388132,2167.966702188132,2835.084262688132
111474,G06007308,high,False,17981.915,0.8407500276235722,8972.884328860011,8171.414719059432,8972.942601249999,8814.324140449999,8044.726803049998,7376.2506445499985,6289.8119797499985,5780.177702749999
111549,G06007315,medium,False,10934.179,0.7130643653791515,5420.659490948134,5067.91466437523,5420.7404326881315,5322.136053688133,4843.981661388132,4846.379363588132,4171.343652488133,4272.413610988132
111702,G06007325,high,False,4190.6089999999995,0.8407500276235722,1875.2556522111868,1947.49502817716,1875.2914734111878,1837.3425541111878,1653.3204277111881,2332.626012911188,2072.820158411188,2790.123940211188
111729,G06007313,high,False,11398.958999999999,0.8407500276235722,5573.843294189999,5196.274649989429,5573.899163849997,5472.074478449998,4978.047659649999,4943.873809149999,4246.447673049999,4314.274548449998
111878,G06007315,low,True,1938.522,0.7130643653791515,507.1570802298006,567.3859892260022,507.15939119580014,496.4371933248,444.41029959480005,765.7948003908,692.3493153408,1024.4673613158
11217,G06007328,high,False,8213.387,0.7130643653791515,3775.9761708299966,3604.21478498943,3775.986304249999,3704.2449065499995,3355.9869129499994,3657.264286149999,3165.655945649999,3538.8513087499987
112334,G06007323,high,False,5256.9400000000005,0.7130643653791515,2274.3860936981314,2288.1590591252375,2274.392883488132,2228.429582188132,2005.380857088132,2594.831388488132,2279.960681788132,2915.4286835881317
112620,G06007314,high,False,2943.921,0.7130643653791515,1207.8508139300043,1352.3610904399961,1207.84805523,1182.26154423,1058.03738623,1874.93689233,1699.57901963,2542.1193358299997
112879,G06007314,low,True,5976.377999999999,0.7130643653791515,1728.0279089763872,1761.1119626563411,1728.0428080731863,1694.479308215186,1531.588227800186,1597.8261772791861,1367.877322871186,1467.7638336741857
11290,G06007310,low,True,5258.48,0.7130643653791515,1444.4414300478634,1480.5525175322466,1444.449050313665,1415.394656259665,1274.408122956665,1391.028030621665,1192.0026536376654,1337.7376574316652
112946,G06007329,high,False,14015.761,0.7130643653791515,6991.948636028126,6440.679864035246,6992.008423688132,6867.192911488131,6261.654120088133,5970.801011088131,5115.943177188132,4950.0723603881315
113024,G06007328,low,True,5858.406000000001,0.7130643653791515,1624.7678355663409,1657.617349667782,1624.7801413626412,1592.2180468536408,1434.2087631696406,1511.6596549416404,1288.5971069466407,1398.6800840226406
113043,G06007310,high,False,5963.764999999999,0.7130643653791515,2677.7300622781318,2645.7625917052414,2677.7548260881317,2625.0265923881316,2369.2687078881318,2883.483618788132,2522.432470188132,3089.383957388132
113129,G06007323,high,False,8024.254,0.7130643653791515,3743.380296878128,3578.8191895452474,3743.401985488132,3672.872606788132,3330.7275432881324,3646.0680656881323,3163.0598629881324,3548.965080588132
113196,G06007326,medium,False,16439.624,0.7130643653791515,8310.104330668135,7602.380476835242,8310.194033688133,8163.327907088133,7450.921019988133,6914.102704388131,5908.350607588132,5518.592373788131
113242,G06007326,high,False,8403.565999999999,0.8407500276235722,4003.2808032381286,3813.674113505245,4003.3006942881325,3928.469037188132,3565.2168484881317,3832.061624888132,3319.2886233881322,3661.1207705881316
113290,G06007312,low,True,4114.856,0.7130643653791515,1079.2155719135612,1124.2066670588179,1079.2168040612587,1056.5200899092586,946.3568778272586,1133.925421530259,978.4089142232589,1188.7103202182589
113311,G06007306,low,True,819.147,0.8407500276235722,214.18676503559928,281.9520869690004,214.18698471030007,209.66049783630004,187.68389982930003,578.2359443223,547.2144187383001,942.3031702173
113336,G06007313,low,True,7206.552,0.8407500276235722,2059.2722607281994,2080.031353945602,2059.2811826055,2019.408851470499,1825.9237130714994,1821.7310794814994,1548.5947430924998,1584.3267548924996
11335,G06007312,high,False,10656.127,0.7130643653791515,5091.808183038129,4757.42189140524,5091.817401688133,4998.830031488131,4547.3343705881325,4610.983215288132,3973.647967288132,4130.594644088132
113381,G06007316,high,False,13308.152,0.7130643653791515,6634.910961678135,6129.309297825244,6634.986371288132,6516.111670388133,5939.532185788134,5715.303271288132,4901.299533388134,4796.096639188132
113541,G06007316,low,True,2391.876,0.7130643653791515,636.1545764132999,694.4356878550001,636.1636399524001,622.7526277223999,557.7160570884001,849.1610080974001,757.3445493564002,1062.2106254184
113727,G06007310,medium,False,9906.732000000002,0.7130643653791515,4762.326438618131,4475.87451858524,4762.339259088132,4674.839087088132,4250.048565688132,4375.238569988132,3775.597149488132,3988.4746821881317
113783,G06007301,high,False,10145.269,0.7130643653791515,4897.521873648131,4595.922934255239,4897.564448088131,4807.757657488131,4372.027407288131,4471.984592488132,3856.857181188132,4046.785491788132
113796,G06007330,high,False,7579.445,0.7130643653791515,3525.265751558128,3389.512956205241,3525.2850990881316,3458.425159188132,3133.959614488132,3489.9563576881314,3031.918516688132,3454.9475140881314
11401,G06007310,low,True,460.102,0.7130643653791515,119.5459172964014,189.67534741400036,119.54623908780003,117.0157529898,104.73410017980001,517.5970531878,500.25980724780004,915.6577804638
114413,G06007324,high,False,12112.778000000002,0.7130643653791515,5910.45101768813,5481.532940335241,5910.478855888132,5803.807248788133,5285.912107688131,5196.840112588132,4465.7761617881315,4483.688255988132
11446,G06007316,medium,False,7681.4349999999995,0.7130643653791515,3606.862679308133,3464.1048340552393,3606.900572688132,3538.6399579881318,3207.562024588132,3548.3893889881315,3080.983297288132,3490.114653188132
114524,G06007313,high,False,6586.208,0.8407500276235722,2930.7206610688063,2863.2853995922706,2930.7231150288108,2873.168070428811,2593.8674434288105,3053.898936328811,2659.640247128811,3177.230894828811
114560,G06007314,low,True,962.2420000000001,0.7130643653791515,255.00653135369916,322.1397025490005,255.0077606538,249.6328849098,223.5400374438,604.6242326508,567.7922133498,954.2608609938001
114585,G06007317,medium,False,4636.054,0.7130643653791515,1996.5518447389832,2045.4892590791708,1996.5562923689813,1955.8984614689807,1758.6123194689808,2407.3896586689807,2128.8961171689807,2818.3364020689805
114680,G06007316,high,False,6140.493,0.7130643653791515,2710.468213308132,2667.4681387752385,2710.473851088132,2657.237480488132,2398.8310305881323,2906.874755588132,2542.1018894881317,3103.520527988132
114872,G06007313,low,True,2903.036,0.8407500276235722,772.6058922644999,827.6996584010006,772.6161458484,756.3316525884,677.3549116824001,936.7196763504,825.2237082774001,1100.8818435984
114908,G06007313,medium,False,4292.531,0.8407500276235722,1808.5867685294882,1883.5962979593005,1808.6030032594902,1770.5186998594897,1585.78035145949,2263.43051815949,2002.6340003594898,2718.38293975949
114909,G06007315,low,True,7083.406,0.7130643653791515,2042.3033679750222,2063.156416639667,2042.3102140275232,2003.174879131523,1813.238751988523,1817.2132446735231,1549.0913147865235,1592.2692672285234
114910,G06007328,high,False,7796.0470000000005,0.8407500276235722,3663.9455158805067,3518.6115950995604,3663.984161050508,3594.0865416505076,3254.9189012505076,3577.1701809505075,3098.3655895505076,3490.657452350508
114936,G06007315,medium,False,5252.603,0.7130643653791515,2294.2405786981312,2308.2896987652407,2294.258075888132,2247.9459773881317,2023.2910936881322,2609.0448437881323,2291.894289988132,2923.9938170881314
11498,G06007327,high,False,6142.514999999999,0.7130643653791515,2872.8529095296576,2824.9525310361955,2872.8872055996603,2817.4730949996597,2548.5935254996593,3032.62218739966,2653.0397823996605,3192.59198749966
115017,G06007312,low,True,7827.300000000001,0.7130643653791515,2278.8277605690214,2292.3992362076647,2278.829458261523,2235.7465310805233,2026.636123861523,1986.4757193975229,1691.286067948523,1694.2653980805233
115084,G06007315,medium,False,5017.120000000001,0.7130643653791515,2172.9864165781314,2202.027037165241,2173.0033810881323,2128.725952688132,1913.8910442881324,2522.276180288132,2218.997877388132,2871.7128925881316
115085,G06007314,medium,False,4738.134,0.7130643653791515,2030.8575235293201,2077.526208712401,2030.8734161093198,1989.02762450932,1785.9955254093202,2421.52448480932,2134.90025100932,2812.3325429093197
115160,G06007307,high,False,7678.609,0.8407500276235722,3568.717120309998,3430.9442693494316,3568.7399046499986,3500.4495706499993,3168.9780460499996,3508.975138349999,3041.062954849999,3449.4818930499987
115378,G06007327,low,True,9024.682,0.7130643653791515,2702.4982244682196,2709.0475043836695,2702.520903151523,2652.3345239925225,2408.878899055523,2289.6659864835233,1945.969818808523,1876.999987789523
115421,G06007327,low,True,5802.816000000001,0.7130643653791515,1661.8219194516182,1697.914856865671,1661.8437765015233,1629.0449550825233,1469.9565381615232,1544.954408257523,1320.3600117345231,1428.185885920523
115473,G06007313,medium,False,8082.366,0.8407500276235722,3787.670696320005,3623.998579799428,3787.6968666499997,3715.7319725499983,3366.523441449999,3665.6681382499983,3172.696771949999,3543.8907699499987
115894,G06007315,high,False,7191.334,0.7130643653791515,3308.634683988133,3197.6293739352404,3308.651168088132,3245.4085917881316,2938.506090888132,3334.952659088132,2901.699853288132,3361.4997200881317
11605,G06007315,medium,False,3034.043,0.7130643653791515,1268.561323140002,1408.3119174500016,1268.5689372899997,1241.78833209,1111.83686019,1915.5701782899998,1732.1149740899998,2562.65966339
116208,G06007312,high,False,6799.0560000000005,0.7130643653791515,3105.220288558127,3019.5115604252424,3105.236094888132,3045.3851913881317,2754.977302088132,3189.392501488132,2779.4215409881317,3273.7579626881316
116297,G06007308,medium,False,12462.188000000002,0.8407500276235722,6093.980305320007,5647.923010859426,6094.032611649999,5983.496553749998,5447.267826049999,5316.093540349998,4559.148967849999,4538.539607649999
116316,G06007326,high,False,6252.576,0.7130643653791515,2833.3166093981217,2783.0831305852385,2833.3537652881323,2777.992527588132,2509.628764588132,2994.8161484881316,2615.9638053881317,3156.465367788132
116321,G06007330,medium,False,657.028,0.7130643653791515,270.5583182899997,532.0980125300011,270.55882983999993,264.82962174,237.02470734000002,1275.8546724399998,1236.60453794,2281.17158544
116367,G06007310,medium,False,9988.536,0.7130643653791515,4729.106990638131,4437.832706105239,4729.072147288132,4642.149285288131,4220.0485867881325,4351.461005088132,3755.6723869881316,3974.043152388132
116401,G06007328,high,False,7436.936,0.8407500276235722,3387.7789876599945,3266.1794951994348,3387.797414849999,3322.5061416499984,3005.740612849999,3379.4837091499994,2932.3019462499988,3371.3931106499986
116592,G06007301,medium,False,11373.548999999999,0.7130643653791515,5577.578608528129,5196.5373338952395,5577.636972888133,5476.470328588131,4985.594870488132,4958.643615088131,4265.662049988132,4340.125608788132
116714,G06007327,medium,False,6171.656999999999,0.7130643653791515,2770.1615074281267,2724.9503469952397,2770.1765138881324,2715.917426788132,2452.6763480881323,2949.620987688132,2578.001096388132,3129.243362088132
116868,G06007325,medium,False,3743.286,0.8407500276235722,1565.3434223405106,1668.7281820501307,1565.356422610509,1532.323909910509,1372.0669849105088,2106.068545810509,1879.8436539105091,2646.907303410509
117079,G06007322,high,False,8220.673999999999,0.7130643653791515,3836.924604858134,3659.6963543052384,3836.944203888132,3764.880079588132,3415.1405953881317,3712.9866575881324,3219.274202088132,3589.356646088132
117088,G06007315,medium,False,3890.732,0.7130643653791515,1619.178007379487,1715.182400209868,1619.188640709491,1584.9675189094908,1418.9476249094912,2139.660531009491,1905.2891851094907,2660.2483229094905
117172,G06007325,high,False,13673.692,0.8407500276235722,6681.81264387,6158.217315749433,6681.858168249999,6561.525672749998,5977.691631149999,5736.72175585,4912.514024849998,4792.084557049999
117371,G06007310,high,False,8846.07,0.7130643653791515,4166.751334758126,3949.0186498652447,4166.757799688132,4089.192085788132,3712.712848388132,3949.0362270881315,3417.5744249881323,3731.571635788132
117463,G06007330,medium,False,7084.534,0.7130643653791515,3309.7637234581284,3205.4054888252404,3309.7995038881318,3246.505557688132,2939.5055679881325,3335.784034788132,2902.3814854881316,3361.9849532881317
11754,G06007315,medium,False,9505.119,0.7130643653791515,4522.18900840813,4261.999059315241,4522.207071688132,4438.674045388132,4033.3699292881324,4203.399083788132,3631.252817688132,3884.843092788132
117569,G06007327,low,True,10604.303,0.7130643653791515,3217.2329420520246,3209.7678810296734,3217.2485142975233,3158.4682120245234,2873.280916792523,2658.0167045685234,2255.4148599585233,2098.9788377565233
117570,G06007324,low,True,6659.7919999999995,0.7130643653791515,1926.5348383143194,1953.3953852386721,1926.5449198515232,1889.347314574523,1708.7907332085233,1734.3760433805228,1479.4937699445231,1542.357051154523
117657,G06007316,low,True,6380.123,0.7130643653791515,1873.4310442059225,1907.2190585106684,1873.4620816095232,1837.109078776523,1660.877536429523,1696.3826305455227,1447.5694572585235,1519.4450998335233
117852,G06007326,low,True,6895.360000000001,0.7130643653791515,1986.3949922259242,2009.5663422766681,1986.405012955523,1948.1936869635229,1762.7963155665232,1777.2086168775231,1515.4842507435233,1568.1491203665232
117879,G06007330,low,True,4787.906,0.7130643653791515,1314.3951654615432,1357.4664480827594,1314.4127318019441,1287.4542254019439,1156.7097601029438,1296.9269640849438,1112.3402854449437,1279.5300339909438
118272,G06007326,high,False,2224.816,0.8407500276235722,919.9465868900035,1101.2613632300022,919.94970148,900.4838382800002,806.0240789800001,1691.44295598,1558.10021688,2463.00608748
118296,G06007315,medium,False,9716.363000000001,0.7130643653791515,4665.643269918133,4391.941604245239,4665.693518488131,4579.730081388132,4162.801285588132,4306.047015488131,3717.465059288132,3946.752479288132
118332,G06007308,medium,False,9585.53,0.8407500276235722,4612.4505604999995,4351.672358899427,4612.499805849999,4526.7359336499985,4110.654009349999,4255.899831249999,3668.507753949999,3899.6277190499986
118471,G06007308,high,False,9053.314,0.8407500276235722,4271.013940769997,4044.9808043894313,4271.041626449999,4190.9988309499995,3802.6080056499986,4011.5406255499993,3463.2572595499987,3752.3438710499986
118510,G06007314,high,False,4371.017,0.7130643653791515,1902.9059287888201,1960.782073792276,1902.896456248811,1864.942036248811,1680.7052498488113,2359.5820225488105,2099.549651448811,2816.339058348811
118982,G06007327,medium,False,7572.566000000001,0.7130643653791515,3575.2187063081324,3439.241554435239,3575.2613510881315,3507.543085988131,3179.019903088132,3525.743575188132,3061.947584588132,3476.507752988132
119056,G06007311,medium,False,7625.01,0.7130643653791515,3554.3912758981355,3415.220871625245,3554.4157122881315,3487.067097988132,3160.2261472881323,3510.822502988132,3049.430984488132,3467.5100947881315
11907,G06007322,high,False,2951.376,0.7130643653791515,1255.543108020002,1398.0347687499986,1255.54818249,1229.3403255900002,1102.1015584900003,1912.11068349,1732.50276159,2568.77560699
119173,G06007310,low,True,4639.673000000001,0.7130643653791515,1233.065348996124,1274.205211009669,1233.070410346823,1207.4587347048232,1083.1828178418234,1238.2749362628233,1062.8362045008232,1243.5673255068232
119267,G06007314,medium,False,10366.139,0.7130643653791515,4976.678732458129,4661.165822245241,4976.707720688131,4885.568782588132,4443.437601688132,4528.632963588132,3904.4655905881323,4080.8633330881316
119281,G06007317,medium,False,5254.013000000001,0.7130643653791515,2300.4426741581306,2314.4104999652395,2300.463836088132,2254.0446099881315,2028.8833922881327,2613.480595488132,2295.619002088132,2926.674550388132
119366,G06007316,medium,False,4264.474,0.7130643653791515,1825.789868379489,1898.9928087798721,1825.8043139594909,1787.934185559491,1604.187122059491,2284.1174254594907,2024.7219588594908,2742.567639959491
119479,G06007317,high,False,8403.574,0.7130643653791515,3959.93299393813,3770.7440648652405,3959.9642414881323,3885.8223067881313,3526.116996488132,3801.0347337881317,3293.228133688132,3642.396706588132
119513,G06007316,medium,False,1032.5720000000001,0.7130643653791515,435.19772794000085,677.4405616400005,435.20138876,426.03194785999995,381.52106226,1381.90711466,1319.07372846,2328.65788286
119645,G06007314,high,False,453.936,0.7130643653791515,187.2211671200023,459.14703648000057,187.22165568000003,183.25879168,164.02473368,1222.5810168799999,1195.42937528,2257.95611328
120085,G06007310,low,True,865.4380000000001,0.7130643653791515,232.0225522272001,300.0798320100005,232.02569032020003,227.1444665742,203.4614614032,590.0875105782001,556.6538713602,948.1710807042
120183,G06007329,medium,False,15411.035,0.7130643653791515,7836.248402128127,7194.3934993752355,7836.341575488132,7697.378729788132,7023.350475488132,6575.031761088132,5623.501438588133,5314.217324088132
120373,G06007316,high,False,6109.687,0.7130643653791515,2766.1964319798285,2723.0936354131004,2766.2117852698298,2712.26900006983,2450.4007734698303,2950.54908536983,2580.89417156983,3135.1378197698295
12044,G06007317,high,False,8295.098,0.7130643653791515,3914.53555842813,3732.365164555243,3914.5703910881316,3841.1786644881317,3485.157648488132,3768.550792388132,3265.938203988132,3622.8149581881316
12075,G06007310,high,False,6504.886,0.7130643653791515,2914.796377658126,2848.1667580052385,2914.795988688132,2858.1493220881316,2583.1779214881317,3053.109966488132,2664.948867788132,3191.6264209881315
12077,G06007310,medium,False,3041.4299999999994,0.7130643653791515,1254.999460129996,1394.5248715299995,1255.0036320999998,1228.4371831999997,1099.5184915,1905.6243317999997,1723.6370866999996,2556.3413904999998
120772,G06007324,high,False,1001.147,0.7130643653791515,432.7739598599992,676.5004286900005,432.77587360999996,423.70927900999993,379.66778390999997,1381.1621984099997,1318.99974621,2329.5836959099997
120786,G06007316,low,True,3145.212,0.7130643653791515,918.7250529933021,976.1450648669958,918.7434486216,900.3499773786,811.1365541496,1046.9746151346,921.0242144676,1175.2750339566
120792,G06007317,medium,False,7424.923000000001,0.7130643653791515,3438.689056588129,3312.7087682352435,3438.712726288132,3373.277880588132,3055.8352678881324,3428.025405488132,2979.886164788132,3417.575218688132
120821,G06007306,high,False,9307.751,0.8407500276235722,4438.449230480008,4195.979698679428,4438.494079249999,4355.624141549998,3953.655229949999,4131.368823349999,3563.9109183499995,3824.552719049999
120834,G06007315,low,True,8629.128,0.7130643653791515,2565.7737729108194,2575.098638605669,2565.788326849523,2517.892444675523,2285.521839019523,2191.820060515523,1863.7818892785235,1818.0233731065232
12092,G06007325,medium,False,7717.271,0.8407500276235722,3534.3531358300006,3394.525194269426,3534.3618852499994,3466.6492541499993,3137.9948715499995,3484.3725303499996,3020.414709049999,3434.6260058499993
120962,G06007329,medium,False,10034.776,0.7130643653791515,4824.868127288137,4530.279846075231,4824.884540688132,4736.342686088132,4306.489286688131,4419.982699088132,3813.183994288132,4015.4666153881317
121128,G06007308,medium,False,4940.242,0.8407500276235722,2110.1509788393273,2148.9228489024053,2110.16892824932,2066.2825975493197,1853.38898334932,2466.2331316493196,2165.68894594932,2822.44654714932
121169,G06007316,low,True,4740.553,0.7130643653791515,1263.5996842719505,1303.4324319697541,1263.602410200044,1237.5009295920438,1110.8245499370441,1260.389899677044,1081.563365469044,1257.265583799044
121278,G06007307,high,False,7957.205,0.8407500276235722,3694.5071012299995,3538.99129500943,3694.521636649998,3624.1346966499987,3282.468831549999,3598.982541649999,3116.6868979499986,3503.717583149999
121525,G06007301,high,False,13362.859,0.7130643653791515,6636.540140958134,6127.380717605241,6636.614269888132,6517.719676588133,5941.006734288132,5716.463818688131,4902.273487088132,4796.805809488131
121587,G06007329,high,False,8195.346,0.7130643653791515,3847.9563545081305,3672.1133151352383,3847.9800376881317,3775.7191995881317,3425.0917270881323,3720.9072880881317,3225.9182174881316,3594.0986274881316
121755,G06007307,high,False,9101.35,0.8407500276235722,4355.053753199997,4125.48239051943,4355.08548265,4273.652149449999,3878.4311835499993,4071.6956490499997,3513.7748859499998,3788.624494849999
121945,G06007324,low,True,10341.181,0.7130643653791515,3143.662607923823,3139.5702289176647,3143.680038505523,3086.1570157035226,2806.915605850523,2605.359506611523,2211.1671238875233,2067.307698382523
12204,G06007301,low,True,6254.925,0.7130643653791515,1795.160295827723,1825.731262204667,1795.1729925075235,1760.1616406985231,1590.2577510045235,1640.3645387655233,1400.518187104523,1485.6915102015232
122627,G06007325,low,True,19956.772,0.8407500276235722,6466.464570717902,6401.091268522606,6466.553452705499,6352.9680931605,5802.170599795499,4975.613902159499,4197.9931744575,3485.118539224499
122702,G06007308,medium,False,6587.095,0.8407500276235722,2968.1397856899994,2901.22595112943,2968.1669530499994,2909.8814623499993,2627.135891349999,3079.186097749999,2680.023743049999,3190.434056749999
122873,G06007313,low,True,3926.937,0.8407500276235722,1025.9255281019803,1072.3589863699108,1025.9262796667795,1004.2658999537794,899.1362361047794,1098.3056976467792,949.9064574617794,1170.7631837777794
122917,G06007326,high,False,4856.57,0.7130643653791515,2084.9595921082987,2124.5320955921406,2084.975418508302,2042.1640786083021,1834.477926008302,2459.2942329083016,2166.1047611083022,2833.771519908302
122924,G06007328,high,False,1997.2200000000003,0.8407500276235722,842.95698479,1035.8400883700006,842.9685471999999,825.1996029,739.0138697,1643.4829257,1521.8129946,2444.0738836
123022,G06007312,high,False,1117.416,0.7130643653791515,470.4972223500014,708.45347113,470.49942527999997,460.58638457999996,412.45664228,1404.50615538,1336.56583848,2338.56674248
123332,G06007316,low,True,7867.402,0.7130643653791515,2299.563947978725,2313.6459560306685,2299.5724514415233,2256.1321588395226,2045.343650041523,2001.316795024523,1703.7497005425234,1703.209317064523
123340,G06007315,low,True,1895.965,0.7130643653791515,497.87320377060036,558.6016863769995,497.87656969050005,487.35963161550006,436.3235321445,759.9887239125001,687.9436255425001,1022.1488527605001
123370,G06007324,low,True,2674.543,0.7130643653791515,699.9931926224997,755.2376228459987,699.9966017666999,685.2012066837,613.3954798376999,889.2620919867002,787.8976497236999,1078.5850347417
123413,G06007324,medium,False,7250.996,0.7130643653791515,3296.102725188132,3180.977340415241,3296.101350888132,3233.116325188132,2927.205190088132,3325.972108088132,2894.157622088132,3356.1236124881316
123455,G06007328,medium,False,7531.686,0.8407500276235722,3440.738354420002,3313.0113674394333,3440.7570496499993,3374.578451549998,3053.5161547499993,3417.3844215499985,2964.141056049999,3394.228862949999
123545,G06007326,medium,False,5738.61,0.8407500276235722,2636.8175444299995,2611.0396381700016,2636.8284733,2585.9594794000004,2338.9304776999998,2873.2521303000003,2524.5569758,3109.9286648999996
123662,G06007314,high,False,18026.625,0.7130643653791515,9126.945042648125,8317.258885795238,9127.049084288132,8966.482755188132,8187.851339888131,7498.648043188132,6399.413460488131,5870.817859488132
123763,G06007328,high,False,11160.747,0.8407500276235722,5611.909166040001,5249.1607361394235,5612.017874449999,5509.475427549998,5012.365904649999,4971.173193249999,4269.334265649999,4330.702821149999
123794,G06007302,low,True,4767.129999999999,0.8407500276235722,1248.1622431298963,1289.3960911510003,1248.1702041689998,1221.781909131,1093.760219349,1240.2346904939998,1059.5071584389998,1232.391055389
123795,G06007329,high,False,13678.399000000001,0.7130643653791515,6817.48034589813,6287.832042385238,6817.54291248813,6695.646758888131,6104.236987288132,5845.945306288131,5011.051893488131,4874.845837188132
124218,G06007315,high,False,7488.079999999999,0.7130643653791515,3478.9159369481317,3348.7282541152395,3478.945415288132,3412.841914388132,3092.130022088132,3456.810601788132,3004.059246988132,3434.947218288132
124247,G06007301,low,True,2424.159,0.7130643653791515,636.9084170441956,694.1136152369985,636.9118746290999,623.4589317411,558.1790123931,849.0622785861001,756.9065272340999,1061.2586390271
124273,G06007307,high,False,11176.179,0.8407500276235722,5456.605463539994,5094.061142299432,5456.678317649999,5356.746789749999,4872.2366351499995,4859.968109749999,4175.97694615,4263.65370225
124389,G06007302,medium,False,5837.648999999999,0.8407500276235722,2573.7340175088116,2558.2382873028446,2573.749067788812,2521.5770805888124,2268.306196788812,2788.349350888812,2430.858729988812,3003.143621288812
124419,G06007313,medium,False,6023.405000000001,0.8407500276235722,2642.569702279995,2612.0548345594284,2642.5814792499987,2589.7494164499985,2333.401001549999,2846.2020235499995,2484.314150549999,3050.002412649999
12458,G06007302,low,True,7268.281000000001,0.8407500276235722,2039.4872282724216,2064.5754070730686,2039.5015038645242,1998.7639329345236,1801.0235535945237,1787.0775795405234,1507.941287266524,1534.826686102524
124701,G06007316,medium,False,1123.555,0.7130643653791515,492.1669516800002,729.6492153699999,492.1711974500001,481.88395425000004,431.93706305000006,1419.83006575,1349.32517515,2347.53102825
12485,G06007302,medium,False,7059.115,0.8407500276235722,3089.711163408629,3010.0967948853577,3089.730443538641,3026.928918138641,2722.1251303386407,3123.483694338641,2693.2133129386407,3157.472110838641
124867,G06007316,medium,False,4299.041,0.7130643653791515,1806.206723628983,1879.4468796091703,1806.2181577689814,1768.378548668981,1584.807819968981,2265.1212091689813,2005.970460268981,2724.147753068981
124951,G06007308,low,True,8667.392,0.8407500276235722,2562.7995656298003,2573.6478290315986,2562.8222609954996,2514.5016837884987,2280.1786979264994,2182.068978892499,1851.3001917254992,1801.4608354964994
125025,G06007310,high,False,10519.48,0.7130643653791515,5106.689584898133,4780.821660445243,5106.729602288133,5013.4254641881325,4560.727872288131,4621.680868288132,3982.6111739881317,4136.978035388132
125051,G06007325,high,False,12406.473999999998,0.8407500276235722,6028.196219049998,5586.01708544943,6028.228311049998,5918.841233249999,5387.979369849999,5268.990522649999,4519.591385249999,4510.203436149998
125257,G06007326,medium,False,9663.93,0.7130643653791515,4608.443548728132,4338.15043595524,4608.469643688131,4523.5128951881325,4111.218651088133,4265.095181488132,3683.075618288132,3922.105626088132
125291,G06007310,low,True,2693.95,0.7130643653791515,706.3038513341984,761.5812529359984,706.3077101850002,691.3811860200001,618.9570333450001,893.3963338110001,791.155791939,1080.536218836
125362,G06007322,low,True,2468.828,0.7130643653791515,650.6793827919,707.8170721229989,650.6838735012,636.9470729621999,570.2987084381998,858.0355293431999,763.9484368241999,1065.4341065142
125406,G06007324,high,False,9926.641,0.7130643653791515,4840.905840158133,4553.01384018524,4840.9462526881325,4752.116380788131,4320.949932288133,4431.470219388131,3822.8114591881317,4022.422714688132
12545,G06007325,low,True,1314.671,0.8407500276235722,356.3919964206014,422.1492371250004,356.3963641539001,348.9157123389001,312.6207805749001,670.2220605009,618.9838961529001,984.0778715409001
125479,G06007329,low,True,4115.105,0.7130643653791515,1069.8214961448025,1114.5971870950004,1069.8234149925001,1047.1810783454998,937.2870324405001,1125.4791626805,970.3461817965,1181.2162412265
125547,G06007326,medium,False,3840.8859999999995,0.8407500276235722,1629.0694520689822,1723.9665953191684,1629.083406518981,1595.2791658189808,1431.3429796189812,2156.898662618981,1925.4815137189808,2684.803875818981
125613,G06007315,high,False,4971.696,0.7130643653791515,2143.2696393686406,2175.2264787453696,2143.283473858641,2099.522785758641,1887.205511758641,2501.365900058641,2201.640189758641,2859.606404258641
125807,G06007313,high,False,2417.7529999999997,0.8407500276235722,1003.1149553600012,1174.5143793100024,1003.11957779,981.90653989,878.9809526900001,1744.91806309,1599.62111369,2486.78429909
125973,G06007330,medium,False,8657.488,0.7130643653791515,4100.600515888122,3895.3366656352378,4100.642382288132,4024.1060863881316,3652.9981728881326,3901.702777488132,3377.8030380881323,3703.0167541881315
126013,G06007308,high,False,3557.2920000000004,0.8407500276235722,1460.2524390999993,1573.343308779999,1460.25355656,1429.32135226,1279.1526280599999,2036.3382509599999,1824.35537596,2612.5526505599996
126054,G06007307,medium,False,14173.89,0.8407500276235722,7111.521960930001,6554.952486929437,7111.626619649998,6984.044308149998,6365.366449249999,6044.282632249999,5170.826540249998,4977.455164449999
126153,G06007329,high,False,11540.006000000001,0.7130643653791515,5617.852195518137,5226.3483476452475,5617.884813288132,5516.055769788132,5021.918746688132,4987.4621977881325,4289.898622288132,4357.433903088132
126303,G06007301,medium,False,10574.673,0.7130643653791515,5235.243912738634,4905.126230675365,5235.321664878642,5139.9303035786415,4677.265351978642,4715.270980478641,4062.106426978641,4195.682639178641
126448,G06007313,medium,False,5939.838,0.8407500276235722,2700.745226661021,2673.484849220258,2700.7796232210176,2647.190227721018,2387.216951521018,2891.741460721018,2524.727242521018,3082.9084416210176
12653,G06007330,high,False,6710.511999999999,0.7130643653791515,3108.2098977091505,3026.6514189160707,3108.231825339151,3048.5177749391514,2758.6768821391515,3194.4414267391508,2785.284817439151,3280.915286639151
126662,G06007301,high,False,7122.255999999999,0.7130643653791515,3261.204984208132,3154.4714056352395,3261.2183272881316,3198.782792188132,2895.7104380881324,3301.008937488132,2873.1818548881324,3341.0591274881317
126927,G06007317,high,False,9164.725,0.7130643653791515,4327.609981128133,4089.48643971524,4327.6227530881315,4247.3546467881315,3857.838553588132,4064.1449099881324,3514.2742394881316,3800.938293388132
126983,G06007328,low,True,9035.117,0.8407500276235722,2675.9582396756946,2682.5731340306047,2675.974346671499,2625.796062319499,2382.3114910244994,2263.0458294974987,1919.3180423744993,1850.2996925354996
127030,G06007328,low,True,383.29599999999994,0.7130643653791515,99.649085205601,170.31873196800046,99.64935015840001,97.54032889439998,87.3040997304,504.8747791464,490.4248794024,910.1084873424
127131,G06007306,low,True,4777.191000000001,0.8407500276235722,1271.240238805823,1311.5393733926687,1271.2447016754231,1244.8526486244232,1116.786352322423,1263.1622166234233,1082.3752711584234,1255.1649847464232
127233,G06007329,medium,False,7822.893,0.7130643653791515,3718.6166031081334,3566.4890745352395,3718.649692288132,3648.548520988132,3308.3924271881324,3628.361480188132,3148.1596534881323,3538.347573388132
127386,G06007306,medium,False,2639.656,0.8407500276235722,1106.1317842699982,1266.025901869999,1106.1368898800001,1082.80365358,969.5359366800001,1811.68654708,1651.79579458,2517.32688998
127414,G06007313,high,False,5559.084000000001,0.8407500276235722,2384.2184855000005,2383.7211163194265,2384.222782849999,2335.717863949999,2100.3143785499988,2661.3139899499993,2329.003464649999,2938.5816519499995
127425,G06007324,high,False,15564.654999999999,0.7130643653791515,7729.917293308128,7079.041308755242,7729.955604888131,7592.8207839881325,6927.442039688132,6498.891765688133,5559.597939388132,5268.285023788132
127456,G06007315,low,True,4099.135,0.7130643653791515,1073.37790481008,1118.8385262105126,1073.3836710614787,1050.7273756934787,940.8021335114787,1128.9253762754788,973.7441043164787,1184.5447087664788
12770,G06007313,medium,False,4828.2570000000005,0.8407500276235722,2060.305845258807,2100.863644822271,2060.318522808811,2018.028027808811,1812.8864541088108,2443.610002908811,2154.033911308811,2827.027298208811
127789,G06007323,low,True,5096.034,0.7130643653791515,1390.4404320102244,1428.5229046236686,1390.4495636775232,1362.194893072523,1225.1148682425232,1350.7387481295232,1157.2211099205233,1311.127665865523
127887,G06007308,high,False,11025.325,0.8407500276235722,5270.258060839999,4917.104241279436,5270.280805049999,5173.577448749998,4704.1624763499985,4726.588136749999,4063.9429959499994,4183.335465749999
128116,G06007325,low,True,5206.548000000001,0.8407500276235722,1398.113973358199,1435.6424866136012,1398.1220247014996,1369.2948105374992,1229.4170316224995,1348.5996025094992,1151.1337595924995,1299.1841126114996
128157,G06007329,medium,False,8340.757000000001,0.7130643653791515,3958.2721227581337,3773.0801282852403,3958.3099682881325,3884.185407888132,3524.5983223881317,3799.847770088132,3292.228271488132,3641.6847801881318
128200,G06007316,low,True,5237.012000000001,0.7130643653791515,1444.7248252593233,1482.4485358306677,1444.7383649295232,1415.569074184523,1274.0896533255234,1389.5897611275232,1189.8550459755234,1334.537769400523
128308,G06007306,medium,False,8795.948,0.8407500276235722,4200.087839499998,3990.3152738794274,4200.121327249999,4121.255249649998,3738.6016166499994,3960.808446949999,3420.627612049999,3721.7580594499987
128390,G06007327,high,False,8498.315,0.7130643653791515,4022.103761928133,3826.9671050752413,4022.1465770881327,3946.9485001881317,3582.197822088132,3845.514997388132,3330.593415288132,3669.2174226881316
128449,G06007313,low,True,7460.087,0.8407500276235722,2157.576409573198,2177.6641879576014,2157.5887966394994,2116.073505640499,1914.6163937354993,1892.0857856654998,1607.6905387814995,1626.7305558704995
128624,G06007324,low,True,5060.182,0.7130643653791515,1362.9178773996214,1399.617725187673,1362.9192951075233,1335.136083931523,1200.2856480015232,1331.036904100523,1140.6765699855227,1299.256136251523
128823,G06007310,low,True,10816.626,0.7130643653791515,3318.3312947997233,3312.3233612106665,3318.3641819715226,3257.885122939523,2964.4924058745232,2730.3648818895226,2316.1753018755235,2142.615451840523
128883,G06007316,high,False,8554.279999999999,0.7130643653791515,4051.039209368129,3852.2355440952415,4051.0724534881324,3975.3945608881318,3608.303318388132,3866.234865988132,3348.0041125881316,3681.670914888132
128887,G06007301,medium,False,4792.351,0.7130643653791515,2073.4313002994872,2116.087729529867,2073.450421209491,2030.969119609491,1824.887879309491,2453.395875509491,2162.4661925094906,2833.5065924094906
128925,G06007330,medium,False,3102.013,0.7130643653791515,1282.3780587799997,1418.7368262699997,1282.3811453900003,1255.2541187900001,1123.57293519,1923.3176227899999,1737.4308671899998,2564.3648202899994
129091,G06007322,low,True,6816.429,0.7130643653791515,1968.0207610632244,1992.572950525667,1968.0365549175235,1930.1251980705235,1746.2142518235232,1764.0667961505233,1504.4373443205232,1560.2273802255231
129242,G06007307,low,True,3390.6270000000004,0.8407500276235722,957.1383754072506,1009.9438862640139,957.1467153724486,937.8551135464484,844.1799603244483,1069.7653851814484,937.5390319924486,1182.4671634564486
12926,G06007326,high,False,10560.499,0.7130643653791515,5147.302736448131,4818.715300135238,5147.353626888133,5053.363927888133,4597.378984488132,4650.746925688132,4007.017612188132,4154.513833388132
129428,G06007310,medium,False,4673.459,0.7130643653791515,1968.2566427781308,2019.6441610052393,1968.263112088132,1927.4170872881318,1729.190549488132,2375.759383788132,2095.925584188132,2783.4086555881318
129444,G06007308,medium,False,5894.923000000001,0.8407500276235722,2615.424122090001,2593.01408234943,2615.4452106499994,2563.0645488499986,2308.9069203499985,2826.780190649999,2467.987409349999,3038.3219915499985
129486,G06007316,low,True,5752.482,0.7130643653791515,1627.1203031862237,1661.800035563669,1627.1388941775233,1594.9200998355232,1438.650309214523,1520.114462203523,1299.4994082645233,1413.2116018335232
129547,G06007308,low,True,9648.561000000002,0.8407500276235722,2911.732926297294,2916.549182154596,2911.7588953634995,2857.642079512499,2595.0244662404994,2431.7749065314993,2061.0471238544997,1952.0129322194994
129594,G06007330,low,True,5017.357,0.7130643653791515,1352.5459846656236,1389.9590400256675,1352.5477794915232,1324.941269140523,1190.9314628115233,1323.615906544523,1134.4397805945232,1294.789959592523
129604,G06007310,medium,False,6542.752,0.7130643653791515,2960.091392578133,2890.93864518524,2960.1008492881315,2902.6698014881313,2624.0166701881317,3085.5388067881318,2692.186628888132,3211.1391483881316
129651,G06007325,medium,False,5258.898,0.8407500276235722,2238.478257769827,2257.296831372525,2238.489718469829,2192.414244069829,1968.834131569829,2557.046384369829,2241.421111769829,2875.790097569829
130097,G06007316,medium,False,6050.321,0.7130643653791515,2696.712452058133,2659.2939158452396,2696.722116488132,2643.704934588132,2386.4179320881317,2897.054836188132,2533.8433197881322,3097.577474788132
13017,G06007302,high,False,2935.908,0.8407500276235722,1246.1915547600006,1391.2742469600005,1246.2212860400002,1219.94343484,1092.68667844,1902.63515804,1722.97698644,2559.13907884
130218,G06007327,high,False,7578.8099999999995,0.7130643653791515,3491.73790461813,3355.7640815652394,3491.740233888132,3425.452109788132,3103.696835788132,3465.983603488132,3011.7851199881316,3440.4468038881314
130287,G06007329,low,True,11624.332999999999,0.7130643653791515,3672.800722072519,3669.327454684669,3672.855258715524,3606.428903545523,3284.2927563315225,2984.0560919415234,2529.2682791685233,2295.507915340523
130318,G06007328,high,False,9924.715,0.7130643653791515,4672.616906189991,4390.750946189422,4672.626153849998,4585.887009449998,4164.942305249999,4298.917708949999,3704.694854449999,3925.5119954499987
130422,G06007323,medium,False,2550.681,0.7130643653791515,1052.6745678399975,1217.320385130004,1052.67929083,1030.39456743,922.26413353,1776.21439043,1623.57106123,2499.83185353
130478,G06007329,medium,False,10434.756000000001,0.7130643653791515,5000.596046828137,4680.654252275235,5000.616998488133,4909.094844188132,4465.015579488132,4545.740693988133,3918.8422783881324,4091.184204488132
130752,G06007326,low,True,6562.609,0.7130643653791515,1870.7461673847235,1896.0170865126684,1870.7533324755232,1834.4793434865232,1658.4508075515232,1694.4482701665233,1445.9610592575232,1518.2729736825231
130760,G06007329,medium,False,9375.593,0.7130643653791515,4452.018198078131,4200.191876245239,4452.044194088132,4369.700332588132,3970.0997199881326,4153.166716488133,3589.043239688132,3854.638040888132
130803,G06007317,high,False,3010.387,0.7130643653791515,1267.5733511999995,1408.5688862699992,1267.58788061,1240.85634211,1111.1971921099998,1915.60425601,1732.55745101,2563.71793081
130858,G06007308,low,True,14629.139,0.8407500276235722,4638.1929642845935,4609.551413795603,4638.244715023499,4555.263403939499,4152.6632519505,3667.282445923499,3098.9214741854994,2696.6218705935
130930,G06007312,high,False,7556.034,0.7130643653791515,3536.5801213781338,3401.8360599052417,3536.6091250881323,3469.538550788131,3144.1503249881316,3498.0927037881315,3038.7347166881323,3459.8053850881315
130949,G06007312,medium,False,684.441,0.7130643653791515,282.00204534999926,542.136816700001,282.0026708300001,276.0319796300001,247.05454163000002,1283.18503653,1242.2793032299999,2284.38994443
13098,G06007326,medium,False,6106.678,0.7130643653791515,2730.0437150081257,2688.9874796952363,2730.0579052881326,2676.4745776881323,2416.4831055881323,2920.909347188132,2553.880631588132,3111.948792588132
131159,G06007310,high,False,6907.818,0.7130643653791515,3160.10053336813,3067.417001455241,3160.1214152881325,3099.355632588132,2804.4985195881322,3228.656262588132,2812.402156788132,3297.446986588132
131185,G06007325,medium,False,6819.705,0.8407500276235722,3120.733797199995,3038.518928139433,3120.7674632499993,3059.931446049999,2764.80357785,3188.398312449999,2771.756145649999,3256.258386749999
131231,G06007316,medium,False,3577.196,0.7130643653791515,1491.9529835899984,1603.9733719299988,1491.9625960800001,1460.44340118,1307.52822058,2058.41297398,1842.5435328800002,2624.96431008
131666,G06007311,medium,False,7589.49,0.7130643653791515,3566.7287165991506,3428.5892104760746,3566.741527669151,3499.360131369151,3172.1362481691513,3521.910467769151,3060.0176250691507,3477.4011863691508
131680,G06007317,high,False,19057.154,0.7130643653791515,9459.757395968127,8583.79367429524,9459.719929888131,9293.730323488133,8487.987143388133,7736.783010188132,6599.580388988132,6014.160817488131
131903,G06007317,high,False,8799.7,0.7130643653791515,4160.90027503813,3946.310652505239,4160.926928088133,4083.427404888132,3707.4272865881326,3944.844905088132,3414.046036588132,3729.0558337881316
132033,G06007313,low,True,4334.1720000000005,0.8407500276235722,1136.170485828641,1180.1978310221816,1136.1755882742414,1112.1972988272412,995.8294203612413,1169.1265678272414,1004.8535837352414,1202.1692201922415
132070,G06007306,low,True,6635.505,0.8407500276235722,1963.0403950194639,1995.0082954692723,1963.0588166415619,1925.2175909535617,1741.5431911845621,1759.996690432562,1500.7148349285626,1557.0907972305622
132087,G06007326,medium,False,5640.436,0.7130643653791515,2485.3747739781325,2474.4467860852365,2485.384497088132,2435.889166988132,2195.7355870881324,2745.820478688132,2406.800432388132,3006.4186523881317
132209,G06007312,low,True,4945.817,0.7130643653791515,1323.5172248577028,1360.9503920009752,1323.5175177132032,1296.404177851203,1164.7835832702033,1302.9685959372032,1117.171830307203,1282.5297738432032
132278,G06007314,high,False,7440.110000000001,0.7130643653791515,3509.4476585781313,3381.746980985236,3509.467098688132,3442.8894132881314,3119.6706472881315,3478.6775899881322,3022.4176540881317,3448.147664188132
132308,G06007324,medium,False,6419.281,0.7130643653791515,2943.576919208127,2882.136901515236,2943.6118022881324,2886.4363955881317,2609.134199288132,3073.7346589881317,2682.2434294881323,3204.056191088132
132346,G06007316,high,False,8221.295000000002,0.7130643653791515,3875.3281554381388,3698.1215845852416,3875.3678656881316,3802.6006465881314,3449.758058588132,3740.497339188132,3242.378937788132,3605.8663086881315
132375,G06007330,high,False,14518.751,0.7130643653791515,7196.778411228137,6613.385356915247,7196.830680688132,7068.597780288133,6446.456983888134,6117.360704488132,5239.076501188132,5038.394844088132
132487,G06007310,medium,False,7549.621999999999,0.7130643653791515,3494.583787398135,3360.50134852524,3494.597332488132,3428.2636765881316,3106.2747079881324,3468.0069303881314,3013.476021488132,3441.7166397881315
132653,G06007326,medium,False,5259.867,0.7130643653791515,2312.1497285588107,2325.4236066122703,2312.1658063388113,2265.5771478388106,2039.538691438811,2622.162281238811,2303.0775987388106,2932.3140956388106
133130,G06007315,high,False,12622.383,0.7130643653791515,6207.236622998133,5745.79206368524,6207.267560088132,6095.607680988132,5553.671197388132,5409.232707688132,4644.208849488132,4611.643435888132
133294,G06007308,high,False,5742.374,0.8407500276235722,2518.196039419996,2505.443034379428,2518.2114584499996,2467.465721149999,2221.1810624499994,2757.206732849999,2409.540218349999,2996.3875760499986
133451,G06007312,high,False,15061.595000000001,0.7130643653791515,7566.9169851881325,6948.32322689524,7567.006330488133,7432.537278388132,6780.385344188133,6382.259478188133,5461.580664888132,5198.044018088132
133572,G06007322,high,False,4613.572,0.7130643653791515,1964.1110378976216,2018.994843515676,1964.126428707624,1923.3787148076237,1725.7198090076238,2373.6043974076238,2094.5610643076234,2783.220148407624
133746,G06007311,medium,False,6183.831,0.7130643653791515,2906.1930284493214,2858.0228198323975,2906.24005892932,2849.9257681293197,2576.86022112932,3051.22723002932,2665.70606252932,3196.42219502932
133849,G06007327,high,False,5550.048000000001,0.7130643653791515,2440.6209545681254,2435.4977914552396,2440.6352234881324,2391.8827692881323,2155.359494988132,2713.795147988132,2379.893188588132,2987.122214488132
133958,G06007327,high,False,9886.903,0.7130643653791515,4759.9323459981315,4475.25299154524,4759.980564488133,4672.443032688132,4247.872256288132,4373.5233707881325,3774.1511197881323,3987.413114588132
134221,G06007324,high,False,432.012,0.7130643653791515,178.2277233200019,451.27552152000135,178.22814356,174.45592716000002,156.14684276000003,1216.83213716,1190.98628796,2255.45107036
134385,G06007301,high,False,11019.154999999999,0.7130643653791515,5295.522238978128,4937.864684385238,5295.5323308881325,5199.097579588131,4731.094619788133,4756.792203288132,4096.146168488132,4218.3700696881315
13462,G06007301,high,False,18809.144,0.7130643653791515,9486.903939558135,8626.659949885237,9486.979550088134,9320.475683888131,8512.661757988131,7756.215930988134,6615.793987688132,6026.108666588132
135015,G06007301,high,False,10935.609,0.7130643653791515,5201.6822973681265,4849.468856695243,5201.651796288132,5106.803694988132,4646.361666088131,4689.641730088132,4039.7748381881315,4177.807487688131
135176,G06007326,medium,False,2573.049,0.7130643653791515,1136.1932647199983,1296.5881355299975,1136.2103815299997,1112.8670065299996,999.6016129300001,1841.7718900299997,1681.8725988299998,2547.4337987299996
135182,G06007301,medium,False,10963.489000000001,0.7130643653791515,5427.508536128138,5073.070130295244,5427.596096688132,5328.848656188131,4850.156859788132,4851.287765488132,4175.469564988132,4275.334126588132
135232,G06007314,medium,False,8650.253,0.7130643653791515,4116.7980582581295,3911.5744242452433,4116.837978488131,4040.0750798881313,3667.6419401881326,3913.288888388132,3387.519198388132,3710.075818688131
135347,G06007302,low,True,9822.474999999999,0.8407500276235722,2857.3778859042486,2862.963324333738,2857.4031785835473,2802.3897001125474,2535.5046838125472,2362.3990845045473,1985.636978308547,1867.598281219547
135356,G06007308,medium,False,2401.1540000000005,0.8407500276235722,994.5526582199967,1166.8160196799993,994.55673322,973.5194030199999,871.4380405200001,1739.30932502,1595.20215102,2484.1341180199997
13537,G06007313,medium,False,400.852,0.8407500276235722,165.3907271600017,440.033057920001,165.39115756,161.89063396,144.90069156,1208.62219596,1184.6384387599999,2251.8670239599996
135406,G06007307,low,True,9836.473,0.8407500276235722,2959.8661825928975,2961.7049399906036,2959.8791321294993,2904.9714961154996,2638.4513959124993,2466.2129621834993,2089.9900741844995,1972.7581578044997
13544,G06007328,high,False,13704.073999999999,0.8407500276235722,6808.187790739994,6281.9116602194235,6808.276387649999,6685.776657849999,6091.670601549999,5827.203930649999,4988.480658549999,4846.609807749998
135451,G06007310,medium,False,11352.29,0.7130643653791515,5639.369148348131,5259.49759691524,5639.444228488132,5537.215073788131,5041.324110888132,5002.885501788132,4302.814197988132,4366.771495088131
135520,G06007313,high,False,5353.751,0.8407500276235722,2318.366509379999,2330.890586919432,2318.388671049999,2270.9584484499983,2040.8956672499987,2614.208634849999,2289.4146552499988,2910.187423049999
135580,G06007312,high,False,5874.387000000001,0.7130643653791515,2628.244898128132,2602.084406655237,2628.260133088132,2576.378877588132,2324.634102688132,2848.0632302881318,2492.6828041881317,3068.052986488132
135667,G06007324,high,False,15622.954,0.7130643653791515,7912.505988978137,7257.587865205231,7912.602935088133,7772.341813388131,7092.169357388131,6629.587815888131,5669.345296788133,5347.076626488132
135703,G06007311,medium,False,2667.36,0.7130643653791515,1208.32518012,1359.5563103199966,1208.3346941599998,1184.2320817600003,1067.17920296,1900.64450476,1735.4188243600001,2593.08254026
135854,G06007324,high,False,14382.176000000001,0.7130643653791515,7191.023925818134,6615.81009014524,7191.086504688132,7062.964398088134,6441.270737288132,6113.261845788133,5235.6061972881325,5035.968554188132
135909,G06007328,high,False,12084.329,0.8407500276235722,5869.054032619999,5447.791047359433,5869.09814245,5762.325735549998,5244.388152249999,5155.125200249999,4423.935897449999,4441.524147749999
136084,G06007315,medium,False,616.37,0.7130643653791515,255.53320279999906,519.1268202200002,255.53416510000005,250.13199790000004,223.90748010000004,1266.3766068999998,1229.3574876999999,2277.2425946999997
136173,G06007310,medium,False,4590.371,0.7130643653791515,2021.0944473899972,2072.295904619996,2021.10632975,1980.0824970499993,1780.9468079499998,2425.5174328499998,2144.41676475,2830.06946175
13626,G06007317,low,True,8735.949,0.7130643653791515,2593.5183965490196,2601.041656881669,2593.5322131735234,2545.1853450585227,2310.5594759235237,2211.6668623155233,1880.4521004795233,1830.0094651335232
136283,G06007312,medium,False,3252.361,0.7130643653791515,1350.5415109199969,1479.244673149999,1350.54813143,1321.9933623299999,1183.4481070299998,1967.3911563299998,1771.8059007299998,2584.32962973
136297,G06007330,medium,False,5633.799,0.7130643653791515,2495.456892798132,2484.846233345239,2495.474543488132,2445.809949188131,2204.838112788132,2753.0360281881317,2412.852303188132,3010.789276988132
136357,G06007312,low,True,5259.347,0.7130643653791515,1443.5139023480583,1479.1884754914188,1443.516886336758,1414.4958432227581,1273.650312991758,1390.6419002447583,1191.829681744758,1337.8604517017582
136391,G06007312,high,False,4832.9349999999995,0.7130643653791515,2078.973360068643,2119.963556785373,2078.9920333586406,2036.2804486586408,1829.0854325586413,2455.0350736586406,2162.532587658641,2831.233249358641
136459,G06007313,medium,False,6303.102,0.8407500276235722,2793.2194045899987,2744.5350298094295,2793.2371776499995,2737.873204549999,2469.2800256499986,2954.0128863499995,2574.880194549999,3114.962108249999
136548,G06007328,low,True,3455.408,0.7130643653791515,1024.3053052792457,1079.0593269590079,1024.3182905431486,1004.2115140141485,906.5964677371485,1123.1235523171486,985.3304411341485,1222.0146876271483
137062,G06007315,medium,False,4597.773999999999,0.7130643653791515,1990.6835316094948,2043.79877586987,1990.7043457394911,1949.8822506394908,1751.8490332394913,2398.883528239491,2119.310837739491,2807.222553839491
137435,G06007324,medium,False,2689.545,0.7130643653791515,1111.4494920600011,1268.964342330005,1111.4527945500001,1087.93431725,973.79854615,1813.92427405,1652.8028194499998,2516.4814242499997
13750,G06007316,medium,False,5287.188,0.7130643653791515,2327.376339828131,2339.2349808152394,2327.398658288132,2280.524764188132,2053.186009988132,2632.7582660881317,2311.8132946881315,2938.2859394881316
137587,G06007327,high,False,11123.944,0.7130643653791515,5443.571340578135,5078.773072525239,5443.621128488132,5344.675098788131,4864.674561088132,4862.761907088132,4185.1285191881325,4282.2714172881315
137622,G06007306,high,False,6608.174999999999,0.8407500276235722,2955.288040040001,2887.0875629994302,2955.304694649999,2897.240437649999,2615.541282549999,3069.9897847499988,2672.3073379499992,3184.869475549999
137843,G06007327,low,True,7113.371999999999,0.7130643653791515,2077.2758833335447,2100.2929003527574,2077.293363804944,2037.5921785329438,1844.930362689944,1842.6322443099443,1570.6492798539439,1608.1492393599437
137884,G06007325,high,False,9329.793000000001,0.8407500276235722,4457.495810240001,4213.508992239426,4457.543480449999,4374.3738119499985,3970.8624103499988,4144.989736949999,3575.3447349499993,3832.8108402499984
137898,G06007311,high,False,12774.241,0.7130643653791515,6322.305926778125,5851.555177165243,6322.390740288132,6208.675130788131,5657.443166388131,5491.605122388131,4713.394318988132,4661.190541588132
137967,G06007326,high,False,16918.875,0.7130643653791515,8495.397356208134,7757.252713455242,8495.488139688132,8345.500219988131,7618.067609788133,7046.680746288132,6019.742940788132,5598.459937888132
137985,G06007310,high,False,7513.8859999999995,0.7130643653791515,3500.9233871381334,3368.9112040652403,3500.944259288132,3434.4653733881314,3111.9460618881317,3472.577577388132,3017.311574488132,3444.3945632881314
137990,G06007327,high,False,5686.619,0.7130643653791515,2543.658893028645,2529.53898576537,2543.6860023986414,2493.2058682986403,2248.327162798641,2787.554271198641,2441.8521359986407,3031.6227054986407
138139,G06007317,medium,False,16758.709,0.7130643653791515,8602.877792318128,7874.278465665237,8603.010097688131,8451.193886088131,7715.041100488132,7123.644831588132,6084.346308788132,5644.883989188132
1382,G06007330,high,False,12229.271,0.7130643653791515,6000.272009578135,5564.657899945232,6000.332702088132,5892.034695688131,5366.903716988132,5261.142977688132,4519.8063894881325,4522.300883088132
139275,G06007307,low,True,6247.245000000001,0.8407500276235722,1779.3612417104994,1812.2353463686004,1779.3868980194995,1744.1617766264997,1573.3717342244995,1621.4350880684992,1380.3222151514997,1463.6076742634996
139312,G06007324,low,True,1164.534,0.7130643653791515,302.6910375215997,367.9350604580005,302.69179635660004,296.2853002746,265.1906683566001,634.7526433086,590.8581790446001,966.8388049206001
139377,G06007310,medium,False,15734.743999999999,0.7130643653791515,7913.77637633813,7251.638794025237,7913.854367088132,7773.6115237881295,7093.319916888131,6630.476540188132,5670.102909888132,5347.636688788131
139557,G06007325,medium,False,13134.964,0.8407500276235722,6362.494846259997,5873.3717346994345,6362.50865905,6247.585495749998,5689.627715049999,5508.199096449998,4720.5481301499985,4654.409233549999
139578,G06007314,high,False,17782.226000000002,0.7130643653791515,8756.779534168134,7963.266935235239,8756.710539288131,8602.54255328813,7853.843695788131,7233.693280288133,6176.966339888133,5711.038115388132
139665,G06007307,medium,False,8234.704,0.8407500276235722,3879.281721170001,3706.0390919294305,3879.339395849999,3805.7777114499986,3449.150609449999,3731.230789449999,3227.7649098499987,3583.376017549999
139721,G06007310,low,True,8105.946,0.7130643653791515,2415.1719632154245,2431.269544945665,2415.1972543575234,2369.801247589523,2149.643134603523,2084.0570524845234,1773.2447411715234,1753.075549438523
139878,G06007308,high,False,9141.992,0.8407500276235722,4330.581123679994,4098.68509731943,4330.613239449999,4249.586071049999,3856.3564982499993,4054.162710849999,3499.0540429499997,3778.0676059499992
140051,G06007314,medium,False,5886.998,0.7130643653791515,2615.9988105081325,2589.0996304152395,2616.010752888132,2564.336265788132,2313.589287088132,2839.296528888132,2485.322046288132,3062.7646466881315
140183,G06007326,low,True,6912.365,0.7130643653791515,2010.950948184025,2035.8416249396694,2010.9644376495232,1972.3508812275234,1784.9551640685233,1794.7851899895227,1530.2400071715233,1578.763663396523
140337,G06007308,high,False,9535.004,0.8407500276235722,4511.734007539998,4254.611442059433,4511.763036849999,4427.710759849998,4019.7997882499994,4183.793116849999,3607.9566127499984,3856.185578649999
140384,G06007327,high,False,4652.786,0.7130643653791515,2060.4976376400027,2105.19066281,2060.51738231,2019.2058896100002,1818.7379358100002,2460.17853101,2177.17786071,2860.02588261
140541,G06007322,high,False,8867.131000000001,0.7130643653791515,4198.476240488126,3979.4313562352368,4198.494485688132,4120.385177488131,3741.324585988132,3971.732605188132,3436.636215088132,3745.2688024881318
140615,G06007328,medium,False,4453.356,0.7130643653791515,1918.1440099416968,1981.4220271467198,1918.162132781696,1878.413491781696,1685.5434636816958,2344.501900881696,2072.229460681696,2770.984113981696
140826,G06007314,medium,False,4047.861,0.7130643653791515,1702.5469081799988,1789.2327910599997,1702.55813988,1666.82240748,1493.41587208,2197.13671598,1952.33951528,2691.84617628
140838,G06007316,medium,False,3108.629,0.7130643653791515,1313.6815727799963,1449.5460025099978,1313.6983396299997,1286.0319420299998,1151.8510777299998,1945.8520614299996,1756.4234296299996,2578.1144276299997
140975,G06007302,high,False,6259.005999999999,1.0497359105206039,2722.2037341488144,2685.210373852839,2722.2139953188116,2666.8130592188113,2397.8283733188114,2881.6202472188115,2501.9252473188117,3041.257475318812
140981,G06007310,high,False,15927.377999999999,0.7130643653791515,8104.77764663814,7429.853784825236,8104.903653688132,7961.4024770881315,7265.643402088132,6767.199856488132,5784.9169015881325,5430.029058088132
141119,G06007313,medium,False,5411.406999999999,0.8407500276235722,2341.416801539999,2350.12196101943,2341.433491249999,2293.636273449999,2061.693819549999,2630.698107749999,2303.266891149999,2920.144262449999
141163,G06007313,high,False,5996.553,0.8407500276235722,2633.7782430794855,2604.9655357992992,2633.7924313494905,2581.10899574949,2325.5138424494903,2840.0479580494903,2479.22043524949,3046.47917244949
14117,G06007310,low,True,7537.054,0.7130643653791515,2187.805759674023,2204.38594352567,2187.812603521523,2146.241601685523,1944.5131734765234,1921.3399294335231,1636.5653762445231,1655.0103521595233
141197,G06007327,high,False,10766.667,0.7130643653791515,5246.793238938126,4905.02849752524,5246.8386390881315,5151.162517388133,4687.086238388132,4721.950590388132,4066.8491511881316,4197.359641988131
141275,G06007326,high,False,7878.343,0.8407500276235722,3697.834130448135,3542.848959515236,3697.8789470881325,3628.062347188132,3289.6129492881323,3613.479236988132,3135.676880888132,3529.308511688132
14163,G06007310,medium,False,5658.393,0.7130643653791515,2487.7058463981334,2475.6096194652405,2487.714236688132,2438.185705588132,2197.842698788132,2747.485555388132,2408.199068588132,3007.430036188132
141707,G06007315,low,True,411.63199999999995,0.7130643653791515,107.02931183280134,177.50395958400074,107.0296069248,104.76443310479999,93.77037013680001,509.59681038480005,494.0771288088,912.1729401888
141833,G06007314,high,False,13479.403,0.7130643653791515,6803.51957384814,6286.029101195236,6803.575250888132,6681.931518988131,6091.627027888133,5835.991560788132,5002.676380288132,4868.836884188131
14195,G06007330,medium,False,277.25199999999995,0.7130643653791515,114.15815342999986,395.12807572999986,114.15836156,111.74074995999999,100.00863486,1175.83248306,1159.2710809599998,2237.5146164599996
142045,G06007328,high,False,12212.19,0.8407500276235722,5960.527683339996,5530.651988139431,5960.574674849999,5852.293362749998,5326.9237524499995,5220.588937249999,4478.915142749998,4481.016296649998
142119,G06007328,high,False,12685.109,0.8407500276235722,6126.3959619,5666.298531019434,6126.4217872499985,6015.408028149998,5476.574264649998,5339.248544949998,4578.618282549999,4552.558020549999
142397,G06007306,low,True,3943.178,0.8407500276235722,1065.7016878164404,1115.2130547531826,1065.7132079775415,1043.421542938541,935.2798945755412,1127.5425585765413,974.8803407355414,1189.4440514205414
142469,G06007314,medium,False,9120.358,0.7130643653791515,4317.903755378131,4082.596483985242,4317.920201088133,4237.8224543881315,3849.0886778881318,4057.191554188132,3508.4279640881323,3796.781192988132
14254,G06007302,low,True,22237.234,1.4172145412832236,6989.050711683345,6893.471028668736,6989.107062499546,6865.044571429547,6263.175904414547,5319.075355129547,4469.412782755548,3649.5232200765467
142564,G06007327,medium,False,7286.8189999999995,0.8407500276235722,3354.0428180181257,3236.9796644652465,3354.058724888132,3290.045148888132,2979.4670794881317,3367.452542888132,2929.006453688132,3381.057905188132
142590,G06007330,low,True,1708.7180000000003,0.7130643653791515,449.29902247650034,511.3159612750038,449.3022996042001,439.81141077719997,393.7684149882,728.9281922502,663.9289973112001,1008.5855598852
142934,G06007324,high,False,16634.719,0.7130643653791515,8334.665285938127,7614.589172085241,8334.718841488131,8187.480529488132,7473.058886388133,6931.657320188131,5923.131453188133,5529.143758588132
143188,G06007326,low,True,7310.764999999999,0.7130643653791515,2082.226505239522,2097.0863975426673,2082.2085590595234,2042.4554277675231,1849.2736874775233,1845.7754582835232,1573.0943038245232,1609.4980262865233
143393,G06007312,high,False,5299.176,0.7130643653791515,2298.5216514281333,2309.5027889352373,2298.522978888132,2252.167302888132,2027.1594433881319,2612.104723088132,2294.4723446881317,2925.8403741881316
14359,G06007329,medium,False,10741.148000000001,0.7130643653791515,5165.522088268133,4825.743611655238,5165.546764688132,5071.264869488132,4613.8098660881315,4663.768255688132,4017.9886838881316,4162.313775588133
143664,G06007301,medium,False,5197.995000000001,0.7130643653791515,2261.037411858135,2278.5425387852374,2261.048499688132,2215.302060688132,1993.337220288132,2585.285780488132,2271.936947688132,2909.6735057881315
143783,G06007301,high,False,432.012,0.7130643653791515,178.2277233200019,451.27552152000135,178.22814356,174.45592716000002,156.14684276000003,1216.83213716,1190.98628796,2255.45107036
143833,G06007327,medium,False,5759.551,0.7130643653791515,2555.9531873481324,2537.2887371552333,2555.968452688132,2505.287764488132,2259.412477188132,2796.3311382881316,2449.227246788132,3036.8617779881315
144121,G06007311,high,False,10498.821,0.7130643653791515,5141.136428038129,4816.343326545246,5141.199679888132,5047.299993488132,4591.812220988131,4646.344611388132,4003.3062415881323,4151.866825788133
144377,G06007328,medium,False,11249.161,0.7130643653791515,5514.653369850002,5146.233767109428,5514.714131449999,5413.883051449998,4924.638875349999,4901.537569449998,4210.864648349999,4288.7633987499985
144525,G06007306,low,True,11948.563999999998,0.8407500276235722,3692.520974204997,3680.316475457603,3692.5539972614993,3625.3873790504995,3299.4646780724993,2990.5162540454994,2530.4214587384995,2288.7581858474996
144822,G06007312,high,False,3694.758,0.7130643653791515,1537.103705119489,1643.0351363798707,1537.112279999491,1504.6393199994907,1347.079228399491,2087.2598747994907,1864.8310933994908,2637.5198113994907
144882,G06007316,medium,False,4394.9529999999995,0.7130643653791515,1832.4571004394868,1900.4670735793006,1832.46014580949,1794.07139280949,1607.74011710949,2281.69876990949,2018.66626210949,2731.08337400949
14500,G06007324,high,False,11314.061,0.7130643653791515,5528.071745378127,5150.968353745238,5528.107406288133,5427.789072788131,4940.922673488132,4923.213397488133,4235.917498688132,4318.745297088131
145009,G06007323,medium,False,3731.544,0.7130643653791515,1663.5413197199973,1761.3712620399986,1663.56591956,1629.7245575599995,1465.5834357599997,2190.67935416,1958.9637945600002,2717.9223082599997
145100,G06007322,low,True,6235.643999999999,0.7130643653791515,1780.5576392655219,1810.4661932386705,1780.5722185995232,1745.7936357885233,1577.083206628523,1629.9182956365235,1391.743983064523,1479.3778667325232
145231,G06007307,high,False,15514.121,0.8407500276235722,7624.4621080199995,6982.432740799425,7624.497342049998,7488.4364489499985,6828.172703549999,6411.274809249999,5479.193863049998,5198.631215049999
145232,G06007324,medium,False,9607.499,0.7130643653791515,4559.567243378129,4292.94326622524,4559.582359088132,4475.449539188132,4067.1237331881316,4230.122628888132,3653.704322888132,3901.0042863881313
145396,G06007329,medium,False,4609.313,0.7130643653791515,2022.1487491299993,2072.08053078,2022.1670574899997,1981.14841809,1782.1046034899998,2426.83601019,2145.8460492899994,2831.6686773899996
145654,G06007316,low,True,383.34399999999994,0.7130643653791515,99.661447922401,170.33074833600048,99.66171317759999,97.55242882559999,87.31492655760002,504.8826787416,490.4309827416,910.1119235136
14579,G06007327,high,False,17495.962,0.7130643653791515,8856.964498968131,8081.357828735247,8857.049139088133,8701.079001688131,7944.317438688131,7305.404406988133,6237.077149588131,5754.490819188131
14590,G06007311,medium,False,7407.714,0.7130643653791515,3442.984998778131,3318.0205280452396,3443.015310888132,3377.5042148881316,3059.711472688132,3431.102877888132,2982.464132788132,3419.4395864881317
145941,G06007317,low,True,3476.843,0.7130643653791515,909.105610833003,958.8848832849978,909.1107780867001,889.8864855236999,796.6150756767,1023.0700609317001,891.3991752777001,1137.0956272737
145963,G06007314,medium,False,8034.127,0.7130643653791515,3736.593624488129,3571.368202075245,3736.607628888132,3666.209006388132,3324.612414388132,3641.2064775881317,3158.978664088132,3546.0461434881317
146099,G06007327,high,False,8892.542000000001,0.7130643653791515,4187.191518778131,3966.621634865242,4187.212046288132,4109.308719988132,3731.170685388132,3963.6343247881323,3429.830564088132,3740.4432504881315
146151,G06007302,high,False,11319.007000000001,0.8407500276235722,5333.514828946259,4981.829525941042,5333.565636526266,5232.910386426265,4744.587723026266,4723.509734526265,4034.132742426265,4113.863868326264
146156,G06007322,high,False,8464.701000000001,0.7130643653791515,3999.250690298129,3806.04530160524,3999.2775824881323,3924.477755288133,3561.5846500881325,3829.182186588132,3316.875279988132,3659.336218388132
146346,G06007315,medium,False,7799.398999999999,0.7130643653791515,3639.525316128133,3489.2820683152395,3639.547497088132,3570.7620266881318,3237.0317105881327,3571.7518805881323,3100.6230464881323,3504.192219988132
146358,G06007301,low,True,7482.391,0.7130643653791515,2202.4801305789256,2223.1644348586697,2202.5062575735233,2160.6577508805235,1957.737502846523,1931.8472303985232,1645.382213203523,1661.3406161625235
146420,G06007315,medium,False,2282.774,0.7130643653791515,945.6076907699996,1123.919657450001,945.6110694199999,925.6108275199999,828.5543161200001,1707.99258332,1570.98003962,2470.44346822
1467,G06007327,high,False,5033.897999999999,0.7130643653791515,2276.5510614300006,2298.530178979998,2276.5656274300004,2231.35775133,2011.8969188300002,2609.68862823,2299.8952474300004,2942.98421543
14675,G06007329,medium,False,3395.0989999999997,0.7130643653791515,1423.8610909300003,1543.7531804899982,1423.8698766199998,1394.0379888199998,1249.2608531199999,2018.86514202,1814.4889952199999,2613.9929611199996
1468,G06007317,medium,False,11438.739,0.7130643653791515,5616.837795428131,5231.722896575238,5616.893845488132,5515.048906488131,5020.999951888132,4986.752765788133,4289.2837088881315,4357.008142088132
14700,G06007314,medium,False,6397.821,0.7130643653791515,2885.868775288133,2826.0890170952375,2885.881184288132,2829.693542888132,2557.068224688132,3032.420099288132,2647.559867188132,3179.1453684881317
147478,G06007316,medium,False,10607.83,0.7130643653791515,5256.909342088133,4925.226138535239,5256.989261888131,5161.123869188132,4696.252346488132,4729.197399588133,4072.903313988132,4201.797160588132
147620,G06007322,high,False,7807.508000000001,0.7130643653791515,3695.1046933181337,3544.2639433852396,3695.157454488132,3625.3964748881313,3287.166544888132,3611.5408172881316,3134.027661388132,3528.1699842881317
147748,G06007301,high,False,7749.574,0.7130643653791515,3603.3803530281307,3456.502274895238,3603.4044120881317,3535.2154714881317,3204.409047688132,3545.8760046881316,3078.8910054881317,3488.598807488132
147761,G06007317,medium,False,432.012,0.7130643653791515,178.2277233200019,451.27552152000135,178.22814356,174.45592716000002,156.14684276000003,1216.83213716,1190.98628796,2255.45107036
147940,G06007302,medium,False,10243.338,0.8407500276235722,4755.011001816264,4472.954979571047,4755.073828526265,4664.048724626265,4222.6364874262645,4309.519126226265,3686.357513526265,3864.3469444262646
148029,G06007329,medium,False,5309.731,0.7130643653791515,2325.7964124881296,2335.9661787152413,2325.810395688132,2278.9897310881315,2051.768053988132,2631.6265703881318,2310.859445888132,2937.624515888132
148050,G06007326,high,False,12445.913,0.7130643653791515,6109.289116738131,5659.25301366524,6109.329665888132,5999.297505488132,5465.308800488132,5339.1359754881305,4585.316551688133,4569.414711688132
148084,G06007330,medium,False,9072.423999999999,0.7130643653791515,4369.69025398813,4136.987132415239,4369.730805688132,4288.742973988132,3895.7994655881325,4094.2799744881318,3539.555815488132,3819.140323188132
148163,G06007316,low,True,5858.337,0.7130643653791515,1638.4631464266222,1669.7430218736677,1638.4689721815232,1606.076918704523,1448.8854884835232,1528.2228081555231,1306.3222609515233,1418.094981565523
14822,G06007316,high,False,8571.085,0.7130643653791515,4033.2549315681376,3833.360241755238,4033.2753344881326,3957.909015888132,3592.257282888132,3853.507830388132,3337.320863488132,3673.985626188132
1483,G06007310,medium,False,16981.542,0.7130643653791515,8569.628488418133,7826.943531305238,8569.715765288132,8418.533560888132,7685.076511088131,7099.806033188132,6064.352523688132,5630.545945688132
148322,G06007327,medium,False,10688.208,0.7130643653791515,5142.286214548125,4806.016897155239,5142.311889088132,5048.409822288133,4592.845610488132,4647.142093388133,4004.0241195881317,4152.281820588132
148325,G06007312,low,True,8151.1900000000005,0.7130643653791515,2418.3257851419207,2432.5807647646648,2418.3386072295234,2372.9137300185234,2152.4850911895232,2086.3117565235234,1775.143251463523,1754.4395797005232
148441,G06007325,high,False,7948.865,0.8407500276235722,3649.392080039999,3494.68719153944,3649.4015762499994,3579.7618095499984,3241.7779659499993,3566.694272849999,3089.5724952499995,3484.2317321499986
148467,G06007302,medium,False,9462.403,1.4172145412832236,4301.500014506266,4069.5646948810518,4301.520871526265,4218.149328426265,3813.4886242262646,3984.970173826265,3413.733235326265,3668.770395826265
148484,G06007312,high,False,4615.829,0.7130643653791515,1939.2494130586394,1994.27966767537,1939.2528708586408,1898.9038437586407,1703.055803058641,2355.108571958641,2078.639744458641,2771.1172354586406
148637,G06007327,medium,False,10446.77,0.7130643653791515,5106.257423158124,4784.673154905246,5106.288238688132,5013.031958488133,4560.349893488132,4621.374297088132,3982.345187788132,4136.838735588131
148852,G06007315,medium,False,9877.868,0.7130643653791515,4794.287493278131,4509.445672585232,4794.320846488132,4706.2657591881325,4278.877569488133,4398.123504688132,3794.801876588132,4002.282231088132
14897,G06007310,low,True,4793.289,0.7130643653791515,1289.857394736622,1330.4236627396676,1289.8661169795232,1263.2926074855231,1134.3661467315233,1278.7594082145233,1096.7542134165233,1267.7494091745232
148976,G06007312,high,False,13690.281,0.7130643653791515,6843.4062598581295,6312.8853156652385,6843.485844888131,6721.1449772881315,6127.641746188132,5864.5011134881315,5026.623273488132,4886.057081488132
148981,G06007330,high,False,14716.884,0.7130643653791515,7280.207681428135,6683.587946155234,7280.22971568813,7150.663989488132,6521.715907388132,6177.062588788132,5289.237409188132,5074.389666988132
149049,G06007330,high,False,7014.950000000001,0.7130643653791515,3251.742568128128,3151.8407390952398,3251.7625274881316,3189.472091888132,2887.1668338881327,3294.2506229881324,2867.498637988132,3336.976984588132
149096,G06007324,medium,False,4652.33,0.7130643653791515,2133.57872727,2171.8543757799976,2133.59362805,2091.9429055499995,1889.71852815,2527.1640177500003,2241.7060069500003,2920.93405895
149197,G06007307,medium,False,4274.195,0.8407500276235722,1779.9181521798246,1855.820408893099,1779.9294320698295,1742.38561546983,1560.2465993698297,2243.85706936983,1986.73094896983,2707.9134122698297
149270,G06007324,low,True,7564.845,0.7130643653791515,2217.3915872733232,2235.855752966667,2217.398963527523,2175.335252740523,1971.207362368523,1942.5209360985232,1654.354128757523,1667.7736736115232
149289,G06007302,medium,False,10789.948,0.8407500276235722,4895.419859966268,4577.752524421046,4895.400011726266,4802.197535726265,4349.363333626266,4409.954967326265,3770.764392726265,3924.947635626265
14934,G06007329,high,False,6790.251,0.7130643653791515,3077.056187178126,2992.0403458252417,3077.065203488132,3017.6913131881315,2729.570498988132,3169.230769488132,2762.4921538881317,3261.6029179881316
149444,G06007314,medium,False,7634.594,0.8407500276235722,3618.8060078891513,3478.0494625254996,3618.8327666591495,3550.5079934591495,3218.83802255915,3558.38391505915,3090.1938763591497,3498.24075805915
149498,G06007306,high,False,6200.235999999999,0.8407500276235722,2731.222143940001,2689.22254197943,2731.2318014499997,2676.9381414499985,2413.3927543499985,2909.632557249999,2537.597175749999,3088.265631649999
149528,G06007302,high,False,10802.153,0.8407500276235722,5065.637806016267,4747.690015651052,5065.705855526266,4969.4751716262645,4502.875104226266,4531.806846126266,3873.096430726265,3998.301670626265
149670,G06007306,medium,False,10251.103,0.8407500276235722,4943.167008749999,4639.768957709435,4943.218881449999,4851.9305446499975,4409.049951949999,4492.546780149999,3867.3105678499987,4042.269512149999
149706,G06007315,medium,False,689.942,0.7130643653791515,284.6177732299987,544.4676041900005,284.61852666000004,278.59371896,249.3550939600001,1284.88488736,1243.6101970599998,2285.1731363599997
149864,G06007328,high,False,7946.450999999999,0.7130643653791515,3652.1786906700017,3497.746493349428,3652.194114249998,3582.491883849999,3244.2865665499994,3568.688371549999,3091.2483320499987,3485.423977549999
149937,G06007316,high,False,4967.665999999999,0.7130643653791515,2140.927299318644,2172.725380815372,2140.9402010186404,2097.269147618641,1885.4136032186411,2500.656205618641,2201.586493618641,2860.503683618641
149956,G06007310,high,False,8677.681,0.7130643653791515,4127.144918438129,3920.2619812252383,4127.181988888133,4050.2397536881313,3676.9784466881324,3920.6973663881317,3393.7479199881323,3714.517511388132
150211,G06007314,high,False,16132.827000000001,0.7130643653791515,8071.80433566813,7384.270772295244,8071.883068288131,7929.029544788131,7235.945547188132,6743.525279188132,5765.070542688132,5415.8492319881325
150346,G06007322,low,True,6076.4529999999995,0.7130643653791515,1718.5742259009228,1748.8687526486651,1718.587830763523,1684.8499718535227,1521.1665096945233,1585.553429209523,1354.4767905705232,1452.6542734095233
150680,G06007314,low,True,6179.092000000001,0.7130643653791515,1761.9298112292238,1792.4268828516686,1761.9450959175235,1727.478557524523,1560.2771881545234,1616.5798014465236,1380.5411907015232,1471.3507437195233
151075,G06007314,medium,False,5856.014999999999,0.7130643653791515,2644.317448320338,2617.88277476266,2644.3358044503384,2592.3826181503377,2340.2292548503383,2862.7256432503377,2506.773721250338,3081.3456497503375
151478,G06007301,medium,False,8184.495000000001,0.7130643653791515,3827.2537160181296,3652.31030760524,3827.2724196881322,3755.355148088132,3406.405323588132,3706.084096988132,3213.476522788132,3585.153190888132
15149,G06007329,medium,False,12177.207999999999,0.7130643653791515,5951.661378848134,5518.991654895241,5951.693257288132,5844.2955476881325,5323.096605288132,5226.342436988132,4490.569552188132,4501.4071570881315
151599,G06007327,low,True,9127.919,0.7130643653791515,2788.6372262457226,2799.584178954669,2788.6661689875223,2737.055130319523,2486.5928789865234,2351.3186578365235,1997.7438503835233,1914.1941113715231
151699,G06007328,medium,False,8923.383000000002,0.8407500276235722,4222.187382700001,4004.3338747194316,4222.214519649998,4143.011876249998,3758.5648934499986,3976.591436849999,3433.8903804499996,3731.331719949999
15170,G06007306,medium,False,4732.589,0.8407500276235722,2005.5023071416974,2054.424525257289,2005.514969361697,1963.8554353616971,1761.703543461697,2399.248337961697,2113.876219861697,2793.159519961697
151713,G06007315,high,False,9259.526,0.7130643653791515,4418.917039538133,4174.309822265237,4418.9376384881325,4337.144464088133,3940.194166588132,4129.494711988132,3569.1592282881315,3840.340225988132
151728,G06007326,medium,False,9923.871,0.7130643653791515,4800.244219928145,4513.692634435236,4800.321085688132,4712.023950288132,4284.196651588132,4402.378198588132,3798.395598488132,4004.7336348881317
151841,G06007325,medium,False,8634.294,0.7130643653791515,4051.2227587000016,3852.071186879434,4051.2432564499995,3974.8976881499984,3604.313467849999,3854.247152949999,3331.120418049999,3657.579480049999
151870,G06007324,medium,False,6493.296,0.7130643653791515,2954.978394428132,2888.872500915243,2954.9979130881325,2897.659309688132,2619.424961688132,3081.8769287881323,2689.095979788132,3208.9785593881315
152050,G06007322,high,False,22214.610999999997,0.7130643653791515,11279.353771738135,10199.730597465235,11279.431441688132,11082.96504168813,10129.825973888132,9038.921638488131,7693.354882488131,6799.116982788131
152108,G06007325,medium,False,674.6750000000001,0.8407500276235722,277.35382034999907,537.9904729800007,277.3540892500001,271.47931635,242.96564895000006,1280.1645282499999,1239.91431455,2282.99664985
152134,G06007301,low,True,383.31299999999993,0.7130643653791515,99.653463667801,170.32298776500045,99.65372872770001,97.54461428669998,87.30793423170002,504.8775769197,490.42704100170005,910.1097043197001
152238,G06007317,high,False,3827.9849999999997,0.7130643653791515,1592.6750309399963,1691.8982213899985,1592.68532675,1559.02158685,1395.70233245,2122.63098455,1892.07225815,2652.6912934499996
152309,G06007323,medium,False,9421.198,0.7130643653791515,4503.669308738135,4248.887289165243,4503.702598488133,4420.468391188133,4016.6811900881326,4190.146195288133,3620.1063391881316,3876.885282288132
15244,G06007329,medium,False,7967.923000000001,0.7130643653791515,3748.302940058133,3587.4796812052414,3748.348826488132,3677.6963316881324,3335.1525980881324,3649.5925463881317,3166.010729588132,3551.0910513881317
15258,G06007306,medium,False,9748.758,0.8407500276235722,4656.5165459499985,4385.556616509427,4656.551238049999,4570.050652349999,4150.408167549999,4287.427507449999,3695.013639849999,3918.5873197499986
152584,G06007308,low,True,6195.625,0.8407500276235722,1738.7371309076987,1769.4282562386031,1738.7505469214993,1704.2276625254997,1536.7294885634997,1592.3559741374997,1355.9003490044997,1446.0927296414993
1526,G06007322,medium,False,12195.732,0.7130643653791515,5973.312036228133,5539.499169595239,5973.348168288132,5865.581124788132,5342.622721488131,5241.833582388132,4503.583085588132,4510.746010988132
152703,G06007330,medium,False,3806.0999999999995,0.7130643653791515,1575.5691745799934,1675.6240497194315,1575.573679409999,1542.2867671099987,1380.7549980099989,2111.800270509999,1883.7731810099988,2648.1379587099987
152711,G06007323,high,False,7812.812,0.7130643653791515,3692.609178758132,3541.1492231052375,3692.6389816881324,3622.9830382881314,3284.925151188132,3609.7385946881323,3132.518243388132,3527.141095588132
152719,G06007330,medium,False,7659.237,0.7130643653791515,3620.494341158134,3479.0323712652385,3620.5379646881324,3552.047708888132,3219.8566203881323,3558.1484373881317,3089.174240388132,3496.008347588132
152880,G06007327,low,True,2727.237,0.7130643653791515,709.0248537035984,763.4615495150011,709.0255610613001,694.0198639773,621.1880835363,894.6826899933,791.8700141253,1080.3957888813
152960,G06007310,medium,False,1114.504,0.7130643653791515,459.84991823999894,697.9702065600014,459.85115271999996,450.11833992000004,402.87985591999995,1396.98007632,1330.29618992,2334.14734672
153007,G06007306,high,False,14616.839,0.8407500276235722,7318.623478299996,6733.545327299433,7318.736507649999,7187.662551649999,6552.177664649999,6192.49133575,5295.333512949999,5066.735433949999
153045,G06007324,low,True,4853.049000000001,0.7130643653791515,1304.3386816665238,1343.58278853067,1304.3445884079235,1277.558696211923,1147.5971369529232,1289.6252813529234,1106.1676889019232,1274.9898266679231
153188,G06007301,high,False,6700.844000000001,0.7130643653791515,3051.3364045781295,2971.9725949452345,3051.355184888132,2992.385346888132,2706.339562388132,3150.8401071881317,2747.037219288132,3250.491627188132
153257,G06007306,medium,False,13343.087,0.8407500276235722,6528.404733250005,6025.73576248943,6528.449303849999,6410.7073197499985,5839.295894849999,5626.943097149999,4820.279627449999,4725.969757049999
153326,G06007310,low,True,2174.38,0.7130643653791515,566.4141956780991,624.7763238569985,566.4157179659999,554.4319362749999,496.27347266699996,803.54376966,721.443052983,1040.713955313
153361,G06007330,low,True,2867.826,0.7130643653791515,758.2432359977996,813.0281348139993,758.2513427495999,742.2549695315998,664.6495169286,927.1596457416,817.6008299556001,1096.1375481726
153508,G06007323,medium,False,4608.892,0.7130643653791515,1980.0346205389797,2031.6504294991726,1980.0406177089812,1939.525230308981,1742.933621008981,2393.300030608981,2115.779336108981,2806.673637108981
153933,G06007315,low,True,5515.796,0.7130643653791515,1533.8601998673244,1568.814152902668,1533.8693071095236,1503.2223042405233,1354.506168007523,1453.3741978155235,1243.4387643315235,1372.9861306245232
154196,G06007302,low,True,11883.083,0.8407500276235722,3577.546021024249,3569.8833971297345,3577.5847791975466,3510.537292096547,3185.2573908285467,2877.768570646547,2418.562979326547,2178.2222440785467
154198,G06007323,high,False,7472.494,0.7130643653791515,3508.928819068133,3379.3155980352362,3508.9621040881325,3442.3482540881323,3119.168277288132,3478.310856188132,3022.1114197881325,3447.8819190881322
154201,G06007310,high,False,4805.199,0.7130643653791515,2068.052914588128,2110.7775579752447,2068.070985888132,2025.5395079881314,1819.2198440881316,2447.190200188132,2155.9206514881316,2826.448197488132
154275,G06007313,low,True,5478.126,0.8407500276235722,1518.6058835222136,1556.6402689688632,1518.627953203413,1487.8281479924126,1338.4870709744132,1435.9034089814131,1225.061950699413,1353.279710182413
1544,G06007314,low,True,4144.374,0.7130643653791515,1157.976136573201,1205.8047970289974,1157.9868943587003,1134.5150964987004,1020.6114937137,1199.6068464057003,1038.8120097207,1241.3193419247
154413,G06007313,medium,False,10716.346,0.8407500276235722,5170.42399829,4836.952787269431,5170.46870985,5075.398694849999,4614.088245749999,4655.173675549999,4003.9291959499988,4140.28195525
154446,G06007317,low,True,5118.974999999999,0.7130643653791515,1409.8623604878642,1448.021782099249,1409.871251545565,1381.423253092565,1243.3664405415648,1366.7459286705653,1171.853913268565,1323.739599187565
154496,G06007326,low,True,4352.011,0.7130643653791515,1146.1871601802532,1189.6301615605885,1146.1938667444508,1122.1640854444508,1005.5895346594509,1178.406486297451,1013.8397859364508,1210.7044363264508
155836,G06007310,medium,False,2061.9179999999997,0.7130643653791515,864.5423413500008,1054.1049949900003,864.54977314,846.30885234,757.79527164,1656.9013248399997,1531.94717114,2449.33051424
156405,G06007301,medium,False,7511.915999999999,0.7130643653791515,3524.8325734681325,3392.8743382152397,3524.8475262881316,3458.005353888132,3133.5595892881315,3489.6780864881316,3031.671946688132,3454.758678788132
156673,G06007310,high,False,10345.48,0.7130643653791515,5044.2730761881285,4729.435285815234,5044.314132688132,4952.051831288132,4504.404620488131,4577.025894488132,3945.093330688132,4110.060649988132
156708,G06007326,low,True,8169.995000000001,0.7130643653791515,2395.206671601314,2406.3108330346713,2395.2114513735232,2350.177325425523,2131.6318322595234,2069.7567637545235,1761.247841683523,1744.454173003523
156714,G06007310,high,False,5725.874,0.7130643653791515,2573.9538250481314,2557.2068633352396,2573.977422888132,2522.989701088132,2275.6491844881316,2809.226899188132,2460.0478773881323,3044.6372348881314
156720,G06007329,high,False,7497.396999999999,0.7130643653791515,3392.900749258132,3262.28748730524,3392.905112888132,3328.298809988132,3014.550501188132,3395.213697488132,2952.331333688132,3397.8852850881317
156723,G06007330,medium,False,6233.496999999999,0.7130643653791515,2798.423282728135,2749.240067355239,2798.4368370881325,2743.7085674881323,2478.173915388132,2969.842678588132,2594.9900910881315,3141.433174188132
156825,G06007325,low,True,6974.148,0.8407500276235722,2011.7858078744976,2037.388051698604,2011.7940448094996,1972.7327999924992,1783.0780844624994,1787.7542662964988,1520.0425762184996,1563.8770100174995
156924,G06007322,high,False,8957.18,0.7130643653791515,4314.550856798131,4089.234275525238,4314.591592688132,4234.521659188133,3846.045110388132,4054.825740988132,3506.411375888132,3795.354246888132
156960,G06007329,high,False,13102.169,0.7130643653791515,6478.5560983581345,5986.05363372524,6478.607419888132,6362.3932619881325,5798.457489288134,5603.397588488131,4807.302874288132,4728.6771640881325
157051,G06007312,medium,False,8263.419,0.7130643653791515,3883.90432931813,3703.6762447852416,3883.926218088132,3811.0652096881317,3457.515547588132,3746.630876388132,3247.5303783881322,3609.597798888132
157073,G06007330,low,True,7559.844,0.7130643653791515,2232.3748959969203,2252.8808293846687,2232.397056133523,2190.058831666523,1984.7179673925232,1953.2391186645232,1663.3538276265235,1674.240067951523
157123,G06007310,medium,False,8985.813999999998,0.7130643653791515,4270.12117107813,4043.4337614252404,4270.130588488131,4190.833412588132,3805.9686743881316,4023.0073512881318,3479.715669988132,3776.1578585881316
157245,G06007329,medium,False,12212.063,0.7130643653791515,5893.13127934813,5458.486997975242,5893.083999688131,5786.729650388132,5270.2307199881325,5184.449729588132,4455.446728288132,4476.044175688132
157458,G06007327,low,True,6981.131,0.7130643653791515,2015.8761425784173,2038.4428009436624,2015.8885661595232,1977.178465702523,1789.3949676045231,1798.310110549523,1533.2090122035233,1580.8582756155233
157865,G06007312,high,False,4214.575,0.7130643653791515,1790.5521513600002,1867.08144327,1790.5710832099999,1753.28095261,1572.4024540100002,2258.91625261,2003.5628200099998,2727.40556161
157959,G06007315,high,False,6605.5470000000005,0.7130643653791515,3042.8922225989754,2968.2303624591696,3042.9075242489807,2984.231338448981,2699.436298048981,3146.954502248981,2744.972721248981,3251.1883608489807
158029,G06007326,low,True,8420.206,0.7130643653791515,2474.931380649925,2483.3995740366668,2474.935881319523,2428.589533726523,2203.5762795615237,2126.8048669155237,1809.1638338355233,1778.8705608135233
158048,G06007317,medium,False,3567.3419999999996,0.7130643653791515,1477.100753309999,1589.6729048699995,1477.10623386,1445.8612080599999,1294.2397977599999,2048.08799956,1834.04680066,2619.17868616
158117,G06007313,medium,False,7766.382,0.8407500276235722,3545.4495550400097,3402.58267617943,3545.4601346499994,3477.524892149999,3147.943740149999,3492.319764149999,3027.1036144499994,3439.3475848499993
158120,G06007313,medium,False,5331.074,0.8407500276235722,2310.2854798805074,2324.1338694595615,2310.307029890508,2263.0252035905078,2033.6399397905088,2608.535263890508,2284.7091409905083,2906.9350056905078
158301,G06007316,medium,False,8254.272,0.7130643653791515,3895.025014018132,3715.4680223252403,3895.0567644881316,3821.990747788132,3467.545665588132,3754.5914812881315,3254.214427988132,3614.390604788132
158359,G06007330,low,True,4528.631,0.7130643653791515,1201.0014452634214,1242.8605950286712,1201.0053764004233,1176.020182775423,1054.7807898084234,1216.8726520014234,1045.7260169364233,1232.8218429114231
158447,G06007323,low,True,5968.554,0.7130643653791515,1691.5129385478233,1723.5609363596686,1691.523963541523,1658.2353425745234,1496.736711784523,1566.196877029523,1338.2170952445233,1440.968961211523
158457,G06007302,high,False,6165.235000000001,0.8407500276235722,2558.3763033686364,2535.795046715372,2558.378121328641,2504.605731928641,2243.601963028641,2745.684367528641,2377.237562628641,2933.181683328641
158663,G06007310,high,False,5664.832,0.7130643653791515,2496.652850048134,2483.974622555242,2496.6535506881323,2446.985403688132,2205.901061688132,2753.894775688132,2413.5852908881316,3011.281429388132
158681,G06007311,high,False,9044.530999999999,0.7130643653791515,4383.022408958135,4152.101128945237,4383.082594288131,4301.850587688132,3907.8312963881312,4103.821788588131,3547.557657788132,3824.9126725881315
158697,G06007313,low,True,7670.531999999999,0.8407500276235722,2225.7018827757033,2243.963942800602,2225.714648881499,2183.054789002499,1976.0735308544993,1940.8354064174996,1648.6470165674996,1656.1017723254995
158968,G06007311,medium,False,3070.1850000000004,0.7130643653791515,1281.3188229199989,1419.3246885500002,1281.32920535,1254.2600991499999,1122.95398555,1923.5647092499999,1738.1960958500001,2565.89057245
159000,G06007329,medium,False,7822.919,0.8407500276235722,3629.8223216581287,3478.2487092052406,3629.8423024881326,3561.2140806881316,3228.2636570881323,3564.7972947881317,3094.790063988132,3499.993760788132
159013,G06007301,high,False,14595.067,0.7130643653791515,7334.011090108124,6744.996966895238,7334.097732888133,7203.553123388132,6570.268160288133,6215.594333988132,5321.555247688131,5097.646308388132
159513,G06007330,low,True,12783.402999999998,0.7130643653791515,3935.3772804810246,3909.1420761436725,3935.391196015523,3864.644631784523,3521.200625704523,3171.9120054525233,2687.114545816523,2408.747688511523
159537,G06007325,high,False,16866.152,0.8407500276235722,8372.327604279993,7642.624292039427,8372.373253049998,8223.82183505,7502.896370449999,6946.47321985,5928.774125549999,5521.197911749999
159594,G06007329,high,False,9228.251,0.7130643653791515,4355.367330278135,4113.205332365238,4355.374067088131,4274.654911288133,3882.8870256881323,4084.0005502881318,3530.9590608881317,3812.9160288881317
159662,G06007317,high,False,18140.235,0.7130643653791515,9183.487890978126,8366.18854062524,9183.584148888132,9022.12436568813,8238.908064788131,7539.099344888133,6433.3842546881315,5895.272015888131
159797,G06007317,medium,False,4047.8059999999996,0.7130643653791515,1782.7275160600007,1861.913507890002,1782.7407667500001,1746.6957894500001,1571.74022495,2271.9198169499996,2024.94567545,2761.2565242499995
160052,G06007326,medium,False,5184.224,0.7130643653791515,2246.7896798481315,2265.1954313752426,2246.799396888132,2201.2932204881317,1980.482871388132,2575.087856388132,2263.3712773881316,2903.528491988132
160076,G06007310,medium,False,4064.965,0.7130643653791515,1869.629092089995,1942.702187479997,1869.6458754299997,1832.82708283,1654.09957743,2345.61486953,2093.31612203,2821.75356353
160161,G06007313,high,False,3248.142,0.8407500276235722,1347.5508154699992,1476.4685816100014,1347.55841806,1319.0595340599998,1180.7934519599999,1965.3831152599996,1770.19295676,2583.3035652599997
160189,G06007312,low,True,1432.837,0.7130643653791515,393.52816426140043,459.18913088300064,393.5334657933,385.29442690830007,345.3250195773,694.4649972483,638.0373259623,995.4311337843001
160326,G06007317,medium,False,6649.745,0.7130643653791515,3022.4336358381347,2946.364121605239,3022.450182088132,2963.9828715881317,2680.280327988132,3130.1441656881316,2729.649881288132,3238.0583576881318
160383,G06007310,low,True,2246.7830000000004,0.7130643653791515,584.1614804066992,641.9184807420003,584.1635534847001,571.7983919067001,511.79296851270004,814.8136083177001,730.1069981967,1045.5100550277
160843,G06007313,medium,False,2550.4080000000004,0.8407500276235722,1054.5159194399998,1219.136067119997,1054.52000464,1032.20313334,923.9223332400002,1777.54429704,1624.69325084,2500.6368280399997
161070,G06007328,low,True,3961.5989999999997,0.8407500276235722,1062.7843922394406,1110.400074994181,1062.7922499522415,1040.6587001082412,933.2421539622414,1127.1564308142413,975.5203242132415,1191.6099067422415
161241,G06007322,low,True,4176.024,0.7130643653791515,1121.7514177548,1165.9791757320002,1121.75580825,1098.686986488,986.7018885570001,1170.0813543599998,1011.996206958,1218.510447585
161262,G06007302,low,True,9285.822,1.0497359105206039,2660.993895537347,2668.926008532735,2661.012155797547,2609.3009334585477,2358.3317790855467,2221.853850955547,1867.5717612135463,1782.920756056547
161321,G06007301,low,True,4234.907,0.7130643653791515,1182.2183924355015,1225.625426682998,1182.226720752,1158.7491881909998,1044.769893993,1223.5664882370002,1062.667535169,1265.032661883
161451,G06007302,medium,False,7917.896,0.8407500276235722,3550.6917449762677,3418.0652583310507,3550.7316533262647,3479.866750326265,3136.086218626265,3447.713404826265,2962.384580126265,3344.9566028262648
161495,G06007326,low,True,11940.089,0.7130643653791515,3658.663323137428,3639.798049667664,3658.677111235523,3592.539148330523,3271.545652591523,2973.9042754065235,2520.7771556745233,2289.3805285365233
161524,G06007330,low,True,14208.924,0.7130643653791515,4497.921715699519,4469.493214826665,4497.965417665523,4417.777536976523,4028.735833408523,3574.513807348523,3025.2966825285225,2651.367159493523
161526,G06007316,medium,False,6611.034,0.7130643653791515,2986.580343818123,2913.0865980852427,2986.588043488132,2928.728091388132,2647.940755988132,3104.4861580881316,2708.102575788132,3222.583717288132
161527,G06007311,medium,False,4201.299999999999,0.7130643653791515,1735.1135093594883,1815.197253599304,1735.1183739494898,1698.4084931494901,1520.2549584494898,2213.0317517494896,1961.5380074494897,2691.0780498494896
161637,G06007314,medium,False,9818.284,0.7130643653791515,4699.370827248125,4419.006996295244,4699.396916488133,4612.901639788131,4193.248074088133,4330.192280388132,3737.758993788132,3961.278169288132
161676,G06007310,high,False,21100.206,0.7130643653791515,10626.850734018139,9619.118295425242,10626.946784288133,10441.300895788132,9540.944088788132,8571.968295388133,7301.102189488132,6517.614922088131
161840,G06007307,high,False,6076.484,0.8407500276235722,2731.5126564,2697.2226379194312,2731.543633049999,2677.2108799499993,2413.6422167499986,2909.868081049999,2537.7750047499994,3088.3918556499993
161841,G06007317,high,False,7077.892,0.7130643653791515,3250.914569048133,3147.1149038352382,3250.928407688132,3188.636801588132,2886.3856986881324,3293.6572118881318,2867.014508488132,3336.5718862881317
161937,G06007317,medium,False,6543.802,0.7130643653791515,2943.8659377281306,2874.7368489552377,2943.870530488132,2886.727134688132,2609.3997372881317,3073.9162242881316,2682.425358488132,3204.158381088132
161987,G06007329,medium,False,9036.713,0.7130643653791515,4300.705635488124,4070.467774975236,4300.722488688132,4220.926399688133,3833.5651908881323,4044.889349688132,3498.084109188132,3789.390726888132
162124,G06007327,high,False,8306.079,0.7130643653791515,3839.7048033381275,3656.923494225243,3839.6758466881315,3767.601744088132,3417.620980088132,3714.993291888132,3220.994899488132,3590.4682074881316
162228,G06007326,medium,False,3992.937,0.8407500276235722,1666.895374859488,1757.5420502098734,1666.906570169491,1631.715086569491,1460.992383569491,2170.880044869491,1929.8673134694911,2674.9686924694906
162242,G06007315,medium,False,5882.264,0.7130643653791515,2638.8582880581343,2612.289210825238,2638.8829104881315,2586.8063045881318,2334.212605688132,2855.660211988132,2499.0612776881317,3072.6266884881315
162396,G06007330,medium,False,2276.709,0.7130643653791515,947.8511560799986,1126.4784173100052,947.85766367,927.82456157,830.6419466700002,1709.79041557,1572.59561357,2471.78857427
162448,G06007301,medium,False,4623.117,0.7130643653791515,1926.43052661932,1980.2476367729696,1926.426187649321,1886.401046649321,1692.0243865493212,2347.468577549321,2073.088056349321,2768.6740948493207
162512,G06007323,low,True,3610.751,0.7130643653791515,959.7911281811987,1010.3251999120007,959.8011803226,939.5764461215999,841.4774788266001,1056.8229384306,918.3326073816002,1153.9201322346
164072,G06007314,medium,False,11022.115,0.8407500276235722,5346.476168558136,4988.439878065243,5346.512359488132,5249.2145610881325,4777.084172988132,4793.255664188131,4126.751962188131,4240.405621388131
164150,G06007316,low,True,3483.078,0.7130643653791515,921.1486064571011,971.8456891220004,921.1570309053001,901.7422007643,807.5530849113001,1031.8958118363,898.9260045303001,1142.7101666223
164189,G06007322,high,False,3669.099,0.7130643653791515,1527.9063854500002,1633.7509670800002,1527.9090656300002,1495.83803813,1340.1440556300001,2084.64588853,1864.87287663,2641.51047403
164512,G06007326,high,False,9252.471000000001,0.7130643653791515,4388.770095368131,4145.036803355237,4388.793519888131,4307.485561488133,3913.012578688132,4107.913425588132,3551.038003688132,3827.315836888132
164552,G06007317,low,True,4209.889999999999,0.7130643653791515,1100.9147876051777,1145.1206553775114,1100.9177498966785,1077.7207212446785,965.1450283016788,1147.1670450116787,988.2470543066786,1193.4961701986788
164642,G06007307,high,False,3753.343,0.8407500276235722,1540.1674648199967,1643.2501920500004,1540.16409389,1507.53715509,1349.13855889,2087.38624849,1863.78883609,2634.7222906899997
164667,G06007301,high,False,13164.514,0.7130643653791515,6484.019000338134,5988.113078665243,6484.073312888131,6367.714020188132,5803.365585988133,5607.311612388132,4810.611591288132,4730.945725588132
164747,G06007315,low,True,3098.9849999999997,0.7130643653791515,814.6527251687999,867.4303250969995,814.6580182964999,797.4513819404999,713.9627438894998,962.9378847255,845.0773201695,1111.2793591695
164756,G06007306,high,False,21926.202,0.8407500276235722,11047.986040939999,9992.231547939433,11048.061917049998,10854.75902895,9916.906228049998,8861.216098249999,7537.268019349999,6675.132400549999
164760,G06007329,medium,False,10448.868999999999,0.7130643653791515,5044.37569134813,4723.095547035238,5044.403874488133,4952.149451388132,4504.479084388133,4577.080218688132,3945.1569839881317,4110.083521288132
164965,G06007327,high,False,7579.023000000001,0.7130643653791515,3570.20499408813,3433.9396904152386,3570.2441582881324,3502.607104088132,3174.4919080881323,3522.1524924881323,3058.937830988132,3474.331488288132
165170,G06007324,medium,False,3044.1440000000002,0.7130643653791515,1263.1356309299954,1402.4603302299984,1263.1419245200002,1236.42976432,1106.8255862199999,1911.36725062,1728.4110975199999,2559.6768859199997
165206,G06007316,high,False,4683.548,0.7130643653791515,1987.4919805881273,2037.7922671652475,1987.5034307981318,1946.3820507981318,1746.882895298132,2390.537268998132,2108.9037400981315,2793.7078487981316
165351,G06007328,high,False,8542.911,0.7130643653791515,3984.4935379400013,3791.3598903194274,3984.507934449999,3909.275505049999,3544.116501749999,3806.4974934499987,3291.0145064499993,3628.7779982499987
165396,G06007327,medium,False,9924.926,0.7130643653791515,4749.872236878133,4462.388064465242,4749.897615688133,4662.595749488131,4238.824407588132,4366.312084288132,3768.0923603881324,3983.124446788132
165568,G06007311,low,True,5843.099,0.7130643653791515,1650.1635293964234,1683.3226949456684,1650.177289459523,1617.5799278655231,1459.4391483135234,1536.602675728523,1313.3541231945233,1423.1463671145234
165569,G06007306,high,False,13551.0,0.8407500276235722,6674.374035129998,6158.602439289429,6674.439150049998,6554.186040349999,5970.938648449998,5731.417140049999,4908.049133049999,4788.8560674499995
165676,G06007306,high,False,14094.067,0.8407500276235722,6931.923631559997,6380.89113935943,6931.975763649999,6807.469277249999,6203.347578149998,5915.716569349999,5062.866114549999,4899.975715649998
16579,G06007307,medium,False,3707.3289999999997,0.8407500276235722,1544.5377224499998,1649.8833889399993,1544.54571107,1511.91569557,1353.57450297,2091.9631728699997,1868.43468297,2639.49746737
16581,G06007315,high,False,17033.143,0.7130643653791515,8610.222528658138,7864.3185197452385,8610.310611488132,8458.437077388131,7721.691041888131,7128.859839688132,6088.764101888131,5648.033627888131
166012,G06007302,high,False,5997.845,0.8407500276235722,2634.887056078812,2609.4580691428414,2634.9017754788124,2581.684545978812,2323.3174619788124,2831.548892878812,2466.8404627788123,3028.4328981788117
166075,G06007307,high,False,13650.905999999999,0.8407500276235722,6715.0247959,6192.388704259434,6715.066076049999,6594.2022527499985,6007.653862449999,5760.5062042499985,4932.481882949998,4806.435286849999
166104,G06007311,medium,False,13502.491000000002,0.7130643653791515,6687.4282908181285,6169.3071378052355,6687.487875088133,6567.761457788132,5986.8935863881325,5752.8664451881305,4932.868633588132,4818.743353588132
166167,G06007326,high,False,12959.28,0.8407500276235722,6378.625370938127,5895.127589945239,6378.656466088132,6264.147949388131,5708.299885188131,5531.885841588131,4747.234926688132,4685.580127588131
166315,G06007329,high,False,2961.847,0.7130643653791515,1232.147749789999,1375.66488992,1232.1547938100002,1206.1183663100003,1079.7636513100001,1891.7669395100002,1713.39301301,2551.48426931
166521,G06007313,high,False,4140.085000000001,0.8407500276235722,1716.14096669,1799.373936580001,1716.14712935,1679.85537995,1503.7343839500004,2201.20317155,1952.5807876500003,2686.38749815
166662,G06007302,high,False,4746.785,0.8407500276235722,1986.7903944000009,2038.950667829998,1986.8047053500004,1944.8671019499998,1741.3832620499998,2375.87548145,2088.62083705,2765.10961695
166715,G06007313,medium,False,3081.7709999999997,0.8407500276235722,1303.41658495,1440.7525415600007,1303.4375383300003,1275.96328523,1142.7627318300001,1939.0221114299998,1750.96844053,2574.69945043
166899,G06007316,high,False,14627.383999999998,0.7130643653791515,7319.989779038129,6729.138715405241,7320.053170488132,7189.756237388132,6557.617645888133,6205.558933988132,5313.147887888132,5091.553534688132
167044,G06007308,high,False,2950.67,0.8407500276235722,1219.9359048599936,1364.067663560003,1219.9385900999998,1194.1281180999997,1068.8650916,1883.3787745,1706.5477489,2546.9068036
167075,G06007316,low,True,695.1090000000002,0.7130643653791515,180.6802059005992,249.18612469100043,180.68065613010003,176.85626185710004,158.2957977741,556.7066715531,530.5056866031,932.7469275591001
16717,G06007316,low,True,3792.1820000000002,0.7130643653791515,1042.9740602316,1092.7574753339968,1042.9894785491997,1021.6003048272,917.8783931142001,1120.2645183582,973.8267213702001,1197.6354759192
167189,G06007302,medium,False,3085.621,0.8407500276235722,1270.6092917599995,1407.8708207699979,1270.61015303,1243.70684483,1113.12775963,1915.4097738299997,1731.0806560299998,2560.3040932299996
167265,G06007316,medium,False,7930.905,0.7130643653791515,3684.3214346681384,3525.7994470952326,3684.338012888132,3614.803082488132,3277.4409546881325,3603.799840788132,3127.556224888132,3523.493701188132
16727,G06007328,medium,False,5051.9490000000005,0.8407500276235722,2140.8064575698286,2171.8193053925315,2140.8125519898285,2096.5127517898286,1881.5084439898287,2489.499494289829,2185.9941247898287,2838.3414355898285
167333,G06007307,high,False,4963.545,0.8407500276235722,2092.2803450281326,2128.3110027452394,2092.285039138132,2048.9068895381315,1838.3961410381323,2456.7057716381323,2159.538973638132,2821.277594238132
167459,G06007330,medium,False,6288.884999999999,0.7130643653791515,2805.503808688132,2752.3048818552516,2805.501322728132,2750.7281076281315,2484.9093089281323,2975.996158728132,2600.7862420281317,3146.6284728281316
167514,G06007316,low,True,8004.191000000001,0.7130643653791515,2338.6640817570233,2351.0041185296673,2338.6698062835235,2294.580144835523,2080.621639459523,2029.2917736015233,1727.254482493523,1720.0721024445234
167572,G06007315,medium,False,13605.273000000001,0.7130643653791515,6853.505680178134,6328.253186505239,6853.594959288132,6731.081699688131,6136.747540188131,5871.736112488132,5032.689237288132,4890.438483888132
167723,G06007328,high,False,9807.745,0.8407500276235722,4665.691424919995,4391.130515459429,4665.725245849999,4579.070750849999,4158.689890149999,4293.98101885,3700.5251178499993,3922.542266549999
167793,G06007311,low,True,10460.727,0.7130643653791515,3208.525156240823,3206.1232577956644,3208.5565524735234,3149.9317483755235,2865.4302114195225,2651.784386539523,2250.1553695335233,2095.289874079523
16783,G06007328,high,False,6011.26,0.8407500276235722,2637.446808540002,2607.7391401794234,2637.4599682499993,2584.7099139499996,2328.775181249999,2842.535155649999,2481.234201749999,3047.791307149999
167888,G06007317,low,True,8330.979,0.7130643653791515,2493.7420748361237,2508.282635932667,2493.7660790835234,2447.070183046523,2220.534163693523,2140.2803490615233,1820.4723980325234,1786.9798227225233
167958,G06007301,low,True,4865.54,0.7130643653791515,1317.3085519262374,1357.4986978553277,1317.3145573319377,1290.2965648199374,1159.1677151639371,1298.5026275819373,1113.3920678429372,1279.7868614729373
168067,G06007310,high,False,6585.59,0.7130643653791515,2990.027731228132,2917.9407127352392,2990.045740488132,2932.109339988132,2651.016480988132,3106.964272488132,2710.1758376881317,3224.0643413881317
16838,G06007330,high,False,14232.282,0.7130643653791515,6979.593380138131,6414.57496708524,6979.588468888132,6855.0152658881325,6250.400419488133,5961.946423888132,5108.570335988132,4944.606107888132
168503,G06007326,high,False,7226.6849999999995,0.7130643653791515,3335.515255318131,3222.2210336852418,3335.535793088132,3271.837862288132,2962.753807188132,3354.189968688132,2917.858166888132,3373.093945388132
168512,G06007316,medium,False,8373.338,0.7130643653791515,3968.3195591681383,3781.2614259352385,3968.3655514881325,3894.038058988132,3533.6490620881323,3807.043971588132,3298.2778679881326,3645.978420988132
168527,G06007314,low,True,3511.157,0.7130643653791515,924.776188471799,974.7396706879981,924.7821844968001,905.2939814058001,810.7254572508002,1034.1993071388001,900.6989842038001,1143.6933178158001
168580,G06007326,high,False,4096.395,0.8407500276235722,1705.9374660284702,1790.92727879961,1705.9484407684731,1669.9672961684732,1495.410702168473,2196.472779368473,1950.049154068473,2687.1176823684727
168664,G06007316,low,True,6664.001,0.7130643653791515,1898.7632880162228,1922.5607153376684,1898.7681082155232,1862.0321287605232,1683.7338672555231,1714.496414611523,1462.8031142355233,1530.3594238905232
168791,G06007308,high,False,9091.051,0.8407500276235722,4281.830162480003,4053.29937669943,4281.847928649999,4201.643839949998,3812.3660916499985,4019.276585049999,3469.7604522499987,3757.0135908499988
168808,G06007312,high,False,10995.304,0.7130643653791515,5409.261486688129,5052.442593695232,5409.315103288132,5310.952247288133,4833.717726788131,4838.2161633881315,4164.496570788132,4267.503889788131
16883,G06007308,high,False,10090.374,0.8407500276235722,4890.808053549999,4597.3114393494325,4890.869841249999,4800.452454849999,4361.799790349999,4455.097790449999,3835.832045449999,4019.706275149999
168851,G06007329,medium,False,6077.281999999999,0.7130643653791515,2729.884023978136,2690.7455952452356,2729.905527888132,2676.3091670881317,2416.336536988132,2920.8012882881317,2553.786256188132,3111.873985488132
169010,G06007308,high,False,13261.121,0.8407500276235722,6511.357823229999,6013.449697089431,6511.382262249999,6393.952581149999,5823.871408149999,5614.763310049999,4810.051891349999,4718.602547549999
169026,G06007307,low,True,4741.9169999999995,0.8407500276235722,1329.1187516593475,1372.3524907450126,1329.1287957808486,1302.3647303758485,1172.4430645438483,1314.5999295358486,1131.2022768598486,1300.1732695768483
169322,G06007313,low,True,2375.4129999999996,0.8407500276235722,624.0175126226993,681.5685523219993,624.0205911177,610.8407839736999,546.8807952656999,840.7972653177001,750.5053952367,1057.6253000157
16939,G06007307,high,False,4331.451,0.8407500276235722,1796.488408668799,1869.5549967722745,1796.493668728811,1758.561483928811,1574.4808428288106,2253.6200615288108,1993.7572972288108,2710.8746743288107
169424,G06007317,medium,False,3693.4700000000003,0.7130643653791515,1542.5527683700002,1648.6480544299977,1542.5648347000001,1509.9824126000003,1351.9324076000003,2090.9809787,1867.8524954,2639.5017119
169520,G06007316,high,False,6343.796,0.7130643653791515,2850.467169938133,2794.1719537252397,2850.4737334881315,2794.8912437881318,2525.139373888132,3007.0823490881317,2626.276626388132,3163.885156588132
169557,G06007308,medium,False,9751.54,0.8407500276235722,4681.011443889992,4409.810408389432,4681.045150649999,4594.158937949998,4172.514752849998,4304.940514549999,3709.723148349999,3929.1975025499987
169639,G06007329,medium,False,4444.947,0.7130643653791515,1916.6100865798312,1978.5490720731011,1916.6196265098301,1877.1773162098298,1685.7299672098297,2347.95696030983,2077.7022137098297,2779.43691600983
169735,G06007315,low,True,8635.526,0.7130643653791515,2652.4313996343185,2670.292758458667,2652.4502089395223,2603.1267121785227,2363.7025350465233,2253.860411692523,1915.8751783305233,1855.443671350523
169740,G06007306,high,False,9788.582999999999,0.8407500276235722,4720.51158015,4446.816601309433,4720.561439249999,4632.994231749999,4208.156063549999,4333.218300749999,3733.4639378499987,3946.241349249999
169865,G06007313,low,True,9404.169999999998,0.8407500276235722,2794.7942271080997,2797.8570840426005,2794.791945613499,2742.6473242244992,2489.5023249914993,2348.0884309664993,1990.7724414044992,1901.5287218204994
169892,G06007317,high,False,7623.771,0.7130643653791515,3522.775805288127,3383.994475675241,3522.787317088132,3455.9612420881317,3131.691755088132,3488.1952347881315,3030.4424184881323,3453.826366288132
16995,G06007313,medium,False,9441.682,0.8407500276235722,4539.565031230009,4288.1653994894305,4539.611615649998,4455.0629498499975,4044.8758435499985,4203.734589149999,3624.6936821499994,3868.185334349999
170000,G06007316,low,True,3728.795,0.7130643653791515,1004.8600123569004,1054.5345453020004,1004.8675841001,983.9447961020999,882.4062338721002,1089.8597625411,946.5221520201,1174.9266394521
170082,G06007313,high,False,12185.197,0.8407500276235722,6017.018751530001,5588.344328969433,6017.062319849999,5907.857992849999,5377.874945549998,5261.033663149999,4512.879460449999,4505.406996749999
1701,G06007324,low,True,5379.647000000001,0.7130643653791515,1554.9015019355998,1590.1696104209984,1554.9116906169,1524.9437658819002,1379.4459593859,1485.7115610819,1280.3256736059002,1416.6750011559002
170149,G06007307,medium,False,6908.398999999999,0.8407500276235722,3085.7980347799994,2998.4219021594313,3085.8059986499993,3025.5804262499987,2733.2893869499994,3163.3612948499995,2750.7564326499987,3241.167009149999
170201,G06007315,medium,False,8235.295,0.7130643653791515,3859.2201456781345,3680.7585094852398,3859.2304598881315,3786.820045588131,3435.260871488132,3728.948210088132,3232.679214488132,3598.9896928881317
170453,G06007326,high,False,24763.079,0.7130643653791515,12610.654263558135,11366.778618045235,12610.737030888129,12392.030300888131,11330.963099888131,9991.614904688131,8493.673600488131,7373.285361788132
170602,G06007306,medium,False,9972.375,0.8407500276235722,4724.093528100008,4438.962321259434,4724.111760849999,4636.503571649999,4211.399018449999,4335.772808549999,3735.641627349999,3947.719977949999
17063,G06007314,high,False,4531.450000000001,0.7130643653791515,1925.974932258812,1984.9313081528398,1925.988122828812,1886.051801128812,1692.2899199288124,2349.158944128812,2075.629760428812,2772.479826528812
170765,G06007314,high,False,26724.112999999998,0.7130643653791515,13543.54698936813,12173.658066015243,13543.601073888132,13309.37549028813,12172.680241388132,10659.153827088132,9054.472747188132,7775.653242188131
170817,G06007301,low,True,5534.2970000000005,0.7130643653791515,1543.2533890062234,1578.438603437669,1543.2640777815232,1512.456157225523,1362.9850627605233,1460.0987966475232,1249.086829495523,1377.0345727425233
170996,G06007314,high,False,6560.543000000001,0.7130643653791515,2971.8167335881353,2901.5604642152416,2971.8328720881323,2914.2045752881318,2634.613309788132,3093.925457988132,2699.2260620881316,3216.214835488132
17127,G06007315,medium,False,4162.918,0.7130643653791515,1722.4481068599948,1803.4482374394333,1722.4500430499993,1686.175723249999,1510.1237461499989,2207.738888149999,1959.2169232499991,2693.156840449999
17150,G06007326,low,True,6987.349,0.7130643653791515,2035.6563667473445,2059.245308782158,2035.6691993559446,1996.7406616449443,1807.7925730779448,1814.0504347389447,1547.3241383079444,1592.6164082349442
17201,G06007307,low,True,6593.287,0.8407500276235722,1858.3643725856996,1884.475498268602,1858.374598783499,1821.851655277499,1644.6604359464998,1677.9641562164993,1427.8206770714996,1497.6710044034994
172068,G06007324,high,False,4435.298,0.7130643653791515,1878.7825992989758,1940.7035390191752,1878.7728320089811,1840.1089495089811,1652.3685543089812,2323.059783008981,2058.033291508981,2767.463379608981
172099,G06007313,low,True,4770.734,0.8407500276235722,1282.384675297327,1325.4627932329179,1282.4002886692278,1255.639287836228,1125.8407197832278,1268.2341331432276,1084.9886781982277,1254.1634041582279
172221,G06007329,low,True,8609.2,0.7130643653791515,2597.0557184574186,2610.5150186956675,2597.0893573515236,2548.650877219523,2313.734306050523,2214.215426011523,1882.5779188665233,1831.535440738523
172291,G06007326,high,False,8022.728999999999,0.7130643653791515,3685.621444428132,3520.8152249752397,3685.610605688132,3616.137685188132,3278.648180388132,3604.707708588132,3128.319670688132,3524.119948088132
172435,G06007310,high,False,5426.35,0.7130643653791515,2373.4704157081364,2376.292260355241,2373.477688288132,2325.8609594881323,2094.778592288132,2665.7386301881315,2339.525732588132,2958.1666453881317
17250,G06007323,medium,False,6498.445,0.7130643653791515,2941.06541822814,2874.819587175247,2941.080081888132,2883.966078888132,2606.872152788132,3071.921671388132,2680.742194888132,3202.949100388132
172611,G06007327,medium,False,7482.794,0.8407500276235722,3476.911691738133,3346.9036482452384,3476.933626688132,3410.8806845881318,3090.321750288132,3455.378786488132,3002.856350788132,3434.089437788132
172771,G06007314,medium,False,6085.719999999999,0.7130643653791515,2749.626736228132,2709.7840401752414,2749.6500010881323,2695.728074388132,2434.1516004881323,2934.935422488132,2565.653276488132,3120.400487588132
172792,G06007313,low,True,6959.872,0.8407500276235722,1996.0980368552987,2020.9156468686017,1996.1143064414991,1957.2820240994995,1768.9201821584998,1776.5319600614998,1510.6194256214994,1557.0753479474995
172993,G06007327,low,True,624.4449999999999,0.8407500276235722,158.40386260020028,226.96573727100014,158.4031362165,155.03604451649997,138.67833813750002,542.1583399035001,519.0691177335,925.9313855685
173204,G06007323,high,False,8353.591,0.7130643653791515,3939.5534392981267,3753.5528180652377,3939.581019488132,3865.787154788132,3507.7309359881324,3786.450652088132,3280.977808888132,3633.611084588132
173383,G06007311,low,True,10263.449,0.7130643653791515,3133.9808501325224,3132.5514058406707,3134.0097549735233,3076.6093176345225,2798.169322906523,2598.442160791523,2205.3570426945234,2063.0969455845234
173403,G06007327,low,True,6549.88,0.7130643653791515,1903.888387263324,1933.179178878667,1903.9035695955229,1867.0743618585227,1688.3548045485234,1718.1744889275233,1465.880388421523,1532.5880904705232
173451,G06007324,low,True,8474.11,0.7130643653791515,2510.797098132625,2520.701821921669,2510.801519617523,2463.859048888523,2235.9295914405234,2152.474451086523,1830.725608657523,1794.3444287895231
173671,G06007310,medium,False,6750.538,0.7130643653791515,3074.6122446481268,2992.062850915246,3074.632082288132,3015.290370888132,2727.363270288132,3167.4833842881317,2761.0145776881322,3260.566481188132
173918,G06007308,high,False,19686.955,0.8407500276235722,9857.552426019993,8946.646294459433,9857.62991465,9684.194339949998,8842.881863949999,8009.311671749999,6821.62721135,6161.706352349998
173925,G06007310,medium,False,8618.746,0.7130643653791515,4053.540856008133,3850.6144714952407,4053.562716488132,3977.862837788132,3610.569241988132,3868.0170387881317,3349.508228988132,3682.7498411881315
1740,G06007329,medium,False,8597.781,0.7130643653791515,3997.2097898581337,3796.028514125241,3997.221181288133,3922.5008113881318,3559.778837388132,3827.6588537881316,3315.6182771881317,3658.503073488132
174144,G06007326,medium,False,3489.6560000000004,0.7130643653791515,1463.005455679995,1579.5088287400004,1463.01972188,1432.1373640799998,1282.35255348,2040.4425645799997,1828.98700178,2617.96504558
174279,G06007313,high,False,5460.762,0.8407500276235722,2432.276121711867,2433.419905674191,2432.2951152718674,2383.566595371867,2147.057291271867,2705.591734471867,2371.726049271867,2979.087812771867
174614,G06007311,low,True,7528.469000000001,0.7130643653791515,2218.150999391123,2238.215799032669,2218.1653495815235,2176.095210715523,1971.892806085523,1943.0564270265231,1654.795717555523,1668.135668839523
174675,G06007306,high,False,15595.694,0.8407500276235722,7672.417438010001,7025.072108609431,7672.450548849999,7535.558580549999,6871.411967349999,6445.623267249999,5508.052986249999,5219.2454681499985
174750,G06007324,low,True,6775.66,0.7130643653791515,1961.1459765942254,1986.7502615136693,1961.1610664235227,1923.3709383345229,1740.0177881655234,1759.1452748325228,1500.301767847523,1557.2730809055233
174879,G06007314,high,False,5921.075,0.7130643653791515,2665.925295818133,2636.56984094524,2665.938930688132,2613.424941188132,2358.613018988132,2875.041246688132,2515.344153488132,3084.2898159881315
174940,G06007301,high,False,14948.846000000001,0.7130643653791515,7282.911584648133,6672.1071176352325,7282.904982088132,7153.343190188132,6524.192533388132,6178.933991888132,5290.845720888132,5075.565974588131
175002,G06007312,low,True,1521.245,0.7130643653791515,405.8387029241994,469.32951596299966,405.83944181969997,397.34809870770005,356.0988523617001,702.2992134927001,644.0760582087,998.8061799777001
175111,G06007327,low,True,5697.871999999999,0.7130643653791515,1587.4565492634233,1620.3060824896681,1587.4648412415231,1555.9220157315233,1402.8671476815232,1491.7221365985233,1275.6575212515233,1396.0994788965231
175149,G06007302,medium,False,6536.008,0.8407500276235722,2772.8792892779647,2729.132157858339,2772.8998891379624,2715.121922537962,2434.8068491379618,2892.469016837962,2496.747869037962,3012.243900337962
175204,G06007310,medium,False,848.841,0.7130643653791515,362.43931979999843,614.0669179699998,362.44445423,354.82346563,317.85430703,1335.60121603,1283.4099322299999,2308.7853329299996
175310,G06007328,medium,False,11645.293000000001,0.7130643653791515,5699.471162670006,5306.188245249428,5699.540970849999,5595.583773649999,5091.385724249999,5033.779430049999,4321.971132949999,4368.434319549999
175350,G06007313,medium,False,7219.103999999999,0.8407500276235722,3262.348425940002,3154.784016099431,3262.359196049999,3199.177828949998,2892.570555049999,3289.7162934499993,2856.8969575499987,3317.302241649999
17562,G06007327,high,False,14016.007,0.7130643653791515,6894.0684280181285,6343.300084665247,6894.106123688132,6770.921625588131,6173.328382288131,5900.742395488132,5057.122518488131,4907.781403188132
175719,G06007306,high,False,9785.871,0.8407500276235722,4609.463714159996,4336.65660867943,4609.482995249999,4523.813279149999,4107.983922449998,4253.694995349998,3666.6982621499983,3898.3408141499986
175734,G06007316,high,False,2464.8019999999997,0.7130643653791515,1024.020358379999,1193.0277485799988,1024.0256676600004,1002.37671056,897.3375764600003,1758.40316736,1610.1201613599999,2492.85474406
175841,G06007310,medium,False,11705.853,0.7130643653791515,5859.92397647812,5457.067310345239,5859.990960688132,5754.082690588131,5240.302913188132,5160.736046188133,4435.419816988132,4461.8753405881325
175861,G06007330,medium,False,5147.287,0.7130643653791515,2214.5653763181294,2235.414460705243,2214.5691598881326,2169.610870688132,1951.4131827881324,2552.021353388132,2243.999125788132,2889.631143388132
17634,G06007323,medium,False,4681.279,0.7130643653791515,1989.9535365393206,2040.3523537623992,1989.9620702493205,1948.79928374932,1749.0195813493199,2392.03121334932,2110.0032593493197,2794.25051424932
176466,G06007301,medium,False,4869.575999999999,0.7130643653791515,2071.1610574381316,2109.9188829052405,2071.1688182881317,2028.597885388132,1822.027113288132,2449.4010550881317,2157.789768588132,2827.781480388132
17649,G06007311,high,False,11388.425000000001,0.7130643653791515,5554.399123628131,5173.080749995241,5554.4650526881305,5453.6268924881315,4964.653224488133,4942.052015688132,4251.744972188131,4330.048431688132
176503,G06007312,high,False,4740.456,0.7130643653791515,2034.9733841788084,2075.991193012263,2034.9619855188112,1993.858452918811,1794.2976440188108,2437.846839518811,2156.1657491188107,2840.840276618811
176754,G06007311,medium,False,4738.999,0.7130643653791515,2030.7875172881309,2077.747091935243,2030.8020520881323,1988.9008282881318,1785.6007965881322,2420.521762888132,2133.518354788132,2810.379686288132
176830,G06007322,medium,False,3105.579,0.7130643653791515,1275.373791669492,1411.1433066998718,1275.365500729491,1248.416867129491,1117.573810129491,1919.277342629491,1734.5936781294909,2563.257340029491
176871,G06007310,medium,False,6952.146000000001,0.7130643653791515,3181.0167081081327,3085.29532465524,3181.029157888132,3119.9180839881315,2823.3440956881323,3243.6341340881313,2824.988520288132,3306.445814188132
176922,G06007325,high,False,6928.972,0.8407500276235722,3166.6283286400003,3077.4567588194327,3166.6515668499987,3105.0622010499983,2806.220025149999,3221.2375555499993,2799.351239049999,3276.044891549999
177052,G06007326,high,False,8768.882,0.7130643653791515,4140.119793108133,3927.5315434752324,4140.141735088133,4062.987243088132,3688.6755689881325,3929.9805187881316,3401.563138188132,3720.074036488132
177073,G06007316,high,False,7492.951,0.7130643653791515,3483.7533984881306,3353.179837175245,3483.7772488881324,3417.5974230881325,3096.5008122881322,3460.282592288132,3006.976506388132,3437.022136988132
177095,G06007327,high,False,12415.714000000002,0.7130643653791515,6117.426652498132,5669.366266785239,6117.477869888133,6007.287312888131,5472.646516288132,5344.968175388132,4590.210662688132,4572.916613188132
177117,G06007329,low,True,1869.612,0.7130643653791515,487.7791119873001,548.3207137450024,487.78105292280014,477.46317424680007,427.3954063848001,753.2878488708001,682.6076708898,1018.8302461188001
177175,G06007327,medium,False,4650.278,0.8407500276235722,1981.9346448093193,2032.5726699429688,1981.943774429321,1941.1654742293213,1743.243367829321,2390.5315454293204,2111.131354629321,2799.285157329321
177247,G06007322,medium,False,9659.097000000002,0.7130643653791515,4676.484991568126,4405.89261471524,4676.519641088133,4590.409761588131,4172.574138888132,4313.828607988132,3723.995743688132,3951.4395532881317
17734,G06007310,medium,False,2336.496,0.7130643653791515,968.0433399299941,1143.657693629998,968.0482170800001,947.5710039800001,848.2186849800003,1722.36323358,1582.10617228,2476.7526422799997
177393,G06007330,low,True,3235.778,0.7130643653791515,840.2387489622027,891.0208245119998,840.2407188461999,822.4515774341999,736.1176968432,978.5432103222,856.6723487622,1116.9109483782001
177563,G06007313,medium,False,10716.312,0.8407500276235722,5160.631740689998,4827.034886369433,5160.684482849999,5065.765585449999,4605.219040249999,4648.16381045,3998.0365504499996,4136.058032649999
177769,G06007308,low,True,5315.26,0.8407500276235722,1434.776089458278,1471.3347628625095,1434.7824079172785,1405.3563530492788,1262.5562707502788,1375.0362105902789,1173.4557267302787,1315.393462287279
177884,G06007326,low,True,7505.317999999999,0.8407500276235722,2243.3037778734215,2267.0856046056674,2243.3217268695234,2200.826263411523,1994.5851994455234,1961.0670060045231,1669.9202444835232,1678.985662084523
178099,G06007330,high,False,8057.591,0.7130643653791515,3868.5474911581337,3701.085305545243,3868.594949488132,3795.9767393881325,3443.661123688132,3735.663278588132,3238.2845365881317,3603.028211888132
178139,G06007325,high,False,17300.976,0.8407500276235722,8599.24082767,7841.403121869431,8599.26011705,8446.917459849998,7707.590143949998,7108.888974649998,6065.233184249999,5618.971696049999
178224,G06007330,high,False,8377.325,0.7130643653791515,3954.972621018133,3767.143650745238,3955.0029584881318,3880.9614744881314,3521.6378023881316,3797.488275488132,3290.239684688132,3640.2837648881314
17825,G06007312,high,False,17057.03,0.7130643653791515,8501.683361428131,7754.709512095244,8501.723550088132,8351.704726288131,7623.770125788133,7051.167807488131,6023.542893688133,5601.149803988132
178283,G06007306,high,False,3914.358,0.8407500276235722,1636.5187215899984,1731.2440636500005,1636.53148834,1601.97351224,1434.32780864,2151.3053101399996,1914.6347770399998,2666.18929284
178299,G06007330,high,False,4871.176,0.7130643653791515,2067.4430292481306,2106.1293544152386,2067.4461922881324,2024.9453300881319,1818.6767357881322,2446.736962988132,2155.555085588132,2826.1793148881316
178374,G06007328,medium,False,9517.489,0.7130643653791515,4637.492141500002,4380.866582559431,4637.541408249999,4551.367051149998,4133.245448649999,4273.832247049999,3683.565244649999,3910.4451362499985
178425,G06007314,low,True,1507.875,0.7130643653791515,407.92226755770105,472.43179718,407.9279950515,399.3608560095,357.8001050295,703.2869371065001,644.6136971595,998.6751243285
178500,G06007323,low,True,9837.463,0.7130643653791515,2977.7345422071226,2978.190791810667,2977.760492083523,2922.9842680845227,2657.2090718175236,2486.6185199535234,2111.419223446523,1995.7296294705234
178561,G06007308,medium,False,3826.339,0.8407500276235722,1600.3676875399997,1699.559769049431,1600.3882436799993,1566.5918850799992,1402.721582979999,2128.430130779999,1897.103838479999,2656.583221979999
178571,G06007316,medium,False,7799.499,0.7130643653791515,3633.372633398127,3483.272517985245,3633.3998982881326,3564.703079288132,3231.466958188132,3567.342003588132,3096.921900788132,3501.5304915881316
178608,G06007330,high,False,4476.5470000000005,0.7130643653791515,2092.865478380001,2135.5629410899946,2092.88089799,2052.8808807899995,1858.63427499,2514.42839789,2240.23516129,2936.2055722899995
178628,G06007313,high,False,6805.393,0.8407500276235722,3068.6570995999964,2987.5720480994282,3068.6830454499986,3008.7248719499985,2717.8005137499995,3151.1088154499994,2740.444764249999,3233.791898149999
17865,G06007323,medium,False,3774.85,0.7130643653791515,1561.1094904199936,1663.063194740002,1561.1141407,1528.0849162,1367.7985414999998,2101.7038914,1875.4319501999998,2642.4070601
178701,G06007324,medium,False,11136.21,0.7130643653791515,5438.208738198133,5072.6463342652405,5438.253374288131,5339.412221988132,4859.840415588133,4858.9131842881325,4181.898770588132,4279.972406288131
178842,G06007328,high,False,9146.856,0.8407500276235722,4355.790845639996,4123.523424739432,4355.847243249998,4274.349175449999,3879.0964685499985,4072.228458149999,3514.213722049999,3788.9179691499985
179059,G06007328,high,False,9184.803,0.8407500276235722,4310.634977679994,4076.2671330394282,4310.653968649999,4229.949202249999,3838.3580769499995,4039.895231149999,3487.0865759499993,3769.4024781499993
179122,G06007314,medium,False,8928.084,0.7130643653791515,4290.783757478135,4067.0956022652376,4290.808353288132,4211.1836538881325,3824.5992573881317,4037.801524088132,3492.112998788132,3785.144024788132
179174,G06007311,medium,False,9357.33,0.7130643653791515,4457.152961198142,4206.839169265242,4457.190840288133,4374.707340088133,3974.6910801881318,4156.848708688132,3592.145723188132,3856.793964888132
17925,G06007301,medium,False,3983.057,0.7130643653791515,1648.419793599493,1739.6762884098678,1648.4254361694911,1613.5562636694908,1444.344197169491,2157.714204969491,1918.844499969491,2667.1221208694906
17956,G06007324,high,False,14098.057999999999,0.7130643653791515,7037.635499668137,6480.972159435243,7037.710273088132,6912.108274188131,6302.8671410881325,6003.50365698813,5143.403955988131,4969.775371988132
1799,G06007322,medium,False,4779.796,0.7130643653791515,2066.0190240891498,2110.158635195499,2066.0452735291497,2023.5727471291498,1817.5979005291501,2446.36005952915,2155.5719747291496,2826.8287140291495
180260,G06007325,high,False,7815.433000000001,0.8407500276235722,3589.40624536,3443.43198983943,3589.4273702499986,3520.764949649999,3187.6512412499997,3523.7687317499995,3053.5097533499993,3458.353434049999
180326,G06007317,medium,False,4578.694,0.7130643653791515,1948.1236890891514,2005.0909254655003,1948.1430980191503,1907.6778363191502,1711.40693241915,2362.4959295191497,2085.41352241915,2776.99517241915
180346,G06007301,medium,False,4028.683,0.7130643653791515,1699.9485238699997,1787.5388798300003,1699.96223574,1664.3026888400002,1491.27820274,2195.88480994,1951.62293214,2691.9323574399996
180651,G06007308,low,True,5709.863,0.8407500276235722,1585.4658217586993,1620.9786753366022,1585.4807359754996,1553.5150502444994,1398.445070620499,1482.6790080254996,1263.7618964444991,1379.9884511354994
180718,G06007324,medium,False,13045.84,0.7130643653791515,6481.287041298128,5992.967574005243,6481.368323688132,6365.02729298813,5800.888475888132,5605.354655688132,4808.949883388132,4729.805825288131
180918,G06007306,high,False,12509.184000000001,0.8407500276235722,6098.428685619994,5649.577945299432,6098.4591780499995,5987.894634649999,5451.333222949999,5319.257813049999,4561.8204679499995,4540.480462149999
180946,G06007316,high,False,8683.848,0.7130643653791515,4084.0291172081393,3876.906613635237,4084.0465542881325,4007.838021588132,3638.0732304881317,3889.838882888132,3367.843431088132,3695.8853081881316
180958,G06007327,medium,False,3306.337,0.7130643653791515,1367.5384700800003,1493.3528512200003,1367.54238116,1338.6371536600002,1198.33891466,1978.24448656,1780.19439726,2589.0705764599998
181239,G06007316,low,True,2547.733,0.7130643653791515,663.7288226372978,719.5284804540008,663.7306384737,649.6884018387,581.5390578417,865.8134718266999,769.6089592617,1067.9467213077
181266,G06007310,low,True,11129.27,0.7130643653791515,3446.3346026433233,3440.1809519806675,3446.3682132315234,3383.756476813523,3079.9823006535225,2821.9776355485233,2393.1277321365237,2197.8305313195233
181299,G06007328,high,False,19980.956,0.7130643653791515,10114.887461250015,9183.87302214942,10114.969527049998,9937.298485549996,9075.080657549997,8193.483825749998,6976.300417349999,6272.814551649999
181455,G06007329,high,False,4793.689,0.7130643653791515,2072.2154234888008,2115.7497307222757,2072.240489698811,2029.6304370988105,1823.0055532988108,2450.296773698811,2158.606054098811,2828.5005919988107
181478,G06007326,high,False,12536.901,0.7130643653791515,6127.6972819581315,5672.006200525237,6127.731620888133,6017.387227188132,5481.907855888132,5352.302989688131,4596.389718288132,4577.326255988131
1818,G06007311,high,False,10894.435000000001,0.7130643653791515,5270.403020318132,4920.598202265237,5270.437931088132,5174.3994330881305,4708.444545088132,4738.8284539881315,4081.031417388132,4207.568604688132
181941,G06007310,low,True,771.211,0.7130643653791515,200.036975260499,267.92644061399983,200.03719121190002,195.80438564190004,175.2431239629,569.0555704119,540.0338080269,938.0958257949001
182522,G06007325,medium,False,5903.960999999999,0.8407500276235722,2678.2353862317013,2650.5802610172864,2678.2610586116975,2625.447063811697,2369.135755211697,2882.0859539116973,2520.2578276116974,3086.139408611697
182557,G06007315,low,True,3317.261,0.7130643653791515,862.9682701877961,913.3370993949992,862.9699311009,844.7078088099001,756.0746128719001,993.2018561499,868.0812592899,1123.4980822119
18257,G06007330,high,False,16557.171000000002,0.7130643653791515,8358.507314848133,7642.978830375243,8358.573110288133,8210.941572488133,7494.582386388132,6948.737045288131,5937.455550388133,5539.471712788132
182574,G06007316,high,False,4828.4890000000005,0.7130643653791515,2088.322884499999,2128.1968169194297,2088.335107009999,2045.6823671099992,1838.7149879099989,2465.1886620099986,2173.020033809999,2842.209157609999
182576,G06007301,high,False,11511.336000000001,0.7130643653791515,5584.1088301281325,5194.468536495242,5584.140701088132,5482.880023888132,4991.480618588132,4963.309986588132,4269.609199188131,4342.8861996881315
1826,G06007306,high,False,13319.273000000001,0.8407500276235722,6496.399602249998,5995.633717189433,6496.4025112499985,6379.22376275,5810.425383149999,5604.042479849998,4801.079824549999,4712.095994249999
182619,G06007328,high,False,12804.675,0.8407500276235722,6288.83828369,5820.782414809435,6288.8973704499995,6175.110662749999,5623.126779149999,5455.537897749998,4676.280617849999,4622.607060449999
182793,G06007311,high,False,7209.121999999999,0.7130643653791515,3316.055280768131,3203.9631817952354,3316.072601088132,3252.6907205881316,2945.1881319881318,3340.269990088132,2906.170215888132,3364.6734362881316
182870,G06007329,high,False,5770.345,0.7130643653791515,2628.4338250891487,2605.5713252660685,2628.4579619091514,2577.027755609151,2327.457282709151,2855.887427009151,2503.567365709151,3083.542869109151
182961,G06007325,high,False,17313.728,0.8407500276235722,8654.812271570001,7896.171794009425,8654.879473449999,8501.587941849999,7757.771997849999,7148.6312502499995,6098.5811058499985,5643.055155949999
183049,G06007313,high,False,16743.066,0.8407500276235722,8433.867765760002,7711.544363959427,8433.950869049999,8284.33161415,7558.417683749998,6990.5523734499975,5965.7622277499995,5547.7797148499985
183318,G06007330,high,False,6453.983,0.7130643653791515,2938.0116295281327,2874.4451710952403,2938.0318296881323,2880.9715167881313,2604.111396088132,3069.7379502881317,2678.899136188132,3201.6539169881316
183352,G06007313,low,True,3124.6990000000005,0.8407500276235722,813.4257909329997,865.184141227002,813.4276913091,796.2158832201001,712.6828264521,961.5499776651,843.6289832571001,1109.7324619071
183618,G06007310,high,False,9688.319,0.7130643653791515,4724.2272331281365,4451.535816955242,4724.2717458881325,4637.380179388132,4215.671895888132,4347.988139588132,3752.6748886881323,3972.090910488132
183630,G06007317,medium,False,6405.289000000001,0.7130643653791515,2908.6593173181295,2848.314731785244,2908.6853786881325,2852.103628188132,2577.6323763881314,3048.733063988132,2661.2519371881317,3188.991265188132
183671,G06007302,low,True,3918.915,0.8407500276235722,1027.3302584243972,1074.3157832049997,1027.3325203575002,1005.6292746255,900.2795287815002,1098.9476990715,950.2333246335,1170.6390622995
183779,G06007330,high,False,8748.587,0.7130643653791515,4143.010438198131,3931.6192712252387,4143.038027888133,4065.834336788132,3691.284395188132,3932.0511517881323,3403.295300388132,3721.3360139881315
183884,G06007330,high,False,5851.22,0.7130643653791515,2633.401280158638,2608.5872450153656,2633.426805438641,2581.463405438641,2329.373780638641,2851.9965269386407,2496.113228538641,3070.770363038641
183937,G06007316,low,True,1231.3160000000003,0.7130643653791515,332.88712715790007,398.9628358309993,332.8889866344001,325.9022638914,291.97771115940003,655.0477546584,607.1622065634001,977.2312257384
183942,G06007329,low,True,14659.662,0.7130643653791515,4559.789600760323,4518.335788074669,4559.814941905523,4478.626599355523,4084.575438250523,3618.749262010523,3062.4778807785237,2678.055356203524
184209,G06007308,medium,False,8317.927,0.8407500276235722,3910.62724593,3731.877454889432,3910.6378248499996,3836.6475202499987,3477.464429049999,3753.6433569499986,3246.613884649999,3596.928814349999
184271,G06007311,high,False,5619.401,0.7130643653791515,2481.0034123581327,2471.1099791958127,2481.018531308133,2431.641997008133,2192.0254018081328,2743.332751108133,2405.068981708133,3005.8638409081327
184409,G06007324,high,False,12119.767,0.7130643653791515,5923.995737548128,5495.534497895245,5924.045054688131,5817.045921488132,5298.100048288132,5206.544282188132,4473.947987288131,4489.417688688131
184432,G06007326,high,False,7190.606000000001,0.8407500276235722,3321.6424336081323,3210.51313545524,3321.666247288132,3258.191081388132,2950.2297380881323,3344.276089788132,2909.5240553881317,3367.100238088132
184511,G06007317,low,True,8271.45,0.7130643653791515,2467.7919397770183,2482.2646593256704,2467.808115121523,2421.5517781485228,2197.124150752523,2121.7070400345233,1804.8779739495235,1775.7770962575232
184515,G06007324,high,False,9735.797999999999,0.7130643653791515,4667.269414408123,4392.1129171352295,4667.296473488132,4581.353707188133,4164.291181088132,4307.211060588132,3718.4482217881314,3947.4685797881316
184602,G06007308,high,False,14085.931999999999,0.8407500276235722,7092.791755409995,6541.571044749434,7092.907864049999,6965.621264349998,6348.451207249998,6030.900017949999,5159.569544949999,4969.3757464499995
184612,G06007311,low,True,8699.685,0.7130643653791515,2604.046075701923,2614.4185985366657,2604.0720384555225,2555.520128209523,2320.042977559523,2219.210238064523,1886.784733849523,1834.5341406945233
184918,G06007310,low,True,6347.5869999999995,0.7130643653791515,1799.3563682964225,1826.2091632436661,1799.3573089935232,1764.2892142185233,1594.036118359523,1643.3639765775233,1403.0466406335233,1487.4877367175231
184922,G06007306,high,False,10351.539,0.8407500276235722,4937.592804130002,4628.0880228694305,4937.623909849998,4846.420338249999,4404.000823349998,4488.559068649999,3863.988954149999,4039.7843713499988
184990,G06007329,medium,False,6155.865,0.7130643653791515,2837.9887342996612,2791.7549311962025,2838.01993660966,2782.85682660966,2515.20589600966,3002.04809050966,2624.20249710966,3166.30821050966
185146,G06007302,high,False,7492.6410000000005,0.8407500276235722,3296.1946573767746,3190.8196301311805,3296.2289883867743,3229.6662718867747,2906.7586422867744,3266.400064386774,2810.538673186774,3236.822561786774
18519,G06007326,medium,False,8885.742,0.7130643653791515,4193.306725308124,3973.1627502952383,4193.327373088132,4115.288770888132,3736.6652493881315,3968.040708688132,3433.535703288132,3743.015127488132
18535,G06007310,low,True,8774.363000000001,0.7130643653791515,2610.8418663987213,2618.522541708669,2610.8579435955226,2562.2148237135234,2326.1860879665232,2224.0696367205232,1890.8693166735234,1837.473827227523
185571,G06007329,high,False,7456.51,0.7130643653791515,3456.317100458128,3328.458427425234,3456.347722688132,3390.595851188132,3071.724042188133,3440.639563188132,2990.4857112881323,3425.159395888132
185584,G06007311,low,True,13807.742000000002,0.7130643653791515,4310.488986405925,4279.354994750672,4310.509097089523,4233.501755902523,3859.6436313045233,3440.360894188523,2912.613233062523,2570.550276031523
185602,G06007330,medium,False,6892.893000000001,0.7130643653791515,3183.72270218813,3091.605436375238,3183.747509088132,3122.5918718881317,2825.799654788132,3245.5751383881325,2826.602045088132,3307.651898788132
185629,G06007316,high,False,3801.3520000000003,0.7130643653791515,1585.7928027894889,1686.310529249868,1585.800765119491,1552.313929619491,1389.831784419491,2118.690167519491,1889.3168348194909,2651.693479619491
185635,G06007325,medium,False,745.3570000000001,0.8407500276235722,306.8291766799981,563.8413866300014,306.8297691100001,300.3323720100001,268.7973140100001,1299.04306981,1254.52768721,2291.28051561
185644,G06007313,high,False,11468.491999999998,0.8407500276235722,5594.564174720003,5212.486347519428,5594.622112649999,5492.4502272499985,4996.748892549998,4958.702709849998,4258.901657349999,4323.212357049999
185700,G06007301,low,True,1487.916,0.7130643653791515,398.255706009001,462.4632760160001,398.2591868724,389.8816271783999,349.21623887639987,696.7579356534001,639.3531729234,995.2975661424
185707,G06007324,medium,False,10990.097999999998,0.7130643653791515,5325.796238538127,4969.839687705242,5325.835099488133,5228.873935588132,4758.426134888132,4778.4613125881315,4114.3225876881315,4231.477336788132
185737,G06007326,high,False,14490.359,0.7130643653791515,7197.996454588134,6616.20192229524,7198.045745088131,7069.809030088132,6447.558502188131,6118.236100188131,5239.806215488132,5038.940373188132
185797,G06007316,high,False,9545.971,0.7130643653791515,4556.116665988133,4293.422950295242,4556.149440488132,4472.034344588132,4063.995699288132,4227.672645988132,3651.636056488132,3899.495145588132
185913,G06007308,low,True,7057.332,0.8407500276235722,2031.8794764596987,2056.315360826603,2031.8979583034995,1992.4727123384996,1801.2127855364997,1802.1307545344998,1532.1220925204998,1572.5245474544995
185982,G06007301,low,True,8785.57,0.7130643653791515,2625.8559475542215,2634.542222105667,2625.8681290515237,2576.985044185523,2339.7303971715237,2234.8172848905233,1899.8964652095228,1843.9565641455233
186207,G06007317,high,False,3475.017,0.7130643653791515,1414.7525175400008,1532.0910029500003,1414.7498413100002,1384.73402561,1238.9902480100002,2006.35281231,1800.61861271,2598.0818744099997
186230,G06007311,low,True,5823.3240000000005,0.7130643653791515,1618.6806879378214,1649.3537413396693,1618.683602437523,1586.6242517085232,1431.0377961945233,1514.066482363523,1294.4322038565233,1409.5576601715231
186520,G06007326,high,False,10136.302,0.8407500276235722,5005.7327661081345,4704.68871877524,5005.801390288132,4914.13478678813,4469.646481688131,4549.451927888133,3921.9190704881316,4093.4450991881317
186537,G06007322,medium,False,6868.757,0.7130643653791515,3147.3109993781322,3057.1871065852392,3147.335713288132,3086.769906588132,2792.9438924881324,3219.506060488132,2804.716704488132,3291.9188351881317
18666,G06007329,high,False,10009.671,0.7130643653791515,4815.936824978131,4523.170522145239,4815.971266088132,4727.527448588133,4298.418704788133,4413.605056888133,3807.8230848881317,4011.574725888132
186767,G06007328,high,False,6660.757,0.7130643653791515,2992.501863279992,2921.106583059434,2992.530180049999,2933.8161690499983,2649.095639349999,3096.6159022499987,2694.6766588499995,3200.9068772499986
186916,G06007322,high,False,15657.689999999999,0.7130643653791515,7753.965429388125,7097.700878515239,7754.011428088132,7616.446105788133,6949.137643488131,6516.078856588132,5574.050168388132,5278.634761488132
186929,G06007329,low,True,14660.948,0.7130643653791515,4635.5147447919235,4601.930317064669,4635.560308483523,4553.081838199522,4152.886918291523,3672.971829913524,3108.0031721775226,2710.726315153523
187125,G06007301,medium,False,5868.33,0.7130643653791515,2626.0330359581335,2600.570955585248,2626.064451488132,2574.177523588132,2322.622843588132,2846.478918888132,2491.3533939881318,3067.0732640881315
187126,G06007310,high,False,8650.08,0.7130643653791515,4111.63134038813,3906.583117975239,4111.671118888133,4034.9857823881316,3662.9755316881324,3909.5882874881318,3384.4164482881324,3707.833018488132
187206,G06007327,low,True,5519.461,0.7130643653791515,1532.8651454160233,1567.5948297696677,1532.8746881835232,1502.239993435523,1353.6014313075232,1452.6604967085232,1242.8414663085232,1372.5510473325232
187333,G06007322,medium,False,8280.512999999999,0.7130643653791515,3838.671609718131,3657.75401518524,3838.6763890881325,3766.6020189881324,3416.7188790881323,3714.223420988132,3220.327660788132,3590.101344488132
188424,G06007316,medium,False,9569.609,0.7130643653791515,4626.2933302781275,4361.60513468524,4626.324582888134,4541.066427688131,4127.311681388132,4277.899195288132,3693.815716688132,3929.8107588881317
188450,G06007326,high,False,8777.894,0.7130643653791515,4146.841946038132,3933.5637685852403,4146.8616464881325,4069.601487988132,3694.7169666881323,3934.785819888132,3405.6015831881323,3722.979094888132
188840,G06007328,high,False,9424.593,0.8407500276235722,4563.349254689993,4312.6248044694385,4563.37464605,4478.481655349999,4066.359076849999,4220.766428049999,3638.998321349999,3878.473813149999
188919,G06007326,medium,False,4315.343,0.7130643653791515,1820.5822878000017,1892.45303388,1820.5982299400002,1782.5603856399998,1598.03408154,2276.15001794,2015.6513352399998,2731.8490523399996
188947,G06007313,high,False,5757.871999999999,0.8407500276235722,2517.1580355699953,2503.729853549434,2517.176360049999,2466.4273180499986,2220.2466924499986,2756.4611347499986,2408.921769549999,2995.913687849999
189000,G06007313,medium,False,4076.289,0.8407500276235722,1681.7416811399996,1768.287892350003,1681.7447070699998,1646.1489469700002,1473.38874707,2178.58246907,1934.70511247,2675.54713107
189023,G06007316,high,False,5687.112999999999,0.7130643653791515,2556.44551059813,2542.0702597852337,2556.4631230881328,2505.7863804881317,2259.854898988132,2796.6950515881317,2449.519912988132,3037.1019749881316
189146,G06007301,medium,False,4710.865,0.7130643653791515,1997.5154877781308,2046.4564755652375,1997.5249605281322,1956.1842592281316,1755.5969445281319,2396.746507228132,2113.5796240281315,2796.109216028132
189292,G06007313,high,False,6300.882,0.8407500276235722,2782.199434320002,2733.8267031594287,2782.208878649999,2727.047849149999,2459.375975349999,2946.1192866499987,2568.253685349999,3110.220922049999
189545,G06007301,low,True,4880.928,0.7130643653791515,1328.8893782029938,1369.0423246661703,1328.8989163651931,1301.764482087193,1170.090171438193,1308.1630887091928,1122.278253237193,1287.5340183331928
189755,G06007330,low,True,6120.7119999999995,0.7130643653791515,1744.9399912194415,1776.0221994867552,1744.9584726096439,1710.787241550644,1545.0079989636436,1604.5748899086443,1370.5363960446439,1464.3418851456438
189810,G06007307,low,True,2639.986,0.8407500276235722,694.3087621260005,750.180528509998,694.3134598974,679.6474288254001,608.5003268484,885.8795175894,785.4396282354,1077.4910362074002
189823,G06007310,medium,False,453.936,0.7130643653791515,187.2211671200023,459.14703648000057,187.22165568000003,183.25879168,164.02473368,1222.5810168799999,1195.42937528,2257.95611328
189837,G06007313,medium,False,9110.475,0.7130643653791515,4280.6996288,4051.056509799429,4280.724327649999,4200.517736049999,3811.3529461499984,4018.473544149999,3469.0846657499987,3756.506036849999
189843,G06007328,low,True,8813.991999999998,0.8407500276235722,2579.3559834462076,2585.419969383601,2579.3622345014996,2530.804520632499,2295.1566942254995,2193.9082598144996,1861.2499694654998,1808.6213173424994
189963,G06007314,medium,False,4709.595,0.7130643653791515,1985.8237502691518,2034.3533547755005,1985.8266210891502,1944.7596335891499,1745.4141917891502,2389.4204915891496,2108.01542388915,2793.1690886891497
190082,G06007329,high,False,6963.143,0.7130643653791515,3193.7556414081287,3097.5011667952417,3193.777382888132,3132.4329703881317,2834.851343588132,3252.754004588132,2832.6470730881315,3311.931764088132
190104,G06007325,medium,False,10716.201000000001,0.8407500276235722,5190.73851587999,4857.353234819433,5190.79191405,5095.356923049998,4632.385095949999,4669.712973649998,4016.1448258499995,4149.0256952499985
190161,G06007329,medium,False,1408.711,0.7130643653791515,612.5254567800032,833.7616532300021,612.52653581,599.9491601099999,538.8355389100002,1501.02125451,1414.76163531,2389.59045411
190205,G06007310,high,False,28021.716,0.7130643653791515,14435.85217723813,12981.232320025252,14435.978923888131,14186.742362188132,12977.671423988131,11297.784140088132,9590.892448988132,8160.5044916881325
190234,G06007330,low,True,9559.145,0.7130643653791515,2875.9718368257227,2877.7576022826684,2875.991678083523,2822.9078627115236,2565.3877465785235,2413.803829018523,2050.257969103523,1951.8078323415234
190306,G06007330,medium,False,4821.03,0.7130643653791515,2062.1454125486403,2103.9013113453684,2062.158893658641,2019.740813558641,1813.9296422586408,2443.057644958641,2152.513093658641,2824.1124589586407
190525,G06007313,medium,False,6455.01,0.8407500276235722,2884.53602366,2826.1371709394302,2884.555775849999,2827.6780830499993,2551.7089734499987,3019.355363249999,2629.766627349999,3154.374979549999
190531,G06007324,medium,False,824.885,0.7130643653791515,352.40069560999757,605.2014224400007,352.4013837500001,345.00318205,309.0539389500001,1329.16508505,1278.42671215,2305.9639153499998
19066,G06007302,medium,False,12936.314999999999,1.0497359105206039,6213.209633046269,5757.1054135410495,6213.272982126266,6097.9131477262645,5538.257450026264,5353.035501626265,4562.962522726265,4493.275105526265
190680,G06007326,low,True,4482.226,0.7130643653791515,1178.382474132021,1220.461191204666,1178.385584694023,1153.703409855023,1033.9199230110232,1199.3499781110231,1030.255398513023,1220.4024459060233
190949,G06007314,medium,False,4329.178,0.7130643653791515,1817.5516643383023,1888.4589691821457,1817.559202008302,1779.599409908302,1595.426881008302,2274.3456339083023,2014.3488262083022,2731.257874908302
191023,G06007302,medium,False,5444.237000000001,0.8407500276235722,2398.088968968641,2404.5918619259355,2398.1260166486422,2349.3711211486425,2112.885895148642,2671.4253902486416,2337.562832548642,2944.955991948642
19112,G06007326,high,False,12383.598999999998,0.7130643653791515,6051.372545058137,5605.699220045237,6051.408282288132,5942.344472988132,5413.051055688131,5297.668945988131,4550.4960377881325,4544.429137088132
191149,G06007308,high,False,5905.776,0.8407500276235722,2594.9862031699986,2572.0243745894286,2595.0043360499985,2542.963352249999,2290.470289149999,2812.149232749999,2455.7025169499993,3029.494800349999
191169,G06007327,medium,False,1866.086,0.7130643653791515,777.3316720499987,976.9753396100002,777.3372481800001,760.9100033800001,681.2186562800001,1600.6288994799997,1488.12880438,2423.97649588
191207,G06007326,low,True,383.29599999999994,0.8407500276235722,99.649085205601,170.31873196800046,99.64935015840001,97.54032889439998,87.3040997304,504.8747791464,490.4248794024,910.1084873424
19154,G06007312,low,True,4039.6549999999997,0.7130643653791515,1056.4724230067613,1101.9450152128175,1056.4769029304587,1034.2049621204587,926.1342072164588,1118.5285725914587,965.9687138114587,1180.6580571434588
191858,G06007327,low,True,2865.625,0.7130643653791515,751.1475668129997,805.2645301189989,751.1518537425001,735.2762697315,658.2511440855,922.0985332635001,813.3616725555,1093.0992061785
191876,G06007324,medium,False,13448.596,0.7130643653791515,6647.148509208131,6132.8978435152385,6647.214547288131,6528.13900238813,5950.5504629881325,5724.0288322881315,4908.651560288132,4801.356275788132
192040,G06007316,high,False,11739.708999999999,0.7130643653791515,5727.2454339281285,5323.020781995239,5727.289470088132,5623.598546788133,5120.609486588133,5065.755891788132,4355.668689288132,4404.583314888132
192075,G06007306,low,True,5734.527,0.8407500276235722,1578.4661078349234,1610.058702024675,1578.4693039383228,1546.895335449323,1393.683768381323,1482.219880782323,1265.951129307323,1386.057007530323
192093,G06007301,high,False,9119.717,0.8536704995961909,4467.994293738137,4231.945891465238,4468.033584488132,4385.417312988133,3984.484380188132,4164.638882288131,3598.654604088132,3861.5622934881317
192137,G06007325,low,True,432.012,0.8407500276235722,112.2834656916012,182.61233306400095,112.2837304428,109.9072341108,98.37251093880002,512.9544144108,496.67152941480003,913.6345103268001
192144,G06007301,high,False,10223.164,0.7130643653791515,4870.641915868131,4564.43790779524,4870.649612688132,4781.316777788132,4347.775104488132,4452.735940788132,3840.722981188132,4035.1328265881316
192161,G06007326,high,False,10867.962,0.7130643653791515,5306.137898818135,4958.444633605239,5306.212876488133,5209.481793088131,4740.636222688132,4764.410979888133,4102.516705988131,4222.934077288131
19225,G06007317,high,False,9148.197,0.7130643653791515,4342.370616518128,4105.034361645238,4342.380883888132,4261.8727904881325,3871.1312943881317,4074.716028888132,3523.151558688132,3807.307467188132
192254,G06007328,medium,False,912.848,0.7130643653791515,376.6552621600038,625.0957675200002,376.6562390400001,368.68436864000006,329.99236224000003,1343.76338824,1289.14406904,2310.90199544
192368,G06007329,high,False,9159.976999999999,0.7130643653791515,4436.609031738126,4198.106981165236,4436.654454288131,4354.556170088132,3956.183641188132,4142.168389988132,3579.7757075881323,3848.029713988132
192433,G06007326,high,False,9263.188,0.7130643653791515,4412.12714265813,4167.36798216524,4412.168261288132,4330.464387588132,3934.0674436881322,4124.626806888133,3565.059027788132,3837.430466288132
192541,G06007315,medium,False,3806.179,0.7130643653791515,1583.85523000898,1684.0554077197417,1583.8573210289821,1550.406421328982,1388.048217628982,2117.2044951289818,1888.015463628982,2650.6578634289817
192591,G06007323,low,True,5357.65,0.7130643653791515,1473.2506861746242,1508.7606991416662,1473.2587631715232,1443.6206365695232,1299.8253755895234,1409.997413938523,1207.0041291855232,1346.8383720435231
192655,G06007312,high,False,11426.188,0.7130643653791515,5503.727261128122,5119.589163655241,5503.724392088132,5403.853969188131,4918.962764688131,4905.781154188133,4221.3038191881315,4308.199936888132
192678,G06007311,high,False,16554.356,0.7130643653791515,8297.86337497813,7582.676560645239,8297.903141688132,8151.333041088132,7439.876942988132,6905.309036088132,5900.993586188133,5513.328834588132
192693,G06007327,medium,False,4132.722,0.7130643653791515,1724.9279588900001,1807.5565341300003,1724.93683992,1688.6468570199997,1512.54360062,2210.04166532,1961.4379122199998,2695.28498022
192718,G06007329,high,False,12698.526000000002,0.7130643653791515,6273.404599968131,5807.093539995243,6273.453893888131,6160.671554388131,5613.385167188131,5456.582084688132,4683.972097688132,4640.2074170881315
192727,G06007306,medium,False,10277.457999999999,0.8407500276235722,5049.061327620002,4743.504823179434,5049.12156825,4956.049583149999,4504.565628949999,4568.361756649999,3930.984402349999,4087.9372056499997
192777,G06007317,high,False,3234.5190000000002,0.7130643653791515,1344.851205620001,1474.4843065300017,1344.8580205700002,1316.43089357,1178.50799087,1963.87774417,1769.16893077,2582.99407337
19284,G06007301,medium,False,5759.309,0.7130643653791515,2566.25366849813,2547.3736727652426,2566.2590320881322,2515.434585288132,2268.702934388132,2803.7002277881315,2455.417423388132,3041.3258676881314
192936,G06007308,low,True,5791.588,0.8407500276235722,1584.7950206781022,1616.6970387885997,1584.7996845554992,1552.8566606804993,1397.8437707114995,1482.1903398314998,1263.3616544834995,1379.6891397734994
192986,G06007325,high,False,5391.4220000000005,0.8407500276235722,2339.5143309610244,2349.18792931969,2339.538357451017,2291.802414051017,2060.224261151017,2630.057412051017,2303.125412551017,2920.752249451017
193000,G06007328,low,True,5996.848,0.8407500276235722,1660.5626292800996,1691.7503904206026,1660.5765594494997,1627.3470266864992,1466.1916759034991,1536.4098422174993,1308.9088167734992,1412.3579118044995
193114,G06007324,high,False,7774.743,0.7130643653791515,3615.283730098129,3466.7067120252436,3615.3021166881317,3546.921699288132,3215.1583794881317,3554.402535088132,3086.053698688132,3493.726040688132
193396,G06007326,high,False,8912.088,0.7130643653791515,4283.412034418139,4060.944870705241,4283.442140488132,4203.9140314881315,3817.952087588132,4032.5367683881313,3487.692161288132,3781.932456588132
193546,G06007310,medium,False,5684.870000000001,0.7130643653791515,2510.0306117581335,2496.081522125244,2510.036248888132,2460.1460180881318,2217.9877544881324,2763.4645701881323,2421.619213288132,3017.0693236881316
193683,G06007314,medium,False,4161.211,0.8407500276235722,1779.8314883299981,1857.2873293100017,1779.8414123800003,1743.07874198,1564.6491808800001,2256.82476928,2004.9455156799997,2733.95138758
19408,G06007311,high,False,16480.117,0.7130643653791515,8259.019661628128,7549.58516737524,8259.118248288132,8113.04723128813,7404.777142688132,6877.511613388133,5877.642290288133,5496.488824088132
194203,G06007306,high,False,15838.31,0.8407500276235722,7845.015870899999,7181.607433999432,7845.088254050001,7705.303427249999,7027.13396155,6569.1250043499995,5611.763028649999,5293.786091749999
19431,G06007313,high,False,15574.46,0.8407500276235722,7752.239404870001,7105.183181049433,7752.29275325,7614.092638349997,6943.395254749998,6502.756920949999,5556.007183149998,5253.7755103499985
194420,G06007307,medium,False,4758.782999999999,0.8407500276235722,1989.5057670381368,2037.4110911452417,1989.5070733481323,1948.033650648132,1746.7372161481323,2386.2531669481323,2102.0964891481317,2783.143837048132
194478,G06007326,high,False,11483.125,0.7130643653791515,5653.085334918129,5264.889235065239,5653.136601888131,5550.706526888132,5053.706003988131,5012.6930427881325,4311.071002588132,4372.6629305881315
194670,G06007316,high,False,8591.749,0.7130643653791515,4054.0569317581335,3852.9997440852426,4054.090485688132,3978.3458651881324,3611.0116594881324,3868.394548888132,3349.825512288132,3682.943049588132
194788,G06007315,high,False,12776.346,0.7130643653791515,6244.34929542813,5773.524360875243,6244.382614488131,6132.057472788132,5587.142130688131,5435.792923788133,4666.538689988132,4627.573020688132
194809,G06007316,medium,False,6638.582,0.7130643653791515,3013.826446678133,2938.533901945243,3013.8415524881325,2955.518445688132,2672.518613388132,3123.983616288132,2724.476753588132,3234.343247388131
194873,G06007313,high,False,5364.102000000001,0.8407500276235722,2306.5733785386383,2317.2226037653745,2306.5840582686415,2259.543992168641,2031.3085527686412,2608.830816268641,2286.633848568641,2911.227874468641
19504,G06007323,high,False,20507.107,0.7130643653791515,10510.217728708132,9539.808095315246,10510.33650308813,10326.69518858813,9435.88647448813,8488.550589888133,7230.956258788132,6467.489375688132
19506,G06007323,high,False,8503.899,0.7130643653791515,4101.9802765081295,3906.056130895238,4102.043750888131,4025.4773863881314,3654.246434588132,3902.714011988132,3378.6205334881324,3703.663127488132
19540,G06007330,medium,False,4314.4400000000005,0.7130643653791515,1820.63564287881,1893.4703657422665,1820.6490617888107,1782.4670647888106,1597.2256793888105,2273.719923588811,2012.2141938888108,2726.910484088811
195417,G06007316,high,False,10484.139,0.7130643653791515,5057.866373608131,4734.33576341524,5057.869810288132,4965.420315888132,4516.667606388131,4586.739759088132,3953.285996988132,4115.881718388132
195478,G06007308,low,True,3790.009,0.8407500276235722,989.9897379749998,1037.5128074989996,989.9949037041,969.0595317711001,867.4650371330999,1074.7681606731,931.3518736731002,1159.6230152420999
1966,G06007313,high,False,4196.527,0.8407500276235722,1753.262157909488,1831.7445253893038,1753.2664396894902,1716.5068984894897,1538.1083870894904,2230.33874128949,1978.50183278949,2707.53019418949
196645,G06007317,medium,False,638.664,0.7130643653791515,263.2137386699992,525.6855138900005,263.21447852000006,257.64186092,230.59644522,1271.17438582,1232.99592332,2279.15544452
196760,G06007322,high,False,2373.0280000000002,0.7130643653791515,1001.5872819300005,1175.248395690003,1001.5973820400002,980.4880608400001,878.08663204,1745.22727244,1600.6641451399998,2488.93832024
196821,G06007328,high,False,7812.22,0.8407500276235722,3644.7822147299958,3498.51335942943,3644.8189062499987,3575.225309149999,3237.582378349999,3563.409517549999,3086.7895055499994,3482.2706300499985
197005,G06007329,high,False,864.736,0.7130643653791515,356.7500458400033,607.6533379200016,356.75099408,349.20012208,312.55174088000007,1331.02643288,1279.2919752799999,2305.33171408
197048,G06007315,medium,False,7403.722,0.7130643653791515,3438.6574364581334,3313.9065833252366,3438.685065688132,3373.2433676881315,3055.803007488132,3428.0142306881316,2979.870597588132,3417.5573794881316
197122,G06007323,low,True,4044.673,0.7130643653791515,1099.2046970015988,1145.8369053529993,1099.2138613281,1076.6407635081,967.1099838561003,1156.1421586791002,1001.5172547771,1213.1687956281
19713,G06007308,medium,False,3872.5119999999997,0.8407500276235722,1614.508077879996,1711.4514553600027,1614.5199315599998,1580.40544886,1414.9200676599999,2136.86235636,1903.24206916,2659.31452216
197219,G06007329,high,False,10749.810000000001,0.7130643653791515,5242.333350048133,4901.468288555234,5242.378986288133,5146.814107788132,4683.114870688132,4718.749508288132,4064.145609488132,4195.504120588132
197279,G06007311,high,False,15015.839,0.7130643653791515,7437.884820048133,6822.322248495235,7437.937778488133,7305.693355288133,6664.012899988133,6289.896277488133,5384.008949788133,5142.405573688131
197319,G06007312,low,True,4861.124,0.7130643653791515,1329.4570175957597,1369.7933272094197,1329.4679868596581,1302.407239775658,1171.1100052316579,1310.0951677946582,1124.757906209658,1290.816737282658
197414,G06007314,medium,False,8036.105,0.7130643653791515,3776.307453998132,3610.6313248252395,3776.327402288132,3705.280463388132,3360.4414851881324,3669.6258465881315,3182.838951388132,3563.220920188132
197665,G06007312,high,False,5327.532,0.7130643653791515,2330.124999198133,2339.321161185241,2330.138816688132,2283.230934688132,2055.662626088132,2634.725082488132,2313.469680588132,2939.464718188132
197742,G06007313,high,False,10427.656,0.8407500276235722,5026.993039000002,4712.175180239437,5027.030396249998,4934.350791249998,4484.663891949999,4552.540481249999,3917.719950749999,4078.3919342499985
197871,G06007316,medium,False,2824.2830000000004,0.7130643653791515,1202.1047504399971,1351.79402619,1202.11841089,1176.93340979,1054.7381306899997,1876.3446338899998,1703.8444630899999,2550.6751640899997
197914,G06007326,medium,False,6301.725,0.7130643653791515,2840.8269866681326,2787.369453815241,2840.839311488132,2785.420309888131,2516.447839388132,3000.1679367881316,2620.4671198881315,3159.755780988132
198067,G06007328,low,True,9442.09,0.8407500276235722,2819.366742679197,2823.5231303436003,2819.3822918414994,2766.818245117499,2511.6947124884996,2365.662459067499,2005.5224508464999,1912.1672941214993
198116,G06007326,medium,False,9780.112000000001,0.7130643653791515,4690.022252048133,4412.066293155236,4690.046480888132,4603.720627588133,4184.804558688133,4323.4915654881315,3732.130838888132,3957.268516888132
198175,G06007316,medium,False,5240.082,0.7130643653791515,2284.6089180081312,2299.404602555241,2284.6257120881323,2238.478848488132,2014.6026149881318,2602.152666488132,2286.102757288132,2919.8445753881315
198186,G06007310,high,False,6163.8150000000005,0.7130643653791515,2783.7342400481316,2738.9748820152395,2783.763595288132,2729.2627363881325,2464.9167309881323,2959.333707888132,2586.150117988132,3135.1140296881317
198250,G06007326,high,False,5486.077,0.8407500276235722,2425.550578848132,2424.4806890352406,2425.571285488132,2377.068860988132,2141.764109888132,2703.010412388132,2370.826673288132,2980.640580488132
198293,G06007329,medium,False,13650.978,0.7130643653791515,6870.8062069281295,6342.222884755245,6870.88310688813,6748.099730388132,6152.354113288133,5884.137099288131,5043.103495288133,4897.887763488132
198364,G06007308,low,True,10178.934000000001,0.8407500276235722,3093.9444497808,3095.162331435601,3093.9815058074983,3036.8080930004994,2759.4327786164995,2562.1668251534993,2170.5777245864997,2030.6075170784995
198648,G06007316,medium,False,4389.725,0.7130643653791515,1887.1204955000019,1951.259307649998,1887.1316541099998,1848.37946511,1660.2942375100004,2330.24952441,2064.7412620100004,2773.52293581
198668,G06007310,medium,False,3244.331,0.7130643653791515,1358.3508355899996,1487.4325760399995,1358.3644975300006,1329.68772403,1190.57935793,1973.2311982300002,1776.84791433,2588.21128473
19874,G06007316,high,False,15686.104,0.7130643653791515,7778.67945089814,7120.307912605242,7778.7220794881305,7640.754269788131,6971.444973688132,6533.780564688132,5588.912933188132,5289.296838188131
198897,G06007330,high,False,7142.8550000000005,0.7130643653791515,3291.411204408137,3183.3583463752343,3291.423523488132,3228.476709188132,2922.9591620881324,3322.633795488132,2891.349812188132,3354.071912288132
198934,G06007324,medium,False,1458.8799999999999,0.7130643653791515,608.5583688400002,828.9997191399996,608.5614486,595.7136922,533.3398553,1492.6070739,1404.5578905,2376.7154978
199106,G06007310,medium,False,1005.658,0.7130643653791515,434.64554700000116,678.1915530400009,434.65006774,425.53890254000004,381.31024754,1382.35961344,1319.92564304,2330.1074721399996
199205,G06007306,high,False,6646.954,0.8407500276235722,2961.9734303599917,2891.2441377394302,2961.9800746499996,2903.8222906499996,2621.5725740499993,3074.768354949999,2676.3272864499995,3187.755170749999
199378,G06007312,low,True,489.76000000000005,0.7130643653791515,133.11219845070002,203.63012483100005,133.112641032,130.32424383300003,116.772335631,526.72010394,507.59290874100003,920.344090677
19944,G06007324,medium,False,11490.283,0.7130643653791515,5640.446309938126,5251.626298465233,5640.4439348881315,5538.299059988132,5042.316553388133,5003.656046088132,4303.507413688132,4367.182170088132
199829,G06007317,high,False,4911.697,0.7130643653791515,2220.0910650399987,2248.2207163700004,2220.12343929,2176.10775429,1962.6131888899997,2574.07060879,2272.66586439,2928.21664979
199923,G06007330,high,False,4212.657999999999,0.7130643653791515,1769.2667267800002,1847.2721528100008,1769.27944661,1732.1628790100003,1552.0798765100003,2240.43940731,1986.22096041,2711.73546591
199935,G06007308,medium,False,2394.3770000000004,0.8407500276235722,1033.6441266910215,1205.5217226502616,1033.6576567010181,1012.043365301018,907.1466582010182,1768.5754701010178,1620.495291101018,2503.591350801018
199950,G06007310,medium,False,5495.455,0.7130643653791515,2428.1725062981363,2426.391072745241,2428.191047088132,2379.6494660881317,2144.130681088132,2704.891821688132,2372.405131288132,2981.770738688132
199977,G06007302,high,False,10408.877,0.8407500276235722,4819.002320396269,4526.43377053105,4819.053114326266,4726.954262526265,4280.3570054262655,4355.316833426265,3724.845600026265,3891.897913426265
200050,G06007313,high,False,9572.440999999999,0.8407500276235722,4526.30919197,4266.932792869428,4526.337957449999,4442.024119649999,4032.947696449999,4194.231947249999,3616.7315207499987,3862.436779049999
200144,G06007316,medium,False,4400.238,0.7130643653791515,1867.7138471994906,1934.2892092398747,1867.726766139491,1828.8710114394905,1640.3358096394911,2309.237764539491,2043.0844105394908,2750.892296239491
200216,G06007325,high,False,4568.860000000001,0.8407500276235722,1923.4250751910172,1982.4385938802598,1923.440379711018,1883.203261211018,1687.9854471110184,2341.5009460110177,2065.915310611018,2759.7228341110176
200425,G06007301,low,True,8514.725,0.7130643653791515,2546.8171603611245,2558.83037927667,2546.835575059523,2499.2738824335224,2268.4245876105233,2178.2554028145228,1852.372881913523,1809.890093329523
200446,G06007328,medium,False,7377.646,0.7130643653791515,3390.4689450399983,3272.10323979943,3390.4964736499987,3325.1778918499986,3008.160784149999,3381.4161610499987,2933.9020315499993,3372.6091385499985
200790,G06007301,high,False,13016.963,0.7130643653791515,6445.69391402813,5959.086918715244,6445.766929088131,6330.047632188132,5768.787487688132,5579.877293088131,4787.546045588131,4714.477290688132
200987,G06007301,medium,False,7633.668000000001,0.7130643653791515,3547.590667928133,3408.157977035238,3547.614972488132,3480.3602185881323,3154.082398288132,3505.9543658881316,3045.3520844881323,3464.542799888132
201134,G06007328,medium,False,7102.7119999999995,0.8407500276235722,3225.394430100003,3125.2687258394326,3225.4144742499993,3162.835891249999,2859.238481049999,3263.2842405499996,2834.6830676499994,3301.3656737499987
201208,G06007312,high,False,11297.427,0.7130643653791515,5508.068425558133,5132.370791125244,5508.116307088132,5408.078225588131,4922.855173588132,4908.910863688132,4223.908228688131,4310.055775588132
201259,G06007322,high,False,10786.141,0.7130643653791515,5345.999000318145,5002.268908505248,5346.047907888133,5248.764526088131,4776.638754688131,4792.956082588133,4126.466467788132,4240.247584888131
201391,G06007314,medium,False,10964.348,0.7130643653791515,5365.166184308127,5010.542375135241,5365.220401488132,5267.591927688132,4793.935904588132,4806.647194088131,4137.982017288132,4248.485786288132
201401,G06007322,high,False,11715.113000000001,0.7130643653791515,5751.775975608132,5348.83089763524,5751.8126336881305,5647.710017588131,5142.684991688131,5083.326676788132,4370.433649288132,4415.1362063881315
201420,G06007327,high,False,35029.48,0.7130643653791515,18360.41423284815,16453.13497845524,18360.581878288132,18045.71858478813,16518.36613188813,14106.31559158813,11950.20240098813,9853.076438788132
201525,G06007326,low,True,7762.303999999999,0.7130643653791515,2272.404298202723,2288.1736272326702,2272.414083211523,2229.434825050523,2020.843508410523,1981.8753748515232,1687.4151045795234,1691.5151892765232
201701,G06007302,high,False,16725.811999999998,0.8407500276235722,8244.845214576268,7544.287578411048,8244.934439726267,8095.590885526265,7371.229219526265,6806.928951626264,5784.305179126264,5369.458387526265
20181,G06007325,medium,False,3401.513,0.8407500276235722,1406.0793140699984,1527.1267129600021,1406.0878263900004,1376.3279933899998,1231.93659329,2002.45858079,1798.63666449,2598.93648639
201946,G06007311,medium,False,4886.019,0.7130643653791515,2085.1539158988116,2121.1190998622706,2085.1456486688103,2042.601348868811,1836.0354870688109,2463.416936868811,2171.823786668811,2841.8197492688105
202045,G06007308,medium,False,7988.853999999999,0.8407500276235722,3771.56040915,3613.5288008694283,3771.594142249999,3699.9104375499983,3351.9892066499997,3654.144550449999,3162.9990354499996,3536.9865455499985
202238,G06007326,medium,False,4286.276,0.7130643653791515,1810.0718671299987,1882.4984528900004,1810.0822178999997,1772.4123260000001,1589.6122841,2271.7013853999997,2013.6469424999998,2733.4727728
202352,G06007324,high,False,14270.317,0.7130643653791515,7038.834997098134,6471.253252825241,7038.868513488131,6913.308797488131,6303.959928288132,6004.333697088132,5144.132084888131,4970.279772088132
202406,G06007313,low,True,8294.923999999999,0.8407500276235722,2419.7916782528932,2431.5511787766063,2419.802151385499,2373.900954673499,2151.1919100734995,2079.7258624994993,1765.3272704534998,1739.8023711044993
202454,G06007312,low,True,2423.326,0.7130643653791515,639.0244666323027,696.3697409270013,639.0279794933998,625.5469249344,560.0931666624001,850.5934018644001,758.1985495734001,1062.2147472564002
202467,G06007302,medium,False,5592.684,0.8407500276235722,2324.957073639475,2333.3521826792994,2324.9702859294903,2275.89444702949,2037.7958126294902,2592.6071226294903,2256.48246232949,2860.40904302949
202696,G06007313,high,False,3302.7380000000003,0.8407500276235722,1423.979361731019,1548.3758263502577,1423.999478261018,1394.313784861018,1250.3067032610181,2021.716897061018,1818.414619761018,2619.5462928610177
202977,G06007313,medium,False,8937.581,0.8407500276235722,4189.235730050003,3970.8432061094295,4189.26284505,4110.566568049999,3728.8139080499996,3953.0230946499996,3414.106795749999,3717.0358404499993
203023,G06007316,medium,False,1688.278,0.7130643653791515,731.9134035300017,940.5937683300003,731.9302419399999,716.5743270400001,642.1563141400002,1573.70511704,1468.63485314,2415.53799854
203249,G06007308,medium,False,6478.034,0.8407500276235722,2919.9235196410145,2857.791353340259,2919.9404998810187,2862.7801808810186,2585.3022061810184,3049.5027081810176,2657.8039905810183,3179.3357781810178
203588,G06007314,high,False,9676.547999999999,0.7130643653791515,4755.90833615814,4484.276361505252,4755.976903488132,4668.500133488133,4244.2558985881315,4370.671866888131,3771.724406388132,3985.7291618881313
20362,G06007324,high,False,16439.53,0.7130643653791515,8307.06470879813,7599.159224585243,8307.152077888131,8160.368189788131,7448.190751188133,6911.912358888132,5906.504097988132,5517.332788488132
205183,G06007325,high,False,11013.54,0.8407500276235722,5255.121019450003,4902.8089606294325,5255.131322449999,5158.676396849998,4690.498236549999,4715.769413149998,4054.8666501499993,4176.758914149998
205234,G06007322,low,True,2623.215,0.7130643653791515,695.5335975168,752.1137733269995,695.5415538435001,680.8713602985,609.7189992705,887.0881395585,786.6382178325,1078.6854786405002
205449,G06007328,medium,False,17328.353,0.8407500276235722,8792.009157389999,8031.852644769431,8792.090052849999,8636.478053449999,7881.520858249998,7246.862924849998,6181.080921349999,5702.213730549998
205488,G06007311,medium,False,4170.396000000001,0.7130643653791515,1792.8921270000005,1869.4607670399998,1792.9079444600002,1755.9769241600002,1576.7956974600002,2267.2152327599997,2014.26379996,2741.6787473599998
205493,G06007326,low,True,7752.786,0.7130643653791515,2283.4351036527223,2300.768930428667,2283.4495861935234,2240.278348447523,2030.7913070055229,1989.7763400495232,1694.047565407523,1696.271889112523
205580,G06007316,medium,False,3025.883,0.7130643653791515,1260.962700629998,1401.2336610600005,1260.97089209,1234.3273155900001,1105.0675909899999,1910.38503269,1727.90595339,2559.88782679
206045,G06007314,low,True,6814.148000000001,0.7130643653791515,1944.6861997635306,1966.7994019766695,1944.6835478415233,1907.1824069265228,1725.1561841145233,1747.3645248795233,1490.420680519523,1550.144556187523
206068,G06007313,low,True,5753.468000000001,0.8407500276235722,1670.8542081976693,1704.4184462741032,1670.8687168078693,1638.659183465869,1482.285427472869,1563.5340482638694,1342.7928643558691,1456.372248821869
206277,G06007301,high,False,3245.8720000000003,0.7130643653791515,1352.2080630899993,1481.1795030699996,1352.21644356,1323.6480628599998,1185.02238686,1968.7869934599998,1773.08954256,2585.46426836
206293,G06007307,medium,False,6646.044,0.8407500276235722,2988.1485006299945,2917.4733439494316,2988.1693200499994,2929.5468370499984,2645.1779574499997,3093.5093330499994,2692.063217249999,3199.037370849999
206319,G06007322,medium,False,5425.719999999999,0.7130643653791515,2379.084264148129,2381.9211087352437,2379.0952242881317,2331.3765619881315,2099.8386508881317,2669.760367288132,2342.9018468881322,2960.5834271881317
20637,G06007315,high,False,6359.474,0.7130643653791515,2892.6715878981317,2835.2055459452404,2892.696743688132,2836.391178288132,2563.2106560881316,3037.2899261881316,2651.636767888132,3182.1108882881317
206424,G06007308,high,False,10693.127,0.8407500276235722,5103.380271260001,4772.014714359432,5103.414884049998,5009.443414349999,4553.57823835,4607.180628249999,3963.6409678499995,4111.301369849999
206502,G06007311,low,True,4704.469999999999,0.7130643653791515,1257.1619389675297,1297.9019213244987,1257.1650230317302,1231.1719159687302,1105.0225780597302,1255.8004228387304,1077.71739409273,1254.5250954727303
206558,G06007313,medium,False,8308.052,0.8407500276235722,3868.1178906899913,3690.221106969431,3868.1416300499986,3794.8228490499987,3439.1046747499986,3723.2266762499985,3221.061187649999,3578.5605801499987
206691,G06007326,high,False,7482.025,0.7130643653791515,3513.1148182481334,3382.92441693524,3513.1372176881323,3446.4925456881324,3122.977892288132,3481.2876624881324,3024.615028788132,3449.730483588132
206827,G06007302,high,False,13856.358,1.0497359105206039,6644.926607966263,6129.857545561053,6644.970414726265,6522.423399826265,5927.772169126264,5661.954756426265,4822.495932426265,4679.451978826264
206877,G06007324,high,False,11777.175,0.7130643653791515,5832.54939280814,5425.355181135239,5832.622101488132,5727.163442088133,5215.598798588131,5141.120848888133,4418.946803988132,4450.0718805881315
206938,G06007329,medium,False,5948.052,0.7130643653791515,2695.7890549291506,2664.2903920955005,2695.8114020291505,2642.85247862915,2385.84264492915,2897.17057102915,2534.35308022915,3098.74565062915
206979,G06007301,high,False,4442.880999999999,0.7130643653791515,2107.978441959999,2154.160037239997,2107.9962817200003,2067.5383348200003,1871.1051679200002,2521.88524862,2244.5979503200006,2935.9726003199994
207186,G06007327,medium,False,3613.831,0.7130643653791515,1492.5102728000024,1602.722275970002,1492.5140615300002,1460.9288869299999,1307.64176223,2057.65629563,1841.26733483,2622.91192113
207455,G06007327,high,False,12438.309,0.7130643653791515,6241.800510518133,5791.429716485247,6241.872918488132,6129.592230088132,5584.845073088132,5434.018613488131,4664.980825488132,4626.592059388132
207541,G06007314,low,True,9430.951000000001,0.8407500276235722,2832.3829610169223,2834.9466266346703,2832.398449579523,2780.0606108445227,2526.061049938523,2382.6070093365233,2024.0488241415233,1933.027856161523
207545,G06007322,high,False,10184.685,0.7130643653791515,4953.183399128138,4648.5297678752395,4953.214987288131,4862.511735688133,4422.238404888132,4511.829982388132,3890.322357888132,4070.8155989881316
207690,G06007316,low,True,5425.561,0.7130643653791515,1493.3734062711228,1528.0404357926673,1493.3792368455233,1463.413246840523,1317.9854174055233,1424.3938914465232,1219.0983306615233,1355.525525833523
20783,G06007302,high,False,8805.923999999999,0.8407500276235722,4063.13312476728,3870.4043396418797,4063.179579037284,3984.135959937283,3600.6161364372833,3820.802896737284,3279.383969637284,3578.758005037284
208059,G06007330,low,True,3834.7490000000003,0.7130643653791515,1027.9683907037995,1075.0720317819996,1027.974743775,1006.7238765359998,903.574614411,1107.304444857,961.6934055000002,1186.726791534
208119,G06007323,medium,False,5826.204000000001,0.7130643653791515,2616.21449039915,2588.7924426860714,2616.228685999151,2565.2267456991513,2317.708056399151,2850.8153396991506,2501.419132699151,3085.6846328991505
208255,G06007315,medium,False,2370.7430000000004,0.7130643653791515,991.776391359999,1165.5233763900012,991.78805349,970.84425659,869.2591662899999,1738.27967509,1594.86606309,2484.84829709
208445,G06007312,medium,False,7070.450000000001,0.7130643653791515,3317.3451644281336,3213.6898463752414,3317.3716774881323,3253.983481188132,2946.3549201881324,3341.2049558881317,2906.933555488132,3365.287066288132
208471,G06007314,high,False,8581.322,0.7130643653791515,4166.3119865691515,3964.6092314254993,4166.36472691915,4088.8347575191506,3712.681783519151,3949.82770591915,3418.80130281915,3733.6284621191503
208606,G06007308,high,False,3311.4809999999998,0.8407500276235722,1365.850529229998,1491.5844917999962,1365.8582294300002,1336.93572673,1196.6176900300002,1976.4895086299998,1778.40930673,2587.2255759299996
208652,G06007327,medium,False,8945.633,0.7130643653791515,4200.542346228131,3976.600955515242,4200.558781288131,4122.414873288131,3743.188066588132,3973.1987794881315,3437.874135788132,3746.153389088132
208699,G06007325,high,False,5878.252,0.8407500276235722,2622.480693370002,2600.90577520943,2622.503892049999,2570.002348949999,2315.266307149999,2831.845188449999,2472.2347448499995,3041.362349349999
208735,G06007311,high,False,16715.878,0.7130643653791515,8141.737267528129,7416.72283501524,8141.705405488132,7997.829738188131,7299.026689288132,6793.528911588131,5807.154120788133,5445.925354788131
208774,G06007315,medium,False,6238.228,0.7130643653791515,2807.5101776981305,2758.06661828524,2807.528732888132,2752.645053988132,2486.375376788132,2976.341149488132,2600.4468073881317,3145.3626937881318
208813,G06007325,high,False,18084.129,0.8407500276235722,9058.367897049997,8250.03836266943,9058.407492049999,8898.35041865,8121.76345405,7437.451629249998,6341.24278395,5816.966013949998
208923,G06007326,low,True,4060.7870000000003,0.8407500276235722,1054.4826793595769,1099.45525882451,1054.4839293929786,1032.1670228369785,923.8473047219787,1115.6630024969786,962.7529686119788,1176.9215958389786
209001,G06007311,medium,False,10442.96,0.7130643653791515,5070.8699303281355,4749.873054975238,5070.901452888133,4978.227248788131,4528.425796488133,4596.034725188132,3961.067883788132,4121.565119088132
209356,G06007314,medium,False,6525.023,0.7130643653791515,2961.2445569381302,2893.4099721852376,2961.2718986881323,2903.799338988132,2625.069424788132,3086.357305688132,2692.865960888132,3211.653684588132
209362,G06007323,low,True,5462.446,0.7130643653791515,1538.1395848851857,1574.1831786423397,1538.1522301065856,1507.656718486586,1359.662584177586,1460.185914226586,1251.2676519045858,1382.3535553725858
209387,G06007326,low,True,8249.445,0.7130643653791515,2423.9494826430227,2434.6553788516685,2423.9573481615234,2378.442772243523,2157.568131970523,2090.323580962523,1778.5224094905234,1756.8594685425232
209464,G06007306,medium,False,7745.197999999999,0.8407500276235722,3620.815084100005,3478.8547646194315,3620.847752849999,3551.6664117499986,3215.9900447499986,3546.2639098499985,3072.3835195499987,3471.943839749999
20948,G06007315,low,True,3220.951,0.7130643653791515,842.5600365167996,894.113553515002,842.5646927018998,824.7493792629001,738.3128006079,980.5000536309,858.4785605829,1118.4969438879
209680,G06007330,medium,False,3911.937,0.7130643653791515,1647.6783061089784,1739.983891619166,1647.6914038389812,1613.307108838981,1446.5344584389811,2165.5471603389815,1930.123019938981,2683.506294438981
209773,G06007308,low,True,7222.552000000001,0.8407500276235722,2075.5029187997998,2097.333232021601,2075.520228043499,2035.3624073054993,1840.5658820744995,1833.3512354414997,1558.3509185564994,1591.3255530344995
209862,G06007317,low,True,11062.903,0.7130643653791515,3346.973430619225,3333.2875374296686,3346.980956983523,3286.0473647325225,2990.3386681905235,2750.852242804523,2333.408884402523,2154.933593053523
209976,G06007322,high,False,5805.094,0.7130643653791515,2585.7663905886375,2564.1566150253675,2585.777478818641,2534.6232254186407,2286.3522673186408,2817.7524797186406,2467.281434818641,3049.9457066186405
209986,G06007315,high,False,11502.38,0.7130643653791515,5635.309950458139,5246.1143307852435,5635.3453100881325,5533.218154688131,5037.659867188131,4999.966608188131,4300.399337888131,4364.960790188132
210288,G06007316,medium,False,2745.468,0.7130643653791515,1129.1155401100038,1283.768566930003,1129.11585984,1105.2039469399997,989.1359273400001,1824.81314654,1660.96658384,2520.59538584
210472,G06007317,high,False,2095.335,0.7130643653791515,914.5549742500004,1101.0920209899978,914.5683527000001,895.5847028000003,803.4623509,1694.289066,1564.240136,2474.0969480999997
210774,G06007325,medium,False,7111.660000000001,0.8407500276235722,3287.031467730003,3185.8804679894333,3287.0555432499996,3223.4683052499986,2914.8431524499983,3307.3970633499985,2871.7248785499987,3328.000581449999
210923,G06007306,low,True,1881.08,0.8407500276235722,515.5584437178004,578.5621926840023,515.5634205539999,504.77081696999994,452.376876735,772.947442101,698.9883433770001,1030.371794484
210956,G06007302,low,True,5489.895,0.8407500276235722,1450.5729023457038,1488.254587644603,1450.5913030580994,1419.9951458510993,1271.6644778900998,1371.3960030860994,1161.9915690710995,1292.3055025430995
211224,G06007308,low,True,6037.734,0.8407500276235722,1739.2588649299685,1774.4578534671045,1739.2731060106692,1705.0453148116692,1538.9099317126695,1597.7162824996694,1363.1935036666694,1456.296151159669
211226,G06007312,low,True,3498.4390000000003,0.7130643653791515,936.5901455547007,987.1478630789998,936.5978945357999,917.0708554727997,822.3170485698,1045.3633765518,911.5994916678001,1154.2116003738001
211354,G06007311,high,False,9098.330999999998,0.7130643653791515,4284.088868328137,4050.26204443524,4284.095835488131,4204.566353488131,3818.579887888132,4032.996404988132,3488.110697088132,3782.1725746881316
211427,G06007302,medium,False,6371.791,0.8407500276235722,2758.2008684481316,2716.454653075808,2758.220879018133,2701.8775202181328,2428.4315243181327,2901.910844218133,2515.8957278181333,3045.845799918133
211456,G06007327,medium,False,4854.834,0.7130643653791515,2089.060934828643,2128.2917418053703,2089.0693337186412,2046.2340676186402,1838.3228040186407,2462.6580812186403,2169.164331118641,2836.3942830186406
211479,G06007322,low,True,5977.595,0.7130643653791515,1669.9004768616207,1699.3054441896686,1669.9042622355232,1636.9893370455231,1477.2520470255236,1550.7196890165233,1325.2222826865232,1431.6501910305233
211530,G06007317,medium,False,7170.753000000001,0.7130643653791515,3313.7052863581334,3203.990610245241,3313.731951088132,3250.387312288132,2943.077277988132,3338.588817488132,2904.7473120881323,3363.685229988132
211642,G06007311,high,False,17382.697,0.7130643653791515,8760.002876288134,7991.521631515243,8760.078718688132,8605.719549388132,7856.823397988132,7236.042512788132,6178.8113490881315,5712.618947788133
211966,G06007311,high,False,8899.662,0.7130643653791515,4185.935631938131,3964.733338325239,4185.947467688131,4108.0709498881315,3730.0339304881313,3962.751068688132,3429.089589988132,3739.880427088132
2128,G06007306,high,False,4857.829,0.8407500276235722,2045.4799639981272,2088.8046847452447,2045.4919908681316,2002.8121348681318,1795.742494368132,2421.976224268132,2129.658636268132,2798.6097949681316
213132,G06007325,high,False,12575.008000000002,0.8407500276235722,6161.755636659999,5708.833377159432,6161.81971825,6050.140834149999,5508.460403949999,5364.579464349999,4599.8781546499995,4567.793387849999
213550,G06007302,high,False,6119.018,0.8407500276235722,2672.4697481583007,2637.976349802707,2672.481621998303,2618.837824998303,2358.349982298303,2861.671405898303,2493.973705098303,3051.1396711983025
213624,G06007310,medium,False,6787.775,0.7130643653791515,3089.011436318133,3003.982488865238,3089.0265820881323,3029.450956588132,2740.3490757881323,3177.789709788132,2769.6740163881323,3266.7726528881317
213909,G06007322,high,False,14285.387,0.7130643653791515,7078.211603828129,6509.685186935241,7078.248934488132,6952.015246988132,6339.462502488132,6032.517628788131,5167.810582488131,4987.247402188132
213974,G06007324,low,True,2315.676,0.7130643653791515,675.7907887142997,736.1219255249986,675.7940089152,662.4251926991999,597.4618196232,889.1306481882,797.4413321412001,1102.5296894022
213987,G06007330,high,False,2864.122,0.7130643653791515,1173.8011077999997,1322.4196949799991,1173.80074346,1148.9275481600002,1028.1738507600003,1853.06716306,1682.61268786,2532.43827626
21402,G06007326,high,False,12303.651999999998,0.8407500276235722,5984.293956278141,5543.882755125234,5984.316085688131,5876.339768688131,5352.485292688132,5249.696223988132,4510.215870888132,4515.390660088132
214065,G06007317,low,True,3001.215,0.7130643653791515,782.7712412999789,835.4843313249088,782.7740621816791,766.2204125096792,685.9041587996794,942.1929074546794,828.8183551706794,1101.6602826356793
21436,G06007323,high,False,6305.210999999999,0.7130643653791515,2832.438463128136,2778.5269071752414,2832.446155488132,2777.172094688132,2508.877811788132,2994.179712688132,2615.432897388132,3156.125820788132
214367,G06007323,medium,False,5705.639,0.7130643653791515,2541.6605718081323,2526.355627935243,2541.6803458881323,2491.2406299881322,2246.522260688132,2786.105121488132,2440.6294061881317,3030.7153792881318
214381,G06007310,high,False,7243.075,0.7130643653791515,3347.818082328132,3233.3338699152405,3347.831098488132,3283.945762188132,2973.8515845881325,3362.993045588132,2925.254378088132,3378.4099008881317
214685,G06007327,high,False,12956.228,0.7130643653791515,6355.76281472813,5873.275475035236,6355.8005532881325,6241.650740288131,5687.6889826881325,5515.491240688132,4733.480673088132,4675.710771288132
214743,G06007324,high,False,7883.51,0.7130643653791515,3710.530154828129,3554.6429352752452,3710.5585504881315,3640.5871292881316,3301.095599988132,3622.5730575881316,3143.304844588132,3534.832799588132
214758,G06007308,high,False,11956.806999999999,0.8407500276235722,5879.816925769997,5466.31138706943,5879.886759049998,5772.919554249999,5254.080933749999,5162.839696249998,4430.388130549999,4446.218134749999
214892,G06007326,high,False,6590.379000000001,0.7130643653791515,3007.047883288132,2934.763239975239,3007.0740640881327,2948.8579745881316,2666.4098188881317,3119.1349566881318,2720.392112188132,3231.442293788132
214894,G06007326,high,False,7458.751,0.7130643653791515,3476.810849658132,3348.306055425242,3476.835770488132,3410.7786782881317,3090.2254556881317,3455.3113222881316,3002.7971586881317,3434.0444117881316
214952,G06007328,high,False,7977.914,0.8407500276235722,3722.5274447200027,3565.552129459433,3722.5465518499987,3651.6915926499987,3307.755052649999,3619.039788949999,3133.528525249999,3515.815449149999
215013,G06007315,low,True,2882.116,0.7130643653791515,758.1552534233986,812.4564592480009,758.1616726824001,742.1457011094,664.4601714744001,926.7894090174,817.1180098374,1095.4691351574002
215112,G06007329,high,False,8641.886,0.7130643653791515,4139.177831808643,3934.000697825368,4139.2113622386405,4062.1662903386405,3688.239751438641,3930.448260338641,3402.5867014386413,3722.069059538641
21514,G06007324,low,True,3334.298,0.7130643653791515,890.4579367257002,942.1662029989994,890.467300044,871.8483957750001,781.5178548450001,1014.7476328590001,887.2271096520001,1139.106773193
215284,G06007316,medium,False,5286.163,0.7130643653791515,2304.798863128131,2316.662489535241,2304.8130658881323,2258.332964788132,2032.8195050881327,2616.5975236881322,2298.240048388132,2928.5522456881317
215979,G06007324,medium,False,14540.502,0.7130643653791515,7239.5504612781315,6654.820941165244,7239.615772088131,7110.652804788131,6485.047664888132,6147.966970988133,5264.781084288132,5056.857173488132
216014,G06007316,medium,False,5095.641,0.7130643653791515,2205.403797318133,2228.878678635241,2205.420203938132,2160.6725746381317,1943.6316273381321,2546.981655438132,2240.6078393381317,2888.673124938132
216040,G06007301,medium,False,14180.449999999999,0.7130643653791515,7139.16931943813,6576.413575525239,7139.226588888132,7011.9964739881325,6394.467596388133,6076.167664788132,5204.4342578881315,5013.635105188132
216173,G06007310,medium,False,8522.166,0.7130643653791515,4022.4020991681296,3825.6222360152374,4022.430241888132,3947.2393676881316,3582.469434988132,3845.7423471881316,3330.790490788132,3669.318775488132
216395,G06007315,high,False,6678.94,0.7130643653791515,3051.790546018128,2973.706194365244,3051.805223888133,2992.860075088132,2706.765817588132,3151.150976688132,2747.294130788132,3250.737482688132
216749,G06007323,medium,False,364.43999999999994,0.7130643653791515,150.31903648000093,426.82439936000037,150.31941719999995,147.13770199999996,131.69493919999996,1198.9775975999999,1177.1779536,2247.6483196
216838,G06007322,low,True,8840.962,0.7130643653791515,2626.874376297021,2633.00078119767,2626.8841609215224,2577.997350991523,2340.653421259524,2235.5448098985235,1900.5035929335231,1844.4090244125232
216950,G06007330,high,False,5320.512000000001,0.7130643653791515,2405.913596919829,2409.0070249030996,2405.93537959983,2358.65079319983,2129.17373289983,2703.8533828998297,2379.9050994998297,3001.9937210998296
217467,G06007311,medium,False,10502.032000000001,0.7130643653791515,5077.6933206381345,4753.13094340524,5077.725018888132,4984.930645388133,4534.586051988132,4600.907227188132,3965.1678112881323,4124.498631988132
217774,G06007308,medium,False,13049.864000000001,0.8407500276235722,6422.871938480001,5939.246767339432,6422.931673449999,6306.916084749999,5744.071336249998,5551.433042949998,4756.842765249999,4680.440632349999
217799,G06007311,low,True,4131.132,0.7130643653791515,1098.8561211074998,1144.3185800060007,1098.8629005753003,1075.9454579223,964.7314947963001,1149.9022176123,992.9057684223001,1201.0281819513
217910,G06007324,medium,False,2888.467,0.7130643653791515,1165.9522780399977,1308.2920620499983,1165.93751737,1141.87643757,1024.8251301700002,1858.24714447,1693.0523530699998,2550.72694737
217945,G06007314,medium,False,7234.102,0.7130643653791515,3354.988928998121,3241.441068405235,3355.0261638881325,3290.953228488132,2980.300726788132,3368.1357733881323,2929.5733342881317,3381.453842488132
218078,G06007325,low,True,8574.972,0.8407500276235722,2569.6769086170034,2585.237901931604,2569.702690705499,2521.284886165499,2286.408491293499,2186.992453210499,1855.424052655499,1804.4706366824994
218224,G06007317,medium,False,4528.031,0.7130643653791515,1921.1555269393193,1981.3241334824002,1921.17352102932,1881.1697888293197,1687.1208329293204,2343.32149082932,2069.37629842932,2765.61692412932
218425,G06007317,low,True,7384.357,0.7130643653791515,2159.7881093070228,2180.126926435667,2159.806990123523,2118.687338179523,1919.2310886345233,1901.2935314745232,1619.7173884305234,1642.934589523523
218619,G06007317,low,True,8533.054,0.7130643653791515,2537.059026246018,2547.6752742596673,2537.0845975995235,2489.640929488523,2259.5984255805233,2171.271976420523,1846.5197008455234,1805.6239241565231
218729,G06007326,high,False,7579.734,0.7130643653791515,3516.578209758128,3380.7914049852384,3516.608365288132,3449.848450388132,3126.089616688132,3483.7628800881316,3026.7133237881317,3451.144180288132
218827,G06007330,medium,False,7543.975,0.7130643653791515,3490.1199731781307,3356.315758385236,3490.1338770881316,3423.8635289881317,3102.2486766881316,3464.830536688132,3010.8047224881316,3439.766801088132
218882,G06007314,low,True,971.201,0.7130643653791515,249.0021119816995,315.1670061819998,249.00222704490002,243.71996230890002,218.0629427949001,600.1474659879,563.9330809209,951.3189839319001
219166,G06007326,low,True,2482.878,0.7130643653791515,647.940779388,704.3216022640032,647.9426951802001,634.2373027241999,567.7330163652001,855.7963927932001,761.9144801232001,1063.6943830602
219189,G06007313,low,True,6482.386,0.8407500276235722,1860.8001883824197,1891.919593892691,1860.82359560402,1824.25602069302,1646.8698389160202,1679.7490416240198,1429.3242197880202,1498.8212381430203
219231,G06007301,high,False,10582.875,0.7130643653791515,5082.720309628134,4753.030617075239,5082.746379088132,4989.8254467881325,4539.047540688132,4604.524005288132,3968.2243433881317,4126.564290288132
219406,G06007306,high,False,10030.075,0.8407500276235722,4749.569869429998,4460.689074669429,4749.590387649999,4661.567547249998,4234.385518749999,4353.990636349999,3750.942946449999,3958.7359896499984
219467,G06007323,medium,False,6919.76,0.7130643653791515,3210.890443488132,3117.2494454752396,3210.928826688132,3149.296436388132,2850.317188688132,3265.012786688132,2842.9275156881317,3319.372010988132
219673,G06007315,medium,False,6842.063,0.7130643653791515,3124.0946717281336,3035.626704795244,3124.1113384881314,3063.942634388132,2772.004602688132,3202.899051388132,2790.767985688132,3281.8956555881314
219679,G06007326,medium,False,6521.687000000001,0.7130643653791515,2950.143713848129,2882.422441215243,2950.142457488132,2892.9061351881323,2615.071143988132,3078.4093684881323,2686.202026188132,3206.8723709881315
219781,G06007323,high,False,3344.5209999999997,0.7130643653791515,1388.172213630002,1512.132897580002,1388.17901903,1358.8268169299997,1216.40505833,1991.4326955299998,1790.3777778299998,2594.78601563
220046,G06007306,high,False,6556.121,0.8407500276235722,2926.689139652207,2860.8708594068517,2926.696716992205,2869.272368792205,2590.449527992205,3051.5452483922045,2657.964678092205,3176.680489092205
220073,G06007315,high,False,10711.356,0.7130643653791515,5349.574902248134,5010.534067995244,5349.645229888132,5252.274064988131,4779.862326188131,4795.527956688133,4128.609417488133,4241.803844688131
22082,G06007326,high,False,16472.456,0.7130643653791515,8241.380251288132,7531.749549935241,8241.438561488132,8095.752933088132,7388.898673788133,6864.902093588133,5867.048690588132,5488.9146482881315
22130,G06007311,high,False,18582.401,0.7130643653791515,9480.488947098132,8634.107268205233,9480.589107088132,9314.190831788132,8506.857087488133,7751.6475075881335,6611.919436788132,6023.414852288131
221614,G06007301,low,True,8990.071,0.7130643653791515,2677.5166650675214,2682.870221342667,2677.525966639523,2627.7816801525228,2386.3442657595233,2271.779306833523,1930.9523794065235,1866.2320181505233
221816,G06007326,medium,False,5369.034,0.7130643653791515,2414.4588352496617,2417.430547736201,2414.4852885196597,2366.63009631966,2134.44938491966,2702.89829431966,2375.1201144196602,2991.51748351966
221877,G06007317,high,False,3344.379,0.7130643653791515,1382.5230494100028,1505.3836295199967,1382.52507177,1353.42647007,1212.1451680700002,1989.81411837,1790.38581807,2597.22650257
221882,G06007329,medium,False,9840.734,0.7130643653791515,4694.479401368126,4412.770627615242,4694.500439888132,4608.093675588132,4188.833747288132,4326.6826285881325,3734.817253388132,3959.1669279881316
22232,G06007312,low,True,2735.625,0.7130643653791515,752.2987515876007,809.4017610769977,752.3096513625,736.7541413084999,661.2690476385001,928.6949098335001,822.1322583795001,1105.1414392695
222519,G06007307,medium,False,8073.326,0.8407500276235722,3728.9772603600068,3566.3071641194324,3728.9980580499987,3658.0043293499994,3313.5723601499994,3623.652186449999,3137.416660349999,3518.545008549999
222589,G06007327,medium,False,3061.797,0.7130643653791515,1293.2842019200016,1431.0736687699991,1293.2938957299998,1266.12491903,1134.27716013,1933.6525430299998,1747.52536563,2574.12058533
222674,G06007327,high,False,18290.913,0.7130643653791515,9181.992116068133,8355.493671275239,9182.07088648813,9020.627227188132,8237.522444488131,7538.008440288131,6432.500843788133,5894.5581335881325
222720,G06007302,low,True,9116.028999999999,0.8407500276235722,2601.984660607244,2611.203410739735,2602.004395363547,2551.258448566547,2305.0856744535467,2179.633091122547,1832.1089629965472,1757.4384844305469
222773,G06007301,medium,False,4198.281,0.7130643653791515,1751.2434263189807,1828.8231435191692,1751.240024788981,1714.6365446889808,1536.9396949889806,2230.8141709889805,1979.991386588981,2710.5045852889807
22285,G06007311,low,True,2059.265,0.7130643653791515,577.1789041473011,638.2806938759988,577.1818008873,565.4776239693,508.63984914329995,818.9478654573,738.7141216503001,1060.7850095253
222853,G06007327,medium,False,6910.465,0.7130643653791515,3252.057055858643,3158.42222715537,3252.108501058641,3189.799693158641,2887.6173610586416,3295.005559758641,2868.3910406586415,3338.142071258641
223529,G06007314,medium,False,852.7389999999999,0.7130643653791515,359.75366007999963,611.2365363499996,359.75801337000007,352.17604727,315.39105927,1333.55340057,1281.62285677,2307.3837850699997
223584,G06007311,low,True,4510.636,0.7130643653791515,1191.1037436321249,1233.3124972456671,1191.1079345370233,1166.208541998023,1045.3782367590231,1208.4004784790231,1037.825989002023,1225.7789430180233
223689,G06007328,high,False,4011.945,0.8407500276235722,1706.2646431210148,1794.5032626902625,1706.2784862510177,1670.566200751018,1497.2878198510177,2201.342415551018,1956.734509351018,2696.5251439510175
223712,G06007315,high,False,14927.265,0.7130643653791515,7456.867969048129,6846.847128995241,7456.951526088133,7324.3465719881315,6681.115122588133,6303.49467318813,5395.411224688132,5150.608593688132
22372,G06007307,medium,False,2554.1169999999997,0.8407500276235722,1178.3434894010195,1336.1792597902572,1178.352536731018,1154.8219037310178,1040.5205806310178,1880.3576909310177,1719.0226647310178,2582.4704580310176
223767,G06007310,medium,False,7932.200000000001,0.7130643653791515,3721.652305508122,3563.1910481752416,3721.6940068881327,3651.486161088132,3311.106720988132,3630.522369688132,3149.9953692881318,3539.5831461881316
223781,G06007316,low,True,5404.383,0.7130643653791515,1483.4465137662241,1517.9630108336705,1483.4538816855231,1453.6531720545229,1309.0277161005233,1417.2878691315232,1213.1279180595234,1351.2479462265233
223825,G06007310,low,True,4700.813999999999,0.7130643653791515,1323.0493423118994,1360.9680637560007,1323.0500571225,1297.2527747864997,1171.9276694055002,1324.6155367184997,1147.7165191365002,1326.3327545235
223864,G06007302,medium,False,7218.022,0.8407500276235722,3172.228399118815,3073.664557572269,3172.211100278811,3109.3139139788104,2803.9514184788113,3204.005871978811,2772.9745055788107,3235.940976378811
223907,G06007327,medium,False,2700.975,0.8407500276235722,1121.3930979600016,1278.2956432899987,1121.3975804499999,1097.68959455,982.6461347500001,1820.6850151499998,1658.27938215,2520.05261015
223965,G06007307,medium,False,1835.207,0.8407500276235722,760.6487379700011,961.8684617600004,760.65100421,744.56552291,666.50203431,1589.6563466100001,1479.45687871,2418.71764911
224028,G06007323,medium,False,3512.34,0.7130643653791515,1455.4342832399998,1570.79203792,1455.4396179999999,1424.6610452,1275.2869182999998,2034.3059846,1823.43692,2613.2862231999998
22422,G06007313,high,False,9413.408,0.8407500276235722,4435.394689569998,4186.407602829439,4435.422484649999,4352.613125449999,3950.911686549999,4129.175553149998,3562.086765349999,3823.1986932499985
22430,G06007326,medium,False,9962.064,0.7130643653791515,4804.505178718129,4515.09380920524,4804.557995688132,4716.269699788132,4288.098918188132,4405.418076988131,3800.943299088132,4006.640896588132
224422,G06007326,high,False,8080.079,0.8407500276235722,3845.6655584081286,3676.810784355241,3845.6916674881318,3773.485227488132,3423.015592088132,3719.2784257881317,3224.536036288132,3593.148453288132
224505,G06007314,low,True,3638.286,0.8407500276235722,946.1349135818999,994.2644823230003,946.1387453994,926.1100794204,828.9237355434001,1046.3791861704003,909.1903008053999,1146.6914044164
224650,G06007306,medium,False,5715.2210000000005,0.8407500276235722,2498.212766569999,2487.4680487094315,2498.2330860499987,2447.8035085499996,2203.158117849999,2742.9037158499987,2397.528625549999,2987.754158149999
224714,G06007314,low,True,2412.734,0.7130643653791515,630.0111091742995,686.9034245289987,630.0140793786,616.6891403316,552.0333350826,844.3500426066,753.0763661615999,1058.7330297276
224715,G06007325,high,False,6535.6990000000005,0.8407500276235722,2933.010760609999,2869.45800650943,2933.0349870499986,2875.3375102499995,2595.4394531499993,3054.045273249999,2658.9076255499986,3175.277120949999
224726,G06007322,high,False,12441.725,0.7130643653791515,6138.821142208137,5689.016248395241,6138.8765410881315,6028.315645488132,5491.934506788131,5360.2868899881305,4603.076886088132,4582.130861588132
224912,G06007316,medium,False,630.3860000000001,0.7130643653791515,259.5079907900004,522.4053323300001,259.50835958,254.01346958000005,227.34222288,1268.78158178,1231.1319716799999,2278.07594088
22492,G06007328,medium,False,9582.749,0.8407500276235722,4578.746171929992,4318.311384829433,4578.7798764499985,4493.585881049999,4080.225430749999,4231.773656049999,3648.2586161499994,3885.057305049999
22494,G06007317,low,True,4525.071,0.7130643653791515,1195.7400439098237,1237.9315803156703,1195.745133774323,1170.7522205703228,1049.4766177233232,1211.4749640393231,1040.271475065323,1227.2910212703232
22531,G06007310,high,False,618.211,0.7130643653791515,255.1929264099999,518.7141950000009,255.1938441300001,249.79236873000005,223.58016443000005,1266.07553173,1229.07292083,2276.97749393
225366,G06007328,low,True,2467.1009999999997,0.7130643653791515,645.5900835153014,702.2723524319993,645.5935918088999,631.9435563819,565.7196740768999,854.4263021769,760.9374711399,1063.3041294908999
225425,G06007330,high,False,6867.0599999999995,0.7130643653791515,3159.860094488134,3069.755394115238,3159.8902482881317,3099.1023066881316,2804.268518288132,3228.500802088132,2812.2662308881318,3297.3218687881317
225483,G06007308,medium,False,3232.513,0.8407500276235722,1338.3692687999976,1468.060433710003,1338.37325919,1310.0642900900002,1172.68285219,1959.30203309,1765.3606142899998,2580.32588489
225537,G06007310,high,False,11065.479,0.7130643653791515,5335.645306298129,4974.211498665234,5335.664656288132,5238.606218388131,4767.308377588131,4785.498936888132,4120.2284420881315,4235.781349388131
225628,G06007316,high,False,5298.5470000000005,0.7130643653791515,2329.8956058086374,2340.8486605753706,2329.921765848641,2283.0119898486414,2055.523816748641,2634.753756548641,2313.589130048641,2939.745647548641
225838,G06007301,low,True,8190.313999999999,0.7130643653791515,2423.600009187923,2436.7926548246664,2423.6150469855233,2378.0938087545233,2157.2482703235232,2090.0860207515234,1778.3149854555236,1756.7057403525232
22584,G06007327,medium,False,4730.522,0.7130643653791515,2008.4218718381264,2055.725554995239,2008.4302378581317,1966.9636111581315,1765.7566334581322,2405.471318058132,2121.428091058132,2802.6562647581313
225943,G06007315,low,True,5421.417,0.7130643653791515,1500.8194811157223,1536.4935805906675,1500.8305169895234,1470.7303996695232,1324.6984214655229,1429.7253944625231,1223.574340801523,1358.7350362635232
226164,G06007326,medium,False,3627.1189999999997,0.7130643653791515,1509.0751058799992,1618.5435952300002,1509.08559697,1477.1925744699997,1322.44364977,2069.09720837,1850.6379627699998,2629.23115547
226171,G06007317,high,False,3660.2749999999996,0.7130643653791515,1520.781130089996,1627.5422507794297,1520.783370919999,1488.7883943199988,1333.5154771199993,2078.941548719999,1859.738434719999,2637.199628119999
226558,G06007312,high,False,2492.205,0.7130643653791515,1042.2453455599987,1209.78816555,1042.2534959500001,1020.24764575,913.4853844500001,1770.5896890499998,1619.87099505,2499.00208815
226569,G06007301,medium,False,4352.886,0.7130643653791515,1813.821257708981,1884.6761570791723,1813.8278219589808,1775.7215574589811,1590.8091738589812,2268.038143858981,2007.0033285589807,2722.379884858981
226664,G06007302,medium,False,11387.427,1.0497359105206039,5333.398188976268,4977.4621635510475,5333.441136526266,5232.782028726265,4744.479832126264,4723.428655826265,4034.075229826265,4113.7757928262645
226745,G06007308,high,False,10057.134000000002,0.8407500276235722,4763.637888069998,4473.25096664943,4763.6609534499985,4675.375065949998,4247.055769249999,4364.061712349999,3759.4126649499985,3964.7614929499987
226771,G06007323,low,True,5848.112999999999,0.7130643653791515,1655.1365405895422,1687.9536112501578,1655.1403645131445,1622.5543972251442,1464.330384845144,1541.3271446451445,1317.9854620461447,1427.6539226211446
226833,G06007313,high,False,4100.906,0.8407500276235722,1691.7732723805084,1776.9308714501292,1691.776651210509,1655.9864069105088,1482.2509374105089,2185.2005362105087,1939.949379310509,2678.771006210509
226855,G06007330,medium,False,5251.796,0.7130643653791515,2310.684120658133,2324.709218685238,2310.708962888132,2264.1135360881317,2038.1202820881322,2620.815687888132,2301.776418588132,2931.0923104881317
226937,G06007314,high,False,4378.211,0.7130643653791515,1864.2268124699983,1929.5724874499977,1864.2330484400002,1825.8237077400001,1639.38078534,2313.09419824,2049.90677804,2762.11762284
227129,G06007314,medium,False,5082.130999999999,0.7130643653791515,2210.5245366881313,2235.4039834752407,2210.543972488132,2165.632087188132,1947.761021488132,2549.142921988132,2241.566642288132,2887.895838188132
227135,G06007310,low,True,2908.65,0.7130643653791515,827.1317567771996,881.7576445159965,827.135523711,810.724317102,730.9990136610002,988.6708410059999,876.140408712,1150.294816752
227152,G06007325,medium,False,6057.558999999999,0.8407500276235722,2685.0420571999985,2652.23994319943,2685.0641034499995,2631.515528349999,2371.720465449999,2876.597279149999,2509.838695549999,3068.339489249999
2272,G06007301,medium,False,4053.3509999999997,0.7130643653791515,1720.8827893699972,1805.0929677100014,1720.8905089599998,1685.14931226,1511.6715054600004,2215.23448896,1970.34521976,2709.71796636
227323,G06007310,high,False,3422.151,0.7130643653791515,1426.2853823000007,1546.2606834499993,1426.29577213,1396.1625401299998,1249.95543063,2016.2728071299998,1809.8744417299997,2606.36828243
227441,G06007317,medium,False,3919.241,0.7130643653791515,1665.5012280800008,1759.0038595200008,1665.5221660199998,1630.58384542,1461.13223432,2173.96620902,1934.7404789199998,2682.52739252
227533,G06007330,high,False,12163.294000000002,0.7130643653791515,6007.33517884813,5575.415225035245,6007.382067288132,5899.026320288131,5373.304381088132,5266.201406688131,4524.042939288132,4525.414672488132
227567,G06007308,high,False,6703.219,0.8407500276235722,3058.96823916,2984.2627853394283,3058.987966049999,2999.2049409499987,2709.07451115,3144.1930284499986,2734.630475449999,3229.6189568499985
227692,G06007312,low,True,7036.365000000001,0.7130643653791515,2037.656284573223,2060.0819588616673,2037.6724821315233,1998.6068273775231,1809.0504087315232,1813.887987556523,1546.290114412523,1590.2794322625232
227792,G06007310,medium,False,4737.361,0.7130643653791515,2055.424296439829,2098.5084205231014,2055.43948813983,2013.6881027398294,1811.07524033983,2447.58481353983,2161.56377003983,2839.90512733983
22787,G06007330,medium,False,3080.3179999999998,0.7130643653791515,1277.6522039799943,1415.162253879996,1277.65902234,1250.63838074,1119.53736644,1920.61979994,1735.54654994,2563.6744198399997
228001,G06007329,low,True,3616.7070000000003,0.7130643653791515,946.1020070438982,994.9860352039981,946.1071015263001,926.1026804673002,829.0459459863001,1046.7846761763,909.7684058973,1147.5302232903
228006,G06007315,high,False,27633.36,0.7130643653791515,14162.743744118134,12733.53299174524,14162.877632088133,13918.16831968813,12731.213095388131,11102.32128588813,9426.70652618813,8042.677285388132
228023,G06007310,high,False,4348.755999999999,0.7130643653791515,1816.1773449599996,1886.4928930800006,1816.1809518999999,1778.1585267,1593.6006517,2271.6279094,2011.09296,2727.2256107
228035,G06007314,medium,False,411.448,0.7130643653791515,169.8125736800021,443.9120412000011,169.81304024000002,166.21912704000002,148.77597984000002,1211.45454064,1186.83105504,2253.1102098399997
228037,G06007301,high,False,7751.146,0.7130643653791515,3575.8644289681283,3426.7197449752384,3575.865972828132,3508.4317585281315,3181.268713428132,3531.2898508281314,3069.5290786281316,3486.841415928132
228093,G06007308,medium,False,7586.125,0.8407500276235722,3532.3791842400005,3401.1476822194286,3532.429983849999,3464.6694618499987,3136.172852849999,3482.9728440499994,3019.2224500499988,3433.760354449999
22890,G06007315,high,False,10495.082,0.7130643653791515,5052.076920268133,4728.50185587524,5052.118880688133,4959.688704888131,4511.440503488131,4582.581918188131,3949.7890141881317,4113.366839188131
229410,G06007316,high,False,6066.49,0.7130643653791515,2783.9955291203373,2744.1506830226626,2784.0107067503377,2729.6573388503375,2465.7735903503376,2961.3502590503376,2588.857784550338,3138.8986410503376
229416,G06007328,medium,False,8027.005,0.8407500276235722,3723.4482723799983,3563.4608448994354,3723.464429049999,3652.589347549998,3308.5913296499994,3619.6975467499988,3134.086907149999,3516.193534449999
229507,G06007315,medium,False,8531.667000000001,0.7130643653791515,4016.7369177881305,3819.2260073752427,4016.7552068881328,3941.7000900881326,3577.370732088132,3841.667826388132,3327.368136288132,3666.923044188132
229581,G06007326,low,True,13418.565999999999,0.7130643653791515,4167.860807223626,4138.703369601672,4167.879508351523,4093.2469611105225,3730.958214094523,3338.2864690155234,2826.873022828523,2509.022455810523
229618,G06007322,medium,False,1290.604,0.7130643653791515,554.6792872900025,783.7116779300015,554.68678872,543.03919232,486.5387746199999,1459.3290889199998,1379.56425262,2364.01866752
22977,G06007312,medium,False,5784.273,0.7130643653791515,2553.8711425181295,2533.5433671652368,2553.876800888132,2503.256659988132,2257.547632588132,2794.834152888132,2447.971550888132,3035.9809368881315
229938,G06007316,low,True,11940.651999999998,0.7130643653791515,3715.349982849623,3702.3244572756685,3715.3823086095235,3648.284847262523,3322.692528175523,3014.4903787125227,2554.8474446055234,2313.859173496523
230114,G06007326,high,False,9464.774,0.7130643653791515,4378.988189298132,4122.00194520524,4378.980251288132,4297.910116688132,3904.226043788132,4100.848182288131,3545.129888988132,3823.141848788132
230119,G06007311,high,False,12570.676,0.7130643653791515,6167.631681458131,5709.629114705236,6167.666210888132,6056.658584588131,5517.9548153881315,5380.893392388132,4620.4005738881315,4594.555133388132
230217,G06007313,low,True,7504.192,0.8407500276235722,2160.6162214643996,2179.2533290916012,2160.6288843194993,2119.0604988104997,1917.3592298384995,1894.2502119014994,1609.5141398684996,1628.0409495704994
230345,G06007313,medium,False,6044.664000000001,0.8407500276235722,2645.8215645399914,2613.973964399434,2645.8305228499985,2592.9483770499983,2336.3338352499995,2848.524713949999,2486.268501049999,3051.4045298499987
230417,G06007310,high,False,6777.8099999999995,0.7130643653791515,3087.9577529481267,3003.5244841552444,3087.9698664881316,3028.416448488132,2739.396898388132,3177.0378213881318,2769.043178788132,3266.317254788132
230461,G06007301,high,False,10712.721,0.7130643653791515,5165.730371838128,4827.8607930852395,5165.757994288133,5071.494326988133,4614.0111596881325,4663.890321888132,4018.0892748881324,4162.4608836881325
230567,G06007328,high,False,8115.938,0.7130643653791515,3717.3663778499968,3552.1248159494303,3717.3713934499992,3646.593476849999,3303.0996422499993,3615.3273239499995,3130.4384541499994,3513.531302149999
230636,G06007317,low,True,11781.443,0.7130643653791515,3632.0482273812245,3617.27696004167,3632.0718736815234,3566.364249286523,3247.5386040225235,2954.871039856523,2504.777803942523,2277.9049579545235
230726,G06007324,high,False,5122.433999999999,0.7130643653791515,2175.375583160168,2196.055513415761,2175.371999260168,2131.324881360168,1917.3817108601684,2527.785171160168,2225.787380560168,2880.408071460168
230747,G06007312,medium,False,4867.289000000001,0.7130643653791515,2093.7274110691546,2132.232754245496,2093.7398640791507,2050.8297773791496,1842.6022938791502,2466.17211017915,2172.21841517915,2838.76737867915
230900,G06007325,high,False,12502.812000000002,0.8407500276235722,6133.321929340005,5685.022382259425,6133.388853449999,6022.1645804499985,5482.793571549999,5344.248711649998,4582.79850535,4555.499269649999
231079,G06007326,medium,False,4859.129000000001,0.7130643653791515,2066.5965265781274,2105.988615985245,2066.601100288132,2024.1136081881318,1817.912304188132,2446.135041088132,2155.046440888132,2825.816158188132
231116,G06007308,medium,False,8589.078000000001,0.8407500276235722,3992.8189036899985,3796.6814579094303,3992.835926249999,3917.474298349999,3551.640065049999,3812.4451877499987,3296.0062685499997,3632.393909549999
231120,G06007328,medium,False,6183.089,0.8407500276235722,2738.2605406999983,2697.38032161943,2738.2797540499987,2683.8458124499984,2419.7337565499993,2914.6784227499993,2541.831764749999,3091.2884734499985
231282,G06007306,medium,False,8175.9580000000005,0.8407500276235722,3817.1673018800047,3647.634258039431,3817.2028972499993,3744.7112809499986,3393.117452049999,3686.780742449999,3190.434862949999,3556.5761162499984
231287,G06007313,low,True,2811.687,0.8407500276235722,731.2125489921006,785.0475847340015,731.2137538922999,715.7393024103001,640.6335987723,908.8957337403001,802.8708926853001,1086.6314616603001
23130,G06007325,low,True,6926.088,0.8407500276235722,1981.7006562737965,2006.342306527605,1981.7142743474994,1943.1417878774996,1755.9429508844994,1766.2214338004992,1501.9547668634996,1550.8936044284994
23131,G06007312,high,False,9974.248,0.7130643653791515,4760.175515898136,4469.854354685236,4760.193437088132,4672.698901688131,4248.103520488132,4373.688400088132,3774.3072751881323,3987.509351988132
23139,G06007312,low,True,10444.184000000001,0.7130643653791515,3180.241992833723,3175.8468756106686,3180.2680818015237,3122.091614431523,2839.901415805523,2631.5485402095233,2233.1726542035235,2083.0322526825234
231791,G06007330,medium,False,4530.704000000001,0.7130643653791515,1915.1446097394874,1974.6067910898698,1915.1535336094912,1875.338942909491,1682.118345009491,2340.2259788094907,2067.461414909491,2765.450615909491
231954,G06007301,medium,False,5778.588,0.7130643653791515,2587.6983371996616,2567.33547035563,2587.711104079659,2536.5552563796587,2288.2319571796593,2819.5604992796593,2469.0257884796592,3051.625767479659
232395,G06007322,high,False,10874.550000000001,0.7130643653791515,5330.009433108136,4980.865887855243,5330.051070488131,5233.040612588133,4762.210032288132,4781.491405488132,4116.849235288132,4233.340129888132
232491,G06007311,low,True,9576.14,0.7130643653791515,2933.7089353980223,2940.60031346567,2933.728533595523,2879.713661572523,2617.4820912585224,2455.123148689523,2084.9532660405234,1976.770235338523
232492,G06007316,low,True,4935.433999999999,0.7130643653791515,1360.7418858763708,1401.26838413308,1360.7568192640724,1333.1742420460723,1199.372837008072,1332.5474048020724,1143.6546351490724,1304.4506257090723
232502,G06007327,high,False,13373.836,0.7130643653791515,6587.611027858127,6077.8197327652415,6587.655168888132,6469.631540288132,5896.879301788133,5681.428049888133,4872.860231988132,4775.710612588132
232519,G06007328,high,False,5976.419,0.8407500276235722,2627.2379099200043,2599.731040579432,2627.2580464499997,2574.6615996499995,2319.5482543499993,2835.2364264499993,2475.099456849999,3043.377536449999
232690,G06007314,medium,False,7241.191,0.7130643653791515,3382.62626295813,3268.07646208524,3382.652648488132,3318.171967988132,3005.254045288132,3387.9139850881315,2946.175410288132,3393.436478188132
232705,G06007326,high,False,5630.102,0.7130643653791515,2470.0833596081175,2459.8830175952417,2470.094018088132,2420.8545159881323,2181.942502188132,2734.872028888132,2397.603779888132,2999.827873788132
232729,G06007323,low,True,4459.2880000000005,0.7130643653791515,1181.0827034929575,1224.0892308205853,1181.0893207609508,1156.4021676619507,1036.6232948119507,1202.0644213429507,1032.969752914951,1223.122370011951
232744,G06007325,high,False,5474.286999999999,0.8407500276235722,2377.018613349823,2381.640535172538,2377.030094249829,2328.6546135498293,2093.8811306498287,2656.373771849829,2324.954411949829,2935.8940412498287
232872,G06007301,high,False,8660.515,0.7130643653791515,4100.744433868131,3894.91514125524,4100.773658888133,4024.2768390881315,3653.1501110881313,3901.8094297881316,3377.8858428881317,3703.1124563881317
232968,G06007301,high,False,7002.505,0.7130643653791515,3224.135750058134,3125.046890345239,3224.1573448881322,3162.322321288132,2862.2626155881317,3274.497167888132,2850.903234288132,3325.0617948881318
23298,G06007302,high,False,7120.173,0.8407500276235722,3050.8676428472886,2969.632240241311,3050.8771166872834,2988.448032087283,2685.4866555872836,3091.019677087283,2663.3369091872833,3131.366218087283
233010,G06007325,low,True,12048.920999999998,0.8407500276235722,3706.2728804492945,3691.461918486605,3706.308098923499,3638.888166280499,3311.856460867499,3000.3494296214994,2538.6939907544997,2294.655548500499
233054,G06007326,low,True,10245.291000000001,0.7130643653791515,3128.0496975996225,3126.8107143036677,3128.081107087523,3070.7869078455233,2792.8214284245228,2594.185659031523,2201.779846183523,2060.5624905495233
233074,G06007324,high,False,3545.428,0.7130643653791515,1511.6299199499988,1623.053861120002,1511.6419366100001,1480.1559277100002,1327.37562201,2078.57494421,1862.89722581,2645.6311086099995
233213,G06007316,low,True,5755.129999999999,0.7130643653791515,1598.2985419998222,1629.8095803956774,1598.307922441523,1566.5794240875227,1412.6403650235231,1499.4780158835233,1282.1747057505231,1400.770238164523
233285,G06007330,low,True,11828.621,0.7130643653791515,3545.646869166027,3519.3079183256714,3545.629696405523,3481.4488113015227,3169.608165982523,2892.9943268325233,2452.8245596065235,2240.6709644445236
233351,G06007317,medium,False,5131.3099999999995,0.7130643653791515,2211.1927863481314,2233.0492470152403,2211.2011024881317,2166.2928635881317,1948.3623749881322,2549.607586688132,2241.968982288132,2888.1792171881316
233473,G06007308,medium,False,6024.6720000000005,0.8407500276235722,2657.2497471499973,2626.6176968094283,2657.268089449999,2604.1814445499986,2346.641834849999,2856.710776349999,2493.137398349999,3056.336775149999
233537,G06007329,high,False,9817.812000000002,0.7130643653791515,4803.762285558127,4522.846822085239,4803.821120288132,4715.559154788132,4287.421962888133,4404.920789588132,3800.497891888132,4006.3579221881314
233565,G06007317,high,False,6892.549,0.7130643653791515,3321.760587909154,3225.9578791060662,3321.8250566491506,3258.7906034491502,2953.149892549151,3352.5756803491504,2921.0633394491506,3383.5887488491508
233973,G06007329,medium,False,6739.915,0.7130643653791515,3062.5507479281346,2980.6644384952447,3062.5592388881323,3003.435361488132,2716.477895188132,3158.8495252881316,2753.7688387881317,3255.360303888132
234368,G06007314,medium,False,8243.027,0.7130643653791515,3904.8990233281243,3726.004695535243,3904.930481488132,3831.6853947881323,3476.4230492881316,3761.668113488132,3260.1625517881316,3618.621848488132
234382,G06007315,high,False,6856.869000000001,0.7130643653791515,3164.1785866581304,3074.70733890524,3164.214406488132,3103.3453012881323,2808.1600285881323,3231.5940192881317,2814.861058088132,3299.1851762881315
23443,G06007316,medium,False,5081.691000000001,0.7130643653791515,2197.107773128135,2222.117121095238,2197.120028088132,2152.436754888132,1935.651510088132,2539.537159088132,2233.5057671881323,2882.0967511881317
234627,G06007307,low,True,15851.283,0.8407500276235722,5016.4269048999,4975.346984950604,5016.494502211499,4927.161830944499,4493.918837047499,3937.9249171064994,3326.2861128194995,2859.7401278745
234704,G06007327,medium,False,5965.6939999999995,0.7130643653791515,2636.7152425081304,2604.572890215239,2636.7185824881317,2584.7276533881322,2332.294205788132,2854.115039488132,2497.768497088132,3071.724194788132
234820,G06007301,low,True,3958.1020000000003,0.7130643653791515,1063.1193200271007,1110.458860335999,1063.1286002294999,1041.0502248404998,933.9237840555002,1128.4953423645,977.2635921285001,1193.9505962235
234902,G06007326,low,True,4402.514999999999,0.7130643653791515,1160.97639252776,1203.6252215818167,1160.9796230291588,1136.7359764481585,1019.0794965491585,1189.394565286159,1023.3034393091586,1217.9102888951588
235236,G06007327,high,False,12034.609,0.7130643653791515,5894.5248931581245,5471.095863025237,5894.565353088134,5788.1229766881315,5271.553801688133,5185.442695388132,4456.205836588133,4476.798416488132
235275,G06007307,medium,False,11696.723,0.8407500276235722,5825.193595939997,5428.149603519429,5825.284893449999,5719.208141549998,5204.802919949999,5123.774459049999,4397.546890249999,4422.686775749999
235303,G06007314,high,False,15605.122,0.7130643653791515,7863.969369518127,7210.493974885238,7864.064632088133,7724.6093538881305,7048.361529188132,6594.832709988132,5640.161517288132,5326.132750188132
235341,G06007314,medium,False,10519.607,0.7130643653791515,5095.451547848128,4769.376781695244,5095.478192088132,5002.404838188133,4550.601767488131,4613.626586088132,3975.8453751881325,4132.1691303881325
235403,G06007310,high,False,12274.541000000001,0.7130643653791515,6135.649562868137,5695.704259135235,6135.697231288132,6025.233437488132,5489.066762688131,5358.046232388131,4601.172252088132,4580.816124788132
235452,G06007323,high,False,3985.718,0.7130643653791515,1650.7851772089766,1741.9207054297424,1650.792123718982,1615.8771359189818,1446.457858218982,2159.3448776189816,1920.1792939189818,2668.0177816189816
23554,G06007325,medium,False,5940.916000000001,0.7130643653791515,2600.0998814199975,2574.7332707994306,2600.110225649999,2548.0054976499987,2295.087962049999,2815.8049331499988,2458.773569049999,3031.7140560499993
235548,G06007317,high,False,4042.408,0.7130643653791515,1676.0015843794902,1763.721917189303,1676.0052888994899,1640.6385434994902,1468.99485589949,2176.75599459949,1934.44940979949,2677.6259755994897
235644,G06007324,high,False,4971.071,0.7130643653791515,2207.052099889998,2233.576695189998,2207.0598449400004,2163.0176146400004,1949.21910674,2559.9514334399996,2258.14241184,2913.0468488399997
235650,G06007328,high,False,5891.5380000000005,0.8407500276235722,2615.1014201000044,2593.150420979426,2615.1377530499994,2562.7210108499985,2308.5930577499985,2826.5498060499995,2467.795023149999,3038.155297049999
235831,G06007327,high,False,5251.558999999999,0.7130643653791515,2297.8907407781326,2312.147705265242,2297.916971288132,2251.521331588132,2026.570323488132,2611.655751488132,2294.088504488132,2925.5553033881315
235864,G06007306,high,False,7705.645999999999,0.8407500276235722,3635.303549729999,3495.942358329432,3635.337011649999,3565.9107825499996,3229.064987749999,3556.635535649999,3081.096975049999,3478.1941703499992
235874,G06007328,low,True,6860.674,0.7130643653791515,1960.3719336599968,1985.921188117604,1960.3962694574993,1922.1403310864991,1736.6794715654996,1750.960618846499,1489.1401219574996,1541.6572660304992
236059,G06007314,high,False,6537.134,0.7130643653791515,2956.977113528132,2888.201296775242,2956.985938488132,2899.623440988132,2621.232193088132,3083.3007975881324,2690.303332388132,3209.826310288132
236244,G06007324,high,False,14896.952,0.7130643653791515,7463.826310458133,6855.967161125245,7463.917357088132,7331.165170588132,6687.371966688132,6308.478983088131,5399.603397188133,5153.579827188132
236406,G06007310,high,False,10204.379,0.7130643653791515,4918.537167898134,4613.233648445241,4918.568416488131,4828.416822388132,4390.990178788132,4487.025344188132,3869.502787388132,4055.8259434881315
236511,G06007307,low,True,3409.533,0.8407500276235722,905.366326246842,956.4872499701816,905.3730072960414,886.3600151580414,794.0878355220414,1022.8609950480412,892.6061304690413,1140.4258896090414
2369,G06007326,high,False,7423.502,0.8407500276235722,3457.929504138132,3331.750675565238,3457.9545258881317,3392.2101079881318,3073.1942334881323,3441.8002590881324,2991.448021788132,3425.897017788132
237649,G06007317,high,False,6490.603,0.7130643653791515,2934.210823308137,2868.4508165152356,2934.2236856881323,2877.2296285881316,2600.6856834881323,3067.013203688132,2676.6196249881323,3199.9976315881318
237671,G06007301,medium,False,4736.522999999999,0.7130643653791515,2033.1466375481327,2080.26233219524,2033.163726488132,1991.2185556881318,1787.726227688132,2422.210928888132,2134.9360647881317,2811.396703988132
237677,G06007310,medium,False,6688.661,0.7130643653791515,3107.115671928131,3028.202156935237,3107.1522326881327,3047.255822888132,2756.682755488132,3190.7605256881316,2780.547961588132,3274.6140522881315
237751,G06007315,high,False,5232.877,0.7130643653791515,2278.954352078129,2294.2509249452414,2278.9689334881323,2232.916352788132,2009.501769288132,2598.1071943881316,2282.706786188132,2917.3989192881318
237772,G06007313,medium,False,9035.896,0.8407500276235722,4265.331199470002,4040.0493681094317,4265.345777649999,4185.4395328499995,3797.4839850499993,4007.472348049999,3459.8360726499986,3749.926920849999
237787,G06007312,medium,False,5604.0470000000005,0.7130643653791515,2475.9604456781326,2467.2498147252386,2475.9761048881323,2426.6364433881317,2187.244312888132,2739.0872010881317,2401.135766688132,3002.3722847881318
237914,G06007310,medium,False,3320.0550000000003,0.7130643653791515,1372.63196202,1497.871010369999,1372.63643305,1343.59192935,1202.6482922500002,1981.07618345,1782.11099565,2589.61557275
238003,G06007312,high,False,18508.489,0.7130643653791515,9384.162216378132,8542.828639125233,9384.238124288131,9219.469949588132,8419.95605478813,7682.703622588131,6554.025758388132,5981.835401988132
238026,G06007315,low,True,12798.409,0.7130643653791515,3970.3751557899227,3947.362043404667,3970.403383771523,3899.045254600523,3552.788148328524,3196.9732369905237,2708.156850799523,2423.8351957575233
238307,G06007310,high,False,3406.8740000000003,0.7130643653791515,1410.4492834100006,1531.3279127300007,1410.4577156200003,1380.61160822,1235.82542762,2005.41635132,1801.02966522,2600.48052492
238379,G06007312,high,False,9683.088000000002,0.7130643653791515,4640.24120158814,4368.923548815237,4640.284810288133,4554.733477888132,4139.8767578881325,4287.873033688133,3702.2106782881324,3935.755836588132
238600,G06007307,medium,False,7749.369999999999,0.8407500276235722,3583.06723443,3441.0792910294263,3583.0919088499995,3514.5521164499996,3181.9381291499994,3519.231905649999,3049.686698649999,3455.6617513499987
238616,G06007316,medium,False,6568.473,0.7130643653791515,2962.153544348133,2891.390655215239,2962.160591288132,2904.7013778881314,2625.886535588132,3087.009970988132,2693.424045688132,3212.0326474881317
238665,G06007307,high,False,4080.335,0.8407500276235722,1701.2411114499987,1787.4961464600024,1701.2524500500003,1665.3111529500002,1490.9349869500002,2192.4180365499997,1946.2490578499999,2683.7050877499996
238769,G06007310,medium,False,711.125,0.7130643653791515,298.80032116999826,557.5153908400002,298.80185795,292.50323505,261.92258685,1294.37086205,1251.20369855,2289.96869695
238805,G06007330,high,False,5687.285,0.7130643653791515,2507.2507565581327,2493.2163207452463,2507.2561188881323,2457.407522088132,2215.479890588132,2761.475985388132,2419.951045588132,3015.860892888132
238820,G06007324,high,False,3548.1890000000003,0.7130643653791515,1483.8248774399995,1597.2140569899993,1483.8392817099998,1452.5240163100002,1300.6063354100002,2053.76922381,1839.29914861,2623.8231583099996
238834,G06007330,high,False,7184.153,0.7130643653791515,3327.162288328134,3216.273161855239,3327.1903914881323,3263.634929388132,2955.2165954881325,3348.2218354881325,2912.829273588132,3369.515520688132
238850,G06007317,high,False,9520.341,0.7130643653791515,4539.064733768128,4278.086095575243,4539.093608088131,4455.262960488131,4048.603176588132,4215.4686372881315,3641.3896865881316,3892.1293748881317
238872,G06007323,high,False,5073.024,0.7130643653791515,2177.2816261481307,2202.844027335241,2177.286371888132,2132.956012088132,1917.776307288132,2525.3390498881317,2221.581116888132,2873.563581188132
238918,G06007301,medium,False,6292.923000000001,0.7130643653791515,2835.751161748131,2782.5856672152418,2835.7623162881314,2780.4318318881315,2511.866270288132,2996.5505537881318,2617.4208956881316,3157.563618688132
238954,G06007326,medium,False,12509.783,0.7130643653791515,6180.274570148122,5726.09750227523,6180.3380694881325,6069.072655188131,5529.3538480881325,5389.959934688131,4627.996353988133,4600.009545288132
238974,G06007312,medium,False,6272.145,0.7130643653791515,2814.79781469864,2762.245894635371,2814.787116218641,2759.9251708186407,2493.5456659186407,2983.3346975186405,2607.3372856186406,3152.038560118641
239033,G06007302,high,False,13740.283,0.8407500276235722,6604.845441716264,6097.146505051047,6604.898070526265,6482.9901668262655,5891.599613926265,5633.299168426264,4798.416096426265,4662.132347826265
239040,G06007317,high,False,8026.254000000001,0.7130643653791515,3829.842657038131,3664.5008946052317,3829.9013070881315,3757.8870948881317,3408.697993288132,3707.972714988132,3215.025321688132,3586.288143588132
239069,G06007311,low,True,9223.544,0.7130643653791515,2783.6882725416262,2789.930050435669,2783.7053989215237,2732.193971443523,2482.1316217455233,2347.763182024523,1994.7684999915236,1912.0551343005232
239094,G06007329,high,False,12446.258999999998,0.7130643653791515,6068.954314878132,5619.379734805239,6068.997668488131,5959.622228088132,5428.926332688132,5310.253690688132,4561.065377688132,4552.000081788132
239170,G06007314,low,True,4509.997,0.7130643653791515,1274.6122785711023,1317.9762505490019,1274.6198773601998,1249.3313617302,1126.5678833471998,1285.1638840452001,1111.8690790752,1295.8260471672
239525,G06007328,low,True,5956.916,0.8407500276235722,1652.8960371924,1684.796383003604,1652.9056502174997,1619.8202650454996,1459.2839574914995,1530.9297844454995,1304.2999568324994,1409.0649882404996
239736,G06007328,low,True,6998.3679999999995,0.8407500276235722,1986.1654846508977,2007.943806868601,1986.1712756234997,1947.5390347244997,1759.9640896844996,1769.4124559354996,1504.6388497334997,1552.8203144024997
239842,G06007329,high,False,5013.88,0.7130643653791515,2205.755221719492,2233.8694932698745,2205.780323089491,2161.1073363894907,1944.4147001894908,2548.509386289491,2242.595360389491,2891.4142833894907
240284,G06007316,medium,False,6623.4400000000005,0.7130643653791515,2999.9165796281372,2925.3503808552414,2999.927438088132,2941.8535548881323,2659.9735514881318,3114.034411688132,2716.113028688132,3228.3577404881316
240457,G06007323,low,True,4820.827,0.7130643653791515,1294.61180355242,1334.4693396896678,1294.6180857675229,1267.9680937065232,1138.6559046795232,1282.1612299245232,1099.6136748045233,1269.7975398045232
240479,G06007325,medium,False,7291.188,0.8407500276235722,3326.4995463299983,3214.0207603294302,3326.5016514499994,3262.2601599499985,2950.437708049999,3335.6395648499993,2895.474710649999,3344.961606949999
240690,G06007315,high,False,12587.397,0.7130643653791515,6247.19003493813,5788.314081365241,6247.268327488131,6134.824938388132,5589.660385888132,5437.850354588132,4668.237710988132,4628.809177688132
240930,G06007308,high,False,10888.420999999998,0.8407500276235722,5337.71430032,4992.7517716994225,5337.777715249998,5239.877315749998,4764.99085805,4774.925729049999,4104.50898645,4212.418537549998
241072,G06007317,low,True,5698.442,0.7130643653791515,1625.6808716583657,1661.7940897292492,1625.6973630738655,1593.6125491308649,1437.9498725628653,1520.818448326865,1301.067965311865,1416.0741371118652
241121,G06007301,low,True,7414.848,0.7130643653791515,2179.5069002793252,2200.376234850672,2179.5169404255234,2138.096035018523,1937.0267754945232,1915.4055582495234,1631.5693757595236,1651.4622352515232
241141,G06007322,medium,False,3723.196,0.7130643653791515,1548.204586279999,1652.7777527400021,1548.2138620800001,1515.4866967800003,1356.7062437800002,2094.0907671800005,1869.9437199800002,2640.07625288
241213,G06007324,medium,False,5602.58,0.7130643653791515,2510.9145811391504,2501.824887435502,2510.93106603915,2461.0454812391495,2218.9249056391495,2764.54667423915,2422.76275803915,3018.3531942391496
241323,G06007329,high,False,5355.032,0.7130643653791515,2329.28956284813,2336.7123658152395,2329.295697088132,2282.417947188132,2054.9196129881325,2634.122488388132,2312.966721988132,2939.109941488132
241335,G06007315,high,False,7327.278,0.7130643653791515,3356.9801223581303,3237.333199125241,3356.9875708881323,3292.9434850881316,2982.118840188132,3369.5430281881318,2930.7684934881318,3382.333730588132
241455,G06007308,high,False,9731.019,0.8407500276235722,4638.805153379994,4368.81531317943,4638.840011449999,4552.668812349999,4134.443210049999,4274.731409749999,3684.339957949999,3911.012169849999
241550,G06007325,low,True,5140.276,0.8407500276235722,1396.1806936110459,1435.8948688807582,1396.2015476442439,1367.467105768244,1228.191745390244,1348.774959745244,1152.1539318972439,1301.4451577382438
241589,G06007302,low,True,6932.032,1.0497359105206039,1857.9166932421963,1882.283919766748,1857.9203961679952,1819.7289398719952,1634.3905812049954,1648.9453763569954,1387.3147500649952,1440.1004723359952
241659,G06007315,high,False,7931.107,0.7130643653791515,3690.4203232881305,3531.740120075242,3690.4326170881327,3620.8143625881316,3282.958868788132,3608.1654739881324,3131.219476888132,3526.143982388132
241661,G06007317,medium,False,6915.026,0.7130643653791515,3182.325315298132,3089.2241170852403,3182.354169088132,3121.190626588132,2824.5310735881317,3244.5706876881322,2825.770685788132,3307.0082912881317
241849,G06007310,high,False,1644.517,0.7130643653791515,679.8589198599991,890.79761641,679.86287951,665.4821051100001,595.6706005100002,1537.81372401,1439.2625460099998,2395.8356111099997
241916,G06007316,high,False,13875.223999999998,0.7130643653791515,6944.1819390881265,6401.562194555243,6944.234065288132,6820.242765488132,6218.549146888132,5936.626741688131,5087.228276888132,4929.494506688132
241930,G06007308,high,False,5751.978999999999,0.8407500276235722,2514.092462129999,2500.9964441094303,2514.108485849999,2463.426787549999,2217.489051749999,2754.258806849999,2407.0702885499986,2994.6155379499987
241937,G06007308,high,False,8718.54,0.8407500276235722,4109.166094719999,3904.6199731994275,4109.203928849998,4031.8524939499985,3656.564106349999,3895.7191402499984,3365.953631549999,3682.552181949999
241999,G06007315,medium,False,3646.1330000000003,0.7130643653791515,1479.2164271500026,1586.6271481600033,1479.20085745,1447.9609177500004,1296.1180679500003,2049.45800155,1835.13117485,2619.85088495
242081,G06007322,low,True,5723.45,0.7130643653791515,1582.422755399719,1613.624863812666,1582.4258115675234,1550.971935316523,1398.327521023523,1488.1172975145232,1272.6341816805234,1393.921181131523
242186,G06007302,low,True,5481.7480000000005,0.8407500276235722,1427.3969360234807,1462.7422101179136,1427.3975601770792,1397.2195473890793,1250.7327466700792,1354.6953681830796,1147.9016520890793,1282.0941146000794
242357,G06007301,low,True,7165.598999999999,0.7130643653791515,2101.740966705323,2125.1755804686727,2101.7544038115234,2061.6265577805234,1866.857902930523,1859.7574582875231,1584.8191519245233,1617.922737385523
242383,G06007313,medium,False,4031.7039999999997,0.8407500276235722,1716.2347846110167,1802.4320416402597,1716.244017251018,1680.4796738510179,1506.880672851018,2210.1855475510183,1965.126290751018,2704.2596503510176
242773,G06007317,high,False,3917.429,0.7130643653791515,1670.693617319999,1762.50505428,1670.7080506600003,1635.96449156,1467.40332686,2182.2652224599997,1944.3036395600002,2693.95993956
243259,G06007306,high,False,6335.529,0.8407500276235722,2810.3713755499984,2759.762228609438,2810.3847226499993,2754.7456142499987,2484.7900086499985,2966.2823436499993,2585.189838949999,3122.369462249999
243277,G06007316,low,True,5411.8060000000005,0.7130643653791515,1508.7471056838444,1544.9836629541576,1508.7606748128446,1478.6166759138441,1332.3613562838443,1436.8675287558447,1230.3960824838446,1365.1034916858446
243342,G06007323,low,True,7214.569,0.7130643653791515,2082.8409543132248,2102.2431484916697,2082.846036529523,2043.0350588265235,1849.811172292523,1846.224698935523,1573.463154523523,1609.748397106523
243351,G06007315,high,False,11765.56,0.7130643653791515,5710.089375558127,5304.389054365245,5710.120480288131,5606.72357678813,5105.125702588131,5053.471209788131,4345.363976288132,4397.159068488132
243380,G06007314,medium,False,3775.603,0.7130643653791515,1561.4900870098268,1662.8848059825282,1561.493599879829,1528.533161179829,1368.587163479829,2103.2779292798286,1877.4893158798288,2645.1705508798286
243616,G06007315,medium,False,8570.630000000001,0.7130643653791515,4028.464808278132,3828.5067564052383,4028.4830780881316,3953.219109188132,3587.9557961881324,3850.0711109881317,3334.428972488132,3671.9543231881316
243718,G06007314,high,False,6200.062,0.7130643653791515,2808.4314979281394,2761.4622047152366,2808.4509266881328,2753.554027988132,2487.207843988132,2976.998451288132,2600.998658288132,3145.7701430881316
243921,G06007326,low,True,13911.736,0.7130643653791515,4323.729501370523,4289.781401762669,4323.753133363523,4246.502253832523,3871.5965093535233,3449.8319487255235,2920.5775605735234,2576.232042289523
243989,G06007325,medium,False,5890.941999999999,0.8407500276235722,2673.3773225118625,2644.6820490541973,2673.389447471867,2620.926615371867,2366.1697980718664,2882.7377993718674,2523.135575371867,3092.3183754718666
244210,G06007301,high,False,6679.261,0.7130643653791515,3091.26997245915,3009.9845768760706,3091.2896377091506,3032.115476309151,2744.8603111091506,3186.566766009151,2781.066250009151,3282.128399109151
244372,G06007325,low,True,9878.207999999999,0.8407500276235722,2969.6532122564977,2970.780700152602,2969.674888099499,2914.585893292499,2647.2871626074993,2473.220793265499,2095.8728976975,1976.9715881654997
244451,G06007302,medium,False,9162.581000000002,0.8407500276235722,4107.244595127622,3893.4551247151094,4107.243086767623,4027.300450267623,3639.3453253676234,3849.353615767623,3301.740569867623,3591.663701467623
245769,G06007330,high,False,3004.139,0.7130643653791515,1252.0347984999994,1393.3990660499999,1252.0419231700002,1225.5898717700002,1097.24517577,1904.67693977,1723.49426897,2557.40092947
245814,G06007307,medium,False,2393.105,0.8407500276235722,993.7093575900036,1166.359139339997,993.7134079500003,972.7055084499999,870.7641461500001,1738.9595084499997,1595.0493005499998,2484.2753781499996
245878,G06007312,high,False,21862.438,0.7130643653791515,11085.590202008134,10028.474077855239,11085.683384488131,10892.479366588133,9955.03683818813,8900.23342578813,7576.826799988132,6715.647220988132
245941,G06007329,low,True,9203.508999999998,0.7130643653791515,2767.7785151697303,2773.357794980664,2767.7967841995223,2716.5351960105227,2467.772808094523,2336.379388267523,1985.2110865665231,1905.1683678615232
246058,G06007310,high,False,15299.194,0.7130643653791515,7731.748462818126,7097.421132745241,7731.838006488131,7594.626860788132,6929.097163188133,6500.233112788133,5560.673420088133,5269.1500147881325
246083,G06007322,low,True,6012.736,0.7130643653791515,1686.4496595564233,1716.102324555669,1686.457761085523,1653.263245234523,1492.1807017245233,1562.5598811705236,1335.166151845523,1438.7957589495231
246102,G06007307,low,True,10993.785,0.8407500276235722,3333.2419489004997,3324.4584266666016,3333.2600707874994,3272.1098172524994,2975.3267153714996,2733.3999498314993,2314.4425946444994,2133.7918633364993
24621,G06007314,low,True,6630.783,0.7130643653791515,1897.254427306225,1922.46225428967,1897.265748853523,1860.5381323335232,1682.3687302095232,1713.421029055523,1461.8983571235233,1529.698401367523
246279,G06007328,low,True,8496.529,0.8407500276235722,2512.1186675676013,2524.7901227776024,2512.1322936674997,2464.7003290034995,2234.4920670555,2145.7968815414993,1820.8218927134994,1779.6520594724998
246296,G06007324,medium,False,5223.119000000001,0.7130643653791515,2275.257273088134,2291.018527695242,2275.2687162881316,2229.2930622881318,2006.1666579881316,2595.460302688132,2280.480031788132,2915.821520988132
24637,G06007316,high,False,5710.937999999999,0.7130643653791515,2535.613678578133,2520.0829873852413,2535.633076088132,2485.287550488132,2241.061688988132,2781.775655588132,2436.997014688132,3028.094515588132
246404,G06007310,high,False,6394.861,0.7130643653791515,2923.929008398131,2863.8358236652402,2923.9406294881323,2867.145208988132,2591.408224288132,3059.664404788132,2670.431408588132,3195.6068558881316
246529,G06007322,high,False,7294.556,0.7130643653791515,3427.5109893981307,3309.67235970524,3427.5542106881326,3362.298339188132,3045.7580346881323,3420.0331132881324,2973.149945988132,3412.8018359881316
246566,G06007308,high,False,9488.099,0.8407500276235722,4543.449047050006,4289.762712589432,4543.508067849999,4458.843243449998,4048.3820740499996,4206.50533425,3627.0348659499996,3869.8104420499985
246623,G06007313,medium,False,8298.109,0.8407500276235722,3947.3656164900003,3769.7086425894254,3947.4027986499987,3872.759853149999,3510.600098249999,3779.9526932499984,3268.6940341499994,3612.781464049999
246651,G06007323,high,False,1874.44,0.7130643653791515,821.9007693300008,1020.8610954699998,821.9228922000001,804.7165661,721.3392826,1632.2802221,1514.5521686,2442.6873892999997
246676,G06007326,medium,False,13247.609,0.7130643653791515,6575.79119807813,6073.767927365241,6575.846092088132,6458.007610388133,5886.191588288133,5672.989502888131,4865.7566786881325,4770.621909188132
246791,G06007327,medium,False,10928.993999999999,0.7130643653791515,5369.619016388133,5017.2244623552415,5369.670334088132,5271.962590288133,4797.942411588132,4809.844931188132,4140.670554588132,4250.388953388132
247052,G06007310,high,False,3853.33,0.7130643653791515,1598.9034262199962,1696.836519160001,1598.9105137000004,1565.1011236,1401.0503286000003,2126.2926472999998,1894.7037647,2653.7888583
247146,G06007302,high,False,9175.664,0.8407500276235722,4114.337989836261,3901.1076842710463,4114.346599126265,4034.101215126265,3644.6315513262653,3851.0352486262645,3301.2336735262647,3588.012314626265
24729,G06007325,high,False,666.364,0.8407500276235722,274.5636891899993,535.6225843700003,274.56416092000006,268.75114672,240.53824472000008,1278.42854962,1238.60213332,2282.3144023199998
247402,G06007317,low,True,6890.969,0.7130643653791515,2013.557269158625,2039.6925564016706,2013.5689266975232,1974.911533048523,1787.3024295975233,1796.6533268475232,1531.8109844955234,1579.8823538295233
247469,G06007308,low,True,5429.236,0.8407500276235722,1470.296982129559,1505.4006500044195,1470.301501421958,1440.321053798958,1294.8339430649582,1401.1081286999583,1195.7261683919583,1332.012342914958
247477,G06007316,low,True,4455.617,0.7130643653791515,1192.4152244104737,1236.0732827470792,1192.4252576455722,1167.6449488405724,1047.4314835945722,1211.8786685755722,1042.1734643755722,1231.4280639115723
247502,G06007301,medium,False,6496.856,0.7130643653791515,2932.334055669151,2865.0895257460684,2932.3403762491507,2875.5310966491506,2599.667100349151,3067.5975260491505,2678.198442049151,3203.1262528491507
247623,G06007313,high,False,6126.308000000001,0.8407500276235722,2716.79878917051,2679.4423166295605,2716.8211938505083,2662.7618658505075,2400.465838650508,2899.5865430505078,2529.3009926505083,3082.579680850508
24774,G06007306,medium,False,12584.185000000001,0.8407500276235722,6124.944110460003,5671.682327439437,6124.991052249999,6013.924164549999,5475.236093349999,5338.23884545,4577.771462049999,4551.857841949999
247811,G06007301,low,True,7390.289000000001,0.7130643653791515,2217.7761585891235,2243.797590310669,2217.802370293523,2175.719824396523,1971.5482972635234,1942.808550439523,1654.5742816905235,1667.974664023523
24789,G06007310,high,False,19932.817,0.7130643653791515,9968.707217608131,9036.271535935237,9968.676528888132,9794.217387388131,8947.275110088132,8100.992828288132,6905.518344788132,6233.742792388131
248031,G06007301,medium,False,666.6569999999999,0.7130643653791515,278.98802581999996,539.9089607700001,278.98888210999996,273.10637440999994,244.52529531000005,1281.58747361,1241.2468138099998,2284.21316291
248062,G06007316,high,False,7703.041000000001,0.7130643653791515,3585.9546433881337,3441.7819163552344,3585.9538672881317,3518.1149530881316,3188.7128140881323,3533.4049782881316,3068.4175747881322,3481.1151721881315
248101,G06007314,medium,False,5590.941000000001,0.7130643653791515,2452.769093398134,2445.0159838252434,2452.7782372881325,2403.8330532881314,2166.321315488132,2722.483656188132,2387.1953381881317,2992.3646463881314
248135,G06007329,low,True,5745.358,0.7130643653791515,1614.5677668255214,1648.3741324926636,1614.5868102135234,1582.565762035523,1427.3167267725235,1511.1283484655232,1291.9571432055232,1407.7789340475233
248141,G06007308,low,True,8987.431,0.8407500276235722,2615.0690295135014,2616.821678848603,2615.075474287499,2565.9507498974986,2327.3758457774993,2219.4560686394993,1882.6989425984998,1824.0725084684996
248228,G06007330,high,False,5758.468,0.7130643653791515,2748.8208700999962,2715.44624983,2748.85746833,2696.9498959299995,2445.05333863,2968.1555507299995,2612.55236483,3187.7300066299995
248311,G06007308,medium,False,6555.746999999999,0.8407500276235722,2965.404655159996,2900.4919255994278,2965.438581649999,2907.181450949999,2624.6583019499985,3077.237614149999,2678.3835183499987,3189.242724649999
248347,G06007306,low,True,3662.982,0.8407500276235722,951.1303842435194,998.7828911966911,951.1288251321201,931.0107157221203,833.33793504812,1049.66217185012,911.78419620212,1148.2632573651201
248377,G06007315,medium,False,10036.677,0.7130643653791515,4903.636732108134,4608.479647775241,4903.675358488132,4813.791728688131,4377.535902488133,4476.378257388132,3860.5347994881317,4049.456066988131
248390,G06007301,high,False,7142.367,0.7130643653791515,3418.246660299828,3302.553225443088,3418.2637209798304,3354.20746887983,3043.10547557983,3430.0405336798303,2990.9140991798304,3442.12121897983
248581,G06007325,high,False,11404.389,0.7130643653791515,5512.4909637,5135.473897179429,5512.54967265,5411.685240949998,4922.658609449999,4899.957969149999,4209.5875059499995,4287.709041649999
248629,G06007315,low,True,6795.941,0.7130643653791515,1945.1715614151217,1968.2874945266685,1945.178855353523,1907.659716094523,1725.6029724285231,1747.705031689523,1490.7023152785232,1550.368936924523
248837,G06007317,medium,False,453.936,0.7130643653791515,187.2211671200023,459.14703648000057,187.22165568000003,183.25879168,164.02473368,1222.5810168799999,1195.42937528,2257.95611328
248941,G06007302,high,False,7275.743,0.8407500276235722,3128.3749334462573,3037.6331381410446,3128.387913526265,3064.5975575262646,2755.068971526265,3145.4744634262647,2708.516497926265,3162.7771177262653
248950,G06007310,high,False,10491.105,0.7130643653791515,5084.24891682813,4760.155842395239,5084.274262288132,4991.368759188132,4540.476049988132,4605.617274088132,3969.125456188132,4127.299299188132
248962,G06007330,medium,False,3356.8559999999998,0.7130643653791515,1426.898722240002,1549.9679675700006,1426.9207019100002,1396.8920575099994,1251.2744004100002,2018.96655001,1813.38556051,2611.1162105099997
249038,G06007323,high,False,10788.018,0.7130643653791515,5210.128502228134,4867.254934415243,5210.157675088132,5115.136384288133,4654.061907388132,4695.6860018881325,4044.795189688132,4181.577858888131
249048,G06007324,medium,False,7387.471,0.7130643653791515,3418.6119598681316,3295.00376545524,3418.635556888132,3353.5425710881314,3037.7237459881317,3413.6544847881323,2967.8119692881323,3408.928331688132
24907,G06007310,medium,False,4182.013,0.7130643653791515,1792.4119349099994,1869.4407532699995,1792.42944316,1755.32213446,1575.2966338599997,2263.79200126,2009.64930766,2735.29824966
249131,G06007322,low,True,8670.291,0.7130643653791515,2577.9250598019235,2586.713989870668,2577.9395357655235,2529.839104876523,2296.485001432523,2200.519107697523,1871.088917692523,1823.259561532523
249166,G06007328,low,True,2204.749,0.8407500276235722,561.0337294029413,616.801245270181,561.0314411673413,549.2341829463413,491.8897709403413,801.0319948083413,720.0955976373414,1041.1195903203413
249268,G06007301,high,False,4087.0709999999995,0.7130643653791515,1695.5510475294873,1781.222633189303,1695.5583863294905,1659.74760132949,1485.9831727294904,2188.86781682949,1943.5676541294902,2682.30132252949
249417,G06007307,low,True,894.858,0.8407500276235722,235.77979223609944,303.2446805569998,235.78172927820003,230.80447526219993,206.6521975182,592.1934570012,558.0983487162,948.6284902512
249516,G06007312,medium,False,7429.834,0.7130643653791515,3426.0070647381326,3299.6644377652406,3426.019611288132,3360.8234675881317,3044.399507988132,3418.9396254881317,2972.258280388132,3412.121445588132
249694,G06007325,high,False,18159.73,0.8407500276235722,9089.15194416,8276.258847159426,9089.21617805,8928.640490549999,8149.61932575,7459.459059049999,6359.71076975,5830.313660949999
249746,G06007323,medium,False,10931.603000000003,0.7130643653791515,5357.673911918126,5004.9643814252395,5357.717103088133,5260.224869488133,4787.164275088133,4801.2986125881325,4133.491990388133,4245.238516688132
249791,G06007324,low,True,3674.604,0.7130643653791515,974.8996410314559,1023.0959249834186,974.8980747443579,954.574612298358,855.9207176303581,1069.9871488403578,930.7201977653581,1165.130316689358
249892,G06007327,high,False,14097.974999999999,0.7130643653791515,6983.895785848132,6427.132461375237,6983.937524088131,6859.306677388131,6254.407570388132,5965.022634088131,5111.091463788132,4946.631331888131
249927,G06007328,low,True,3600.58,0.8407500276235722,941.9285878316999,990.901916543,941.9312881439998,922.0205643389999,825.388510968,1044.114897387,907.705736436,1146.369596523
250034,G06007313,medium,False,17015.232,0.8407500276235722,8504.570841739995,7765.69989487943,8504.66250785,8353.79253055,7622.1752367499985,7041.128908349999,6008.280233449999,5578.175847449999
250088,G06007311,medium,False,991.6320000000001,0.7130643653791515,413.7602676400003,658.1056800999997,413.76166816,405.02912605999995,362.62081365999995,1367.8473316599998,1307.9856548599998,2321.97699406
250213,G06007326,low,True,2755.716,0.7130643653791515,766.0712095785015,822.7915709369967,766.0812122838,750.4395213168001,674.5358175318,940.9803211668,833.8270625418002,1115.9553156918
250418,G06007323,high,False,17026.631,0.7130643653791515,8717.146838508137,7970.531016975243,8717.248980288132,8563.599546688132,7818.113489088131,7205.414405588132,6153.037947488132,5694.202898688132
250538,G06007315,high,False,7497.976,0.7130643653791515,3477.618966378133,3346.8244897452373,3477.646632088132,3411.5732329881316,3090.9738956881324,3455.8779789881314,3003.275678288132,3434.398171288132
25055,G06007310,medium,False,8659.23,0.7130643653791515,4035.5136735581314,3830.0027019252398,4035.5308402881315,3960.124644588132,3594.251280088132,3855.106670188132,3338.6748414881317,3674.945200788132
250589,G06007326,low,True,3060.425,0.7130643653791515,808.1109053132794,861.3954731829101,808.1141218853793,791.0736168443791,708.3791954123793,959.2208909243793,842.4981437903793,1110.3775758713793
250663,G06007330,low,True,347.3839999999999,0.7130643653791515,90.30959894880041,161.22809992799964,90.30982005359999,88.39848674159998,79.1215742016,498.9002088216,485.8045253256,907.4981134896001
250814,G06007317,high,False,8192.954,0.7130643653791515,3860.768207718133,3684.707716745239,3860.7852690881323,3788.3317765881316,3436.6282551881313,3730.0792146881317,3233.6195021881317,3599.6407832881314
251089,G06007308,medium,False,9813.085000000001,0.8407500276235722,4684.757524289998,4409.51886638943,4684.794146849999,4597.839578749998,4175.8962892499985,4307.625936449999,3711.9746857499986,3930.805311949999
251198,G06007307,low,True,2797.5060000000003,0.8407500276235722,729.2895688197015,783.4185042389979,729.2919730193998,713.8638404604,638.9938423133999,907.8001698953999,802.1073380844,1086.3614767794
251432,G06007301,medium,False,3372.0249999999996,0.7130643653791515,1392.9439594500022,1515.5218695199962,1392.94720595,1363.4707875499998,1220.41500515,1993.9819964499998,1792.0376389500002,2595.12140375
251622,G06007315,high,False,8490.228000000001,0.7130643653791515,4016.1964211481213,3821.171090675237,4016.2087152881327,3941.1347224881315,3576.8221697881318,3841.313099188132,3327.078277188132,3666.6156359881315
251693,G06007312,high,False,9004.196,0.7130643653791515,4282.386355218132,4054.5236265852404,4282.417206688133,4202.888186388132,3817.0377078881324,4031.784845788132,3487.0750446881316,3781.462239988132
252032,G06007302,medium,False,13216.052,0.8407500276235722,6340.529809816261,5866.496018271053,6340.606866326266,6223.083182026265,5653.0950663262665,5444.148633126265,4639.502808426265,4548.156625426265
252087,G06007328,low,True,7582.896000000001,0.8407500276235722,2199.706635772799,2219.1202324056017,2199.7272059594993,2157.4872333944995,1952.6169127184992,1922.231808628499,1633.016592835499,1644.8891660744994
252146,G06007316,low,True,400.852,0.7130643653791515,104.19615811080106,174.7426085440007,104.19642926280001,101.9910993948,91.28743568280001,507.7821514548,492.67238441880005,911.3765610948001
252223,G06007311,medium,False,9199.818,0.7130643653791515,4403.240915628134,4162.79610525524,4403.282583688133,4321.705566288132,3926.0596495881314,4118.281574688132,3559.734186088132,3833.562999788132
252308,G06007316,medium,False,11956.328000000001,0.7130643653791515,5825.437828938129,5407.46834702524,5825.476238488132,5720.140469388132,5209.195589188132,5136.018930588132,4414.705425288132,4446.907468188132
252422,G06007314,medium,False,5767.885,0.7130643653791515,2591.999284588131,2572.5944067552437,2592.025641688132,2540.736582388132,2291.932876288132,2822.133712288132,2470.889671388132,3052.4296349881315
252537,G06007302,medium,False,10625.823,0.8407500276235722,4959.558233666268,4652.765608261049,4959.614444926265,4865.192702526265,4407.184825926265,4455.889232926265,3809.319183226265,3952.581412626265
252646,G06007308,medium,False,3356.047,0.8407500276235722,1388.5408033199963,1511.9513190100015,1388.5455730100002,1359.16884951,1216.61423951,1991.33226471,1790.09274411,2594.2224583099996
252661,G06007302,high,False,8788.193000000001,1.0497359105206039,3982.1378012978025,3789.900261492014,3982.1504126777922,3904.623351377794,3528.1482387777937,3764.569144177793,3233.157947877793,3547.3526127777927
25309,G06007325,high,False,15823.556,0.8407500276235722,7860.1411126,7197.510846879439,7860.19389085,7720.18838195,7040.797281049999,6579.960919649999,5620.870828349999,5300.307873049999
25376,G06007322,high,False,6411.357,0.7130643653791515,2873.1221837681283,2812.5185778552477,2873.124580688132,2817.168245488132,2545.576585788132,3023.290069088132,2639.8966919881323,3173.651468388132
253966,G06007317,low,True,5124.956,0.7130643653791515,1396.208979212122,1433.540447531667,1396.2112234674232,1367.8773971424228,1230.3644197434235,1355.0109086844232,1160.8963212834233,1313.900486396423
254007,G06007307,high,False,10205.736,0.8407500276235722,4929.51188477,4628.896777349428,4929.526011849999,4838.508623349999,4396.708794749999,4482.783603749998,3859.1327153499988,4036.344843249999
254151,G06007306,high,False,16013.718,0.8407500276235722,7928.0499646599965,7252.986709339421,7928.0907944499995,7786.98686535,7102.093186549999,6628.552488249999,5661.688803149999,5329.619840349998
254249,G06007308,high,False,13723.672,0.8407500276235722,6809.01835704,6281.45667183943,6809.077969249999,6686.627276749999,6092.450653449999,5827.780978649999,4988.978705749999,4846.998867449999
254385,G06007307,medium,False,9646.216,0.8407500276235722,4597.9451905800015,4333.676719179431,4597.987722449999,4512.453686349999,4097.563950449999,4245.509249649998,3659.796981749999,3893.3296650499988
254468,G06007330,medium,False,6388.6359999999995,0.7130643653791515,2883.4944996881277,2824.303716295229,2883.510626488132,2827.358597588132,2554.928071188132,3030.721426588132,2646.130028988132,3178.125241988132
254670,G06007327,low,True,9072.401,0.7130643653791515,2717.6649999081224,2723.66243410467,2717.6830477575227,2667.258937783523,2422.5652987755234,2300.514624661523,1955.083560592523,1883.5559867775235
254871,G06007324,high,False,13944.504,0.7130643653791515,6975.856587798131,6428.946040005243,6975.934547688132,6851.3743250881325,6247.130469588132,5959.290515588133,5106.255169088132,4943.160818588132
254897,G06007328,low,True,4256.352000000001,0.7130643653791515,1113.4668410708837,1157.8882647569098,1113.4725265877794,1089.945577834779,975.7903892117794,1154.1831652367794,993.0329551277794,1194.9745952117794
254974,G06007302,low,True,9105.922,0.8407500276235722,2632.052026633847,2644.9908694937326,2632.0894467375465,2580.820055494547,2332.2062177355465,2201.1537186915466,1850.1750287205468,1770.422702278547
254986,G06007330,low,True,5334.19,0.7130643653791515,1472.1345671244235,1508.5174893076678,1472.1442788075233,1442.5267515045232,1298.8229040285232,1409.200181824523,1206.330895561523,1346.3653843605232
255112,G06007322,medium,False,1331.5240000000001,0.7130643653791515,578.706743310002,805.5929199500004,578.71872812,566.58781782,507.77473011999996,1475.24609612,1392.21023762,2371.81776452
255173,G06007330,medium,False,4595.061000000001,0.7130643653791515,1982.4164322500033,2036.3564563999985,1982.4353853100001,1941.66038011,1743.8437147099999,2391.39216901,2112.1330099099996,2800.50331741
255202,G06007322,high,False,4706.276,0.7130643653791515,2039.1208537293219,2087.0882447524,2039.1466305493204,1997.2489598493203,1794.0543717493206,2429.21629164932,2142.35306724932,2819.43876444932
255557,G06007316,medium,False,4073.446,0.7130643653791515,1738.5301927289802,1821.30287650917,1738.5553273489809,1702.490424548981,1527.6626336489812,2228.215444548981,1981.4369895489813,2717.967924148981
255867,G06007323,high,False,22400.281000000003,0.7130643653791515,11465.61552224814,10373.686517515245,11465.718331888133,11266.145707488133,10297.890930488133,9172.20880418813,7805.29500728813,6879.540648088132
25597,G06007310,high,False,15692.430999999999,0.7130643653791515,7859.236888268133,7200.043112615238,7859.309501288131,7719.982272088131,7044.133044688131,6591.439364588132,5637.316280888132,5324.106931188132
256363,G06007327,medium,False,10027.378,0.7130643653791515,4865.734447068133,4571.47095707524,4865.775461688132,4776.4893324881305,4343.318254488133,4449.260544588133,3837.765294188132,4033.049301088132
25662,G06007316,high,False,8993.433,0.7130643653791515,4358.55568979813,4130.637871765242,4358.605859888132,4277.8070419881315,3885.7566892881327,4086.319420688132,3532.852116088132,3814.371517688132
256677,G06007302,low,True,8943.312999999998,0.8407500276235722,2534.555159700645,2543.930718315735,2534.578666783547,2484.9511122405465,2244.220570636547,2131.3803634035467,1791.571571605547,1728.351743341547
256766,G06007308,medium,False,13720.445,0.8407500276235722,6796.335497009999,6269.456701189432,6796.409710049999,6674.127120949999,6080.986776749999,5818.692763249998,4981.352548349999,4841.49912085
256846,G06007307,high,False,7064.686,0.8407500276235722,3221.0719495981384,3116.479623915238,3221.0675596181322,3159.526735218132,2860.893897018132,3276.536750818132,2855.0346516181326,3332.1208925181318
256880,G06007324,low,True,12482.021,0.7130643653791515,3900.108612996621,3883.3120820236677,3900.146819869523,3829.958790454523,3489.3827837745225,3146.694600064523,2665.907480398523,2393.555259994523
256997,G06007313,high,False,19946.783,0.8407500276235722,10067.375032429998,9138.729531589428,10067.446435049998,9890.557592649999,9032.199463449999,8159.491898749999,6947.75963305,6252.266924649999
257010,G06007308,high,False,12810.774,0.8407500276235722,6353.793463910001,5885.03857756943,6353.874758049998,6238.970067049998,5681.717377349999,5502.047602949999,4715.330006749999,4650.625788949998
257036,G06007325,high,False,8546.302,0.8407500276235722,4001.8808033399964,3808.541618699431,4001.907346449999,3926.3639703499994,3559.7973611499992,3818.9441016499986,3301.463935349999,3636.2767949499994
257156,G06007311,low,True,4598.826,0.7130643653791515,1227.2899631697464,1269.0529454577625,1227.2971661046438,1201.8504524976436,1078.396237704644,1235.375722662644,1061.092143591644,1243.5397695276438
257228,G06007324,high,False,4713.067000000001,0.7130643653791515,2028.8725673796605,2075.136564956197,2028.8824975496602,1987.36960274966,1785.8955829496601,2425.00952194966,2140.59668574966,2821.3068573496603
257238,G06007329,high,False,9023.595,0.7130643653791515,4329.522863868135,4100.466488935241,4329.577115488131,4249.223893588132,3859.5462451881317,4065.5173317881317,3515.401938888132,3801.7990743881314
257242,G06007312,medium,False,13774.880000000001,0.7130643653791515,6878.375774308133,6343.123622835241,6878.448208688133,6755.503860988132,6159.199624688132,5889.511366588133,5047.659516988131,4901.091763188131
25726,G06007315,medium,False,3561.575,0.7130643653791515,1473.4746923399998,1586.3384321299984,1473.4787098499996,1442.3067898499999,1291.0300558499998,2045.6737482499998,1832.1211934499997,2617.97517255
257517,G06007316,high,False,9641.301,0.7130643653791515,4588.891218948129,4320.051732755239,4588.911077288132,4504.270813088133,4093.5730812881316,4251.121062088132,3671.341416188132,3913.631113588132
257575,G06007310,high,False,6683.859,0.7130643653791515,3043.047927988136,2964.7754735352323,3043.059746488132,2984.239779888132,2698.864304388132,3144.9072241881317,2742.057231088132,3246.917574088132
257797,G06007302,high,False,2952.256,0.8407500276235722,1274.553657620002,1418.38749472,1274.5761740800003,1247.82873208,1118.1101554799998,1922.4247275799999,1739.30360818,2570.38498628
257904,G06007307,medium,False,5554.0509999999995,0.8407500276235722,2432.9550461998215,2432.321161372532,2432.969227059829,2383.6584994598293,2144.344974559829,2696.406295759829,2358.578563459829,2960.0212745598287
257932,G06007311,high,False,11172.171,0.7130643653791515,5492.871076128129,5124.603307835239,5492.914481088132,5393.170525988131,4909.145968688132,4898.045594588131,4214.763220888131,4303.559556488131
25799,G06007316,medium,False,6571.592000000001,0.7130643653791515,2977.2299614881326,2906.2581797552384,2977.2449486881324,2919.5316028881316,2639.498749388132,3097.795622488132,2702.477616688132,3218.5565318881318
258019,G06007315,medium,False,6015.344000000001,0.7130643653791515,2740.025693198639,2704.2858957453673,2740.054127388641,2686.3361835886412,2425.7043201886413,2928.694712188641,2560.757686488641,3117.552479888641
258034,G06007313,low,True,9689.191,0.8407500276235722,3008.028783533139,3020.6534828117815,3008.065901677841,2952.40663238284,2682.2914513548403,2501.8453545678412,2120.5291881618405,1995.8498412528406
258061,G06007301,medium,False,4382.224,0.8536704995961909,1872.5155519999987,1939.957289170001,1872.5334585100002,1833.6214739099998,1644.84489391,2313.19041441,2046.6857175100001,2753.98608691
258126,G06007307,medium,False,12354.787,0.8407500276235722,6020.492376110001,5581.518047869433,6020.534650649999,5911.251108749999,5381.011324649999,5263.495165749999,4514.967241449999,4506.862827449999
258283,G06007301,high,False,9860.133,0.7130643653791515,4721.048985248126,4437.8177211952425,4721.063346688132,4634.2499646881315,4212.810407188132,4345.685801188132,3750.776054888132,3970.675479988132
258311,G06007325,high,False,12217.198,0.8407500276235722,6101.116660230011,5670.400018049435,6101.181970449999,5990.53560855,5453.7464878499995,5321.230121349999,4563.435461549999,4541.67925685
258340,G06007302,medium,False,10454.157,0.8407500276235722,4834.142143466264,4538.649889421054,4834.185552726264,4741.843762126265,4294.0251502262645,4366.153046326264,3733.952052226265,3898.421810826265
258426,G06007302,high,False,12511.015,1.0497359105206039,5901.887172656264,5473.490338551049,5901.920678126265,5791.805605326265,5257.402384126264,5130.223106426264,4375.810139626265,4358.998187626265
258447,G06007310,high,False,3224.9210000000003,0.7130643653791515,1375.720191619995,1503.7776892300017,1375.7288772500003,1347.06864345,1207.9706070500004,1990.67769115,1794.3226817500001,2605.7348377499998
258453,G06007325,medium,False,13341.293000000001,0.8407500276235722,6526.079694510019,6024.229762409428,6526.141960649999,6408.341488449999,5837.138328149998,5625.29413625,4818.914534149999,4724.846642549999
258769,G06007316,high,False,8674.703000000001,0.7130643653791515,4087.250551028131,3880.6091731552406,4087.268994888132,4011.0131565881316,3640.982869588133,3892.144667488132,3369.7758749881323,3697.2893012881323
258844,G06007317,low,True,3385.85,0.7130643653791515,877.5693232235974,927.1216680320033,877.570307901,858.9854362950001,768.7818981990001,1002.295260192,874.959965364,1127.086978875
258872,G06007326,high,False,16689.392,0.7130643653791515,8337.89238875813,7614.627838185241,8337.963084288132,8190.652767088133,7475.989191288132,6933.944441688131,5925.048818188132,5530.558205588131
258990,G06007330,high,False,5141.339,0.7130643653791515,2268.332137519151,2287.059057876071,2268.357336109151,2222.809052409151,2001.8492979091507,2596.1031935091505,2284.161546909151,2924.046018309151
259102,G06007328,low,True,11009.307,0.7130643653791515,3388.827711219294,3384.985956316596,3388.8525581294984,3326.7844516094992,3025.4693719634997,2773.1905920164995,2347.8511911735,2157.8031395834996
259135,G06007325,low,True,7691.845,0.8407500276235722,2268.0584462718025,2289.7399855956032,2268.075181459499,2224.7227253474994,2014.2942082514992,1971.1491322934999,1674.0998322914993,1674.4092488204992
259313,G06007322,medium,False,7614.197,0.7130643653791515,3607.891924248134,3469.129950815242,3607.918264888132,3539.6779272881327,3208.484905988132,3549.1247050881325,3081.598889988132,3490.5944554881316
259579,G06007315,high,False,5829.933,0.7130643653791515,2606.0579002881336,2582.711632375244,2606.073883888132,2554.564775188132,2304.615464288132,2832.186283088132,2479.343224788132,3058.488829288132
259647,G06007316,high,False,3642.957,0.7130643653791515,1519.3360727400013,1626.9319223699995,1519.3400326699998,1487.4002613699997,1332.3518060699998,2078.32179797,1859.4488401699998,2637.4293843699998
259704,G06007302,low,True,13797.192,1.4172145412832236,4141.8949341207435,4110.925553686732,4141.901386933547,4065.4539428745466,3694.414554070547,3281.608181233547,2757.846639097547,2421.563061217547
259716,G06007317,medium,False,3965.0759999999996,0.7130643653791515,1653.583292569997,1745.7001846099965,1653.59351484,1618.66909424,1449.21374464,2162.02291344,1922.80301014,2670.57510194
259851,G06007316,high,False,3525.419,0.7130643653791515,1473.86214497,1588.513481700001,1473.8747079700001,1442.7531730700002,1291.7674605700004,2047.0876238699998,1833.93872977,2620.41599267
260152,G06007328,medium,False,5088.370000000001,0.7130643653791515,2163.743504429828,2193.1565622725325,2163.757795809829,2118.960363609829,1901.613421809829,2504.195181009829,2197.365579009829,2844.7898030098286
260155,G06007316,high,False,3620.549,0.7130643653791515,1505.6489197400012,1615.5021651300024,1505.65841367,1473.83105747,1319.4214706700002,2066.85278197,1848.8707455699998,2628.15564507
260211,G06007314,low,True,6400.916,0.7130643653791515,1844.236088426426,1874.0643624816655,1844.2662245835234,1808.385862996523,1634.5164141735236,1675.4839327395234,1430.0232779925232,1506.8226796455233
26030,G06007329,high,False,11034.469000000001,0.7130643653791515,5393.0802024581335,5034.44296974524,5393.146288488131,5294.9855357881315,4819.088793888133,4826.633524088133,4154.785077688132,4260.441355788133
260303,G06007302,low,True,5107.853,0.8407500276235722,1430.3271159001524,1475.6673767309892,1430.355888636452,1400.9618257354516,1258.4582412184516,1371.6247316854515,1170.4316898874517,1313.0027539864514
260334,G06007308,medium,False,8969.96,0.8407500276235722,4218.17325262001,3997.490347699432,4218.1988542499985,4139.043690649998,3754.9437484499986,3973.7286032499987,3431.4918799499983,3729.555903549999
26034,G06007330,low,True,4189.187,0.7130643653791515,1160.1526743009001,1207.5572229979996,1160.1680293791,1136.4840315170998,1021.5957002391,1198.3125129051,1036.1166516021,1236.5482221951
260466,G06007317,low,True,7093.832,0.7130643653791515,2058.781324344025,2081.0785609636673,2058.8002644435232,2019.372960709523,1828.100213848523,1829.0009847285232,1558.9889883135234,1599.3848078985234
260497,G06007322,high,False,10514.135999999999,0.7130643653791515,5063.2117250081355,4738.175645635247,5063.245648488133,4970.644005688131,4521.488337688132,4590.561526688132,3956.4902094881318,4118.166719088133
260507,G06007301,high,False,5769.441,0.7130643653791515,2534.8899862481308,2515.5624929752407,2534.8876092881324,2484.590123388132,2240.413457588132,2781.248865088132,2436.567097788132,3027.780683488132
260508,G06007316,medium,False,4024.156,0.7130643653791515,1683.2302528598273,1771.848298192529,1683.242656059829,1647.7820227598288,1475.769273659829,2182.683404859829,1939.8475130598288,2682.240992959829
260600,G06007324,low,True,10147.470000000001,0.7130643653791515,3054.477764613323,3049.4977888726658,3054.490832035524,2998.444902382523,2726.4478585605234,2541.5373673845233,2157.563789284523,2028.8077221405233
260973,G06007317,high,False,5431.710999999999,0.7130643653791515,2401.974841278129,2404.252856525241,2401.9925546881323,2353.8901223881317,2120.486024988132,2686.144821288132,2356.6568106881323,2970.473177988132
262229,G06007312,high,False,10886.355,0.7130643653791515,5257.14617925813,4908.034872305241,5257.176242288133,5161.349416688132,4696.475928388132,4729.344169088132,4073.073923288132,4201.819176988132
26231,G06007307,low,True,10467.08,0.8407500276235722,3159.2083825638006,3155.205975235603,3159.2306977874996,3100.971963883499,2818.304000536499,2608.847414080499,2209.8185569514994,2058.7257069404995
262310,G06007314,medium,False,11216.442,0.7130643653791515,5447.401757538135,5076.92383120524,5447.442668888132,5348.428404388131,4868.126600188132,4865.495657488133,4187.440244788132,4283.887762188131
262389,G06007328,low,True,1672.187,0.7130643653791515,436.4870716520995,498.410014312002,436.48919433630005,427.25654169029997,382.45831401329997,720.4792807533,657.2380240803001,1004.5021595523001
262445,G06007322,low,True,2508.139,0.7130643653791515,658.8313425098981,715.4925155979982,658.8359186031,644.9165789661,577.3883185791001,863.0927650281,767.7608970891,1067.3969617491
262874,G06007316,medium,False,10011.147,0.7130643653791515,4805.110948508129,4512.392636455241,4805.1432988881315,4716.870450088132,4288.641450588133,4405.857622588132,3801.322176288132,4006.8816764881317
262983,G06007323,high,False,14638.592999999999,0.7130643653791515,7374.84947244813,6782.858742395238,7374.916697288132,7243.730658488132,6607.1117466881315,6244.813625588133,5346.108921488132,5115.277542988132
263085,G06007306,medium,False,3622.825,0.8407500276235722,1511.4186886399996,1621.1150581699997,1511.4292083499997,1479.50092935,1324.59973705,2070.91149115,1852.23873555,2630.50381845
263088,G06007315,high,False,12629.475,0.7130643653791515,6378.266338918123,5915.59975482524,6378.353214288132,6263.771797488131,5707.971383488131,5531.681775788131,4747.014922788132,4685.454563888132
263221,G06007326,high,False,684.4159999999999,0.8407500276235722,282.38100008000015,542.511266239998,282.38170608,276.40513448,247.39698328000003,1283.45696248,1242.5079008799999,2284.55591888
263235,G06007317,low,True,3563.651,0.7130643653791515,935.0188521785974,984.5560574010013,935.0248555179002,915.2653327839,819.4049216829001,1039.9019970009,904.5746893749001,1144.8440904759
263432,G06007325,medium,False,13686.984,0.8407500276235722,6704.6532707399965,6179.83201451943,6704.702600849999,6584.013512649998,5998.306229749998,5753.062406749999,4926.225900449999,4801.991099949999
263448,G06007326,high,False,7415.6359999999995,0.7130643653791515,3414.5507351381298,3289.0933441652396,3414.5647004881316,3349.555838188132,3034.0639430881324,3410.745630488132,2965.3728833881323,3407.175488488132
263548,G06007330,low,True,13290.117999999999,0.7130643653791515,4145.682379109122,4120.150346322669,4145.727537181524,4071.4076254245233,3710.936779759523,3322.422463270523,2813.5391180625234,2499.4346062665236
263571,G06007312,medium,False,10296.041000000001,0.7130643653791515,5006.1831069581385,4695.104910785243,5006.233524888132,4914.584613788131,4470.068165988132,4549.751637988133,3922.1882807881316,4093.6273518881317
263629,G06007316,high,False,10942.487000000001,0.7130643653791515,5262.509663518133,4909.97362112524,5262.530602488132,5166.630828288131,4701.3150620881315,4733.161572288132,4076.2925804881324,4204.139033788131
263684,G06007325,high,False,4815.343,0.8407500276235722,2074.092980091188,2117.6565315171583,2074.115811611188,2031.2683590111878,1823.4153138111878,2447.8734780111877,2154.445000111188,2821.7925992111877
263700,G06007314,medium,False,2840.3550000000005,0.7130643653791515,1182.8304195900016,1332.5694263600033,1182.8354130500002,1157.84502895,1036.5745272500003,1860.28457255,1689.08844065,2537.81809785
263758,G06007301,high,False,2857.5510000000004,0.7130643653791515,1182.940398209999,1331.8490358999973,1182.9434803300003,1157.9197962299997,1036.48744473,1859.82261483,1688.4003343299999,2536.7827462299997
263763,G06007316,low,True,7477.714,0.7130643653791515,2216.482291761664,2238.53582545985,2216.511316384565,2174.467878367564,1970.5297543905644,1942.2775819545645,1654.3648486995648,1668.2364034335644
26379,G06007323,medium,False,4250.753000000001,0.7130643653791515,1784.2342713889798,1860.0558736691712,1784.2478811489814,1746.8462814489812,1565.4251670489812,2250.7009487489813,1994.590476248981,2717.276714348981
263877,G06007322,medium,False,5653.658,0.7130643653791515,2483.094683998133,2471.23536684524,2483.0985190881324,2433.6617807881316,2193.690307288132,2744.1829301881316,2405.424214688132,3005.4543025881317
26388,G06007313,high,False,3891.322,0.8407500276235722,1628.8646967100012,1724.78027061,1628.87733866,1594.48890736,1427.6690387600001,2146.54967806,1911.04627776,2664.33041486
263958,G06007317,high,False,6897.508,0.7130643653791515,3249.3923495891477,3155.585498236068,3249.4342495791507,3187.343556879151,2886.129364679151,3295.7217497791507,2870.482231279151,3342.2704764791506
263970,G06007306,high,False,4368.415,0.8407500276235722,1820.3790628594934,1891.1646101992985,1820.3884032494898,1782.0365539494896,1595.95367924949,2270.48523254949,2007.7918307494897,2720.7122411494897
264171,G06007302,medium,False,4210.597,1.0497359105206039,1743.539032329999,1823.1815303600029,1743.54537231,1706.6649365100002,1527.69638621,2218.60098521,1965.95372191,2693.78358921
264202,G06007327,medium,False,2488.181,0.7130643653791515,1028.9407878400011,1196.7572616299988,1028.94286663,1007.1788687299999,901.52864203,1761.18550413,1612.0472169299999,2493.5217250299997
264404,G06007329,low,True,11211.753999999999,0.7130643653791515,3441.248831832922,3431.058357856667,3441.2771474475235,3378.7556738385238,3075.396045994523,2818.3224142305226,2390.0670965025233,2195.632571632523
264488,G06007324,high,False,5530.897999999999,0.7130643653791515,2445.797535788644,2441.6677172353707,2445.8092962086407,2397.003257708641,2160.120639108641,2717.740721808641,2383.341953408641,2989.872950008641
264503,G06007317,low,True,4654.263,0.7130643653791515,1262.7014729678976,1304.8645782760004,1262.7106664318999,1236.7871416089004,1110.9892932369003,1262.5977366939,1085.0122549209,1262.5840856949
264630,G06007323,medium,False,13422.33,0.7130643653791515,6620.473006968126,6106.875448555242,6620.496956488132,6501.9999431881315,5926.528910688132,5704.935314088132,4892.599453288132,4789.956884488132
264848,G06007315,high,False,4962.864,0.7130643653791515,2139.5025774581313,2172.1398940252407,2139.518757888132,2095.7969811881317,1883.6855492881323,2498.314336988132,2198.871353488132,2857.2635265881318
265175,G06007302,medium,False,7837.559,0.8407500276235722,3493.0037771781335,3360.156613195811,3493.0145487281334,3423.9403069281325,3088.537598728133,3419.4500723281326,2946.005300728133,3346.211150028133
265510,G06007330,medium,False,7082.2649999999985,0.7130643653791515,3322.9305179581334,3218.499599845235,3322.960572288132,3259.4724753881324,2951.392226788132,3345.204406288132,2910.290911088132,3367.6935615881316
265523,G06007302,high,False,12524.868999999999,0.8407500276235722,5985.738145796259,5555.935320671048,5985.780436126265,5874.2371019262655,5332.993362726265,5190.266022726265,4426.238294726265,4395.1340362262645
265547,G06007310,high,False,3058.941,0.7130643653791515,1270.6307148899998,1409.226920620002,1270.63860243,1243.7724672299998,1113.43283753,1916.2664988299998,1732.2652095299998,2561.98473523
265733,G06007327,medium,False,3016.246,0.7130643653791515,1251.4843033999996,1392.3080972800021,1251.4890235799999,1225.02405238,1096.6173990800003,1903.9008364799997,1722.63310948,2556.39882978
265853,G06007324,high,False,10377.576000000001,0.7130643653791515,5023.442692788125,4706.800877955233,5023.475820888132,4931.551550788132,4485.577600388131,4562.108309388132,3932.580254788132,4101.035833988131
265870,G06007302,low,True,9178.805,0.8407500276235722,2648.812316866863,2660.134586942824,2648.8417102728677,2597.321658976868,2347.375437997868,2213.2371188808675,1860.3754174998676,1777.8502208388675
265874,G06007317,high,False,18632.742,0.7130643653791515,9322.366873928135,8474.139633915238,9322.436479688131,9158.678817988131,8364.215267788131,7638.432764488132,6516.871992288132,5955.131461388131
266019,G06007316,medium,False,5598.461,0.7130643653791515,2465.0963716281294,2456.8907860552426,2465.109411488132,2415.947345588132,2177.4371116881316,2731.3084019881317,2394.608157488132,2997.6735240881317
266043,G06007324,high,False,13446.269,0.7130643653791515,6644.303369828131,6129.986450415241,6644.357673888131,6525.355498688132,5948.010369488133,5722.004476388132,4906.947782888132,4800.136084888131
266081,G06007307,high,False,13696.956999999999,0.8407500276235722,6785.535053779999,6259.890234719435,6785.610751049998,6663.507894749999,6071.235640249999,5810.978737249999,4974.863732449999,4836.838184449999
266162,G06007329,medium,False,5615.54,0.7130643653791515,2623.4000752300067,2604.679546810001,2623.4192733600003,2572.8433303599995,2327.28755706,2865.0539486599996,2518.43508696,3106.9071632599994
266204,G06007308,low,True,9935.372,0.8407500276235722,2975.4388251440946,2974.826992010604,2975.4492488594988,2920.275097519499,2652.5039478524996,2477.3500373564993,2099.3550531644996,1979.4569814464992
26640,G06007307,high,False,10483.536,0.8407500276235722,5014.5433787199945,4696.159126959427,5014.566665049999,4922.137853449999,4473.4524554499985,4543.604598249999,3910.219935949999,4073.059444749999
266765,G06007301,high,False,9699.023,0.7130643653791515,4665.099339738135,4392.1853649652385,4665.134067688132,4579.2371895881315,4162.340392688131,4305.649333988131,3717.125992188132,3946.575952388132
266878,G06007316,high,False,1523.04,0.7130643653791515,629.8526652699989,847.0562421500003,629.854501,616.5289278,551.8586951,1505.837219,1414.5441865,2381.867468
266984,G06007326,low,True,2808.981,0.8407500276235722,736.344254148299,790.8007030280006,736.3465146009002,720.7896966669,645.2806398129001,912.6225964659002,806.0299622409,1088.9551159989
267069,G06007306,medium,False,4415.477000000001,0.8407500276235722,1922.6205977111895,1983.6903199771602,1922.629792051188,1883.4765376511878,1693.401878251188,2358.7956110511877,2090.4875203511883,2795.123791151188
267304,G06007313,medium,False,9787.362000000001,0.8407500276235722,4665.247358370004,4391.890213909434,4665.287372849999,4578.638442449998,4158.294056949999,4293.666584349999,3700.252726749999,3922.365177149999
267315,G06007310,high,False,2615.8269999999998,0.7130643653791515,1082.565472520005,1243.8327236500047,1082.5665718100001,1059.66892421,948.5348846100001,1795.5665511099999,1638.68058611,2508.64116411
267319,G06007330,high,False,16865.947,0.7130643653791515,8394.570826208126,7659.48732013524,8394.53926288813,8246.392329688131,7527.072595888132,6974.533014488132,5959.207938588132,5554.884221188132
267425,G06007301,low,True,9127.278,0.7130643653791515,2802.052385545222,2814.613411753666,2802.093435217523,2750.2290029265228,2498.6902823745227,2360.927714755523,2005.811867452523,1919.9630470755233
267719,G06007307,high,False,1303.3860000000002,0.8407500276235722,537.0803245500016,765.5366518300038,537.0814083800002,525.7109437800001,470.52351598000007,1446.32893688,1368.42457018,2355.6198331799997
267791,G06007329,high,False,11370.746,0.7130643653791515,5573.144898738128,5192.358831485244,5573.187271288132,5472.0916351881315,4981.572295588132,4955.483546488133,4263.023940588132,4338.158217588132
267864,G06007302,high,False,10726.035,0.8407500276235722,4976.299460376259,4662.686063251052,4976.310877526265,4881.6937120262655,4422.309387526265,4467.8668741262645,3819.3959763262646,3959.813728926265
267990,G06007330,medium,False,8614.035,0.7130643653791515,4098.462334728127,3895.6440722552366,4098.493493088132,4022.0368681881323,3651.095903488132,3900.174249688132,3376.5106379881317,3702.141468488132
268003,G06007310,medium,False,6468.848,0.7130643653791515,2941.8228167881302,2877.4334978952434,2941.847091288132,2884.7145053881322,2607.553299888132,3072.460929888132,2681.187603488132,3203.295814488132
26804,G06007316,low,True,3333.5170000000003,0.7130643653791515,866.2832712260989,916.4602469959997,866.2844593053,847.9484136962998,758.9544781833,995.2519211192999,869.6240236263,1124.2856147703
268073,G06007322,low,True,8716.486,0.7130643653791515,2594.8412435598234,2603.3407570696677,2594.8566231135233,2546.4728359905234,2311.736416912523,2212.6255176285235,1881.2577880755234,1830.5556448935233
268205,G06007312,medium,False,4985.436,0.7130643653791515,2132.057940568135,2163.320217955243,2132.062454088132,2088.4813265881317,1876.9736122881322,2492.9797352881315,2194.399273888132,2854.047675488132
268321,G06007330,high,False,10210.748,0.7130643653791515,4947.470309978129,4641.329409825234,4947.4997754881315,4856.883237688131,4417.0807515881315,4507.738436188132,3886.8931026881323,4068.329590888132
268441,G06007316,high,False,4438.409000000001,0.7130643653791515,1910.3304940200035,1973.9561487799992,1910.3485958400004,1870.8201045399999,1679.0360406400002,2340.47150914,2069.72173024,2770.73045224
26876,G06007326,high,False,8476.569,0.7130643653791515,4020.304207618635,3825.2319542653686,4020.3260900286414,3945.2989517286414,3581.001123328642,3845.452205628641,3331.210035628641,3670.923667728641
27009,G06007327,high,False,4297.583,0.7130643653791515,1801.7919699888078,1875.6096960022724,1801.805594178811,1763.9692926788105,1580.4244118788108,2260.795710678811,2001.6790014788107,2719.914361478811
2704,G06007301,low,True,3556.124,0.7130643653791515,943.1217038816999,993.3528535770001,943.1272794888001,923.2915969997999,827.0320196627999,1046.6292512388,910.7448316518002,1150.1992512078
270416,G06007307,high,False,2527.284,0.8407500276235722,1053.9116416299994,1219.6748293299988,1053.91992772,1031.65727452,923.6346213200001,1777.83528342,1625.3397787200001,2501.84138452
270483,G06007310,medium,False,6391.293,0.7130643653791515,2913.2691631881335,2853.788926615244,2913.2945990881317,2856.6321285881318,2581.770891688132,3052.0332885881317,2664.026836888132,3190.9719398881316
270500,G06007315,high,False,2875.8050000000003,0.7130643653791515,1195.2563665700013,1343.206247519998,1195.2623445499999,1169.99672965,1047.40233945,1868.0649992499998,1695.0001989500001,2540.95463545
270578,G06007330,high,False,13845.585,0.7130643653791515,6868.536790978129,6328.468019805241,6868.598297888131,6745.821468388131,6150.300927088132,5882.486971788132,5041.761190588131,4896.808874088132
27063,G06007322,high,False,7856.755,0.7130643653791515,3667.295300278131,3513.2783584652398,3667.3215558881325,3598.082136388132,3262.099557188132,3591.617229588132,3117.303942988132,3516.1992519881314
270651,G06007328,low,True,799.0079999999999,0.8407500276235722,207.67089651840203,275.45166527200007,207.6714248112,203.27598537120002,181.94230923120003,573.9704334552,543.8548957512,940.2868547952
27074,G06007301,medium,False,5850.9349999999995,0.7130643653791515,2759.920940060002,2721.4473669600065,2759.94381692,2707.72106052,2454.12945352,2973.3882889199995,2615.4244528199997,3187.1013416199994
27089,G06007315,medium,False,3423.835,0.7130643653791515,1424.221052380003,1544.1233638700019,1424.22893125,1394.12583135,1248.0738274500002,2014.7462167499998,1808.56459695,2605.3617311499997
27094,G06007314,low,True,4211.232,0.7130643653791515,1116.8090232004527,1161.6883815895899,1116.817382008951,1093.4760693709509,980.2597554469511,1160.802725755951,1000.969556980951,1204.862802937951
271163,G06007326,high,False,13472.147,0.7130643653791515,6572.016413908123,6056.315008655249,6572.047839688132,6454.200939988132,5882.651340488132,5670.2875773881315,4863.548453088131,4768.787008388132
271365,G06007310,low,True,633.048,0.7130643653791515,164.41110141119964,233.33201904600008,164.41152174720003,160.93080400320002,144.03841536420006,546.2893297182001,522.4434027042,928.1800426722001
271434,G06007327,medium,False,4163.642,0.7130643653791515,1781.5630593899996,1859.0741102399988,1781.5779402099997,1744.76429311,1566.14338371,2257.85463241,2005.6948864100002,2734.2845758099998
271565,G06007310,medium,False,364.789,0.7130643653791515,150.46164206000094,426.9491396300004,150.46202606999998,147.27727617,131.81982646999998,1199.06871487,1177.2483486699998,2247.68794527
271568,G06007326,high,False,13919.801,0.7130643653791515,6855.166780808131,6310.299057455242,6855.196887288132,6732.708207588132,6138.2522665881315,5872.892408288131,5033.718714588133,4891.066237088132
271612,G06007313,medium,False,6151.332,0.8407500276235722,2742.3768284000043,2703.7139999394344,2742.4131054499994,2687.863615449999,2423.4260783499994,2917.635033549999,2544.3131974499993,3093.0314940499993
272027,G06007323,medium,False,3960.334,0.8407500276235722,1645.2616235994933,1737.6594085898691,1645.2699590894908,1610.4953909894907,1441.7687562894907,2156.246721289491,1918.0546753894907,2667.341405289491
272082,G06007313,medium,False,6957.155,0.8407500276235722,3147.630882430005,3057.0719956894304,3147.6553636499993,3086.3609079499993,2789.065934349999,3207.628942049999,2787.933867949999,3267.817693849999
272095,G06007313,high,False,22647.208,0.8407500276235722,11328.690780050005,10226.753048249442,11328.67977665,11130.74420635,10170.11179635,9062.104704649999,7706.10185225,6796.025571249999
27210,G06007302,medium,False,14161.517,0.8407500276235722,6880.666883286253,6345.364915981047,6880.726469326265,6754.249773526264,6140.459782026263,5830.6664048262655,4964.196974126265,4781.184339326264
272116,G06007301,low,True,1477.924,0.7130643653791515,397.3320614403013,461.81141335699994,397.33979929559996,388.9794307266,348.4491201576,696.2976925806,639.0754193676,995.2879632036
272240,G06007326,medium,False,10945.989,0.8407500276235722,5291.819665058132,4938.535239865239,5291.845177288133,5195.491055488132,4727.781115688133,4754.135845288132,4093.8894070881315,4216.855642188132
272339,G06007328,medium,False,9178.053,0.8407500276235722,4331.509440080003,4097.579130299433,4331.54153205,4250.468004849999,3857.1860544499987,4054.8374076499986,3499.631349649999,3778.409944949999
272364,G06007327,low,True,8114.360000000001,0.7130643653791515,2410.5939669366185,2425.6598903076674,2410.6123837455234,2365.316345818523,2145.5162882295235,2080.7736718455235,1770.4862979525233,1751.122838230523
273202,G06007327,high,False,5631.132,0.7130643653791515,2549.273976129156,2536.6619019360724,2549.3066322991517,2499.009379299151,2255.0326500991514,2796.324893899151,2451.884861599151,3043.556618399151
273313,G06007324,high,False,12783.398000000001,0.7130643653791515,6266.8958179781275,5795.396291745243,6266.939412288131,6154.242591688131,5607.5024219881325,5451.930540788131,4680.078795888132,4637.335651888132
273383,G06007308,medium,False,11778.876,0.8407500276235722,5753.467259029991,5351.244740949435,5753.521520649999,5648.696821249999,5140.097624949998,5072.422023249999,4354.433962049999,4391.7319656499985
273409,G06007315,low,True,7280.3369999999995,0.7130643653791515,2123.0118989844236,2143.834446939668,2123.0264664555234,2082.535673014523,1886.053859101523,1874.9741446395233,1597.6062568215234,1627.0865004765233
273471,G06007307,medium,False,5482.862000000001,0.8407500276235722,2353.228390440001,2357.578960099428,2353.2336882499994,2305.243825149999,2072.3483212499987,2639.141572749999,2310.375544049999,2925.214206549999
273582,G06007323,medium,False,3799.2760000000003,0.7130643653791515,1581.415697060001,1682.089293919998,1581.42458588,1548.0043770799998,1385.85423638,2115.47392318,1886.56589438,2649.63452398
273654,G06007307,high,False,12123.832,0.8407500276235722,5890.641781259998,5466.034193879426,5890.684651249999,5783.611987549998,5263.87980215,5170.5666425499985,4436.880966449999,4450.9337317499985
273738,G06007310,low,True,2324.709,0.7130643653791515,606.3127023995974,663.7138937870008,606.3147431901,593.4896317790999,531.2503169001001,829.1287487181002,741.2667926061001,1051.9876232871002
273945,G06007324,medium,False,11978.386,0.7130643653791515,5843.050528538133,5423.418208045243,5843.087137288132,5737.504770788133,5225.113801788131,5148.598998688132,4425.262429588132,4454.588247588132
274028,G06007314,high,False,5600.714,0.7130643653791515,2498.3748057181306,2489.831305685236,2498.3949248881318,2448.6800295881317,2207.4683526881317,2755.127910988132,2414.606376688132,3012.0534984881315
274034,G06007315,low,True,3723.3759999999997,0.7130643653791515,970.1809282494016,1017.9159862479991,970.1839874663999,949.6576029654,850.0469051214002,1061.9087964834,921.2907231534001,1153.7051957394
274049,G06007330,medium,False,6538.1990000000005,0.7130643653791515,3012.642824288126,2943.501855415239,3012.6728536881324,2954.3521012881324,2671.4425715881325,3123.158236488132,2723.765136788132,3233.844251688132
274223,G06007310,high,False,483.841,0.7130643653791515,199.62118078000216,470.0161559100001,199.62174163,195.39658093000003,174.88997562999998,1230.51767363,1201.56971703,2261.4301728299997
274349,G06007316,high,False,7518.787,0.7130643653791515,3470.736012348137,3338.7557261952365,3470.7524960881324,3404.7899438881323,3084.748084288132,3450.955051288132,2999.154874388132,3431.387794188132
274355,G06007311,medium,False,9885.253999999999,0.7130643653791515,4781.110242758134,4496.220641105243,4781.152655688133,4693.276688988133,4266.980132288132,4388.693202888132,3786.8886873881315,3996.553717488132
274430,G06007325,medium,False,4266.2660000000005,0.8407500276235722,1785.945830739488,1862.5773283598705,1785.9605180994913,1748.269296699491,1565.427472099491,2247.439374999491,1989.321865999491,2709.0442505994906
274526,G06007307,low,True,14475.339,0.8407500276235722,4522.268261000699,4488.823875654595,4522.320763285499,4441.251677908499,4048.0930524194996,3584.2835798264996,3029.2252234634993,2646.5956154474998
274546,G06007328,low,True,5809.307,0.8407500276235722,1607.6081293464185,1641.1246845626922,1607.6227880730203,1575.3069487200198,1418.5453555290203,1498.87409668802,1277.5758809550202,1390.2598180080201
274758,G06007301,medium,False,4519.796,0.7130643653791515,1925.2042369900023,1983.2321576400009,1925.2127585100002,1885.52697421,1692.9063913100003,2352.3951156099997,2080.4794990100004,2779.74019401
274786,G06007316,low,True,4149.364,0.7130643653791515,1082.4769926053991,1126.9512076410006,1082.4783318656998,1059.6446608167,948.8058864417,1134.8267948247,978.3626049777001,1187.2617148257
27486,G06007325,high,False,14949.68,0.8407500276235722,7345.319133690001,6739.223847689432,7345.347871449999,7213.957438849999,6576.294927749998,6211.538106849999,5311.397314649998,5078.231281449999
274914,G06007316,high,False,4634.864,0.7130643653791515,1949.915265868136,2003.7912283152382,1949.921743488132,1909.3792200881317,1712.637193688132,2362.6354525881316,2084.901529188132,2775.493267388132
274920,G06007313,medium,False,10259.859,0.8407500276235722,4951.244010140006,4647.556564619432,4951.3118820499985,4859.828729349999,4416.299560449999,4498.339318349998,3872.180903749999,4045.6921271499996
27495,G06007328,medium,False,9199.644,0.8407500276235722,4322.271433259995,4086.615477399427,4322.2807942499985,4241.391790649998,3848.802298249999,4048.2276365499984,3494.090885649999,3774.4073037499993
274959,G06007327,medium,False,6987.312,0.7130643653791515,3144.530233598643,3046.1861278653705,3144.5285506286414,3084.103147428641,2790.5557650286414,3217.821060228641,2803.485747328641,3291.4182407286407
275005,G06007316,high,False,13418.761999999999,0.7130643653791515,6648.338038848135,6135.591140635233,6648.402707888132,6529.323500788132,5951.6534895881305,5724.904140288132,4909.3701832881325,4801.886851688132
275016,G06007314,low,True,6323.119000000001,0.7130643653791515,1814.4124665963254,1844.1310778486652,1814.4293293275232,1779.090111910523,1607.6305143915233,1654.1383884705233,1412.0882568675233,1493.9964773265233
275134,G06007328,medium,False,18467.343,0.8407500276235722,9231.168217629998,8398.410120269427,9231.244825849999,9068.31061275,8277.782471149998,7561.0673649499995,6445.053439249999,5891.624661749998
275166,G06007328,high,False,13967.216,0.7130643653791515,6950.157242630003,6406.997322189436,6950.231196249999,6825.380597749999,6219.774743149998,5928.798085049999,5073.835726449998,4907.833387049999
275240,G06007313,high,False,8615.629,0.8407500276235722,4097.4068215800025,3899.1778876394287,4097.4415626499995,4020.294666949999,3645.9674968499994,3887.3292356499996,3358.895980049999,3677.4830124499986
275342,G06007313,high,False,17798.881999999998,0.8407500276235722,8955.050651399999,8164.868824759435,8955.12151885,8796.79650915,8028.637205249999,7363.517564049998,6279.091426149998,5772.514665049999
275639,G06007323,high,False,9999.07,0.7130643653791515,4791.451932228134,4499.539216835241,4791.479505088131,4703.440197488131,4276.319686388131,4396.081899988132,3793.113652988132,4000.9860292881317
275729,G06007311,medium,False,9942.432,0.7130643653791515,4806.920510588141,4518.291854515241,4806.962456488132,4718.665853588131,4290.278653888132,4407.159771588133,3802.398471188132,4007.702340688132
275961,G06007315,high,False,8786.656,0.7130643653791515,4145.445712508126,3931.690598915238,4145.470732288133,4068.225950988132,3693.4848123881325,3933.791392388132,3404.7611693881317,3722.3769396881316
276017,G06007315,low,True,10507.369999999999,0.7130643653791515,3234.7653387198247,3233.3320887316663,3234.7958579295228,3175.715818288523,2889.0992894325223,2670.572013187523,2265.9441971265232,2106.574062505523
276038,G06007315,medium,False,5744.616,0.7130643653791515,2551.837699178132,2534.0734014252403,2551.8490988881326,2501.244095188132,2255.696886088132,2793.3874229881317,2446.755329088132,3035.0876290881315
276044,G06007313,high,False,12352.007000000001,0.8407500276235722,5933.1705684499975,5494.706190029436,5933.199047649999,5825.407343849998,5302.238362549999,5200.962375249999,4462.452881549999,4469.224097449998
276225,G06007327,medium,False,4664.863,0.7130643653791515,2013.2059677299935,2062.7986857000005,2013.2183647900001,1971.9118385900001,1771.4453620900003,2412.9018439899996,2129.9100320899997,2812.7399940899995
276873,G06007330,high,False,24211.385000000002,0.7130643653791515,12426.275577078133,11216.533863585235,12426.40140248813,12210.772647588132,11164.605619688133,9859.71483578813,8382.797660788132,7293.881064588131
276891,G06007316,medium,False,1201.607,0.7130643653791515,520.3847798800015,753.943951230002,520.3950398100001,509.47818121,456.55412071,1437.5798934099998,1362.85935101,2354.8010873099997
277267,G06007310,medium,False,1887.4470000000001,0.7130643653791515,804.3293163700014,1002.3096787,804.3362849500002,787.4864643499999,705.67123775,1620.21255355,1504.72282985,2436.17938195
277269,G06007313,high,False,19412.18,0.8407500276235722,9891.89222904,8997.783155179432,9892.045720249998,9717.937470649998,8873.836422049997,8033.956917349999,6842.257439449999,6176.560340949998
277372,G06007316,medium,False,2857.876,0.7130643653791515,1279.469418910002,1424.354286039995,1279.4951954700002,1253.3412511699999,1126.5000794700002,1937.4266217699999,1758.35016197,2595.46193087
277482,G06007311,high,False,9046.812,0.7130643653791515,4363.359179258132,4132.44238438524,4363.412250888132,4282.511331488131,3890.079149488132,4089.741377388132,3535.740352888132,3816.4170062881317
27817,G06007314,medium,False,8969.224,0.7130643653791515,4333.801886438132,4107.905064425242,4333.849828288134,4253.440383188132,3863.398062488133,4068.594464888132,3517.9818223881325,3803.651221388132
27840,G06007328,medium,False,6635.171,0.7130643653791515,3047.3742842010165,2974.5181328302597,3047.4116695710177,2988.164828371018,2700.7299979710174,3142.009283371018,2736.224967571018,3236.8779043710183
278551,G06007324,low,True,15563.187999999998,0.7130643653791515,4847.782291926926,4797.692316938666,4847.808488725523,4761.8168212365235,4344.426213112523,3824.8286793795232,3235.597973329524,2802.277765087523
278937,G06007316,high,False,4917.110000000001,0.7130643653791515,2118.1706904381317,2153.763423225238,2118.1879408881323,2074.8193760881322,1864.435726788132,2483.049423888132,2186.047943988132,2848.0614705881317
278943,G06007330,high,False,726.984,0.7130643653791515,307.06089727999876,564.9965905200006,307.06278132000006,300.59526562,269.20535552,1299.78507572,1255.47321872,2292.53614842
27899,G06007306,low,True,7338.936,0.8407500276235722,2096.9314901891985,2115.846279525601,2096.9369729594996,2056.443633184499,1859.9042707245,1848.6804185625,1571.2340213414996,1600.5713371484994
279090,G06007328,low,True,8554.143,0.8407500276235722,2537.8601866631952,2550.8513449855964,2537.8844402834998,2489.997185455499,2257.7103554354994,2164.2258229814997,1836.2991575234996,1790.7388789784995
27924,G06007306,low,True,9186.178,0.8407500276235722,2691.4548028844592,2692.9671767594273,2691.4447458353584,2641.046547950358,2396.417006024358,2274.5632409933582,1929.2614146203582,1857.787216988358
279451,G06007315,high,False,9979.609,0.7130643653791515,4844.651477218131,4553.367020085241,4844.681746288134,4755.787520688131,4324.320868788132,4434.160057988132,3825.079873988132,4023.9995775881316
279487,G06007327,low,True,4098.921,0.7130643653791515,1139.938994873701,1183.3763451019975,1139.9414904800997,1117.3451100650998,1007.5730361290999,1196.0690452311,1041.1199711120998,1252.3192619271
279511,G06007328,medium,False,11330.929,0.7130643653791515,5466.092357509999,5093.10753162943,5466.119476849999,5366.146089849998,4880.84057075,4866.731832149999,4181.66688285,4267.812361649999
27955,G06007310,high,False,6120.9169999999995,0.7130643653791515,2744.794518308126,2702.8439631552437,2744.8117220881322,2690.972792488132,2429.7862498881323,2931.468442088132,2562.750593788132,3118.3032077881317
279772,G06007313,low,True,6325.614,0.8407500276235722,1802.6485931788943,1834.2424704117707,1802.656168632792,1767.0909627817923,1594.5028860157922,1638.4548247057924,1394.8246523467924,1474.3484180617925
280154,G06007324,low,True,2792.691,0.7130643653791515,804.7565982603012,862.2757735689978,804.7665009468,788.6922504677998,710.6602926528001,972.2300008728,862.0776237828001,1139.7680457378
280177,G06007311,high,False,6735.014000000001,0.7130643653791515,3097.13455260813,3015.394643815242,3097.163011288132,3037.4267225881317,2747.671411888132,3183.6203125881316,2774.561102188132,3270.2697918881317
280197,G06007314,low,True,4873.456,0.7130643653791515,1301.3354422959253,1339.6281808106642,1301.3357174295231,1274.582148895523,1144.7239975845232,1286.967407566523,1103.6565251685233,1272.6957045495233
280297,G06007326,medium,False,13133.36,0.7130643653791515,6474.751323298129,5980.554930425238,6474.801369688132,6358.640861788132,5795.032864988132,5600.667549388132,4805.018878488132,4727.016553988132
280306,G06007322,low,True,7797.394,0.7130643653791515,2291.6856938019223,2307.9073741886696,2291.699316493523,2248.3899842595233,2038.2389514195233,1995.6837488715232,1699.009707613523,1699.8252760965233
280850,G06007324,low,True,12368.29,0.7130643653791515,3829.6732908030235,3810.656311003667,3829.7102662275233,3760.6779496995227,3425.825834164523,3096.280335919523,2623.571744116523,2363.138856340523
281036,G06007310,high,False,7281.313,0.7130643653791515,3362.793377118131,3245.8976640652386,3362.815456088132,3298.662194488132,2987.365081888132,3373.713318388132,2934.255457988132,3384.861796188132
281048,G06007302,low,True,8215.89,1.0497359105206039,2300.2597194111886,2316.3052358819155,2300.2709674248886,2254.6096291008885,2032.9622343558883,1963.9722490698887,1651.0908462708885,1627.8740510208881
281161,G06007316,low,True,6424.2880000000005,0.7130643653791515,1827.771558699328,1854.5048924886673,1827.7790208855233,1792.220724055523,1619.6825864445234,1663.6991156325234,1420.1288674245232,1499.7354054375232
28128,G06007307,low,True,16173.974,0.8407500276235722,5012.035637162396,4955.982149061601,5012.047298443499,4922.875072930498,4489.982626531499,3934.758394978499,3323.6604511094993,2857.8295395375
281295,G06007306,low,True,7286.578,0.8407500276235722,2124.3217802814,2148.4063959115992,2124.339878713499,2083.3831081664994,1884.6151788554992,1868.2881511124992,1587.6911071334994,1612.4132047244993
281451,G06007311,medium,False,9245.238,0.7130643653791515,4396.3145984381335,4152.721129585234,4396.331660488133,4314.936190888133,3919.8283615881323,4113.304594088132,3555.559338188132,3830.6207243881317
281497,G06007311,medium,False,5851.299000000001,0.7130643653791515,2588.9294538181352,2564.3911347452454,2588.9383736881323,2537.7187473881318,2289.167506388132,2819.922096888132,2469.049987288132,3051.086442488132
281529,G06007301,high,False,6512.784,0.7130643653791515,2996.435375459662,2928.215505245629,2996.454880149659,2938.528490949659,2657.3538149496594,3113.0682907496584,2716.148796049659,3229.934254149659
281624,G06007315,high,False,13271.414999999999,0.7130643653791515,6629.873593038132,6126.415980205244,6629.937721888131,6511.1587020881325,5934.943567388131,5711.702200488131,4898.281747688132,4793.910960588131
281684,G06007325,high,False,3189.9629999999997,0.8407500276235722,1329.0163782199982,1460.8154694100008,1329.0209330900002,1300.95077099,1164.70062779,1953.94126309,1761.60473269,2578.96833389
281708,G06007315,high,False,19919.205,0.7130643653791515,10164.62950267813,9232.922485525241,10164.761200888133,9986.828471488132,9124.059064988132,8241.227892688132,7023.210916488131,6318.374205088132
281783,G06007329,low,True,9180.974,0.7130643653791515,2721.549499589426,2723.2894717316694,2721.552961609523,2671.073036092522,2426.070713401523,2303.2895006115227,1957.429957792523,1885.2032143245233
281965,G06007314,high,False,11098.443,0.7130643653791515,5426.478889328135,5063.5247700952405,5426.537323488132,5327.863795888132,4849.244231688133,4850.515623888132,4174.8427451881325,4274.9068400881315
282035,G06007316,high,False,10453.196,0.7130643653791515,5033.140285618136,4711.9142255652405,5033.173098888132,4941.095033988131,4494.379116288132,4569.035813888131,3938.400725588132,4105.233297288132
282443,G06007317,low,True,3092.79,0.7130643653791515,814.9852330326006,868.0126700840005,814.992683841,797.784731919,714.3023612970001,963.298199649,845.4474856470001,1111.668520092
28249,G06007315,medium,False,5938.32,0.7130643653791515,2642.346863448133,2612.214154975246,2642.3614722881316,2590.2380535881325,2337.357849488132,2858.151410788132,2501.162448588132,3074.1205389881316
282545,G06007307,high,False,12347.756000000001,0.8407500276235722,5984.391931240003,5546.301140339434,5984.4278070499995,5875.728517449998,5348.437622749998,5237.658206149999,4493.280722449999,4491.2411708499985
282843,G06007308,low,True,10100.495,0.8407500276235722,3019.9435637741985,3016.7430348716007,3019.9405273694993,2964.032028373499,2692.6432288875,2509.2061712534996,2126.1250015094997,1998.6235234214992
282845,G06007308,medium,False,4578.974,0.8407500276235722,1930.1674408600024,1989.7267194494293,1930.1825771599993,1889.6548770599993,1693.0451398599994,2343.383737959999,2065.8386859599987,2756.724050159999
282894,G06007316,high,False,9031.63,0.7130643653791515,4322.318036268134,4092.147845055241,4322.335846888132,4242.166499788133,3853.0431448881322,4060.379772488132,3511.091911088132,3798.687460688132
283099,G06007328,medium,False,11379.383,0.8407500276235722,5518.500811219994,5142.35150173943,5518.54468685,5417.655774649999,4928.119744849999,4904.260542549999,4213.182170549999,4290.389241349999
283151,G06007316,high,False,10330.178,0.7130643653791515,5043.352433278134,4729.527051665238,5043.398901688131,4951.149699288131,4503.587652588132,4576.365833088132,3944.533935988132,4109.676905588131
283186,G06007316,high,False,15065.189,0.7130643653791515,7511.0686660581305,6892.180096845237,7511.102740488133,7377.647008588132,6730.013406588132,6342.286482388134,5428.032542988132,5173.933481488132
283220,G06007326,high,False,8380.542000000001,0.7130643653791515,3905.393045458128,3717.7535939652357,3905.425401488132,3832.1729692881313,3476.8383616881324,3761.993339288132,3260.443286188132,3618.8371303881318
283229,G06007329,high,False,4042.259,0.7130643653791515,1676.527014080504,1764.6665460295555,1676.5344083005082,1641.098477400508,1469.1508920005078,2176.212008200508,1933.473295300508,2676.012120300508
283287,G06007317,low,True,8848.033,0.7130643653791515,2688.1785654936184,2700.7301180196687,2688.204897559523,2638.2587279505233,2395.9492649115236,2279.4356670975235,1937.3644659195234,1870.8357484425233
283300,G06007310,medium,False,10790.083999999999,0.7130643653791515,5254.354344198135,4910.932039965241,5254.396468488132,5158.634149588132,4693.967209488132,4727.352053788132,4071.374752888132,4200.683219288132
283310,G06007301,low,True,2466.718,0.7130643653791515,664.9315507800006,723.5811248259977,664.9427401596002,650.9700576666002,583.1995547826001,868.3589748126001,772.6807126506001,1071.8318436936001
283495,G06007326,medium,False,8689.175,0.7130643653791515,4125.437264928127,3917.5767640952395,4125.463846488132,4048.5817851881316,3675.4377851881313,3919.469938688132,3392.716170788132,3713.8052498881316
283594,G06007317,low,True,4672.363,0.7130643653791515,1243.9969096518435,1284.9205301837596,1244.0021067171438,1218.202675325144,1093.006085723144,1245.9799671141436,1069.2428331981437,1248.0523726191439
283615,G06007311,medium,False,17052.984,0.7130643653791515,8596.350073648142,7849.555570755245,8596.449297888132,8444.770750288131,7709.1554791881335,7118.92238228813,6080.423838888133,5642.020074688132
283640,G06007327,high,False,17201.999000000003,0.7130643653791515,8680.248646788126,7923.3408403352405,8680.340659088131,8527.28467198813,7784.869219488131,7178.98574298813,6130.866997488132,5678.215446688132
283671,G06007329,medium,False,4072.7470000000003,0.7130643653791515,1726.0915666800006,1809.9891796099994,1726.09876403,1690.14712023,1515.65927813,2216.8823764299996,1970.56174063,2707.80297673
283681,G06007325,high,False,2942.7169999999996,0.8407500276235722,1220.102386519999,1364.6293587899997,1220.10688591,1194.30549341,1069.0995981100002,1883.74824821,1706.99693061,2547.47733631
283777,G06007315,high,False,20136.034,0.7130643653791515,10292.768022068127,9347.048115875228,10292.89297888813,10112.833558088132,9239.677022188132,8332.926781588132,7100.245777788132,6373.643555188131
283934,G06007313,medium,False,1929.812,0.8407500276235722,799.7459668100014,996.1330791899977,799.7495383600001,782.8344036599999,700.7569602599999,1614.67089266,1498.80324376,2429.65115526
284107,G06007317,low,True,2717.0480000000002,0.7130643653791515,708.558245362802,763.2816608899979,708.5614659731999,693.5704520472,620.8333150571999,894.5525560782,791.8718921742,1080.5946950202
284140,G06007316,low,True,3838.401,0.7130643653791515,995.2922016701995,1041.7193916569995,995.2931949849001,974.2172531679,871.9224875108999,1077.6058433769,933.2023291149001,1159.9945531179
284233,G06007323,low,True,11892.204000000002,0.7130643653791515,3664.2715654722247,3648.1987231516696,3664.2920770815226,3598.0576333935232,3276.605262223524,2977.9127774775234,2524.1403844665233,2291.818265782523
284267,G06007312,high,False,4021.0560000000005,0.7130643653791515,1713.8821938900005,1800.6639888200014,1713.8893497099998,1678.1908250099996,1504.92365401,2208.97218341,1964.3757296099998,2704.1801106099997
284314,G06007322,low,True,7137.816,0.7130643653791515,2060.2877952246176,2080.6742318636625,2060.2959964575234,2020.8535158345235,1829.4643956885234,1830.0891769875234,1559.9068676325232,1600.0157828235233
28433,G06007314,low,True,8020.799,0.7130643653791515,2355.3354260571236,2368.6678461566676,2355.345805735523,2310.972930496523,2095.6608887685234,2041.2276899085232,1737.2756139075232,1727.2664433255231
284500,G06007302,low,True,2839.2470000000003,0.8407500276235722,755.2261090391779,810.5247512949082,755.2305951494795,739.3313301944793,662.1219970214793,925.5750197444795,816.5905642484795,1095.9964728644793
284596,G06007314,medium,False,12207.503,0.7130643653791515,5996.053060558139,5561.630189185238,5996.112757688134,5887.9211214881325,5363.135888788132,5258.113984188132,4517.249620188132,4520.544427488132
284656,G06007313,medium,False,3780.3679999999995,0.8407500276235722,1561.4523545200009,1663.1097182999986,1561.45509344,1528.4141563399999,1368.0514162400002,2101.7762283399998,1875.39583574,2642.2107040399997
285057,G06007316,low,True,5809.635,0.7130643653791515,1614.547937751921,1645.4333600986665,1614.5504089395233,1582.5613076205232,1427.3122487955231,1511.106252601523,1291.9467168945234,1407.777387964523
285093,G06007311,low,True,432.012,0.7130643653791515,112.2834656916012,182.61233306400095,112.2837304428,109.9072341108,98.37251093880002,512.9544144108,496.67152941480003,913.6345103268001
285135,G06007302,high,False,11216.543,1.0497359105206039,5215.3198376462615,4870.302730761044,5215.340314926265,5116.708437326264,4637.957165726265,4638.908225126264,3963.082535226265,4062.8847410262647
28514,G06007310,low,True,2548.547,0.7130643653791515,703.3859111726991,762.6446362989984,703.4003566506,688.7719541555999,617.8406398416,895.7304452045998,795.5867465706001,1088.1169445256
285178,G06007310,high,False,21154.521,0.7130643653791515,11050.75992093814,10037.732425085247,11050.890194088131,10858.21803398813,9923.548125888132,8875.42470038813,7555.924856788131,6700.649799388133
285182,G06007312,low,True,3191.244,0.7130643653791515,832.2688345671,883.7515519490014,832.2732315576001,814.6637699255999,729.2264893326,973.7210060346,853.1143567176001,1115.2295266236001
285295,G06007327,low,True,3443.356,0.7130643653791515,944.1991250559005,995.1407183479987,944.2044572751,924.9094678130998,831.2348412081001,1056.7903576341,924.5603605880999,1169.4584234121
28574,G06007327,high,False,4512.586000000001,0.7130643653791515,1969.3051685200003,2023.506686849998,1969.31318797,1929.4743687700002,1736.0665957699998,2393.7777605700003,2120.76458167,2818.41347767
28575,G06007326,medium,False,7766.146,0.7130643653791515,3613.6808662081353,3465.4498998352396,3613.681732488132,3545.362749688132,3213.703003988132,3553.252575888132,3085.094055488132,3493.044973388132
28577,G06007312,high,False,16388.595999999998,0.7130643653791515,8252.699895638138,7547.260588925241,8252.731277288132,8106.95137718813,7399.11421088813,6873.022363788132,5873.849597688131,5493.879807088131
286840,G06007325,high,False,10007.711000000001,0.8407500276235722,4772.957475700006,4485.42607273943,4772.9920696499985,4684.55209375,4255.478929749999,4370.743605549999,3765.005757949999,3968.816244049999
28716,G06007317,medium,False,5139.541,0.7130643653791515,2225.0296260781347,2246.32730898524,2225.0403316881316,2179.893730888132,1960.849185388132,2559.5179357881316,2250.2915015881317,2894.139675688132
287193,G06007316,medium,False,11829.062,0.7130643653791515,5755.00185670813,5345.055877295239,5755.030014688131,5650.90118308813,5145.657341388132,5085.610121088132,4372.358169288133,4416.553469488132
287258,G06007329,medium,False,10907.026,0.7130643653791515,5313.211908838131,4962.48463808524,5313.250242088132,5216.500269688131,4747.062718588131,4769.463478188132,4106.761871488132,4226.051636588132
287347,G06007316,medium,False,754.1959999999999,0.7130643653791515,311.1496876400019,567.7093548800003,311.15049708000004,304.56486148,272.60100908000004,1301.8578034799998,1256.7362166799999,2292.5911470799997
287384,G06007301,low,True,4720.074999999999,0.7130643653791515,1262.2603339132302,1302.873458370498,1262.26592605783,1236.1854784408304,1109.6274394348304,1259.47724154583,1080.8235283708302,1256.7869542768303
287420,G06007315,high,False,16422.798000000003,0.7130643653791515,8285.629430228135,7578.845024275244,8285.706682488131,8139.269626988133,7428.832358988133,6896.588830788132,5893.642533988132,5508.033092788131
287430,G06007322,high,False,5084.102,0.7130643653791515,2276.01592228,2296.006620669995,2276.0269046099997,2230.66786961,2010.4508472100003,2606.49538311,2295.63922301,2937.1413625099995
287666,G06007307,high,False,7045.886,0.8407500276235722,3250.531556171186,3152.5218064565947,3250.547957061187,3187.715877461187,2882.6439711611865,3283.411673061187,2852.775435561187,3316.5386862611867
287667,G06007313,low,True,5609.693,0.8407500276235722,1520.3428363493983,1552.805628415601,1520.349494750099,1489.5310673690994,1339.9293449240993,1436.7577668050994,1225.5798865070994,1353.2964093590995
287668,G06007311,high,False,13466.61,0.7130643653791515,6766.183172718134,6249.7928297252365,6766.265569488132,6645.197682488131,6057.954911788132,5809.271937788131,4980.219103888132,4852.725356688132
287756,G06007312,high,False,8120.065999999999,0.7130643653791515,3768.418838878128,3597.676714105242,3768.424324688132,3697.5100143881314,3353.330837188132,3663.974351288132,3178.110556388132,3559.775203088132
287822,G06007330,high,False,8180.455,0.7130643653791515,3834.5830396981314,3659.867580365242,3834.609491888132,3762.5571497881315,3413.014368788132,3711.3339379881318,3217.8812491881317,3588.3139759881315
287950,G06007324,high,False,4238.655,0.7130643653791515,1851.4800083700022,1921.4274103499997,1851.4942281400001,1813.88362264,1631.3581903400002,2314.09875884,2056.43313244,2776.8651294399997
288011,G06007324,high,False,8440.216,0.7130643653791515,3989.061472158133,3797.5524748452403,3989.0936332881315,3914.450668688131,3552.384129988132,3821.8877359881317,3310.748896288131,3654.9355441881316
288031,G06007301,low,True,411.448,0.7130643653791515,106.98192141840131,177.45789684000076,106.98221535120001,104.71805003520001,93.72886729920002,509.5665286032,494.0537326752,912.1597681992
288139,G06007330,high,False,3011.303,0.7130643653791515,1245.7842179499992,1386.8267677800004,1245.7884656899998,1219.43189919,1091.53184629,1899.9760788899996,1719.4217585899999,2554.2554985899997
28817,G06007314,high,False,8308.08,0.7130643653791515,4001.5843031581358,3817.5510887852483,4001.6075756881323,3926.815496388132,3563.674141488132,3830.869386288132,3318.268769388132,3660.415366488132
288239,G06007302,low,True,331.65299999999996,0.8407500276235722,86.18552792010011,157.20961023599966,86.1857520237,84.3615039267,75.5074727127,496.25949343170004,483.76078930470004,906.3403883637001
288353,G06007316,low,True,6156.273,0.7130643653791515,1748.874405737424,1778.9202973536674,1748.8868718435233,1714.6430139435229,1548.5026033815232,1607.238826537523,1372.694512855523,1465.718812036523
288464,G06007327,low,True,4263.294,0.7130643653791515,1115.2641603662998,1155.2284132829993,1115.2600703874002,1092.2641694873998,980.5436485614,1164.5349920364001,1006.8371069574001,1213.9234690434
288537,G06007313,high,False,10413.969000000001,0.8407500276235722,5002.376498940001,4688.203554599428,5002.3731822499985,4910.157958049999,4462.433123449999,4534.929394849999,3902.948178249999,4067.7459570499987
288598,G06007317,high,False,17274.919,0.7130643653791515,8618.924246078133,7857.8653565452405,8618.965429488131,8467.00939478813,7729.561492388131,7135.050058588133,6094.004971988132,5651.758185188131
288622,G06007322,high,False,5682.299999999999,0.7130643653791515,2510.715654838135,2497.0698910252345,2510.7290448881317,2460.805124088132,2218.596853988132,2763.9564106881317,2422.033062988132,3017.348676788132
288681,G06007310,high,False,18428.447,0.7130643653791515,9350.928936928136,8515.072749715237,9351.030114088131,9186.748418688132,8389.957926088131,7658.936600788131,6534.055801688131,5967.453780188131
288749,G06007324,high,False,17719.934,0.7130643653791515,8992.17372685813,8201.901121505241,8992.28350908813,8834.01341788813,8066.302074388132,7402.187844388132,6318.358629488132,5812.796425088132
28895,G06007308,medium,False,7288.341,0.8407500276235722,3342.2879707799993,3229.8464752994264,3342.3024716499995,3277.797266649999,2964.689272749999,3346.9343299499997,2904.9491619499986,3351.809158449999
288959,G06007310,high,False,5125.476,0.7130643653791515,2209.2056625281366,2231.4557843552407,2209.2119088881323,2164.3379899881315,1946.5738810881317,2548.187744688132,2240.777484088132,2887.317942488132
288993,G06007315,low,True,4500.423999999999,0.7130643653791515,1212.169162238145,1253.0567961207591,1212.1666627635436,1187.4330236655437,1067.3791490745436,1232.2221665205439,1062.7627217925437,1252.3415433945438
289237,G06007313,medium,False,6294.134,0.8407500276235722,2808.6431110500007,2760.5702579494287,2808.6677720499993,2753.0499878499986,2483.2328791499995,2965.049478349999,2584.142290349999,3121.644368949999
289565,G06007325,low,True,4437.646,0.8407500276235722,1160.5224662948608,1203.1796648684233,1160.5258488026577,1136.071518125658,1017.398143949658,1185.384103064658,1017.8559165326581,1210.327367384658
289634,G06007301,low,True,964.947,0.7130643653791515,250.61348152890102,317.222544394001,250.6140913563,245.3087393253,219.5596146933,601.4251607223,565.0766388273,952.2566180223
290028,G06007327,low,True,4803.933,0.7130643653791515,1364.3028443392918,1407.6542287731681,1364.3167189615929,1337.0972114995927,1205.0177339275926,1342.1802961585927,1155.7240282585929,1320.1518848395926
290143,G06007301,high,False,6164.155,0.7130643653791515,2825.5048385296614,2778.732799326199,2825.52236992966,2770.5873459296604,2503.9134266296605,2993.02962512966,2616.5911466296598,3160.7722622296596
290366,G06007314,high,False,3012.026,0.7130643653791515,1243.6785341299947,1384.6843111100015,1243.68084458,1217.3618119799999,1089.6254247800002,1898.44537018,1718.12420728,2553.30298048
290435,G06007301,high,False,10329.29,0.7130643653791515,4946.682158518133,4633.219514545241,4946.705615888131,4856.113503288132,4416.389348288132,4507.1499496881315,3886.409261188132,4067.9923037881317
290513,G06007314,medium,False,3240.044,0.7130643653791515,1386.3222790599998,1513.2349755500004,1386.33297683,1357.51674973,1217.66226143,1998.6218813299997,1801.19499803,2611.0286226299995
290532,G06007308,high,False,8740.458,0.8407500276235722,4110.628741530003,3904.5638118694283,4110.671653449999,4033.2721104499988,3657.844503549999,3896.7768679499986,3366.8418307499996,3683.1501996499987
290548,G06007327,medium,False,4771.794,0.7130643653791515,2029.2900762781303,2073.785704105243,2029.2980016881322,1987.5022171881317,1784.707717888132,2420.783592288132,2134.505966388132,2812.4064679881317
290673,G06007316,low,True,4704.582,0.7130643653791515,1275.0768803365927,1316.7880345641713,1275.0852757417929,1248.907030200793,1121.873025123793,1270.624135269793,1091.290967409793,1266.265379562793
290990,G06007316,medium,False,3392.91,0.7130643653791515,1418.1046547299989,1539.5874948899996,1418.1162953,1388.1688116999999,1242.8886907,2011.337544,1806.2434355,2604.6674184999997
291180,G06007308,medium,False,453.936,0.8407500276235722,187.2211671200023,459.14703648000057,187.22165568000003,183.25879168,164.02473368,1222.5810168799999,1195.42937528,2257.95611328
291250,G06007316,high,False,6131.7699999999995,0.7130643653791515,2760.030872828133,2717.2126872952385,2760.0464652881324,2705.9633456881324,2443.540091788132,2942.377301288132,2571.909428688132,3124.8865179881323
291290,G06007316,medium,False,4280.742,0.7130643653791515,1775.6228969384683,1850.960779579614,1775.630609398473,1738.1880339984727,1556.509138498473,2241.183136698473,1984.715501698473,2706.8697134984727
291462,G06007311,medium,False,5082.849,0.7130643653791515,2178.7584471981263,2203.80651684525,2178.7647706881316,2134.399596688132,1919.1024082881322,2526.394403488132,2222.471364288132,2874.1878414881317
29157,G06007302,high,False,8535.662,1.0497359105206039,3820.2094109762693,3647.8141231310465,3820.216025126266,3744.903357926264,3379.2547206262643,3640.5631534262648,3124.413236526265,3461.1907697262645
291582,G06007312,high,False,5580.4490000000005,0.7130643653791515,2476.5589803781318,2469.29681190524,2476.579227488132,2427.223208588132,2187.781744688132,2739.5212896881317,2401.495617688132,3002.632185288132
291585,G06007324,medium,False,13600.105,0.7130643653791515,6679.749570298136,6155.633029085238,6679.7836694881335,6560.23897128813,5979.9942924881325,5747.332809988133,4928.241069788131,4815.457014288132
291620,G06007316,high,False,8971.704,0.7130643653791515,4245.142916428133,4019.5204120352414,4245.168119688133,4166.264100488132,3783.4332573881325,4005.125089988132,3464.687752388132,3765.389109388132
291710,G06007302,high,False,13463.543,1.0497359105206039,6443.175780396263,5952.909027391049,6443.220965126266,6324.057215526264,5745.740480726265,5517.594479126265,4701.208311726265,4592.461574926265
291886,G06007323,medium,False,3793.456,0.7130643653791515,1629.4084753000025,1725.3984049000012,1629.4151698600003,1595.8894775600002,1433.1386806599999,2161.40641336,1931.6680131599996,2693.5359488599997
291891,G06007312,low,True,1097.842,0.7130643653791515,294.5662910568018,361.2413684460005,294.5673160038001,288.37743886979996,258.31329454980005,630.2549067618,587.8183214658001,965.9754457008
291934,G06007314,low,True,6376.717000000001,0.7130643653791515,1805.0373479994196,1831.3673145776704,1805.041485631523,1769.872403872523,1599.1758073545234,1647.4267320435233,1406.459778025523,1489.9376180955232
291941,G06007330,high,False,4799.953,0.7130643653791515,2048.0860133786414,2091.17744785594,2048.096358768642,2005.9223756686422,1801.2579906686422,2433.0292851686418,2144.110398168642,2818.124389568642
291980,G06007314,high,False,14589.468999999997,0.7130643653791515,7315.7771282281265,6727.566279395232,7315.863054088131,7185.602556388132,6553.807077888132,6202.535188488133,5310.600566388133,5089.748145188132
291985,G06007328,low,True,2823.46,0.8407500276235722,732.0493399022978,785.5807957970011,732.050529714,716.5480220640001,641.306994237,909.260335713,803.047459188,1086.527165217
292128,G06007301,high,False,10614.044,0.7130643653791515,5153.195215158132,4821.377138005242,5153.246452888132,5059.151113488133,4602.694927888133,4654.954177588132,4010.558612488132,4157.044398088132
292165,G06007324,medium,False,7874.026,0.7130643653791515,3709.5473376581317,3554.5042459052415,3709.574834888132,3639.6234538881313,3300.2162839881316,3621.8546487881317,3142.707906688132,3534.4193139881318
292179,G06007301,low,True,9443.229,0.7130643653791515,2869.8632504754273,2876.0045148416684,2869.8916520535236,2816.918149681523,2559.8830571925223,2409.428467111523,2046.5701481835235,1949.217295210523
292267,G06007313,low,True,3722.89,0.8407500276235722,971.9310051612027,1019.8623214780029,971.9359688429998,951.3785998709999,851.6283878340001,1063.171486659,922.3552964730001,1154.4805272390001
292461,G06007317,medium,False,3572.004,0.7130643653791515,1487.0496457400013,1599.0735483494316,1487.059553139999,1455.667974239999,1303.387446539999,2055.7397535399987,1840.7691513399989,2624.515586839999
292548,G06007302,medium,False,4638.11,0.8407500276235722,2007.312345238809,2056.9646480128363,2007.3268221488124,1966.345056248812,1767.3590278488118,2412.2243940488115,2131.3284005488117,2817.333270948812
29256,G06007306,medium,False,9662.655999999999,0.8407500276235722,4682.535378979996,4416.702512319429,4682.592979849999,4595.648322749999,4173.882070349999,4306.059938949999,3710.638062449999,3929.8618206499987
292616,G06007301,high,False,9278.547,0.7130643653791515,4412.391522428137,4166.90364809524,4412.415783888133,4330.711998288132,3934.3176934881317,4124.820954788132,3565.239637888132,3837.503208488132
292638,G06007325,medium,False,3303.593,0.8407500276235722,1363.713503809999,1489.8493498000012,1363.71922199,1334.8510131900002,1194.7770420900004,1975.20675469,1777.47155059,2586.79998219
292677,G06007316,high,False,2048.9660000000003,0.7130643653791515,870.2146478000006,1060.47304084,870.22675458,851.9089131800001,763.0494717800002,1661.3642374800002,1535.9229358799998,2452.59368778
292683,G06007325,high,False,6055.152,0.8407500276235722,2669.275945799998,2636.6328783594295,2669.2885924499997,2616.0111778499995,2357.495530949999,2865.3175922499986,2500.369426149999,3061.523689749999
292747,G06007315,high,False,11404.076000000001,0.7130643653791515,5596.566513578129,5213.700826185237,5596.612526288132,5495.115537988131,5002.7008639881315,4972.245455588132,4277.105263488133,4348.253093288132
292830,G06007307,low,True,7640.697,0.8407500276235722,2214.2505483126056,2232.6791426796,2214.2701984094992,2171.783528869499,1965.7378674674997,1932.6438973154995,1641.7644002534994,1651.1504862794995
293019,G06007308,high,False,15604.775000000001,0.8407500276235722,7786.287017929995,7138.0448882494275,7786.377484249999,7647.507236649998,6974.102303049999,6527.128810149999,5576.482807849999,5268.393910849999
293041,G06007306,low,True,3903.126,0.8407500276235722,1032.2254825973998,1080.3424285360004,1032.2348816934,1010.4548526323999,904.8001604543999,1102.7656362414,953.6123654994001,1173.3711574884
293060,G06007314,low,True,11439.938,0.7130643653791515,3534.0651182454235,3523.6177729656642,3534.086219635523,3470.0263158255234,3159.128098972523,2884.754830756523,2445.873092545523,2235.6596233965233
293086,G06007301,low,True,2871.009,0.7130643653791515,752.0118751782002,806.0161032489987,752.0150631861001,736.1206657371001,658.9953148401001,922.6114702041,813.7329435381,1093.2591826581001
293091,G06007326,medium,False,5090.686,0.7130643653791515,2214.444289158138,2238.8610496052383,2214.4648832881317,2169.487325488132,1951.3015833881323,2551.9420609881317,2243.919413488132,2889.5915803881317
293252,G06007316,medium,False,11411.063999999998,0.7130643653791515,5562.502351528128,5179.392688555239,5562.545058488133,5461.603019888131,4971.968816288132,4947.871955088132,4256.638425488132,4333.522749888132
293273,G06007316,medium,False,12305.789999999999,0.7130643653791515,6089.831509348129,5648.617389115241,6089.906227088131,5980.122801488131,5447.727131588132,5325.258050988132,4573.633951988132,4560.980424288132
293278,G06007302,high,False,6087.066,0.8407500276235722,2617.4301481188145,2594.742508382832,2617.452838538812,2563.333193638812,2300.731383338812,2799.202951338812,2428.4938199388116,2981.149156238812
293408,G06007312,high,False,17524.315,0.7130643653791515,8829.38570284813,8052.18134673524,8829.48782888813,8673.91879968813,7919.416565288131,7285.683804288132,6220.509414388132,5742.533179588132
293426,G06007326,medium,False,10441.692,0.7130643653791515,5070.215736178132,4749.500251645242,5070.258923088133,4977.575635088133,4527.840720888133,4595.560924688132,3960.6675937881323,4121.284447388132
2935,G06007315,low,True,10310.369999999999,0.7130643653791515,3139.6587691632208,3136.6584594836672,3139.677504235524,3082.1993654055236,2803.293316963523,2602.505201962523,2208.7743349995235,2065.5446217735234
293647,G06007316,medium,False,4027.545,0.7130643653791515,1658.9395467499996,1748.0143855000006,1658.9444945500002,1623.8171498499999,1453.34175845,2163.78954505,1923.13666895,2668.7695609499997
293679,G06007310,low,True,4632.2029999999995,0.7130643653791515,1255.1944312592975,1296.7643587779996,1255.2011638677002,1229.5084968116998,1104.8087832956999,1258.9283593767,1082.8915257117,1262.7619069497
293728,G06007310,medium,False,10727.94,0.7130643653791515,5147.484089468133,4808.654041355239,5147.504066488133,5053.536622788131,4597.548221888132,4650.849053388132,4007.1397373881314,4154.5463076881315
293849,G06007317,medium,False,3889.264,0.7130643653791515,1613.6396006394912,1709.5081940698658,1613.6462154894912,1579.5562338894908,1414.1319390894912,2136.214659689491,1902.6887233894909,2658.9017847894906
29446,G06007306,high,False,5740.883,0.8407500276235722,2488.715934859986,2476.4299062594305,2488.7231150499993,2438.468655849999,2194.5912197499993,2736.098631749999,2391.823764749999,2983.649532149999
295018,G06007317,high,False,6575.937,0.7130643653791515,3015.7108457581335,2944.3092023452414,3015.740164488132,2957.3640530881316,2674.210598488132,3125.346248188132,2725.6089741881315,3235.1590085881317
295062,G06007306,high,False,9515.369999999999,0.8407500276235722,4526.192320289996,4270.60711532943,4526.24086105,4441.890757849999,4032.819537049999,4194.150217049999,3616.6570420499993,3862.3805339499986
295130,G06007324,medium,False,6859.534000000001,0.7130643653791515,3267.8551165498316,3173.9278152731004,3267.87809369983,3205.80652489983,2904.42471169983,3313.74673539983,2888.32395549983,3359.86187689983
295224,G06007316,high,False,3720.462,0.7130643653791515,1537.5713314999975,1642.3144199199999,1537.5741656599998,1505.0410438600002,1347.1512165600002,2086.5638912599998,1863.67253566,2635.6629982599998
295227,G06007316,medium,False,11123.586,0.7130643653791515,5478.398706628133,5113.182591975241,5478.442863888131,5378.94026998813,4896.095666688132,4887.697250888132,4206.065949888132,4297.318240188131
295391,G06007326,low,True,11093.065,0.7130643653791515,3432.5757195270253,3426.536858923669,3432.6147356475235,3370.226135086523,3067.561588888523,2812.1280438105227,2384.8512585885233,2191.9012037895236
295415,G06007314,low,True,7434.28,0.7130643653791515,2154.6819072186227,2172.1250435396673,2154.6846043935234,2113.6800679395233,1914.630767965523,1897.633937263523,1616.6504575845233,1640.7362208405232
295534,G06007312,high,False,5157.438,0.7130643653791515,2275.820253188641,2295.8845473753713,2275.849004948641,2229.829441148641,2006.6786861486412,2595.898919348641,2280.8536583486407,2916.100271448641
295672,G06007330,high,False,5333.77,0.7130643653791515,2318.895023778133,2327.7163691852434,2318.905139888132,2272.191672788132,2045.536147088132,2626.6850889881316,2306.717945688132,2934.622007988132
295773,G06007314,medium,False,8830.187,0.7130643653791515,4200.807215468134,3983.994398435249,4200.8353602881325,4122.680150788132,3743.4343741881326,3973.408903288132,3438.032264788132,3746.290252188132
295825,G06007326,medium,False,4984.742,0.7130643653791515,2149.5043642381315,2180.72073438524,2149.5169480881323,2105.6372700881316,1892.7118115881322,2505.4680930881323,2204.8825607881317,2861.583594988132
295859,G06007326,medium,False,10166.007999999998,0.7130643653791515,4941.958938078134,4638.864871125248,4942.009460488132,4851.439579788132,4412.111661288132,4503.807286988132,3883.5816132881323,4065.933617088132
295970,G06007314,low,True,8888.644,0.7130643653791515,2685.7581199206247,2696.208369403665,2685.781907857524,2635.8892967535235,2393.7727867125236,2277.693596389523,1935.9013974525233,1869.8082169935233
296078,G06007306,high,False,21032.6,0.8407500276235722,10659.008289169999,9660.357037609423,10659.106673449998,10472.296886649998,9565.994527649998,8582.884044249999,7303.416215449998,6507.434252549998
296129,G06007322,medium,False,8342.896999999999,0.7130643653791515,3916.308616578131,3730.87382842524,3916.323079088132,3842.9514883881316,3486.759224488132,3769.8036512881313,3266.997789288132,3623.608326888132
296220,G06007315,medium,False,4849.995000000001,0.7130643653791515,2182.978002959999,2213.1760749899986,2182.98807761,2139.87299491,1930.5208564099999,2551.56446281,2256.05086561,2920.3346291099997
296336,G06007314,medium,False,9126.717999999999,0.7130643653791515,4377.7914894281275,4142.104485215241,4377.824238088131,4296.697309488132,3903.1201011881317,4100.060481088131,3544.431130888132,3822.6105781881315
296381,G06007323,medium,False,3720.327,0.7130643653791515,1562.534904839998,1666.6717327000008,1562.5498728,1529.6652406,1370.1381695,2105.7937006,1880.5852733,2649.1674871
296507,G06007313,low,True,8267.44,0.8407500276235722,2487.486647268642,2507.0786584967864,2487.5100012930407,2440.5247860720406,2212.474866072041,2128.7999602350405,1806.873930495041,1770.2894920890406
296571,G06007326,low,True,6949.671,0.8407500276235722,2036.8419766620232,2062.923245911669,2036.8620403035231,1997.799399406523,1808.3086559925232,1813.3217002755232,1545.8085098415231,1589.9190535515231
296686,G06007330,high,False,7063.535,0.7130643653791515,3260.988469628131,3157.975330115241,3261.0161724881323,3198.5457464881315,2895.491601288132,3300.875392888132,2873.0621963881317,3340.9370985881314
296885,G06007314,low,True,1049.0320000000002,0.7130643653791515,278.9208332568006,345.63090314200025,278.92419959880004,273.0462582708,244.52859649680002,620.0237341038,579.7645222998001,961.1501404398
296936,G06007324,low,True,1173.7939999999999,0.7130643653791515,303.33369502800196,368.2456361360001,303.33404418659995,296.9122162356,265.70775452760006,635.0276542476001,590.9846062476,966.7599531756
296977,G06007313,low,True,12135.153999999999,0.8407500276235722,3758.445687131103,3745.598590488601,3758.4850011975,3690.192429661499,3358.940617462499,3037.683987070499,2570.054345962499,2317.1704631115
297098,G06007314,medium,False,6723.2660000000005,0.7130643653791515,3049.5908539381285,2968.8466599252397,3049.602944488132,2990.681096888132,2704.7832601881323,3149.580512288132,2745.982446988132,3249.754301388132
297352,G06007315,high,False,16262.423,0.7130643653791515,8288.012102998136,7591.6188887252465,8288.120255288131,8141.56847578813,7430.933320488131,6898.321144488133,5895.087282488132,5509.022773188131
297419,G06007310,medium,False,7134.859,0.7130643653791515,3342.974233348134,3234.9853015552467,3342.994187088132,3279.194907488132,2969.4718116881318,3359.5448270881316,2922.3397641881315,3376.348954688132
297426,G06007313,high,False,6716.603999999999,0.8407500276235722,2986.7473502000003,2911.5265920194283,2986.7470302499987,2928.1973459499986,2643.937166749999,3092.4860213499987,2691.2135698499987,3198.4595486499984
297685,G06007310,low,True,4700.5689999999995,0.7130643653791515,1258.5663817576287,1299.757473673499,1258.5726841579306,1232.5352650999303,1106.2028600899303,1256.5618242949304,1078.21734189493,1254.6377727619304
297706,G06007317,low,True,6195.76,0.7130643653791515,1768.6205771649206,1799.0419369826723,1768.637385703523,1734.054807673523,1566.3124385295232,1621.374038887523,1384.5660366735233,1474.2311348415233
2978,G06007307,high,False,11889.057,0.8407500276235722,5789.24166675,5379.940222349421,5789.270909249999,5683.886038549999,5172.367805049998,5098.010529949998,4375.947933849999,4407.1546165499985
297903,G06007315,low,True,3884.7780000000002,0.7130643653791515,1026.4211305992,1074.1907964339994,1026.4296653982,1004.8175504261999,899.9670256542,1099.7715384102,951.7504690182,1173.1924245732
297986,G06007306,low,True,7333.111000000001,0.8407500276235722,2115.8494914311987,2136.7805332716025,2115.8553354434994,2075.0475367754993,1876.9429866914998,1862.2284734324994,1582.6099416104998,1608.7316829224997
298086,G06007326,medium,False,8019.685,0.7130643653791515,3844.1080242891444,3674.0333644860675,3844.1461554091507,3772.7117702091505,3426.0368582091514,3731.015992709151,3241.644368209151,3618.264488209151
298130,G06007301,low,True,7369.812999999999,0.7130643653791515,2142.330171243025,2161.3796731416724,2142.3414107895233,2101.521665494523,1903.4846919195231,1888.8026839515232,1609.228440751523,1635.395461297523
298192,G06007316,high,False,5445.807000000001,0.7130643653791515,2390.2862110481315,2391.8342754152395,2390.2973648881325,2342.395234088132,2109.948201088132,2677.7730214881317,2349.632544788132,2965.422730588132
298432,G06007302,high,False,11527.481,0.8407500276235722,5436.620856416265,5071.6357563910515,5436.688198526265,5334.266912126265,4837.582598226265,4797.2985834262645,4096.118273026264,4158.300027526264
29850,G06007307,medium,False,2803.172,0.8407500276235722,1166.0690925699955,1317.74841749,1166.0752201600003,1141.4308763600002,1021.8549974599999,1849.4542025599999,1680.6454478599999,2532.91848716
298680,G06007313,low,True,13823.86,0.8407500276235722,4303.633801181399,4274.847909541598,4303.6711500195,4226.2896180015,3850.8308510804995,3427.8320354654993,2897.7942844605,2552.3175636284996
298785,G06007302,low,True,4636.86,1.0497359105206039,1212.5429945306992,1254.489173916999,1212.547288428,1186.912772514,1062.513315864,1217.3146435469998,1041.700537236,1222.174982697
299011,G06007325,low,True,13762.774,0.8407500276235722,4237.193008257296,4204.002076434598,4237.214575639499,4160.9545296794995,3790.887832903499,3380.2780983284993,2857.8622346804996,2523.6351734234995
299061,G06007301,low,True,8578.132,0.7130643653791515,2547.7781115453236,2557.153078966669,2547.796415905523,2500.196251825523,2269.2551999595235,2178.946146973523,1852.9622666955233,1810.2613012365232
299261,G06007330,high,False,4862.825,0.7130643653791515,2151.3151466100016,2185.18939,2151.33630719,2108.12039139,1898.4217780899999,2518.6249000899998,2222.59179239,2886.09644149
299418,G06007330,medium,False,7790.883,0.7130643653791515,3640.4391127581307,3491.0126473052387,3640.475591488132,3571.6378510881323,3237.842958788132,3572.4047541881323,3101.172608988132,3504.565243588132
299503,G06007323,low,True,1580.084,0.7130643653791515,411.44536689479867,473.87933455800027,411.4463718456,402.7406261256001,360.4908195756,704.3771471106,644.7340617906,997.3377031686
299600,G06007329,high,False,6072.81,0.7130643653791515,2700.162116468132,2661.3806359952414,2700.170939688132,2647.098211488132,2389.5286610881317,2899.515182588132,2535.9135957881317,3099.0681810881315
299603,G06007327,low,True,1151.803,0.7130643653791515,305.9569777509017,371.95830701400024,305.9583802947,299.51426180970003,268.22321630370004,637.3419483927,593.1725999457001,968.7558712767001
299617,G06007316,low,True,8621.868,0.7130643653791515,2553.034266781823,2561.245579217669,2553.044529601523,2505.370091482523,2274.0295951725234,2182.7010290625235,1856.123121343523,1812.5310116235232
299625,G06007329,low,True,2937.629,0.7130643653791515,765.8353552751977,818.9991268130034,765.8372969541,749.6375065641,671.0151578571,931.1865117771001,820.1980676091,1096.5926216481
299685,G06007315,medium,False,4586.281,0.7130643653791515,1936.8525143491463,1993.515094215501,1936.86167602915,1896.5756033291498,1701.07742962915,2353.9493324291498,2077.97224492915,2771.1869809291493
299861,G06007307,high,False,6984.852,0.8407500276235722,3156.702037400005,3064.2068259194334,3156.719701449999,3095.288694249998,2797.2586160499995,3214.125880049999,2793.390158949999,3271.7332171499993
299866,G06007330,medium,False,2837.182,0.7130643653791515,1172.5447595300013,1322.4862564299985,1172.54772606,1147.73700076,1027.3299563600003,1853.0209322599999,1683.04479456,2533.57832546
299881,G06007328,medium,False,9272.215,0.8407500276235722,4341.824585329996,4101.581774909429,4341.839415249999,4260.651890849999,3866.5123126499984,4062.197932449999,3505.8149469499986,3782.9102267499984
299953,G06007313,high,False,7340.447,0.8407500276235722,3420.5885013999987,3304.6872612994302,3420.6299306499996,3354.7734816499988,3035.335427449999,3402.9897006499987,2952.0184116499995,3385.5800834499987
299957,G06007328,low,True,5731.167,0.8407500276235722,1555.4900616455727,1583.2624107329311,1555.4892633536763,1524.5027102036763,1373.9820973526764,1468.681603451676,1256.2215252296762,1382.0460389486761
300100,G06007313,medium,False,12087.392,0.8407500276235722,5950.166591079995,5528.247625759428,5950.2378540499985,5842.098181649998,5317.553696949998,5213.178459649999,4472.674745949999,4476.5685893499995
300117,G06007323,low,True,7026.202,0.7130643653791515,2039.4979702764208,2062.3624975836674,2039.5066501455235,2000.4212814315229,1810.699662106523,1815.2137541385232,1547.4044820375234,1591.068480109523
300198,G06007322,high,False,5958.623,0.7130643653791515,2655.4499013781365,2623.9262132252475,2655.4598548881318,2603.129768288132,2349.186026188132,2867.529118688132,2509.039806488132,3079.779183488132
300245,G06007312,medium,False,4796.106,0.7130643653791515,2045.8785959481274,2089.1977830152414,2045.8891705681322,2003.7513800681322,1799.3056820681318,2431.575621168132,2142.958279968132,2817.399111568132
300265,G06007327,medium,False,6011.0869999999995,0.7130643653791515,2755.107334199149,2719.0740697355013,2755.13574725915,2701.22556205915,2439.63849325915,2940.4634376591493,2571.18552795915,3125.9994014591493
30040,G06007310,low,True,14469.987000000001,0.7130643653791515,4528.154981415326,4492.021016752671,4528.2064921935225,4447.480154914523,4056.007654747523,3596.125063063523,3043.467103594523,2664.3727412715234
300445,G06007330,low,True,5215.280000000001,0.7130643653791515,1424.477046345026,1460.97677020767,1424.483958673523,1395.6629372205227,1255.8240624435232,1375.0952365935232,1177.6839085845231,1325.8037722125232
300769,G06007312,medium,False,3536.8820000000005,0.7130643653791515,1476.5594217799994,1590.65436044,1476.57249426,1445.38271136,1294.07773236,2048.65815046,1835.05667066,2620.85887426
300884,G06007326,high,False,5023.562,0.7130643653791515,2147.2848636581243,2176.108871825239,2147.285682288132,2103.4543818881316,1890.7088304881322,2503.874137588132,2203.554718088132,2860.6114039881318
301115,G06007316,low,True,6310.904,0.7130643653791515,1817.7016931691248,1848.251400054666,1817.7224755335226,1782.317480005523,1610.5925569155233,1656.5025247065232,1414.0702946385231,1495.404814858523
30112,G06007316,high,False,8482.81,0.7130643653791515,3984.743084778133,3790.631029625241,3984.768894888132,3910.2149821881317,3548.4931980881315,3818.777380588132,3308.143563688132,3653.087431688132
301174,G06007316,high,False,5033.379000000001,0.7130643653791515,2221.0184851386457,2247.866238735947,2221.041158368642,2176.099422968642,1958.0664306686422,2559.088520168642,2251.281578768642,2897.297735068642
3013,G06007316,high,False,9793.663,0.7130643653791515,4782.9249308381295,4503.671809945239,4782.981479288133,4695.085569588131,4268.635094388132,4389.989419388132,3787.9571111881323,3997.401678488132
301307,G06007323,medium,False,7494.155,0.7130643653791515,3512.298000449152,3373.3408256660723,3512.306455649151,3446.8532952491505,3128.921933249151,3499.999727849151,3051.216604749151,3488.0757040491508
301332,G06007311,medium,False,4568.84,0.7130643653791515,1996.5317395789866,2044.0303983091626,1996.537780638981,1956.6645221389808,1763.234369138981,2420.963087138981,2147.942637738981,2845.4750614389804
301397,G06007313,medium,False,1943.8980000000001,0.8407500276235722,849.5347336100021,1044.7665704500018,849.5433817400001,831.77810494,745.51612224,1649.8733832399998,1528.11211014,2450.2682678399997
301632,G06007314,high,False,11458.434000000001,0.7130643653791515,5664.570899968132,5277.970742655241,5664.637930688132,5561.991743288132,5064.067429188131,5020.918691988132,4317.971123588132,4377.620914088132
301665,G06007311,medium,False,9377.558,0.7130643653791515,4474.596188358137,4222.407194445238,4474.619864088132,4391.920378988132,3990.457391888133,4169.3164995881325,3602.606117288132,3864.410044888132
301724,G06007316,medium,False,763.9150000000001,0.7130643653791515,314.0483485499983,570.1156561600005,314.0485766500001,307.39706405000004,275.1112965500001,1303.62742155,1258.05213805,2293.23131235
301806,G06007326,medium,False,9137.859,0.7130643653791515,4366.238241968131,4129.635574535241,4366.277845488132,4285.342920688132,3892.696952388132,4091.7956736881315,3537.4773855881317,3817.641221188132
301837,G06007314,high,False,4236.295999999999,0.7130643653791515,1901.8637868300032,1968.2583610599982,1901.87599655,1863.9116695500004,1679.5922774500002,2358.25190975,2098.06778475,2814.7888707499997
301842,G06007322,medium,False,2557.743,0.7130643653791515,1067.948273490001,1232.1541514000003,1067.9565728900002,1045.4002787900001,935.9690896900001,1786.9286796899999,1632.4424515899998,2505.98051739
302075,G06007329,medium,False,5873.2970000000005,0.7130643653791515,2622.8604110281317,2596.5961202352396,2622.879081888132,2571.092268288132,2319.784548888132,2844.2142154881317,2489.4403599881316,3065.745571088132
30306,G06007311,medium,False,7328.245999999999,0.7130643653791515,3375.733720408132,3255.943234035241,3375.747008688132,3311.382750888132,2999.0361069881324,3382.969046688132,2942.041314288132,3390.4268408881317
303295,G06007317,high,False,11122.656,0.7130643653791515,5421.168880878131,5056.736274405244,5421.220507288132,5322.649640988131,4844.457436288132,4846.704008588133,4171.647015288132,4272.623008688132
303324,G06007314,high,False,8057.945,0.7130643653791515,3814.1349221681326,3646.7719962152446,3814.156826488132,3742.479528288132,3394.557763388132,3696.7079172881317,3205.581693788132,3579.5416044881317
303426,G06007313,medium,False,4139.508,0.8407500276235722,1735.7894457689765,1814.8294245591699,1735.775088178981,1699.7820676789809,1524.982117478981,2225.458649878981,1978.7070071789808,2715.247863978981
303473,G06007323,high,False,3914.6890000000003,0.7130643653791515,1624.5644040789834,1719.1152254697404,1624.569674488982,1590.251610388982,1423.7092512889822,2143.211502088982,1908.103039888982,2661.967538288982
303502,G06007325,high,False,18666.073,0.8407500276235722,9389.49082992,8543.344558479428,9389.55886065,9223.99887235,8420.60806155,7674.39421215,6540.245657749999,5959.909252749999
303670,G06007326,high,False,12307.785,0.7130643653791515,6066.380601228133,5625.092700835232,6066.423721288131,5957.101505188131,5426.586364688132,5308.443873488131,4559.528345788132,4550.903999588132
303777,G06007312,medium,False,5245.258,0.7130643653791515,2262.698697528132,2277.197099475239,2262.701158888132,2216.9468993881324,1994.840372088132,2586.461262288132,2272.930483088132,2910.400903888132
303784,G06007308,low,True,9590.854,0.8407500276235722,2864.5264482534003,2867.0516442675985,2864.5413852194997,2811.219077992499,2552.4407373254994,2397.9810740744997,2032.6740511754992,1931.6342597234996
304008,G06007327,high,False,15451.372,0.7130643653791515,7743.455381278134,7099.52481926524,7743.52013648813,7606.156563288132,6939.679019288133,6508.584417688131,5567.708334988132,5274.202462888132
304070,G06007322,high,False,13015.752,0.7130643653791515,6435.85343423813,5949.519004545235,6435.926004288131,6320.342507688132,5759.910691488132,5572.8543788881325,4781.652753388131,4710.176348188132
304287,G06007326,medium,False,6534.2029999999995,0.7130643653791515,2974.7873489281365,2906.1817952752363,2974.8009388881324,2917.131295388132,2637.295710488132,3096.051321388132,2701.011780088132,3217.505356788132
304454,G06007317,high,False,12344.382,0.7130643653791515,6049.922060378132,5606.578915345242,6049.966783688133,5940.908446188132,5411.7398631881315,5296.6531767881315,4549.631287688132,4543.791548188132
304524,G06007326,high,False,10593.39,0.7130643653791515,5097.961350518131,4767.57255752524,5097.991918088132,5004.860405088131,4552.877414788132,4615.406216188132,3977.349692288132,4133.236835188132
304586,G06007317,medium,False,432.012,0.7130643653791515,178.2277233200019,451.27552152000135,178.22814356,174.45592716000002,156.14684276000003,1216.83213716,1190.98628796,2255.45107036
304683,G06007301,medium,False,3418.718,0.8536704995961909,1424.393359100001,1544.5736090000037,1424.40417954,1394.30267494,1248.28293134,2015.02981314,1808.89180334,2605.75687874
304899,G06007329,medium,False,9710.3,0.7130643653791515,4699.763775208134,4426.019705315242,4699.805749888132,4613.310260588132,4193.603182888133,4330.472518888131,3737.973199888132,3961.510904788132
304992,G06007330,medium,False,11059.683,0.7130643653791515,5302.562296258133,4941.599890045238,5302.564904288132,5206.079939088131,4737.478375588133,4761.821817188133,4100.349304988132,4221.499039588131
305011,G06007312,high,False,4703.619000000001,0.7130643653791515,2007.5840059693214,2055.46076135297,2007.5911870793207,1966.300325879321,1765.8924237793212,2407.4612649793207,2124.557265579321,2807.4965701793208
305065,G06007328,high,False,8529.637999999999,0.8407500276235722,4003.518231390507,3809.789965090131,4003.5493917205085,3928.1934797205095,3562.451325020509,3823.4767261205093,3307.1648094205093,3643.785503820509
30507,G06007310,high,False,1817.179,0.7130643653791515,782.4194156100003,984.3428976599992,782.42805917,766.01128207,686.3341951700002,1605.80848087,1493.33302997,2429.25380887
305135,G06007310,medium,False,1074.286,0.7130643653791515,464.00891655000265,704.0435080500013,464.01605677999993,454.2838848799999,407.06366818,1401.22338958,1334.56145028,2338.47113748
305189,G06007324,medium,False,6365.308,0.7130643653791515,2913.4198340481303,2855.61760621524,2913.4588090881325,2856.7727337881315,2581.918349688132,3052.1506855881316,2664.1149649881318,3191.0382735881317
305247,G06007329,medium,False,5806.125,0.8407500276235722,2590.269002008133,2568.524546355241,2590.2909564881315,2539.035803688132,2290.3756776881323,2820.8870635881317,2469.8485038881317,3051.6796307881323
305382,G06007313,medium,False,11910.354,0.8407500276235722,5866.05372063,5455.720988429429,5866.126794249999,5759.369950749999,5241.652633049999,5152.993050449999,4422.12156425,4440.259350349998
305481,G06007315,medium,False,383.29599999999994,0.7130643653791515,158.1731511200016,433.7132342400007,158.17357168,154.82591887999996,138.57793608,1204.0073192799998,1181.07097048,2249.8542084799997
305495,G06007312,low,True,5343.973,0.7130643653791515,1522.1295494053913,1561.3307945081694,1522.140650862193,1491.9480064501931,1345.4004613201928,1449.270442215193,1242.3942405361931,1376.516333307193
30566,G06007329,high,False,14286.511999999999,0.7130643653791515,7202.851820718133,6634.027980585242,7202.930223088131,7074.564385288131,6451.933359088132,6121.7432610881315,5242.729425188132,5041.039727588131
30568,G06007317,low,True,2708.217,0.7130643653791515,711.9048513402012,767.2818068929985,711.9099867033,696.8738145033,623.9153561823,897.1220942192999,794.1258347133,1082.3935439553002
305685,G06007313,high,False,5404.07,0.8407500276235722,2363.4509415010175,2372.4600402796896,2363.4818502910175,2315.316378191017,2081.707221191017,2646.866738391017,2317.061381691017,2930.433958991017
305775,G06007313,high,False,6501.208,0.8407500276235722,2915.717848528129,2848.308615495239,2915.708814848132,2859.1696627481324,2584.748570548132,3056.072045348132,2668.7385205481323,3196.558192248132
305791,G06007310,high,False,4735.544,0.7130643653791515,2173.1596951700017,2208.8848853699983,2173.1888855200004,2130.46102362,1923.1510769200006,2548.87411352,2256.20877202,2924.7482461199997
30581,G06007315,medium,False,5238.135,0.7130643653791515,2438.5346979899996,2445.3545116100004,2438.5509548000005,2390.9005173,2159.5729891,2730.0716967999997,2403.5284314,3021.7714811999995
306294,G06007312,low,True,3591.464,0.7130643653791515,945.7841658005998,994.9554715379998,945.7874895672,925.8910632972002,829.3226026932001,1048.1963457972001,911.8772213592001,1150.6815023352
306301,G06007324,medium,False,3367.507,0.7130643653791515,1400.773339530001,1523.5396027799982,1400.7803956100001,1371.17912011,1227.52879721,1999.72790911,1796.9401498099996,2598.78858181
306310,G06007301,high,False,8925.131000000001,0.7130643653791515,4188.6526051681285,3965.784622615243,4188.652161088132,4110.742229288131,3732.4807084881318,3964.698334488132,3430.7334769881313,3741.0352344881317
306342,G06007330,medium,False,4546.992,0.7130643653791515,2037.024279379998,2086.64567617,2037.0417455900001,1996.37218979,1798.98592839,2447.5537201899997,2168.9148226899997,2858.2395995899997
306356,G06007323,low,True,6844.8820000000005,0.7130643653791515,1974.5998752552246,1998.6388770356668,1974.6144108735234,1936.598739130523,1752.1572827355233,1768.770418738523,1508.3894403495228,1563.072171118523
306372,G06007325,medium,False,8658.29,0.8407500276235722,4145.295707810001,3944.24205068943,4145.334616249999,4067.3973354499994,3689.1828317499985,3921.593423049999,3387.673527449999,3698.1701008499986
306425,G06007328,high,False,6891.254,0.8407500276235722,3113.7031755799953,3027.0785538994246,3113.7192592499996,3053.0174292499987,2758.465958949999,3183.3574688499993,2767.538397549999,3253.2026933499988
306487,G06007322,low,True,9293.901,0.7130643653791515,2823.7443065673233,2831.4625745106696,2823.7725174255233,2771.5581225915234,2518.2644758035226,2376.437152216523,2018.8560185235228,1929.303679831523
306552,G06007327,high,False,6707.639999999999,0.7130643653791515,3184.632643539151,3094.7734925060613,3184.6639406591507,3124.815787959151,2834.280071259151,3268.482519659151,2858.3520970591508,3352.6112058591507
306672,G06007314,low,True,5594.0740000000005,0.7130643653791515,1565.4248051448026,1600.199322494976,1565.434482102303,1534.2835127493033,1383.0960775953035,1476.263942373303,1262.8372758783032,1387.2216106053033
306708,G06007322,medium,False,12877.507999999998,0.7130643653791515,6408.249530468132,5930.08617599524,6408.298888288133,6293.266286488133,5735.026101288131,5553.094601988132,4765.042033788133,4698.365946988132
306797,G06007328,low,True,2452.6150000000002,0.7130643653791515,642.9692120985014,699.8492965519977,642.9732091335001,629.3839527044998,563.4529184654999,852.8375261685001,759.7625144115,1062.7471374945
306852,G06007327,high,False,6079.9220000000005,0.7130643653791515,2796.9398572696614,2755.708256885633,2796.971964819659,2742.465878319659,2478.0020361196594,2972.1862898196587,2598.836152719659,3147.621670019659
306905,G06007314,high,False,4256.2970000000005,0.7130643653791515,1770.3068367389808,1846.9491929491714,1770.3144490789807,1732.9933851789808,1551.8971837789811,2237.9065978789813,1982.255868378981,2705.6284564789808
306956,G06007328,low,True,3624.801,0.8407500276235722,948.8404875096005,997.7187835649985,948.8454866288998,928.7865873279001,831.4620837579001,1048.5853998338998,911.1907305759,1148.3923759089
307112,G06007325,high,False,8479.259,0.8407500276235722,3949.8877561886416,3756.189526335375,3949.9393720886414,3875.8372602886407,3516.7906734886406,3793.6161984886407,3286.8846127886404,3637.4323291886403
307118,G06007307,high,False,3305.705,0.8407500276235722,1368.8161118800022,1494.7894349299995,1368.82242975,1339.8638861499999,1199.3578515499999,1978.79656235,1780.44797535,2588.86683705
307219,G06007307,low,True,8001.0779999999995,0.8407500276235722,2347.7887907207983,2364.309102357599,2347.8022938194995,2303.1054083834993,2086.1921335184998,2028.2124499544993,1722.0426973454996,1708.7573316524995
307226,G06007329,low,True,3676.7960000000003,0.7130643653791515,955.2313249541984,1002.9736009159997,955.2326964263999,935.0132652504,836.8771931603999,1052.1293660814,913.5932068794,1149.0971018154
307621,G06007328,medium,False,6146.246,0.8407500276235722,2708.6461305599987,2670.206703999434,2708.6603544499994,2654.719845849999,2393.0130884499995,2893.488300449999,2524.036388749999,3078.498184249999
307655,G06007306,high,False,9309.767,0.8407500276235722,4376.176787189998,4133.785746809427,4376.193558249999,4294.404667649998,3897.494241649999,4086.788054249999,3526.4814109499994,3797.6845032499987
307670,G06007312,low,True,4909.686,0.7130643653791515,1318.5219592239212,1357.0291978286684,1318.5245877855232,1291.481736481523,1160.2322875005232,1299.2703485175232,1113.9882214455233,1280.1100021815232
307677,G06007313,high,False,12765.114000000001,0.8407500276235722,6176.519338749993,5711.20498722943,6176.545675449998,6064.698090749998,5521.8085504499995,5375.122017849999,4608.750247649999,4574.182143149999
307703,G06007310,medium,False,2822.9179999999997,0.7130643653791515,1168.5697292199975,1319.2404794000038,1168.5735315399997,1143.8536830399999,1023.89570184,1850.62373614,1681.2820067399998,2532.7571386399995
30772,G06007314,medium,False,9606.818000000001,0.7130643653791515,4619.999492548128,4353.020025675246,4620.0264990881315,4534.878661288132,4121.636886988132,4273.387082188132,3690.030716388132,3927.092573688132
307757,G06007317,high,False,10066.801,0.7130643653791515,4905.716189448127,4608.806219955242,4905.762711888132,4815.816977488132,4379.411578588131,4477.871495188132,3861.790086888132,4050.3253083881323
307838,G06007315,high,False,10702.539,0.7130643653791515,5217.557825058138,4879.907644745239,5217.615309488132,5122.444309288132,4660.770203588132,4701.017103888133,4049.2454036881322,4184.820078988132
307996,G06007316,medium,False,3690.9080000000004,0.7130643653791515,1606.2808143499988,1709.8546911999974,1606.31319849,1573.0078440899997,1411.60322349,2142.9886978899995,1915.1335544899998,2679.7894758899997
308181,G06007325,high,False,5756.336,0.8407500276235722,2520.67119474,2507.349607079431,2520.6926542499996,2469.8816049499983,2223.4142055499988,2758.9736267499993,2411.030922649999,2997.433131849999
308196,G06007317,high,False,4593.027,0.7130643653791515,1958.266561848468,2010.8258648690467,1958.2695138284716,1918.1355331284722,1723.369067228472,2377.949757428472,2103.017848328472,2797.747357728472
308211,G06007310,high,False,7868.427,0.7130643653791515,3664.752682328131,3510.073105715239,3664.7705856881316,3595.573424088132,3259.794141788132,3589.798844988132,3115.786506888132,3515.077141888132
308226,G06007315,high,False,3254.349,0.7130643653791515,1351.1046031700005,1479.6990969000017,1351.11085747,1322.54468797,1183.93452507,1967.73085707,1772.05628497,2584.44997717
308346,G06007317,medium,False,3974.562,0.7130643653791515,1677.54781257,1767.9702332499958,1677.5636677600003,1642.37488976,1471.66407496,2181.58798916,1940.5900856599999,2685.74097346
308438,G06007330,high,False,10581.448,0.7130643653791515,5147.699124468125,4818.553289695237,5147.768270288132,5053.6913761881315,4597.686607288133,4651.022814488132,4007.270090488132,4154.601310988131
308478,G06007315,medium,False,11586.898000000001,0.7130643653791515,5663.480696928136,5268.990740455245,5663.518588088131,5560.924966888131,5063.082531788132,5020.108338588132,4317.321597388132,4377.128436988132
308505,G06007330,high,False,4744.634,0.7130643653791515,2007.3836726581412,2054.10442264524,2007.3867928481322,1965.8954087481316,1764.5169321481321,2403.8427416481322,2119.5638701481316,2800.4395898481316
308514,G06007308,medium,False,6303.634,0.8407500276235722,2820.892428290504,2771.946654939564,2820.9023960205077,2765.119358420508,2494.2852397205083,2973.814433920508,2591.509335220508,3126.962732620508
308657,G06007308,medium,False,4231.636,0.8407500276235722,1787.4556052394946,1865.2379561593016,1787.48037424949,1749.9100807494901,1567.78042964949,2251.43443274949,1994.3169082494899,2715.5107278494897
308694,G06007311,high,False,11253.032,0.7130643653791515,5426.054010318132,5052.949079765238,5426.069511088132,5327.497186788132,4848.895686288133,4850.184350588132,4174.580906888132,4274.760244188132
308793,G06007326,high,False,9509.666000000001,0.8407500276235722,4511.726183528133,4251.2768488352385,4511.738804088132,4428.4062680881325,4023.9517539881313,4195.8951062881315,3624.950009488132,3880.363604788132
30881,G06007306,low,True,7586.475,0.8407500276235722,2196.672689849399,2215.5548467916005,2196.688498483499,2154.510015556499,1949.8894411185,1920.0604553534995,1631.1931607774995,1643.5853312414993
308834,G06007302,high,False,13133.504,0.8407500276235722,6229.029858516272,5760.835516191052,6229.070576926265,6113.441532126264,5552.527631126265,5364.343076826265,4572.496252926264,4500.019312126265
308938,G06007315,high,False,14868.388,0.7130643653791515,7408.258072398137,6802.6603592652355,7408.3370694881305,7276.4919126881305,6637.217775088131,6268.715305288131,5366.223556588131,5129.538877988132
308969,G06007302,medium,False,15000.707000000002,0.8407500276235722,7278.535561966268,6689.781228701048,7278.614169526265,7145.4134537262635,6499.397059826265,6115.389369626265,5203.394519926265,4952.690071826265
309616,G06007325,medium,False,5262.43,0.8407500276235722,2272.3085921311863,2289.454043527162,2272.3272496411882,2225.8510852411882,2000.3290427411878,2584.0923724411878,2265.718250341188,2896.0482934411875
309652,G06007328,low,True,9719.613,0.8407500276235722,2921.482389199498,2924.5146283565987,2921.5093219515,2867.2051177034996,2603.8192514354996,2438.7555551294995,2066.9205248985,1956.1762531364996
309785,G06007317,low,True,4881.061,0.7130643653791515,1327.55799379033,1368.2379120424973,1327.5686089249302,1300.37031337393,1168.41575094193,1305.8408197459303,1119.5564776489305,1284.2098839949304
309793,G06007308,high,False,13907.132000000001,0.8407500276235722,6811.5766651799995,6272.448161679429,6811.616113449999,6689.104874749998,6094.684738549999,5829.606859949999,4990.545495049999,4848.001394049999
310003,G06007322,low,True,3518.643,0.7130643653791515,952.0263894078014,1003.4461565729986,952.0381120887,932.2249230566999,836.1058243797,1056.0224134136997,920.3257544277,1160.0795074587
310082,G06007313,high,False,15098.297999999999,0.8407500276235722,7554.640607379997,6938.593201519432,7554.727243449999,7419.77054605,6765.14861425,6361.364638749999,5437.21200085,5168.557909349999
310249,G06007306,medium,False,6776.321,0.8407500276235722,3090.5132349199994,3011.2041990994317,3090.541805249999,3030.2069204499985,2737.531791049999,3166.7731610499986,2753.597410649999,3243.203140549999
3106,G06007313,high,False,8435.615,0.8407500276235722,3930.9556478299983,3744.857522329429,3930.981814249999,3856.627312649998,3495.8150036499983,3768.179518249999,3258.820678549999,3605.6963688499986
31061,G06007326,medium,False,12119.573,0.8407500276235722,5951.25214402814,5522.049924035246,5951.271294088132,5843.917694288131,5322.716481088133,5226.041731488132,4490.319175988132,4501.264362188132
31107,G06007329,high,False,1012.1850000000001,0.7130643653791515,413.5340548299995,656.8446613800012,413.53364254999997,404.76811315,362.19469225,1367.0406420499999,1306.94765055,2320.5873657499997
311598,G06007302,high,False,7118.905000000001,1.4172145412832236,3136.5662977481343,3048.7256237658075,3136.5763941481327,3073.629012348133,2767.9939331481337,3167.417791048133,2735.9852157481337,3198.534018448133
311669,G06007314,high,False,15776.472,0.7130643653791515,7850.268536758129,7185.787311865244,7850.324644688131,7711.172518188132,7036.026581488131,6584.997415288131,5631.9215871881315,5320.235842188132
311866,G06007310,low,True,9274.942,0.7130643653791515,2816.584845737122,2824.1289660046664,2816.6042897295233,2764.5363118725227,2511.805662253523,2371.310442103523,2014.5482506395233,1926.237257962523
311946,G06007310,high,False,4864.576000000001,0.7130643653791515,2118.543976098641,2157.517947105371,2118.570038688641,2075.189123588641,1864.8186750886412,2483.450027288641,2186.453662988641,2848.4886613886406
311959,G06007330,medium,False,6670.621,0.7130643653791515,3028.979380988127,2951.553600655237,3028.9878114881317,2970.429294388132,2686.1957325881326,3134.823468588132,2733.584200688132,3240.890671188132
312060,G06007326,high,False,6365.905,0.7130643653791515,2876.8991242381303,2819.142401605244,2876.9162858881314,2820.873359788132,2548.9754411881318,3026.003243688132,2642.1651568881316,3175.2820263881317
312109,G06007308,high,False,9980.561000000002,0.8407500276235722,4739.44944789,4453.918668229433,4739.4707202499985,4651.6080057499985,4225.228719349999,4346.739016449998,3744.8596139499987,3954.363606149999
312179,G06007310,low,True,2882.221,0.7130643653791515,749.8928437434001,803.3017218309996,749.8951216029002,734.0241522788999,657.0063601479002,920.8705267299001,812.1478802079,1091.9023395369002
312180,G06007315,medium,False,2542.1899999999996,0.7130643653791515,1047.6683314399984,1212.7263607800012,1047.6691357,1025.4894703999998,917.8399549,1772.8987097,1620.9369986999998,2498.2031281
312404,G06007308,low,True,7402.965,0.8407500276235722,2142.7969098185995,2164.112148631603,2142.8224394534996,2101.519954390499,1901.2645589174988,1881.5053721294994,1598.8046657294994,1620.3378559694995
312709,G06007327,high,False,10663.49,0.7130643653791515,5120.12876542813,4784.886952615241,5120.150760888133,5026.690562688133,4572.896640588131,4631.2630296881325,3990.6623882881318,4142.843145388131
312880,G06007315,high,False,11648.041000000001,0.7130643653791515,5644.287410938134,5246.205333825259,5644.313985288132,5542.029363288133,5045.765991788132,5006.3739608881315,4305.802217288132,4368.792516488133
312911,G06007317,medium,False,8617.582,0.7130643653791515,4133.511927808135,3930.4472519152373,4133.570996888133,4056.478154588132,3682.684256688132,3925.2653798881315,3397.575410688132,3717.2504578881317
313045,G06007314,medium,False,4826.588,0.7130643653791515,2066.11604030932,2107.184194732399,2066.12663132932,2023.68883942932,1817.7458785293202,2446.5926123293198,2155.87548392932,2827.2177874293197
313136,G06007317,high,False,8691.449,0.7130643653791515,4076.045836298136,3868.519047785229,4076.052340288132,3999.9920922881315,3630.8756242881313,3884.1197674881323,3363.048005288132,3692.4377226881315
313162,G06007328,medium,False,4227.353999999999,0.8407500276235722,1753.3796987894962,1830.6098078393043,1753.3801441994901,1716.53555699949,1537.7026206994901,2228.92270539949,1976.47794949949,2704.59308299949
313295,G06007314,high,False,5014.468,0.7130643653791515,2149.4249720686416,2178.6405435253705,2149.433284278641,2105.582582878641,1892.7570522786414,2505.747380378641,2205.315866078641,2862.239633078641
313307,G06007312,medium,False,4248.593,0.7130643653791515,1784.878135228814,1856.9718659922705,1784.8699290088114,1748.030746608811,1569.173510208811,2260.3561003088107,2007.8922492088109,2735.9532452088106
313566,G06007329,high,False,10217.350999999999,0.7130643653791515,4930.177675088133,4624.358602955239,4930.2329942881315,4839.834965888131,4401.464490888133,4495.348360988132,3876.4932550881317,4060.828795488132
313771,G06007330,high,False,3969.25,0.7130643653791515,1663.4493941299997,1754.02048520943,1663.456361189999,1628.5537070899986,1459.191128689999,2172.222479889999,1933.143047489999,2681.1091949899987
314300,G06007310,low,True,5942.951,0.7130643653791515,1705.714745659246,1740.3317014897557,1705.7342568159438,1672.2101490939438,1509.570537840944,1576.393264722944,1346.7884729709438,1447.1808120969436
314484,G06007317,low,True,7277.031,0.7130643653791515,2118.2564566662236,2138.607474559669,2118.256295329523,2077.8656694315227,1881.759232450523,1871.572541854523,1594.7564350005232,1625.0280470445232
314528,G06007325,medium,False,4395.157999999999,0.8407500276235722,1845.9590131505074,1913.9246753195598,1845.965671420508,1807.3352353205082,1619.8578141205085,2291.220203920508,2026.579304020508,2736.609805220508
314580,G06007312,medium,False,4809.317000000001,0.7130643653791515,2053.6330420281324,2096.18899589524,2053.6445740881322,2011.3634898881319,1806.2148570881322,2436.863505988132,2147.252026088132,2820.227630588132
31478,G06007324,medium,False,9755.848,0.7130643653791515,4688.421667238128,4411.73350420524,4688.438851088131,4602.139055888132,4183.327253288133,4322.365712588132,3731.185854288132,3956.550388188132
314842,G06007308,medium,False,5175.202,0.8407500276235722,2278.2838936010135,2300.787882449688,2278.3156236210166,2231.732951421017,2005.819597821017,2588.7145048210173,2269.774852021017,2899.272444921017
314878,G06007326,high,False,18495.112999999998,0.8407500276235722,9315.102541668126,8475.34834313524,9315.169534688132,9151.528839888131,8357.624438288132,7633.262641188132,6512.524166488132,5951.981639688131
315078,G06007326,low,True,6142.434,0.8407500276235722,1707.9124976541455,1733.6315484497595,1707.911772530444,1674.4151114514439,1511.7154168464442,1578.398445953444,1348.7425373244441,1449.041863061444
315107,G06007316,medium,False,4370.521000000001,0.7130643653791515,1819.7740316494906,1890.0020962492986,1819.78021382949,1781.5054376294897,1595.7577198294903,2271.0667801294903,2008.8560366294898,2722.49380382949
315470,G06007330,high,False,7151.611,0.7130643653791515,3276.149383398129,3167.7272756052375,3276.1562708881324,3213.446908688132,2909.157575888132,3311.712912888132,2882.190335088132,3347.441368188132
315639,G06007308,medium,False,4171.139999999999,0.8407500276235722,1720.5512309200024,1802.2913446799998,1720.5520132,1684.1379341,1507.3876948999998,2203.3803132,1953.8676435999998,2686.3443811999996
315683,G06007310,medium,False,2061.6450000000004,0.7130643653791515,909.3291590700032,1097.6513311700023,909.3403757200001,890.4877569199998,798.9827723199999,1691.2512545199997,1562.0790821199998,2473.2337694199996
315747,G06007327,low,True,5366.1269999999995,0.7130643653791515,1485.167946631824,1521.534792165667,1485.1772573955232,1455.3435053355229,1310.5819421655233,1418.5276102215232,1214.1661385295233,1351.9878779505232
31595,G06007308,low,True,4971.669,0.8407500276235722,1350.442655157769,1389.5252809951028,1350.450081780469,1322.8829580844688,1189.0700711074692,1322.223903648469,1133.3269405264691,1294.1192930254692
3160,G06007310,high,False,14557.861,0.7130643653791515,7240.228879318125,6653.902097205237,7240.2318866881305,7111.358717988131,6485.688572888132,6148.469439088132,5265.224750088131,5057.138999088133
316060,G06007314,low,True,9389.187,0.7130643653791515,2860.9650119724247,2868.286703747667,2860.992937207523,2808.171093160523,2551.850661331523,2403.0735234255235,2041.2251050815235,1945.3795943925231
31626,G06007322,medium,False,6352.816,0.7130643653791515,2871.845580788133,2814.9176281552395,2871.865534488132,2815.910755488132,2544.421945788132,3022.382062388132,2639.1198367881316,3173.1187623881315
316284,G06007313,high,False,13539.163,0.8407500276235722,6561.141160129998,6046.1419670894375,6561.141131849999,6442.8496955499995,5868.7577370499985,5650.381785349999,4840.020356849999,4739.942663249999
316306,G06007323,low,True,5203.817999999999,0.7130643653791515,1429.8051169068226,1467.4189078256677,1429.8181110915232,1400.8989186285232,1260.6274174965233,1378.9089470115232,1180.8844192125232,1328.104119058523
316424,G06007324,medium,False,3082.169,0.7130643653791515,1276.5678860300013,1413.9542443799987,1276.5716908699999,1249.5720466699997,1118.54202947,1919.7858977699998,1734.81401567,2563.09272917
316523,G06007317,high,False,7171.083,0.7130643653791515,3225.7774446281305,3115.7641568952367,3225.759961688132,3163.984659688132,2863.7640380881317,3275.6328237881316,2851.877350088132,3325.808701988132
316690,G06007316,low,True,1941.996,0.7130643653791515,506.1966282071998,566.1941130300012,506.1984963083999,495.4891443264,443.52063691739994,765.0386080014,691.6757088954,1023.9160110954
316691,G06007326,medium,False,4232.319,0.7130643653791515,1822.6130747700008,1896.0183472999997,1822.63450079,1785.0789097899997,1602.9127953900002,2286.4688067899997,2029.2988410899998,2750.45843359
316730,G06007323,high,False,3405.138,0.7130643653791515,1549.7187440799962,1659.6793647699985,1549.72657337,1519.03017607,1369.93341267,2129.68652037,1919.23798867,2709.78402517
31689,G06007317,medium,False,3683.812,0.7130643653791515,1560.010459019999,1664.4709953699999,1560.02384391,1527.4596599099998,1369.45949471,2108.64199471,1885.5951544099999,2657.3907563099997
316987,G06007311,high,False,13879.243999999999,0.7130643653791515,6883.849039578132,6341.212967305239,6883.890323688132,6760.939103688132,6164.129885088132,5893.413969588133,5050.938767888132,4903.503350688132
317195,G06007307,high,False,17683.359,0.8407500276235722,8783.597011459995,8001.231186439439,8783.623490849997,8628.164485749998,7873.868641949999,7240.819410849998,6176.070353649999,5698.433039649999
317285,G06007329,medium,False,4294.883,0.8407500276235722,1847.2439350799955,1916.817677329995,1847.25211791,1809.2572664099998,1624.8210795100003,2303.18191631,2042.82713851,2759.25616101
317510,G06007325,low,True,3770.814,0.8407500276235722,987.1881892802999,1035.0307615410002,987.1940329145999,966.3271334766001,865.0670587146001,1073.1452916666,930.1997169156,1159.1724884136001
317523,G06007313,medium,False,4732.333,0.8407500276235722,1991.0113500286361,2040.303752615372,1991.0177867686411,1949.552304268641,1748.3434497686408,2388.067206168641,2104.0294136686407,2785.255898668641
317710,G06007322,low,True,9649.24,0.7130643653791515,2946.444977824822,2951.4846135636667,2946.466359073523,2892.216462274522,2628.9514887855235,2464.2487592325233,2092.6225752615233,1982.2239240825231
317714,G06007326,high,False,6942.0289999999995,0.7130643653791515,3206.7678752381335,3111.549011945238,3206.7836036881317,3145.254365088132,2846.593707188132,3262.062989588132,2840.460531788132,3317.5856166881317
317717,G06007330,high,False,10819.657,0.7130643653791515,5254.129626628139,4909.139606355238,5254.175106688133,5158.400072388131,4693.763176488132,4727.180318888131,4071.2389867881325,4200.570145288131
317947,G06007317,medium,False,949.674,0.7130643653791515,406.0666847699984,652.4823262700002,406.06947082000005,397.54194982,356.12888422000003,1363.6602926199998,1305.20470092,2321.2903419199997
318118,G06007310,high,False,7418.513,0.7130643653791515,3481.5167204181325,3355.4791629452398,3481.5638840881315,3415.382556388132,3094.4587595881317,3458.704617888132,3005.6314420881317,3436.053222288132
318337,G06007310,low,True,6188.488000000001,0.7130643653791515,1833.7551068338914,1867.4805081121704,1833.7674452956926,1798.5998942476926,1627.8525644596928,1676.0673922276928,1435.0449581416929,1518.5140711996928
318378,G06007327,medium,False,5585.584000000001,0.7130643653791515,2458.2268382491498,2450.414720115501,2458.23833932915,2409.23840592915,2171.3789176291502,2726.7701101291495,2391.00162632915,2995.5137836291497
318418,G06007327,high,False,14526.367999999999,0.7130643653791515,7274.13282701814,6689.845387585245,7274.206586088132,7144.657532188132,6516.216236288132,6172.735673788131,5285.573469488132,5071.777803688132
319702,G06007311,high,False,8025.912,0.7130643653791515,3726.34165926813,3561.5289110752406,3726.3518924881323,3656.1433950881315,3315.3650696881323,3633.862336188132,3152.807470788132,3541.6475918881315
319727,G06007324,medium,False,10607.127,0.7130643653791515,5169.266132108132,4837.431207035244,5169.293654888132,5074.985886488132,4617.196445788133,4666.459439088132,4020.224558388132,4164.003964088131
319774,G06007322,low,True,3450.5930000000003,0.7130643653791515,910.751700114898,960.5876262776009,910.7549280143996,891.6663816143995,799.0508988503996,1027.0271346473996,896.2874432993996,1143.3547926833994
319791,G06007326,medium,False,2430.875,0.7130643653791515,1003.54441832,1174.2850024900001,1003.5453902499999,982.3085455499997,879.2311842499998,1744.8112053499997,1599.3022469499997,2486.1503078499995
319856,G06007323,high,False,4568.655999999999,0.7130643653791515,1937.3748792005076,1994.4121655395593,1937.3839545305082,1897.192492730508,1702.1398770305077,2356.033772930508,2080.6832048305077,2774.8363217305077
319894,G06007326,high,False,8244.914,0.7130643653791515,3907.164674178133,3728.260653865239,3907.208156688132,3833.919545588132,3478.489848088132,3763.279585988132,3261.508208688132,3619.627640988132
320156,G06007311,high,False,6923.914000000001,0.7130643653791515,3174.4467328681294,3080.715261815238,3174.4706204881318,3113.455244988132,2817.434010888132,3238.927828888132,2821.029949088132,3303.624525088132
320161,G06007317,high,False,16575.502,0.7130643653791515,8360.835548148132,7644.551695035243,8360.941118688132,8213.19447848813,7496.683625188132,6950.402779388132,5938.842018388132,5540.458379288131
320175,G06007316,high,False,3660.011,0.7130643653791515,1519.9915402799945,1627.7944406900015,1519.9987327300003,1487.86342103,1331.93655263,2075.8805050299998,1855.7598468299998,2631.86895423
320213,G06007312,medium,False,7189.041,0.7130643653791515,3331.0279904081344,3220.0376107952357,3331.0564360881312,3267.4346035881317,2958.7081313881317,3350.977049788132,2915.149598088132,3371.1854270881313
320222,G06007302,medium,False,12437.053000000002,0.8407500276235722,5879.479701256264,5455.986414511053,5879.518537726265,5769.755921026265,5237.170890226264,5114.192013826265,4362.346213226265,4349.313407726264
320270,G06007326,medium,False,4851.825,0.7130643653791515,2085.029570928812,2123.8997804728406,2085.039203638812,2042.3715014388115,1835.287705238812,2461.485896038812,2169.151228638812,2838.1046646388113
320487,G06007329,high,False,7220.978999999999,0.7130643653791515,3306.9623958881316,3194.0106507552387,3306.968561088132,3243.766881088132,2936.979213388132,3333.7502783881314,2900.698211888132,3360.7702191881317
320525,G06007306,high,False,6015.415999999999,0.8407500276235722,2680.9890665406747,2650.4136468064617,2681.0030404606787,2627.568054360677,2368.1916254606776,2874.094755660678,2507.952612660678,3067.3889094606775
320554,G06007310,medium,False,3020.974,0.7130643653791515,1344.8618680700024,1481.362573999996,1344.89112337,1317.3444525700002,1183.77541147,1979.21432877,1790.63566577,2613.64575157
320610,G06007302,high,False,9284.166000000001,0.8407500276235722,4310.527156887797,4088.2059293114417,4310.577505977792,4227.251989777792,3822.9865109777925,3995.3800904777922,3424.662557177792,3680.554499277792
320924,G06007330,high,False,666.547,0.7130643653791515,281.8820178999983,542.8617049300005,281.88307061000006,275.95026991,247.13823660999998,1283.6610598099999,1242.99211681,2285.46599011
320972,G06007313,high,False,11151.182,0.8407500276235722,5423.557324559992,5062.022794279434,5423.61219365,5324.308558949999,4842.471158349999,4836.315791449999,4156.09223655,4249.476610949999
321009,G06007310,medium,False,8224.068,0.7130643653791515,3834.4802918181317,3657.0162119252377,3834.494070688132,3762.4659731881316,3412.932049288132,3711.250572288132,3217.819736388132,3588.2727373881316
321010,G06007302,low,True,3925.0110000000004,1.0497359105206039,1002.8484199250998,1046.9256750959994,1002.8477436579,981.5563083878998,878.1545134088998,1081.2980916218999,935.3408101869001,1159.8481958019
321088,G06007330,low,True,3218.116,0.7130643653791515,842.7485628891009,894.4092805129998,842.7536396244002,824.9374548324,738.5017474673998,980.6923180074001,858.6709134744001,1118.6892337794
321270,G06007317,medium,False,2761.9979999999996,0.7130643653791515,1143.0226067100018,1296.820483009999,1143.02602614,1118.84617564,1001.50373934,1834.2495521399999,1668.6004344399998,2525.55754324
321282,G06007326,high,False,6090.128000000001,0.7130643653791515,2753.6670604781298,2713.4153370052404,2753.6961166881324,2699.707158388132,2437.7881841881326,2937.8233655881318,2568.072923688132,3122.1607338881317
321308,G06007310,medium,False,2797.112,0.7130643653791515,1246.5559298600072,1393.0363659300006,1246.5713110499998,1221.3174129499998,1098.7442927499999,1919.4941443499997,1746.46201785,2592.53743865
321325,G06007322,medium,False,5187.332,0.7130643653791515,2235.757244198136,2253.735718985234,2235.7554343281327,2190.482327228132,1970.7004450281318,2567.654708728132,2257.3930676281325,2899.7030008281317
321562,G06007307,high,False,11737.532,0.8407500276235722,5675.393368419998,5275.975640119433,5675.406426249999,5571.928542149999,5069.629117049999,5016.537018749998,4307.522768049999,4358.013379549999
321580,G06007326,high,False,12168.055,0.7130643653791515,5963.075275198125,5531.028888885243,5963.1130342881315,5855.511469088133,5333.380132988132,5234.5110146881325,4497.431149488132,4506.325714788131
321627,G06007312,high,False,12586.371,0.7130643653791515,6234.566962418126,5775.5893032252425,6234.6396958881305,6122.451679588132,5578.313920788132,5428.8006122881325,4660.626823088132,4623.429641588132
321703,G06007317,high,False,22493.447,0.7130643653791515,11512.98901268813,10414.88480033524,11513.101836888132,11312.738179988131,10340.629213288132,9206.105395088132,7833.758800588133,6900.000908188131
321752,G06007313,high,False,7303.809,0.8407500276235722,3355.301564039999,3241.8824319794326,3355.3172102499984,3290.595926449999,2976.4396507499987,3356.246488249999,2912.770366849999,3357.428297749999
321880,G06007324,high,False,7904.456999999999,0.7130643653791515,3697.884704218131,3540.6542075452403,3697.8991322881316,3628.1685557881315,3289.691414788132,3613.509557088132,3135.699369688132,3529.3916555881315
3220,G06007325,medium,False,9174.259,0.8407500276235722,4287.188865389996,4053.255378969419,4287.178920249999,4206.902894949999,3817.1674229499986,4023.1177716499988,3473.0095899499993,3759.267639149999
322177,G06007312,medium,False,11123.139,0.7130643653791515,5447.017678608132,5082.030463735238,5447.072131288132,5348.0646921881325,4867.761610688132,4865.234158088131,4187.198317588132,4283.761374788131
322341,G06007302,medium,False,10647.716,0.8407500276235722,4971.450691316263,4662.777598411048,4971.493711926265,4876.9126212262645,4417.930416226265,4464.411470326266,3816.469931626265,3957.7350451262646
322452,G06007311,high,False,11113.013,0.7130643653791515,5387.5150537081245,5023.606009155239,5387.546496088133,5289.561358488132,4814.109251588132,4822.632212288132,4151.4330961881315,4258.0842618881325
322481,G06007315,low,True,4817.907,0.7130643653791515,1316.0446586779728,1357.8616566006792,1316.0562609721717,1289.0918799481713,1158.2656732831715,1298.3100048241715,1113.6238255591716,1280.6566586821716
322537,G06007301,medium,False,5994.918,0.7130643653791515,2670.7616371881318,2636.9698033952404,2670.778318288132,2618.172657488132,2362.9792372881325,2878.486117988132,2518.245571588132,3086.3671153881314
322755,G06007315,medium,False,9775.457999999999,0.7130643653791515,4672.772768248127,4395.097506075246,4672.798798888132,4586.751421288131,4169.244313188132,4311.156477688131,3721.766467288132,3949.812609388132
322777,G06007325,high,False,8404.3,0.8407500276235722,3917.177922009998,3732.8089631694315,3917.192370849999,3843.094504849998,3483.379013949999,3758.324633449999,3250.5414608499987,3599.764206949999
323010,G06007313,low,True,4918.773999999999,0.8407500276235722,1355.9043600278555,1398.3795423038428,1355.9158674440557,1328.1715077380557,1193.5219830290557,1324.7981614910555,1134.7238664650558,1293.7762616540556
323205,G06007324,high,False,14498.423999999999,0.7130643653791515,7287.3405282481235,6705.34096917524,7287.417365288131,7157.6310072881315,6528.167546588131,6182.184621788132,5293.518952388131,5077.462096188132
323319,G06007313,high,False,10375.795000000002,0.8407500276235722,4915.478481380002,4604.150142499428,4915.485996649999,4824.7213119499975,4384.0724074499985,4472.712128349999,3850.679811349999,4030.300740249999
323393,G06007310,medium,False,13646.415,0.7130643653791515,6720.55835308813,6193.160177755242,6720.593875288132,6600.357766788133,6016.815903288132,5776.567298188133,4952.7895480881325,4833.035308988132
323410,G06007314,low,True,9290.523000000001,0.8407500276235722,2805.5515508802387,2811.064009330759,2805.5664527868435,2753.729461279844,2502.047137960844,2363.943374752844,2008.6725894078436,1922.5876745148437
323517,G06007306,low,True,5542.5779999999995,0.8407500276235722,1523.3553728256206,1559.327708609691,1523.3627006517202,1492.4731872207199,1342.5500589987203,1438.6312972257201,1226.9913312687202,1354.01658605372
323556,G06007312,high,False,16672.966,0.7130643653791515,8414.531662388135,7692.387404875239,8414.622525688132,8265.993145188131,7545.115719188134,6988.800926588132,5971.123691388131,5563.609835388132
323604,G06007324,high,False,12376.0,0.7130643653791515,6053.015477088133,5607.631356835238,6053.053829488132,5943.953554988131,5414.535557088133,5298.865593888133,4551.493176088132,4545.122833188132
323818,G06007329,high,False,14743.287,0.7130643653791515,7325.555878418132,6727.621421485239,7325.615780088132,7195.228158088132,6562.633926988132,6209.511263188131,5316.483030988133,5093.951332488132
323861,G06007302,high,False,15194.236,0.8407500276235722,7370.626176596264,6769.427040731046,7370.701832926265,7235.9610197262655,6582.466426626265,6181.287900726265,5258.758962626265,4992.394238226265
323867,G06007312,medium,False,5232.354,0.7130643653791515,2281.4473324381293,2296.750254185243,2281.4616584881323,2235.365003088132,2011.747044388132,2599.894942688132,2284.208586788132,2918.468176588132
323880,G06007325,low,True,8399.694,0.8407500276235722,2471.4818454689967,2483.960944373598,2471.4986579954993,2424.7401198614994,2197.8333096614997,2116.7216358734995,1796.3927401124993,1762.1231767934996
323953,G06007302,medium,False,5772.394,0.8407500276235722,2488.9238833988115,2482.0395764528403,2488.951149228812,2437.604996928812,2188.492257428812,2717.9868203288115,2366.310414628812,2947.2304809288116
323975,G06007310,low,True,1785.524,0.7130643653791515,470.49764840190045,532.0690049429996,470.49860082960004,460.57352387760005,412.3742044716001,742.5789737736001,674.5438410906,1014.7060626666
324300,G06007315,medium,False,2880.775,0.7130643653791515,1192.0324266999987,1339.8056027299997,1192.04010045,1166.8142171499999,1044.4372211500004,1865.59860785,1692.8424354499998,2539.24971755
324868,G06007301,high,False,4988.049999999999,0.7130643653791515,2160.5017028481266,2191.7085554152345,2160.5271484881323,2116.4281542881317,1902.617104888132,2513.3407417881317,2211.496729988132,2866.302698088132
324906,G06007323,medium,False,9017.454000000002,0.7130643653791515,4336.69951990813,4107.555082135243,4336.7343156881325,4256.310879288132,3866.032031688132,4070.6623976881315,3519.7200948881323,3804.921097288132
324916,G06007306,low,True,6262.171,0.8407500276235722,1748.076487636497,1776.8489772806006,1748.0838088034998,1713.4120086614996,1545.1593945794996,1599.0373910684998,1361.5178555774996,1450.1144934644994
325015,G06007316,low,True,4324.683,0.7130643653791515,1173.195710082899,1218.829379032601,1173.2059746980995,1148.9524382510992,1031.2880383700995,1201.6268380100996,1035.5227056830995,1230.1269017090995
325086,G06007310,high,False,9690.957,0.7130643653791515,4635.049585488139,4362.903567455238,4635.074455088132,4549.654155588132,4135.213096188132,4284.162743288132,3699.092851588132,3933.535970188132
325191,G06007322,high,False,7607.674,0.7130643653791515,3572.7123977181313,3434.589940665242,3572.749867688132,3505.069614288132,3176.7546150881317,3523.9502594881315,3060.4488109881318,3475.4027792881316
325419,G06007317,medium,False,3336.458,0.7130643653791515,1369.5123922700002,1493.7819574700002,1369.5111853399999,1340.5066055399998,1199.65787654,1978.3257890399998,1779.51092034,2587.2565349399997
325525,G06007315,medium,False,9490.208,0.7130643653791515,4570.433115178133,4310.812984505241,4570.461581888132,4486.144128688131,4076.9092946881324,4237.920768388132,3660.2321310881316,3905.723665388132
325540,G06007330,medium,False,8070.5779999999995,0.7130643653791515,3778.5263209481277,3610.904268415239,3778.5518910881324,3707.432651988132,3362.439614188132,3671.223609088132,3184.186870688132,3564.128791088132
325572,G06007324,medium,False,5632.8859999999995,0.7130643653791515,2469.810245428132,2459.34294549524,2469.814852688132,2420.599502688132,2181.701192788132,2734.670843288132,2397.435118288132,2999.7279378881317
325703,G06007310,medium,False,4655.392,0.7130643653791515,1964.9619900481375,2017.4926626652432,1964.970356318132,1924.175134518132,1726.2255338181321,2373.440459518132,2093.996575618132,2782.0520062181317
325763,G06007329,low,True,13616.758,0.7130643653791515,4229.70508962422,4198.717189831669,4229.733508867523,4154.034455794523,3786.755021965524,3382.551596047523,2864.059142008523,2535.662056777523
325832,G06007329,medium,False,9486.356,0.7130643653791515,4579.170206468132,4320.04654029524,4579.230079088133,4494.705414188131,4084.778260988131,4244.176448688132,3665.476696088132,3909.476710888132
325906,G06007302,medium,False,6117.0599999999995,0.8407500276235722,2619.832320198304,2592.655302262707,2619.841963398303,2566.085675398303,2305.1088070983033,2807.287804998303,2438.8885163983027,2994.9728583983024
325917,G06007313,high,False,4387.095,0.8407500276235722,1844.5710154494882,1912.9123582793006,1844.58421663949,1805.99409793949,1618.80111163949,2290.79381803949,2026.53674303949,2737.1297434394896
326062,G06007314,medium,False,5016.983,0.7130643653791515,2153.1644040381307,2182.37072164524,2153.1713282881324,2109.237838288132,1896.0147905881317,2508.081576688132,2207.083707888132,2863.158812188132
326096,G06007327,high,False,5282.033,0.7130643653791515,2346.0461703481346,2348.890420685247,2346.028523358132,2300.175254058132,2077.551047358132,2668.051843058132,2353.825982458132,2990.158297458132
326168,G06007317,low,True,8557.916000000001,0.7130643653791515,2576.859515929522,2590.2821614426693,2576.8872835575235,2528.8035271305234,2295.5238426255232,2199.7617354945232,1870.4349885285233,1822.838198506523
326359,G06007301,low,True,5219.6410000000005,0.7130643653791515,1441.7796782391242,1479.9127936566672,1441.7895521535233,1412.681123125523,1271.4346412385232,1387.478280154523,1188.0819562095232,1333.2788094045231
326452,G06007315,high,False,15225.669,0.7130643653791515,7726.299666288123,7096.56799561524,7726.414330688132,7589.258876288131,6924.170680788131,6496.3466812881325,5557.389373788132,5266.810448388132
326460,G06007327,low,True,3215.9339999999997,0.7130643653791515,843.0015799862995,894.7568695589995,843.0070132386003,825.1915151466001,738.7464610386002,980.9146658856,858.8810770266,1118.8902789636
326464,G06007306,medium,False,7413.942999999999,0.8407500276235722,3390.684906819998,3270.41571047943,3390.705370649999,3325.376428549999,3008.364788849999,3381.5607018499986,2934.040242449999,3372.673251049999
326505,G06007324,low,True,383.29599999999994,0.7130643653791515,99.649085205601,170.31873196800046,99.64935015840001,97.54032889439998,87.3040997304,504.8747791464,490.4248794024,910.1084873424
326537,G06007315,medium,False,3859.879,0.7130643653791515,1602.7588196689783,1699.9248193091698,1602.7646599289812,1568.940147528981,1404.814506928981,2129.890946228981,1898.200308528981,2657.1265683289807
326584,G06007323,high,False,11174.423999999999,0.7130643653791515,5559.863316198127,5191.315405965241,5559.939889088133,5459.038909388131,4969.595881788133,4945.999889388131,4255.020791488132,4332.485346088131
327709,G06007326,medium,False,4786.3150000000005,0.8407500276235722,2027.0992236181244,2070.982413485239,2027.1038836481318,1985.311023848132,1782.486865548132,2418.4857289481324,2132.169837548132,2810.019096548132
32781,G06007329,low,True,10009.938999999998,0.8407500276235722,3055.505102954725,3056.507513720668,3055.5287645955227,2999.463699196523,2727.371205334523,2542.283294566523,2158.1746352055234,2029.279475401523
32798,G06007315,low,True,1419.7690000000002,0.7130643653791515,379.19343026880136,443.752237271,379.19868227010005,371.2121118531,332.4789680120999,684.4642205421001,629.7820044501,989.7595454661001
327997,G06007315,low,True,4772.009,0.7130643653791515,1278.876570198023,1319.192561921669,1278.8827797615234,1252.4954091855232,1124.4608589615232,1270.9016097345232,1090.1547944505232,1263.0106158915232
328040,G06007312,medium,False,13839.186,0.7130643653791515,6936.38697411813,6396.254766105245,6936.471406888131,6812.5552001881315,6211.528314088131,5931.058550688131,5082.532826388131,4926.128921288132
328154,G06007315,medium,False,6117.450000000001,0.7130643653791515,2807.416237879659,2763.255375476201,2807.43678452966,2752.85122192966,2487.89102022966,2980.9498286296603,2606.92506272966,3154.69779482966
328326,G06007316,medium,False,3777.2259999999997,0.7130643653791515,1571.6428401399999,1672.8876124099997,1571.6503509700003,1538.51885997,1377.7396383700002,2110.52089587,1883.55743157,2649.5185449699998
328442,G06007317,medium,False,4056.668,0.7130643653791515,1691.80212016898,1779.0728630897406,1691.8148825989817,1656.106152598982,1482.8860152989819,2187.0284969989816,1942.491937898982,2682.3632775989818
328497,G06007308,medium,False,6085.632,0.8407500276235722,2682.636039009997,2648.0735965294325,2682.6492612499987,2629.1452201499987,2369.547192249999,2874.877260449999,2508.4015210499992,3067.281334849999
328574,G06007329,high,False,16335.872,0.7130643653791515,8197.097232008133,7496.125813955239,8197.145634688131,8052.234234788131,7348.952559988133,6833.203130888132,5840.420316888132,5469.854442888132
328598,G06007310,high,False,12566.525000000001,0.7130643653791515,6236.672173308129,5778.615292755236,6236.7284050881335,6124.543307488131,5580.225456488131,5430.317544688132,4661.898929988132,4624.353511088133
32893,G06007313,high,False,5723.583999999999,0.8407500276235722,2645.1900752018655,2620.258087154194,2645.223361461867,2594.2135555618675,2346.6754539618673,2879.772190261867,2530.317160861867,3114.602809161867
329005,G06007317,medium,False,970.0889999999999,0.7130643653791515,412.8108021300008,658.2127864000001,412.81329767000005,404.1354276699999,361.99475547000003,1367.84554857,1308.36185307,2322.91907577
329060,G06007312,low,True,8687.724999999999,0.7130643653791515,2624.1475520787235,2636.801758944671,2624.164344829523,2575.3086611205226,2338.182550108523,2233.605569224523,1898.869422577523,1843.2308088705233
329197,G06007325,high,False,5167.258,0.8407500276235722,2210.723585561696,2234.0690654167197,2210.731231151696,2165.282150351696,1944.647429451696,2539.691323851696,2228.239960951696,2868.8304061516956
329234,G06007326,medium,False,11979.896,0.7130643653791515,5833.265863168132,5413.394318475241,5833.300291888132,5727.8853308881335,5216.286945188132,5141.604342888133,4419.3833478881315,4450.364404488132
329248,G06007324,medium,False,13233.771,0.7130643653791515,6547.3746083281385,6046.20587169524,6547.412728288133,6430.082868388132,5860.554813988132,5652.641046488132,4848.6721437881315,4758.378309588132
329307,G06007307,high,False,6996.089,0.8407500276235722,3170.0578303999982,3076.7660167594254,3170.0801290499994,3108.4257102499987,2809.307420949999,3223.6824159499993,2801.413100149999,3277.5069285499994
329479,G06007306,high,False,12465.908,0.8407500276235722,6054.899454439999,5608.738064159427,6054.928390449999,5945.0983987499985,5412.065061649999,5288.107902449999,4535.649643549999,4521.712196649999
329557,G06007326,high,False,12934.555,0.7130643653791515,6420.214410888138,5938.655258075247,6420.276870688131,6304.999109788132,5745.819036588131,5561.667394788132,4772.244398088133,4703.480449388132
329625,G06007329,medium,False,4072.928,0.7130643653791515,1865.4414136999994,1936.9633630199974,1865.4589682,1828.8549549,1651.1596278000004,2345.0514602,2094.2129138,2824.8260511
329755,G06007322,high,False,10235.006000000001,0.7130643653791515,5045.249825858129,4737.653928285239,5045.323745088132,4953.004265188132,4505.2965515881315,4577.725561688132,3945.6616797881325,4110.514152488132
329880,G06007307,high,False,4636.596,0.8407500276235722,1944.2259647983064,1999.3801303421396,1944.2334976883021,1903.5842282883018,1706.3350451883025,2355.173779288302,2076.722402788302,2766.249301688302
32998,G06007310,medium,False,8835.022,0.7130643653791515,4212.706670768121,3995.492352315239,4212.741737888133,4134.382496688133,3754.147322788132,3981.919030288132,3445.177508688132,3751.4349156881317
330011,G06007308,low,True,6868.429,0.8407500276235722,1966.2393555567014,1992.0629028086007,1966.2640321274996,1927.9087992674995,1741.9718252474995,1755.1618679054995,1492.6686773024994,1544.1860649884998
33010,G06007316,medium,False,9785.39,0.7130643653791515,4691.179551358129,4412.621448625241,4691.212772688132,4604.877660188131,4185.868152088133,4324.319978288132,3732.809528788132,3957.809333788132
330320,G06007316,medium,False,10306.015,0.7130643653791515,4950.158028578127,4638.488428185237,4950.185824088132,4859.493079188131,4419.509644888132,4509.655033488131,3888.522769688132,4069.428106788132
330373,G06007326,high,False,12816.892,0.7130643653791515,6284.244672168132,5810.544563115238,6284.295466888132,6171.304984888131,5623.146740288132,5464.339520288131,4690.498301888132,4644.833071688132
330379,G06007325,high,False,11333.010999999999,0.8407500276235722,5435.086381939989,5062.408602919427,5435.114980449998,5335.607346449999,4852.854715749998,4844.5627304499985,4163.058373849998,4254.345467249998
330626,G06007324,medium,False,8215.826,0.7130643653791515,3891.263287948134,3714.252614315241,3891.3119090881323,3818.3028899881324,3464.168355788132,3751.885267188132,3251.9293103881323,3612.8137468881323
330630,G06007310,medium,False,3125.59,0.7130643653791515,1286.5236100600036,1421.5927369600008,1286.5230167,1259.2925275999999,1127.0605305,1925.5459643000002,1738.8869819,2564.679468
330715,G06007313,high,False,6894.171,0.8407500276235722,3135.9361038800034,3049.1323618794295,3135.9675870499996,3074.8748924499987,2778.513941949999,3199.265059549999,2780.8936751499996,3262.805051549999
330861,G06007330,high,False,17432.883,0.7130643653791515,8852.75462651813,8079.887953025247,8852.804902288131,8696.968921288131,7940.479809388131,7302.446071588132,6234.579728788132,5752.667591988132
330917,G06007327,high,False,10108.219000000001,0.7130643653791515,4917.584170848129,4617.986549195244,4917.617468688133,4827.503571188132,4390.130075488132,4486.353807788131,3868.922033288132,4055.4600386881316
330951,G06007310,low,True,4960.089,0.7130643653791515,1381.5449292703731,1422.732094562079,1381.5579918667722,1353.689796084772,1218.480008154772,1348.4269796047724,1157.5505877937724,1315.4027730697721
331154,G06007301,low,True,4759.572,0.7130643653791515,1273.163010574224,1313.347486090666,1273.1677039356232,1246.8852598596231,1119.3488106936231,1266.933000126623,1086.8892427926232,1260.7865756346232
33122,G06007316,high,False,14975.606,0.7130643653791515,7483.3141069981375,6870.223921365234,7483.376888488132,7350.336487488132,6704.963360588132,6322.434972988132,5411.339499088132,5161.961452188131
331233,G06007329,medium,False,4730.8460000000005,0.7130643653791515,2062.0967759199966,2106.905219870002,2062.11379833,2020.0539130299999,1815.9627043300002,2449.0861636299996,2160.97605773,2836.21706513
331301,G06007314,medium,False,9617.855,0.7130643653791515,4582.909172878139,4315.617708705237,4582.933512288133,4498.380796488133,4088.168520388133,4246.843178588132,3667.7471473881324,3911.042614388132
331340,G06007322,high,False,13695.466,0.7130643653791515,6730.228779258136,6200.094389145235,6730.263005888131,6609.821647988132,6025.514525288132,5783.498742588132,4958.630912888133,4837.122433988132
331341,G06007326,low,True,5102.094,0.7130643653791515,1392.8400784111698,1430.5797495936774,1392.8472407866716,1364.5936796746719,1227.4672606366717,1352.9948108776716,1159.4195618146714,1313.2560409696716
331402,G06007312,medium,False,4303.067,0.7130643653791515,1798.662615029999,1871.2450057799992,1798.66714963,1761.0301503299997,1578.35322283,2260.7227825299997,2002.8489952300001,2722.9286610299996
331414,G06007307,high,False,3441.6440000000002,0.8407500276235722,1423.4200023599974,1542.4025183799977,1423.4174433199996,1393.31536602,1247.1712975200003,2013.6111280199998,1807.3019018199998,2603.9062123199997
331442,G06007316,high,False,3965.6440000000002,0.7130643653791515,1661.8468097294829,1752.6116380493063,1661.8583996094897,1626.9792172094897,1457.7827687094898,2171.17276730949,1932.30900310949,2680.59842240949
331507,G06007314,low,True,3764.0469999999996,0.7130643653791515,995.5190740634997,1044.354832976,995.5288917189,974.5391364218999,872.7222981519,1079.5474201539,935.8219117029,1163.6340507699
331594,G06007315,high,False,4107.7880000000005,0.7130643653791515,1750.8174052589795,1830.6332419091732,1750.820415838981,1714.7008050389811,1539.403785138981,2238.817232738981,1991.3762935389807,2726.918074738981
331785,G06007330,low,True,4843.17,0.7130643653791515,1319.555463942965,1360.848128615848,1319.5669087560648,1292.5213752270645,1161.3024319800643,1300.4222332920644,1115.1739461030643,1281.3740401230646
331806,G06007326,medium,False,12831.435000000001,0.8407500276235722,6493.796733018124,6018.461882605237,6493.8827574881325,6377.357620288132,5812.208357288131,5614.352394988133,4816.474565388131,4735.258254088132
331895,G06007325,high,False,13235.114,0.8407500276235722,6482.864466429999,5987.187642509428,6482.908386849998,6365.906050349997,5798.18960225,5594.370383849999,4792.921116849999,4706.287389449999
332111,G06007317,high,False,7105.004999999999,0.7130643653791515,3292.087537168128,3186.6135436552413,3292.119042088132,3229.1211922881316,2923.5585854881315,3323.123778688132,2891.754990188132,3354.351153788132
332146,G06007307,medium,False,8778.32,0.8407500276235722,4117.051004770002,3908.8726106094277,4117.082049049999,4039.5946364499996,3663.70553855,3901.368853249999,3370.7068950499997,3685.921987449999
332275,G06007308,high,False,4184.222,0.8407500276235722,1746.029487809993,1826.3202692494322,1746.0397081499991,1709.2545660499986,1530.7862774499995,2222.845883449999,1970.9003686499987,2699.773737149999
332422,G06007301,high,False,18067.525999999998,0.7130643653791515,9096.041658898133,8283.58400596524,9096.117384688132,8936.13331888813,8160.0075793881315,7476.517108488131,6380.830189588132,5857.520899488132
332427,G06007326,medium,False,8462.909,0.7130643653791515,4071.320883608639,3875.921396465935,4071.376137848642,3995.623989448643,3628.1000292486424,3885.118937348642,3366.2880084486424,3699.2239823486416
332831,G06007325,medium,False,6883.233,0.8407500276235722,3136.9776266199997,3050.672864999429,3136.9985846499994,3075.909284449999,2779.456805149999,3200.017656849999,2781.5259336499994,3263.258002949999
332882,G06007316,medium,False,4834.241,0.7130643653791515,2080.9507034493154,2120.7549458624003,2080.9643057193202,2038.3811444193202,1831.74842631932,2458.9908508193203,2167.28863921932,2837.18115981932
332912,G06007327,high,False,7353.610000000001,0.7130643653791515,3448.75835712813,3326.947919135238,3448.7890062881324,3383.1884642881323,3064.9088256881323,3435.247548988132,2985.937216388132,3421.941600588132
333021,G06007330,low,True,14204.071,0.7130643653791515,4489.502426846721,4460.583758312665,4489.569796753523,4409.489784160523,4021.1554662015237,3568.4831939625233,3020.2188772995232,2647.748872681523
33306,G06007308,medium,False,14631.249,0.8407500276235722,7258.259474959996,6672.412342199433,7258.318991249998,7128.362762749999,6497.765057949999,6149.248418349999,5259.038546749998,5040.744802449999
333077,G06007326,low,True,514.298,0.7130643653791515,136.0023448581003,206.00818982100026,136.00307595419997,133.13482001819995,119.2137195312,528.3040876392,508.6522216362,920.6170048122001
333451,G06007316,medium,False,799.0079999999999,0.7130643653791515,329.6363436800032,583.9031389600001,329.63718224,322.66029424000004,288.79731624000004,1313.68296104,1265.88052024,2297.75637904
333460,G06007310,low,True,4505.302000000001,0.7130643653791515,1204.1152990954263,1247.582764632501,1204.1261456416305,1179.0491178616303,1057.4187309556303,1218.6055620496304,1046.8951696576305,1233.1663241836302
33351,G06007313,medium,False,6951.99,0.8407500276235722,3184.9740901299992,3094.1619597294352,3184.9931132499987,3123.113690949999,2822.765315249999,3234.362434649999,2810.375819849999,3283.974450449999
333544,G06007326,low,True,7887.671,0.7130643653791515,2327.9281436868205,2343.937079529667,2327.941525699523,2284.0402838955233,2070.9415673655235,2021.6166562845233,1720.7898064785231,1715.479494046523
333734,G06007324,high,False,7044.017,0.7130643653791515,3295.706991769151,3192.432848176069,3295.735242099152,3232.9081462991508,2927.9772365991516,3329.0135823991513,2898.5510929991515,3362.5823818991507
333802,G06007301,high,False,7527.217000000001,0.7130643653791515,3526.243406628136,3393.3821418752445,3526.275360688132,3459.3808255881318,3134.831444788132,3490.6890608881317,3032.512841788132,3455.3646751881315
333884,G06007310,high,False,5346.432000000001,0.7130643653791515,2328.334929778134,2336.3202159652415,2328.339120088132,2281.482076588132,2054.062475788132,2633.438117088132,2312.3926745881317,2938.7019763881317
333918,G06007311,medium,False,9615.253,0.7130643653791515,4565.134937818133,4298.055483645242,4565.150065888132,4480.906996588132,4072.135074188131,4234.119003988131,3657.064956188132,3903.3721573881317
333938,G06007328,high,False,12117.339,0.7130643653791515,5904.967048609998,5481.041111809431,5904.999181649999,5797.684363449999,5276.796293249999,5180.817864549999,4445.509283049999,4457.080290549999
334069,G06007315,low,True,1649.888,0.7130643653791515,433.75099844790105,496.12621243499996,433.7536059611999,424.5965654112,380.1425188302,718.9596376752,656.2071899382,1004.2116311652001
334086,G06007312,high,False,2990.3910000000005,0.7130643653791515,1282.0480798899991,1423.14962153,1282.0606958399997,1255.24185494,1125.11307334,1928.4565343399997,1744.7518571399999,2574.94974814
334099,G06007306,low,True,11327.994999999999,0.8407500276235722,3458.492256807001,3448.5045120396003,3458.5156305314995,3395.2629712994994,3088.3242088754987,2823.0364512614997,2389.7393844015,2187.8066452064986
334210,G06007327,medium,False,3092.021,0.7130643653791515,1284.1551542599993,1421.0034666900006,1284.1585930300002,1257.0180108299999,1125.2815665300002,1924.90561773,1738.94043833,2565.7541167299996
334246,G06007313,high,False,11883.318,0.8407500276235722,5811.726362469997,5403.02625780943,5811.782965649999,5705.972303649998,5192.6637590499995,5114.108681349999,4389.459279749999,4416.845478649999
334250,G06007301,low,True,6382.753000000001,0.7130643653791515,1799.327079004223,1824.8278505836688,1799.3313036015234,1764.2503073085231,1594.0094064855232,1643.3377780905234,1403.0291827665233,1487.4622776615233
334345,G06007301,high,False,8031.214,0.7130643653791515,3842.060862558132,3676.233931345239,3842.0899774881323,3769.9396353881325,3419.7604588881322,3716.7084390881323,3222.3718687881324,3591.5948917881315
334397,G06007329,high,False,11366.035,0.7130643653791515,5547.03576793813,5166.70506212524,5547.080486088133,5446.423594488133,4958.036217688132,4936.788054788132,4247.318423988132,4326.910395988132
334495,G06007324,medium,False,14507.457,0.7130643653791515,7098.4902846881305,6516.148686115241,7098.516718288132,6971.972481988132,6357.788629388133,6046.981495788132,5179.978558488132,4996.014542188132
334618,G06007322,medium,False,7275.605,0.7130643653791515,3393.9585659081317,3277.08898201524,3393.980812688132,3329.313596888132,3015.466160788132,3396.028011188132,2952.993197088132,3398.313652188132
334727,G06007301,medium,False,5642.005,0.7130643653791515,2504.805679618132,2493.6963241652406,2504.8269604881325,2454.9964338881314,2213.2686008881324,2759.728864788132,2418.473977388132,3014.814588988132
334736,G06007310,low,True,3191.9040000000005,0.7130643653791515,841.9222617497995,894.4143316920005,841.9295607156,824.1566206355999,737.9347353966001,980.6180845025999,858.8975154906,1119.3731669076
334748,G06007330,low,True,1219.151,0.7130643653791515,313.1022057722998,377.5032309160008,313.1027084618999,306.4622798349,274.2127385319,641.1236563479,595.6029553809,969.1775576439001
334789,G06007311,high,False,13065.940999999999,0.7130643653791515,6374.491814268131,5884.924155735243,6374.537089088131,6260.026202088131,5704.529741388133,5528.913036388132,4744.759795088132,4683.713204988131
3348,G06007311,high,False,5024.987,0.7130643653791515,2222.536025760002,2244.4694550100003,2222.54400239,2178.38322319,1963.96949889,2573.31401019,2270.64755159,2924.2974623899995
335892,G06007315,low,True,5978.1900000000005,0.7130643653791515,1752.7767379855911,1786.2547558681706,1752.7902961525936,1719.074270207593,1555.3880335915935,1619.8398897895927,1388.7817303735928,1487.0397982135928
33603,G06007313,low,True,4456.147999999999,0.8407500276235722,1195.1652917739202,1240.2251804806917,1195.17428291972,1170.18880850372,1048.9584122517201,1211.08926167972,1039.95079802972,1227.08304871472
336117,G06007307,low,True,2292.897,0.8407500276235722,648.0129142059411,707.7527515241803,648.0177269901413,634.9374137931413,571.4005297461414,866.3338412811413,776.6521159941412,1084.7166299841413
336231,G06007314,low,True,14608.963,0.8407500276235722,4600.317559022725,4565.578341320669,4600.365213583524,4518.452130877523,4121.128023508523,3647.7788911425228,3086.8501776435232,2695.514403823523
33648,G06007327,low,True,7977.543000000001,0.7130643653791515,2371.452233244344,2387.914872683158,2371.4696458836447,2326.8783415806442,2110.421145954645,2053.3955619216445,1747.8425666496446,1735.5394202226444
336582,G06007301,medium,False,6684.082,0.7130643653791515,3071.4272392081334,2993.1726116552413,3071.461623088132,3012.147343988132,2724.470269588132,3165.2077123881318,2759.0967977881323,3259.1929824881317
336663,G06007316,medium,False,3515.098,0.7130643653791515,1449.5501077200001,1564.7782297,1449.54887654,1418.87492414,1269.95189694,2030.00518874,1819.7794551399998,2610.57696674
336791,G06007317,low,True,3899.73,0.7130643653791515,1032.4669801882762,1078.1931089106815,1032.4670877040717,1011.0187051960716,906.9274629130717,1108.5020641150713,961.5700171330716,1184.5943210710716
336884,G06007326,high,False,12913.75,0.7130643653791515,6214.6741280581355,5734.5217341852385,6214.660752688133,6102.9640850881315,5560.413655088132,5414.512606188131,4648.669981088133,4614.868724588132
337083,G06007314,low,True,4002.86,0.7130643653791515,1055.500702760268,1102.5761905076804,1055.5097410237715,1033.2377368987716,925.2100012927716,1117.7032797547718,965.1968367217717,1179.9692224957716
337085,G06007323,low,True,10614.77,0.7130643653791515,3303.742429227324,3304.844824494671,3303.7869754815224,3243.5474464815234,2951.3293879785233,2719.9405223775234,2307.400187863523,2136.3507601275232
337210,G06007316,high,False,10858.867,0.7130643653791515,5303.773052648132,4955.8437551552415,5303.818002688133,5207.229490088132,4738.545870988133,4762.716885388132,4101.080569288132,4222.004541188132
337252,G06007330,medium,False,5301.019,0.7130643653791515,2338.301398188131,2349.1062778952396,2338.325598488132,2291.274515488132,2063.044071888132,2640.5793865881324,2318.377034088132,2943.0109693881313
337276,G06007301,low,True,7670.02,0.7130643653791515,2239.706813663423,2255.816717437667,2239.7198555895234,2197.284224491523,1991.335618621523,1958.483260084523,1667.7579699495232,1677.414968638523
337302,G06007314,medium,False,4400.367,0.7130643653791515,1878.1067652800004,1944.092217880001,1878.12378422,1839.1781285199997,1650.24870752,2318.2357162199996,2051.52208412,2758.4990334199997
337364,G06007315,low,True,13413.27,0.7130643653791515,4166.338273642526,4137.586001748668,4166.371233415523,4091.7053485275233,3729.572016085523,3337.2175376205228,2825.9774097885233,2508.2996459115234
337388,G06007314,high,False,9571.193,0.7130643653791515,4577.436344538126,4312.863036325241,4577.454805288133,4493.034878988132,4083.2491950881317,4242.916827388132,3664.4405097881327,3908.7419625881316
337473,G06007301,high,False,3861.0389999999998,0.7130643653791515,1626.7015478800008,1722.3355299400005,1626.7127831399998,1592.67482694,1427.5002383400001,2150.16707544,1916.9919309399997,2673.75386744
33750,G06007314,high,False,3444.82,0.7130643653791515,1429.0599142694884,1546.5011289692984,1429.05994704949,1399.04118064949,1253.3709637494899,2020.95783024949,1815.3399218494897,2612.9353704494897
337718,G06007314,medium,False,3549.044,0.7130643653791515,1472.368613340002,1585.8852985999965,1472.3760161199998,1441.23949942,1290.1657654200003,2045.27602062,1832.00624362,2618.28258942
337812,G06007328,low,True,5653.207,0.8407500276235722,1537.315910052301,1570.2122590486015,1537.3203595154994,1506.1704297254992,1355.0073423704994,1448.2123229054991,1234.8187747544994,1359.2122328894993
337901,G06007327,low,True,6454.85,0.8407500276235722,1855.8018210426237,1884.1719391916683,1855.8178592235233,1819.786658815523,1644.9736339815233,1683.7592700195232,1436.9720312025233,1511.842305445523
337988,G06007327,low,True,8743.784,0.7130643653791515,2653.2738201615193,2666.5922421986693,2653.3001957415236,2603.950140511523,2364.4644227745234,2254.4487480285234,1916.3709666585232,1855.807391203523
338226,G06007317,medium,False,2915.483,0.7130643653791515,1206.1276092399946,1351.270045779435,1206.1255763099994,1180.711350909999,1057.3746574099991,1876.389114009999,1702.306169809999,2546.703859809999
338271,G06007308,high,False,13083.701000000001,0.8407500276235722,6459.529818200002,5973.385638879428,6459.585364249999,6342.959835849999,5777.1239225499985,5577.685956749999,4778.892572949999,4696.236918549999
338333,G06007322,high,False,6794.454,0.7130643653791515,3077.8529161181327,2992.4826138652406,3077.851017888132,3018.486718288132,2730.289622688132,3169.796434688132,2762.971792588132,3261.955854388132
338416,G06007314,medium,False,9108.705,0.7130643653791515,4279.884545478148,4045.4718323052343,4279.889105688133,4200.432680288131,3814.786416288133,4029.981457788132,3485.582089388132,3780.358335788132
338590,G06007329,high,False,3775.1780000000003,0.7130643653791515,1588.5848021999975,1687.8677069100002,1588.5906636900002,1555.4682943899998,1394.70421039,2127.53938759,1900.60954189,2666.62324409
338694,G06007308,high,False,2568.2430000000004,0.8407500276235722,1061.654648270004,1225.369064959999,1061.6582306900002,1039.1936110899999,930.17890919,1782.0923547899997,1628.19892889,2502.60484629
33875,G06007324,medium,False,5672.893,0.8407500276235722,2570.11002999915,2556.20066802607,2570.1333601791507,2519.2806602791507,2272.5116897791513,2807.421536379151,2459.0572142791507,3044.899918979151
338776,G06007310,high,False,13504.167,0.7130643653791515,6671.188523248127,6152.8147001552425,6671.178089688134,6551.802394388133,5972.220768688132,5741.256224188133,4923.160224088133,4811.670608388132
338827,G06007329,low,True,5830.805,0.7130643653791515,1652.9705055354664,1686.4964660642488,1652.9824152570652,1620.3957072780654,1462.2359672460652,1539.3689137050656,1316.1015479220653,1425.8928861540653
338830,G06007322,low,True,2492.827,0.7130643653791515,715.3957875456022,776.5763026769959,715.4077746626999,700.8122952746999,629.9959089626999,908.1729389487,808.2005022867,1100.9937406137
338932,G06007315,high,False,4099.784,0.7130643653791515,1743.7246435300017,1827.1954400800005,1743.74562629,1707.2863770899999,1530.4576840900002,2226.30943439,1976.67274039,2709.0027063899997
338950,G06007315,high,False,5408.784,0.7130643653791515,2369.7774963581323,2373.788584785238,2369.792150488132,2322.2251029881318,2091.442757088132,2663.094171488132,2337.301774988132,2956.5758026881317
338961,G06007308,medium,False,6210.763,0.8407500276235722,2716.77763726,2674.1711554594294,2716.7774356499995,2662.736332549999,2400.3574983499993,2899.289420549999,2528.917411749999,3082.026861249999
339136,G06007311,medium,False,7111.591,0.7130643653791515,3302.4435607491446,3196.0498043755088,3302.4649559291506,3239.3664358291503,2933.0787308291506,3331.0039642291504,2898.64022452915,3359.82757042915
339156,G06007310,medium,False,11922.913,0.7130643653791515,5936.876044628127,5520.05503079524,5936.949987488131,5829.750383888133,5309.743211788133,5215.799638288132,4481.670948188132,4495.068628188132
339373,G06007323,high,False,10088.092,0.7130643653791515,4930.028834438133,4631.607619905239,4930.069485288132,4839.735561488133,4401.342968988132,4495.267448288132,3876.403900588132,4060.8270239881317
339445,G06007317,medium,False,15391.01,0.7130643653791515,7713.460003088136,7073.240255815243,7713.533694288131,7576.663917588132,6912.625180488132,6487.129897388133,5549.672395788131,5261.275251988132
339530,G06007326,medium,False,10351.977,0.7130643653791515,4932.628645768129,4617.554028815241,4932.620044288133,4842.312184488132,4403.728351988133,4497.097308688131,3877.977895188132,4061.9201763881315
339714,G06007308,high,False,15894.505000000001,0.8407500276235722,7921.57408441,7254.136296789435,7921.617919049999,7780.585271949998,7096.202260649999,6623.947265849999,5657.8243303499985,5326.769794249999
339716,G06007308,high,False,4331.474,0.8407500276235722,1811.5706902094828,1883.671231689298,1811.5808442094897,1773.5209814094899,1588.8722894094897,2266.71309610949,2006.0460939094899,2721.9683909094897
339924,G06007322,low,True,2185.9990000000003,0.7130643653791515,571.423121469901,629.921236237999,571.4260899291,559.3424858721,500.7125753721001,806.8998353961,724.1325159711,1042.4149689021
339927,G06007311,medium,False,3322.6079999999997,0.7130643653791515,1371.9086600399992,1497.014266539999,1371.9111636399998,1342.87861294,1201.97133584,1980.4774227399998,1781.5637117400001,2589.14612074
339963,G06007315,medium,False,7312.8240000000005,0.7130643653791515,3337.8245191881324,3219.0980729952375,3337.8249360881323,3274.1228042881316,2964.850658088132,3355.825303788132,2919.246595188132,3374.091926088132
340006,G06007329,medium,False,8761.829,0.7130643653791515,4029.4857126186444,3816.8311366253697,4029.457590268641,3954.3123435686402,3589.0447625686406,3851.156732668641,3335.5845838686405,3673.2552524686407
340035,G06007326,low,True,6059.5470000000005,0.7130643653791515,1699.6936343739235,1728.708849080669,1699.6993412415231,1666.282778047523,1504.1288799735232,1572.0410336625232,1343.132758633523,1444.4978777355232
340330,G06007316,low,True,4131.563,0.7130643653791515,1088.5216876880825,1134.0469414675104,1088.5287327071785,1065.6364162811785,954.5813453921788,1140.1077797531789,983.3314421051788,1191.7626799331788
340588,G06007325,low,True,7400.226000000001,0.8407500276235722,2138.8173895682994,2159.5011057266024,2138.8298593094996,2097.6374026124995,1897.6929512624993,1878.6527624954992,1596.4049831294997,1618.6597232054994
340623,G06007307,high,False,11482.451000000001,0.8407500276235722,5588.679692269991,5205.888664769427,5588.726722649999,5486.6526949499985,4991.43405715,4954.491867849999,4255.378220149999,4320.641567749999
341084,G06007308,high,False,12454.965,0.8407500276235722,6047.747749670005,5602.981078149442,6047.7980766499995,5938.010228949999,5405.584633949999,5282.989822349999,4531.362182449999,4518.55783655
341375,G06007311,low,True,5384.209000000001,0.7130643653791515,1476.1757619303257,1510.79079275267,1476.179343127523,1446.5012737065229,1302.4705251525231,1412.089969018523,1208.7633773475231,1348.1018725755232
34150,G06007306,medium,False,9815.619,0.8407500276235722,4648.584595340004,4373.672548859425,4648.613253849999,4562.242702549998,4143.25890035,4281.737074749999,3690.247195949999,3915.145030749999
341604,G06007301,high,False,10190.600999999999,0.7130643653791515,4944.120127708125,4639.022358655238,4944.151836688132,4853.593500088131,4414.046149088132,4505.348685388131,3884.8780362881316,4066.8921130881317
341649,G06007316,medium,False,2017.0549999999998,0.7130643653791515,840.0918701699998,1032.000095780001,840.0979478499999,822.3459314500001,736.21839435,1640.8100659499999,1519.2224810500002,2441.58842865
341666,G06007312,medium,False,9163.825,0.7130643653791515,4368.860980528132,4130.572886495239,4368.888280288133,4287.918723588133,3895.052993488132,4093.675740088132,3539.066128588132,3818.7503146881318
341829,G06007317,medium,False,4079.2720000000004,0.7130643653791515,1715.37184879898,1800.5471202591716,1715.3879451289808,1679.3624881289807,1504.6388706289806,2205.351827428981,1958.7015277289809,2695.431030328981
341861,G06007302,high,False,8933.364,0.8407500276235722,4046.006939916264,3848.002541691051,4046.038466126265,3966.922495226265,3582.9776695262653,3802.147985726265,3260.138695626265,3558.590398526265
341937,G06007311,medium,False,13433.738000000001,0.7130643653791515,6719.8064879281355,6206.054996495233,6719.876175288133,6599.586343688132,6016.097307288132,5776.055460988133,4952.341948388132,4832.700908688132
341946,G06007313,low,True,6536.204,0.8407500276235722,1865.4084395607188,1894.4287397906887,1865.4154513221201,1828.8050093841198,1651.0945485891202,1683.27758378312,1432.42953449912,1501.25897845712
342082,G06007310,low,True,6652.996,0.7130643653791515,1908.311407964724,1933.6838633666655,1908.3230344635228,1871.4145855155227,1692.3475098735232,1721.333932564523,1468.5432981885233,1534.4747651415232
34217,G06007316,low,True,9309.268,0.7130643653791515,2799.9806792442314,2804.7613280856713,2800.008971983523,2748.168423370523,2496.810468025523,2359.4255890605236,2004.578489551523,1919.0144037855232
342177,G06007316,high,False,13222.543999999998,0.7130643653791515,6565.964102088135,6065.580100255242,6566.027460088133,6448.338241688132,5877.333229988131,5665.963240788133,4859.8481869881325,4766.380901788132
34223,G06007310,low,True,9672.16,0.7130643653791515,2967.965700221428,2974.160378871667,2967.9838450215234,2913.397881904523,2648.383083163524,2479.6467309195236,2105.551852762523,1991.538823858523
342272,G06007315,medium,False,8262.921,0.7130643653791515,3931.997702828125,3751.385293935242,3932.018995688132,3858.3763877881324,3500.9028151881325,3781.0550149881324,3276.4368494881323,3630.3777894881323
342318,G06007306,medium,False,8151.351000000001,0.8407500276235722,3841.052155100004,3672.9177989594314,3841.1016944499997,3768.2189110499985,3414.6884718499996,3703.8685544499995,3204.7712204499994,3566.9366097499988
34238,G06007317,high,False,2545.121,0.7130643653791515,1060.75584699,1225.5794517800016,1060.76211203,1038.3561209299996,929.61899553,1782.17511333,1628.67148323,2503.67590553
342444,G06007328,high,False,1213.4430000000002,0.7130643653791515,500.54561364999864,733.6046399000013,500.54689569,489.95197379000007,438.5303021900001,1423.00247539,1350.41345389,2345.4989555899997
342550,G06007317,high,False,13409.789,0.7130643653791515,6627.576492308133,6115.407684515239,6627.623604688133,6508.90112148813,5932.899576088132,5710.051084488132,4896.907775788131,4792.895976088132
34263,G06007328,high,False,5836.504,0.8407500276235722,2509.0836842299987,2490.437900029426,2509.069073049999,2458.5276138499994,2212.9870296499994,2750.6627830499992,2404.063469249999,2992.462141949999
342815,G06007317,high,False,24203.321000000004,0.7130643653791515,12354.834052298133,11146.657510725243,12354.939738688132,12140.479522788131,11100.084613088131,9808.547126188132,8339.869325388132,7262.977428488131
342841,G06007324,high,False,12126.603,0.7130643653791515,6041.558134318126,5611.464973925242,6041.6350108881325,5932.680686988131,5404.178769888133,5290.719489488132,4544.603786288132,4540.209469988131
343030,G06007301,medium,False,6829.877,0.7130643653791515,3127.551006148133,3039.8332103352404,3127.5723178881317,3067.346678488132,2775.1208178881325,3205.367559988132,2792.837816488132,3283.403660488132
34369,G06007327,high,False,20323.281,0.7130643653791515,10213.891782118131,9256.013981705237,10213.86798588813,10035.340848488131,9168.51432278813,8276.44220598813,7052.889314188131,6339.559880988132
34392,G06007328,low,True,8626.39,0.8407500276235722,2553.3687020939988,2564.7485185696014,2553.3860925194986,2505.2649402374996,2271.7129119614992,2175.3130472624994,1845.6137390234999,1797.4533120674996
344064,G06007307,medium,False,10730.901,0.8407500276235722,5103.78087779,4769.53413820943,5103.799129049999,5009.8769984499995,4553.955875249999,4607.461622449999,3963.87107975,4111.521380449999
344249,G06007330,high,False,9604.329000000002,0.7130643653791515,4600.48908224813,4333.89928859524,4600.520789488131,4515.672070888131,4104.024606488132,4259.427801988132,3678.3096798881325,3918.6427036881323
344352,G06007328,high,False,16915.716,0.7130643653791515,8463.964414499998,7730.7244473394285,8464.050558449999,8313.922000649998,7585.572076549999,7012.072938449998,5983.845189749998,5560.754294349998
344397,G06007327,high,False,12204.644,0.7130643653791515,5963.720366118134,5529.5173313452415,5963.759546888132,5856.137862588132,5333.971213588133,5234.969015488132,4497.819821588131,4506.591387188131
34444,G06007328,high,False,18449.516,0.8407500276235722,9144.719689990005,8313.217411169433,9144.748998449999,8983.24453805,8199.671021449998,7499.230050749999,6393.1591269499995,5854.160752449999
344455,G06007316,high,False,2182.625,0.7130643653791515,898.5138409699981,1081.9748994199992,898.5145623499999,879.4895687499999,787.1456570500001,1677.42685515,1547.0696966499997,2456.40796505
344550,G06007317,low,True,1390.7180000000003,0.7130643653791515,384.66247746780135,450.7203977499997,384.6681541962,376.62685536419997,337.60822217220004,688.9569396492001,633.8745751512001,993.2707361652
344672,G06007324,low,True,11509.827000000001,0.7130643653791515,3511.05811290242,3495.23593791767,3511.0717178595232,3447.406273870523,3138.379315021523,2868.268509688523,2432.0362670325226,2225.7352480125232
344735,G06007325,medium,False,3031.393,0.8407500276235722,1261.9268309400018,1401.9309198699984,1261.93550159,1235.2643771899998,1105.87599249,1910.90122199,1728.2429773899999,2559.95769479
344773,G06007325,medium,False,5102.827,0.8407500276235722,2201.814437240677,2229.178164297028,2201.8351389406785,2156.5344272406783,1936.746831340679,2533.7266539406787,2223.4486924406788,2865.7905051406788
344969,G06007313,medium,False,12001.217999999999,0.8407500276235722,5878.980319369997,5462.82553930943,5879.051070649999,5772.092159149998,5253.348605349999,5162.237487549999,4429.884733749999,4445.849139449999
344999,G06007316,high,False,22646.218999999997,0.7130643653791515,11561.216375208127,10453.459248835228,11561.343638088132,11360.05532128813,10383.992440788132,9240.65995618813,7862.807392088131,6920.615361888133
345040,G06007301,high,False,5544.779,0.7130643653791515,2471.58806510813,2466.624791175238,2471.618398688132,2422.330847988132,2183.292449688132,2735.965770788132,2398.5028476881316,3000.493275488132
345115,G06007316,low,True,565.649,0.7130643653791515,149.5742959871995,219.2392418930005,149.57467929809997,146.42124044309998,131.10990812009996,537.0025516491,515.3894619411,924.4441392261
345121,G06007310,medium,False,2367.071,0.7130643653791515,980.3413619399983,1154.3559705899993,980.3455979299999,959.6079447299999,858.9832480299999,1730.2071138299998,1588.15639363,2480.14046333
345152,G06007324,low,True,8341.157,0.7130643653791515,2462.5641201072294,2473.4961228496713,2462.5810356135235,2416.399509439523,2192.3970984015236,2117.9611478565234,1801.7375033925232,1773.500840737523
345176,G06007327,high,False,5436.253,0.7130643653791515,2369.2128109981227,2371.360441385249,2369.216094288132,2321.6778873881317,2090.942323388132,2662.6924719881317,2336.9674619881316,2956.3301963881318
345191,G06007301,high,False,9391.578000000001,0.7130643653791515,4537.91529313864,4284.439120125373,4537.959757808641,4454.192441108641,4047.6761077086408,4214.92038650864,3641.046455408641,3892.271485308641
345249,G06007329,low,True,5104.565,0.7130643653791515,1415.6879659081906,1453.1859424061688,1415.693189931193,1387.400346996193,1250.046843639193,1375.049161494193,1181.1585876031932,1334.5354501321929
34538,G06007302,medium,False,12612.993,0.8407500276235722,5943.939899046264,5508.824430841049,5943.963787126265,5833.166703226265,5295.350581526265,5160.318588326265,4401.092866426265,4377.139549726266
345440,G06007301,high,False,16445.650999999998,0.7130643653791515,8448.065230118122,7739.423134465247,8448.177631888131,8298.98372178813,7575.366286088132,7012.862537588131,5991.288218388132,5578.122439088131
34559,G06007330,low,True,10328.588,0.7130643653791515,3157.3639368924237,3155.2451527556673,3157.3938636375233,3099.613280833523,2819.2614346185237,2615.181649438523,2219.409543919523,2073.1990832175234
345627,G06007313,medium,False,3312.1810000000005,0.8407500276235722,1376.476272779487,1500.4292820492997,1376.4746612594902,1347.6147048594898,1207.5510654594898,1988.04147415949,1790.3370860594898,2599.68022245949
345688,G06007330,high,False,4374.907,0.7130643653791515,1846.534739550003,1916.3616016694305,1846.5502982699995,1807.808897769999,1619.8558352699993,2290.101086269999,2024.761995369999,2733.780425469999
345883,G06007324,medium,False,4587.533,0.7130643653791515,2143.568922729999,2187.621397020002,2143.6120514699996,2101.5039907699993,1897.31655287,2530.2488814699996,2241.9754037699995,2917.0529683699997
346100,G06007306,low,True,7166.904,0.8407500276235722,2051.6300116263,2073.320681032597,2051.6402271014995,2011.8898486574994,1819.0280599154996,1816.2674950124992,1544.0040742124993,1581.0237636764994
346242,G06007324,low,True,9365.796999999999,0.7130643653791515,2833.991534901326,2839.6508282346704,2834.022179827523,2781.632896111523,2527.5151508595236,2383.768684984523,2025.0138013155233,1933.7223188325233
346419,G06007326,medium,False,11193.93,0.7130643653791515,5426.115889918137,5057.503620445241,5426.160201688132,5327.513874188133,4848.927783688132,4850.218342988132,4174.615675488132,4274.753620688132
346567,G06007327,medium,False,9408.607,0.7130643653791515,4493.918371478132,4239.817245325241,4493.9454534881315,4410.905086688132,4007.889810588132,4183.153240288132,3614.2306242881323,3872.719505988132
346622,G06007311,high,False,8739.137999999999,0.7130643653791515,4141.170831808133,3930.176970395239,4141.198669888132,4064.045602288132,3689.634339988132,3930.7300686881326,3402.177095488132,3720.578758488132
346631,G06007310,medium,False,4083.987,0.7130643653791515,1707.7682261889815,1792.3905231297422,1707.776861978982,1671.922187578982,1497.9475602789823,2200.358487678982,1954.759913478982,2693.056616178982
346735,G06007316,high,False,5059.849,0.7130643653791515,2186.1738362281335,2212.60336441524,2186.186026288132,2141.687763688132,1925.7907996881322,2531.710866788132,2226.930940088132,2877.385918088132
347059,G06007326,low,True,13487.345000000001,0.8407500276235722,4233.9245640792205,4209.063384151668,4233.962256103523,4158.189222571522,3790.547339410524,3385.572234115523,2866.5878034375237,2537.507701501523
347212,G06007324,low,True,4305.482,0.7130643653791515,1141.3659444445511,1186.5020060965876,1141.3770826807506,1117.3951677727505,1001.0822464747508,1174.5112843777508,1010.3091566377509,1207.724777055751
347292,G06007316,medium,False,2089.935,0.7130643653791515,865.6286827899993,1053.81429566,865.63222985,847.32230735,758.4734783500002,1656.80075385,1531.37337575,2448.03252145
347356,G06007322,medium,False,3548.5180000000005,0.7130643653791515,1532.5390218099988,1642.1510232999997,1532.5506991299999,1500.9341589299997,1347.49499323,2097.1854991299997,1880.5801519299998,2661.94886203
347642,G06007312,medium,False,5558.7660000000005,0.7130643653791515,2433.5976328681336,2427.7469629952398,2433.6055076881316,2384.989153188132,2149.013004888132,2708.7635971881323,2375.666839388132,2984.106470288132
347644,G06007301,medium,False,7921.903,0.7130643653791515,3702.9087221481336,3544.790738255238,3702.9338398881314,3633.090262788132,3294.2213875881325,3617.1048569881323,3138.7205224881322,3531.539040188132
347666,G06007330,medium,False,2136.337,0.7130643653791515,883.7727606200046,1069.5785054100031,883.7748921100001,865.07914861,774.3439128099999,1668.33045041,1540.24217041,2452.95081361
347861,G06007308,medium,False,6587.715,0.8407500276235722,2979.0180183810185,2909.974188560259,2979.032661281018,2920.871771681018,2638.5276470810186,3091.526442081018,2692.9616443810182,3204.2934968810177
347955,G06007328,high,False,4685.938,0.7130643653791515,2009.7901332711913,2061.005961937162,2009.8060587911882,1968.130659791188,1765.898225191188,2403.290459991188,2117.798168991188,2796.925360191188
348018,G06007314,medium,False,5070.957,0.7130643653791515,2179.979999308135,2205.7985739752467,2179.990695488132,2135.5960635881315,1920.2009133881324,2527.271629988132,2223.206154888132,2874.7115563881316
348260,G06007310,medium,False,9609.597,0.7130643653791515,4576.280306348133,4309.388754095241,4576.300429488132,4491.870919588131,4082.193542988132,4242.1021641881325,3663.762124288132,3908.1915753881317
348363,G06007329,medium,False,3716.374,0.7130643653791515,1523.7289860300014,1628.7228337300082,1523.7283232199995,1491.4397657199997,1334.7069457199996,2076.7809116199996,1855.5296813199998,2629.9494459199996
34838,G06007310,high,False,5286.241,0.7130643653791515,2297.384802728131,2309.251807375235,2297.395077488132,2251.0413762881317,2026.1304331881315,2611.293346288132,2293.787049988132,2925.346472188132
348460,G06007314,medium,False,6892.479,0.7130643653791515,3271.0435366391566,3174.6261280460694,3271.077296679151,3209.0048841791513,2907.7182488791505,3317.224182279151,2891.9171761791513,3363.637185879151
348641,G06007316,medium,False,2325.755,0.7130643653791515,968.3170837800023,1144.4151495700019,968.32175205,947.8614217499999,848.57986645,1722.89839025,1582.74332845,2477.5455021499997
34879,G06007322,high,False,32981.262,0.7130643653791515,17090.66257452814,15316.809136955235,17090.843329888132,16797.13188948813,15372.78457318813,13197.60336748813,11186.85830748813,9305.397672488132
34883,G06007329,high,False,12805.021999999999,0.7130643653791515,6221.772762818131,5748.802964485238,6221.789257088132,6109.925865388132,5566.819448788132,5419.599121888132,4652.928774788132,4617.940349288132
349024,G06007317,high,False,5173.238,0.7130643653791515,2282.3588841481364,2301.273991155244,2282.375693688132,2236.273412688132,2012.572729588132,2600.550631188132,2284.751091788132,2918.887749188132
349135,G06007302,low,True,12186.344000000001,1.0497359105206039,3617.318601978643,3600.5524760737344,3617.3257810995474,3549.656903137547,3221.1523956945466,2906.215673239547,2442.483641350547,2195.356185112547
349167,G06007324,low,True,6578.9929999999995,0.7130643653791515,1875.2493802065223,1900.2762446746688,1875.2572593015232,1838.914115968523,1662.5234400945233,1697.6667872025232,1448.6626154295232,1520.2289171685234
349308,G06007313,high,False,16028.16,0.8407500276235722,8020.911076130011,7344.932076169429,8020.961000249998,7878.280182249999,7185.8444467499985,6695.0177562499985,5717.523349249998,5369.658273649999
349498,G06007308,medium,False,13766.802,0.8407500276235722,6797.770611900001,6267.447551459436,6797.808582849999,6675.567833149998,6082.281022549999,5819.725626249998,4982.229823149999,4842.121155349999
349655,G06007308,medium,False,5096.761,0.8407500276235722,2264.5570072918654,2287.7847780741986,2264.5851335518673,2218.8209656518666,1996.7811827518672,2588.6266575518666,2275.172962251867,2912.8423568518665
349729,G06007329,medium,False,14669.561000000002,0.8407500276235722,7314.952708368128,6721.685259635244,7315.021224488133,7184.804707388132,6553.079047388132,6201.930600988131,5310.104742088131,5089.394326488131
349841,G06007326,high,False,8329.83,0.8407500276235722,3905.3846674481306,3721.02007263524,3905.407294088132,3832.1828143881316,3476.8978203881325,3761.9965304881316,3260.442118688132,3618.8564271881323
349890,G06007314,medium,False,3855.7540000000004,0.7130643653791515,1726.594608,1816.387942199997,1726.6233428800003,1691.7266147800003,1522.4806885799999,2235.82436648,1996.8982674800002,2745.16842908
349942,G06007308,high,False,18418.605,0.8407500276235722,9270.007177439995,8439.976660119433,9270.08778165,9106.501080149998,8312.80570865,7588.886973949998,6468.411269749999,5908.378947749999
34999,G06007330,high,False,5119.358,0.7130643653791515,2215.5283822881315,2238.1180033352402,2215.5384858881316,2170.5568464881317,1952.279161888132,2552.714129388132,2244.5755799881317,2890.052716188132
350115,G06007306,low,True,1968.8960000000002,0.8407500276235722,519.7919305130986,580.3307396250034,519.7973420303999,508.8231978354,455.6017927944,774.2390147274001,699.1039379064,1028.7164854104
350307,G06007322,low,True,4755.088,0.7130643653791515,1280.467737188721,1321.6423922066704,1280.4759509775233,1254.0612047595232,1125.895335130523,1272.0435128325234,1091.1106579185234,1263.7008314175232
350390,G06007327,low,True,9595.67,0.7130643653791515,2970.3190858728267,2980.4778770796656,2970.3588461115237,2915.688902293523,2650.509355087524,2481.338763688523,2106.965829865523,1992.5409050715234
350457,G06007315,medium,False,3756.8149999999996,0.7130643653791515,1571.2592588699993,1673.50937938,1571.2681647299999,1538.17169043,1377.56526063,2110.75399333,1884.03151443,2650.3574893299997
350586,G06007326,high,False,13027.267,0.7130643653791515,6493.536067618128,6006.023926545238,6493.610495688132,6377.101846888132,5811.9823461881315,5614.132119288131,4816.309201488131,4735.131413488132
35076,G06007308,high,False,7008.5380000000005,0.8407500276235722,3239.766555991019,3143.155127000258,3239.798862991018,3177.3001980910185,2874.013604291018,3278.8200582910185,2850.6700288910183,3318.131186991018
350821,G06007314,medium,False,6912.249,0.7130643653791515,3142.447110818138,3049.524525705243,3142.455934888132,3081.991302488132,2788.5642343881323,3216.025720088132,2801.802202888132,3289.806374288132
350867,G06007324,low,True,411.448,0.7130643653791515,106.98192141840131,177.45789684000076,106.98221535120001,104.71805003520001,93.72886729920002,509.5665286032,494.0537326752,912.1597681992
350958,G06007322,medium,False,7698.184,0.7130643653791515,3504.007153708135,3360.4042221552418,3504.007355488132,3437.554113288132,3114.795908588132,3474.7235637881317,3019.1255025881323,3445.806943288132
351104,G06007314,high,False,5412.7970000000005,0.7130643653791515,2381.0553836181275,2384.7606621252403,2381.073926288132,2333.306714588132,2101.6123844881317,2671.1744205881323,2344.086658188132,2961.428379688132
35127,G06007307,low,True,7458.786,0.8407500276235722,2141.5351994820007,2160.078074853601,2141.5463537895,2100.282920977499,1900.1182097834994,1880.6047410764995,1598.0555856494993,1619.7795654044996
352265,G06007316,high,False,1695.6770000000001,0.7130643653791515,701.9644624500004,910.3340362000029,701.96720151,687.11755361,615.05935781,1552.0329482099999,1450.30922431,2402.1500994099997
352278,G06007329,medium,False,9897.556999999999,0.7130643653791515,4801.285477768133,4515.402168775241,4801.339718888132,4713.122105488132,4285.194624088132,4403.138242888132,3799.0075623881316,4005.279368788132
352470,G06007301,medium,False,13020.299,0.7130643653791515,6439.783278268131,5952.553161535239,6439.8292372881315,6324.251238488132,5763.459058788132,5575.666331988132,4784.013061288131,4711.915807088131
352546,G06007316,low,True,1303.403,0.7130643653791515,325.45660719599977,388.25924158699905,325.45277168670003,318.5149165317,284.79127873770005,648.2979878997,600.6981276057,971.1790909287
352551,G06007317,medium,False,2755.8160000000003,0.7130643653791515,1139.468163679991,1293.575734660004,1139.4711354799997,1115.36304358,998.3641007800001,1831.8997293799998,1666.73533898,2524.41221048
352630,G06007326,medium,False,3108.463,0.8407500276235722,1346.6291411499992,1479.0827978099974,1346.6467216199999,1318.8926963199997,1184.23046432,1977.1241519199998,1787.0136047199999,2607.7299279199997
352686,G06007312,medium,False,11793.598,0.7130643653791515,5750.233792758132,5342.557244465239,5750.2775096881305,5646.206947688132,5141.350455088132,5082.200446088131,4369.483913588132,4414.505534688132
352708,G06007323,low,True,8327.027,0.7130643653791515,2465.4994927404214,2477.2779717596673,2465.517427309523,2419.288190668523,2195.0478691395233,2120.067448087523,1803.502635187523,1774.770838459523
352891,G06007326,low,True,3320.038,0.7130643653791515,873.5022327779998,924.9029038620001,873.5075556102,855.0595820592,765.5571066402001,1000.6898959182,874.3378293641999,1127.9301779562
352981,G06007327,medium,False,6337.742,0.7130643653791515,2867.439280658129,2811.359426085237,2867.456370888132,2811.587814688132,2540.4503705881316,3019.228820288132,2636.468296588132,3171.2320873881317
35315,G06007314,low,True,12053.524,0.7130643653791515,3783.7060774809274,3773.084932158667,3783.7519136475235,3715.5006583305226,3384.362207197523,3063.4091257995233,2595.931131991523,2343.360663619523
353152,G06007325,medium,False,6511.6050000000005,0.8407500276235722,2907.495174210002,2845.3743374294295,2907.510240649999,2850.2652872499993,2572.4356926499995,3035.7825088499994,2643.565217549999,3164.291182449999
353285,G06007301,medium,False,9072.062,0.7130643653791515,4365.872667808137,4133.530605775242,4365.934734688133,4284.96609558813,3892.341826088132,4091.539617588132,3537.252221988132,3817.4815645881317
353404,G06007313,low,True,5515.778,0.8407500276235722,1516.9899609899985,1553.545172717601,1516.999326097499,1486.1908780424992,1336.6630019294992,1433.6750291204994,1222.5963034514994,1350.4632686024993
353452,G06007301,medium,False,5728.302,0.7130643653791515,2589.458476478811,2572.3727951322694,2589.479154998811,2538.2560835988106,2289.674114698811,2820.423752498811,2469.511323298811,3051.561226198811
353564,G06007316,medium,False,2742.94,0.7130643653791515,1137.7880168999975,1292.570072040001,1137.7935756000002,1113.7323211000003,996.9841623000004,1831.1009753,1666.2904399,2524.493732
353597,G06007329,medium,False,3198.579,0.7130643653791515,1335.629130229998,1466.9509764600007,1335.6383213699999,1307.4351307700001,1170.57357277,1958.4069405699997,1765.20029207,2581.28116237
35377,G06007316,low,True,3080.6540000000005,0.7130643653791515,801.1619709660015,853.144160904001,801.1637773146001,784.2077613216001,701.9172703746001,953.6429854776,837.4757962836001,1106.1814949736001
353770,G06007314,medium,False,6222.2029999999995,0.7130643653791515,2794.3012964981335,2745.8411998452398,2794.320023288132,2739.643628788132,2474.431710988132,2966.8966357881322,2592.5153917881316,3139.639436288132
353976,G06007326,high,False,4607.646,0.7130643653791515,1980.3994729399988,2034.0456252099991,1980.4166846100002,1939.6069733099998,1741.60793651,2388.72980491,2109.2119214100003,2797.1968608099996
354017,G06007314,medium,False,4181.178,0.7130643653791515,1738.216959099487,1819.2918700098714,1738.2262716894909,1701.4936766894905,1523.2663815894912,2215.879302089491,1964.275893989491,2693.6593647894906
354182,G06007316,medium,False,7050.3369999999995,0.7130643653791515,3257.6213703081285,3155.5825354352405,3257.6462124881323,3195.2362213881315,2892.469317388132,3298.463011888132,2871.0389235881316,3339.486433688132
354256,G06007310,medium,False,3198.745,0.7130643653791515,1322.4301081899987,1453.8453014799973,1322.4317695500001,1294.4563500499999,1158.66526555,1948.95116015,1757.26168545,2575.57026975
354422,G06007315,low,True,453.936,0.7130643653791515,117.94933528560145,188.1223935360004,117.94964307840002,115.4530387584,103.33558221839999,516.5762086344,499.4706744264,915.2126873664
354459,G06007330,medium,False,6770.402,0.7130643653791515,3154.893564118639,3070.3595096453723,3154.923803928641,3094.2744273286407,2799.963149328641,3225.4587587286405,2809.981366228641,3296.240269328641
354763,G06007323,high,False,14247.938,0.7130643653791515,7087.95675925813,6521.3742986252455,7087.996370088131,6961.623213288132,6348.260389288131,6039.498378388133,5173.657797288131,4991.496956688132
355030,G06007308,medium,False,8930.386999999999,0.8407500276235722,4190.117026630003,3972.2541025894275,4190.145672049998,4111.431315449999,3729.616025449999,3953.653942349999,3414.636719449999,3717.415588749999
355039,G06007316,medium,False,7416.201999999999,0.7130643653791515,3437.588298528131,3312.1324305752396,3437.6178376881326,3372.2020266881323,3054.838733988132,3427.2303011881318,2979.2136303881316,3417.1208663881316
355114,G06007317,medium,False,3119.905,0.7130643653791515,1300.3958871299974,1435.8263517800028,1300.40401995,1272.9290850500001,1139.6301397500001,1935.65896695,1747.48049085,2571.0034097499997
355137,G06007329,medium,False,6989.481,0.7130643653791515,3206.06261900813,3107.82342245524,3206.075740688132,3144.5526968881322,2845.945668088132,3261.5588398881323,2840.041766588132,3317.260338088132
355147,G06007311,low,True,3363.6189999999997,0.7130643653791515,877.5882561977998,927.908261216999,877.5900910791,859.0291467471001,768.9496101651,1002.7504629561,875.5877861121,1127.9722854111
355180,G06007326,medium,False,9128.89,0.7130643653791515,4360.94491512813,4124.868463555241,4360.978632488132,4280.14277148813,3887.9196693881318,4088.0070378881314,3534.297159488132,3815.3598263881313
355243,G06007301,low,True,3653.8769999999995,0.7130643653791515,975.7802928635997,1024.7004178599998,975.7876387518003,955.4715159318001,856.8794088288001,1071.1057328418,931.9278735948001,1166.5041307638
355462,G06007313,medium,False,7235.319,0.8407500276235722,3314.773331119999,3205.9157121794383,3314.793709649999,3250.737461649999,2939.8686472499994,3327.2383448499995,2888.403991449999,3339.943964349999
355776,G06007313,low,True,12707.534,0.8407500276235722,3906.1602420939003,3883.4988569086026,3906.1874863935,3835.464526687499,3492.2300950214994,3143.392630810499,2658.8500224284994,2380.8974720865
355904,G06007317,low,True,6512.182000000001,0.7130643653791515,1872.0531260601222,1899.687543064669,1872.0670120035234,1835.768275858523,1659.6356648055228,1695.3845391225232,1446.7406833125233,1518.8529377595232
35592,G06007308,medium,False,7306.898,0.8407500276235722,3315.615406129994,3202.334995169426,3315.628027849999,3251.5541357499987,2940.633315349999,3327.8412742499995,2888.9207912499987,3340.274358449999
356154,G06007302,medium,False,739.9369999999999,0.8407500276235722,304.8474725800012,562.135773949999,304.84857731,298.39294301,267.06605811000003,1297.79498851,1253.57461391,2290.76456131
356319,G06007324,high,False,4436.746000000001,0.7130643653791515,1978.131837259996,2034.08962074,1978.1429881000001,1938.5789613,1746.5097552999998,2407.3062508000003,2136.1777898,2836.6415656
356530,G06007325,high,False,5914.305,0.8407500276235722,2583.9345754199967,2560.4524751994354,2583.9457390499983,2532.094824149999,2280.4978903499996,2804.2403090499984,2449.0642268499987,3024.7159979499984
356591,G06007307,high,False,7956.526000000001,0.8407500276235722,3636.7068357499975,3481.290525089429,3636.7099870499987,3567.3099475499985,3230.337563449999,3557.6089389499984,3081.9367359499993,3478.789814749999
356614,G06007328,low,True,6741.955,0.7130643653791515,1883.8172095029001,1906.1642087945988,1883.8172161934992,1846.8844182494993,1667.6243624564995,1696.1666466134993,1443.1217843684994,1508.6463067904995
356773,G06007301,high,False,15464.832,0.7130643653791515,7710.829310258132,7066.468347445238,7710.895336288131,7574.044452388131,6910.225202288131,6485.231450088131,5548.105995388132,5260.077010388131
356867,G06007307,high,False,15849.289,0.8407500276235722,7863.163721179997,7199.068332159433,7863.2163750499985,7723.123492249997,7043.499406749999,6582.142240649999,5622.713601849999,5301.540528949999
357089,G06007315,high,False,13059.392,0.7130643653791515,6439.812081728131,5950.099162595241,6439.856003888131,6324.281554088133,5763.481800188132,5575.679657088132,4784.027161688133,4711.928736688131
357210,G06007301,low,True,15196.112000000001,0.7130643653791515,4730.279245907124,4683.750567744667,4730.3036016315245,4646.259561943523,4238.396836309524,3740.7529014255238,3164.974319641523,2751.5672344335235
357366,G06007302,medium,False,4829.773999999999,0.8407500276235722,1995.938256220003,2043.8471202200035,1995.9397328200002,1953.7111756200002,1748.74269052,2379.82132732,2090.48161772,2763.84009372
357416,G06007310,high,False,15158.71,0.7130643653791515,7552.298751248136,6927.123246435243,7552.310880088133,7418.2082599881305,6767.178269188133,6371.780131688132,5452.820564288133,5191.725224988131
357758,G06007301,medium,False,15575.332999999999,0.7130643653791515,7780.807390118125,7129.296773185237,7780.870941888132,7642.877075188131,6973.372067588132,6535.290416188132,5590.157525388133,5290.302253988131
35794,G06007316,medium,False,3045.411,0.7130643653791515,1275.3810734300014,1414.589937329999,1275.3889347600002,1248.4815175600002,1117.9059205600001,1920.19946316,1735.8695193600001,2565.12029326
357961,G06007308,high,False,15366.517,0.8407500276235722,7559.583454709999,6926.870965629432,7559.61116085,7424.622766349999,6769.616279949999,6364.876524149999,5440.218857049999,5170.600941049999
35812,G06007307,high,False,4504.870999999999,0.8407500276235722,1986.5990759518659,2040.830545434191,1986.6268909918672,1946.544780591867,1752.098158091867,2407.3784526918666,2132.864840191867,2828.329808391867
358283,G06007329,high,False,17011.410000000003,0.7130643653791515,8395.780589018128,7652.177956925239,8395.794519888132,8247.60562198813,7528.232632888132,6975.318760288132,5959.853196588132,5555.517219788131
358521,G06007311,low,True,5407.326999999999,0.7130643653791515,1482.262988722825,1516.5254926536677,1482.265908199523,1452.486420811523,1307.9613791085235,1416.4452893025232,1212.4231356105233,1350.7257720495231
358629,G06007317,medium,False,4263.12,0.7130643653791515,1804.898297120002,1877.963871680001,1804.90774706,1767.4433089600002,1585.6270586599999,2269.9758497599996,2013.30862696,2735.19684926
3588,G06007310,high,False,5773.888,0.7130643653791515,2554.5945662781273,2534.975478705241,2554.601469488132,2503.9654164881317,2258.190970788132,2795.349014688132,2448.405934188132,3036.291681488132
359026,G06007310,low,True,2361.869,0.7130643653791515,626.5735753220987,684.8392658100013,626.5795473441001,613.3648389560999,549.2713094631001,842.8996132311,752.4196662261,1059.2555305911
35943,G06007316,high,False,7730.923,0.7130643653791515,3602.27863224813,3456.5402618552394,3602.3017178881323,3534.130354488132,3203.4230038881324,3545.097753688132,3078.234776188132,3488.1174294881316
360459,G06007314,medium,False,4167.234,0.7130643653791515,1772.279085080001,1848.5506610199996,1772.28388722,1735.7741892199997,1558.5136767200001,2253.36039222,2003.1331064199999,2734.59527962
360588,G06007313,low,True,6489.758,0.8407500276235722,1821.0423665699989,1847.507786697601,1821.048875383499,1785.1695069914995,1610.9893059434994,1651.2493135304994,1405.3757958434994,1481.6000764814994
360638,G06007322,high,False,12457.234,0.7130643653791515,6088.079688708136,5637.687297775241,6088.113824088132,5978.415673388132,5446.165508588132,5323.9595714881325,4572.584580288132,4560.211592388132
360733,G06007311,high,False,6237.615,0.7130643653791515,2817.311956418131,2767.7577254252406,2817.331551488132,2762.2872201881314,2495.220668488132,2983.3621980881317,2606.339315088132,3149.5969048881316
36084,G06007315,medium,False,6188.403,0.7130643653791515,2796.6327449881323,2750.3191867552396,2796.654550488132,2741.950678188132,2476.561368688132,2968.561511288132,2593.9068037881316,3140.677987588132
360877,G06007310,medium,False,5132.693,0.7130643653791515,2246.3792270191516,2266.54922993607,2246.3935552091507,2201.0870669091505,1981.194421009151,2577.9448669091507,2267.533028109151,2909.678467309151
3609,G06007301,high,False,28840.066,0.7130643653791515,14686.825381848137,13179.542795575242,14686.770541688133,14433.545056988132,13204.020904588131,11477.36114518813,9741.883484588132,8268.557507988133
36094,G06007314,medium,False,16239.957,0.7130643653791515,8158.557566848129,7464.089542375239,8158.64205388813,8014.292911888129,7314.17375108813,6805.640335888131,5817.253586988132,5453.192942888132
360966,G06007308,medium,False,12584.332,0.8407500276235722,6118.206191929994,5664.634288709434,6118.241244249999,6007.333113149998,5469.168282149999,5333.405878749999,4573.707889549998,4548.999188049998
360978,G06007308,low,True,7415.361000000001,0.8407500276235722,2142.7692082083,2163.2938618545995,2142.7856085194994,2101.5170785664995,1901.2595533154997,1881.4816152704993,1598.7810384614995,1620.3578090144997
361062,G06007312,high,False,8738.023000000001,0.7130643653791515,4149.809689828127,3939.475482495235,4149.861550488131,4072.4833471881316,3697.3892108881323,3936.9158641881318,3407.382523488132,3724.235505788132
361408,G06007324,high,False,11362.598,0.7130643653791515,5499.69292563813,5119.832346105239,5499.723591688133,5399.873614888131,4915.323429388132,4902.890155888132,4218.858667588132,4306.480787788132
361449,G06007329,high,False,11054.545,0.7130643653791515,5334.469601278135,4974.619345885234,5334.4966312881315,5237.382577588132,4766.240616788133,4784.670047888132,4119.556002688132,4235.167200688132
361608,G06007313,high,False,10909.945,0.8407500276235722,5333.765041779996,4987.523561199434,5333.812278449999,5236.0105150499985,4761.428663949999,4772.077822049999,4102.130188849999,4210.730900249999
361658,G06007330,low,True,6776.031,0.7130643653791515,1940.170208210724,1963.4773364606697,1940.177886499523,1902.748223872523,1721.0944555485235,1744.1294100525233,1487.6934631875233,1548.2218695195234
361711,G06007301,medium,False,8762.334,0.7130643653791515,4159.434202518132,3947.13824950524,4159.481490888133,4081.9956614881316,3706.1167679881323,3943.7923764881325,3413.1427113881323,3728.466990388132
361756,G06007323,high,False,5674.144,0.7130643653791515,2552.693111998133,2539.170641185237,2552.7185374881315,2502.090423988132,2256.4667722881322,2794.0125832881317,2447.262313588132,3035.4811941881317
361794,G06007308,low,True,13024.235,0.8407500276235722,4006.2321073152,3980.9331555835997,4006.268181373499,3933.8423881155,3582.5035532264988,3214.9905125924993,2719.0080511004994,2424.033301564499
362095,G06007301,high,False,10136.271,0.7130643653791515,4954.625242918124,4653.587774745241,4954.699228488133,4863.864111388131,4423.515139088133,4512.882740188132,3891.198554988132,4071.371175988132
362196,G06007313,low,True,5926.6900000000005,0.8407500276235722,1631.7140414588998,1662.6535315946,1631.7178030754997,1599.0011353574994,1440.1773432584994,1515.7620753644992,1291.5619824224993,1399.9403614424996
362230,G06007316,medium,False,3616.397,0.7130643653791515,1501.3673863600015,1611.4343917099964,1501.37565311,1469.6298543099997,1315.6026507099998,2063.91744441,1846.4789618099999,2626.5700083099996
362332,G06007313,high,False,8521.099,0.8407500276235722,4018.487123039992,3826.37519401943,4018.508314049999,3942.720158349999,3574.7753271499996,3830.8268516499993,3311.437964249999,3643.4825008499984
362407,G06007306,medium,False,5790.429,0.8407500276235722,2518.140231249986,2502.6220783294334,2518.146701249999,2467.4028797499986,2221.139937849999,2757.157104149999,2409.513273049999,2996.340900549999
362439,G06007313,medium,False,7836.343999999999,0.8407500276235722,3644.833505090004,3497.2494846894288,3644.8717454499993,3575.2693959499993,3237.658861349999,3563.44645685,3086.8222888499995,3482.283374649999
362625,G06007322,high,False,7777.017,0.7130643653791515,3652.8500548181314,3503.9532970652376,3652.8900678881323,3583.857593588132,3249.0436282881315,3581.2944832881317,3108.626372088132,3509.948124688132
362877,G06007314,medium,False,4843.478999999999,0.7130643653791515,2071.1737592381346,2111.2192582358134,2071.184017928133,2028.6381890281327,1822.1389409281333,2449.705610028133,2158.197604428133,2828.383977628133
362914,G06007315,medium,False,5807.987,0.7130643653791515,2662.714713849828,2635.1841266631022,2662.7265570298305,2611.02841722983,2359.9924276298307,2885.11592022983,2530.76479612983,3107.73581762983
363151,G06007310,medium,False,5430.855,0.7130643653791515,2382.333301218644,2384.5642997453715,2382.3494514286413,2334.5993310286412,2102.868515628641,2672.358615628641,2345.230874628641,2962.5632318286407
363287,G06007310,medium,False,7010.156000000001,0.7130643653791515,3232.7248405081364,3133.314946535239,3232.7552002881316,3170.758690188132,2870.013447688132,3280.640870888132,2856.063714888132,3328.7623055881318
363305,G06007316,medium,False,7568.26,0.7130643653791515,3498.759815968129,3363.488320635241,3498.773074688132,3432.3510123881315,3110.0346779881315,3471.012295288132,3016.0027172881323,3443.478367688132
363391,G06007314,low,True,4211.764000000001,0.7130643653791515,1098.7875513278993,1142.4151159886007,1098.7907522192993,1075.659207972299,963.3884475032994,1146.1145334392995,987.6262610072994,1193.5241541122996
363400,G06007310,high,False,20477.694,0.7130643653791515,10300.179752728134,9332.388490975234,10300.229478688132,10120.176573788132,9246.39422468813,8338.189031788132,7104.7088797881315,6376.839066388133
363526,G06007315,high,False,5339.456999999999,0.7130643653791515,2337.806321288136,2346.183322395241,2337.819892288132,2290.789464188132,2062.597125188132,2640.220898188132,2318.0844068881315,2942.787111388132
363732,G06007325,medium,False,8032.581999999999,0.8407500276235722,3783.803074799999,3623.569521339438,3783.834038449999,3711.927755749999,3363.046771449999,3662.891941949999,3170.366569249999,3542.233456649999
363801,G06007314,high,False,10681.509,0.7130643653791515,5188.443371948126,4852.224203955244,5188.483214888132,5093.808844588133,4634.487556588132,4680.183741888132,4031.7603871881315,4172.2283400881315
363810,G06007325,medium,False,11309.088,0.8407500276235722,5473.274600299999,5101.602589179431,5473.309142449999,5373.183734749999,4887.314940949999,4871.902775449998,4186.00421975,4270.8680077499985
363842,G06007327,high,False,5271.2970000000005,0.7130643653791515,2309.256605868635,2321.8906469353774,2309.269282548641,2262.7466211486417,2036.9899611486405,2620.207370648641,2301.510446948641,2931.330459448641
363930,G06007326,high,False,11847.232,0.8407500276235722,5826.44558021814,5414.682690325235,5826.482708688132,5721.179008588133,5210.105508588133,5136.748427088132,4415.293157388132,4447.424888288132
364336,G06007313,medium,False,4081.1280000000006,0.8407500276235722,1721.2362975110182,1805.989152850259,1721.250461721018,1685.169602821018,1510.092480421018,2209.968526221018,1962.811895121018,2698.830696421018
36437,G06007317,medium,False,1182.192,0.7130643653791515,487.7081595200003,722.3647058400007,487.70944896000003,477.38675016,427.28497415999993,1414.79487336,1344.06907976,2341.92107936
364399,G06007313,medium,False,5159.535,0.8407500276235722,2212.765679250508,2237.777269019559,2212.782870380508,2167.129023480508,1945.6214589805077,2538.638104780508,2225.935037580508,2864.659778180508
364419,G06007316,high,False,7567.197,0.7130643653791515,3521.9924105781315,3386.687577965241,3522.020855688132,3455.1935980881317,3130.9947454881317,3487.6442117881315,3029.961636388132,3453.5126395881316
364554,G06007302,medium,False,5836.575,0.8407500276235722,2528.8779837488155,2516.8797191228427,2528.900649008812,2477.027540208812,2225.306144408812,2748.8212457088116,2393.479658808812,2968.956014308812
364612,G06007302,medium,False,3474.7870000000003,0.8407500276235722,1431.0749933099996,1548.435360320004,1431.07888061,1400.7738766100001,1253.7050725099998,2018.0460771099997,1810.44407241,2605.1256304099998
364618,G06007301,low,True,5320.179,0.7130643653791515,1466.9326597773645,1503.197761439851,1466.9428223766645,1437.4366369266645,1294.2669578196646,1405.8724433586644,1203.7589486286645,1344.9207593646645
365115,G06007326,low,True,3690.7,0.7130643653791515,963.611806506306,1011.7926341809952,963.6166897560001,943.2345534569997,844.3407878009999,1057.853503569,918.245862858,1152.161377854
365195,G06007323,high,False,11954.614000000001,0.7130643653791515,5893.7124182681255,5475.131758755235,5893.763572488133,5787.308866588131,5270.793864388133,5184.889818988131,4455.729299788132,4476.428766788132
365217,G06007302,medium,False,481.346,0.8407500276235722,198.60117488000213,469.1238690600001,198.60171077999996,194.39825658,173.99669078,1229.86590478,1201.06615118,2261.14666598
36525,G06007330,medium,False,2011.3230000000003,0.7130643653791515,840.7829178300034,1032.9501600800043,840.7885136900001,823.0348277900001,736.9005391900002,1641.4870917899998,1519.89198409,2442.24238059
36532,G06007327,medium,False,6146.210999999999,0.7130643653791515,2759.6595480281353,2715.9713095152383,2759.6785448881324,2705.5806239881317,2443.1706973881323,2942.112934288132,2571.692452988132,3124.697750088132
365458,G06007315,high,False,2185.036,0.7130643653791515,927.0238446400023,1110.4095239000003,927.03354308,907.51424278,812.83935828,1697.75456118,1564.0998561800002,2468.55849288
365482,G06007307,high,False,11633.361,0.8407500276235722,5634.0885231799975,5242.040358439431,5634.127195449999,5531.311592049999,5032.415548449999,4986.950060049999,4282.662979849999,4340.2399778499985
365550,G06007311,high,False,18540.964,0.7130643653791515,9329.934251188128,8487.114726195243,9329.988156888134,9166.120802988133,8371.014260288131,7643.880825788132,6521.447993788133,5958.374281288132
36567,G06007329,medium,False,8841.274,0.7130643653791515,4196.105313888131,3978.6471478152403,4196.118291288132,4118.048489388131,3739.170394888132,3970.044522588132,3435.2215641881317,3744.229416488132
36570,G06007326,medium,False,5727.9,0.7130643653791515,2608.0644349398303,2587.1454481731025,2608.08349678983,2557.09862188983,2309.6146958898303,2842.87218818983,2493.51128948983,3077.88787598983
365830,G06007330,low,True,2802.179,0.7130643653791515,730.995478327801,785.1776416190008,730.9986703550999,715.5346994271,640.5012073341001,908.9279115951,803.0031986451002,1086.9121104441
365947,G06007310,high,False,6600.835,0.7130643653791515,2983.3808658581333,2910.2367296652424,2983.3891138881313,2925.6046604881317,2645.0555264881314,3102.1924072881316,2706.165357288132,3221.243615888132
366075,G06007316,medium,False,10348.899000000001,0.7130643653791515,4974.322203948133,4659.9041548552395,4974.352521088131,4883.250672888131,4441.303994588132,4526.946326188132,3903.048505088132,4079.847723588132
366290,G06007310,medium,False,432.437,0.7130643653791515,178.4014718200019,451.4275142700013,178.40189631000004,174.62598241000003,156.29900551000003,1216.9431599099998,1191.07206571,2255.4993631099996
366325,G06007307,low,True,5213.204000000001,0.8407500276235722,1409.2297107724698,1446.6906567311032,1409.2358456557693,1380.3570767017686,1240.1920211257689,1358.7135975247693,1160.8488871177692,1308.3154886887692
36642,G06007322,low,True,5865.4580000000005,0.7130643653791515,1695.2032557114883,1729.272549519342,1695.214882506386,1662.238062903386,1502.1530302083856,1574.8675469523855,1348.8862749813857,1454.6646336063857
366474,G06007302,high,False,8830.246,0.8407500276235722,4004.2351074772782,3810.9830805518773,4004.2719043172833,3926.1454567172837,3547.0522364172834,3777.3476758172837,3242.180599017284,3550.793658217284
366626,G06007301,low,True,3518.09,0.7130643653791515,965.3235517485007,1014.5274874069999,965.3300590374001,945.7852853484001,850.9008376134,1073.6484452994,939.7069968684002,1182.0714440694
366788,G06007312,low,True,4519.085,0.7130643653791515,1226.3247470252113,1269.7725414868642,1226.3343962816132,1201.126208549613,1078.821740165613,1238.453395091613,1065.795093800613,1250.673051458613
366796,G06007310,medium,False,4123.972,0.7130643653791515,1766.1214650899974,1847.5544566900012,1766.1464744,1729.3740819999998,1551.0579845000002,2243.4860334,1991.7456523,2720.9586327999996
36682,G06007326,medium,False,11774.737,0.7130643653791515,5725.697145288124,5319.665648115242,5725.742266488132,5622.052877388131,5119.188305288133,5064.632827188132,4354.742354488132,4403.880169588132
366844,G06007308,high,False,19303.569,0.8407500276235722,9813.684933819997,8926.378085839422,9813.80736965,9641.081784149997,8803.32008805,7977.976719449999,6795.237539849999,6142.876093949999
366936,G06007317,high,False,7018.856,0.7130643653791515,3215.248641168128,3115.6556522352453,3215.2746754881314,3153.558288988132,2854.230786388132,3268.1211924881322,2845.5633416881315,3321.195100488132
367137,G06007316,medium,False,3520.312,0.7130643653791515,1497.403592929998,1611.3042735799986,1497.4170330299999,1466.05464793,1313.9084320299999,2066.55327753,1851.7639819299998,2635.80814423
367267,G06007315,medium,False,615.4830000000001,0.7130643653791515,253.6117794500003,517.2710410600018,253.6122978900001,248.24275649000003,222.18277029000006,1265.02949859,1228.24250149,2276.4661669899997
367285,G06007323,high,False,14315.654,0.7130643653791515,6966.567152488133,6396.281687235243,6966.533413888132,6842.309426488131,6238.820064988131,5952.568182688132,5100.686403888132,4939.1469566881315
367400,G06007328,high,False,3225.237,0.8407500276235722,1352.7935966699972,1481.6167602694272,1352.8033496499993,1324.4143265499988,1186.712914449999,1972.665083949999,1778.292472649999,2592.6017894499987
367608,G06007310,low,True,1546.888,0.7130643653791515,403.5213774710999,466.26593815900253,403.52293512719996,394.9870886262,353.5666819272,699.3620451012,640.8892760682,995.2306320192
368807,G06007313,medium,False,4955.371,0.8407500276235722,2096.6172682881324,2132.6950472152344,2096.622583548132,2053.2213467481315,1842.5854143481322,2460.6121880481314,2163.262780348132,2824.7432645481317
368839,G06007313,low,True,11599.753,0.8407500276235722,3538.8490946444995,3525.5028365965986,3538.873156549499,3474.2835042614993,3160.8315851804996,2880.5373277364997,2438.0413475654996,2222.4734145464995
369184,G06007311,high,False,8808.163,0.7130643653791515,4165.023005288127,3949.5414246352434,4165.045991688132,4087.5074555881315,3711.169081788132,3947.7980691881326,3416.5149204881322,3730.872761088132
36937,G06007317,high,False,3239.6139999999996,0.7130643653791515,1338.203991499999,1467.541976899997,1338.20632642,1309.88980402,1172.45603342,1958.95913312,1764.9490097199998,2579.8099696199997
369389,G06007312,low,True,5571.696,0.7130643653791515,1558.6132643170918,1591.25605635717,1558.618814900593,1527.900034115593,1378.7559868885926,1476.6170869405928,1266.0843199015928,1394.7685308805928
369441,G06007315,high,False,7236.879999999999,0.7130643653791515,3360.276573887625,3245.6970562756787,3360.2992682176236,3296.2229188176243,2985.180069017624,3372.1763268176237,2933.094967317624,3384.324156017624
369554,G06007329,medium,False,5387.873,0.7130643653791515,2420.061762719826,2421.1969696130977,2420.07599124983,2372.23429514983,2140.00538484983,2708.3639805498296,2380.54320874983,2996.8642607498296
369590,G06007328,medium,False,10825.736,0.8407500276235722,5231.154417550008,4890.435906529429,5231.187787849999,5135.120930349999,4668.867149549998,4698.6382101499985,4040.4456327499993,4166.469334049999
369671,G06007325,low,True,7755.304,0.8407500276235722,2263.3607250387,2281.8830469325994,2263.3768707794993,2220.0963577064995,2010.0645901664993,1967.7825247484993,1671.2769884564996,1672.3691620304994
369741,G06007311,medium,False,10419.545,0.7130643653791515,5057.431093328127,4737.794351095243,5057.460356888132,4965.023054888132,4516.297181388132,4586.415515088132,3952.984497188132,4115.783996088132
369902,G06007302,low,True,12516.241,0.8407500276235722,3709.57284181655,3688.453794886738,3709.5891650535477,3640.3510273995466,3304.3807375905467,2972.2320227715463,2497.944362932547,2235.119664406547
369904,G06007326,high,False,14216.738,0.7130643653791515,7065.547666008129,6501.888384195236,7065.625187688131,6939.505174788132,6328.000001188131,6023.466848688133,5160.200822888131,4981.732215188131
369944,G06007329,high,False,8249.132,0.7130643653791515,3891.556784818132,3712.2170729452414,3891.5891318881318,3818.5953207881316,3464.423334088132,3752.102783188132,3252.118626488132,3612.9227683881318
370123,G06007329,low,True,5969.554,0.7130643653791515,1673.4044089842193,1703.5368120996682,1673.4126195915233,1640.431671787523,1480.4105538525234,1553.230295401523,1327.3282318185231,1433.1607485825234
370290,G06007316,high,False,2878.361,0.7130643653791515,1198.147044749996,1345.97774604,1198.15426243,1172.8314055299998,1049.98248443,1870.05577903,1696.62718073,2542.03696043
37037,G06007311,low,True,6039.133,0.7130643653791515,1706.935707708924,1737.5628882606673,1706.9431146315233,1673.408562706523,1510.6620524865232,1577.2257624915233,1347.484084654523,1447.632065365523
370419,G06007322,low,True,7140.1810000000005,0.7130643653791515,2081.2833147444235,2103.821544639669,2081.300203765523,2041.502854915523,1848.4099460115233,1845.1137149775232,1572.520173925523,1609.0909398795231
370608,G06007310,medium,False,4671.673,0.7130643653791515,2017.4514402998282,2066.1620150630997,2017.4636441998307,1976.1573019998302,1775.69641499983,2417.15940629983,2134.17726879983,2817.01734299983
370695,G06007330,low,True,5301.5199999999995,0.7130643653791515,1496.6746471587664,1536.007216125246,1496.6912311212648,1466.7980516022649,1321.7789875242652,1429.1471318712652,1224.418254196265,1361.719553641265
370751,G06007326,high,False,11285.144,0.7130643653791515,5494.834706378131,5119.689155105241,5494.868501888133,5395.106686088131,4910.945337488132,4899.425166988132,4215.936438888132,4304.406980588132
370757,G06007316,medium,False,7497.871,0.7130643653791515,3465.4289680481347,3334.7164871352393,3465.446043288132,3399.5759536881314,3079.962241988132,3447.1589050881316,2995.962614988132,3429.107237688132
370828,G06007306,medium,False,8685.666000000001,0.8407500276235722,4060.557884970003,3858.1438860494304,4060.5798870499984,3984.0822233499994,3612.753106549999,3860.922267249999,3336.7256774499992,3661.6159920499986
370932,G06007306,high,False,5638.634999999999,0.8407500276235722,2474.1454029991446,2466.8054114454967,2474.18015078915,2424.32372788915,2182.63572998915,2729.3465118891504,2388.2012508891503,2984.66191058915
371053,G06007327,medium,False,11563.104000000001,0.7130643653791515,5644.532677128134,5251.862421835242,5644.580194888133,5542.274203588131,5045.996889188133,5006.551197488132,4305.933903088132,4368.934032188132
371083,G06007324,high,False,6702.111,0.7130643653791515,3092.8660466281285,3013.2070888352423,3092.901004088132,3033.2375673881324,2743.826807488132,3180.561104288132,2771.984568788132,3268.4533647881317
371097,G06007325,high,False,2498.076,0.8407500276235722,1035.926133489999,1203.2127436099977,1035.92905648,1014.02541378,907.7232624800001,1765.87980808,1615.81533618,2495.9070983799998
371373,G06007330,low,True,3223.434,0.7130643653791515,913.6030465736977,967.676658704,913.6173409334999,895.2450920594999,806.1130246995001,1042.1110621515,916.2788634075001,1170.6932256045
371401,G06007316,medium,False,9591.618,0.7130643653791515,4646.04002184813,4380.0442494952395,4646.090008688132,4560.470947188131,4145.128032888131,4292.031811988132,3705.679148388132,3938.3278991881316
371452,G06007324,low,True,9366.769,0.7130643653791515,2876.2808083683262,2886.5377499806696,2876.330222569523,2823.2001403125228,2565.6501884505233,2414.043867586523,2050.436155027523,1951.9563114345233
371500,G06007325,medium,False,8032.303,0.8407500276235722,3740.189759240003,3579.924553659431,3740.2174206499985,3669.0465028499984,3323.685979349999,3631.6733400499998,3144.143295249999,3523.422133349999
371580,G06007312,high,False,6190.388999999999,0.7130643653791515,2779.9826505281258,2733.5980929752395,2780.001642688132,2725.5699584881318,2461.526969488132,2956.647062488132,2583.903485988132,3133.476157688132
371777,G06007311,high,False,11369.566,0.7130643653791515,5547.1075775381305,5166.643350225244,5547.155939088132,5446.491410388131,4958.094359588133,4936.832651788132,4247.357418288131,4326.942804288132
371784,G06007312,medium,False,9526.896,0.7130643653791515,4647.176703178129,4384.879380505239,4647.219477088132,4561.607813188131,4146.1504276881315,4292.8599183881315,3706.3653648881323,3938.8414045881323
37184,G06007326,high,False,15623.386,0.7130643653791515,7851.823872888155,7196.880004495242,7851.891631288132,7712.690302488132,7037.411618588132,6586.143377388133,5632.869579788132,5320.899517388132
372036,G06007317,low,True,3231.068,0.7130643653791515,856.430468642699,908.7176656110005,856.4358917267999,838.4298750198,751.0518215298,991.0758696348001,867.7265910438001,1125.7872833058
372090,G06007314,medium,False,11568.855,0.7130643653791515,5587.423593588132,5194.212690075241,5587.436779688131,5486.137477688131,4994.477105388132,4965.680212488132,4271.615964988132,4344.288975688132
37217,G06007310,low,True,3327.518,0.7130643653791515,873.5248581759,924.6617374890003,873.5284609632,855.0782272242001,765.5351260031999,1000.5735340362,874.1689134492001,1127.6889219762002
372309,G06007302,low,True,3877.767,0.8407500276235722,1009.5908843664005,1056.1818351350005,1009.5930815103001,988.2305279972999,884.5548180902999,1087.0626819513,940.7086800033001,1164.6070931913
372312,G06007314,low,True,3018.038,0.7130643653791515,791.2255981014017,844.3451476039995,791.2316967282002,774.5050002311998,693.3715002522001,947.7711971202,833.2362909282,1104.3639955752
372569,G06007316,high,False,2077.6,0.7130643653791515,855.7673089499993,1044.5943199300027,855.7673070000002,837.6507595000002,749.7100751000002,1650.1278711,1525.9875512,2444.5527279999997
37279,G06007312,high,False,10014.809,0.7130643653791515,4799.81103442813,4506.96276239524,4799.844206088132,4711.659865888132,4283.859458588133,4402.055939288131,3798.1312483881316,4004.600521888132
372958,G06007316,high,False,3256.8630000000003,0.7130643653791515,1354.0680515599997,1482.272496600001,1354.07410568,1325.4930556800002,1186.7768524800001,1970.32740218,1774.50608748,2586.69922528
373133,G06007314,medium,False,8045.788,0.7130643653791515,3759.574691008134,3593.524615615242,3759.594862288132,3688.8029347881316,3345.338713488132,3657.657560588132,3172.793571988132,3555.9588215881317
373154,G06007307,medium,False,4606.899,0.8407500276235722,1969.6291356883105,2018.8802013121463,1969.618196448302,1929.650951848302,1735.6116783483023,2391.874221348302,2117.9858468483017,2814.2267762483016
3733,G06007302,medium,False,5923.294,0.8407500276235722,2474.551722539494,2463.5934732892983,2474.56226121949,2422.72615061949,2171.19010691949,2695.09302561949,2340.01715441949,2915.8147178194895
373304,G06007326,high,False,12760.055,0.7130643653791515,6276.206001108139,5806.010609315239,6276.249961688132,6163.40763728813,5615.896391688131,5458.594756288132,4685.671580988132,4641.370807588131
373363,G06007310,medium,False,4865.091,0.7130643653791515,2076.6508579581346,2115.653342365243,2076.6577862881322,2033.9972080881316,1826.981844288132,2453.3328754881322,2161.091674488132,2830.1502530881316
373501,G06007317,medium,False,2467.277,0.7130643653791515,1028.6248172700007,1197.4694127400005,1028.6315723100001,1006.90207861,901.46682741,1761.6209084099999,1612.77731511,2494.69147961
373505,G06007322,high,False,10377.925,0.7130643653791515,5001.142989288133,4684.582281235242,5001.176449088132,4909.657624188132,4465.530146688132,4546.129881188132,3919.148788088132,4091.481418288132
373521,G06007314,medium,False,6597.169,0.7130643653791515,3011.9650954281296,2939.3159434152394,3011.9876504881317,2953.679660788132,2670.834105288132,3122.660694988132,2723.3606452881318,3233.5339551881316
373607,G06007308,high,False,11041.923999999999,0.8407500276235722,5252.07372799,4898.175899489437,5252.082671449998,5155.667363649998,4687.745777849998,4713.584102349999,4053.0398365499996,4175.421266149999
373827,G06007313,high,False,14641.375,0.8407500276235722,7224.391908330001,6638.102187649432,7224.447408049999,7095.030342949997,6467.172531149998,6125.0165447499985,5238.6972520499985,5026.074362449999
373901,G06007327,high,False,13411.565999999999,0.7130643653791515,6564.830609588118,6052.441641935244,6564.850224888132,6447.235647088131,5876.299671888133,5665.126197088131,4859.180710288132,4765.857748888132
374263,G06007302,low,True,5910.029,0.8407500276235722,1562.2634140400517,1592.7676285704133,1562.2642361648582,1529.898090807858,1372.8219693608582,1452.4581555518582,1230.7401466268584,1342.753104510858
374366,G06007315,medium,False,4803.4839999999995,0.7130643653791515,2038.755080038126,2081.6238648352446,2038.7593850981316,1996.746659798132,1792.8509123981316,2426.3954526981315,2138.5662872981316,2814.1697753981316
374427,G06007308,low,True,6715.579000000001,0.8407500276235722,1909.464395315401,1935.6384200296031,1909.4778694214995,1872.1033871084992,1690.7639535674994,1714.5320136824994,1458.5351383244993,1519.7231062094993
374452,G06007325,low,True,3752.416,0.7130643653791515,993.1078593827987,1042.2732896379998,993.1165523244,972.1672125983998,870.5349616194001,1077.7475536554,934.2681359934002,1162.4521489404
374487,G06007327,medium,False,5025.501,0.7130643653791515,2214.03734048932,2242.0934404724017,2214.0641634093204,2169.15091400932,1951.32326900932,2552.84528650932,2245.3447196093202,2891.7942813093196
374537,G06007306,low,True,7006.169,0.8407500276235722,1990.9954891071036,2013.2461489625985,1991.0057265314995,1952.2674459854993,1764.3227385734992,1772.8741517744993,1507.5520439474994,1554.8722147004996
374648,G06007301,high,False,7031.2029999999995,0.7130643653791515,3252.297998928139,3151.5032787952387,3252.326466688132,3189.9936270881317,2887.6366460881322,3294.6505677881314,2867.838857488132,3337.1816504881317
374675,G06007310,high,False,3911.2039999999997,0.7130643653791515,1625.3244283099998,1720.0702909900006,1625.3311781600005,1591.0053493599999,1424.41994586,2143.83159736,1908.66813686,2662.46023616
374798,G06007317,low,True,4242.824,0.7130643653791515,1117.3306668230575,1161.9475620404182,1117.338385910658,1093.855205588658,979.9393758896581,1158.8727389756582,998.0555204696581,1200.489550598658
374810,G06007307,low,True,7026.132,0.8407500276235722,2019.4456393691978,2043.8059112796025,2019.463631923499,1980.243643990499,1789.988779246499,1793.240054107499,1524.6517950704992,1567.1533956404996
374930,G06007327,medium,False,7228.8910000000005,0.7130643653791515,3357.824992018131,3244.2159895052396,3357.847272288132,3293.7673197881318,2982.8654739881317,3370.170638888132,2931.279211688132,3382.701460188132
375065,G06007315,low,True,3130.757,0.7130643653791515,815.5081528019987,867.3157215170006,815.5115701173,798.2548655193,714.5188555113002,962.9192471583001,844.7122389243001,1110.3909934983
375272,G06007317,medium,False,5878.404,0.7130643653791515,2609.945372628129,2581.987462825243,2609.952763958131,2558.595117658131,2309.4348084581316,2838.881429658132,2487.184411758132,3067.9377842581316
375278,G06007324,high,False,12789.989000000001,0.7130643653791515,6288.412440368125,5815.99674571524,6288.436792288132,6175.449170388132,5626.920377588131,5467.315401388132,4692.999288888132,4646.683425788132
37528,G06007301,low,True,4587.04,0.7130643653791515,1241.0982841319983,1281.0750968399964,1241.0999200026,1215.9144319266,1093.6194057936,1253.2773129456,1080.6474002736002,1265.5738865166
375289,G06007322,low,True,11096.74,0.7130643653791515,3491.498079838518,3491.707886852674,3491.5481151315234,3428.152438087523,3120.7133319315235,2854.3138596225226,2420.280808240523,2217.306376645523
375440,G06007327,medium,False,5612.983,0.7130643653791515,2584.8586336396593,2572.1527392761996,2584.88449614966,2534.13916924966,2287.8911614496596,2824.02845624966,2476.40576744966,3063.3616640496593
375630,G06007313,high,False,3466.089,0.8407500276235722,1435.1574597900008,1552.9057729800004,1435.1625542699999,1404.8047475699998,1257.48862347,2021.24595717,1813.2818828700001,2607.4327958699996
375647,G06007310,low,True,12981.61,0.7130643653791515,4028.530179610522,4003.769617718667,4028.5630874715234,3956.2151109315237,3605.2495697535237,3238.597322941523,2743.123514125523,2448.8948779995235
375683,G06007310,medium,False,3279.927,0.7130643653791515,1379.5048203400015,1503.5074404399998,1379.5118226,1350.8796198999999,1211.8808417,1994.7889801999997,1798.5747540999998,2610.206817
37571,G06007314,high,False,4692.407,0.7130643653791515,2004.5939446381249,2054.6751137252404,2004.6165605681322,1963.1511745681323,1762.0977977681318,2402.185214968132,2118.353797168132,2799.893724768132
375775,G06007316,low,True,12459.781,0.7130643653791515,3823.198441157423,3799.4387141936672,3823.2164520195233,3754.304558794523,3419.9865325635237,3091.6509511455233,2619.6978302055236,2360.307440284523
375809,G06007311,low,True,5311.4,0.7130643653791515,1458.0183314202238,1493.9147164096664,1458.0266971335232,1428.6420704985233,1286.081950978523,1399.0978875105232,1197.847502167523,1340.2678868355233
37687,G06007317,medium,False,3471.022,0.7130643653791515,1436.9389297400057,1554.4439347199939,1436.9444960600001,1406.54699906,1259.04188866,2022.3655776599999,1814.13562426,2607.8920801599998
376916,G06007314,high,False,3682.7279999999996,0.8407500276235722,1522.2987077999946,1628.9797549600003,1522.3035496399998,1490.09183214,1333.77420664,2076.81560404,1856.14776384,2631.44121434
376928,G06007316,low,True,5570.558,0.7130643653791515,1572.688517009185,1608.8969101983405,1572.7084227411858,1541.4763395651858,1389.980568362186,1482.4336753341859,1268.5591676061858,1392.292169336186
376955,G06007311,high,False,15406.779,0.7130643653791515,7687.111462378132,7046.084613825235,7687.158423688132,7550.776333888132,6888.843935388131,6468.238961088133,5533.827924888132,5249.924831088132
377023,G06007315,medium,False,5933.008,0.7130643653791515,2682.1747415181276,2651.941482945244,2682.1870090881316,2629.4237334881313,2373.288812388132,2886.660570088132,2525.100107188132,3091.3362620881317
377099,G06007306,low,True,15583.865,0.8407500276235722,4859.0643495807,4812.8478847186,4859.104185841499,4772.434946359499,4351.950379066499,3825.2936145044996,3231.693392443499,2791.8523459544995
377221,G06007324,high,False,5204.4929999999995,0.7130643653791515,2252.6397386081258,2269.8928719952432,2252.650072488132,2207.041906588132,1985.7579446881318,2579.266372388132,2266.886304088132,2906.048327188132
377251,G06007322,high,False,15051.76,0.7130643653791515,7514.314640338132,6896.06490652524,7514.371904288131,7380.82026268813,6732.899736688132,6344.623733088132,5429.980451788133,5175.322276988131
377656,G06007317,high,False,7940.787,0.7130643653791515,3710.437241208137,3551.216365315239,3710.465140488132,3640.477326988132,3301.0067043881327,3622.498598588132,3143.254569888132,3534.760006088132
37767,G06007302,medium,False,3392.139,0.8407500276235722,1481.9918402689784,1597.9857277497365,1481.997485798982,1451.742898298982,1304.773725098982,2069.3872682989822,1861.941450498982,2656.942637098982
377705,G06007301,high,False,15682.264999999998,0.7130643653791515,7821.566536788132,7163.143230335241,7821.638131488133,7682.953123388132,7010.163805188131,6564.464452788132,5614.656878488131,5307.881733788132
378185,G06007317,medium,False,2397.066,0.7130643653791515,1014.1689405200015,1186.3318612999979,1014.18109842,992.8473829199999,889.3329721199999,1753.9139992199998,1607.77930922,2493.74594902
378207,G06007302,high,False,13806.760000000002,1.0497359105206039,6554.518925666279,6042.865778541056,6554.542944526265,6433.507540526264,5846.195536726265,5597.259987026264,4768.169466026265,4640.398184126265
378350,G06007316,low,True,4856.232,0.7130643653791515,1383.5940759962973,1426.5326232499995,1383.6052405665002,1356.0861095774997,1222.5175703685002,1356.2639902335002,1167.7116241335002,1329.0305153235001
378387,G06007301,medium,False,6264.946,0.8536704995961909,2809.701152478133,2758.48342122524,2809.709825688132,2754.804887588132,2488.352598688132,2977.9084000881317,2601.768163388132,3146.304197688132
378411,G06007306,medium,False,4355.263,0.8407500276235722,1830.7498969310145,1901.7197884702598,1830.7620569010178,1792.3044630010177,1605.6736562010178,2278.964873001018,2015.4981288010176,2727.305935101018
378458,G06007315,low,True,3711.2309999999998,0.7130643653791515,977.6478369168007,1026.503600374,977.6565606024,957.0262717134,856.9468628153999,1067.7389199923998,926.4570816234001,1157.8984979784
378626,G06007306,medium,False,11036.451,0.8407500276235722,5314.913385239999,4961.20532417943,5314.961484649999,5217.45818575,4744.447249749999,4758.55982665,4090.790609649999,4202.574569549999
378729,G06007325,medium,False,10530.795,0.8407500276235722,5104.125210989998,4782.323829369427,5104.160086649999,5010.217069049999,4554.257747149999,4607.738854449999,3964.080658149999,4111.694642749999
37883,G06007302,high,False,9650.078,0.8407500276235722,4382.736918356266,4139.0213109310525,4382.762577126266,4298.014667626264,3886.7770305262657,4043.094501926265,3462.568884826265,3703.7880636262644
378881,G06007310,low,True,1045.2220000000002,0.7130643653791515,276.05570760810116,342.5354832690004,276.05699431380003,270.23610490379997,241.9682489028,618.0485135628,578.1476895438,960.0667213758001
37890,G06007315,low,True,3179.124,0.7130643653791515,833.0415477552008,885.007612860001,833.0464164455999,815.4381633426001,730.0082124846,974.5158794915999,853.9149613476001,1116.0422784096
378937,G06007314,high,False,6124.1230000000005,0.7130643653791515,2770.0509905381336,2727.663632765239,2770.0723800881324,2715.813439288132,2452.5738596881315,2949.552176588132,2577.932124588132,3129.2101273881317
379060,G06007317,medium,False,2640.739,0.7130643653791515,1087.3200244899988,1247.3247321599981,1087.31878237,1064.2981792699998,952.5525962699999,1798.1865169699997,1640.4450450699999,2509.1278915699995
379124,G06007310,high,False,5191.062,0.7130643653791515,2253.9799159481395,2271.95103229525,2253.9944882881323,2208.3590745881315,1986.9650122881317,2580.234707088132,2267.692777688132,2906.6275091881316
379184,G06007324,low,True,9502.755000000001,0.7130643653791515,2869.042435659623,2872.363781661666,2869.059845161523,2816.1130777845237,2559.140012512523,2408.841748930523,2046.0836596005233,1948.851028456523
379203,G06007323,low,True,11649.833,0.7130643653791515,3625.52743458872,3615.8416681346716,3625.5578353395235,3559.956556078522,3241.6493409645223,2950.207213549523,2500.8528452265227,2275.1114876175234
37925,G06007310,medium,False,2013.5879999999997,0.7130643653791515,833.0525943600021,1025.1466710199986,833.0549968400001,815.4317745399999,729.90552854,1635.8802807399998,1515.14477674,2438.7672247399996
379259,G06007325,medium,False,14834.875,0.8407500276235722,7313.5864599799925,6714.435590799428,7313.636536049999,7182.7710988499975,6547.669771149998,6188.839973249998,5292.300465449999,5064.596494449998
37945,G06007326,low,True,4816.832,0.7130643653791515,1290.4706121981221,1330.0700984586674,1290.475617913523,1263.896339257523,1134.9215104425232,1279.196921479523,1097.124615175523,1268.0105470095232
379578,G06007302,high,False,12193.511999999999,0.8407500276235722,5657.887758976261,5250.224659671051,5657.892165926265,5551.898396326265,5037.266505526265,4955.5809103262645,4229.1257654262645,4253.763367826265
379660,G06007307,medium,False,13582.18,0.8407500276235722,6745.287280979999,6226.8183350394365,6745.350079849998,6623.9755102499985,6034.956420849999,5782.161637349999,4950.651608849999,4819.547714349999
379810,G06007310,medium,False,4228.161,0.7130643653791515,1759.5600554894868,1837.1841055792977,1759.5673700994898,1722.54322999949,1542.8917702994904,2232.22555589949,1978.6148064994898,2705.0114260994897
37983,G06007310,medium,False,5696.764,0.7130643653791515,2710.120912609664,2688.9592118261944,2710.17797718966,2657.68450108966,2403.1670752896603,2920.283589289659,2560.9448834896602,3130.57808438966
379910,G06007312,high,False,7784.698,0.7130643653791515,3646.196097518127,3496.8055941052367,3646.2254542881324,3577.328497388132,3243.0524351881318,3576.524024488132,3104.623895588132,3507.091668688132
379949,G06007314,medium,False,8459.953000000001,0.7130643653791515,4000.937039798129,3808.3140137252412,4000.972197888132,3926.121504788132,3563.089623888132,3830.3787044881324,3317.8861762881315,3660.052692088132
380165,G06007313,high,False,9025.078,0.8407500276235722,4280.298009670007,4055.7972532894305,4280.32940585,4200.145996449999,3810.9865527499987,4018.185419149999,3468.8274953499995,3756.3852962499986
380508,G06007329,high,False,9430.854,0.7130643653791515,4486.742709118131,4231.509802765238,4486.774055488133,4403.835710288131,4001.4169410881327,4178.010516188132,3609.9168188881317,3869.6072647881315
380538,G06007317,low,True,3464.717,0.7130643653791515,907.7551435638003,957.7950416649994,907.7607315693002,888.5747439513001,795.4784551413002,1022.3419553913002,890.9212431153001,1136.9964525603
380768,G06007324,medium,False,1236.821,0.7130643653791515,537.3369412500016,768.9977881399991,537.3469302299999,526.0859393299999,471.46905792999985,1448.6103786299998,1371.50243353,2359.91067593
38087,G06007313,low,True,8232.421,0.8407500276235722,2411.040151737001,2424.5599977756074,2411.0575216874995,2365.2930957704993,2143.2929059395,2073.469122709499,1760.0647872134996,1736.0308332644995
381339,G06007326,low,True,8727.636,0.7130643653791515,2580.6566766318238,2587.284484823666,2580.667107283523,2532.516462370523,2298.932229817523,2202.469545487523,1872.7362085545233,1824.417361231523
381367,G06007306,high,False,15395.235,0.8407500276235722,7643.381384290001,7008.53186926943,7643.44161645,7507.020315849998,6845.201143349999,6424.853173449999,5490.575935349999,5206.781529449999
381391,G06007325,high,False,5183.552,0.8407500276235722,2206.49874659119,2229.0795075865913,2206.511673891187,2161.097271291187,1940.690140391187,2536.246987291187,2225.112198891187,2866.169704591187
381557,G06007302,medium,False,11240.871,0.8407500276235722,5310.417169896265,4963.55443885105,5310.473882126265,5210.201961226266,4723.746950726266,4706.990569726266,4020.2453615262652,4103.913364426265
381558,G06007327,medium,False,4889.34,0.7130643653791515,2100.29000717813,2137.7125937452424,2100.303445488132,2057.2361847881316,1848.3058610881321,2470.254157788132,2175.3024778881318,2840.343303788132
381634,G06007310,medium,False,3988.669,0.7130643653791515,1681.0677539494845,1769.1969941793009,1681.0821305194904,1646.02915791949,1476.02573421949,2187.61952531949,1947.64093191949,2694.2598680194897
381838,G06007316,high,False,3666.455,0.7130643653791515,1510.4650662705067,1617.9511961895587,1510.4675499105083,1478.496876210508,1323.3449563105082,2069.070568410508,1850.053871110508,2627.785264410508
381876,G06007313,high,False,12394.405,0.8407500276235722,5974.621336509997,5533.33043192943,5974.622169649999,5866.140525449999,5339.605246749999,5230.658552249999,4487.420101749999,4487.017764049999
381883,G06007316,high,False,6289.236,0.7130643653791515,2833.4525567981323,2780.6666355252405,2833.4745946881326,2778.1584344881317,2509.7853507881323,2994.905006988132,2616.036950088132,3156.5623456881317
381958,G06007301,medium,False,15197.954,0.7130643653791515,7601.830644768124,6974.874346355242,7601.924379488131,7466.832120088133,6811.863099588132,6407.24246928813,5482.581949288133,5213.0415244881315
382124,G06007302,high,False,9331.338,0.8407500276235722,4190.403177266279,3967.2277965410567,4190.411606126265,4108.889200026265,3713.250553626265,3905.466321226265,3346.9635060262653,3620.805879226265
382709,G06007328,high,False,18941.375,0.8407500276235722,9556.952374720004,8693.564052419428,9557.059444849998,9388.594938849998,8571.642233449998,7794.245698449999,6640.92731425,6032.057604149999
382853,G06007306,high,False,3159.6380000000004,0.8407500276235722,1303.9434898399973,1437.3647818800011,1303.9448749399999,1276.3499514399996,1142.40926304,1936.9479510400001,1747.86734504,2570.04595114
382854,G06007316,high,False,6426.907999999999,0.7130643653791515,2907.9527556381254,2846.267216425244,2907.971740488132,2851.401165988132,2576.9855281881323,3048.230082088132,2660.837207388132,3188.662788188132
382877,G06007311,low,True,6955.697999999999,0.7130643653791515,2009.2779652857228,2032.2282277046686,2009.2915737015235,1970.6944112025235,1783.4421681015233,1793.585768710523,1529.2385475165233,1578.0216630045234
38310,G06007317,medium,False,3619.663,0.7130643653791515,1542.43342999,1651.4077960900015,1542.45437956,1510.1071451599998,1353.2296297599999,2094.99865536,1873.52191196,2647.6563097599997
383127,G06007302,medium,False,19693.737999999998,1.0497359105206039,9631.756306406263,8740.835272641049,9631.798226726267,9459.365833626265,8622.573420226267,7799.336938026266,6618.043881026266,5967.606392126265
383444,G06007324,medium,False,12481.678,0.7130643653791515,6138.295067028133,5685.983186595242,6138.331257488133,6027.813354888132,5491.473769888133,5359.897903188132,4602.762523188132,4581.909824788132
383660,G06007328,low,True,8662.66,0.7130643653791515,2545.6436735183984,2554.6988752036,2545.656212515499,2497.6591072964993,2264.740498093499,2169.784195423499,1840.9775651804998,1794.0972722054994
383758,G06007306,high,False,6377.126,0.8407500276235722,2881.569101038125,2818.33197232524,2881.5453836881316,2826.1238131881314,2557.019832088132,3040.566184788132,2660.740781288132,3199.683901288132
383833,G06007327,low,True,8090.878000000001,0.7130643653791515,2392.5851229912228,2406.7505282556695,2392.598670517523,2347.610090797523,2129.272379191523,2067.8837953005227,1759.6616600655234,1743.3532127865233
383859,G06007306,medium,False,5221.1900000000005,0.8407500276235722,2223.786391329998,2245.0100157094307,2223.797474449999,2177.9647090499993,1955.5670910499996,2546.5105013499992,2232.555282749999,2869.398150649999
383895,G06007316,high,False,7236.637000000001,0.7130643653791515,3320.2849480081345,3206.4429412552404,3320.2981684881324,3256.8536567881315,2949.0091351881324,3343.2928468881323,2908.7122147881323,3366.4997230881318
38442,G06007322,low,True,4945.814,0.7130643653791515,1357.3681490745432,1397.9221404787606,1357.3835469045441,1329.7435627005436,1195.6988687985438,1328.320812247544,1139.083511785544,1299.350595547544
385119,G06007306,medium,False,6686.594999999999,0.8407500276235722,3003.327013989997,2929.97000776943,3003.343407449999,2944.4720409499996,2658.862712449999,3104.3728018499996,2701.1915239499986,3205.577030049999
385450,G06007330,medium,False,4982.951,0.7130643653791515,2143.5295554381305,2174.96214888524,2143.540319488132,2099.7540771881318,1887.315241388132,2501.1927634881317,2201.2963216881317,2858.990166388132
385731,G06007326,low,True,6798.581,0.7130643653791515,1961.3506449399226,1986.0443109046676,1961.3666908635237,1923.565218427523,1740.1966691685232,1759.2903594225231,1500.426763501523,1557.3500424615231
385739,G06007302,low,True,5981.8550000000005,0.8407500276235722,1569.4141962232454,1601.6473882585906,1569.4202889406513,1536.4048902166505,1376.1966026206508,1448.582625898651,1222.416523267651,1327.8566169376509
385832,G06007330,high,False,11997.951000000001,0.7130643653791515,5930.501336508136,5508.944930715239,5930.548042088132,5823.489406288132,5303.988521188132,5211.225524288131,4477.849823588132,4492.298987488131
385867,G06007310,low,True,3684.132,0.7130643653791515,966.5541543231001,1015.2639149170025,966.5598456108,946.1352371688,847.0407793428,1060.0913601857999,920.1971546508,1153.6900152468
385882,G06007315,low,True,2883.307,0.7130643653791515,758.546786503801,812.8486805529981,758.5529493842998,742.5298799162999,664.8055015203,927.0456110733,817.3201480653,1095.5918385753
386026,G06007326,medium,False,3114.495,0.8407500276235722,1297.5987365599988,1433.322885409999,1297.60723245,1270.1887522499999,1137.16230145,1933.8244775500002,1746.03537735,2570.1373584499997
38609,G06007330,high,False,7369.718999999999,0.7130643653791515,3400.265259498136,3277.8194508452384,3400.2841238881324,3335.4951851881324,3021.168243288132,3400.5316237881316,2956.792108388132,3400.994931488132
386161,G06007313,high,False,4118.475,0.8407500276235722,1738.726253898979,1818.4912147491664,1738.7286908189812,1702.732957518981,1528.051814518981,2228.865856318981,1982.2907472189809,2719.1073593189813
386175,G06007312,high,False,6486.227,0.7130643653791515,2946.0601825981275,2880.7717423652375,2946.0904170881327,2888.860635188132,2611.358615688132,3075.492660688132,2683.740277488132,3205.094799688132
386204,G06007308,high,False,26300.595999999998,0.8407500276235722,13450.211100210006,12111.973198029433,13450.324323849998,13216.869981549999,12084.26384725,10580.306717949998,8981.370293349999,7711.222581949998
386257,G06007326,low,True,7742.786,0.8407500276235722,2321.3428565343243,2343.12454512867,2321.369218783523,2277.549453430523,2064.9823291365233,2016.9171998235233,1716.8355205695234,1712.6286160305233
386396,G06007327,high,False,997.0740000000001,0.7130643653791515,419.1076428400003,663.1856477400017,419.1113818200001,410.27187841999995,367.38528622,1371.5077014199999,1310.96380262,2323.9348514199996
386534,G06007326,low,True,3556.674,0.7130643653791515,933.8634645416993,983.511609478998,933.8698303325998,914.1379358705999,818.4095572716,1039.2127199165998,904.0726070256001,1144.6227528846
386722,G06007312,medium,False,2980.469,0.7130643653791515,1240.2134917699975,1382.7890473800003,1240.21974187,1214.01066387,1086.8365673699998,1896.9586088699998,1717.4277139699998,2553.7865238699997
386787,G06007314,medium,False,3985.5380000000005,0.7130643653791515,1686.1686406799995,1775.7139735800001,1686.1855518399998,1650.8880076399996,1479.6764176400002,2188.44193654,1946.7390635399997,2690.8336260399997
387090,G06007313,high,False,6294.847,0.8407500276235722,2833.0459360805053,2784.7639825795613,2833.0737478105084,2777.0533880105086,2505.262176810508,2982.5527879105084,2598.859594910508,3132.255638110508
387133,G06007310,medium,False,6964.37,0.7130643653791515,3210.2868703081317,3113.683501355233,3210.3037632881324,3148.7159017881318,2849.777934688132,3264.5782317881317,2842.572962388132,3319.107036288132
387259,G06007326,medium,False,8783.886,0.7130643653791515,4146.214509928133,3932.3796439552375,4146.231548888132,4069.005480788132,3694.1917893881323,3934.3399178881323,3405.2169568881322,3722.740148788132
387306,G06007302,medium,False,3861.711,1.0497359105206039,1616.4590454100007,1713.8268469200004,1616.47346173,1582.3493164299998,1416.79330713,2138.59785673,1904.88512863,2660.8451737299997
38731,G06007311,medium,False,6896.427,0.7130643653791515,3152.8330698481345,3061.1428972752433,3152.8544326881324,3092.2063608881317,2797.9390679881326,3223.440781188132,2808.028887888132,3294.3134207881317
387575,G06007314,high,False,5835.071,0.7130643653791515,2598.6520444481334,2575.004384055244,2598.658084888132,2547.282599488132,2297.931343288132,2826.885754488132,2474.8982773881316,3055.282577588132
387719,G06007326,medium,False,3416.868,0.8407500276235722,1446.2929322500027,1565.7867154599971,1446.3025856900001,1415.9443992899999,1268.63155779,2032.4067320899999,1824.4458218899997,2618.6253559899997
387762,G06007313,medium,False,7471.441000000001,0.8407500276235722,3543.8108594900013,3419.215561529436,3543.867113049999,3475.930122849999,3146.4981618499996,3491.191094149999,3026.0976524499993,3438.726428649999
387858,G06007326,high,False,5628.7029999999995,0.7130643653791515,2492.9037807481295,2482.509382175236,2492.919831888132,2443.3042073881315,2202.5280878881317,2751.209323988132,2411.3163128881315,3009.6937690881314
388066,G06007325,high,False,10747.516,0.8407500276235722,5142.219742329997,4807.173022329431,5142.253108849999,5047.639561849999,4588.625227449999,4634.983503249999,3986.9917544499986,4128.0579060499995
388195,G06007313,high,False,5536.563,0.8407500276235722,2420.776089489832,2417.264332302532,2420.7345140198295,2372.262731819829,2136.5840300198292,2696.964741119829,2364.295784119829,2973.324313319829
388297,G06007330,low,True,5672.478000000001,0.7130643653791515,1624.009451191886,1659.6912069263426,1624.0227834660857,1592.133790785086,1437.3648133800862,1522.3081118850855,1303.8263414550856,1420.7272122360857
388641,G06007326,medium,False,15020.926,0.8407500276235722,7557.370674598131,6940.851060085235,7557.4438832881315,7423.168542288131,6771.7404675881335,6375.438778988131,5455.849419088132,5193.9352057881315
388914,G06007323,low,True,8834.466,0.7130643653791515,2604.0046632126214,2608.1813397816672,2603.9750999775233,2555.5214348925233,2320.048239508523,2219.1681346605233,1886.7758356035233,1834.5246204495231
38907,G06007308,medium,False,7573.206,0.8407500276235722,3489.389599309997,3358.756435629431,3489.4224174499996,3422.4261077499987,3097.4196781499995,3452.2067994499994,2993.376189849999,3415.243272849999
389107,G06007310,medium,False,9069.702,0.7130643653791515,4292.349798218129,4060.4002975052385,4292.372269688132,4212.685674588132,3826.0242052881326,4038.904411588132,3493.0659910881323,3785.750949888132
389221,G06007316,high,False,18225.326,0.7130643653791515,9132.790474548136,8309.69931227524,9132.864038288131,8972.251854788132,8193.044079288133,7502.817198388133,6402.929588188132,5873.326617188131
389257,G06007330,low,True,432.012,0.7130643653791515,112.2834656916012,182.61233306400095,112.2837304428,109.9072341108,98.37251093880002,512.9544144108,496.67152941480003,913.6345103268001
389324,G06007302,low,True,9339.328,1.0497359105206039,2691.5648064834536,2700.355357413734,2691.5815477695473,2639.361287005547,2385.9088022865476,2243.7381666255474,1885.9543110285472,1796.102685103547
389485,G06007314,high,False,17339.225,0.7130643653791515,8775.155853948134,8009.602594815242,8775.249401888133,8620.597164488132,7870.485378388132,7246.89766338813,6187.924346888132,5719.137893588132
389632,G06007306,high,False,7557.317999999999,0.8407500276235722,3444.5557631699967,3315.155174109424,3444.5638988499986,3378.343435949999,3056.972393249999,3420.1116049499988,2966.4363581499983,3395.883186849999
389742,G06007328,high,False,5268.0960000000005,0.7130643653791515,2276.8601126698277,2294.405553522532,2276.8844505598295,2230.217903559829,2003.8927168598293,2585.815058659829,2266.3003881598293,2894.902598759829
389780,G06007324,high,False,4542.759,0.7130643653791515,1899.4834389281314,1959.2928309552394,1899.487539088132,1859.7923840881317,1667.138136588132,2326.5442261881317,2054.5837764881317,2753.745236188132
389835,G06007310,high,False,1062.6779999999999,0.7130643653791515,432.34044511000025,673.080797829999,432.33897314,423.17010314000004,378.62095483999997,1378.91390664,1316.03294654,2325.5385188399996
389877,G06007317,high,False,2246.969,0.7130643653791515,940.3880525499995,1120.4945611599999,940.3956920700001,920.5426645699998,824.22943247,1705.38266427,1569.41468717,2470.4378689699997
390266,G06007301,high,False,6801.8150000000005,0.7130643653791515,3107.119349368138,3021.3638724752414,3107.140264088132,3047.2430640881316,2756.685995588132,3190.7501423881317,2780.5635362881317,3274.5673804881317
390366,G06007325,high,False,7067.844000000001,0.8407500276235722,3218.507760759995,3120.775826659426,3218.528309649999,3156.0717365499995,2853.033449049999,3258.342043749999,2830.534115649999,3298.416128849999
390391,G06007326,medium,False,5357.632,0.7130643653791515,2327.2244394481245,2334.492421775244,2327.230257688132,2280.387440388132,2053.0548912881322,2632.6428823881324,2311.724583388132,2938.219237088132
390408,G06007325,high,False,13441.144,0.8407500276235722,6668.6109941099985,6159.388374609431,6668.68929385,6548.547668949999,5965.773194349998,5727.310175749999,4904.568485149999,4786.434766649999
390437,G06007330,high,False,8373.683,0.7130643653791515,3981.465259238132,3794.0213787452435,3981.5023106881313,3907.001985188132,3545.540561288132,3816.4484965881315,3306.167764988132,3651.704794888132
390651,G06007316,medium,False,411.448,0.7130643653791515,169.8125736800021,443.9120412000011,169.81304024000002,166.21912704000002,148.77597984000002,1211.45454064,1186.83105504,2253.1102098399997
390878,G06007313,low,True,3457.1130000000003,0.8407500276235722,909.3964794201,959.8664138840019,909.4024593297,890.1979187157,797.0135572917001,1023.6687940317001,892.1189342127,1138.0054729587
3911,G06007314,high,False,5269.288,0.7130643653791515,2287.8355357681244,2300.7921903752444,2287.844769088132,2241.653070788132,2017.5153375881323,2604.4587745881317,2288.0460761881322,2921.2296576881317
391146,G06007308,medium,False,9468.505000000001,0.8407500276235722,4431.379800279993,4178.782771379421,4431.362270049999,4348.688788149999,3947.2814016499988,4126.287854449999,3559.689921449999,3821.456437349999
391147,G06007329,low,True,4977.91,0.7130643653791515,1348.9881131967227,1387.7227076966672,1348.9932465375234,1321.440773743523,1187.718465583523,1321.0747481835233,1132.3016103015232,1293.2552414145232
391396,G06007328,medium,False,9759.650000000001,0.8407500276235722,4674.702063309996,4403.037594329431,4674.746484849999,4587.936062349999,4166.819665749999,4300.437190549999,3705.9354377499994,3926.450694549999
391442,G06007329,high,False,7493.705,0.7130643653791515,3469.9228905981204,3339.4855378452394,3469.944293888132,3403.988475288132,3084.0123727881323,3450.379200688132,2998.665982888132,3431.0388053881315
391464,G06007317,high,False,10620.529999999999,0.7130643653791515,5225.2544973281365,4892.307891375243,5225.294673088132,5130.037411288133,4667.695384888133,4706.539403588133,4053.8807493881322,4188.163107988132
391506,G06007301,high,False,5026.198,0.7130643653791515,2161.5093020381355,2190.0736413652376,2161.5169476881324,2117.439903388132,1903.542838188132,2514.060102988132,2212.104294488132,2866.750752388132
391526,G06007306,medium,False,9568.135,0.8407500276235722,4528.251840780002,4268.963018919428,4528.274283049999,4443.961524049999,4034.705053149999,4195.608535049999,3617.8852224499988,3863.3185855499987
391879,G06007312,high,False,8113.066000000001,0.7130643653791515,3820.121954978133,3649.5921498652374,3820.1565590881323,3748.3407545881323,3399.973649088132,3700.9943043881317,3209.184084688132,3582.091420788132
391882,G06007330,low,True,3527.3509999999997,0.7130643653791515,927.9353024865004,978.0040179140008,927.9438151598998,908.3401437788999,813.2606894979,1035.5502327519,901.3207003149,1143.2214664449
391889,G06007329,high,False,5423.7699999999995,0.7130643653791515,2460.9193092293285,2459.081975222975,2460.9396482093216,2412.491624809321,2177.366831509321,2739.050179409321,2407.126041209321,3017.369924509321
391957,G06007313,high,False,7227.719999999999,0.8407500276235722,3353.909224760002,3245.245947399431,3353.943882649999,3289.2218678499985,2975.184046649999,3355.2638126499987,2911.9277899499994,3356.841137549999
392122,G06007315,high,False,6785.418,0.7130643653791515,3088.734580548129,3004.0187183752446,3088.747950688132,3029.171119088132,2740.101943188132,3177.590954888132,2769.5128654881323,3266.6393488881317
392138,G06007323,medium,False,6512.3550000000005,0.7130643653791515,3038.1662673096603,2968.592553346201,3038.19218602966,2979.71449342966,2695.8684798296604,3145.4897149296603,2744.80336262966,3253.0288971296595
39258,G06007325,medium,False,4225.016,0.8407500276235722,1755.4858573994863,1833.6833349792992,1755.49169530949,1718.4832404094898,1538.8907110094904,2228.35681180949,1974.82744370949,2701.34716580949
39269,G06007329,high,False,6873.4220000000005,0.8407500276235722,3155.096655138132,3064.56233628524,3155.1215224881316,3094.4223334881317,2799.9689512881323,3225.0890984881316,2809.4032973881317,3295.2679216881315
393245,G06007327,medium,False,3323.5240000000003,0.7130643653791515,1372.932055590003,1497.9994005099998,1372.9345909200001,1343.8814647200002,1202.88286242,1981.1818279200002,1782.13988302,2589.52694822
393338,G06007329,medium,False,14361.444,0.8407500276235722,7124.3573637681275,6551.154549455241,7124.4194504881325,6997.374616888132,6381.100308888133,6065.537039988132,5195.539149588132,5007.152763288132
393447,G06007308,medium,False,6633.450000000001,0.8407500276235722,2904.2962997499935,2834.3054627894294,2904.291081449999,2847.136219349999,2569.547245149999,3033.474757449999,2641.639461049999,3162.912899049999
393808,G06007328,low,True,5969.209,0.8407500276235722,1637.4723966404983,1667.2591969806026,1637.4752890334998,1604.6554339934996,1445.3703500354995,1519.8826576484994,1295.0280276554995,1402.4085737414998
393954,G06007308,low,True,10813.501,0.8407500276235722,3269.2293879020963,3261.4080205205955,3269.2465878974995,3209.167633864499,2917.5744244184993,2687.594306290499,2275.9616805014994,2106.1839698204994
393955,G06007301,high,False,11868.058,0.7130643653791515,5826.636645148132,5413.892182435242,5826.678172088132,5721.332782388132,5210.271576688132,5136.894429388132,4415.425374388133,4447.450456688131
394186,G06007308,high,False,8309.437999999998,0.8407500276235722,3793.6555661599996,3615.50508831943,3793.656601849999,3721.656448849998,3371.947340249999,3669.90142485,3176.269957549999,3546.5121349499987
394194,G06007322,high,False,4133.983,0.7130643653791515,1711.755950238976,1793.6391703791696,1711.7513295689812,1675.793566468981,1501.214697468981,2202.221239568981,1955.7819313689808,2692.8114316689807
394273,G06007326,low,True,5904.983,0.7130643653791515,1713.5709390321852,1748.2723743003428,1713.5857902615858,1680.2351876265857,1518.3556357155858,1586.9639579895857,1358.4504991725858,1460.4761743455856
394280,G06007328,medium,False,9662.837,0.8407500276235722,4568.133780119996,4302.81857031943,4568.158746449999,4483.154397749999,4070.6709856499983,4224.161169949998,3641.874781749999,3880.4766171499987
394310,G06007313,medium,False,8749.308,0.8407500276235722,4182.851238410003,3976.079106189432,4182.905439649999,4104.3149322499985,3723.0738024499997,3948.4676281499987,3410.24296815,3714.365295249999
394378,G06007307,low,True,5445.42,0.8407500276235722,1476.3998808720005,1511.8040858196018,1476.4072931054998,1446.2754751934995,1300.0496051024995,1404.6225945554993,1198.1955899324996,1332.9499777934996
394477,G06007315,medium,False,6846.023,0.7130643653791515,3144.040759479152,3054.143795396073,3144.060337549151,3083.7210882491504,2790.8245854491506,3219.5418503491505,2806.0823643491512,3295.3203084491506
394499,G06007324,low,True,10072.686000000002,0.7130643653791515,3112.6593592698273,3116.9612046476664,3112.6894532295237,3055.6656205035233,2778.931114903523,2583.193737559523,2192.5326480345234,2053.9411494105234
394608,G06007326,high,False,16762.908,0.8407500276235722,8517.653818718132,7789.1785167852395,8517.758514488132,8367.369926088131,7638.116006188131,7062.644738488132,6033.138071588131,5608.049650588131
394706,G06007317,medium,False,9366.501,0.7130643653791515,4614.391235748137,4362.420733595245,4614.442545888132,4529.361357888132,4116.566703988132,4269.409777888131,3686.6605893881324,3924.700361988132
394927,G06007326,high,False,14397.182,0.7130643653791515,7232.084245668135,6656.022499075245,7232.164550488133,7103.342602588133,6478.316622288132,6142.631213588133,5260.270243788133,5053.713083488132
394968,G06007307,high,False,12993.608,0.8407500276235722,6341.700014399996,5861.762673259431,6341.740968249998,6227.1022445499975,5670.83319815,5493.338186149999,4708.054018649998,4645.410751849999
395072,G06007322,medium,False,5737.972,0.7130643653791515,2541.4455967881318,2524.1963204752356,2541.4608514881324,2491.0204124881316,2246.320912688132,2785.948819188132,2440.506592988132,3030.6011227881318
395248,G06007310,medium,False,3426.3700000000003,0.7130643653791515,1423.1681437199954,1543.0129999599994,1423.1778951000001,1393.0825036,1247.0944637000002,2013.9107074,1807.8193907999998,2604.7459439
395410,G06007312,high,False,7520.585,0.7130643653791515,3523.524355398133,3391.1015605252423,3523.5546880881316,3456.7066278881316,3132.375291288132,3488.7426816881316,3030.879633288132,3454.189526788132
395443,G06007328,high,False,4583.478,0.7130643653791515,1950.0662154594902,2005.5320295492998,1950.07854813949,1909.7415722394899,1714.04527123949,2366.5209218394903,2090.2818408394896,2783.08957653949
395572,G06007324,medium,False,7548.729,0.7130643653791515,3481.986195458137,3348.021127725247,3481.9985108881315,3415.855910788131,3094.901518688132,3459.007330588132,3005.919814588132,3436.2401329881313
395598,G06007326,medium,False,2451.9300000000003,0.7130643653791515,1150.3799516499994,1311.2770809799995,1150.3844994100004,1127.79294111,1018.0189722099998,1868.32265201,1713.39418321,2586.33669791
395640,G06007316,medium,False,3091.1270000000004,0.7130643653791515,1288.2121442599994,1425.1558836900008,1288.21869521,1261.00773741,1128.95283211,1927.8348238099998,1741.41619721,2567.5628936099997
395655,G06007312,high,False,9124.041000000001,0.7130643653791515,4327.575403458126,4092.2231911052445,4327.609045288131,4247.282756088132,3857.7536226881325,4064.128938688132,3514.260400088132,3800.8812771881317
395746,G06007316,low,True,2857.807,0.7130643653791515,746.1456302790002,799.9829434030024,746.1485560682999,730.3681591982998,653.7920734863001,918.6726663183,810.5711659023,1091.2509511503
395786,G06007326,high,False,5509.482,0.7130643653791515,2410.701660448141,2408.179757255239,2410.709120288132,2362.467821488132,2128.3699087881323,2692.383036988132,2361.909004988132,2974.2182504881316
39585,G06007315,low,True,747.814,0.7130643653791515,198.8741737646994,267.50084627700045,198.87542023860001,194.6861478576,174.3532955136,568.6861732446,539.9832703656,938.5162164726
395886,G06007313,high,False,11356.862000000001,0.8407500276235722,5653.466009930009,5278.163557029433,5653.562737049999,5550.340137149999,5049.8653150499995,5000.903335349999,4294.318993749999,4348.609450549999
396345,G06007306,medium,False,5539.112000000001,0.8407500276235722,2420.5536001098267,2419.881930742533,2420.565474119829,2371.6158106198286,2134.0859976198285,2690.263598919829,2354.965763419829,2960.1280086198285
396351,G06007328,high,False,4878.58,0.7130643653791515,2102.510223601017,2143.279218949689,2102.5389620810174,2059.031925781017,1848.0482724810165,2465.286831281017,2167.4249446810168,2828.189980081017
396356,G06007302,high,False,6516.367,0.8407500276235722,2812.873019778471,2768.1402995884687,2812.905971368471,2754.727486268471,2472.5196353684705,2925.842124868471,2527.432837868471,3038.984879468471
3964,G06007310,low,True,12887.097,0.7130643653791515,4033.7830532904236,4013.530430885671,4033.8149737335234,3961.3964576685235,3609.9849933555233,3242.3612503185236,2746.277168440523,2451.189543757523
396417,G06007314,high,False,6498.496000000001,0.7130643653791515,3004.882188418641,2938.0569176353656,3004.9123838586406,2946.7492424586408,2664.525330958641,3117.836153858641,2719.421397658641,3230.995376658641
396732,G06007308,high,False,4779.994000000001,0.8407500276235722,2041.4835351116976,2086.290610377289,2041.4954284316968,1999.368729431697,1794.9146548316971,2427.179050131697,2138.561339131697,2813.040604431697
396884,G06007306,high,False,10608.139,0.8407500276235722,5054.916445329999,4728.444907089424,5054.942972849999,4961.853662849999,4509.895445949999,4572.483519349999,3934.4732360499993,4090.504845049999
396951,G06007307,medium,False,3397.448,0.8407500276235722,1423.7020332411862,1539.2158891471568,1423.695785831188,1394.5055915311882,1252.661685531188,2028.9957580311877,1828.786483931188,2634.485283931188
397071,G06007316,medium,False,5721.25,0.7130643653791515,2549.054680288134,2532.8875725952385,2549.0764848881317,2498.5027932881317,2253.1863833881316,2791.393066088132,2445.075880488132,3033.8934997881315
397126,G06007310,low,True,6550.816000000001,0.7130643653791515,1898.9078668113639,1927.311714450852,1898.9184524493646,1862.2181264583644,1684.0574660883647,1715.1588714183645,1463.6594575743645,1531.5569882703644
397132,G06007313,high,False,8635.132,0.8407500276235722,4006.816257199999,3807.9723811994304,4006.8355480499986,3931.2124170499983,3564.2545376499984,3822.4659270499988,3304.4333747499986,3638.387475649999
397151,G06007326,high,False,13110.098,0.8407500276235722,6596.231658058126,6102.665072245247,6596.302442488131,6478.100190688132,5904.616751988131,5687.649654088131,4878.052009188132,4779.445194988131
397402,G06007314,high,False,12054.791000000001,0.7130643653791515,5878.318979198128,5453.466536625239,5878.348622688132,5772.166418888131,5256.886464188132,5173.861414588133,4446.487506988133,4469.749698588132
397590,G06007329,medium,False,3504.578,0.8407500276235722,1468.413317079997,1583.7021236100006,1468.4231620100002,1437.49996471,1287.4519277099998,2044.91937901,1833.0941685100001,2621.5356731099996
397745,G06007311,medium,False,3136.078,0.7130643653791515,1296.6114996100018,1431.2431513700024,1296.61425294,1269.18215614,1136.04589444,1932.43984784,1744.49495954,2568.35887814
397787,G06007301,low,True,734.897,0.7130643653791515,195.47125925670005,264.17212960599977,195.4737758673,191.35549283129993,171.3715149573,566.5059767793,538.2939037503,937.5606375063
397864,G06007322,medium,False,3117.8450000000003,0.7130643653791515,1295.9832630399999,1431.5322079700031,1295.98990275,1268.59578395,1135.6727999500001,1932.5635681499998,1744.9175595499999,2569.23116985
397908,G06007311,high,False,6267.644,0.7130643653791515,2823.903137468133,2772.5123984752404,2823.920889888132,2768.7743877881317,2501.170601788132,2988.066412988132,2610.294813988132,3152.451106288132
398055,G06007307,low,True,10813.029999999999,0.8407500276235722,3306.652487768699,3302.8643626926,3306.6791493434994,3245.952964747499,2951.313440071499,2714.3895394964993,2298.465175606499,2122.3121556074993
398157,G06007317,low,True,3536.8590000000004,0.7130643653791515,925.8157029239978,974.8061793750014,925.8172816850999,906.3072958400999,811.5882406821001,1034.7185441361,901.0113210740999,1143.6971083431
398227,G06007311,low,True,7160.121,0.7130643653791515,2084.4193965957434,2106.2098268857594,2084.4270351378436,2044.6080331878438,1851.269213170844,1847.434923076844,1574.5182482208438,1610.6287936308438
398249,G06007310,medium,False,1969.618,0.7130643653791515,853.5112045800016,1045.9337025999998,853.5155085600001,835.8815536599999,750.2362946600001,1655.9723740599998,1535.08211526,2458.51911926
398273,G06007328,high,False,24392.855000000003,0.7130643653791515,12326.998775649965,11112.921237849425,12327.08423625,12112.34992115,11070.835951449999,9776.50090275,8306.18413865,7226.649972649999
398364,G06007316,medium,False,8640.436000000002,0.7130643653791515,4039.8996504481443,3835.7476393352354,4039.9082630881317,3964.448989488132,3598.2653104881315,3858.247088788132,3341.314317188132,3676.8508291881317
398657,G06007315,low,True,5895.914000000001,0.7130643653791515,1652.9514113562236,1684.0981314256683,1652.9578757295233,1620.3228383715232,1461.9539004765236,1538.592864880523,1315.0325390175233,1424.3429338635233
39877,G06007330,medium,False,4182.412,0.7130643653791515,1743.941783020001,1824.656164349431,1743.948041999999,1707.157136799999,1528.606869499999,2220.483422099999,1968.428055299999,2697.144954399999
398804,G06007307,low,True,2232.54,0.8407500276235722,588.7667487806978,647.5062149710002,588.771102402,576.3437141490001,516.0448358100001,818.3924087519999,733.268902431,1048.062187176
398936,G06007328,medium,False,5090.718000000001,0.8407500276235722,2266.533623571187,2288.1229991171595,2266.546846171188,2221.072556671188,2000.315697971188,2595.1042044711885,2283.482198071188,2923.850886771188
398988,G06007326,high,False,7942.649,0.7130643653791515,3673.1425984781295,3513.6736337452407,3673.147056688132,3603.849874888132,3267.3749827881325,3595.778545988132,3120.8164041881323,3518.729847588132
399010,G06007301,high,False,11151.0,0.7130643653791515,5410.673286738136,5044.268642025236,5410.704128288131,5312.344700888132,4835.005044588132,4839.195616188132,4165.345913488132,4268.094901888132
399093,G06007301,high,False,9017.35,0.7130643653791515,4257.61923901814,4028.834940025234,4257.631378688133,4178.547370588132,3794.7030904881326,4014.0584153881323,3472.191924088132,3770.777646388132
399096,G06007326,high,False,5664.448,0.7130643653791515,2461.764899448131,2449.270780915241,2461.7596592881314,2412.6955476881317,2174.448572088132,2728.907880488132,2392.599524488132,2996.257528488132
399107,G06007311,high,False,8195.005000000001,0.7130643653791515,3867.2741091181165,3691.9100646652364,3867.325231288132,3794.668360688132,3442.4853169881326,3734.733033388132,3237.5346835881323,3602.385151088132
399119,G06007315,medium,False,6056.813,0.7130643653791515,2750.033012618131,2711.8307914052384,2750.053079488132,2696.1427678881314,2434.5082493881323,2935.223043588132,2565.891527188132,3120.6003943881315
399131,G06007312,medium,False,3823.356,0.7130643653791515,1623.7306133799989,1719.7263886899996,1623.7327657500002,1590.04879615,1426.5058864500002,2152.92619375,1922.06507565,2682.25689815
399142,G06007315,low,True,2662.262,0.7130643653791515,693.7545345066005,748.8115216120007,693.7575221178001,679.0776836507999,607.8494907198001,885.0393745878,784.4888608878,1076.3730708288
39915,G06007313,low,True,10555.032,0.8407500276235722,3179.0570553378006,3173.1214237376003,3179.077017133499,3120.4839055634993,2836.2109838264987,2623.066714105499,2221.760722480499,2067.2673919034996
399207,G06007326,high,False,13183.813,0.7130643653791515,6658.349268708129,6159.962734755236,6658.430088488132,6539.1724779881315,5960.656840488133,5732.112908488132,4915.395976388132,4806.232487788131
399261,G06007315,high,False,15500.141,0.7130643653791515,7732.935722108134,7086.003988415241,7732.981547488131,7595.815594288133,6930.194274788133,6501.048047788132,5561.393095288131,5269.647687588131
399366,G06007330,medium,False,4615.958,0.7130643653791515,1966.0936477291496,2020.7694373355002,1966.1092154291498,1925.33378362915,1727.52459032915,2375.0823234291497,2095.8368392291504,2784.2018481291498
399490,G06007323,high,False,13426.984999999999,0.7130643653791515,6633.670969978142,6119.973786525243,6633.714700688131,6514.858169688132,5938.261886988132,5714.431646388131,4900.598471588131,4795.4476625881325
399539,G06007314,low,True,4645.358,0.7130643653791515,1287.8986734368991,1328.7455065849986,1287.9072831114004,1262.1437813124003,1137.0958197353998,1290.4136337504,1113.8893364514001,1293.0478570014
399570,G06007317,low,True,3044.955,0.7130643653791515,796.309508150098,849.0103731619974,796.3120607715001,779.4776344005,697.7812400055003,950.8766485035002,835.5471584025001,1105.4986498365001
399960,G06007317,low,True,2676.61,0.7130643653791515,698.4073211030978,753.4349494489989,698.4108908910001,683.6347697759999,611.9463679559999,888.0878029890001,786.8897593500001,1077.810937431
400374,G06007308,medium,False,8681.599999999999,0.8407500276235722,4042.972540709994,3841.1081813494266,4042.995121449999,3966.751015949999,3596.865292149999,3848.353284849999,3326.179237449999,3653.957957049999
401435,G06007326,high,False,18154.908,0.8407500276235722,9069.563126798128,8251.984655185242,9069.604022088131,8910.076275388132,8136.088257088131,7457.550536488132,6364.940478388133,5846.023442088132
401598,G06007316,low,True,8324.039,0.7130643653791515,2522.3446934331223,2540.08099574267,2522.367281251523,2475.2084898165226,2246.338040995523,2160.754262941523,1837.6647703065237,1799.338647004523
402331,G06007313,high,False,6917.16,0.8407500276235722,3108.656374279998,3020.5431990394313,3108.6707108499986,3048.0599935499995,2753.9180509499993,3179.7288792499994,2764.4959221499994,3251.036511949999
402359,G06007329,medium,False,6019.405,0.7130643653791515,2754.7224268891505,2716.889310946073,2754.750699729151,2701.049256329151,2440.4749858291516,2943.5866739291505,2575.731041629151,3132.6588522291513
402390,G06007301,high,False,20884.127999999997,0.7130643653791515,10528.007730578136,9534.03221756524,10528.073734888132,10344.18613018813,9451.927898388132,8501.229261088132,7241.665626988131,6475.092576388131
402415,G06007322,low,True,12847.617,0.7130643653791515,3968.259592895723,3942.0257910986647,3968.282144413524,3896.994000808523,3550.8648896205223,3195.467379616523,2706.8762581155233,2422.957441894523
402484,G06007329,low,True,13999.483999999999,0.7130643653791515,4434.0949516488245,4408.166965863668,4434.148793773524,4355.015629159522,3971.155293496523,3528.830877034523,2986.916544319524,2623.853241691523
402600,G06007312,low,True,11162.798999999999,0.7130643653791515,3453.707108015722,3447.1486867126673,3453.7466120775234,3390.994829746523,3086.6209223145224,2827.241679361523,2397.5560798785236,2201.001880570523
402621,G06007308,medium,False,7024.382,0.8407500276235722,3161.1868679000036,3066.158435399433,3161.1952500499992,3099.707716949999,2801.3079667499997,3217.3264619499987,2796.0848156499987,3273.673274749999
402640,G06007323,medium,False,4923.8099999999995,0.7130643653791515,2120.4206672186397,2155.5874091553696,2120.431405458641,2077.0444704586407,1866.5039707586411,2484.750318058641,2187.536991658641,2849.2353161586407
402701,G06007308,high,False,8047.407,0.8407500276235722,3731.2324121400006,3570.145122379433,3731.260736449999,3660.231021249999,3315.608284849999,3625.261377149999,3138.7605259499996,3519.545310549999
402730,G06007310,low,True,4915.901,0.7130643653791515,1322.272111789524,1360.732206746671,1322.2720788531233,1295.1942936081232,1163.762478842123,1302.3801329211233,1116.842580098123,1282.577030534123
402785,G06007315,low,True,5256.366,0.7130643653791515,1439.568704831122,1475.8955949186686,1439.576377021523,1410.501139480523,1269.436594663523,1385.894970958523,1186.7565424905233,1332.3111179385232
402809,G06007327,low,True,8246.075,0.7130643653791515,2458.625544924026,2472.7819896536676,2458.638792721523,2412.5621815815234,2188.848777940523,2115.1464575445234,1799.3568641805232,1771.8595699665232
403057,G06007307,low,True,6104.5689999999995,0.8407500276235722,1794.2017298321737,1829.140523702932,1794.214984824276,1759.4900513642763,1590.9066663032766,1644.0833937272764,1406.1102084032764,1494.104245683276
403082,G06007301,low,True,3325.148,0.7130643653791515,873.6958544957996,924.9550911860007,873.7018770312001,855.2434529142,765.6960625902001,1000.7263417332001,874.3119822912,1127.8120203852
403153,G06007311,medium,False,5868.389,0.7130643653791515,2602.2654927981307,2576.5792068652513,2602.2751224881317,2550.8313519881317,2301.1966810881318,2829.468549188132,2477.068185788132,3056.837004388132
403281,G06007312,medium,False,3935.111999999999,0.7130643653791515,1942.5998024600046,2012.099071139996,1942.6046793399998,1906.1546156399997,1728.96911534,2424.2036996399993,2174.14227744,2905.9511047399997
403380,G06007306,high,False,13266.082999999999,0.8407500276235722,6499.291629330002,6001.522787949435,6499.332038049999,6382.070789149998,5813.005562449999,5606.118237649998,4802.790047949999,4713.390640949999
403566,G06007310,medium,False,8164.445,0.7130643653791515,3817.056480728133,3643.21319731524,3817.073179888132,3745.3400791881318,3397.209658488132,3698.788662788132,3207.342471288132,3580.772164288132
403670,G06007324,medium,False,6172.171,0.7130643653791515,2738.461337018126,2693.3116952852447,2738.464291688132,2684.7570856881325,2424.084427688132,2926.921739988132,2558.9416119881316,3115.576544788132
403710,G06007330,high,False,3507.843,0.7130643653791515,1471.5645300299989,1586.8137517800048,1471.57283753,1440.55973193,1290.05012043,2046.4794771299999,1834.00883123,2621.49526053
403750,G06007317,high,False,6012.347,0.7130643653791515,2677.5761985181316,2642.5227234252425,2677.587364688132,2624.881560488132,2369.125998288132,2883.363694388132,2522.3425657881317,3089.3126534881317
403893,G06007314,medium,False,5530.902,0.7130643653791515,2462.4885555181286,2458.4350468052435,2462.511064488132,2413.383955688132,2175.083719888132,2729.4549131881317,2393.038783088132,2996.560784488132
403961,G06007307,medium,False,6411.697999999999,0.8407500276235722,2870.5589345305075,2814.6063193395617,2870.5794380205084,2813.9722261205084,2539.255699620508,3009.808836720508,2621.998800020508,3149.281852420508
404133,G06007317,medium,False,7718.398,0.7130643653791515,3630.86644190813,3485.854621855238,3630.8989134881317,3562.257636388132,3229.2311562881323,3565.5483586881323,3095.403357288132,3500.493940588132
404185,G06007317,high,False,3737.921,0.7130643653791515,1566.8585972200003,1669.3172834599982,1566.8651441000002,1533.9948328,1374.4543856,2110.0805419,1884.8627134,2653.4275291999998
404205,G06007316,medium,False,3322.538,0.7130643653791515,1377.9460609199987,1503.059121659998,1377.9507823399997,1348.8133942399998,1207.4173966400003,1984.8012217399998,1785.1961749399998,2591.7540097399997
404421,G06007330,medium,False,3776.59,0.7130643653791515,1577.2560018599997,1679.0717445400014,1577.2694131000005,1543.9540623,1382.3419999000002,2113.2091312000002,1885.060077,2649.2640588
404523,G06007310,low,True,8243.877999999999,0.7130643653791515,2427.3093890796226,2438.629329027669,2427.3193602975234,2381.743341865523,2160.5890908975234,2092.728321076523,1780.5425181615233,1758.305721994523
404815,G06007316,low,True,2609.864,0.7130643653791515,679.4058194846983,734.722880983003,679.4072933256001,665.0309554685999,595.2604707756001,875.8059347316,777.3140095986,1072.2538357116
404887,G06007311,medium,False,3795.852,0.7130643653791515,1615.4638938489784,1711.2838564391711,1615.4745637389813,1582.1738526389809,1420.658935838981,2151.818005038981,1923.8364831389808,2688.245772238981
404948,G06007328,high,False,21377.3,0.8407500276235722,10478.877742038998,9457.655709399163,10478.704298348983,10295.361375448982,9404.498179648981,8457.238712048982,7199.960670748981,6436.027520648981
404955,G06007310,medium,False,7036.415000000001,0.7130643653791515,3259.23893152813,3157.650909975241,3259.264389888132,3196.850394688132,2893.932427188132,3299.6259274881318,2872.000872188132,3340.2230237881317
404980,G06007326,medium,False,4106.451,0.8407500276235722,1741.0055512599984,1823.2662135999997,1741.0173781000003,1704.7350195,1528.6817833,2226.3154562,1977.7873038999999,2711.7538609
405023,G06007314,high,False,8729.859,0.7130643653791515,4144.03617107814,3934.1962573252326,4144.083415888132,4066.8115433881317,3692.188535588132,3932.784748688132,3403.912844488132,3721.749126788132
405045,G06007323,medium,False,5959.335,0.7130643653791515,2713.748942640166,2680.409117285759,2713.7671532901672,2660.661463390168,2402.882158590168,2912.4698586901673,2548.583599290168,3111.3924521901677
405269,G06007326,high,False,3523.441,0.7130643653791515,1458.99375459,1573.77298096,1459.00022983,1428.1397245299997,1278.37971033,2036.50695523,1825.0890691299999,2614.12481123
405282,G06007317,high,False,10028.94,0.7130643653791515,4786.037891968132,4492.262728215244,4786.0514040881335,4698.115427288132,4271.429992088133,4392.205007988132,3789.8687835881324,3998.631253688132
405470,G06007317,medium,False,2960.259,0.7130643653791515,1228.9162471899995,1372.5261519999995,1228.9213191700003,1202.9400815699998,1076.86312347,1889.50709987,1711.52460757,2550.18025297
405550,G06007315,medium,False,4716.895,0.7130643653791515,1993.9956439881266,2042.051227435241,1993.997746328132,1952.7937703281314,1752.7997963281318,2395.304657128132,2112.9772010281317,2796.7509076281317
405677,G06007328,medium,False,8338.178,0.7130643653791515,3921.7300829300057,3741.5301085894325,3921.7617368499996,3847.563794149999,3487.483350649999,3761.5937397499993,3253.2740869499994,3601.7365548499993
405818,G06007324,high,False,1885.742,0.7130643653791515,828.6245007900002,1024.7534574000042,828.62632251,811.6326705099999,729.0630715100001,1641.90519481,1525.36558501,2455.26117041
405842,G06007314,low,True,13203.211,0.7130643653791515,4109.121738173423,4083.36237331767,4109.158205641523,4035.465797950524,3677.966554933523,3296.2627508175233,2791.564138651523,2483.6688378075232
405844,G06007311,high,False,6236.721,0.7130643653791515,2836.7904235481365,2787.10059963524,2836.816997288132,2781.4438614881315,2512.7861746881317,2997.3070018881317,2618.044582788132,3158.011425388132
405878,G06007315,low,True,4237.439,0.7130643653791515,1110.0555024744194,1154.5701990966927,1110.06135063842,1086.6405619884201,972.99968218142,1152.5672772294201,992.1394093704201,1195.15625092442
406366,G06007310,high,False,4570.321,0.7130643653791515,1935.2685406486407,1992.28825182537,1935.278252078641,1895.1089282786406,1700.212445378641,2354.458917278641,2079.322001678641,2773.7703929786408
406447,G06007327,medium,False,6314.818,0.7130643653791515,2850.424680698134,2795.977245045242,2850.441082488132,2794.8385571881317,2525.0899546881324,3007.0599528881316,2626.252574788132,3163.8583824881316
406573,G06007311,medium,False,2759.858,0.7130643653791515,1149.0768000899984,1302.9802212499956,1149.08506014,1124.7994797400002,1006.9854223400002,1838.65137564,1672.3332479399999,2528.30187954
406616,G06007313,medium,False,7929.749,0.8407500276235722,3739.0007304299997,3585.08661306943,3739.051543649998,3667.865725049998,3322.605403649999,3630.8479995499983,3143.4281708499993,3522.9134721499986
406898,G06007324,medium,False,6595.6,0.7130643653791515,3016.60173573813,2943.8361967852393,3016.6200076881323,2958.239152388132,2674.996821588132,3125.9872901881317,2726.1545220881317,3235.5259871881317
406924,G06007314,high,False,14237.522,0.7130643653791515,7018.169181768128,6452.85257435524,7018.206996088133,6892.984463888131,6285.315024788131,5989.537514688131,5131.704151088132,4961.368062388132
406969,G06007324,medium,False,3779.107,0.7130643653791515,1561.3810905805158,1662.9929191795559,1561.3794382705082,1528.364570970508,1368.089787170508,2102.018516970508,1875.767845970508,2642.770816270508
407104,G06007330,medium,False,4738.365,0.7130643653791515,2036.485353189485,2082.3653466693013,2036.49969986949,1994.6670762694903,1791.6808463694902,2427.3380503694902,2140.7910828694903,2818.3346980694896
407305,G06007324,medium,False,9074.966,0.7130643653791515,4313.2642270981305,4080.6948127052424,4313.294328888132,4233.260802988132,3844.8918764881323,4053.877348788132,3505.6307378881324,3794.7959922881323
407434,G06007310,low,True,411.448,0.7130643653791515,106.98192141840131,177.45789684000076,106.98221535120001,104.71805003520001,93.72886729920002,509.5665286032,494.0537326752,912.1597681992
407485,G06007310,medium,False,4541.619,0.7130643653791515,2018.9763367399983,2071.058994079999,2018.9915426799998,1978.32078098,1780.9203566800002,2429.4742924800003,2150.8195461800005,2840.1109353800002
407533,G06007325,high,False,14479.827000000001,0.8407500276235722,7157.384241250002,6581.441044669432,7157.442671449998,7029.153966249999,6406.754677249999,6077.070538849998,5198.409634949999,4997.200923849999
407723,G06007301,low,True,6015.045,0.7130643653791515,1689.0684129258227,1718.878523057666,1689.0769605075236,1655.8410290235233,1494.547936741523,1564.4342424915235,1336.7388997215235,1439.9305810365233
407951,G06007329,medium,False,2805.888,0.7130643653791515,1170.4737507900027,1322.0048867099972,1170.48301164,1145.75356844,1025.79364624,1852.52271684,1683.17397134,2534.6453907399996
408029,G06007314,low,True,12898.515,0.7130643653791515,4071.502829714124,4055.047714420666,4071.5610400635237,3998.4639729855235,3644.005355731523,3269.362834543523,2768.948295016524,2467.4507734485233
408115,G06007323,high,False,42359.28199999999,0.7130643653791515,21925.495984408117,19545.856602255233,21925.40465148813,21551.35812198813,19734.88541828813,16657.46732778813,14093.50075498813,11390.48937118813
408132,G06007315,low,True,10776.347,0.7130643653791515,3328.0690424109243,3324.8541404086677,3328.110166933523,3267.4598268405234,2973.2810156835235,2737.3410135135236,2322.026911660523,2146.8242466615234
408198,G06007330,low,True,3572.7960000000003,0.7130643653791515,929.852137116001,978.521928034,929.8547044164001,910.1766292794,814.6842720534002,1036.0208400114002,901.2154751634001,1142.2551002154
408259,G06007312,medium,False,2466.584,0.7130643653791515,1023.1914397600015,1192.1034765999966,1023.1960867200003,1001.5592573200001,896.57089062,1757.75360492,1609.5433255199998,2492.38633502
408342,G06007317,medium,False,3109.8410000000003,0.7130643653791515,1290.3532996800002,1426.3490608099937,1290.3598794299999,1263.0734128299998,1130.68000433,1928.78426563,1741.8848548300002,2567.30272603
408472,G06007328,medium,False,4931.198,0.8407500276235722,2139.8495409218626,2171.7496981541885,2139.8605568818675,2096.5336331818667,1886.2034500818668,2504.9456283818668,2208.040130781867,2870.238698381867
408507,G06007327,high,False,3248.642,0.7130643653791515,1343.8158116800003,1472.6874321199998,1343.81914786,1315.3905660599999,1177.4220706599997,1962.6931841599999,1767.9259689599999,2581.66439296
40966,G06007328,medium,False,7934.528,0.7130643653791515,3712.867960020001,3558.7826738994313,3712.901805649999,3642.1872844499985,3299.0458276499985,3612.1269148499987,3127.7136191499994,3511.657988449999
409676,G06007323,low,True,4526.306,0.7130643653791515,1216.0131383860942,1258.7946133021712,1216.0219892938928,1190.8804348348929,1068.887263940893,1229.242871522893,1057.026054890893,1242.560477336893
409740,G06007311,medium,False,10974.336,0.7130643653791515,5367.850964258141,5012.90650100524,5367.908804688132,5270.1918866881315,4796.322805088132,4808.577413888132,4139.6170053881315,4249.576367588132
409766,G06007316,medium,False,6845.495,0.7130643653791515,3124.4583376981295,3035.779802085241,3124.4739974881327,3064.3061906881317,2772.3379752881315,3203.154018188132,2790.982274188132,3282.063282088132
409951,G06007313,medium,False,4851.0869999999995,0.8407500276235722,2040.3190395410165,2082.6802759196885,2040.3282689310172,1997.9375786310175,1792.2121254310177,2421.539990531017,2131.128807331017,2802.9243227310167
410016,G06007302,high,False,12924.965,0.8407500276235722,6115.466392236266,5659.993192891053,6115.491074326266,6001.830340526266,5450.078415626264,5283.0699708262655,4504.207836226265,4451.117522426265
410019,G06007314,low,True,4341.619,0.7130643653791515,1149.3682613710275,1192.9745821505012,1149.3735734428303,1125.3630827428303,1008.8580073498302,1181.8454572108303,1017.3778981858303,1214.3950142458302
410119,G06007325,high,False,9391.697,0.8407500276235722,4450.036302519999,4202.20058217943,4450.07142245,4367.024106449999,3964.135456849999,4139.659581649999,3570.8793188499994,3829.5464641499993
410206,G06007302,low,True,432.012,1.4172145412832236,112.2834656916012,182.61233306400095,112.2837304428,109.9072341108,98.37251093880002,512.9544144108,496.67152941480003,913.6345103268001
410269,G06007330,medium,False,3709.2689999999993,0.7130643653791515,1527.3562482194982,1632.6754147298693,1527.356602909491,1495.018653009491,1338.0544340094907,2079.6064869094907,1858.0297109094909,2631.9667327094908
410285,G06007328,medium,False,7017.67,0.8407500276235722,3212.7016839399985,3117.7856181194306,3212.734648649999,3150.357183449999,2847.778151549999,3254.2131085499987,2827.047228049999,3295.908962649999
410348,G06007301,medium,False,9620.587,0.7130643653791515,4618.896247728126,4351.1259500552405,4618.930570488132,4533.791696688131,4120.6441165881315,4272.591430488132,3689.360055988132,3926.6224338881316
410439,G06007328,high,False,5922.932000000001,0.8407500276235722,2588.7711422999946,2564.7458319794296,2588.782939049999,2536.848645349999,2284.8599284499996,2807.7019994499997,2451.972518749999,3026.799115349999
410497,G06007310,high,False,4551.248,0.7130643653791515,1931.799669328979,1988.1312973891713,1931.811484908981,1891.9430151089807,1698.4655879089812,2356.037653508981,2082.9269381089807,2780.407863908981
410646,G06007326,low,True,1316.127,0.7130643653791515,359.27105354910066,425.26539651400077,359.27418933629997,351.74745686430003,315.2084475393,672.2533280973,620.6740693383,985.2652805973
410770,G06007324,medium,False,9185.308,0.7130643653791515,4419.967595028136,4179.914563175239,4420.000552288133,4338.1847873881325,3941.155737388132,4130.258805088132,3569.7837812881316,3840.820968688132
410779,G06007326,low,True,6775.118,0.8407500276235722,1938.9339757863454,1960.97085416116,1938.9343683456448,1901.6802416106445,1720.7309084166443,1745.387060757645,1489.9575104166447,1552.0187737806446
410809,G06007326,low,True,8201.492999999999,0.7130643653791515,2476.029618170727,2494.3753446606697,2476.0638527235233,2429.641245142523,2204.5383098475236,2127.616868938523,1809.8281641735234,1779.3303702825233
410839,G06007306,low,True,2967.103,0.8407500276235722,782.4134965059001,836.3565667099974,782.4210941547,765.8998969797001,685.7666881947,942.4710186177001,829.3476102267001,1102.5775106547
410923,G06007312,high,False,3537.508,0.7130643653791515,1498.7824837400003,1611.6165387599976,1498.79633704,1467.3879967399996,1315.0015478399998,2067.13036214,1852.01377454,2635.57857384
410929,G06007315,low,True,12971.429,0.7130643653791515,4088.1570365589196,4070.1917010266716,4088.2108812855236,4014.855388333523,3659.041770229523,3281.272309372523,2778.9520880115238,2474.656512667523
410950,G06007313,medium,False,7635.929,0.8407500276235722,3549.403419979996,3414.4722677594273,3549.43355205,3481.457942349999,3151.5655979499998,3495.151259449999,3029.4459884499993,3441.161651649999
411157,G06007326,low,True,11506.448,0.8407500276235722,3559.1613004950245,3548.765013335668,3559.1955339075234,3494.7080199915235,3181.7835355245234,2902.694073007523,2460.9397193865234,2246.513986510523
411228,G06007301,high,False,2956.54,0.7130643653791515,1232.535620119998,1376.3665716400003,1232.5447915999998,1206.5017283999998,1080.1656422,1892.2144203999999,1713.86322,2551.9723223
411252,G06007313,low,True,3234.068,0.8407500276235722,861.1874907741,914.295117630999,861.1978087692003,843.0494021082001,755.0280069822003,993.5742568422,869.3114493972,1126.0182712182002
411266,G06007314,high,False,6990.142,0.7130643653791515,3238.4492774781306,3140.1726029452398,3238.475097488132,3176.405180088131,2875.180984688132,3284.732164488132,2859.498217988132,3331.259922188132
41129,G06007330,high,False,614.428,0.7130643653791515,259.6827589899988,523.4004613899999,259.68485404,254.21442924,227.67239524,1269.4070552399999,1231.9374869399999,2279.15357964
411408,G06007307,high,False,5071.174,0.8407500276235722,2218.3112724318667,2243.6490150741915,2218.3328207518666,2173.324136851867,1954.927810851867,2555.1090171518667,2246.798830151867,2892.0798829518667
41162,G06007328,high,False,12125.732,0.8407500276235722,6031.823127980007,5607.459782839433,6031.914324249999,5922.358846549998,5391.196061649998,5271.636036949999,4521.775648649999,4511.753719949999
411623,G06007313,medium,False,9920.809,0.8407500276235722,4768.303808849998,4486.060905689431,4768.336997649999,4679.990851649999,4251.273095849999,4367.419804149999,3762.2058820499988,3966.835443349999
411899,G06007325,medium,False,6652.769,0.8407500276235722,3041.1999239999996,2969.6876609594306,3041.2218468499996,2981.722874449999,2693.0319072499997,3131.489425349999,2723.957337749999,3221.937246349999
412102,G06007308,high,False,6278.966,0.8407500276235722,2782.4197670599997,2735.48016013943,2782.4354696499995,2727.2593472499993,2459.5720824499995,2946.279651849999,2568.385400349999,3110.314977449999
412154,G06007316,medium,False,3639.992,0.7130643653791515,1499.1500600699997,1608.0373532499973,1499.15140096,1467.41090076,1313.3517680600003,2061.58656186,1844.1098877600002,2624.13580506
41243,G06007301,medium,False,5685.551,0.7130643653791515,2524.8630169296575,2510.2534738456293,2524.8774433996587,2474.809813799659,2231.7888297996587,2775.3033762996592,2432.2473578996587,3025.947774199659
412549,G06007326,low,True,6496.372,0.8407500276235722,1866.3970836408223,1894.069103839668,1866.4154377395232,1830.2065041255232,1654.532504785523,1691.3385863865228,1443.3375903255233,1516.4174596935231
412598,G06007310,medium,False,7059.999,0.7130643653791515,3280.645493298639,3177.7705649353693,3280.6706775786415,3217.9095193786407,2913.299721478641,3315.077179178641,2885.075429478641,3349.769755578641
412717,G06007324,low,True,3762.8230000000003,0.7130643653791515,973.3023479025,1019.662818272,973.3010395815,952.7241553514999,852.8063616765,1063.9586929845,922.9135322595,1154.7025261665
412740,G06007328,high,False,5478.5779999999995,0.8407500276235722,2359.857485879991,2364.448500979435,2359.8679554499995,2311.7617153499987,2078.332650549999,2643.888878349999,2314.3585710499992,2928.078260449999
412883,G06007306,medium,False,4276.709999999999,0.8407500276235722,1774.1982944994922,1850.0286628393,1774.2062706694903,1736.7502013694905,1555.0043391694903,2239.5221463694897,1982.9561362694901,2704.96810816949
412962,G06007315,low,True,4158.4490000000005,0.7130643653791515,1104.7202161254015,1149.9698711620003,1104.7249597104003,1081.6692047784002,969.7707374544,1153.3591732493999,995.3959743804002,1202.0799381414
412983,G06007308,high,False,15124.43,0.8407500276235722,7472.172044679993,6854.81736935943,7472.22589625,7338.694055349998,6690.771245749998,6302.318039849998,5387.637694949999,5132.977546849998
413118,G06007302,high,False,6993.275,0.8407500276235722,3011.710477257447,2939.0742629982083,3011.745208477453,2949.888685077453,2649.956471177453,3062.4647056774534,2639.038809777453,3113.393031177453
413237,G06007301,medium,False,5244.237999999999,0.7130643653791515,2272.2801403981343,2286.8313604452483,2272.287134888132,2226.360119388132,2003.484479088132,2593.3272725881316,2278.695182688132,2914.522565888132
41325,G06007308,high,False,5515.826999999999,0.8407500276235722,2386.0410367800014,2388.24006623943,2386.0589364499992,2337.5084932499994,2101.9566468499997,2662.623558049999,2330.092168449999,2939.381774149999
413706,G06007316,medium,False,5230.585999999999,0.7130643653791515,2267.517173188122,2282.9759802752355,2267.5268740881324,2221.6736307881324,1999.184146088132,2589.918740788132,2275.831376188132,2912.466570288132
413771,G06007322,high,False,2754.1020000000003,0.7130643653791515,1142.5291235299962,1296.6994027500007,1142.5331752600002,1118.3754040600002,1001.1431919600002,1834.14592506,1668.65118196,2525.83962766
413810,G06007315,high,False,4777.285,0.7130643653791515,2066.1431431389797,2109.46785522917,2066.166343018981,2023.8342057189807,1818.520551418981,2448.8131319189806,2158.967354818981,2831.613677918981
413868,G06007312,medium,False,816.76,0.7130643653791515,337.0070720000021,590.3644688800002,337.00796519999994,329.8752048,295.2560196,1318.4013948,1269.5314692,2299.822918
413919,G06007315,medium,False,3352.861,0.7130643653791515,1390.372945960004,1513.930824109996,1390.3796734300004,1360.97479513,1218.30130973,1992.7454815299998,1791.33436253,2595.21157453
413933,G06007328,high,False,16805.958,0.7130643653791515,8299.350698819999,7573.297309139425,8299.391334249998,8152.067713049999,7437.038263449999,6894.252314049999,5884.903922149999,5489.717225949999
413988,G06007316,low,True,6523.321,0.7130643653791515,1872.247589520923,1899.3222315166663,1872.2584484655229,1835.950822516523,1659.7890984075232,1695.530694523523,1446.8667785685232,1518.914929129523
413993,G06007324,medium,False,6273.032,0.7130643653791515,2827.3884824481315,2775.591363595241,2827.4060832881314,2772.192828288132,2504.3095470881317,2990.572221288132,2612.399120888132,3153.935103488132
414123,G06007316,low,True,1002.402,0.7130643653791515,264.78218777850014,331.60124792900064,264.78250864380004,259.1993793438,232.08904785779998,610.8248858088,572.5567419438,956.8925987388001
41424,G06007315,medium,False,9806.529999999999,0.7130643653791515,4633.674160368133,4354.187052215239,4633.685841488132,4548.323749088133,4133.982109488134,4283.148106188132,3698.250569588132,3932.967145588132
414346,G06007306,medium,False,9522.739000000001,0.8407500276235722,4534.130360849998,4277.543447709424,4534.155018049999,4449.732289049998,4039.9867612499984,4199.8351856499985,3621.431114949999,3865.836424349999
414464,G06007301,high,False,14366.086,0.7130643653791515,7196.234131358127,6622.352138745244,7196.320017088132,7068.037943988131,6445.916904588132,6117.000662088132,5238.749751988131,5038.1550062881315
414536,G06007326,medium,False,13282.139,0.8407500276235722,6485.594417498134,5981.944681165245,6485.620555088133,6369.32768768813,5804.832420388131,5608.396809788132,4811.5288967881315,4731.7096421881315
414542,G06007310,low,True,607.766,0.7130643653791515,161.06691473459898,230.49239901800024,161.06728666140003,157.6733426604,141.1927588764,544.3955945364,521.1323955984001,927.7386071784
414639,G06007315,high,False,3234.202,0.7130643653791515,1346.8799263700018,1476.5037669299998,1346.88789446,1318.42633026,1180.34031096,1965.3404685599999,1770.40198106,2583.89004036
414812,G06007329,low,True,13790.427,0.7130643653791515,4258.027010454924,4222.133096646667,4258.041729661522,4181.905035244523,3812.313412459523,3402.8111873925227,2881.080318271523,2547.8961762135227
415054,G06007310,medium,False,12844.668,0.7130643653791515,6359.57636462813,5883.6794281952425,6359.628300288132,6245.406936388132,5691.130189088131,5518.255158188133,4735.774708588133,4677.377614988132
415242,G06007312,high,False,7191.26,0.7130643653791515,3389.5830737081337,3278.307810215237,3389.622346488132,3324.998454088132,3011.5254321881325,3392.9019144881318,2950.3598536881323,3396.428909588132
415376,G06007312,medium,False,3944.5560000000005,0.7130643653791515,1642.6091895594893,1735.7901389898673,1642.6206455294912,1607.914564329491,1439.547707529491,2154.857379929491,1917.169821629491,2667.2083752294907
415400,G06007302,high,False,8869.665,1.0497359105206039,3991.4493066962677,3797.7032357710514,3991.466123326265,3913.2688951262644,3533.7535396262647,3763.105780526265,3227.355370926265,3535.029616526265
415529,G06007315,low,True,4025.112,0.7130643653791515,1050.3752198187206,1096.2073212506937,1050.37976495372,1028.16205718972,920.3539060047201,1113.34850104472,961.15705416872,1176.39495532172
41557,G06007313,high,False,3578.6000000000004,0.8407500276235722,1560.0779445511869,1664.335051487159,1560.0879685411883,1528.5010873411882,1375.1293064411884,2124.9673271411884,1908.467478441188,2690.023280841188
415570,G06007306,high,False,13947.405999999999,0.8407500276235722,6959.011402159992,6416.913449119422,6959.09428745,6834.094684849997,6227.766722549998,5935.14028765,5079.150472549999,4911.675415449998
415640,G06007301,high,False,6227.763000000001,0.7130643653791515,2837.094728858125,2787.8277255252365,2837.1058122881323,2781.7538330881316,2513.0633267881326,2997.529221188132,2618.236230188132,3158.142603188132
415647,G06007306,high,False,9566.491000000002,0.8407500276235722,4633.363456240002,4374.250559099434,4633.4218904499985,4547.293291149999,4129.539881149999,4270.850010249999,3681.0716412499996,3908.6585070499987
41575,G06007307,low,True,370.51099999999997,0.8407500276235722,96.26144031000064,167.0128357730003,96.26170965389997,94.22402398289998,84.3343249959,502.7029118859,488.7423149979,909.1520153259
415819,G06007311,low,True,5538.5740000000005,0.7130643653791515,1551.3506637351213,1587.5143065286688,1551.3739653435234,1520.3990023035233,1370.2754864535234,1465.889843587523,1253.9534327055233,1380.5106846195233
415948,G06007302,high,False,7693.551,0.8407500276235722,3358.9106676362603,3241.0668867710465,3358.922969126265,3291.2882965262647,2963.062148226265,3310.454647026265,2847.105688226265,3262.209963826265
416053,G06007308,low,True,5078.488,0.8407500276235722,1361.1873883663502,1399.4551973305915,1361.194018032751,1333.1051267617509,1196.819248620751,1324.2623797597507,1131.865111941751,1287.427033962751
416079,G06007310,medium,False,886.3499999999999,0.7130643653791515,365.1232381900016,614.922343349999,365.12388130000005,357.393667,319.87335540000004,1336.3410998,1283.3760634999999,2307.5882222
416117,G06007324,high,False,7679.155000000001,0.7130643653791515,3590.377271918123,3447.925881905235,3590.4119574881324,3522.4187750881315,3192.681683488132,3536.5909997881317,3071.080079188132,3482.9808202881313
416211,G06007330,high,False,13748.216000000002,0.7130643653791515,6828.236103088131,6294.3154097952465,6828.2897114881325,6706.236268988132,6113.959936288133,5853.619161488132,5017.5081948881325,4879.502644588132
416260,G06007301,medium,False,6194.281999999999,0.7130643653791515,2774.7568090981335,2728.0674901852417,2774.764314288132,2720.4433591881316,2456.825527488132,2952.905244988132,2580.763826888132,3131.2298075881317
416334,G06007330,medium,False,6379.2699999999995,0.7130643653791515,2874.7336053681333,2815.9223768752427,2874.7415128881316,2818.772021988132,2547.0286993881323,3024.4396652881323,2640.850369088132,3174.3883207881318
416399,G06007314,high,False,2482.39,0.7130643653791515,1045.0442277299971,1213.1035662899965,1045.0505961000001,1023.0238237000001,916.1199828000001,1772.8950948,1621.9816097,2500.8352626
41646,G06007315,high,False,8788.287,0.7130643653791515,4196.663839898132,3982.566489725243,4196.708476488131,4118.594190888132,3739.6873929881317,3970.449631388132,3435.537374788132,3744.5020682881313
416708,G06007310,medium,False,4135.611000000001,0.7130643653791515,1719.705110499316,1802.383425752959,1719.717118749321,1683.478011149321,1507.675623849321,2205.884643249321,1957.7114008493209,2692.1813637493206
416768,G06007315,high,False,5836.543,0.7130643653791515,2578.931351838132,2554.997947715235,2578.9340486581323,2527.916135858132,2280.3394395581317,2813.405190358132,2463.935428858132,3048.009605858132
41682,G06007315,high,False,7977.081,0.7130643653791515,3764.983492728132,3603.0287087352417,3765.0178592881325,3694.127107988132,3350.224944288132,3661.546026288132,3176.039569988132,3558.3162565881316
41744,G06007316,medium,False,5318.789,0.7130643653791515,2323.383714238642,2332.27043264594,2323.392554458642,2276.7216836586413,2050.163065258642,2631.5473150586417,2311.7259083586423,2939.8986666586416
417904,G06007316,low,True,2650.746,0.7130643653791515,699.3123900273026,755.3359318750012,699.3184471434001,684.5548894884,612.9404598114002,889.2483988673999,788.1490406964,1079.2255949214
417986,G06007312,high,False,10652.79,0.7130643653791515,5273.542899948128,4938.936566975244,5273.6259186881325,5177.468508888132,4711.2595315881335,4741.112897288132,4082.910401088132,4208.950098088132
418149,G06007317,medium,False,11505.43,0.7130643653791515,5611.850161568129,5222.635164875235,5611.889375288132,5510.155665188131,5016.508650588132,4983.162270688132,4286.283120488131,4354.8593439881315
418154,G06007325,medium,False,7941.934,0.8407500276235722,3723.670686759998,3568.969983719432,3723.695700049999,3652.811106549999,3308.787601349999,3619.866624449999,3134.2177887499993,3516.307145949999
418346,G06007330,medium,False,9643.08,0.7130643653791515,4672.028503208128,4402.696076075248,4672.063236888132,4586.035968288132,4168.579935388132,4310.625152288132,3721.3073844881324,3949.538721588132
418451,G06007310,low,True,8888.603,0.7130643653791515,2675.247435250822,2684.7899471576693,2675.2717170195233,2625.5371123095233,2384.289122725523,2270.1741065865235,1929.591664204523,1865.2452045465232
418474,G06007310,high,False,7817.454,0.7130643653791515,3656.251169728131,3504.8331079752384,3656.278181088131,3587.220188188132,3252.129956188132,3583.710943388132,3110.664546388132,3511.435650888132
418564,G06007322,high,False,12035.087,0.7130643653791515,5878.952862828135,5455.788871775238,5878.997316288132,5772.769616288131,5257.475533188133,5174.312406388131,4446.867071288132,4470.009798588132
418580,G06007325,high,False,11420.623,0.8407500276235722,5535.06603966,5156.5720430994315,5535.12361805,5433.914973949998,4943.042929849999,4916.113958749999,4223.14416295,4297.498676949999
41869,G06007301,high,False,6695.362,0.7130643653791515,3068.513232728144,2989.5940964152373,3068.545317888132,3009.271883888132,2721.8401299881325,3163.128930588132,2757.3542077881316,3257.913104088132
418759,G06007328,high,False,10742.581999999999,0.8407500276235722,5140.511637219992,4805.86133245943,5140.546810049999,5045.945738749998,4587.07011945,4633.766308649999,3985.972790149999,4127.297263649999
41896,G06007324,low,True,9088.744,0.7130643653791515,2718.1975459704245,2723.6989712136674,2718.2172434055233,2667.772461997524,2423.044159507523,2300.8945335615226,1955.4070214925232,1883.770445644523
419104,G06007302,high,False,9402.101,0.8407500276235722,4294.411416606264,4066.15758648105,4294.432143126265,4211.184678026266,3807.088815826265,3979.905912326265,3409.473363426265,3665.7225906262647
419240,G06007310,low,True,3570.631,0.7130643653791515,930.2459650974004,979.0155213930005,930.2488518519001,910.5665526909,815.0527503279001,1036.3459555748998,901.5120548768999,1142.5108883109
419313,G06007311,low,True,5516.381,0.7130643653791515,1550.3472130413638,1585.9138000552507,1550.360787128465,1519.5901467594651,1370.277718991465,1467.755474879465,1256.9716017474652,1385.2856593134652
419422,G06007314,low,True,5674.986000000001,0.7130643653791515,1598.4330014823256,1633.3489547586698,1598.4442927455234,1566.7203892965233,1412.7701883045233,1499.5831631985234,1282.2541665165231,1400.8458125235234
419473,G06007302,high,False,15851.662,0.8407500276235722,7661.798024956263,7018.289000471052,7661.842911126266,7522.288587826265,6845.210718326266,6389.647577826266,5433.809796726266,5117.964157226264
419609,G06007302,medium,False,4022.0209999999997,1.4172145412832236,1800.5881684289866,1881.8333156297388,1800.610354878982,1764.178093878982,1587.3455235789825,2283.234804378982,2033.6092753789817,2766.0341458789817
419649,G06007314,low,True,8411.199999999999,0.7130643653791515,2576.667099345023,2596.5658233376676,2576.701489627523,2528.6120521125226,2295.3504230295225,2199.6368132985235,1870.3224021735232,1822.7613560835234
419723,G06007308,medium,False,6080.853,0.8407500276235722,2674.544089778133,2639.3517612752353,2674.5468919981317,2621.318946198132,2363.010972898132,2871.340198498132,2506.7072131981317,3068.283640998132
419850,G06007324,low,True,6652.51,0.7130643653791515,1894.1743887936218,1918.0214637816669,1894.1798969655233,1857.5204106615233,1679.5938267285235,1711.2092767155232,1460.0423529945235,1528.3831182375234
419944,G06007313,medium,False,3130.5159999999996,0.8407500276235722,1298.7716526300019,1433.689668849996,1298.77751428,1271.31408668,1138.0527231800002,1934.1612537800002,1746.03740208,2569.63858058
419987,G06007323,high,False,4010.6720000000005,0.7130643653791515,1719.6955409799994,1805.9818108199975,1719.7110147200005,1684.0597583200001,1511.07913972,2215.79935712,1971.6039525200003,2712.01829632
420057,G06007311,medium,False,7593.9259999999995,0.7130643653791515,3527.4189303281332,3390.430874255238,3527.439432888132,3460.5426559881325,3135.8959955881323,3491.513702188132,3033.2177075881323,3455.870244988132
420546,G06007325,medium,False,3560.583,0.8407500276235722,1478.032532490003,1590.938538579999,1478.04021569,1446.7878148900002,1295.1555426900002,2048.97015019,1834.90481869,2620.0023697899996
420811,G06007314,medium,False,3451.224,0.7130643653791515,1436.3679755200005,1554.8526746600014,1436.3759903199998,1406.02173062,1258.74086742,2022.5801620199998,1814.6619728199998,2608.8886358199998
42097,G06007315,high,False,960.0360000000001,0.7130643653791515,403.05809240000025,649.0460979800007,403.06180267999997,394.55918118000005,353.30407098,1361.18121958,1302.94194998,2319.33522818
421098,G06007314,medium,False,8933.23,0.7130643653791515,4236.3452519981365,4012.963488925238,4236.371717288133,4157.613127588133,3775.4867812881325,3998.8430209881317,3459.403659088132,3761.5918632881317
421286,G06007314,low,True,3459.127,0.7130643653791515,900.0662700518991,949.4750916840023,900.0682344423,881.0209334493,788.5816153802998,1016.9497931403001,886.4561978733,1133.8965944493
421378,G06007307,medium,False,3643.4300000000003,0.8407500276235722,1508.4006741100004,1617.0893041699997,1508.4075775,1476.4949486999997,1321.6557331000001,2068.1038278999995,1849.5207332,2627.9056253999997
421424,G06007313,high,False,11401.197,0.8407500276235722,5590.716899549997,5212.94131906943,5590.785318049999,5488.645973049998,4993.261105549999,4955.969497949999,4256.600491049999,4321.526036649999
421502,G06007315,medium,False,9307.628,0.7130643653791515,4430.726014688131,4183.398882015238,4430.759328088132,4348.736304288132,3950.8614802881325,4137.941664988131,3576.2567165881314,3845.414313488132
421668,G06007311,high,False,13224.885999999999,0.7130643653791515,6520.202306608133,6019.867381275246,6520.245821888131,6403.347028088132,5836.0451821881325,5633.196391888132,4832.341128688133,4746.6334602881325
421800,G06007307,low,True,3806.1710000000003,0.8407500276235722,983.7919221858023,1030.1361565390002,983.7912231819001,962.9468264618998,861.7665105189,1070.0100446979,927.1811935119001,1156.3062123219001
421901,G06007317,medium,False,4243.031000000001,0.7130643653791515,1789.2485843799996,1865.3503323600005,1789.2635175600003,1751.81301656,1570.13553676,2254.80013096,1998.32053086,2720.48065586
421984,G06007317,medium,False,11435.769,0.7130643653791515,5710.308729938133,5324.75502814524,5710.371172688132,5606.974550488132,5105.331685288131,5053.673499488132,4345.477797688132,4397.355858288132
422069,G06007314,medium,False,7082.664000000001,0.7130643653791515,3289.0846037281294,3184.9065994152393,3289.119922088132,3226.1754934881315,2920.859452988132,3320.979889188132,2889.9454077881323,3353.0717293881316
422361,G06007310,medium,False,9127.984999999999,0.7130643653791515,4317.4516488181325,4081.783853285239,4317.4712346881315,4237.364007288132,3848.667616188132,4056.868643588132,3508.1608411881316,3796.5652403881318
422430,G06007310,high,False,8789.035,0.7130643653791515,4175.282028248128,3961.1000133552398,4175.308247288132,4097.586722188131,3720.403690988132,3955.137921988132,3422.6842008881313,3735.2898048881316
42256,G06007324,high,False,6943.168,0.7130643653791515,3176.104280218134,3081.07727352524,3176.120799488132,3115.0906797881316,2818.931853388132,3240.1136398881317,2822.0288493881317,3304.339422488132
422755,G06007330,medium,False,3213.708,0.7130643653791515,1333.2082984500007,1463.872294909998,1333.2134098400002,1305.01956554,1168.2201981399999,1956.19908954,1763.08629664,2579.27160084
422887,G06007315,high,False,7184.557000000001,0.7130643653791515,3270.711668028133,3160.2501592752405,3270.731992888132,3208.0762499881316,2904.207415988132,3307.8202204881322,2878.920965788132,3345.0666588881318
422938,G06007329,high,False,11216.279,0.7130643653791515,5454.909678598136,5084.131559005244,5454.928984688133,5355.846396588133,4874.9079316881325,4870.859651488132,4191.9494810881315,4287.165454688132
422954,G06007330,low,True,5076.885,0.7130643653791515,1360.8913967574233,1396.6303976556687,1360.892138563523,1333.146291868523,1198.4605408995233,1329.5831022405232,1139.4556751565233,1298.3864670525231
423003,G06007316,low,True,1778.34,0.7130643653791515,463.5096367419001,524.6318384650009,463.51153081800004,453.704616351,406.11746007,737.721424785,670.5444303480001,1011.9657534180001
423076,G06007314,high,False,3384.779,0.7130643653791515,1406.0966536900028,1528.0071096800039,1406.10425737,1376.3755144699996,1232.14145867,2002.99940097,1799.3852894699999,2599.99085007
423210,G06007315,high,False,18841.915,0.7130643653791515,9572.95511450813,8710.285603635239,9573.053592288134,9405.091747888133,8590.290366988133,7817.810433688133,6667.5140181881325,6063.253693988132
423265,G06007315,medium,False,4942.326,0.7130643653791515,2137.303555759322,2168.361853022971,2137.311839779321,2094.0536483793207,1884.067053979321,2503.5701190793206,2207.137585479321,2870.0218390793207
423297,G06007302,high,False,12464.858,0.8407500276235722,6029.805480356265,5603.838812731056,6029.891445726265,5917.543647326264,5372.767090426265,5221.8305429262655,4452.722811826265,4414.147483026265
423500,G06007330,high,False,3268.789,0.7130643653791515,1349.9678918800014,1477.8301184099982,1349.97195447,1321.40013347,1182.75033617,1966.46366647,1770.73944767,2583.05141677
423502,G06007323,medium,False,10102.420999999998,0.7130643653791515,4830.179364648131,4531.511211315239,4830.203361888132,4741.553430888132,4311.287878588131,4423.775019588132,3816.372433688132,4017.745014188132
423620,G06007324,high,False,8706.329,0.7130643653791515,4097.864598938131,3889.017142925241,4097.883999888132,4021.483167588132,3650.5705300881323,3899.717597188132,3376.1296255881316,3701.9309964881313
423656,G06007316,low,True,7992.536,0.7130643653791515,2381.6789819097207,2398.846038354664,2381.6984607915233,2336.8863710355226,2119.424137921523,2060.089620961523,1753.1053061355233,1738.655472445523
423684,G06007325,low,True,3920.5,0.8407500276235722,1037.0446911159424,1084.477376395183,1037.0497203114414,1015.2493198224412,909.4340082624412,1107.0253746144413,957.6487541934414,1177.0856552424411
423716,G06007327,high,False,10323.164,0.7130643653791515,5089.060883378126,4775.334529345244,5089.120911088132,4996.116648688132,4544.8343834881325,4609.077950388133,3971.9930546881324,4129.447964788132
423926,G06007327,low,True,11194.147,0.7130643653791515,3460.7573276271255,3453.441814196666,3460.7978050515226,3397.934583658523,3092.9949439125235,2832.2903879145233,2401.7910674535233,2204.0542680555236
423979,G06007324,medium,False,9516.633,0.7130643653791515,4555.573954458141,4294.566820745242,4555.569771888133,4471.537625988132,4063.527257788132,4227.277179888131,3651.318287688132,3899.287572788132
424005,G06007310,medium,False,6959.85,0.7130643653791515,3197.0382099581343,3101.2150327052427,3197.0742650881316,3135.6354643881314,2837.776401088132,3255.0996460881315,2834.6207773881315,3313.3219821881316
424146,G06007330,low,True,5061.105,0.7130643653791515,1370.0729182191237,1407.4903933126695,1370.0773548555233,1342.169745265523,1206.7403916255232,1336.1608703745233,1144.9781922195232,1302.341760016523
424188,G06007317,high,False,12397.886999999999,0.7130643653791515,6051.894397558128,5605.3177305052395,6051.921012888131,5942.874866488131,5413.548153588132,5298.033546588133,4550.804616188132,4544.676207488132
424260,G06007316,low,True,1718.167,0.7130643653791515,466.53110970479906,529.6776362430032,466.53198701130003,456.79939043129997,409.5246925413001,741.8603752293,675.1310282373,1017.2367904263
424273,G06007322,high,False,3973.5820000000003,0.7130643653791515,1649.0090543199976,1740.7487505799982,1649.01655046,1614.1513805600002,1444.9639562600005,2158.3814484600002,1919.53966266,2667.86894516
424276,G06007302,low,True,6280.566,0.8407500276235722,1674.0222813769115,1706.1993706744072,1674.0332780647097,1639.0293313387097,1469.1809183107098,1519.3926997927097,1279.6160311087096,1364.8754100637095
424283,G06007317,medium,False,4100.924,0.7130643653791515,1708.1457101488163,1791.6393449822685,1708.155616838811,1672.312644638811,1498.4284674388111,2201.044633238811,1955.578205338811,2694.057179338811
42448,G06007317,medium,False,4997.001,0.7130643653791515,2146.345048378129,2176.8642309252496,2146.354713488132,2102.5250435881317,1889.858926888132,2503.2064235881317,2202.987832788132,2860.207226888132
424591,G06007306,high,False,3808.251,0.8407500276235722,1635.7762175711846,1732.129234107159,1635.7989987611882,1601.986321061188,1437.996384561188,2163.394047561188,1931.893890961188,2691.1543004611876
424598,G06007316,medium,False,7465.369,0.7130643653791515,3503.7250785681304,3374.727112015239,3503.7560872881318,3437.241880388132,3114.513393088132,3474.579959888132,3018.9772283881316,3445.656773788132
424763,G06007329,high,False,7355.106,0.7130643653791515,3456.235873388131,3333.970052855238,3456.2511830881317,3390.5657029881318,3071.652805688132,3440.5994718881316,2990.4323560881317,3425.1907787881314
42491,G06007314,medium,False,9847.18,0.7130643653791515,4721.653784168131,4439.219615295244,4721.678060888133,4634.834979488132,4213.350647588131,4346.127640388131,3751.140491388132,3970.9286045881317
42535,G06007316,medium,False,7627.794,0.7130643653791515,3572.3290553581305,3433.0984687452387,3572.362728288132,3504.692999388132,3176.4088684881317,3523.663173688132,3060.215894188132,3475.2371083881317
426115,G06007326,high,False,5259.91,0.8407500276235722,2311.4866260081385,2325.2295916152357,2311.5205286881323,2264.882888088132,2038.8320316881322,2621.388441788132,2302.2611107881316,2931.4153205881316
426196,G06007330,low,True,6873.014,0.7130643653791515,1992.9206366484234,2017.6734315256676,1992.938599819523,1954.614378394523,1768.687423453523,1781.8832629935232,1519.4012414085232,1570.9792757295231
426206,G06007310,high,False,5780.927,0.7130643653791515,2582.8916045081346,2562.720114655242,2582.9100170881325,2531.7806013881323,2283.718304288132,2815.613437188132,2465.419323688132,3048.4909916881315
426301,G06007314,high,False,8137.642999999999,0.7130643653791515,3873.3443098981356,3700.6306241052384,3873.3689906881314,3800.7134384881315,3447.9777803881325,3739.0789668881316,3241.1675390881323,3605.1052059881317
42634,G06007315,low,True,4514.468,0.7130643653791515,1205.282883034954,1248.7986153105903,1205.293758850951,1180.1558069209507,1058.223150487951,1218.712103113951,1046.5742903719508,1232.215269127951
426564,G06007317,medium,False,7708.258,0.7130643653791515,3563.94162042813,3419.6425434552402,3563.9482214881314,3496.4518742881314,3168.8451753881322,3517.650712088132,3055.185807488132,3471.596684088132
426570,G06007329,high,False,6676.73,0.7130643653791515,3096.6076634188116,3017.808758142268,3096.630330228811,3037.011077028811,2747.615742028811,3184.4422721288106,2775.924340828811,3272.511229228811
42683,G06007326,low,True,1920.836,0.7130643653791515,521.4075013224013,583.6761388080002,521.4162316104,510.4727748414,457.3866006234,776.3489470344,701.4027811944001,1031.3228837364
427022,G06007301,high,False,4078.804,0.7130643653791515,1691.4441564994897,1777.6372615498678,1691.4478652494906,1655.705476549491,1482.223414449491,2185.756188349491,1940.8544744494907,2680.1876960494906
427139,G06007310,medium,False,3020.357,0.7130643653791515,1252.4353010600003,1392.9891946299983,1252.4392163100001,1225.95642091,1097.4341345100001,1904.45241111,1723.02220991,2556.55852471
427253,G06007322,medium,False,7233.072,0.7130643653791515,3306.994008438131,3193.4788335652424,3307.003864288132,3243.8012433881318,2937.025951288132,3333.759727388132,2900.707480888132,3360.7982825881318
427339,G06007314,low,True,5747.7,0.7130643653791515,1571.5587368364218,1600.3688866656678,1571.5508842455233,1540.3076564955231,1388.5366321815234,1480.333280161523,1266.0978628845232,1389.2551806945232
427565,G06007314,low,True,2694.719,0.7130643653791515,712.5458931863999,768.4683839909999,712.5513223311,697.5205338591,624.5847301491001,897.8471240241001,794.8843817781001,1083.2050368501
427811,G06007315,low,True,5125.749,0.7130643653791515,1450.0261597374,1490.942536936999,1450.0363842405004,1421.0616668534997,1280.4256399095,1397.9115962265,1199.3845583145003,1345.8928513245
427980,G06007325,high,False,7868.7699999999995,0.8407500276235722,3629.8709513699996,3480.3266393494296,3629.8924742499994,3560.564302149999,3224.1591821499987,3552.723904549999,3077.829543949999,3475.825379249999
428001,G06007315,low,True,7119.087,0.7130643653791515,2046.2995041855227,2065.9736495266666,2046.3092420955231,2007.1038110685226,1816.844026654523,1820.072488963523,1551.4909986465232,1593.994047775523
428014,G06007312,medium,False,5708.834,0.7130643653791515,2535.3135078181326,2519.875929225239,2535.333783488132,2484.9944099881322,2240.789263488132,2781.560664188132,2436.814744488132,3027.969450988132
428070,G06007310,medium,False,10954.649,0.7130643653791515,5372.796764508126,5018.892701355242,5372.852760088132,5275.082847988131,4800.823030888132,4812.116718888132,4142.578279588131,4251.7572015881315
42815,G06007328,high,False,12235.405,0.8407500276235722,6013.387244539994,5581.786139459428,6013.45217705,5904.262785249999,5374.57371135,5258.423025949998,4510.685795149999,4503.822820149999
428170,G06007322,high,False,5846.896000000001,0.7130643653791515,2582.2175401186423,2557.3322969353717,2582.2183201586417,2531.206803458641,2283.513451758641,2816.241406258641,2466.5918160586407,3050.4800084586414
428197,G06007329,high,False,10555.955,0.7130643653791515,5090.828018838129,4762.973999625237,5090.859706488132,4997.823053288132,4546.431965588132,4610.316658988131,3973.078952988132,4130.119157888132
428214,G06007329,high,False,19493.793,0.7130643653791515,9840.017267038127,8935.72904230524,9840.092791888132,9667.681178888131,8831.221482188133,8008.903084388132,6828.074230188133,6178.382152588132
42833,G06007301,medium,False,10435.574,0.7130643653791515,5195.074069998131,4874.008938285246,5195.142620888133,5100.349688688133,4640.470441788131,4684.957011388133,4035.729783488133,4175.164069188132
428362,G06007307,high,False,8675.719000000001,0.8407500276235722,4016.0830778599957,3814.605108919419,4016.0854018499995,3940.321023149999,3572.6056516499993,3829.102870849999,3310.0209942499987,3642.355404249999
428493,G06007327,medium,False,7578.912,0.7130643653791515,3527.0288550981404,3391.266849425254,3527.0641640881317,3460.122583388132,3135.5197552881323,3491.2455409881322,3032.994809088132,3455.6539200881316
428564,G06007302,high,False,5608.502,0.8407500276235722,2337.657764679487,2345.5353658398744,2337.674554459491,2288.3015366594914,2048.7367470594913,2600.1976956594913,2262.010110459491,2862.905458459491
428638,G06007328,medium,False,1998.3739999999998,0.8407500276235722,827.6092623999998,1020.4847598199983,827.6126750199999,810.1063263199999,725.15741912,1632.4620620199998,1512.54089722,2437.37221942
428655,G06007328,high,False,6422.605,0.8407500276235722,2882.9662432505097,2826.4409614695605,2882.991264170508,2826.1619123705077,2550.404715570508,3018.549891870508,2629.2647117705083,3154.3648899705076
428724,G06007312,medium,False,6771.988,0.7130643653791515,3080.8087022781333,2996.765540225241,3080.819052288132,3021.3896186881316,2732.940356088132,3171.9155638881316,2764.742729588132,3263.238228388132
428754,G06007308,medium,False,4590.451999999999,0.8407500276235722,1919.6017203181284,1977.9779030352404,1919.6111041181318,1879.339052718132,1683.9368940181323,2337.0212298181323,2061.1740228181316,2754.568866918132
428764,G06007312,high,False,4688.612999999999,0.7130643653791515,1980.33422505813,2030.2167495652393,1980.3386374681318,1939.3677003681319,1740.5328410681318,2385.714132268132,2105.0294964681316,2791.236220068132
428992,G06007310,high,False,16643.869,0.7130643653791515,8239.57509478813,7519.078398555248,8239.600128088132,8093.936438288132,7387.166568388131,6863.608005888131,5866.005418588133,5488.013140688132
428993,G06007307,low,True,4243.736,0.8407500276235722,1108.155100260604,1152.5766345799984,1108.1601966203998,1084.7231411184,970.9988593284,1150.3740911214,989.8295235114,1192.6711046094
429018,G06007301,medium,False,11127.782000000001,0.7130643653791515,5453.656637568129,5088.9652110752395,5453.726797688132,5354.551727088132,4873.740485988132,4869.982975688132,4191.197736888133,4286.575307188132
429031,G06007313,high,False,13632.541,0.7130643653791515,6796.312824719994,6274.418567399436,6796.390549049999,6674.119185249999,6080.983343049998,5818.7154007499985,4981.345638349999,4841.5096660499985
429182,G06007323,medium,False,3870.081,0.7130643653791515,1631.4033314299995,1726.8389680499988,1631.41196394,1597.23871994,1431.37801514,2152.4651966399997,1918.3199904399999,2673.6449573399996
42919,G06007326,medium,False,4222.99,0.7130643653791515,1835.2775888000003,1907.31107949,1835.29126431,1797.78839241,1615.7722283100002,2299.70216181,2042.7576137099998,2764.26333831
429206,G06007324,high,False,11652.277999999998,0.7130643653791515,5710.890212078133,5311.835442605243,5710.928869288131,5607.545702788131,5105.855484488133,5054.055676188131,4345.828395888132,4397.575045688132
429275,G06007310,medium,False,9391.071,0.7130643653791515,4460.68021163813,4207.943816305241,4460.707652888132,4378.188674188132,3977.865274788132,4159.373627988132,3594.267164188132,3858.322222888132
429364,G06007301,medium,False,9658.968,0.7130643653791515,4636.520455248132,4366.282508955243,4636.554955688132,4551.106789288131,4136.541727588132,4285.217959688131,3699.967925888132,3934.193153188132
429796,G06007327,low,True,14501.455,0.8407500276235722,4573.494656241923,4540.50787686667,4573.542952747523,4492.077190831523,4096.920768940523,3628.5893559315227,3070.727166172524,2683.9458684255233
429945,G06007302,high,False,5692.016,1.0497359105206039,2376.427634019487,2379.3543340198776,2376.443898079491,2326.373929979491,2083.480488679491,2627.255027979491,2284.3573699794906,2878.232136479491
430066,G06007324,medium,False,5322.272999999999,0.7130643653791515,2316.563521337625,2326.02512220568,2316.5715998976243,2269.919806797624,2043.4851958976244,2625.138073397624,2305.489426297624,2933.8977388976236
430070,G06007327,low,True,6037.454,0.7130643653791515,1694.1678079650248,1723.5147932836685,1694.173106485523,1660.855787506523,1499.146628860523,1568.083948033523,1339.8068279205231,1442.1265116195232
430209,G06007314,high,False,5154.795999999999,0.7130643653791515,2226.0281865081256,2246.3459200752413,2226.034630488132,2180.8829155881317,1961.7535540881322,2560.2260113881316,2250.888606988132,2894.579280688132
43037,G06007322,high,False,8148.125999999999,0.7130643653791515,3804.3326317181322,3631.693826925244,3804.3461618881324,3732.8284806881315,3385.730840888132,3689.674403188132,3199.692542688132,3575.2836141881317
430626,G06007308,high,False,12655.024,0.8407500276235722,6151.51589936,5693.261605959429,6151.554682849999,6040.102559049999,5499.254843149999,5357.243738449999,4593.721466749999,4563.396069949999
430736,G06007301,high,False,16534.89,0.7130643653791515,8150.74909373813,7438.147173705242,8150.764390288132,8006.6622051881295,7307.159250588131,6799.957409388131,5812.546519488131,5449.840551288131
430770,G06007311,high,False,10068.662,0.7130643653791515,4951.309083008133,4654.138758735242,4951.374288088131,4860.634685888132,4420.538037888131,4510.518586788132,3889.200645388132,4069.985197688132
430917,G06007317,low,True,2387.5930000000003,0.7130643653791515,637.7861005046992,696.4082392680011,637.7927558877001,624.3632939187002,559.2195405657001,850.4130075447001,758.4452345217001,1063.0836309777
430961,G06007327,medium,False,8020.502999999999,0.7130643653791515,3740.729220458132,3576.4188066052398,3740.7517612881315,3670.2777604881317,3328.344234988132,3644.159808188132,3161.4550387881313,3547.846930288132
43148,G06007302,low,True,7395.849,0.8407500276235722,2162.693044202122,2191.1949049030695,2162.713532551824,2120.4480791958235,1915.2968592858238,1884.324545677824,1594.723146751824,1606.1091000528238
431588,G06007301,high,False,16484.695999999996,0.7130643653791515,8173.858151318129,7463.29848960524,8173.886447288132,8029.40865998813,7328.01015538813,6816.549079988132,5826.438966888132,5459.846125588132
431645,G06007315,medium,False,12180.91,0.7130643653791515,5998.77152048813,5566.120875355242,5998.837004688132,5890.585578688131,5365.583250588132,5260.063082488132,4518.8859096881315,4521.709953288132
431968,G06007310,high,False,10381.017,0.7130643653791515,5076.753693318136,4759.663968845245,5076.8024706881315,4983.991642288132,4533.721267588131,4600.268282888132,3964.612675888132,4124.083259388131
43209,G06007310,high,False,12384.0,0.7130643653791515,6234.901933298137,5788.096277185243,6234.969900288132,6122.8108243881325,5578.624725888132,5429.080356788132,4660.836747288133,4623.619405188132
432119,G06007312,low,True,3890.3959999999997,0.7130643653791515,1019.3782424864786,1065.8252163785116,1019.3804540510787,997.9302197840785,893.8302918800788,1095.3773760680788,948.4288918820787,1171.4422050290787
432137,G06007301,medium,False,14149.466,0.7130643653791515,7151.744328118128,6591.63530692524,7151.85009488813,7024.3088530881305,6405.8027489881315,6085.166363588132,5211.983950088132,5019.029053788132
432197,G06007325,high,False,10993.043000000001,0.8407500276235722,5274.477209599995,4923.722274999431,5274.50815205,5177.686916849999,4707.95322605,4729.623854549999,4066.5005419499994,4185.0957939499995
432206,G06007310,medium,False,8558.315,0.7130643653791515,4104.609983508128,3904.903890255238,4104.655140688132,4028.0949135881315,3656.6391819881323,3904.5889505881314,3380.195710888132,3704.8289925881318
432252,G06007311,medium,False,8646.127,0.7130643653791515,4143.797258918126,3938.86148348524,4143.831735888132,4066.629145788131,3692.006520388132,3932.6084534881325,3403.7523080881324,3721.729026388132
432427,G06007317,low,True,14369.717,0.7130643653791515,4463.58722097842,4424.689982471667,4463.610726007523,4384.006563376523,3997.772922772524,3549.9212952435237,3004.6650797115235,2636.5166467815234
432462,G06007308,high,False,9377.187,0.8407500276235722,4590.198567839987,4342.692326019431,4590.2637212499985,4504.855355849999,4090.575565349999,4239.9899544499995,3655.1276440499996,3890.0560672499987
432472,G06007301,medium,False,5439.799999999999,0.7130643653791515,2369.702553508135,2371.680130635237,2369.708197088132,2322.155657888132,2091.3801531881318,2663.040971188132,2337.261125588132,2956.5381166881316
432518,G06007327,medium,False,8491.346,0.7130643653791515,3987.09860669813,3792.270994345237,3987.1146018881323,3912.5401431881323,3550.630312788132,3820.471024588132,3309.5657966881317,3654.104473288132
432519,G06007302,medium,False,5761.1759999999995,0.8407500276235722,2394.1759308999995,2394.1208544594283,2394.188418429999,2343.625182429999,2098.2938778299986,2636.4509993299985,2290.1146562299987,2878.888112629999
432647,G06007323,medium,False,10185.036,0.7130643653791515,4924.10889104813,4619.810319895241,4924.151664088133,4833.903259988132,4396.0120344881325,4491.016180188132,3872.8410135881322,4058.255065488132
432765,G06007301,high,False,17456.263,0.7130643653791515,8757.550128798126,7984.765041365243,8757.615906688132,8603.280526888131,7854.604263888132,7234.285210288132,6177.356422888131,5711.4994412881315
432780,G06007302,medium,False,2301.439,1.0497359105206039,963.2581409400019,1140.5191553299985,963.2621217699999,942.9378924699998,844.27638887,1720.0388727700001,1580.76765277,2476.89779877
432784,G06007328,high,False,9333.341,0.8407500276235722,4389.733206930005,4145.86444202943,4389.757670449999,4307.703469249998,3909.684160149999,4096.504141449998,3534.6464531499987,3803.480640249999
432918,G06007329,low,True,5227.973,0.7130643653791515,1428.4665479187436,1464.795768803758,1428.4731823542438,1399.6044294552437,1259.511189280244,1378.1945665632438,1180.431987913244,1328.039377852244
433013,G06007313,low,True,3938.9080000000004,0.8407500276235722,1052.0734796340432,1100.2936769441822,1052.0831085918414,1030.0332713208413,923.0522041698414,1117.9589983308415,966.9316505868414,1183.9205668728414
433066,G06007329,low,True,724.769,0.7130643653791515,189.84357187109987,258.28737499599987,189.84445758810003,185.83372216709998,166.3623404541,562.6781528871,535.1920070601,935.5315363791001
433075,G06007302,low,True,3659.2929999999997,1.0497359105206039,961.7157219474002,1010.795868746998,961.7238255177,941.4041213367001,842.8412669607001,1057.1191328487002,917.9753821167001,1152.5828030547
433077,G06007329,low,True,7393.605,0.7130643653791515,2180.8962351150226,2203.0235790396646,2180.919687211523,2139.440894758523,1938.2724782115229,1916.4087264645232,1632.4087413285233,1652.038578844523
433099,G06007327,medium,False,9114.321,0.7130643653791515,4327.234104738129,4092.0699329452405,4327.2589062881325,4247.021080788132,3857.513764388132,4063.859227088132,3514.0147820881316,3800.859818188132
434629,G06007313,high,False,19570.869,0.8407500276235722,9805.37438533,8901.153815989433,9805.45502485,9632.820280049998,8795.616166849999,7972.032188449999,6790.313566749999,6139.064577949998
434861,G06007301,high,False,4734.696,0.7130643653791515,2036.681222339489,2082.318694619302,2036.6868052494906,1994.91645674949,1792.1355579494902,2428.27741114949,2142.02905984949,2820.0187799494897
434966,G06007313,low,True,9165.332,0.8407500276235722,2740.925690325903,2748.7111062106023,2740.9515786135,2689.6901583194986,2440.9294071434997,2309.5348082715,1958.3599577834993,1878.3533374484996
435099,G06007329,low,True,10678.056,0.7130643653791515,3253.575123488421,3246.812478983669,3253.5988594755236,3194.2005447795227,2906.066831401523,2684.024948956523,2277.258320443523,2114.6579090175233
435128,G06007307,high,False,11283.213,0.8407500276235722,5464.026632029996,5094.183554789426,5464.062598449998,5364.07512335,4878.96237605,4865.287767749999,4180.452764449999,4266.855405749999
435193,G06007324,medium,False,2003.6230000000003,0.7130643653791515,859.5392263900001,1051.698723830001,859.5474723,841.5367068,754.1067097,1655.7297578999999,1532.3109557,2451.9949951
435284,G06007313,high,False,4353.818,0.8407500276235722,1829.0309275508473,1900.2756453133602,1829.0455729408484,1790.5983315408478,1604.0542094408481,2277.539041040848,2014.193914540848,2726.1758586408478
435562,G06007330,medium,False,3573.638,0.7130643653791515,1496.3983424000003,1608.2379572200027,1496.4102737199999,1464.8742602199998,1311.8725269199997,2062.5621170199997,1846.5740654199997,2628.8333838199997
43558,G06007311,high,False,7557.907999999999,0.7130643653791515,3548.168029778132,3413.0054144252454,3548.190049088132,3480.964873688132,3154.605252688132,3506.372610988132,3045.685432488132,3464.854460988132
435668,G06007315,low,True,2589.952,0.7130643653791515,673.9867739303988,729.4073064179998,673.9882243668001,659.7266214798001,590.5074950837999,872.3206360938,774.6067918938,1070.7046901808
43578,G06007315,medium,False,8764.169,0.7130643653791515,4188.060277948125,3975.3972277952385,4188.097303688131,4110.146349088132,3731.934898688132,3964.2936890881315,3430.3656731881315,3740.803747388132
43581,G06007316,medium,False,11401.880000000001,0.7130643653791515,5618.194968818134,5235.406574345236,5618.264840488133,5516.381980488133,5022.228802188132,4987.728292188132,4290.091954688132,4357.607977188132
435849,G06007307,medium,False,7481.313,0.8407500276235722,3434.4583997399977,3309.961666219431,3434.482759049999,3368.4261832499988,3047.8687331499996,3412.873169749999,2960.343959749999,3391.5748769499987
435871,G06007313,low,True,6220.827,0.8407500276235722,1742.7838759884014,1772.8559737275993,1742.7958537814993,1708.2034070534996,1540.3822366904997,1595.2521853784997,1358.3359691984995,1447.8301172444994
435959,G06007314,low,True,5291.943,0.7130643653791515,1456.3166919519654,1491.0335980022483,1456.3210218537654,1427.210991680765,1285.8847057407652,1401.7387089867652,1202.241869171765,1347.2947311417652
435987,G06007330,high,False,6312.079000000001,0.7130643653791515,2856.7720730181304,2802.467960685243,2856.7933172881317,2801.085992188132,2530.819128388132,3011.597879388132,2630.0600649881317,3166.6141546881317
436046,G06007306,high,False,7015.609,0.8407500276235722,3165.6255569499945,3071.115515569426,3165.6378364499988,3104.0691909499983,2805.309511149999,3220.5079802499986,2798.7540159499986,3275.586052049999
436174,G06007316,high,False,15337.967999999999,0.7130643653791515,7612.5363644081335,6976.502568115238,7612.587004888132,7477.387745988131,6821.544450288133,6414.889973688132,5489.029251488131,5217.655328888131
436391,G06007316,low,True,9835.824,0.7130643653791515,2941.2063784833226,2937.8175608566667,2941.211923831523,2887.0640270565227,2624.2492433145235,2460.4740126765228,2089.4739788385227,1979.9458841505232
436406,G06007302,medium,False,11020.673,0.8407500276235722,5099.176873796264,4767.072015951053,5099.201939526266,5002.4710352262655,4533.157630926265,4555.8067079262655,3893.280140526265,4012.7360719262647
436515,G06007316,high,False,2123.307,0.7130643653791515,888.4026224799995,1074.8111786700003,888.4073474100003,869.6557008100001,778.6568623100002,1672.05466681,1543.59738201,2455.76715961
43653,G06007307,high,False,12750.593,0.8407500276235722,6188.043432139997,5723.80917387943,6188.081425849998,6076.006138549998,5532.194289449999,5383.379672049999,4615.686050849999,4579.124471049999
43654,G06007310,high,False,24823.259000000002,0.7130643653791515,12744.165521518134,11495.323748825234,12744.282455488132,12523.327071088132,11451.393560588132,10087.202403588131,8573.921309588131,7430.925778588131
436757,G06007322,medium,False,10767.335,0.7130643653791515,5178.032370138129,4836.510059925242,5178.0566112881315,5083.593729288132,4625.123289488132,4672.703358788132,4025.4888883881317,4167.7618047881315
436794,G06007327,medium,False,2896.648,0.7130643653791515,1208.722408009998,1355.5545838500002,1208.7303266400002,1183.20000804,1059.3222072400001,1877.04934484,1702.17828794,2545.45942784
436873,G06007313,low,True,9488.084,0.8407500276235722,2843.6901783317967,2848.543631555603,2843.7169676894996,2790.733946647499,2533.648531270499,2383.0666913325,2020.1363133195,1922.6699152574997
436903,G06007314,high,False,21460.225999999995,0.8407500276235722,10925.428213178135,9893.995023125244,10925.489818288132,10734.96703568813,9810.487833188132,8785.661754488132,7480.600476788131,6646.485843688131
436959,G06007306,high,False,9199.097,0.8407500276235722,4377.959464900003,4142.39996695943,4377.994363849999,4296.169275349997,3899.104724149999,4088.0720756499986,3527.5384758499986,3798.498638949999
43713,G06007330,low,True,3730.43,0.7130643653791515,971.3504729060985,1018.9733090809998,971.353882233,950.798938509,851.0533627049998,1062.605939754,921.7982610570001,1153.930787664
437220,G06007313,medium,False,4085.096,0.8407500276235722,1712.2743813205066,1798.1668317701308,1712.2867979305088,1676.165144430509,1500.8974062305088,2200.336185230509,1952.9116313305087,2688.5183495305087
437253,G06007327,low,True,7501.618,0.7130643653791515,2240.7832907196225,2264.355413757666,2240.804494585523,2198.3474797125227,1992.307749004523,1959.267160201523,1668.4039663425228,1677.8996592015233
437570,G06007310,medium,False,7013.162,0.7130643653791515,3228.9771872781334,3129.313371485238,3229.001746088132,3167.0814442881315,2866.636462988132,3277.9570561881324,2853.8103630881324,3327.1526501881317
437635,G06007322,high,False,13295.912,0.7130643653791515,6499.8145644881315,5994.724963675242,6499.832739088131,6383.336347088132,5817.660224588131,5618.583004688133,4820.074238888132,4737.873618688132
437701,G06007315,high,False,4319.071999999999,0.7130643653791515,1812.2569527688156,1884.0355819122672,1812.2629369088108,1774.3527007088105,1590.383109108811,2269.7740651088106,2010.063527308811,2727.410213108811
437899,G06007306,low,True,8382.853,0.8407500276235722,2435.0378420024986,2444.3489166806,2435.0421918374996,2388.9108929174995,2164.957565116499,2090.630296816499,1774.4850532694995,1746.4019097704995
438075,G06007301,low,True,3666.383,0.7130643653791515,952.7548582187997,1000.5991211089997,952.7561876007001,932.5900150496998,834.7123622187,1050.5623333827,912.3927148587,1148.4398168997
438186,G06007308,high,False,6578.233,0.8407500276235722,2965.104884829997,2898.6492709894296,2965.1300622499994,2906.896286449999,2624.3917466499997,3077.021458349999,2678.2040944499995,3189.118578849999
438486,G06007326,high,False,12349.349,0.8407500276235722,6029.626616198135,5585.888650065239,6029.657272688131,5920.959313088133,5393.432097088133,5282.129434988132,4537.436784988131,4535.031814888132
438560,G06007311,low,True,11091.013,0.7130643653791515,3399.379540671324,3390.0019053146652,3399.403193101523,3337.580788723523,3037.615454152523,2788.364052454523,2364.904582951523,2177.560036312523
438904,G06007302,low,True,5550.2210000000005,0.8407500276235722,1451.9068815257926,1487.6088848945978,1451.9172175451993,1421.2289840741992,1272.3529217111993,1370.8280194481995,1160.6595952691991,1289.8479846011994
438938,G06007329,medium,False,9074.23,0.7130643653791515,4304.0996989381365,4071.800681905243,4304.126149488133,4224.224582888133,3836.618270888132,4047.330198388132,3500.1410772881322,3790.792903588132
438996,G06007326,high,False,13335.515,0.7130643653791515,6533.610828448147,6026.6617215552415,6533.643346288132,6416.494260388132,5848.128633888131,5642.792721588132,4840.428331088133,4752.334830288131
439034,G06007306,high,False,8928.617,0.8407500276235722,4272.828769710002,4054.633893029429,4272.88844885,4192.758350849999,3804.224201249999,4012.869783349999,3464.35030905,3753.1181183499984
439371,G06007310,medium,False,5799.108,0.7130643653791515,2542.5557568281315,2521.4320700152384,2542.557074488132,2492.1348064881317,2247.3418325881316,2786.721612288132,2441.163693088132,3031.1066115881317
439424,G06007316,high,False,8293.798999999999,0.7130643653791515,3922.0027365381334,3739.902594125238,3922.0370528881317,3848.520393888132,3491.8891270881318,3773.895084188132,3270.428561388132,3626.034385988132
439540,G06007322,low,True,6340.856,0.7130643653791515,1824.097294188625,1854.0565373156653,1824.1122173955232,1788.6108155505235,1616.3674652715233,1661.0743319535231,1417.9153838445231,1498.1658042855233
439804,G06007323,high,False,5101.5869999999995,0.7130643653791515,2234.9990776486393,2258.40183425537,2235.0201396686407,2189.717747568641,1969.961486768641,2567.0187844686407,2256.781083168641,2899.163248368641
439849,G06007313,low,True,12127.128,0.8407500276235722,3717.395505463499,3700.069986374604,3717.4281663014995,3649.843548067499,3321.9187843275,3008.310576325499,2545.372964545499,2299.478472424499
439861,G06007315,low,True,7421.0289999999995,0.7130643653791515,2175.1675867518247,2195.4925566036686,2175.1838902635236,2133.814366585523,1933.1091203055232,1912.300354210523,1628.9632363005235,1649.572092430523
439871,G06007312,low,True,9261.217,0.7130643653791515,2783.3479550655256,2788.0540946126694,2783.358772669523,2731.848245776522,2481.8208448875234,2347.519210492523,1994.573990767523,1911.881234455523
440101,G06007322,medium,False,4434.579000000001,0.7130643653791515,1948.153235300509,2011.0599919195595,1948.190457530508,1908.112573630508,1713.8052277305082,2369.4499448305082,2095.114959430508,2790.835769530508
440108,G06007313,low,True,11157.978,0.8407500276235722,3413.5070355476964,3406.2503781105997,3413.540414749499,3351.009943165499,3047.7256948214995,2790.856154014499,2362.702984486499,2168.3815468844996
440133,G06007313,low,True,2779.115,0.8407500276235722,742.1439972492001,798.233529890999,742.1531769855001,726.5235693555,650.7132333975,917.3696363985,810.3429894405,1092.6361445235
440152,G06007317,low,True,4040.2749999999996,0.7130643653791515,1050.9707743853808,1096.2311690819108,1050.9726986825792,1028.7447848555794,920.8634629505794,1113.6872263085793,961.3950030575793,1176.4812090305793
440193,G06007306,high,False,5726.343,0.8407500276235722,2546.194802811525,2533.468181779818,2546.2294218415254,2495.130504341526,2247.277259641526,2779.6694123415255,2429.758947341526,3013.3118408415257
44028,G06007313,medium,False,15030.418,0.8407500276235722,7449.19900318,6838.078570399431,7449.26707465,7316.059982349998,6669.99770235,6285.8979761499995,5373.847589449999,5123.006013849998
440492,G06007316,low,True,3620.204,0.7130643653791515,954.4286836476008,1003.5090903530013,954.4325768145001,934.3599469154999,836.9385177825001,1053.8446806705,916.3185174975001,1153.3342221735
440523,G06007328,medium,False,5655.88,0.8407500276235722,2464.3946868494827,2457.730102159303,2464.41867095949,2414.5353502594894,2172.64383315949,2718.7373074594902,2377.25877115949,2973.22675245949
440537,G06007312,medium,False,4036.3379999999997,0.7130643653791515,1738.211161560001,1822.6930198399996,1738.2296677399995,1702.2898030399997,1527.9322582399998,2229.47619624,1983.3326454399999,2720.8605320399997
440552,G06007310,medium,False,5654.084999999999,0.7130643653791515,2521.149539698131,2509.132129605239,2521.167045888132,2471.0723706881317,2228.012841788132,2771.4292815881317,2428.3017911881316,3021.867269188132
44075,G06007330,high,False,20808.301,0.7130643653791515,10702.462276838136,9712.55335850524,10702.589302688131,10515.71269558813,9609.317484888132,8626.141665588131,7346.536240988133,6550.380311488132
440782,G06007326,medium,False,5232.392,0.7130643653791515,2280.7860763281356,2296.1554103152434,2280.805447488132,2234.708562688132,2011.1437158881317,2599.420083088132,2283.809565888132,2918.1784799881316
440892,G06007316,medium,False,2620.3320000000003,0.7130643653791515,1090.2331561199985,1251.2667083199958,1090.24020816,1067.1959986600002,955.3984603600002,1800.91409476,1643.09042096,2511.6653284599997
441008,G06007307,medium,False,6655.867,0.8407500276235722,3055.538205009998,2983.772798049434,3055.5788334499994,2995.821649049998,2705.981223749999,3141.753880549999,2732.5641568499987,3228.1425459499987
441030,G06007324,medium,False,3827.635,0.7130643653791515,1595.4057867399974,1694.62013437,1595.4160610499998,1561.7100772499998,1398.17202895,2124.59596345,1893.72796165,2653.89596935
441051,G06007302,high,False,7507.759999999999,1.0497359105206039,3316.585958538134,3206.589080685815,3316.5991114981334,3250.228160998133,2927.991971098133,3289.2326751981327,2834.3718441981327,3262.150178298133
441096,G06007317,medium,False,9196.808,0.7130643653791515,4370.895579388129,4130.550181635243,4370.926799488132,4289.924548588133,3896.8983723881324,4095.122130788132,3540.2791053881315,3819.6424236881317
44115,G06007322,medium,False,6062.736,0.7130643653791515,2714.3876260781335,2676.134698225241,2714.401686288132,2661.083384088132,2402.358733988132,2909.704931688132,2544.4672371881315,3105.203595488132
441261,G06007301,low,True,10102.234,0.7130643653791515,3105.833922152717,3108.3339445026677,3105.869724145523,3048.9297400095234,2772.758187793523,2578.3104982545233,2188.4372159805234,2050.959785164523
441320,G06007315,low,True,2940.3940000000002,0.7130643653791515,772.9074549188998,826.734428737,772.9124944086,756.5876129196,677.3755665726,936.1941424716,824.3716480446001,1099.5362237256
441333,G06007310,high,False,16474.466999999997,0.7130643653791515,8358.153396068123,7647.536641235241,8358.262220088132,8210.505225388131,7494.092861088131,6948.539877088131,5937.276026788131,5539.1976435881315
442496,G06007306,high,False,5840.228,0.8407500276235722,2579.4982153600013,2560.5975213994307,2579.5215790499988,2527.7276221499988,2276.4929965499996,2801.0828340499993,2446.398248149999,3022.806475649999
442585,G06007301,high,False,10743.719,0.7130643653791515,5184.874177398136,4845.146206445237,5184.913459088133,5090.279008388132,4631.261571788133,4677.613331088131,4029.617897688132,4170.655492988131
442623,G06007329,low,True,6737.133,0.7130643653791515,1962.1844889243216,1989.5925667346667,1962.2053908375233,1924.3938017985233,1740.9556009995233,1759.889471971523,1500.9215976945234,1557.7319110395233
442739,G06007326,high,False,9059.973,0.7130643653791515,4335.093607878131,4103.542528885242,4335.140279488132,4254.713166088131,3864.5782396881327,4069.503953488132,3518.750269488132,3804.210457288132
442784,G06007308,low,True,12693.512999999999,0.8407500276235722,3887.545516438497,3863.8066903866015,3887.5734902654995,3817.1490283394987,3475.4313302415,3130.0602238694996,2647.6601221964997,2372.853022687499
442918,G06007313,low,True,2302.7160000000003,0.8407500276235722,599.484987719103,656.9717199150014,599.4884124683999,586.7993348784,525.2376209094,824.6746851384,737.7701766294001,1049.9097348654
442946,G06007330,medium,False,6798.763,0.7130643653791515,3086.9943559481317,3001.4217265952443,3087.006481088132,3027.4614442881316,2738.5310596881322,3176.342955288132,2768.465479188132,3265.8895304881316
443067,G06007306,high,False,3009.406,0.8407500276235722,1254.628240081018,1395.214460840259,1254.6337593610183,1228.204399061018,1099.8962512610183,1907.423087561018,1726.3051737610178,2560.336036761018
443234,G06007330,high,False,4668.915,0.7130643653791515,2011.6762640493164,2061.029568522971,2011.688993909321,1970.4092237093207,1770.0863229093209,2411.874834909321,2129.088330409321,2812.215981809321
443242,G06007301,high,False,11110.931,0.7130643653791515,5412.865785378128,5048.991862925235,5412.904328288132,5314.492438388132,4836.972748088132,4840.773357588132,4166.666390988132,4269.035254088132
443265,G06007324,medium,False,9794.158,0.7130643653791515,4737.5873600281375,4458.294678415234,4737.608967288132,4650.523060588132,4227.7343513881315,4357.533425688132,3760.7139520881315,3977.8373223881317
443445,G06007310,medium,False,4595.513999999999,0.7130643653791515,1943.1709869089789,1998.7097303597418,1943.178977168982,1902.865281068982,1707.2166192689822,2359.7353937689822,2083.545638968982,2776.447706968982
443533,G06007316,high,False,13443.667000000001,0.7130643653791515,6832.633161018137,6317.783983085239,6832.754757088131,6710.514922388133,6117.899127488132,5856.838620188133,5020.155916788133,4881.395431488132
44356,G06007316,high,False,12697.944,0.7130643653791515,6198.708445768136,5732.89822793524,6198.737867088132,6087.183481788132,5545.9677193881325,5403.131403588131,4639.101669988131,4607.891923688132
443631,G06007310,low,True,5117.848,0.7130643653791515,1400.2198631052268,1438.4228533396724,1400.2307682855233,1371.8072864715232,1233.9348999315234,1357.7386251465232,1163.1013257375232,1315.3408168845233
44367,G06007307,high,False,8108.153,0.8407500276235722,3750.2785300599935,3585.5185238994286,3750.304869249999,3678.9451054499987,3332.783679349999,3638.8866625499995,3150.216846549999,3527.733741449999
443815,G06007314,medium,False,6136.4130000000005,0.7130643653791515,2763.0405343781326,2719.918414145241,2763.058192688132,2708.930299688132,2446.254880588132,2944.522187288132,2573.7097500881323,3126.202718988132
443826,G06007322,low,True,4336.247,0.7130643653791515,1160.3365834473007,1204.2151829959994,1160.3452217553001,1136.2953753333002,1019.5958363283002,1192.1391244713,1027.3977438842999,1224.0288205143002
444197,G06007315,high,False,9958.903,0.7130643653791515,4807.798062438134,4518.192394785237,4807.831569688133,4719.529147588133,4291.067448188132,4407.782436788131,3802.930156988132,4008.0729754881318
444399,G06007327,high,False,8894.274,0.7130643653791515,4259.503537058137,4038.4120261252424,4259.548027488132,4180.397599488131,3796.3966374881315,4015.420209688132,3473.3083385881323,3771.6262867881314
444562,G06007315,high,False,8186.937,0.7130643653791515,3831.847242438133,3656.424941525241,3831.8651060881316,3759.901483588132,3410.5576067881325,3709.3631994881316,3216.220265888132,3587.1859288881315
444647,G06007324,low,True,9195.221,0.7130643653791515,2767.810276915824,2773.851944111666,2767.8321115755225,2716.568044777523,2467.8099985695226,2336.3975198565226,1985.224978570523,1905.191253934523
444667,G06007323,medium,False,7942.965000000001,0.7130643653791515,3798.0916146781324,3638.197857485239,3798.1470114881326,3726.682789488132,3380.0928682881317,3685.244841688132,3195.930505688132,3572.624396688132
444770,G06007311,high,False,9442.027,0.7130643653791515,4552.2506769581305,4295.658452205241,4552.288387288132,4468.267528788132,4060.5176294881326,4224.914497288132,3649.2955416881323,3897.8952413881316
44489,G06007307,high,False,10204.041000000001,0.8407500276235722,4889.0164894799955,4588.853686719429,4889.07365865,4798.673632149998,4360.187830149999,4453.787840349999,3834.7543287499993,4018.901753949999
445014,G06007317,high,False,9777.579,0.7130643653791515,4764.679118508138,4486.458141475243,4764.722162888131,4677.1440950881315,4252.163573488131,4376.9328872881315,3776.9990623881317,3989.515076788132
445107,G06007301,high,False,14636.672,0.7130643653791515,7233.45239309813,6641.812622605243,7233.391232688131,7104.728975288132,6479.595510088131,6143.620375288132,5261.182751988132,5054.194873788132
44517,G06007310,low,True,2869.963,0.7130643653791515,747.695035105203,801.2734085650018,747.6969847347001,731.8784618396999,655.1073954747001,919.5403667547,811.1659160667001,1091.4398822157
445238,G06007306,medium,False,10231.036,0.8407500276235722,4937.482355260001,4635.3622720794265,4937.546462449999,4846.3254877499985,4403.917231149999,4488.492203949999,3863.896717849999,4039.801300349998
445294,G06007322,high,False,4229.315,0.7130643653791515,1782.203837000002,1857.29397746,1782.2106431,1745.1440004999997,1565.2232569999999,2253.9435844,1999.9569761,2725.8272238
445338,G06007310,medium,False,4645.178,0.7130643653791515,1986.5800079598307,2038.3510994331025,1986.5922800898302,1945.6165318898297,1746.77420578983,2391.95241918983,2111.25067768983,2797.46958978983
445351,G06007307,medium,False,10562.315999999999,0.8407500276235722,5131.762956969997,4807.84863302943,5131.8045388499995,5037.378944249998,4579.172492549999,4627.529633149999,3980.7026329499986,4123.593853949998
445558,G06007308,medium,False,5422.74,0.8407500276235722,2337.948377219999,2346.0823937794316,2337.9636436499986,2290.218510249999,2058.5613038499996,2628.211908649999,2301.184726949999,2918.634892849999
445774,G06007306,low,True,6577.193,0.8407500276235722,1841.6526110324946,1866.6315066206041,1841.6558513114992,1805.4263321954995,1629.5885333594993,1666.0000527644993,1417.7736283394993,1490.4683854484992
445963,G06007314,high,False,12038.407,0.7130643653791515,5938.028907718131,5514.284241965239,5938.089220688133,5830.870290788131,5310.77586538813,5216.600813888132,4482.370171688132,4495.528025788131
446060,G06007315,medium,False,4184.26,0.7130643653791515,1749.6534837784739,1829.3059937296061,1749.6622281084728,1712.9085588084727,1534.5738220084731,2226.9311380084728,1975.171931708473,2704.325561308473
446084,G06007310,high,False,6002.276,0.7130643653791515,2678.439780508135,2644.132759735235,2678.453120488132,2625.728408788132,2369.9216717881322,2883.983690088132,2522.862457088132,3089.684653188132
446401,G06007306,high,False,16461.771999999997,0.8407500276235722,8136.746874280001,7433.3338053794305,8136.784448049999,7992.148185049999,7290.347949949999,6777.9039929499995,5787.178165649999,5419.532920949999
446517,G06007323,medium,False,12641.311999999998,0.7130643653791515,6195.261012658131,5732.923789905239,6195.303136088132,6083.797090088132,5542.858149988133,5400.6713579881325,4637.021128888132,4606.426116388132
446684,G06007317,low,True,3957.0,0.7130643653791515,1046.1146916465007,1092.8288410619996,1046.1205486179,1024.1837744229,917.7294994119002,1113.8430576909,963.5626054389002,1181.6501523279
446792,G06007312,high,False,11271.408,0.7130643653791515,5461.318440898123,5087.489830205239,5461.355180088132,5362.103239188131,4880.672817088132,4875.448588288133,4195.811581988133,4289.869260688132
44685,G06007316,low,True,4329.025,0.7130643653791515,1152.0920007566374,1196.368460937325,1152.1000455101373,1128.0681687671376,1011.4886676941373,1184.2911424991375,1019.7096057011374,1216.5597812111375
446998,G06007310,low,True,3703.5199999999995,0.7130643653791515,966.5861454332986,1014.640920657001,966.5906200019999,946.1446858709999,846.9373045140001,1059.72847662,919.6789901970001,1152.9383199990002
447339,G06007308,low,True,6938.781000000001,0.8407500276235722,1968.0214532768994,1990.4070134406018,1968.0289836794993,1929.7002014954996,1743.5999363264996,1756.4315815604996,1493.7302210654993,1544.9998717094995
447380,G06007325,high,False,927.9000000000001,0.8407500276235722,390.3688257699992,637.9012658699999,390.37071700000007,382.14671780000003,342.20027810000005,1353.1078867,1296.7243423999998,2315.8834281
44762,G06007330,medium,False,5470.178,0.7130643653791515,2413.71295676813,2413.5516577352405,2413.7247512881318,2365.433474688132,2131.0826331881317,2694.543832188132,2363.716668588132,2975.5305695881316
447722,G06007310,medium,False,9939.801,0.7130643653791515,4742.044645248134,4453.882383575241,4742.0455132881325,4654.863517588132,4231.725296288132,4360.723921888132,3763.428873988132,3979.654281188132
447723,G06007326,high,False,6324.222,0.8407500276235722,2950.5910348001657,2893.35076340576,2950.6239311301683,2893.573035430168,2616.7430108301683,3082.4963200301677,2691.697601930168,3214.5935862301676
447778,G06007316,low,True,8432.905,0.7130643653791515,2495.7795684579214,2506.1269496726677,2495.7938168655232,2449.0742015175233,2222.374023757523,2141.7274261125235,1821.6991130535234,1787.8481875695234
447796,G06007315,low,True,6072.769,0.7130643653791515,1708.462811184025,1737.860547503668,1708.4708341395235,1674.903530971523,1512.040512898523,1578.317950651523,1348.4044214775236,1448.279217367523
447958,G06007328,low,True,9378.999,0.8407500276235722,2792.7495957942,2796.982599655602,2792.7763398674997,2740.6351496474995,2487.677598724499,2346.6105311654997,1989.5159079794994,1900.6834925894996
448006,G06007310,high,False,6755.638,0.7130643653791515,3061.777374398133,2978.884111905239,3061.782151888132,3002.6743696881317,2715.7884273881323,3158.2994306881324,2753.308094388132,3255.0194994881317
448185,G06007326,medium,False,3834.9219999999996,0.7130643653791515,1586.4241829399998,1685.31951584,1586.4298786600002,1552.8651534599999,1389.98998656,2117.9367804599997,1888.01010326,2649.5604246599996
448270,G06007311,high,False,8581.939999999999,0.7130643653791515,4068.9268633081324,3867.897752395243,4068.9427378881323,3993.0161771881326,3624.433824788132,3879.0311621881315,3358.752539188132,3689.422130088132
448327,G06007326,medium,False,1686.5170000000003,0.7130643653791515,699.9795800399988,908.8162871900054,699.98337631,685.18186671,613.3663274099999,1550.9000930099999,1449.51835541,2401.86783501
448444,G06007317,medium,False,6424.271,0.7130643653791515,2913.9672220281304,2852.3026973152387,2913.9834018881315,2857.326649288132,2582.4147634881324,3052.533855688132,2664.449360788132,3191.2738886881316
448570,G06007313,high,False,3694.045,0.8407500276235722,1538.4225603199998,1644.40415503,1538.4288461499996,1505.9328401499997,1348.2037570500001,2088.0015250499996,1865.3398890500002,2637.7007518499995
448836,G06007323,medium,False,10601.241,0.7130643653791515,5110.490477238132,4779.729484185236,5110.527750888132,5017.168659088131,4564.177518788132,4624.373629188132,3984.8833437881317,4138.629218288132
44903,G06007330,low,True,5680.284,0.7130643653791515,1588.7988356802232,1622.538230281666,1588.8119512155229,1557.2364135855232,1404.073498141523,1492.689487990523,1276.466319535523,1396.6729069755233
449469,G06007322,high,False,7937.849999999999,0.7130643653791515,3720.3502240381335,3561.519648285242,3720.391049088132,3650.2081194881325,3309.933079088132,3629.5886167881317,3149.2111658881317,3539.0245431881317
449501,G06007301,high,False,5799.156,0.7130643653791515,2570.1713233681335,2548.9973368552414,2570.1842732881323,2519.269611688132,2272.241597088132,2806.502087788132,2457.7741345881323,3042.993659288132
45041,G06007313,medium,False,12953.192000000001,0.8407500276235722,6435.129493399993,5957.511152239431,6435.20756885,6318.944345949999,5755.088162849999,5560.232507649998,4764.222821149999,4685.703781049999
4505,G06007328,medium,False,9596.254,0.8407500276235722,4590.885484799995,4329.523170439431,4590.920893249998,4505.549203649998,4091.211579349999,4240.4468570499985,3655.5362423499982,3890.3463743499988
451296,G06007325,medium,False,3771.2690000000002,0.8407500276235722,1579.9067058200008,1681.915531390001,1579.92192707,1546.5734731699995,1384.79549017,2115.2760312699997,1886.88578727,2650.7475504699996
451352,G06007315,medium,False,816.76,0.7130643653791515,337.0070720000021,590.3644688800002,337.00796519999994,329.8752048,295.2560196,1318.4013948,1269.5314692,2299.822918
451377,G06007314,medium,False,5721.268,0.7130643653791515,2526.067621528131,2509.8607945752397,2526.079510688132,2475.900431988132,2232.438116388132,2774.942483188132,2431.263011588132,3023.966343688132
451587,G06007330,medium,False,8068.293,0.7130643653791515,3770.0294885781263,3602.5653387852453,3770.051167088132,3699.082986488131,3354.7757989881325,3665.1378850881315,3179.076946688132,3560.4696845881317
45161,G06007314,high,False,5007.501,0.7130643653791515,2140.1927388781355,2169.9937498052363,2140.194126888132,2096.4839054881318,1884.3152633881323,2498.801029888132,2199.289998088132,2857.558219288132
45176,G06007317,high,False,5658.6939999999995,0.7130643653791515,2519.6206731894863,2505.7558223998662,2519.6355932494907,2469.801509049491,2227.9154272494907,2774.0413855494908,2432.592245549491,3028.6782921494905
451795,G06007316,high,False,411.448,0.7130643653791515,169.8125736800021,443.9120412000011,169.81304024000002,166.21912704000002,148.77597984000002,1211.45454064,1186.83105504,2253.1102098399997
451911,G06007330,high,False,5241.373,0.7130643653791515,2267.274529798124,2282.0394940652454,2267.278669088132,2221.437858588132,1998.9654891881323,2589.7430645881323,2275.687427788132,2912.360363588132
45202,G06007316,medium,False,10730.077000000001,0.7130643653791515,5207.267021368134,4868.090736055241,5207.297837288132,5112.318205488131,4651.477225488132,4693.646985288131,4043.080634788131,4180.338990588132
452044,G06007313,medium,False,2462.097,0.8407500276235722,1025.2962119400008,1194.4311861699996,1025.30202011,1003.6388840100001,898.5182229100003,1759.39894761,1611.00358661,2493.58055191
452153,G06007330,low,True,4212.304,0.7130643653791515,1144.0019944647024,1191.0426888780005,1144.0150708833,1120.3190153253001,1005.3989377172999,1182.0216811143,1019.7823963682999,1220.1215841393
452196,G06007327,low,True,3264.1549999999997,0.7130643653791515,920.454204782701,974.8623349009966,920.4722598204,901.8008180243999,811.2542836734,1043.9938913844,916.1574384864,1167.5991007014
452566,G06007327,high,False,5290.026,0.7130643653791515,2280.614353588128,2292.3080050152435,2280.614896288132,2234.5573210881316,2011.0039536881322,2599.283124088132,2283.705529688132,2918.114233588132
452732,G06007308,medium,False,6147.942000000001,0.8407500276235722,2864.413383771694,2820.4507674172874,2864.4613710516974,2808.574407451697,2537.5451412516973,3016.6850539516972,2634.083021351697,3169.140775051697
45276,G06007330,high,False,3993.2550000000006,0.7130643653791515,1673.564549798974,1761.347627749171,1673.569485838981,1638.678422238981,1469.3910379389813,2182.609693738981,1943.6473628389813,2691.760390338981
452899,G06007323,high,False,18295.95,0.7130643653791515,9221.33346717813,8394.450213305236,9221.407797288131,9059.291192888131,8272.996002188132,7566.185601788131,6456.176139288131,5911.482464188131
452964,G06007330,medium,False,3868.161,0.7130643653791515,1609.4657354100032,1706.6052962999997,1609.4735616300004,1575.46257173,1410.4215967300001,2133.38635943,1900.39981033,2657.4212067299995
453097,G06007325,high,False,7408.143,0.8407500276235722,3449.056758460003,3328.9395344594313,3449.0800934499994,3382.7661148499983,3061.008951349999,3423.353104749999,2969.143156949999,3397.839685749999
453166,G06007328,high,False,12245.403,0.8407500276235722,6019.824279750002,5588.04492704943,6019.903202849999,5910.562584549998,5380.409035849999,5263.0373534499995,4514.563327549999,4506.563838749999
453278,G06007311,high,False,6927.766,0.7130643653791515,3141.0671641881313,3047.178097615239,3141.0760532881327,3080.653195788131,2787.325818088132,3215.016511688132,2800.954103888132,3289.249459488132
453291,G06007307,high,False,8497.814,0.8407500276235722,3979.1186168399954,3789.392425179434,3979.168138249999,3903.9334369499984,3539.2246962499994,3802.6571597499988,3287.7878358499993,3626.403229749999
453320,G06007329,high,False,801.833,0.7130643653791515,334.47878588999936,588.5746062799999,334.48119219000006,327.41806839000003,293.13643899000004,1317.06004789,1268.66576319,2299.67234159
453407,G06007310,medium,False,2602.9670000000006,0.7130643653791515,1072.0785846199983,1234.0562927699973,1072.08071841,1049.38008991,939.2107431100001,1788.4610694100002,1632.93921981,2504.9246532099996
453418,G06007325,low,True,1033.576,0.8407500276235722,275.01270637680034,341.81634934999994,275.0148624384,269.2230586794,241.1072933094,617.5320465054,577.8430086414,960.0763123194
453493,G06007310,medium,False,5986.259,0.7130643653791515,2683.095535428128,2649.7475592352434,2683.113336488132,2630.307209388132,2374.119317788132,2887.318300288132,2525.6590021881316,3091.6995682881316
453571,G06007315,medium,False,10093.484,0.7130643653791515,4884.768220938131,4586.751472305235,4884.822634688131,4795.173377488132,4360.487044988133,4462.875984188132,3849.210837088132,4041.219948288132
453578,G06007301,medium,False,11156.545,0.7130643653791515,5439.693334338137,5072.640494045241,5439.743441488132,5340.866309088131,4861.176271588132,4859.989919788131,4182.794772588131,4280.602035988131
453647,G06007314,medium,False,7571.799,0.7130643653791515,3545.1808252481296,3409.4214756952383,3545.2065400881324,3478.007383188132,3151.918928088132,3504.2385442881323,3043.898296988132,3463.534413788132
453744,G06007313,medium,False,8671.832,0.8407500276235722,4053.644659569997,3852.0566433894296,4053.671535649999,3977.2729142499984,3606.5010267499993,3855.985493949999,3332.575666149999,3658.616083349999
454017,G06007323,high,False,6041.445000000001,0.7130643653791515,2722.5583789881325,2685.55514227524,2722.577405488132,2669.122733588132,2409.733227788132,2915.555918288132,2549.374958788132,3108.742868588132
454043,G06007306,medium,False,6785.718,0.8407500276235722,3117.507611341019,3034.708477720263,3117.5209806810176,3057.150500081018,2764.0067792810187,3192.2092807810177,2778.4149187810176,3267.170519781018
454093,G06007330,high,False,8634.482,0.7130643653791515,4080.7562297381323,3876.68479520524,4080.7831604881326,4004.6314947881324,3635.123891888132,3887.4931296881323,3365.8619059881316,3694.508509888132
454172,G06007328,high,False,4863.25,0.8407500276235722,2034.6637958008498,2077.935214233359,2034.6692665508479,1992.144263550848,1785.730615250848,2413.465578750848,2122.082281050848,2792.435184150848
454192,G06007330,high,False,7523.105,0.7130643653791515,3570.670563458131,3437.8271070852375,3570.714740488132,3503.059191288132,3174.881185888132,3522.4945565881317,3059.2211431881315,3474.528136388132
454521,G06007317,low,True,3848.898,0.7130643653791515,1007.7724787192997,1055.090046254999,1007.7764424462,986.4795800412,883.1146807602,1086.3351947622,940.4131895472,1164.9698548332
454869,G06007323,high,False,13159.107,0.7130643653791515,6496.603363858132,6000.235594525238,6496.628201488133,6380.174294388131,5814.745823688132,5616.295179188131,4818.147818188132,4736.494644688131
455122,G06007313,high,False,988.4180000000001,0.8407500276235722,415.3313179200013,659.85443844,415.33453354000005,406.57558413999993,364.07171114,1369.07547944,1309.0734554399999,2322.8500616399997
455152,G06007308,high,False,10402.599999999999,0.8407500276235722,5043.647839449995,4730.485481889429,5043.707755449999,4950.71177215,4499.659335249999,4564.45864585,3927.7233108499995,4085.5770181499993
455204,G06007325,high,False,8482.002,0.8407500276235722,4044.6303595699965,3854.922511769429,4044.673259449999,3968.394742749999,3598.341323649999,3849.569050449999,3327.168455249999,3654.7218111499988
455316,G06007323,medium,False,12296.494999999999,0.7130643653791515,6129.522091838135,5689.1236993852435,6129.605672488133,6019.143772288133,5483.525120888131,5353.651825588133,4597.489305388132,4578.106931988132
455449,G06007328,medium,False,5666.776,0.8407500276235722,2457.603952499997,2450.1265370194287,2457.616616649999,2407.872254949999,2166.5191889499993,2713.835300049999,2373.1188983499987,2970.231723649999
455467,G06007326,high,False,16139.762999999999,0.7130643653791515,8114.687645678128,7426.289503445238,8114.765192488132,7971.143446288132,7274.511451288132,6774.259510288131,5790.897130088131,5434.237415188132
455712,G06007325,medium,False,2935.8940000000002,0.8407500276235722,1220.1352609699989,1365.0440059300017,1220.14266322,1194.3478836199997,1069.20182342,1883.98523072,1707.3154950199998,2547.91862242
455814,G06007324,low,True,10646.372,0.7130643653791515,3273.178181381726,3269.7797133926706,3273.210854857523,3213.4950479445233,2923.763216905523,2698.050641476523,2289.0264283125234,2123.159230132523
455834,G06007330,medium,False,10228.002,0.7130643653791515,4912.967593648133,4606.470315455237,4913.005318688132,4822.910648988131,4385.942503788132,4483.038885588132,3866.163556188132,4053.378700488132
455866,G06007328,high,False,10772.150999999998,0.8407500276235722,5136.573418809994,4800.070563129422,5136.634470649999,5041.998487049998,4583.371918449999,4630.9657729499995,3983.6279182499993,4125.487212649999
45613,G06007313,medium,False,15986.297,0.8407500276235722,7911.04829798,7238.335161299432,7911.100859049999,7770.202352949998,7086.703740849998,6616.3996963499985,5651.498398349999,5322.182229449999
456213,G06007316,high,False,5509.356,0.7130643653791515,2425.809309538133,2423.246835505241,2425.824236288132,2377.3224995881314,2142.000314488132,2703.197428388132,2370.987401288132,2980.7421105881317
456372,G06007322,low,True,3253.723,0.7130643653791515,853.7950906820998,905.4049389279996,853.8006180626999,835.7570129726997,748.2245024456998,987.8952909656998,864.3265709006998,1122.0462584007
456404,G06007326,medium,False,8044.2080000000005,0.8407500276235722,3654.256907478132,3488.11501940524,3654.233878288132,3585.303329588132,3250.3526128881326,3582.2528037881316,3109.465157688132,3510.587471588132
456443,G06007325,medium,False,11687.406,0.8407500276235722,5684.25800885,5288.079836829427,5684.292802849999,5580.645108549999,5077.639261949999,5022.881461749999,4312.8365899499995,4361.866024949999
456522,G06007315,high,False,10336.821,0.7130643653791515,4972.493569478136,4658.756120405242,4972.521444288133,4881.454262588131,4439.657434688132,4525.644718688132,3901.953168888132,4079.0573100881325
456752,G06007313,low,True,16079.801,0.8407500276235722,5053.8896729055,5006.837447772597,5053.9389934635,4963.993326337499,4527.7008104475,3964.724730727499,3348.819318220499,2875.864619656499
456780,G06007324,high,False,18087.044,0.7130643653791515,8994.01021028813,8180.416713655242,8994.040748888132,8835.84770468813,8067.97033058813,7403.456594388132,6319.484789388132,5813.5369703881315
456816,G06007316,medium,False,6630.270999999999,0.7130643653791515,3063.0488238681332,2987.98877487524,3063.079162288132,3003.9207260881317,2716.923921388132,3159.224832288132,2754.062984788132,3255.593358188132
456865,G06007314,high,False,8133.8060000000005,0.7130643653791515,3809.1112470381318,3637.4849112652378,3809.1374624881314,3737.508766288131,3390.0300438881322,3693.1016966881316,3202.5681889881316,3577.3263202881317
457026,G06007329,high,False,2488.592,0.7130643653791515,1025.1504754299995,1193.0041318899994,1025.15302196,1003.4450677599999,898.10211956,1758.4616834600001,1609.7537087599999,2491.85057546
457063,G06007302,medium,False,6223.74,0.8407500276235722,2666.98034253813,2633.616203015814,2666.995832988133,2612.3578432881327,2347.155402088133,2839.593362688133,2465.2207767881328,3012.443831888133
457131,G06007316,medium,False,4133.439,0.7130643653791515,1740.5108091399993,1821.8015949699998,1740.52118097,1704.1428098699998,1527.60552487,2224.11027557,1974.8934899699998,2707.8419319699997
457214,G06007322,medium,False,6990.773000000001,0.7130643653791515,3211.162110628128,3113.126703115241,3211.184097088132,3149.550944188132,2850.5575697881327,3265.208635488132,2843.109305588132,3319.443928788132
457285,G06007316,medium,False,6157.695,0.7130643653791515,2787.3721242681363,2742.953696795239,2787.399249288132,2732.8395049881315,2468.200447988132,2961.942881088132,2588.341606588132,3136.678824488132
457441,G06007307,high,False,5423.344,0.8407500276235722,2345.5410660881325,2352.4678610752426,2345.556421648132,2297.8366242481316,2066.3449554481317,2636.404539448132,2309.617718248132,2927.397488648132
457719,G06007325,high,False,11079.494999999999,0.8407500276235722,5426.5053177100035,5069.04519552943,5426.557085449998,5327.2145093499985,4845.106916549999,4838.450051649999,4157.8741215499995,4250.75208935
459206,G06007311,high,False,16903.152000000002,0.7130643653791515,8587.63849120813,7849.767752075242,8587.742128288131,8436.22666228813,7701.308095088132,7112.7226334881325,6075.1881834881315,5638.302095588131
459400,G06007315,low,True,4768.222,0.7130643653791515,1279.3932888711236,1319.9367064486694,1279.4005714317232,1253.0047341597233,1124.9391304167234,1271.3096205027232,1090.519306868723,1263.3107668797234
459570,G06007307,medium,False,6790.634,0.8407500276235722,3068.7713461699996,2988.8979858894304,3068.8025078499986,3008.8193878499987,2717.916246949999,3151.1968648499987,2740.521585649999,3233.816973849999
459740,G06007316,high,False,3065.06,0.7130643653791515,1284.0490303000001,1422.3033781199988,1284.0594230000002,1256.9549794999998,1125.4718705,1925.6793146999998,1740.0624589,2567.3911980999997
459797,G06007330,high,False,6238.599,0.7130643653791515,2829.3116064686433,2778.9684408153694,2829.33454244864,2774.1738531486403,2506.4811186486404,2993.206694848641,2615.309234548641,3157.318614148641
459819,G06007311,medium,False,4152.982,0.7130643653791515,1729.811763709487,1812.0136915993003,1729.8204359994902,1693.3215906994901,1516.22397749949,2211.4452635994903,1961.4396282994899,2693.19263519949
459833,G06007307,high,False,12640.107,0.8407500276235722,6194.429885879996,5737.330470479432,6194.491261449999,6082.284462449999,5537.944314249999,5387.94578975,4619.508828749999,4581.913117249999
459886,G06007314,high,False,14261.355000000001,0.7130643653791515,7068.629839788131,6502.01404015524,7068.6891086881315,6942.564124188131,6330.803205288132,6025.657976288132,5162.047239188132,4983.091524488133
459926,G06007313,high,False,4573.262999999999,0.8407500276235722,1900.5657883984748,1959.8441342490469,1900.5689732984717,1860.660900398472,1666.9761911984722,2324.003655698472,2050.5868371984716,2747.580420598472
460213,G06007301,low,True,10911.705,0.7130643653791515,3372.9900778464203,3368.38899169166,3373.0164450915236,3311.6463589785226,3013.8077699655237,2769.489387337523,2349.0359879715234,2166.206589970523
460219,G06007327,medium,False,11482.843,0.7130643653791515,5664.728505088138,5276.448086695245,5664.770645088132,5562.148624388132,5064.202806188132,5021.040279288132,4318.0874373881325,4377.659111788132
460265,G06007310,medium,False,8203.449,0.7130643653791515,3840.1137703081336,3663.7599392152406,3840.130590688132,3768.0250218881315,3418.023251788132,3715.278422788132,3221.193122688132,3590.742339788132
46029,G06007322,high,False,2247.205,0.7130643653791515,936.8324592900008,1116.9333255000015,936.8387345499998,917.0447353499999,821.0152920499997,1702.83058235,1567.26828865,2468.88537585
460312,G06007330,low,True,1910.5350000000003,0.7130643653791515,511.3698484986003,573.0142967009998,511.3759301595001,500.6154386204999,448.4018689605,769.3617628605,695.6523051645001,1027.4005918545001
460377,G06007314,low,True,4020.669,0.8407500276235722,1056.0718539749612,1102.248385580818,1056.0781343126587,1033.8236116796588,925.8528073466588,1118.4738397916585,966.0511458716587,1180.9470383576586
460389,G06007313,high,False,8343.506000000001,0.8407500276235722,3894.776633479998,3714.5316838994304,3894.8066724499995,3821.032840749999,3463.154709149999,3742.3101717499985,3237.0868264499986,3590.057834349999
460554,G06007329,medium,False,1849.244,0.7130643653791515,789.9890900000016,988.800542220002,789.9903814799999,773.60583618,693.9927421799998,1613.62858078,1501.26287078,2437.3503627799996
460576,G06007301,low,True,6527.125,0.7130643653791515,1898.1854349054222,1927.9200025156676,1898.2101097815232,1861.458060097523,1683.2104316925231,1714.0975515945233,1462.4505985545234,1530.1234561305232
460643,G06007314,low,True,3318.858,0.7130643653791515,887.0778297486005,938.925651097001,887.0818014009,868.5382850109002,778.5172404639001,1012.4712387579001,885.3932816049003,1137.9295947129
460867,G06007310,medium,False,8508.141,0.7130643653791515,4003.9223327281384,3808.0096401952387,4003.942037288132,3929.073234688132,3565.7954575881326,3832.515960388132,3319.6840140881322,3661.3468036881322
460868,G06007310,high,False,18796.131,0.7130643653791515,9573.393140388143,8713.684878575245,9573.501884088133,9405.495674088132,8590.655367388132,7818.141492988132,6667.7907054881325,6063.405353088132
460984,G06007306,high,False,8131.388000000001,0.8407500276235722,3818.81003391,3652.0830291294315,3818.857240449999,3746.340077849998,3394.622692249999,3687.9530321499988,3191.4062567499986,3557.3257702499986
461033,G06007325,medium,False,9343.29,0.8407500276235722,4386.763783210003,4142.135166489431,4386.780312249999,4304.818302449999,3907.056046649999,4094.3683966499984,3532.845590449999,3802.2536247499984
461064,G06007310,low,True,9534.237000000001,0.7130643653791515,2906.359993390222,2912.323385093667,2906.3862662235224,2852.7939016845235,2592.792141085523,2435.560635271523,2068.5238385715234,1964.9308810845232
46108,G06007316,medium,False,383.36999999999995,0.7130643653791515,158.20340380000158,433.73969886000066,158.20382510000002,154.8555285,138.60443030000002,1204.0266502999998,1181.0859059,2249.8626170999996
461212,G06007324,high,False,8544.716,0.7130643653791515,4032.155091368131,3834.03379875524,4032.183111488132,3956.825972188132,3591.264846288132,3852.716570888132,3336.6534506881317,3673.520658988132
461235,G06007306,medium,False,8616.243999999999,0.8407500276235722,4039.025792880002,3841.6144430994286,4039.075640249999,3962.8408553499985,3593.2739369499986,3845.529463349999,3323.801538649999,3652.2404998499987
461309,G06007326,low,True,10220.986,0.7130643653791515,3121.2632091174214,3120.2474716176694,3121.293140587523,3064.1067058695226,2786.6818775805227,2589.338735194523,2197.708456063523,2057.618069944523
461392,G06007326,low,True,3709.423,0.7130643653791515,979.851298356001,1028.3860152019997,979.8572759220001,959.2763050709999,859.4080172369999,1070.681331036,929.6988593430001,1161.585035097
461475,G06007306,high,False,9626.106,0.8407500276235722,4624.312346940011,4360.741580039425,4624.347050049999,4538.429343049999,4121.361333349999,4264.372367549999,3675.6281590499984,3904.7814299499987
461563,G06007311,medium,False,3167.392,0.7130643653791515,1323.0715453599992,1456.0725154999993,1323.0811517600002,1295.13953256,1159.57775506,1950.39712206,1759.02370306,2577.81158986
46166,G06007307,high,False,13741.487,0.8407500276235722,6729.722091800001,6201.842756999433,6729.769583249998,6608.601555149999,6020.890307649998,5771.028898349999,4941.340055949999,4812.686110149999
46175,G06007313,low,True,6035.28,0.8407500276235722,1701.7554643113183,1735.3559393586972,1701.76917521552,1667.87074852052,1503.3650126295202,1565.90459549252,1333.6773140805203,1430.16797349452
461929,G06007302,high,False,11403.442,0.8407500276235722,5318.780581176266,4962.14975171105,5318.819019926265,5218.384235826265,4731.252838126265,4712.957993326265,4025.2987520262645,4107.425114626265
462027,G06007302,high,False,10780.82,0.8407500276235722,5024.391455546268,4707.7880857010505,5024.449160126264,4928.924999826266,4465.671314926266,4502.287960626265,3848.302952226265,3980.5103307262652
462040,G06007322,high,False,3958.3160000000003,0.7130643653791515,1658.9734471900003,1750.123642430001,1658.98574446,1624.17758356,1455.3003828600001,2169.4322829599996,1931.0310050599999,2680.02126826
462115,G06007311,medium,False,8547.987,0.7130643653791515,4143.133148188137,3943.7250667752355,4143.179313488132,4065.9787832881316,3691.382083588132,3932.175627788132,3403.3604542881317,3721.449965188132
462255,G06007301,medium,False,4417.68,0.7130643653791515,1847.8520330183003,1913.823121262139,1847.8546806883026,1809.282491788302,1622.0807582883024,2294.043395588302,2029.781368488302,2740.359784888302
462429,G06007315,high,False,22923.665,0.7130643653791515,11785.646931268127,10660.012757275239,11785.773036288132,11580.78746278813,10586.572215888133,9401.250923888132,7997.700122588132,7017.511056288133
462472,G06007302,low,True,16212.109999999999,1.4172145412832236,5038.978088280949,4998.4885093507355,5039.038483369547,4947.547003954547,4503.775019767546,3923.583551290547,3297.106145008547,2808.514519852547
462474,G06007328,high,False,17320.96,0.8407500276235722,8715.794352210003,7956.765223449434,8715.87082925,8561.504851049998,7812.74398365,7192.30337505,6135.272751449998,5669.283000049999
462494,G06007315,low,True,6535.016,0.7130643653791515,1852.9571554314168,1877.5443844116646,1852.9602637695232,1816.989327271523,1642.4085369435236,1681.7163040035234,1435.2682255605232,1510.599346630523
462621,G06007322,high,False,12949.189,0.7130643653791515,6354.34927068813,5872.307876135237,6354.393104888131,6240.214929088132,5686.389468088131,5514.520823088131,4732.665530988132,4675.015565788131
462742,G06007307,low,True,5345.097,0.8407500276235722,1447.1299560628056,1483.77690221343,1447.136047513907,1417.4972294869065,1273.6512037369068,1383.7090928899065,1180.6456558099067,1320.3913123519064
462767,G06007315,low,True,6829.919,0.7130643653791515,1970.0875266648216,1994.239669565668,1970.106354775523,1932.1545777585231,1748.0630107635232,1765.543363312523,1505.6776449765234,1561.117146172523
463024,G06007324,high,False,7695.727,0.7130643653791515,3598.2013767186427,3454.1785492853696,3598.221680188641,3530.1778931886406,3199.841683988641,3542.419361588641,3076.1112663886406,3486.931996488641
463278,G06007306,medium,False,3550.6440000000002,0.8407500276235722,1469.9338076000008,1583.3486745400023,1469.93595752,1438.8465174199998,1287.95455082,2043.48255342,1830.4738018199998,2617.1332847199997
463368,G06007302,high,False,5885.6,0.8407500276235722,2641.027751768135,2615.8598964258085,2641.0505724281325,2588.688767128133,2334.4785118281334,2852.259421228133,2493.4071096281327,3063.7394407281326
463463,G06007330,medium,False,5768.982,0.7130643653791515,2533.9043050081254,2514.5371799852346,2533.8952997581323,2483.631827258132,2239.618789758132,2780.8469193581313,2436.4064108581315,3027.9378226581316
463475,G06007323,high,False,12103.372,0.7130643653791515,5944.418791238135,5516.4311335852435,5944.470238288131,5837.174597388132,5316.555426688132,5221.158754288132,4486.2007201881315,4498.310988588131
46354,G06007313,low,True,4448.978,0.8407500276235722,1204.4367097945499,1246.22512757901,1204.4417011774485,1179.8864347984486,1060.6510800214485,1227.3854668354486,1059.0799048444487,1250.4408017764486
463744,G06007324,high,False,14902.625,0.7130643653791515,7350.915301788133,6742.446003055242,7350.948287888132,7220.18848838813,6585.544976188132,6227.662532188131,5331.735685488133,5104.889969388132
463770,G06007308,high,False,22136.521,0.8407500276235722,11258.990165399995,10188.845801799433,11259.08292805,11062.246673049998,10107.264104049998,9012.259417749998,7664.119673349999,6766.162364149999
463851,G06007324,medium,False,2961.711,0.7130643653791515,1234.9906425700012,1378.5068330999968,1234.99914473,1208.9078156300002,1082.32374273,1893.81061983,1715.11208093,2552.70845843
46390,G06007316,high,False,6871.882,0.7130643653791515,3139.5874219681323,3049.270244175236,3139.6084290881317,3079.178069888132,2785.9785180881318,3213.976653188132,2800.073831388132,3288.587846788132
463907,G06007322,high,False,15260.56,0.7130643653791515,7725.947707378133,7094.136164405247,7726.038103088133,7588.921178388133,6923.871012488133,6496.086215688132,5557.1889021881325,5266.647225988132
464270,G06007314,high,False,13462.574,0.7130643653791515,6590.410863628131,6075.309824655242,6590.431854688133,6472.362581688132,5899.377833288132,5683.421698888131,4874.567336888133,4776.852348388132
465081,G06007316,low,True,6699.588,0.7130643653791515,1939.3474569198208,1965.8894711716687,1939.3587034215232,1901.942960518523,1720.348453081523,1743.5438738775233,1487.1963986685232,1547.879501500523
465175,G06007315,high,False,19943.231,0.7130643653791515,10106.286558158135,9172.726518265234,10106.342467088132,9929.48162978813,9071.397935488132,8199.48080398813,6988.184539588132,6293.151217288132
465245,G06007314,medium,False,1784.9010000000003,0.7130643653791515,743.1900356299982,946.9638330000064,743.1954976300003,727.48893023,651.2906615300001,1578.74129023,1471.17147153,2414.33964943
46526,G06007313,medium,False,7794.234,0.8407500276235722,3617.755415441522,3471.496927489816,3617.7785565015256,3548.8204404015255,3214.0247454015257,3546.3471770015253,3073.741468201526,3475.2431822015255
465289,G06007322,high,False,22179.757999999998,0.7130643653791515,11253.52261629813,10176.188947105242,11253.592389488133,11057.577812088131,10106.513073788132,9020.418837188132,7677.818851088132,6787.993819888132
465741,G06007306,low,True,3296.639,0.8407500276235722,862.487098521301,913.5453103980017,862.4922087411,844.2553318101001,755.7770896010999,993.2661927831,868.3626224181,1124.1029889591
465793,G06007311,high,False,2742.246,0.7130643653791515,1143.5476476900003,1298.249019069997,1143.55242958,1119.4061354799999,1002.1890120800001,1835.24313858,1669.77904928,2527.03681578
46589,G06007317,medium,False,4435.192999999999,0.7130643653791515,1862.4713327583036,1927.9839688021384,1862.481315468302,1823.559047968302,1634.718125768302,2302.905367768302,2036.319213568302,2743.4586344683016
465907,G06007312,low,True,6760.821,0.7130643653791515,1941.4744977210214,1965.710437253668,1941.4845390075232,1904.029663906523,1722.2704835415234,1745.0578094895227,1488.4746509655233,1548.7881169845232
46600,G06007302,medium,False,10327.887,0.8407500276235722,4803.20553993626,4515.043154191052,4803.224546326266,4711.471055326266,4266.112586726265,4344.0263370262655,3715.355103826265,3885.1312823262647
466989,G06007315,high,False,3601.832,0.7130643653791515,1523.9458374399997,1633.2423544700002,1523.95917323,1492.0558128300004,1337.2559190300003,2083.79557923,1865.2600151300003,2643.7582481299996
467167,G06007322,low,True,3435.183,0.7130643653791515,902.7195920186803,953.2000495499074,902.7264343730793,883.6608037190792,791.1761761130792,1019.4551042300793,888.8975041130793,1136.2451246210794
467170,G06007316,medium,False,2135.373,0.7130643653791515,885.468352490003,1071.325249000003,885.4721489899999,866.74453669,775.8781011900002,1669.5755372899998,1541.3050375900002,2453.73775489
46722,G06007315,high,False,14662.878,0.7130643653791515,7352.555908498138,6759.443796285239,7352.6375978881315,7221.777309088131,6586.997530988132,6228.858247288132,5332.709867988131,5105.620940488132
467438,G06007323,high,False,8115.283,0.7130643653791515,3906.9787164181357,3735.850727825247,3907.0149320881324,3833.771029088132,3478.3362903881325,3763.1609632881323,3261.3930934881323,3619.6016654881314
467449,G06007301,medium,False,4585.753000000001,0.7130643653791515,1972.5410901999987,2026.1427941899997,1972.55551665,1932.0882880499996,1735.71812285,2386.5875662500002,2109.37511585,2800.78323775
468010,G06007312,low,True,8696.957,0.7130643653791515,2603.379024475825,2613.588365853664,2603.3985843315236,2554.8843705135228,2319.455568394523,2218.730293039523,1886.3774412435232,1834.2743127555232
468173,G06007317,low,True,938.198,0.7130643653791515,246.41132089139995,313.50547101999973,246.41265659220002,241.20900495719994,215.9505631962,598.9453637502,563.2896090702001,951.5037333912001
468195,G06007325,low,True,6216.468999999999,0.8407500276235722,1731.7609034418006,1760.784253143604,1731.7689005294992,1697.3739408464992,1530.4402428524993,1587.3561928334993,1351.7042597714997,1443.0889282604994
468240,G06007325,high,False,7269.826999999999,0.8407500276235722,3303.4064604999985,3192.5209964194287,3303.4267308499993,3239.5502150499997,2929.62215545,3319.1026707499987,2881.5743019499987,3335.021071549999
468282,G06007311,medium,False,11276.11,0.7130643653791515,5517.424073498138,5142.732206725239,5517.4711916881315,5417.299695488133,4931.306326388132,4915.611734488131,4229.524765188132,4314.127556388132
468354,G06007310,medium,False,5529.284,0.7130643653791515,2422.5972839681313,2418.8094879752393,2422.604745288132,2374.1641673881322,2139.1004610881323,2700.8951047881324,2369.0603137881317,2979.3479830881315
46838,G06007328,high,False,9549.247,0.8407500276235722,4525.430136479998,4267.417846879431,4525.453464849998,4441.1867444499985,4032.156066749999,4193.584924349999,3616.1869939499993,3862.1049492499988
468414,G06007313,medium,False,6055.849,0.8407500276235722,2651.3740675581316,2615.034973755238,2651.3590118181314,2598.9349170181317,2344.401265518132,2861.442998718132,2502.1736234181317,3071.669912118132
468496,G06007327,medium,False,6240.758,0.7130643653791515,2795.494983628129,2745.8297768352395,2795.502555288132,2740.834130288132,2475.5344893881324,2967.7446309881316,2593.230651588132,3140.171912988132
468548,G06007323,medium,False,7086.346,0.7130643653791515,3251.2021468681287,3147.0489033952376,3251.2176378881322,3188.923228488132,2886.682413688132,3293.858705188132,2867.182774788132,3336.706519588132
4686,G06007306,high,False,9499.628,0.8407500276235722,4479.96749178,4225.164130699429,4479.999602449999,4396.478710149999,3991.147434749999,4161.054352449999,3588.852435149999,3842.495848749999
468622,G06007310,low,True,6487.732,0.7130643653791515,1838.8977482220223,1863.9679168636671,1838.8951212795232,1803.161031265523,1629.705105118523,1671.659814532523,1426.824416137523,1504.5210257385233
468653,G06007316,high,False,4728.758,0.7130643653791515,2092.796609860511,2136.636393259563,2092.825709790508,2050.389271390508,1844.575323990508,2473.717542590508,2183.154312090508,2854.7704555905075
468921,G06007317,medium,False,3080.109,0.7130643653791515,1397.8201710900016,1527.007730749999,1397.8325308400003,1369.91811624,1234.39682554,2025.36046304,1834.05723304,2653.01282464
468962,G06007322,low,True,6372.025,0.7130643653791515,1821.9982153704211,1850.3519876136713,1822.010107987523,1786.547575882523,1614.4700375715229,1659.5676858825232,1416.6531632205233,1497.2581258005232
46901,G06007326,high,False,8593.593,0.7130643653791515,4081.51517423813,3880.228050825236,4081.5613566881316,4005.342815788132,3635.7810146881316,3888.0516933881318,3366.327728788132,3694.795572688132
469313,G06007323,medium,False,11702.047999999999,0.7130643653791515,5737.902109368126,5335.97355655524,5737.953943688133,5634.092975688132,5130.221464188133,5073.372911088132,4362.058554088132,4409.221884188131
469335,G06007306,high,False,2574.022,0.8407500276235722,1144.8187412210182,1302.775338300258,1144.8248355810183,1121.6720653810178,1009.1863660810181,1853.197625881018,1694.432250281018,2561.684629181018
46951,G06007302,high,False,4797.283,0.8407500276235722,2010.4205313499997,2059.9079497599996,2010.4400646899999,1968.0054069899998,1762.14961029,2391.20919379,2100.60768589,2772.1332299899996
469642,G06007330,high,False,7514.668000000001,0.7130643653791515,3566.3039887781356,3434.0448794452423,3566.336701488132,3498.7797101881315,3170.970042288132,3519.3650802881316,3056.596445988132,3472.6588921881316
469652,G06007310,high,False,3733.756,0.7130643653791515,1540.8793329799973,1644.9777344200002,1540.88450788,1508.26733698,1349.98664658,2088.51141168,1865.07481388,2636.25662058
469824,G06007328,medium,False,4116.139999999999,0.7130643653791515,1736.41045273,1820.134342909429,1736.423544209999,1699.9052672099992,1522.736504009999,2217.835265109999,1967.7348303099989,2699.356136909999
470053,G06007314,medium,False,4750.473,0.7130643653791515,2069.5156466598273,2111.2487194831006,2069.5260884998306,2027.63739999983,1824.3359079998304,2459.23405979983,2172.24163889983,2849.12819029983
470117,G06007306,high,False,3774.0530000000003,0.8407500276235722,1562.0446905100016,1664.0524891800005,1562.0465683900002,1529.0071976899999,1368.6511828900002,2102.39693209,1876.0303735900002,2642.8600058899997
470138,G06007324,high,False,18041.072,0.7130643653791515,9349.732179828115,8538.250680635243,9349.857324488132,9185.594437888132,8388.888556788132,7658.111211988133,6533.326904388132,5967.021519988131
470144,G06007316,medium,False,4320.218,0.7130643653791515,1905.49365006,1971.03112868,1905.51313796,1866.8512718600002,1679.2447510600002,2350.31222186,2085.46741466,2795.26256566
470301,G06007301,low,True,4162.926,0.7130643653791515,1117.1844057591034,1163.3191110869986,1117.1937736638001,1093.9584764178,981.2224818648001,1162.8801543287998,1003.7274136518001,1208.6551467618
470456,G06007329,medium,False,5953.137000000001,0.7130643653791515,2647.5029471281346,2616.153724315233,2647.5165316881316,2595.328115588132,2342.005083788132,2861.8345249881318,2504.249598888132,3076.378096888132
47051,G06007317,low,True,7595.175,0.7130643653791515,2217.0607572381227,2234.2223080486688,2217.071116567524,2175.0057159315234,1970.9064982455234,1942.2799614135238,1654.1529543225233,1667.6271966585234
470586,G06007325,low,True,8026.202,0.8407500276235722,2355.5773279268983,2372.083298598601,2355.594921697499,2310.7726978874994,2093.2549082234996,2033.7726076904992,1726.7122729064995,1712.1422135444996
470587,G06007317,low,True,6081.308,0.7130643653791515,1710.041013807924,1739.1629860466678,1710.0473073315234,1676.462407003523,1513.467318565523,1579.4448908085233,1349.3499031125234,1448.9704248915232
470693,G06007328,medium,False,9577.400000000001,0.7130643653791515,4586.612214959994,4326.876114699427,4586.6513962499985,4501.320948849998,4087.3528347499996,4237.389158949999,3652.978569249999,3888.4648366499987
470893,G06007310,high,False,3013.166,0.7130643653791515,1413.8290547000063,1544.896392360001,1413.8448928200003,1385.95728002,1250.55189082,2041.83760202,1850.7034746199997,2669.93524312
470962,G06007307,high,False,2981.8509999999997,0.8407500276235722,1235.6166567899995,1378.168278220003,1235.62140073,1209.4877408300003,1082.6736242300003,1893.62270873,1714.6035246299998,2551.71558443
471029,G06007314,high,False,14658.920999999998,0.7130643653791515,7302.895153218125,6710.266778225239,7302.950255488131,7172.930228288131,6542.154524988131,6193.312471488132,5302.879685088132,5084.142166788131
471061,G06007314,low,True,985.6579999999999,0.7130643653791515,263.91711842369995,331.2035492569999,263.91786368219994,258.37035162120003,231.4220508432,610.5362605572,572.4988622562,957.1850764782
47114,G06007313,medium,False,4124.211,0.8407500276235722,1719.2747868700048,1803.3504157799996,1719.2874677300001,1682.9597192300002,1506.7326708300002,2203.9471349299997,1955.1623332299996,2688.73029193
471183,G06007315,high,False,5817.804,0.7130643653791515,2603.777773148131,2581.3996732752416,2603.797749488132,2552.3094898881322,2302.555646588132,2830.5552185881315,2477.9766965881317,3057.4883406881318
471190,G06007329,high,False,11325.511999999999,0.7130643653791515,5528.190397178134,5150.4180934652395,5528.238848288132,5427.890779988133,4941.030378988133,4923.306071188132,4235.989103088132,4318.781906088132
471436,G06007322,medium,False,4550.818,0.7130643653791515,1916.3195727486388,1974.9574755753667,1916.3253631886407,1876.428213688641,1682.8091025886413,2339.994987988641,2066.6657695886406,2763.798638288641
4715,G06007326,high,False,11646.831,0.7130643653791515,5722.194203298126,5323.433860685249,5722.232313888131,5618.670785388133,5116.054344088132,5062.1393763881315,4352.617716988132,4402.470297288131
471516,G06007322,low,True,13279.662,0.7130643653791515,4125.437156463922,4097.927752404668,4125.465838045523,4051.521090910523,3692.6864408625233,3307.932638473523,2801.369454367523,2490.717946867523
471863,G06007306,medium,False,9467.76,0.8407500276235722,4474.944935299998,4222.418312759431,4474.976489649998,4391.505052649998,3986.596118049999,4157.478501149999,3585.859238249999,3840.2653800499993
471950,G06007327,low,True,6822.8589999999995,0.7130643653791515,1962.6983281068253,1986.4146241556678,1962.712554949523,1924.902573544523,1741.425633541523,1760.2476948855233,1501.2291299895232,1557.9516299655234
471951,G06007312,low,True,3228.207,0.7130643653791515,847.8836781660023,899.7537808770023,847.8892854242999,829.9753765442999,743.0680972952999,984.1683015723,861.4783263603,1120.5069225873
472137,G06007301,medium,False,10312.158,0.7130643653791515,4961.917162868131,4649.447335135241,4961.936557488132,4871.093858288132,4430.118432588133,4518.057757088132,3895.574337288132,4074.5590184881316
472202,G06007327,low,True,3351.203,0.7130643653791515,869.432271718503,919.3225486199977,869.4321920487001,851.0239181997,761.6744031896999,997.1567241537,871.0287889827,1124.9430946017
472313,G06007316,high,False,7631.6759999999995,0.7130643653791515,3556.1242243481297,3416.7473382352423,3556.1548562881326,3488.7454408881317,3161.773554788132,3512.068501788132,3050.4832661881323,3468.218741488132
472583,G06007306,medium,False,8213.606,0.8407500276235722,3817.6363515899975,3645.8672991094304,3817.6668208499996,3745.1763043499996,3393.5471761499994,3687.101500249999,3190.71245905,3556.7821593499993
472968,G06007310,low,True,7386.226000000001,0.7130643653791515,2157.679082858766,2177.3095733798514,2157.6887686866644,2116.6588502256645,1917.4515810906641,1900.1050671246644,1618.9021041396645,1642.7201516676646
473049,G06007326,high,False,12206.083999999999,0.7130643653791515,6021.879903098132,5587.413003405236,6021.939422888132,5913.316369988133,5386.433883088132,5276.606670888132,4532.781224588132,4531.682290088132
473204,G06007308,high,False,8698.064,0.8407500276235722,4060.661966939999,3857.7539594794257,4060.686273049999,3984.144315149999,3612.8210037499994,3861.0105629499994,3336.812210449999,3661.589628249999
473227,G06007310,low,True,6410.229,0.7130643653791515,1852.2343499928236,1882.1998124056681,1852.2504040875233,1816.2774073635228,1641.7513408515233,1681.208975902523,1434.8296191825232,1510.3020704205233
473337,G06007310,high,False,6531.819,0.7130643653791515,2953.885747698131,2885.51024486524,2953.901878288132,2896.573038188132,2618.437219588132,3081.092242888132,2688.4459908881317,3208.481750388132
473627,G06007316,low,True,2707.6230000000005,0.7130643653791515,714.0645636957012,769.7120027659994,714.0707055027,698.9944248567001,625.8662063577001,898.6822230567001,795.4429452717001,1083.3425747457
473879,G06007317,low,True,2845.97,0.7130643653791515,742.4985165380997,796.372455458999,742.501566387,726.7947850800002,650.5801904070003,916.2956302590001,808.7063840400001,1090.1440623120002
473970,G06007317,low,True,4277.6810000000005,0.7130643653791515,1131.38087040688,1176.2934211065137,1131.3906711782784,1107.6240363422785,992.3452252682786,1168.1506877462787,1005.4081904372787,1204.9890848822788
474000,G06007316,low,True,7118.128999999999,0.7130643653791515,2068.4569040592232,2090.5145588216674,2068.4672962935233,2028.891676825523,1836.8365504155229,1835.937887638523,1564.8149465145234,1603.551674959523
47407,G06007314,high,False,3525.873,0.7130643653791515,1468.4091776294936,1582.7680806998717,1468.417448869491,1437.4310183694909,1287.0993751694912,2043.929109669491,1831.7087095694908,2619.5388755694908
474078,G06007326,high,False,2329.523,0.7130643653791515,972.4745949199983,1148.3867647099992,972.4814694900001,951.9403058900002,852.29045509,1725.75719329,1585.07727589,2479.10092319
47490,G06007326,medium,False,9514.428,0.7130643653791515,4539.495330008132,4278.6449930352455,4539.518606488133,4455.723168088132,4049.0194774881315,4215.764684688133,3641.629572688132,3892.3760386881318
475143,G06007330,low,True,164.935,0.7130643653791515,42.510974618700025,114.65794320399999,42.51088677149999,41.6096309475,37.234852357499996,468.2963172495,462.12087738450003,894.0848967195001
47525,G06007317,low,True,6535.2880000000005,0.7130643653791515,1859.317710647123,1884.4652989926683,1859.3245366215233,1823.2511156295236,1648.1491523205236,1686.2679029295232,1439.0853066675231,1513.3599630975234
475498,G06007315,medium,False,7342.358,0.7130643653791515,3392.810350508132,3272.1283113752397,3392.8308388881323,3328.163684988132,3014.438300388132,3395.196812488132,2952.3100968881317,3397.780638788132
475616,G06007317,medium,False,4260.543,0.7130643653791515,1786.2379526499994,1861.0664978600005,1786.2481018099998,1748.87746311,1567.53974591,2252.9901253099997,1996.9995058099998,2719.8821092099997
475868,G06007322,low,True,2725.548,0.7130643653791515,710.8111006793999,765.480448739999,710.8139315592,695.7765345762,622.8095807052001,895.9967644241999,792.9908050602,1081.2316634502
475900,G06007313,medium,False,16940.908,0.8407500276235722,8570.722407710002,7835.939812009428,8570.845652049999,8418.864199049998,7681.864139349998,7088.489529149999,6048.022799949999,5606.789477749999
475910,G06007328,high,False,10400.253,0.8407500276235722,5045.298237559998,4732.125411539433,5045.338832649999,4952.357534349998,4501.179654149999,4565.6423224499995,3928.720383249999,4086.3063149499985
47592,G06007330,medium,False,7327.4580000000005,0.7130643653791515,3342.7894128281396,3222.1927710752325,3342.7791962481324,3279.0939823481312,2969.996979248132,3361.537754348132,2925.266474148132,3380.4290903481315
475944,G06007317,medium,False,4759.515,0.7130643653791515,2081.0788248500016,2124.690665260002,2081.1080124500004,2038.6311985500001,1832.6367808500004,2461.35662115,2170.5388202500003,2841.76828215
476003,G06007328,medium,False,3853.881,0.7130643653791515,1601.0277354900004,1698.9526720199997,1601.0380368300002,1567.1867132299997,1402.9589485299998,2127.79519003,1895.95512513,2654.67070373
476180,G06007301,low,True,5685.561000000001,0.7130643653791515,1599.79910688872,1634.4224454846699,1599.810855355523,1568.060766712523,1414.0040780175234,1500.5621747565233,1283.0770259595233,1401.4298799165233
4763,G06007330,low,True,4801.839,0.7130643653791515,1293.656024787926,1334.2355293086716,1293.6643614141233,1267.028568104123,1137.814749356123,1281.5522556201233,1099.1422203651232,1269.5253724461231
476404,G06007316,high,False,3909.4739999999997,0.7130643653791515,1630.3389258994864,1725.331269969868,1630.3525341494908,1595.9118449494908,1428.8560209494908,2147.1826656494904,1911.3436939494907,2664.125976649491
476653,G06007306,high,False,6921.902,0.8407500276235722,3113.4799848010157,3024.2595204696922,3113.4930081210173,3052.885281421017,2758.6069599210173,3184.1562421210174,2768.752981721017,3255.110012121017
476741,G06007306,low,True,3705.9530000000004,0.8407500276235722,975.2801674769994,1024.0785718170005,975.2852695257002,954.6963520437001,854.7684340797002,1065.9057015837002,924.8364702597,1156.6018390407003
476863,G06007310,medium,False,9994.87,0.7130643653791515,4867.755456038138,4575.729605085238,4867.804338488131,4778.478868788132,4345.141224088133,4450.694254388132,3838.968940888132,4033.9411486881318
47694,G06007316,high,False,12942.231,0.7130643653791515,6215.525208628136,5734.012901275239,6215.460449688133,6103.726582788133,5561.083228388132,5415.151708888132,4649.271509588132,4615.038927888132
476974,G06007302,high,False,11739.546999999999,0.8407500276235722,5468.703893276264,5090.199596671048,5468.724438526266,5365.809634726264,4866.492427426266,4820.2458243262645,4115.436397126265,4172.0687717262645
477436,G06007316,medium,False,2424.834,0.7130643653791515,1001.3586109700009,1172.420709190002,1001.3603346200002,980.1692623200001,877.3234688200002,1743.43624542,1598.25364072,2485.5851656199998
47759,G06007306,medium,False,7290.826999999999,0.8407500276235722,3328.7253706799984,3216.39157303943,3328.7521276499992,3264.438854849999,2952.455503549999,3337.2315621499984,2896.7981861499993,3345.933257849999
477639,G06007306,low,True,2924.2400000000002,0.8407500276235722,775.6259910902992,830.3515925950011,775.6340399640001,759.2751283319999,679.9349402370001,938.460899532,826.4542212030002,1101.3424570230002
477826,G06007330,medium,False,3444.698,0.7130643653791515,1419.1530787099987,1538.0419982300007,1419.1548399399999,1389.10914734,1243.28093894,2010.45866704,1804.6001323399998,2601.87126944
477981,G06007326,high,False,3679.062,0.8407500276235722,1649.4233577800028,1745.5757921,1649.4396678400003,1616.56865994,1457.0251505399997,2192.66762644,1967.4476628400002,2736.06360614
478009,G06007314,high,False,4329.135,0.7130643653791515,1839.1112561594894,1909.818193459867,1839.1201564194914,1800.802777719491,1614.8443935194912,2289.6917596194908,2027.1829423194908,2740.396170619491
478081,G06007328,medium,False,11176.927,0.7130643653791515,5377.215960919996,5014.371852839432,5377.247608249999,5278.727178649999,4800.649105249999,4803.142528349999,4128.252545349999,4229.436402849999
478097,G06007317,medium,False,10388.4,0.7130643653791515,5001.13160913813,4683.63880166524,5001.159714088133,4909.657450788132,4465.514903088131,4546.125795988132,3919.1416188881326,4091.486070088132
47825,G06007311,low,True,4158.099,0.7130643653791515,1091.5306095893811,1136.5192292715103,1091.5358250632785,1068.5550020162786,957.0499337822787,1141.5362043122786,984.1244661782787,1191.6140276972787
478256,G06007317,high,False,8606.337,0.7130643653791515,4088.6353514481384,3886.0003179952387,4088.651078088132,4012.3886374881317,3642.2270497881323,3893.149557788132,3370.610263488132,3697.906458688132
478490,G06007330,low,True,2236.3940000000002,0.7130643653791515,590.5896710238023,649.3804699200019,590.5950374646001,578.1295460556,517.6630845036001,819.6237107526,734.2595341626,1048.6927708206001
47852,G06007325,high,False,4191.6810000000005,0.8407500276235722,1744.4255784205097,1824.904628380129,1744.434860020509,1707.588997320509,1528.787357820509,2220.077616120509,1967.665516620509,2695.8618851205088
478538,G06007311,medium,False,6934.83,0.7130643653791515,3202.323374718135,3107.7010067052393,3202.347874688132,3140.8711182881316,2842.585808088132,3258.8860794881316,2837.789850988132,3315.6556173881318
478609,G06007325,medium,False,6718.1630000000005,0.8407500276235722,3024.128669050001,2948.5803567894313,3024.148069249999,2964.9466136499987,2677.636686949999,3119.248236049999,2713.6798179499992,3214.590119049999
47886,G06007308,high,False,5477.451,0.8407500276235722,2439.6687307518646,2437.4381069641854,2439.677540701867,2391.182812101866,2155.7153524018668,2716.6259313018672,2384.244028701867,2993.7998069018668
478861,G06007317,medium,False,5145.611,0.7130643653791515,2186.1594201491475,2205.4464540860713,2186.1546083091516,2141.913627209151,1927.019898209151,2535.256940409151,2231.9289085091514,2884.569040309151
478871,G06007324,low,True,8047.549999999999,0.7130643653791515,2354.634240397821,2366.6540371496685,2354.6372414595235,2310.288853753523,2095.035664924523,2040.7254973785234,1736.8566238395229,1726.9638632085232
478917,G06007315,low,True,12265.341,0.7130643653791515,3856.5694021479217,3844.581935792665,3856.611633895524,3787.1385654615233,3450.097618750523,3115.5548021865234,2639.7424789695237,2374.766099359523
47894,G06007314,high,False,14828.841,0.7130643653791515,7489.616164978128,6885.223531005242,7489.7012238881325,7356.563021088132,6710.651595688132,6326.964796588132,5415.106141188133,5164.757995088132
478956,G06007323,medium,False,4521.152,0.7130643653791515,1913.732293258132,1974.127265955238,1913.7477557381321,1873.901328838132,1680.6239483381323,2338.601632838132,2065.746786238132,2763.586384738132
479205,G06007306,low,True,8302.864,0.8407500276235722,2460.735544749944,2475.158638526185,2460.751446794141,2414.316680654141,2188.860429263141,2111.1467540931417,1792.898622521141,1761.7690002441414
479309,G06007310,medium,False,2726.2540000000004,0.7130643653791515,1120.2147861199924,1275.872457200002,1120.21525122,1096.4870038200002,981.3121407200001,1819.04424312,1656.4594921199998,2517.9607563199997
479316,G06007301,medium,False,6188.5689999999995,0.7130643653791515,2823.7996511281312,2777.233769275242,2823.8290042881317,2768.6660794881313,2501.065782988132,2988.0142053881323,2610.236880288132,3152.4058221881314
47935,G06007322,medium,False,14063.341999999999,0.7130643653791515,6912.374117158124,6358.5158422452405,6912.400136688131,6788.933684788131,6189.8572213881325,5913.838840588132,5068.128714488132,4915.684322488132
479419,G06007314,medium,False,5129.472,0.7130643653791515,2240.7388888888095,2261.660469442269,2240.757238818811,2195.4722253188106,1975.805720218811,2573.107540718811,2263.0262578188112,2905.6104353188107
479442,G06007301,high,False,2985.588,0.7130643653791515,1324.9093537900044,1463.2423261299994,1324.9333344,1297.7939038999998,1166.1593958999997,1966.0504119,1780.2098147999998,2607.2760227999997
479847,G06007314,medium,False,4756.1630000000005,0.7130643653791515,2013.9805399681327,2059.9396530152335,2013.9906709481315,1972.3942678481317,1770.5789332481318,2408.903799448132,2124.010159748132,2803.9702148481315
479952,G06007330,low,True,5406.877,0.7130643653791515,1486.8280990761239,1521.6176933126671,1486.8356276895229,1456.9735247475232,1312.0758359025233,1419.7116556575234,1215.1647232425232,1352.697474292523
479996,G06007329,high,False,28685.866,0.7130643653791515,14807.897369038132,13310.462915765229,14808.03494868813,14552.59975998813,13313.342787588132,11563.99576278813,9814.518908288132,8321.029643488133
48020,G06007314,high,False,12529.580000000002,0.8407500276235722,6081.421816248136,5626.315295935239,6081.438171688133,5971.821624188131,5440.044001088132,5319.210899188132,4568.623723788132,4557.224285888131
480322,G06007327,high,False,16411.078999999998,0.7130643653791515,8130.798972358136,7425.099051425243,8130.830071488132,7987.0608999881315,7289.154630688132,6785.732813988132,5800.554109588131,5441.2659054881315
480338,G06007327,medium,False,2849.2920000000004,0.7130643653791515,1222.3325822799986,1370.9418179299973,1222.3489399300001,1196.7453739300001,1072.54391143,1889.52503313,1714.1834862300002,2556.8011766299996
48038,G06007316,medium,False,2223.182,0.7130643653791515,917.9179583500002,1099.2839714900008,917.9196208600001,898.49450456,804.2159294599999,1690.04383826,1556.95289696,2462.23538576
480529,G06007322,high,False,18547.894999999997,0.7130643653791515,9370.318893058133,8526.864775005237,9370.385900688132,9205.810682488132,8407.41142348813,7672.801311588131,6545.734922788131,5975.768209088132
480544,G06007310,medium,False,4743.772,0.7130643653791515,2223.758856219995,2252.220064730005,2223.79084313,2181.16698103,1974.3394329300004,2601.15400383,2309.17159313,2978.75277543
48076,G06007317,low,True,8633.869,0.7130643653791515,2567.9938221618245,2577.2710875136677,2568.0079889655235,2520.0797847045233,2287.5254605275227,2193.4091027115232,1865.1146668155234,1818.9875879175233
480877,G06007301,medium,False,4884.1539999999995,0.7130643653791515,2095.6017315398285,2132.8584310725328,2095.6081804798287,2052.723154779829,1844.5871951798292,2468.339717979829,2174.519273979829,2841.2489652798286
480994,G06007315,high,False,5588.026,0.7130643653791515,2466.4882801381314,2458.63783100524,2466.497987488132,2417.3290184881316,2178.6871633881324,2732.3106822881323,2395.443325788132,2998.289944488132
481095,G06007316,medium,False,5761.81,0.7130643653791515,2546.534338798132,2527.6873659052408,2546.5430284881318,2496.042014688132,2250.9255472881327,2789.580679488132,2443.5577269881323,3032.821218688132
481275,G06007317,high,False,3859.1649999999995,0.7130643653791515,1594.8018441200006,1692.4722959700014,1594.8090947499995,1561.0566218499994,1397.2843337499999,2123.1714271499995,1891.9803183499998,2651.65350125
4814,G06007328,low,True,9242.597,0.8407500276235722,2783.2540944852035,2792.422822741605,2783.276172211499,2731.299819979499,2479.1109517754994,2339.8286261474996,1983.8172424754994,1896.5862720284995
481422,G06007311,high,False,19066.088000000003,0.7130643653791515,9642.444387168125,8765.57990961524,9642.523055888132,9473.40057258813,8652.967954988133,7867.537888988132,6709.311946988131,6093.160339288132
481450,G06007330,high,False,7413.219,0.7130643653791515,3514.4582871481343,3388.7247272752434,3514.511135888132,3447.792135188132,3124.199554888132,3482.2693718881314,3025.419169588132,3450.3063224881316
481704,G06007313,low,True,4188.710999999999,0.8407500276235722,1148.9285639104485,1197.329634296014,1148.9431988986485,1125.1646561806483,1009.8190576096484,1185.5001121606483,1022.6641868596486,1222.1385925936486
481913,G06007306,medium,False,2431.888,0.8407500276235722,1015.1667312399999,1185.81123762,1015.1751470400001,993.7317504400002,889.70343444,1753.10081214,1606.24240494,2491.1022492399998
481973,G06007326,high,False,3719.2960000000003,0.7130643653791515,1590.4567999600013,1691.540396300002,1590.46669488,1557.5578346800003,1397.8480761800001,2133.0954749800003,1907.64298078,2675.86681318
481984,G06007326,low,True,11537.73,0.7130643653791515,3532.200664285521,3517.4403591566697,3532.2233823375227,3468.184289443523,3157.447448854524,2883.4085867175236,2444.749365073523,2234.8423398315235
482036,G06007326,low,True,4142.476000000001,0.7130643653791515,1092.8143907533495,1137.857359374589,1092.8166653431508,1069.9120510651508,958.751442954151,1144.037745633151,987.115746693151,1195.328914557151
482236,G06007317,medium,False,1697.1009999999999,0.7130643653791515,700.9631225500009,909.2676420000023,700.9645784300001,686.1308410299998,614.1401282300001,1551.2707282299998,1449.64496853,2401.6286105299996
482270,G06007324,high,False,12566.364000000001,0.7130643653791515,6134.353939078133,5676.841428145241,6134.395587288132,6023.940652488132,5487.945212588133,5357.060791088132,4600.379148588132,4580.220537388132
483394,G06007301,medium,False,3238.183,0.8536704995961909,1351.3070186900004,1480.6691602899991,1351.3151736199998,1322.77958782,1184.3046328199998,1968.41774222,1772.9359884199998,2585.63353712
483449,G06007326,low,True,13976.329000000002,0.7130643653791515,4332.683822675126,4296.447773698666,4332.704623057523,4255.325841052523,3879.6697830795233,3456.2384397675232,2925.9516842865232,2580.119977165523
483762,G06007323,high,False,6153.683999999999,0.7130643653791515,2744.521472678133,2700.50345948524,2744.5289798881327,2690.713551588132,2429.549446988132,2931.264430188132,2562.5853610881322,3118.191121488132
483839,G06007330,medium,False,1113.9470000000001,0.7130643653791515,469.291906480003,707.4301910700015,469.29574381000003,459.40579231,411.40549421,1403.7531456099998,1335.99362961,2338.26276651
483961,G06007316,medium,False,2116.07,0.7130643653791515,874.1848897299982,1061.0474339499997,874.1875733,855.6878897,765.9115294,1662.1034731,1535.368508,2450.084967
484089,G06007327,medium,False,4944.803,0.7130643653791515,2108.9316897281224,2142.763542415248,2108.9327896881323,2065.745053688132,1856.1112562881322,2476.431281888132,2180.497796388132,2844.0756537881316
484169,G06007317,low,True,2579.0290000000005,0.7130643653791515,673.8822468881999,729.6737388989997,673.8848051480999,659.6345430170999,590.4846513531,872.4631270431,774.8472128151001,1071.0884129811
484264,G06007312,medium,False,4043.8520000000008,0.7130643653791515,1696.4540407700033,1781.5417886599992,1696.4631385100006,1661.13367501,1489.7082509100003,2197.9649082100004,1955.9775202100002,2699.6333342099997
484376,G06007323,medium,False,7315.904999999999,0.7130643653791515,3429.707839488137,3310.371393415245,3429.7352476881324,3364.4577452881317,3047.729040088132,3421.614033888132,2974.486428188132,3413.725411588132
484801,G06007313,medium,False,3025.868,0.8407500276235722,1261.67268604,1401.9140750800007,1261.6809950400002,1235.0286988399998,1105.7090566399997,1910.8923030399997,1728.33119304,2560.2010457399997
484874,G06007308,high,False,5320.4220000000005,0.8407500276235722,2259.9919546205087,2274.5337659495613,2259.995816620508,2213.604138620508,1988.3904657205076,2572.8614363205074,2254.9442291205078,2885.919093220508
484976,G06007307,high,False,18309.234000000004,0.8407500276235722,9201.211330179998,8378.396380639426,9201.305545449999,9038.82661575,8250.728655949999,7539.667458749998,6427.061395249999,5878.671424049999
485477,G06007310,high,False,5531.635,0.7130643653791515,2517.280441499829,2508.3694952830992,2517.3012257398295,2467.91106923983,2228.19098543983,2779.34053863983,2440.9441699398303,3041.58988803983
485532,G06007306,medium,False,5255.589,0.8407500276235722,2312.578437041525,2327.963177500393,2312.596745821527,2265.7417391215267,2038.370079721527,2617.9235184215268,2296.9558001215273,2923.434087721527
485536,G06007328,high,False,11531.555,0.8407500276235722,5534.259360749998,5148.747559089429,5534.275787649999,5433.147180149999,4942.356883749999,4915.521190649999,4222.670590949999,4297.146361649999
485577,G06007310,high,False,3663.814,0.7130643653791515,1566.8566269500018,1671.3737495300004,1566.8705536,1534.3609078000002,1376.6207861,2116.4040929000003,1893.7244986,2666.0711286
485607,G06007317,high,False,7963.6939999999995,0.7130643653791515,3708.6729613781267,3547.8822166452387,3708.6885288881317,3638.7592351881317,3299.424409088132,3621.229425488132,3142.1919625881314,3534.0139908881315
485704,G06007316,medium,False,8940.542,0.7130643653791515,4272.523617918123,4048.5036531252385,4272.554204488131,4193.1936780881315,3808.133141988132,4024.7405483881325,3481.150537288132,3777.2122171881315
485776,G06007308,medium,False,2229.876,0.8407500276235722,917.3554441200033,1098.4093543800013,917.3561818799999,897.9294450799998,803.6361170799998,1689.4290013799998,1556.3200101799998,2461.57344268
486249,G06007330,low,True,3071.6,0.7130643653791515,804.7823219163031,857.4673239929984,804.7869265800001,787.776210837,705.2431850730003,956.4151051650001,839.902879902,1108.0999739850001
486339,G06007316,high,False,7701.756,0.7130643653791515,3590.9667059881313,3446.9976728352412,3590.992548288132,3523.0145884881317,3193.224099888132,3537.004174188132,3071.429278388132,3483.254134388132
486379,G06007325,high,False,10555.113000000001,0.8407500276235722,5047.365097749994,4724.902812009435,5047.40634385,4954.3485338499995,4503.031740649999,4567.108660049998,3929.975331749999,4087.122372849999
486396,G06007313,medium,False,5699.218999999999,0.8407500276235722,2480.3150606091485,2469.300692295499,2480.3202269691496,2430.3791772691497,2188.01782506915,2733.09606156915,2390.99101926915,2986.01643036915
486467,G06007323,high,False,14110.302,0.7130643653791515,6927.141407248135,6370.384752795242,6927.166479488133,6803.453235488132,6203.179719588132,5924.398163088132,5077.003912688131,4922.051970488132
486648,G06007315,high,False,6829.224,0.7130643653791515,3125.425329858132,3037.762470385241,3125.445971488132,3065.250490788132,2773.202571888132,3203.852099188132,2791.5657112881318,3282.4737619881316
486898,G06007315,medium,False,6288.541000000001,0.7130643653791515,2909.2173390596636,2855.28700495563,2909.249542479659,2852.7614054796586,2578.6876275796585,3050.7566900796587,2663.839511979659,3192.482386779659
486900,G06007322,low,True,6214.418,0.7130643653791515,1776.5133282150211,1806.9288683076707,1776.5296516095232,1741.8181207695231,1573.4352086385234,1627.0229207835232,1389.310349512523,1477.638577033523
486913,G06007306,low,True,3168.556,0.8407500276235722,840.0117359213997,893.100010166001,840.0202557263997,822.3046912583999,736.3690770113999,979.7137557023999,858.3954930984,1119.4713836304
486923,G06007306,high,False,13652.761999999999,0.8407500276235722,6694.231989440002,6171.590835719423,6694.290729049999,6573.734465649999,5988.8589738499995,5745.623646649999,4919.977203749999,4797.446291749999
487053,G06007310,medium,False,7273.581,0.7130643653791515,3345.1643398381343,3228.966814285242,3345.180299488132,3281.3136530881316,2971.4502386881322,3361.097104688132,2923.668833088132,3377.2268366881317
487056,G06007306,medium,False,235.89799999999997,0.8407500276235722,96.99533400999994,380.08502812999996,96.99551893999998,94.94083633999998,84.96994973999999,1164.84606124,1150.77047834,2232.7040397399996
487112,G06007323,high,False,11319.253,0.7130643653791515,5531.487691798135,5154.045835225239,5531.527280688133,5431.138356688132,4943.994182688131,4925.663940388133,4237.975129588132,4320.204270888132
487261,G06007328,high,False,11599.617999999999,0.8407500276235722,5669.303239949995,5278.747619329433,5669.350782249999,5565.935087549999,5064.1722584499985,5012.196039149999,4303.846842949999,4355.421717749999
487340,G06007306,low,True,4826.3369999999995,0.8407500276235722,1290.8642699931409,1332.2362111937864,1290.8758202178408,1264.0025084658407,1133.6331726978408,1274.7130562808406,1090.6692783768408,1258.6479553218408
487455,G06007330,medium,False,3144.311,0.7130643653791515,1301.135290219999,1435.3802400100008,1301.14069273,1273.6124661299998,1140.0367433300003,1935.4185731299997,1746.85186033,2569.79270083
487529,G06007302,high,False,1296.051,0.8407500276235722,541.3571349500002,770.0984973599996,541.3582419300001,529.93360293,474.4595400300001,1449.6212248299998,1371.31697133,2357.93047563
487647,G06007329,low,True,12591.671,0.7130643653791515,4013.1230764452293,4003.6561030796656,4013.1781330335234,3941.076406483524,3591.341206354523,3227.596628971522,2733.8526343395233,2442.300316648523
487730,G06007324,high,False,9615.5,0.7130643653791515,4573.90954390813,4306.420378655241,4573.924860488132,4489.573662788132,4080.072110288132,4240.3895384881325,3662.3167664881316,3907.225823888132
487833,G06007306,low,True,5839.732,0.8407500276235722,1619.435379624622,1652.765111241693,1619.44227540932,1586.9356696623202,1429.13944908032,1507.1054312463202,1284.3553018893201,1394.8992175203202
487919,G06007313,medium,False,8109.394,0.8407500276235722,3771.9253993300026,3606.419600349428,3771.9509784499987,3700.258710449999,3352.3172071499994,3654.393594949999,3163.222903349999,3537.112366549999
488010,G06007315,medium,False,7325.135,0.7130643653791515,3404.3527005681303,3284.684942175241,3404.3866224881317,3339.515629688132,3024.861367188132,3403.461688888132,2959.239881588132,3402.778898088132
488107,G06007306,medium,False,5323.767,0.8407500276235722,2257.1491327699996,2271.786435209429,2257.147847449999,2210.7825868499995,1985.6774403499992,2570.375022349999,2252.610249449999,2883.794871549999
488232,G06007313,low,True,6873.423,0.8407500276235722,1939.2175398140996,1961.794908100602,1939.2286881554992,1901.356954339499,1717.6057722494998,1735.8112323704995,1476.4189398194994,1532.5493887904995
488302,G06007307,medium,False,14899.136999999999,0.8407500276235722,7166.976242290003,6564.3883061094275,7166.957562849999,7038.646040349999,6415.436871749998,6083.854585049999,5204.165788949999,5001.352061849999
488370,G06007301,low,True,3613.254,0.7130643653791515,940.040439559201,988.3824333459983,940.0431382146,920.1485930616,823.6014265836002,1042.5127007406,906.2196193686,1145.0535237006
488377,G06007329,medium,False,17591.798,0.8407500276235722,8879.547911328133,8098.1994789952405,8879.647357288133,8723.24393148813,7964.659179688131,7321.563034088133,6250.660632688132,5764.173834088132
488511,G06007322,low,True,14561.089999999998,0.7130643653791515,4523.267695639221,4482.33101100767,4523.289633001523,4442.706472672523,4051.623004120523,3592.6153692885227,3040.529862973523,2662.2856806735235
488855,G06007301,low,True,4107.913,0.7130643653791515,1074.044456150077,1119.3681231175103,1074.0496256465788,1051.3609964105785,941.2726227215787,1129.018768464579,973.6076168765788,1184.0670864695787
488857,G06007314,high,False,17193.371,0.7130643653791515,8691.391181438124,7935.1873469852435,8691.478664088132,8538.26073018813,7794.931947788131,7186.934355988131,6137.550150988132,5683.061046288131
489012,G06007308,low,True,10996.106,0.8407500276235722,3388.6386824031,3385.6745898146005,3388.6757556854996,3326.5741999454995,3025.2982404014997,2773.060823293499,2347.7428874955,2157.6933867165
489024,G06007314,low,True,8961.649000000001,0.7130643653791515,2728.333789201522,2740.2694037006668,2728.3630160355233,2677.7432565375225,2432.180148922523,2308.1684019885233,1961.5009281435227,1888.158600205523
489070,G06007313,low,True,12066.725999999999,0.8407500276235722,3724.9915278555013,3711.331722314601,3725.026369375499,3657.2987382434994,3328.7534955044994,3013.751620465499,2549.948111989499,2302.735346002499
489179,G06007330,high,False,9736.922999999999,0.7130643653791515,4620.308278158129,4345.050915325239,4620.323523888132,4535.194976988132,4121.919046388131,4273.584750488132,3690.206993888132,3927.2322947881316
489519,G06007314,low,True,4355.688999999999,0.7130643653791515,1190.0323694762997,1234.258776737001,1190.0373406614,1165.7441770253997,1047.8072462004,1217.5206365243998,1051.0403046744,1245.0990048054
489695,G06007307,high,False,10865.305999999999,0.8407500276235722,5300.373532279992,4957.232226879423,5300.42137185,5203.160858549998,4731.289398749999,4748.179583449999,4082.062728149999,4196.3033888499995
489748,G06007317,medium,False,2881.0840000000003,0.7130643653791515,1221.3227410700008,1368.927775689999,1221.34118992,1195.61093772,1070.85790012,1886.5625588199998,1710.4367265199999,2551.8675114199996
489789,G06007311,high,False,11551.654999999999,0.7130643653791515,5586.727643018132,5194.698835725245,5586.761800688131,5485.465642088131,4993.837456588131,4965.153729788131,4271.163721588132,4344.044085988132
489792,G06007323,low,True,4338.144,0.7130643653791515,1167.6401465840995,1212.639463735,1167.6513783564,1143.4246257924,1025.8950236094,1196.5239247673999,1030.6041432923998,1225.4870869764002
489823,G06007329,medium,False,12399.853,0.7130643653791515,6234.226668378133,5786.502992105237,6234.306999488132,6122.118110888132,5577.999756588131,5428.611823888132,4660.440941088132,4623.286560788132
489848,G06007306,medium,False,10372.889,0.8407500276235722,5069.968416540001,4758.455164639432,5070.038393649998,4976.602180049998,4523.43399315,4583.312167849999,3943.5423810499988,4096.955847449999
489860,G06007328,medium,False,6717.339,0.7130643653791515,3028.7203240200006,2953.48970701943,3028.743633449999,2969.4464385499987,2681.7857145499984,3122.5349613499993,2716.445651349999,3216.550554349999
489877,G06007308,medium,False,11755.347,0.8407500276235722,5711.794888249997,5311.896557669426,5711.848757049998,5607.709042749999,5102.518682549999,5042.563922449999,4329.373491749999,4373.751009149999
489888,G06007301,medium,False,9032.482,0.7130643653791515,4350.261926798126,4120.428771365236,4350.321059288133,4269.613032188132,3878.2587473881326,4080.376456788132,3527.874957088132,3810.738479388132
490037,G06007326,low,True,4260.436,0.7130643653791515,1161.1217127950993,1205.8087960309997,1161.1309673375997,1137.4210087505999,1022.3816370515999,1198.7308841555998,1036.3331893746,1236.4413939455999
490173,G06007327,medium,False,8797.136,0.7130643653791515,4135.430337828131,3921.034019335237,4135.445609288132,4058.3835943881318,3684.449984688132,3926.617479888132,3398.741817888132,3718.056575488132
490265,G06007316,medium,False,7434.755,0.7130643653791515,3443.5882984481323,3316.797017355241,3443.6092890881323,3378.109947388132,3060.261549988132,3431.5297901881318,2982.825273488132,3419.710168388132
490294,G06007315,high,False,11009.238,0.7130643653791515,5301.261528718131,4944.259446285239,5301.282907288132,5204.755529788132,4736.299027188134,4760.889210188132,4099.576741688133,4220.888393588131
490319,G06007316,low,True,2972.0609999999997,0.7130643653791515,784.7195790987001,838.6941055080003,784.7283364389001,768.1647964599,687.8166689708999,944.0236348059,830.5942969028999,1103.3829114999
490388,G06007327,medium,False,8778.547999999999,0.7130643653791515,4145.825443748121,3932.545823655233,4145.849339488132,4068.5994841881325,3693.825478188132,3934.066210288132,3404.991637688132,3722.539158288132
491136,G06007323,low,True,3659.4750000000004,0.7130643653791515,982.459204965,1032.498385723,982.4700250953001,961.9685234522999,862.5261759723,1074.7839849123,934.3999099623,1167.1797997473
49177,G06007326,low,True,8313.121,0.7130643653791515,2456.1804117552238,2467.4823301556703,2456.197779979523,2410.1295445635233,2186.6328580875233,2113.3945184535232,1797.8964505335234,1770.7594642185231
49182,G06007306,low,True,11809.29,0.8407500276235722,3609.9632580543002,3595.263938118599,3609.9917592794995,3544.1840443904994,3224.9784070035,2931.4380839294995,2480.8062933974993,2253.1013174534996
491895,G06007316,high,False,3146.95,0.7130643653791515,1305.9240913099998,1440.0047432099998,1305.9306857,1278.3156236,1144.3276452999999,1938.7652079,1749.6152710000001,2571.6922302999997
491947,G06007317,high,False,5450.662,0.7130643653791515,2563.343250189836,2554.560769623103,2563.3796734698303,2513.8856805698297,2273.7505566698296,2823.9472264698297,2484.9414408698303,3084.7292379698297
492127,G06007326,low,True,17556.392,0.8407500276235722,5604.397977174023,5547.8727166416675,5604.468741073522,5505.761486980522,5027.021441560523,4366.325042689522,3690.4509992925227,3128.576075971523
49217,G06007315,low,True,7525.031,0.7130643653791515,2184.5808735459236,2201.275257548668,2184.5910917175233,2143.0792199805232,1941.6025730355232,1919.0254196205233,1634.6169215055234,1653.6401030415232
49219,G06007324,low,True,2086.075,0.7130643653791515,562.3393361481001,623.3211763869995,562.3463592558,550.5302584908001,493.1980281018,802.3807609068001,721.4445100848001,1042.4687045568
492291,G06007314,high,False,27231.678,0.7130643653791515,13913.274036548135,12510.010293035242,13913.305373288133,13672.85911598813,12506.062245488132,10923.801971388133,9276.819791588134,7934.952922488132
49231,G06007328,low,True,4755.23,0.8407500276235722,1277.8631046771193,1320.490810992669,1277.882210863523,1251.290771506523,1122.402187486523,1266.8912964135232,1084.9343553315232,1255.9900308375231
49240,G06007324,medium,False,8510.637999999999,0.7130643653791515,4012.655264798134,3816.59617584524,4012.674924888132,3937.6727234881314,3573.685718988132,3838.755393188132,3324.924137288132,3665.1390807881317
492434,G06007308,medium,False,4099.922,0.8407500276235722,1713.4510687600034,1798.7284219600037,1713.46400926,1677.2778929600001,1501.7366793600002,2200.54259836,1952.72936116,2687.74039596
492480,G06007327,high,False,18982.73,0.7130643653791515,9566.203792338132,8694.543558825242,9566.231237288132,9398.473671388132,8584.190950688131,7812.961177588131,6663.490741488133,6060.292041488132
492517,G06007317,high,False,4257.307999999999,0.7130643653791515,1802.165000420001,1876.7199084,1802.1812029799999,1764.59237158,1582.23821258,2265.3574859799996,2007.9246979799996,2728.6789505799998
492696,G06007325,low,True,4387.523,0.8407500276235722,1183.2776630142428,1227.887718330181,1183.2847552266414,1158.7792353486414,1039.8428983536414,1207.2569584626413,1039.3625621916415,1231.3174487016415
492905,G06007315,high,False,9314.174,0.7130643653791515,4443.008403408139,4195.056379615242,4443.053800488133,4360.824297688132,3961.9295377881313,4146.725015988132,3583.623002388132,3850.745412788132
493352,G06007328,low,True,3524.879,0.8407500276235722,918.385184417401,967.471882545,918.3883986711,898.9568162000999,804.6622122020999,1028.7616069821001,895.6482611061001,1139.2016643411
493359,G06007316,high,False,6273.8,0.7130643653791515,2853.4814716781348,2801.383169705241,2853.495280288132,2797.8601057881324,2527.8446409881326,3009.251521488132,2628.086641188132,3165.201988488132
493420,G06007302,high,False,9459.424,1.0497359105206039,4350.227186196264,4118.274243291052,4350.272518726265,4266.047209426265,3857.4429336262647,4019.865545526265,3443.026568826265,3689.7842727262646
493567,G06007315,high,False,6772.876,0.7130643653791515,3079.816094118131,2995.72035426524,3079.8282990881316,3020.4183368881318,2732.0611941881316,3171.2048192881316,2764.141991588132,3262.820675688132
493717,G06007324,high,False,5406.493,0.7130643653791515,2368.888405248128,2373.0214633552378,2368.9033052881323,2321.346320088132,2090.6366363881325,2662.463204788132,2336.7714424881324,2956.182962488132
493740,G06007326,low,True,6859.915000000001,0.7130643653791515,1984.611622573523,2008.9965607986687,1984.6234995855234,1946.4528548985231,1761.1903642965235,1775.930970199523,1514.4039240345232,1567.4052385425232
493803,G06007324,medium,False,4204.304999999999,0.7130643653791515,1750.7533737588105,1829.9020961022727,1750.761706428811,1713.883540828811,1534.9483186288107,2225.929183528811,1973.326808928811,2701.222600928811
494030,G06007306,medium,False,3876.142,0.8407500276235722,1623.8536510199974,1720.5662877599957,1623.86801586,1589.5884133600002,1423.3124856600002,2143.43915526,1908.70005446,2663.1207984599996
494053,G06007314,high,False,6074.656999999999,0.7130643653791515,2799.102763949658,2759.069870865634,2799.1262041196596,2744.4752805196595,2479.2477240196586,2971.6883232196587,2597.2728898196588,3144.4591974196587
494069,G06007312,medium,False,3801.657,0.7130643653791515,1580.3280257505116,1680.5114009095555,1580.3364755305079,1546.981505230508,1385.1480354305081,2115.511649930508,1887.0589788305083,2650.7974776305077
494084,G06007301,low,True,453.943,0.7130643653791515,117.95113818180145,188.12414592300038,117.95144601869998,115.45480333170002,103.33716113070003,516.5773606587001,499.4715644967,915.2131884747
494345,G06007310,low,True,4248.653,0.7130643653791515,1121.2292595231,1165.93942528,1121.2338594303,1097.6942702313002,983.4547437603001,1161.6504843243001,1000.3816560513001,1202.1544110273
494539,G06007315,low,True,5527.352,0.7130643653791515,1555.639339935324,1592.5257305406672,1555.656935923523,1524.6325520925234,1374.1579603005234,1468.9632946185234,1256.5296983205233,1382.3813497305232
494584,G06007310,high,False,8745.384999999998,0.7130643653791515,4107.402904668132,3896.3221667152407,4107.414496888132,4030.832589188132,3659.164112588132,3906.554267688132,3381.8889753881317,3705.9809946881314
494661,G06007302,high,False,6454.814,0.8407500276235722,2954.972170278301,2900.0174439627144,2955.009076438303,2896.3905715383025,2611.9659671383033,3060.240269938303,2658.7145369383024,3165.7056563383026
494752,G06007317,low,True,5864.148999999999,0.7130643653791515,1670.618455410325,1704.937629790671,1670.6327357715234,1637.6961103575231,1477.8899825055232,1551.2467061295229,1325.6518106385233,1431.9729795945232
494844,G06007316,high,False,3542.8809999999994,0.7130643653791515,1481.4665356699993,1593.8333568700004,1481.4737034800003,1450.4029010800004,1299.59758908,2055.3227009800003,1842.43533898,2629.3057748799997
495294,G06007308,high,False,4599.659,0.8407500276235722,1920.90276478864,1978.405260795369,1920.9079005286412,1880.6591709286404,1685.3310202286411,2338.582050028641,2062.842027728641,2756.393525928641
49561,G06007324,medium,False,8864.406,0.7130643653791515,4226.8821779781265,4007.8097562652406,4226.9220220881325,4148.320549288132,3766.9648120881325,3992.070029388132,3453.698639888132,3757.551060288132
495990,G06007313,medium,False,8930.628,0.8407500276235722,4179.819312650001,3961.744394389429,4179.832186049998,4101.333167949999,3720.338379749999,3946.2756419499983,3408.4404611499986,3713.005037349999
496246,G06007307,medium,False,3622.389,0.8407500276235722,1494.35054625,1604.1844492199966,1494.3523444700002,1462.72168577,1309.20928077,2058.7024252700003,1841.9986181699999,2623.16632557
496247,G06007328,high,False,19703.321000000004,0.8407500276235722,9935.047130610004,9022.044404029433,9935.096983649997,9760.422362649999,8912.76236035,8064.808199049999,6868.239602349999,6195.136823049998
496491,G06007313,high,False,10812.896,0.8407500276235722,5334.193034669997,4993.94719352943,5334.264466849998,5236.42072305,4761.822834149999,4772.413821549999,4102.387508749999,4210.921283549998
496498,G06007322,high,False,6427.574999999999,0.7130643653791515,2903.3085183181315,2841.3676706452375,2903.317002288132,2846.8602576881317,2572.8073445881323,3044.899041488132,2658.0371582881316,3186.6934235881317
496533,G06007302,high,False,2565.739,1.0497359105206039,1086.0335238599996,1249.5870587699967,1086.0402067700002,1063.1871212699998,952.19933847,1799.61767177,1642.9546009699998,2513.31100797
496592,G06007310,high,False,18254.327,0.7130643653791515,9243.816523258134,8418.87822808524,9243.889001488133,9081.478223188133,8293.350410488132,7582.265372788133,6469.651085388132,5921.321478288131
496681,G06007310,high,False,6712.415000000001,0.7130643653791515,3036.090398418127,2956.0634881052315,3036.098349488132,2977.4107650881315,2692.6052479881323,3139.914430288132,2737.865159688132,3243.935769788132
49670,G06007301,low,True,1773.897,0.7130643653791515,484.85551446990223,548.3351340460013,484.8636080673,474.7026729123,425.4061423563,753.0912032853,683.4964850643,1021.3606829193001
49674,G06007316,low,True,4601.822,0.7130643653791515,1231.0252593466714,1272.9216924290788,1231.0330523521723,1205.5444219471722,1081.8698031661722,1238.3477056861723,1063.7585011411725,1245.7635110641722
496765,G06007302,medium,False,1186.8159999999998,0.8407500276235722,489.6283252799997,724.0489596,489.62963888,479.2663160799999,428.96763608000003,1416.02407528,1345.02021128,2342.45948848
496827,G06007325,high,False,6333.197,0.8407500276235722,2785.7977766199974,2735.334782539431,2785.80101485,2730.598087449999,2462.6309739499993,2948.6850465499992,2570.4114689499993,3111.7876600499985
496850,G06007328,high,False,4225.968,0.8407500276235722,1862.4675855013518,1930.924255774059,1862.4838408613584,1825.000063961358,1643.0412333613579,2327.0909097613576,2070.2266169613576,2791.886629261358
496923,G06007317,medium,False,9994.762999999999,0.7130643653791515,4813.694643088134,4521.935147215239,4813.745333488132,4725.328230488132,4296.406096388133,4411.990695488132,3806.455930988132,4010.6397135881316
496943,G06007329,high,False,13306.035,0.7130643653791515,6608.085176468128,6102.375593035244,6608.127697288133,6489.755041888131,5915.317336688133,5696.102266488131,4885.185223588132,4784.523022388132
496964,G06007327,high,False,3267.356,0.7130643653791515,1347.8406625399975,1475.7446830400006,1347.8406874799998,1319.31724988,1180.8565406799999,1964.9861777800002,1769.52359278,2582.2298004799995
497171,G06007325,medium,False,10575.774,0.8407500276235722,5117.9143182900025,4793.456767829435,5117.953672649999,5023.773129849999,4566.704289349999,4617.5931387499995,3972.3625159499998,4117.6459298499985
497174,G06007326,high,False,11881.97,0.7130643653791515,5828.015549118129,5414.390912025237,5828.060054688132,5722.704482988132,5211.5271858881315,5137.865152488132,4416.237382988132,4448.080275788132
497433,G06007325,low,True,4521.258,0.8407500276235722,1190.3556557962509,1232.9605444255901,1190.361868282951,1165.354334857951,1044.021533050951,1205.8873393369508,1034.602172563951,1221.499357081951
497526,G06007327,high,False,8917.517,0.7130643653791515,4361.063176298134,4137.783198525242,4361.116375688132,4280.265729388131,3888.0013489881317,4088.135453188132,3534.3707593881322,3815.442274288132
497643,G06007308,high,False,8712.582999999999,0.8407500276235722,4072.9494005199995,3869.040247259426,4072.9731928499987,3996.2318580499987,3623.9172307499994,3869.8062824499993,3344.1978792499986,3666.8973248499988
497739,G06007310,medium,False,13241.216,0.7130643653791515,6599.715119258135,6098.2632905652445,6599.802376688132,6481.528191388132,5907.791958688133,5690.101900688132,4880.113373988132,4780.977044988133
498313,G06007301,high,False,7104.661,0.7130643653791515,3296.6965033581323,3191.0496749452464,3296.7160854881317,3233.6732534881316,2927.723187388132,3326.419002388132,2894.523864188132,3356.3611085881316
498332,G06007316,high,False,5379.29,0.7130643653791515,2358.997534078129,2364.7679288852364,2359.0107778881325,2311.6271432881317,2081.719457988132,2655.388963588132,2330.8250756881316,2951.925625888132
498359,G06007316,medium,False,2808.931,0.7130643653791515,1254.7902029500058,1397.1441719600007,1254.7941610500002,1229.91534465,1109.0568752500003,1933.73489295,1763.14303565,2612.8300784499997
498375,G06007302,low,True,10457.839,0.8407500276235722,3045.771255899147,3043.759649798737,3045.799670335547,2987.631526966547,2705.4751915965467,2497.2088951365467,2098.887888367547,1948.842785749547
498395,G06007310,high,False,5224.136,0.7130643653791515,2295.9612932481236,2311.9519065152413,2295.9957414881324,2249.615973088132,2024.8198524881323,2610.281593088132,2292.929272688132,2924.717705588132
498401,G06007306,high,False,7588.916,0.8407500276235722,3439.3588032,3307.7826310594332,3439.3612228499996,3373.250169349999,3052.2834770499994,3416.382530349999,2963.302955449999,3393.663845449999
498525,G06007311,high,False,9805.737000000001,0.7130643653791515,4649.8889275681395,4370.41781163524,4649.8904808881325,4564.261018488132,4148.611853288132,4294.766234588133,3708.016221288132,3939.9351537881316
499761,G06007308,high,False,14274.444,0.8407500276235722,6906.949447150001,6344.621706049436,6906.911485249999,6782.880776649998,6180.720480649999,5897.839028149999,5047.932294749999,4889.033779449999
499964,G06007316,medium,False,4979.968,0.7130643653791515,2167.478795218129,2199.141428745239,2167.502310688132,2123.2967454881323,1908.9233947881316,2518.334838588132,2215.689533488132,2869.324706488132
500027,G06007311,medium,False,7490.711,0.7130643653791515,3477.22834699813,3347.0735791052384,3477.2530834881322,3411.184924588132,3090.611662088132,3455.589513588132,3003.042114788132,3434.223154888132
500254,G06007314,high,False,8338.256000000001,0.7130643653791515,3873.5897664881336,3688.8258823552405,3873.593433888132,3800.912834688132,3448.191696488132,3739.235921288132,3241.3417876881317,3605.109580588132
500435,G06007308,high,False,3638.8790000000004,0.8407500276235722,1506.433409539995,1615.3234816099994,1506.43673837,1474.57363907,1319.9341565700001,2066.83808477,1848.5382897700001,2627.34659337
500441,G06007326,high,False,14883.109,0.7130643653791515,7440.00175013813,6832.855914085245,7440.077541088131,7307.748327988131,6665.893891588132,6291.439855388133,5385.291269988133,5143.298522788131
500734,G06007301,medium,False,7642.646000000001,0.7130643653791515,3590.563742888128,3450.0781644752446,3590.5875836881323,3522.643337088132,3192.8618361881317,3536.713888088132,3071.176257288132,3483.1248443881314
500853,G06007315,medium,False,7601.737999999999,0.7130643653791515,3529.085384698133,3391.700141985241,3529.106328088132,3462.1586646881315,3137.3859231881315,3492.7190443881314,3034.2356286881322,3456.5462541881316
500902,G06007324,medium,False,6708.639999999999,0.7130643653791515,3068.1274822281284,2988.101993555238,3068.147928888132,3008.9238447881316,2721.512994488133,3162.8450333881315,2757.1120809881318,3257.788307488132
500982,G06007314,high,False,9691.481,0.7130643653791515,4649.295566468127,4377.223724575234,4649.340007688132,4563.621871388132,4148.003213388132,4294.367876388133,3707.666417288132,3939.630155688132
5012,G06007314,medium,False,3751.551,0.7130643653791515,1585.0257961699997,1686.7105299500006,1585.03928322,1551.83187992,1390.7143307200001,2122.72216112,1895.2717333199998,2660.52997012
501227,G06007311,high,False,13270.447,0.7130643653791515,6446.769133668138,5943.5774644952435,6446.795734488131,6331.160244188133,5769.783719688132,5580.611634988132,4788.181026688133,4714.975418988131
501232,G06007327,high,False,1691.791,0.7130643653791515,699.3679903900014,907.9393875000014,699.3701507300001,684.5719638300001,612.7584141300001,1550.2960391299998,1448.91907923,2401.27381123
501249,G06007307,low,True,4964.133,0.8407500276235722,1324.676407692023,1364.617713613091,1324.6866929271205,1297.1272094931205,1163.4120368391207,1296.7756841391206,1108.0053259431206,1268.9713907991206
501526,G06007310,medium,False,10204.195,0.7130643653791515,4995.815554678129,4689.926571625241,4995.869195488132,4904.419330788132,4460.704255988132,4542.347814588131,3915.9452855881323,4089.206874588132
50159,G06007329,medium,False,767.096,0.7130643653791515,316.47081272000224,572.3707649600003,316.47158888,309.77339288,277.26284928000007,1305.26142568,1259.36822088,2294.0777892799997
50169,G06007330,medium,False,3651.9530000000004,0.7130643653791515,1521.7292625499986,1629.798520620002,1521.7389079699997,1489.6184554700003,1333.77635847,2077.89403757,1857.8865540699999,2634.17329837
501811,G06007325,medium,False,8143.392,0.8407500276235722,3802.2963860399977,3634.840103039434,3802.330399649999,3730.1158931499986,3379.71709535,3676.116918849999,3181.474035349999,3550.215214349999
501872,G06007310,high,False,14172.909,0.7130643653791515,7025.641377248134,6464.477381015242,7025.688266688132,6900.323236388131,6292.052553788133,5994.895072288131,5136.199299788132,4964.588697588131
501875,G06007308,high,False,10460.321,0.8407500276235722,5042.126019539997,4725.496902019432,5042.159576649999,4949.228657749999,4498.331119149999,4563.358905349999,3926.817544749999,4084.915069149999
502103,G06007326,medium,False,11186.28,0.7130643653791515,5461.457526848131,5092.654936495241,5461.502032488132,5362.272295088131,4880.820002088132,4875.552753788132,4195.876142988132,4289.997062688131
502160,G06007314,high,False,9846.106,0.7130643653791515,4730.38260751813,4447.993636865242,4730.4166638881325,4643.415136788131,4221.226632988133,4352.377066688132,3756.383163388132,3974.699442488132
502208,G06007323,medium,False,6494.610000000001,0.7130643653791515,3040.3294633096593,2970.2967411861982,3040.3465234096593,2982.0626207096593,2699.06120720966,3150.64489190966,2751.1676073096596,3261.1867241096597
502231,G06007313,medium,False,12267.563,0.8407500276235722,6001.454363459998,5568.056535979438,6001.506297249999,5892.534499649999,5363.848726949998,5249.875330149999,4503.5158019499995,4498.671620449999
502291,G06007311,high,False,8767.734,0.7130643653791515,4222.210680698125,4008.911627705242,4222.245539088133,4143.742843888131,3762.7348106881323,3988.740582588132,3450.8931830881315,3755.5580621881318
502293,G06007315,medium,False,9127.292,0.7130643653791515,4401.504934348133,4165.361009935237,4401.547382688132,4320.021702988133,3924.501544688132,4117.044737888133,3558.6816998881322,3832.8571357881315
502432,G06007327,high,False,13305.282,0.7130643653791515,6510.356519438134,6004.972961105237,6510.342859888131,6393.641165688132,5827.098709088132,5626.158433088132,4826.4806425881325,4742.270250588132
502511,G06007313,medium,False,7516.882,0.8407500276235722,3489.3999483915263,3361.35060189982,3489.4292669015263,3422.5611410015263,3098.002568901526,3453.876228101526,2995.706761201526,3418.6245067015257
502769,G06007302,high,False,2432.919,0.8407500276235722,1052.2373978600065,1222.4625794700007,1052.24646797,1030.1994087699998,923.1339987700001,1779.6029124699999,1628.4765128699999,2507.05898477
502887,G06007306,high,False,8313.89,0.8407500276235722,3931.148699610003,3752.4833664494286,3931.1882668499984,3856.814651849999,3495.972624349999,3768.344281249999,3258.940274049999,3605.789088749999
502943,G06007313,low,True,4148.374,0.8407500276235722,1080.945419626473,1125.6912175459108,1080.9483015740793,1058.0879409530794,947.1455636450794,1132.9252092440793,976.3105844060793,1184.9817938330793
503025,G06007312,high,False,7428.231,0.7130643653791515,3446.7484997981323,3320.734486165243,3446.781405888132,3381.1830442881324,3063.0877730881316,3433.793852088132,2984.734607088132,3421.0285556881317
503039,G06007307,high,False,6535.7080000000005,0.8407500276235722,2976.43674069,2912.399612369429,2976.4652822499993,2918.049813649999,2634.611624349999,3085.140842849999,2685.013314249999,3194.0285586499986
50309,G06007330,high,False,9775.914,0.7130643653791515,4683.925920468133,4406.384109495233,4683.958042688131,4597.701098788131,4179.300847888133,4319.143182888132,3728.477966688132,3954.600469988132
503226,G06007327,high,False,9259.567,0.7130643653791515,4534.915771248132,4289.695639355241,4534.969817688132,4451.216376188131,4044.8535018881316,4212.535916988132,3638.8779908881324,3890.428267588132
503255,G06007316,medium,False,3185.46,0.7130643653791515,1320.5279122100003,1452.7362882499992,1320.5369714,1292.5989419,1157.0827711,1948.0061064,1756.7020491,2575.5717142999997
503309,G06007323,high,False,2856.1639999999998,0.7130643653791515,1179.5004942599976,1328.4857587799993,1179.5054697199998,1154.54196362,1033.39948862,1857.4011413199999,1686.3893663199997,2535.3924134199997
50336,G06007301,medium,False,3490.6770000000006,0.7130643653791515,1444.5482840200013,1561.0697221500018,1444.55403491,1413.9914434099999,1265.69392161,2027.19477551,1817.84696311,2609.93979511
503424,G06007313,low,True,808.176,0.8407500276235722,217.8728788130997,286.44733697300074,217.8739464804,213.2983317024,191.08554449040003,581.0902509054,549.7333991904001,944.3289687774001
50348,G06007307,high,False,12952.742999999999,0.8407500276235722,6507.985399419989,6029.578460299446,6508.076635049999,6390.618076249998,5820.844660249999,5612.396754349998,4808.006297149998,4717.198216049998
503702,G06007330,high,False,10735.706,0.7130643653791515,5298.890425578131,4958.793100145247,5298.9644480881325,5202.400585088133,4734.133013088132,4759.255245588132,4098.151762888132,4219.881166688132
503877,G06007330,high,False,15348.819,0.7130643653791515,7830.605636208133,7193.038570735236,7830.744500288132,7691.814528688132,7018.285952688131,6570.991099088133,5620.081529588133,5311.814348288131
50407,G06007302,high,False,7358.992,0.8407500276235722,3187.3902447472815,3090.7544405513113,3187.4101215572837,3122.6611612572833,2808.4784928572835,3188.272948357283,2744.775129257283,3189.354567357283
504177,G06007317,medium,False,8655.617,0.7130643653791515,4055.7115417281316,3850.2948571552383,4055.7198310881317,3980.016565088132,3612.5428030881317,3869.564311388132,3350.810901688132,3683.7032978881316
504247,G06007310,high,False,6524.5869999999995,0.7130643653791515,2962.6327147881284,2894.628298035243,2962.644568688132,2905.178116388132,2626.3323895881317,3087.3571134881317,2693.708233388132,3212.2564009881316
504267,G06007313,medium,False,3924.145,0.8407500276235722,1626.5142426999992,1720.816837990001,1626.52102875,1592.1216121500001,1425.1993378499997,2143.83184755,1908.1899249500002,2661.26143005
504643,G06007316,medium,False,5339.793,0.7130643653791515,2342.434380538132,2350.7712825452404,2342.4492270881324,2295.342786288132,2066.774131588132,2643.531758888132,2320.864081288132,2944.789873188132
504861,G06007325,medium,False,7417.192,0.8407500276235722,3451.9595171899955,3331.0055372294287,3451.980460849999,3385.6488725499985,3063.6420485499993,3425.4211290499998,2970.8716704499993,3399.139746749999
504864,G06007315,low,True,5006.98,0.7130643653791515,1358.4855174966444,1396.884542379158,1358.4925493361443,1330.7946334821445,1196.3749906071446,1328.1216509271444,1138.3637906001445,1297.8617284671445
505017,G06007322,high,False,13909.108,0.7130643653791515,6953.060431178124,6408.252718945238,6953.1358610881325,6828.951707588132,6226.537829288132,5942.988374188133,5092.560518688131,4933.308508188132
505057,G06007301,medium,False,10798.2,0.8407500276235722,5248.287039948127,4904.58283595524,5248.330992488132,5152.657364388133,4688.487975088132,4723.002807188132,4067.728217188132,4198.051759488132
505106,G06007323,high,False,5381.862999999999,0.7130643653791515,2353.7870068781344,2359.517526665241,2353.7992164881316,2306.4986208881323,2077.015003488132,2651.6559203881316,2327.694204988132,2949.6695489881317
505384,G06007301,high,False,15268.358,0.7130643653791515,7640.594885738132,7008.471624545242,7640.6645738881325,7505.021495988132,6846.892702988132,6434.971095188133,5505.862848888133,5229.860179088131
505459,G06007315,low,True,7649.787999999999,0.7130643653791515,2239.9981110537274,2257.288835294669,2240.012428723523,2197.5556633935234,1991.5994289795233,1958.6950041555228,1667.9415751335232,1677.517231057523
50556,G06007323,low,True,7838.954000000001,0.7130643653791515,2300.6964702570226,2316.1439907096687,2300.7110001675233,2257.252112296523,2046.3709340265232,2002.1240186865234,1704.4217168175232,1703.7179340825232
50557,G06007310,high,False,7383.433000000001,0.7130643653791515,3396.9610451681324,3273.68470909524,3396.977993888132,3332.2575212881316,3018.194910388132,3398.1532562881316,2954.795658388132,3399.590585588132
505575,G06007307,high,False,8683.443,0.8407500276235722,4080.8514791899925,3879.1392542494273,4080.902283049999,4003.9665195499992,3631.0114179499997,3875.460864649999,3348.9459417499993,3670.278657149999
505593,G06007329,high,False,11759.652999999998,0.7130643653791515,5700.805270618133,5295.427436265245,5700.8300144881305,5597.603069488132,5096.756499088131,5046.8256402881325,4339.782471688131,4393.162153388132
505688,G06007306,medium,False,8928.447,0.8407500276235722,4231.545955439992,4013.4160411194257,4231.57859305,4152.205671549998,3767.0027914499988,3983.2916255499995,3439.5178531499996,3735.359552849999
50576,G06007317,medium,False,4207.485999999999,0.7130643653791515,1752.0723425889842,1831.2821013391765,1752.0809045189812,1715.1417230189813,1535.906853118981,2226.206696118981,1973.184945818981,2700.460096318981
506056,G06007322,medium,False,4274.1630000000005,0.7130643653791515,1774.5021363089763,1849.9228123791686,1774.5108933589809,1737.130826558981,1555.756349958981,2241.126609258981,1985.0848390589808,2707.877843758981
506301,G06007316,medium,False,3059.837,0.7130643653791515,1283.7190037999992,1422.2371170899978,1283.7330389100002,1256.6370125100002,1125.2307076100003,1925.60961851,1740.09341611,2567.57425591
506311,G06007313,low,True,4625.195,0.8407500276235722,1242.9910759275615,1286.925796436272,1243.0052552997618,1217.0752393347618,1091.303049917762,1242.959864522762,1065.399849617762,1243.0091747157621
506379,G06007314,low,True,3142.434,0.7130643653791515,821.9635319322002,874.0259404800009,821.9697929226002,804.5853170796001,720.2563897535999,967.3117171626001,848.2706670486,1112.7102202536
506435,G06007329,high,False,7363.693,0.7130643653791515,3444.070406798131,3321.6962862452415,3444.103028488132,3378.5898322881326,3060.6961383881317,3431.879295688132,2983.106245888132,3419.944540688132
506515,G06007311,high,False,15984.333,0.7130643653791515,8053.804551038138,7375.251538965247,8053.87254768813,7911.33879268813,7219.682208188131,6730.67514448813,5754.268222288132,5408.084720888131
506517,G06007326,high,False,13990.518,0.8407500276235722,6860.928699628132,6311.082025555241,6860.948859488131,6738.389516288133,6143.429240888132,5877.018316588132,5037.181436988132,4893.559045588132
506557,G06007312,medium,False,2937.865,0.7130643653791515,1223.8865023500002,1368.6725535600006,1223.8954191500002,1198.03116515,1072.5625763500002,1886.6101677499998,1709.4846176499998,2549.41131715
506639,G06007317,low,True,5723.972000000001,0.7130643653791515,1592.2060832652232,1624.335584665668,1592.2127229675232,1560.5963442015232,1407.1527555045234,1495.1208359655234,1278.5116642425232,1398.1522804725232
50673,G06007322,high,False,4980.42,0.7130643653791515,2185.0427816398324,2214.3854074530977,2185.05753782983,2140.86473052983,1926.38979692983,2535.60485492983,2232.83685522983,2886.3258921298298
508065,G06007307,medium,False,16472.17,0.8407500276235722,8107.829149320001,7403.22339467943,8107.852055449999,7963.755875249999,7264.252756449999,6757.196809249999,5769.776598349999,5407.114525949998
508102,G06007310,low,True,3006.1290000000004,0.7130643653791515,795.6001268712006,849.1615806799971,795.6065708388,778.8800125008,697.7166813288,952.0434642018001,837.4664711748001,1108.5513932148
508284,G06007329,medium,False,6624.795,0.8407500276235722,2982.4562583181278,2908.043333025233,2982.456747888132,2924.679316088132,2644.223458288132,3101.5322193881316,2705.624203188132,3220.807210688132
508432,G06007301,low,True,6919.996999999999,0.7130643653791515,2036.9474343531424,2064.09575314976,2036.9689156584438,1997.9245056384439,1808.4741817644438,1813.610102003444,1546.1645120814442,1590.406539500444
508663,G06007307,medium,False,3612.103,0.8407500276235722,1485.4961084599997,1595.7812367699999,1485.49539729,1454.04085799,1301.33742349,2052.68824869,1837.1258936899999,2620.00009619
508924,G06007316,high,False,8172.599,0.7130643653791515,3859.064690628134,3684.3430932352394,3859.097304088132,3786.6603388881317,3435.1068882881323,3728.856114688132,3232.580138988132,3598.9327517881316
509081,G06007308,high,False,14889.234,0.8407500276235722,7306.060224169999,6704.122526429428,7306.092573849999,7175.342442849998,6540.8901163499995,6183.443439549999,5287.799408749999,5061.284045449998
509350,G06007315,medium,False,7343.747,0.7130643653791515,3449.8188527081325,3328.5684495752366,3449.8440678881316,3384.246080788131,3065.871144988132,3435.999265988132,2986.5689442881317,3422.421465988132
509391,G06007302,high,False,9358.566,0.8407500276235722,4265.525874476269,4040.683235271037,4265.573754326265,4182.721480826264,3781.0031614262653,3959.2441126262647,3392.121297726265,3653.190087326265
509561,G06007302,medium,False,14160.435999999998,0.8407500276235722,6871.4475037562615,6337.140062311048,6871.551256726266,6745.098839726265,6132.091067526265,5824.070139226265,4958.663786126265,4777.111607226265
509697,G06007325,high,False,7065.928,0.8407500276235722,3257.3983160299995,3159.143284829429,3257.4301950499994,3194.3221836499997,2888.10632585,3286.200082449999,2853.9115866499988,3315.2115327499987
50972,G06007328,low,True,5408.483,0.8407500276235722,1478.7474548988644,1514.175579507849,1478.7544029105643,1448.8111744275645,1303.5362626245644,1410.3504420495647,1205.2855570875645,1342.0304276805646
509842,G06007302,low,True,4215.249,0.8407500276235722,1097.464817288702,1141.8080150120036,1097.4682296081,1074.2438882510999,961.5482012241001,1143.2821652390999,984.1914872481001,1189.1834989431
509919,G06007313,high,False,7821.298000000001,0.8407500276235722,3697.8760650300046,3550.8621483894267,3697.920047249999,3627.429423849999,3285.4791656499992,3601.4186118499993,3118.7108558499995,3505.173706849999
510016,G06007330,low,True,10944.741,0.7130643653791515,3409.9631194218186,3407.892292535664,3410.0048657355237,3347.9885889375237,3047.156500051524,2795.962338058523,2371.264017844523,2182.1452244445236
510040,G06007311,low,True,386.00199999999995,0.7130643653791515,100.342099897201,170.99178419400045,100.34237106179998,98.21860489979998,87.91092957779999,505.3173014658,490.76659290180004,910.3005110778
510053,G06007313,high,False,13099.525000000001,0.8407500276235722,6399.721595110002,5912.9625014494295,6399.7660488500005,6284.122986649999,5723.155386549999,5534.883782049998,4742.957264349999,4670.375417449999
510124,G06007302,high,False,1549.143,0.8407500276235722,657.9900267700036,873.6981866600006,657.99553789,644.15773379,576.9633162900001,1525.15539399,1430.30539069,2392.38901189
510130,G06007329,high,False,5517.216,0.7130643653791515,2422.825725198132,2419.811096705239,2422.8329732881325,2374.396403788132,2139.310013388132,2701.052414488132,2369.191843388132,2979.462384188132
510185,G06007314,high,False,7971.173000000001,0.7130643653791515,3716.4462539481315,3555.2952956352387,3716.468282088131,3646.394780688132,3306.4301045881325,3626.788531488132,3146.862704188132,3537.3621310881317
51035,G06007312,high,False,3301.161,0.7130643653791515,1366.628228290001,1492.8138463199994,1366.6332660299997,1337.7210340299998,1197.43009913,1977.3738339299996,1779.3335018299997,2588.2063653299997
510358,G06007316,low,True,3109.8510000000006,0.7130643653791515,825.2012377286995,878.7586431539999,825.2094548439,807.8093341478999,723.4043776659,970.2734676249,851.1173487039,1115.4006418119
510647,G06007325,high,False,17018.13,0.8407500276235722,8543.64163209001,7803.443954489442,8543.69498165,8392.27345865,7657.447618349999,7069.117547049998,6031.778727049998,5595.083074549999
510754,G06007312,high,False,4191.957,0.7130643653791515,1768.7367604799983,1847.7001305700012,1768.75141403,1731.6840348299997,1551.8430699299997,2240.74754443,1986.85791123,2712.87445733
510902,G06007322,low,True,5467.629999999999,0.7130643653791515,1503.6757040013256,1537.675377682661,1503.6845520615227,1473.5319275805232,1327.266878230523,1431.7679008935233,1225.2955693455228,1359.951193555523
510903,G06007308,high,False,6604.163,0.8407500276235722,2948.234937920005,2880.302024099426,2948.2496890499997,2890.3065698499986,2609.17497045,3064.939379649999,2668.0666162499992,3181.828197249999
510913,G06007330,high,False,5174.236000000001,0.7130643653791515,2259.7570794381304,2278.790652245238,2259.7765230881323,2214.0430370881318,1992.1807446881326,2584.367960988132,2271.160534288132,2909.1326419881316
510923,G06007308,high,False,15712.7,0.8407500276235722,7851.222009999998,7195.50488371943,7851.302419649999,7711.411017649998,7032.75022095,6573.598281649998,5615.500627149999,5296.479479749999
511165,G06007312,low,True,7305.883,0.7130643653791515,2114.344244872522,2133.2288375686694,2114.3520471075235,2074.0070481405232,1878.2348495325232,1868.7679835175231,1592.401931338523,1623.3302288595232
511333,G06007322,medium,False,7215.255,0.7130643653791515,3308.952307768134,3196.4753061152405,3308.962284888132,3245.728329088132,2938.795916288132,3335.168982988132,2901.887406288132,3361.644303388132
511335,G06007310,low,True,400.852,0.7130643653791515,104.19615811080106,174.7426085440007,104.19642926280001,101.9910993948,91.28743568280001,507.7821514548,492.67238441880005,911.3765610948001
511417,G06007315,medium,False,4597.0740000000005,0.7130643653791515,1930.3168581493196,1986.2667159623998,1930.31912281932,1890.1543706193197,1695.1766393193197,2349.23046171932,2073.9875296193195,2768.29261351932
51156,G06007326,low,True,8939.533,0.7130643653791515,2718.182527312226,2730.019357215666,2718.208992169523,2667.7679949195235,2423.0297469345232,2300.8985430705234,1955.3951070585235,1883.7902522145232
511618,G06007314,medium,False,10137.036,0.7130643653791515,4842.037742028133,4540.563648335241,4842.057905288131,4753.233463088132,4321.968973888132,4432.271308688132,3823.497212088132,4022.8816156881317
511701,G06007325,medium,False,11534.231000000002,0.8407500276235722,5658.375115809995,5271.985511689431,5658.421447049999,5555.1924804499995,5054.310786749999,5004.377723149999,4297.278570249999,4350.715073749999
511702,G06007310,low,True,3434.754,0.7130643653791515,892.6957730057818,942.1341234969088,892.7004664238793,873.8072021318794,782.1509302778795,1012.3304651378793,882.9456936848794,1132.0254881678793
511739,G06007307,high,False,6661.621999999999,0.8407500276235722,3036.5804133515285,2963.6278560598184,3036.611500181526,2977.326269881526,2689.659288481526,3130.422349781526,2724.323453881526,3224.494797681526
511796,G06007310,medium,False,4349.849,0.7130643653791515,1826.5522673786413,1896.984270645375,1826.562645708641,1788.3179657086407,1602.7696369086411,2278.5389512086413,2016.6007464086408,2730.639390808641
511857,G06007313,high,False,9864.207999999999,0.8407500276235722,4676.64460961,4398.787824589441,4676.681097849998,4589.821952949998,4168.561406249999,4301.811104149999,3707.1135179499997,3927.237503549999
511927,G06007328,high,False,10507.518,0.8407500276235722,5117.671098800003,4797.318437539433,5117.718390449999,5023.535122149999,4566.47575815,4617.435256149999,3972.2170580499997,4117.5504467499995
511958,G06007317,low,True,6955.775,0.7130643653791515,2002.7118177978225,2024.9162588936686,2002.7203918395235,1964.2381802115228,1777.5114516105232,1788.8859464715233,1525.2943679415234,1575.1837738875233
512015,G06007324,medium,False,15053.053,0.7130643653791515,7513.106138628131,6894.588609115235,7513.161748088132,7379.686713088131,6731.859442988132,6343.728576288133,5429.215470988132,5174.903174488132
512226,G06007315,medium,False,12573.571,0.7130643653791515,6299.266524928133,5840.803320775241,6299.353382288133,6186.077066188131,5636.685644588133,5475.1161280881315,4699.516265788132,4651.364269588132
512462,G06007330,medium,False,8811.387999999999,0.7130643653791515,4290.869336788137,4074.2140084152493,4290.903837488133,4211.260465088133,3824.654939788132,4037.898778088132,3492.1766920881323,3785.1742694881314
512565,G06007307,low,True,7145.65,0.8407500276235722,2078.6889762072024,2103.931831105602,2078.707723879499,2038.5136691324992,1843.4404800945,1835.6377620404996,1560.2592469574993,1592.7334199564993
512778,G06007311,high,False,14607.905999999999,0.7130643653791515,7410.787466108133,6820.629173275234,7410.875989288132,7279.042241888132,6639.525040288132,6270.564886388132,5367.725195188132,5130.751677888133
512909,G06007312,high,False,7739.355,0.7130643653791515,3604.6498447181325,3458.2421653452398,3604.6688046881322,3536.474388688132,3205.572627188132,3546.793874988132,3079.656746988132,3489.156452188132
512978,G06007325,medium,False,8740.408,0.8407500276235722,4131.425411669999,3925.403925369431,4131.453274049999,4053.746888149999,3676.674514549999,3911.6589033499986,3379.3443243499987,3692.1513789499986
513107,G06007324,high,False,11426.66,0.7130643653791515,5553.487192538134,5169.731751985239,5553.532647288133,5452.731845788132,4963.829250188133,4941.3994409881325,4251.2112652881315,4329.632144788132
513112,G06007301,low,True,2039.335,0.7130643653791515,533.4784966728004,593.0087698290008,533.4813680175001,522.2018061225001,467.47351277550007,782.6414909655001,705.3818991015,1031.8396405245
513126,G06007323,high,False,15963.771999999999,0.7130643653791515,8024.319883278133,7347.812719505238,8024.420474488132,7882.289567488131,7193.0540543881325,6709.569891688132,5736.543800788131,5395.308493188131
513303,G06007326,low,True,706.4380000000001,0.7130643653791515,183.4984510946993,251.91213326300033,183.49886617020007,179.6142329982,160.76140437420003,558.4997937252,531.8863319622001,933.5150123262
513307,G06007310,medium,False,2578.0660000000003,0.7130643653791515,1069.655501200001,1232.8591288799985,1069.66110778,1047.04106038,937.29017608,1787.51176108,1632.57716528,2505.4392987799997
513463,G06007310,medium,False,5324.0560000000005,0.7130643653791515,2327.2951178181297,2336.6471207052414,2327.310540288132,2280.4579020881315,2053.1176133881318,2632.696198988132,2311.760749488132,2938.2634510881317
513468,G06007314,medium,False,12785.328000000001,0.7130643653791515,6268.161872748131,5796.291126135235,6268.204997888131,6155.529124188131,5608.6657042881325,5452.814382488132,4680.810228088132,4637.959233788132
513484,G06007307,medium,False,6097.812,0.8407500276235722,2726.3433533710177,2689.7646520596954,2726.354348141017,2672.249406841017,2409.5449636410176,2907.821964741017,2536.999064041017,3089.507279541017
513551,G06007301,low,True,11013.243,0.8407500276235722,3411.634744153524,3407.067260628664,3411.6734025915234,3349.626354073523,3048.6601558905236,2797.138036750523,2372.2657224435234,2182.8575333775234
513583,G06007330,medium,False,4278.052,0.7130643653791515,1820.5264846399996,1892.6939900099997,1820.5385624700002,1782.7880079699999,1599.59399097,2280.7905335699998,2022.17922907,2741.18965097
51359,G06007315,medium,False,3352.7129999999997,0.7130643653791515,1414.9046189099995,1537.9583729300011,1414.91837916,1385.14875016,1240.71595416,2011.1300891600001,1807.23195996,2607.45205476
513614,G06007327,low,True,3881.6369999999997,0.7130643653791515,1033.9019154513,1080.8557623570018,1033.9065660798,1012.3929543797999,907.9588361088,1108.7346124938001,961.3110756738001,1183.6495247568
513715,G06007310,medium,False,13475.664,0.7130643653791515,6630.795790648135,6114.208273095248,6630.8373138881325,6512.112033288133,5935.845597688132,5712.329279388132,4898.812948988132,4794.3598593881325
513822,G06007306,low,True,2132.7609999999995,0.8407500276235722,555.2866708704005,613.9044167969985,555.2877337749001,543.5383461038999,486.5157958059,796.4023155339,715.9062003519,1037.5568640519
514296,G06007301,high,False,8705.024,0.7130643653791515,4108.719880788134,3900.3205569752413,4108.744632488133,4032.112456088132,3660.3409731881316,3907.5024204881315,3382.681228888132,3706.539289588132
514356,G06007330,medium,False,4423.645,0.7130643653791515,1850.2148940488066,1915.8672307222719,1850.220093118811,1811.595228318811,1624.1602478188108,2295.603419218811,2031.018648018811,2741.116667218811
51442,G06007325,low,True,4533.235000000001,0.8407500276235722,1202.9621756928414,1246.6109789211823,1202.9738542737412,1177.7185105377414,1055.2037877807413,1214.3547098667414,1041.3962860887414,1225.8303259647414
51467,G06007328,medium,False,6635.361,0.8407500276235722,2967.191278350002,2897.2396507894305,2967.207935049999,2908.944464549999,2626.276037249999,3078.5063541499994,2679.4625404499984,3190.0024420499985
514688,G06007330,medium,False,6729.658,0.7130643653791515,3068.7452852881274,2987.738160675239,3068.7717756881316,3009.500470988132,2722.0526814881323,3163.2874590881324,2757.4943074881317,3258.008044488132
51491,G06007327,high,False,7791.868,0.7130643653791515,3643.0324897081277,3493.2218208952363,3643.0636998881323,3574.194338888132,3240.1704928881322,3574.272112288132,3102.7367560881316,3505.683766388132
514921,G06007311,high,False,9182.206,0.7130643653791515,4365.0658515281375,4125.340746175243,4365.089817088132,4284.207602988132,3891.6313195881326,4090.9542037881315,3536.773657988132,3817.1440030881317
514969,G06007326,high,False,8667.153999999999,0.7130643653791515,4123.677020618134,3917.160900865238,4123.696394288132,4046.8468087881315,3673.842149488132,3918.220339988132,3391.670124288132,3713.0287071881316
514994,G06007324,high,False,25078.85,0.7130643653791515,12918.131331268141,11653.321658075241,12918.263405688132,12694.360534588131,11608.358459488132,10211.693171388131,8678.506063588133,7505.933431888132
515053,G06007314,low,True,2684.1679999999997,0.7130643653791515,704.0107340469011,759.3774329189981,704.0150319132001,689.1370488071999,616.9542389892,891.9493426542,790.0483995732002,1079.9324405322
51575,G06007301,high,False,13946.019999999999,0.7130643653791515,6804.54616332813,6258.227159835238,6804.556281488132,6682.931615988131,6092.582984788132,5836.653693688131,5003.296031688131,4869.205818688131
516232,G06007322,medium,False,7159.43,0.7130643653791515,3292.0626969081322,3183.1954276152396,3292.0806854881316,3229.1076001881315,2923.551101788132,3323.092936888132,2891.7390372881323,3354.3447966881317
516240,G06007307,high,False,9550.351,0.8407500276235722,4588.54407032,4330.290755559429,4588.588562849999,4503.235991349999,4089.093839549999,4238.771041349999,3654.128056749999,3889.3318588499988
516501,G06007306,high,False,4302.506,0.8407500276235722,1804.8069548110186,1879.566288680259,1804.822772511018,1766.7449182110179,1582.0103507110182,2259.668723711018,1998.878107511018,2714.648717511018
516589,G06007302,high,False,5273.536,0.8407500276235722,2290.76582956898,2311.68711514974,2290.795121178982,2243.334618778982,2013.1046680789823,2586.090001578982,2261.067555878982,2881.5500202789817
516708,G06007322,medium,False,2111.578,0.7130643653791515,872.3864500000004,1059.4663946400015,872.38798834,853.9290435400001,764.33834344,1660.95734524,1534.48503704,2449.59167054
516906,G06007310,medium,False,6476.162,0.7130643653791515,2935.827936488133,2870.8899747752484,2935.8434142881324,2878.8326432881317,2602.1495641881324,3068.165188388132,2677.5813951881323,3200.722851288132
517042,G06007324,low,True,6174.099999999999,0.7130643653791515,1751.8473443571224,1781.4186388146672,1751.860799443523,1717.5656316345232,1551.1808499315232,1609.365037162523,1374.4806121845236,1467.0008018715232
51716,G06007312,low,True,2857.358,0.7130643653791515,751.2246549360003,805.6424505919992,751.2307861842,735.3597845412,658.3750145532,922.3182140052,813.6369636492,1093.4574647442
517307,G06007317,high,False,6740.076,0.7130643653791515,3041.9621704581286,2958.2225011152427,3041.994597558132,2983.3815726581324,2699.247607358132,3148.425788558132,2747.4341641581314,3254.9853192581318
517317,G06007310,medium,False,2212.809,0.7130643653791515,919.2036041600029,1101.1006837700018,919.20777107,899.7757340699998,805.48716717,1691.29075307,1558.1816138699996,2463.43930617
517428,G06007301,high,False,4859.055,0.7130643653791515,2084.128622318132,2123.494484305239,2084.1400608881318,2041.3481028881315,1833.724086788132,2458.686088588132,2165.585664188132,2833.3776110881317
517462,G06007324,high,False,8108.388,0.7130643653791515,3826.633415528128,3656.828973755237,3826.6858100881323,3754.708748888132,3405.8141893881325,3705.647699488132,3213.100214888132,3584.8643045881317
517463,G06007330,low,True,432.01599999999996,0.7130643653791515,112.28449591800118,182.61333442800094,112.28476069440002,109.90824243840002,98.37341317440001,512.9550727104,496.67203802640006,913.6347966744
517495,G06007328,low,True,5711.713,0.8407500276235722,1573.4071625769004,1607.7723536906065,1573.4244539474992,1541.6450246924992,1387.5571802924997,1474.0424703254994,1256.5141113404995,1374.7698378194996
517543,G06007324,low,True,9602.527000000002,0.7130643653791515,2902.806333962724,2905.5298869066696,2902.8268903335234,2849.3153873025235,2589.6102791505223,2432.9937995595233,2066.373827302523,1963.424296690523
517629,G06007328,low,True,8802.23,0.8407500276235722,2602.672412520602,2611.6261427336017,2602.6886714534994,2553.7371501284993,2316.192149911499,2210.600615767499,1875.2597578244995,1818.6989498024996
517695,G06007301,high,False,14919.599999999999,0.7130643653791515,7432.243387888131,6822.7164669752365,7432.2848336881325,7300.15233738813,6658.894110088133,6285.861131788131,5380.626107188133,5139.975105888132
517707,G06007314,low,True,2071.575,0.7130643653791515,539.3408218506013,598.3784655589998,539.3420315955,527.9299984664999,472.5445362434999,786.1988139375001,708.0136682835,1033.0956049335
517719,G06007325,low,True,12092.457999999999,0.8407500276235722,3845.416986450901,3843.3933761505955,3845.476815925499,3775.7212673984986,3437.4070072755,3099.959680354499,2622.3354192404995,2354.7194967524993
517847,G06007327,high,False,4864.59,0.7130643653791515,2108.2129732486424,2146.4448297859394,2108.2335979086415,2065.1262642086413,1856.0020151086417,2477.513553008642,2182.2859704086422,2846.9581843086416
517859,G06007329,high,False,27196.123,0.7130643653791515,13893.95267983813,12493.033345545233,13894.044513888131,13653.88353998813,12488.735403988132,10909.96551518813,9265.141415388132,7926.732670588131
517971,G06007313,high,False,5908.436,0.8407500276235722,2603.599394689996,2580.2112146094364,2603.613974849999,2551.444481749999,2298.2325780499996,2818.315396849999,2460.878213449999,3033.224754249999
518037,G06007301,medium,False,5816.774,0.7130643653791515,2601.152196548134,2578.7956564952383,2601.176662888132,2549.727602988132,2300.194147388132,2828.6805246881318,2476.396358688132,3056.358992588132
518097,G06007317,low,True,5627.24,0.7130643653791515,1571.7283497141232,1605.9955435686672,1571.738436631523,1540.457832367523,1388.677603249523,1480.4671931505231,1266.200746420523,1389.3214680975232
51815,G06007314,medium,False,7298.107,0.7130643653791515,3355.1304114686445,3236.8320445753693,3355.1441504286413,3291.157197228641,2980.463225128641,3368.240796328641,2929.664130628641,3381.635934528641
518257,G06007301,medium,False,7226.637,0.7130643653791515,3359.65821842813,3246.2903501352407,3359.6821858881317,3295.5736818881314,2984.534012988132,3371.477016388132,2932.376197088132,3383.503422188132
518317,G06007329,low,True,9592.949,0.7130643653791515,2892.824928616224,2894.7112551876685,2892.839518729523,2839.4939126535223,2580.595096897523,2425.8656959965233,2060.386857166523,1959.094589623523
518366,G06007329,high,False,6852.9130000000005,0.7130643653791515,3126.4957567581337,3037.409311545241,3126.515809488132,3066.302273488132,2774.1703026881323,3204.611850388132,2792.2071919881323,3282.934259688132
518426,G06007316,low,True,8089.763,0.7130643653791515,2392.605329422225,2406.82769968567,2392.6204445775234,2347.6241539725233,2129.290347043523,2067.903901813523,1759.6777559355232,1743.3519432735231
518460,G06007312,low,True,3791.778,0.7130643653791515,996.4272384111214,1044.5953592336928,996.43544657402,975.3836953710199,873.27101729102,1079.38062636902,935.2259267640201,1162.39399503302
518594,G06007307,medium,False,6669.4310000000005,0.8407500276235722,2992.5966846399997,2920.2423781194307,2992.619314849999,2933.9263695499985,2649.174207249999,3096.690168549999,2694.7313721499986,3200.965886749999
518711,G06007322,medium,False,2969.201,0.7130643653791515,1230.6276646799968,1373.7972767499982,1230.6312602300002,1204.60687653,1078.3110792300001,1890.4503519300001,1712.16090913,2550.35735613
518759,G06007326,high,False,10367.252,0.7130643653791515,5017.837648158133,4701.814512225235,5017.880512888132,4926.0681945881315,4480.580669788133,4558.087737688131,3929.1852445881323,4098.681786788133
518801,G06007314,low,True,7583.738,0.7130643653791515,2192.367614729127,2207.3941195426687,2192.3680453215234,2150.731678465523,1948.6329772065233,1924.5990948885233,1639.3080905685233,1656.9786074835233
519019,G06007323,medium,False,7844.865000000001,0.7130643653791515,3628.2743300981297,3474.800083785243,3628.2836238881323,3559.7399984881317,3226.899056488132,3563.681756088132,3093.8395006881324,3499.3959222881317
519037,G06007316,medium,False,6127.552,0.7130643653791515,2719.861755648132,2677.462273355241,2719.8653162881324,2666.4755968881323,2407.299225688132,2913.610524088132,2547.755644888132,3107.5688113881315
519109,G06007315,low,True,4986.485,0.7130643653791515,1365.8862460812236,1402.9328368476724,1365.8867487645232,1338.454222237523,1205.3339919735233,1340.105751769523,1152.1986254955232,1314.3935620515233
519153,G06007330,high,False,8610.448,0.7130643653791515,4009.3205309081263,3807.0209287952407,4009.3113374881327,3934.3812237881325,3570.658677388132,3836.366620188132,3322.945276788132,3663.640198888132
519357,G06007324,low,True,14649.533000000001,0.7130643653791515,4638.319994421622,4605.521527407667,4638.354116563523,4555.8589182045225,4155.419396008523,3674.9656943595237,3109.6841143635224,2711.9608022955235
519418,G06007316,medium,False,678.245,0.7130643653791515,278.7600739499988,539.2167062200004,278.76052295000005,272.85553285000003,244.19624315000004,1281.05885025,1240.60261595,2283.37974875
519459,G06007308,high,False,3616.1849999999995,0.8407500276235722,1504.2218821800002,1614.2605639700034,1504.22984015,1472.43828105,1318.1844544499997,2065.96990885,1848.2052568499998,2627.81548515
519586,G06007326,low,True,3578.7259999999997,0.8407500276235722,947.0542088951962,997.4745263560004,947.0684841533998,927.0730560293999,830.1526672824,1048.2173583384001,911.3911315283999,1149.4344024923998
519630,G06007322,low,True,7412.045,0.7130643653791515,2155.447327161324,2174.0140884106672,2155.4578716855235,2114.4228285525232,1915.3183361685233,1898.187892924523,1617.1122161475232,1641.0573795945234
519632,G06007327,medium,False,3561.308,0.7130643653791515,1523.7901757399993,1633.1013758700005,1523.80042637,1492.27334497,1339.26857877,2089.9453681699997,1873.9550400699998,2656.22792847
519634,G06007313,medium,False,3745.0280000000002,0.8407500276235722,1564.6974707200025,1668.1391646199982,1564.70884784,1531.66528884,1371.3553768400002,2105.21024454,1878.89766134,2645.82687374
519730,G06007307,low,True,5469.427,0.8407500276235722,1473.3432532916947,1507.3991909826032,1473.3444407534994,1443.2700675644996,1297.2925366694992,1402.4316349874994,1196.3610860024996,1331.6249077394993
519936,G06007322,high,False,9455.983999999999,0.7130643653791515,4575.235459828131,4317.733589495243,4575.277159488132,4490.840387288132,4081.221889488132,4241.382955488131,3663.132648488132,3907.7593847881317
519971,G06007307,medium,False,7178.278,0.8407500276235722,3242.1530526300076,3137.217661449424,3242.163955849999,3179.3187701499983,2874.356299249999,3275.267915549999,2844.758261349999,3308.5899797499987
520019,G06007316,high,False,5682.496,0.7130643653791515,2500.103690098306,2484.600203992147,2500.100920278302,2450.624099578302,2210.498369578302,2760.7235884783017,2421.786811078302,3021.475656278302
520067,G06007316,high,False,5713.4,0.7130643653791515,2543.768311618133,2527.9552776252426,2543.789794088132,2493.3104781881316,2248.423798288132,2787.6161841881317,2441.8974738881316,3031.620465688132
520457,G06007330,medium,False,3131.473,0.7130643653791515,1296.8546560499985,1431.7031736799995,1296.8577873899997,1269.43289439,1136.3164685899999,1932.75653569,1744.84102859,2568.75893539
520886,G06007330,low,True,3374.639,0.7130643653791515,876.7916726310008,926.6365950589999,876.7935950571001,858.2354188821,768.1569047271001,1001.9597031471001,874.8011791371001,1127.1983612811
521016,G06007330,high,False,8598.105,0.7130643653791515,4050.186421938148,3848.7438521252348,4050.216219888132,3974.545219188132,3607.5257081881323,3865.619966988132,3347.496891588132,3681.279281988132
521024,G06007324,high,False,13573.599,0.7130643653791515,6817.735616368136,6294.618240515245,6817.8067592881325,6695.896034988133,6104.472502288132,5846.149605188131,5011.210321488132,4874.962969988132
521025,G06007330,medium,False,2611.6499999999996,0.7130643653791515,1091.9359656199988,1253.397452659996,1091.9440559000002,1068.8857501,957.0286274,1802.4067506000001,1644.496103,2512.9438896
5211,G06007329,high,False,12343.774999999998,0.7130643653791515,6099.852774218134,5656.261264645238,6099.908793888133,5990.018051888133,5456.796776488132,5332.393585988131,4579.637880788132,4565.363709488132
521324,G06007328,high,False,11496.922999999999,0.8407500276235722,5655.265102179991,5271.514499419431,5655.334063449999,5552.110091249999,5051.479152749999,5002.149237749999,4295.403033549999,4349.3610393499985
521443,G06007302,medium,False,11074.95,0.8407500276235722,5239.156871026268,4903.109337401052,5239.229170126265,5140.113013626265,4659.432321926264,4655.997825126265,3977.405267726265,4073.1669873262654
521500,G06007302,medium,False,4149.1,1.0497359105206039,1746.040664539999,1828.6588504799965,1746.0562138000005,1709.2370320999999,1530.6101844,2222.3283625,1970.1581233000002,2698.7242705999997
521510,G06007329,medium,False,2071.784,0.7130643653791515,895.8798169200005,1083.5505620800006,895.8844567799998,877.2795010799999,786.9209920799999,1681.82100188,1554.2785268799998,2467.84281338
521540,G06007306,high,False,21412.761,0.8407500276235722,10784.469786739995,9762.23223303943,10784.55378285,10595.615146049999,9679.16008655,8672.644618049999,7378.863338449999,6561.444268649999
521565,G06007310,medium,False,6462.7609999999995,0.7130643653791515,3047.2086660098375,2978.5083837230995,3047.227001229829,2988.92348272983,2705.8308850298304,3157.21144092983,2757.60552282983,3267.4391411298297
521606,G06007330,high,False,5873.536,0.7130643653791515,2627.8301493381327,2601.78916452524,2627.852851088132,2575.9698662881315,2324.2649074881315,2847.7629948881317,2492.426881188132,3067.881889188132
521695,G06007328,medium,False,14358.068,0.7130643653791515,7334.477142809987,6765.0647355694355,7334.566011450001,7203.315393549999,6566.499199849999,6203.861730649999,5304.866964049999,5073.666441549999
521813,G06007302,high,False,10352.539,0.8407500276235722,4857.809733196263,4568.011323551049,4857.860579326266,4765.135669326265,4315.349255626265,4383.1197903262655,3748.1784279262647,3908.6685495262645
52204,G06007308,medium,False,5148.73,0.8407500276235722,2234.7990799622057,2256.9179581768535,2234.816016132205,2189.293825032206,1968.3786336322053,2562.771538232205,2250.915723732205,2890.919044332205
52209,G06007306,medium,False,5053.059,0.8407500276235722,2151.9162322586417,2182.386623815366,2151.9285089986406,2107.5074819986407,1891.9992593986408,2498.8073314986405,2194.5743741986407,2845.834621698641
522255,G06007325,high,False,12013.100999999999,0.8407500276235722,5893.127602419996,5476.254448239434,5893.191616449999,5785.993780249999,5266.083470049999,5172.361128449998,4438.399766649999,4451.927814749999
522276,G06007312,low,True,6146.072999999999,0.7130643653791515,1737.5025421203245,1766.7830673886654,1737.5127674235232,1703.454118939523,1538.2323068415228,1599.102624442523,1365.8637796875232,1460.7980783445232
522385,G06007316,medium,False,12256.505000000001,0.7130643653791515,6012.590957758133,5574.72068850524,6012.629990688132,5904.205910488132,5378.058843688132,5269.948265388131,4527.195317788131,4527.691123288132
522485,G06007324,high,False,28383.451,0.7130643653791515,14679.654671918133,13202.045973765238,14679.835941488132,14426.421443088131,13197.596466688134,11472.262281888132,9737.445978488131,8265.629204688132
522522,G06007326,medium,False,5910.225,0.7130643653791515,2620.186560628137,2591.9266243552447,2620.202137488132,2568.4475909881317,2317.3663947881323,2842.289158488132,2487.838074988132,3064.5643667881322
522606,G06007307,high,False,17701.442000000003,0.8407500276235722,8825.97617111,8042.505084929429,8826.01913085,8669.85060475,7912.153789349999,7271.142159749999,6201.52658495,5716.761793949999
522649,G06007316,low,True,4993.952,0.7130643653791515,1364.2921327386648,1403.8342855638489,1364.3041231191648,1336.4976436491643,1201.5814989711646,1332.1973351211645,1141.7317151541647,1300.1917336911645
522683,G06007302,medium,False,3780.7129999999997,0.8407500276235722,1602.1511942800003,1703.6939324700015,1602.1701293899998,1568.42786869,1404.76206339,2130.89903709,1899.84201309,2659.7541749899997
522764,G06007327,medium,False,10860.323,0.7130643653791515,5258.245837338132,4910.637770645244,5258.278351488132,5162.438304488131,4697.472075288131,4730.136416788133,4073.731797188132,4202.309031888131
522794,G06007330,high,False,10850.025000000001,0.7130643653791515,5258.188459898121,4911.3066501452395,5258.235980488131,5162.389294388131,4697.411017688131,4730.075657688132,4073.674085288132,4202.320918788131
522804,G06007306,medium,False,10408.515000000001,0.8407500276235722,4963.19299974,4649.912391639429,4963.23145745,4871.627565249999,4427.1299350499985,4506.856091049999,3879.3461870499987,4050.899823249999
522889,G06007316,high,False,6577.593999999999,0.7130643653791515,2972.6007146081315,2901.199631455241,2972.612694888132,2914.981793788132,2635.320058488132,3094.482713988132,2699.695522788132,3216.558970688132
522941,G06007301,low,True,3554.9790000000003,0.7130643653791515,957.9609925829984,1008.2528289260007,957.9663820692,938.0901817602,841.6205091882001,1060.7339936262001,924.5550024192,1163.5783030842
523011,G06007308,medium,False,8946.137,0.8407500276235722,4217.688267849996,3998.99989140943,4217.735828249999,4138.522350849999,3754.4726064499982,3973.3830289499992,3431.2069160499996,3729.2973832499993
523051,G06007306,high,False,11647.802,0.8407500276235722,5827.3240986400015,5433.237097479436,5827.417994249999,5721.303829349999,5206.718801849999,5125.310985849998,4398.830951949999,4423.609150549999
523259,G06007306,low,True,2396.666,0.8407500276235722,631.4333783435975,688.9748992559997,631.4369979834001,618.1073920224002,553.4174919294001,845.6862745344001,754.3757282844,1059.9832146174
523263,G06007316,high,False,8261.817,0.7130643653791515,3847.4168523881312,3667.40660381524,3847.426797888131,3775.1952400881314,3424.6027346881324,3720.505981388132,3225.593951888132,3593.8619464881317
524507,G06007325,high,False,19398.209,0.8407500276235722,9773.08884594,8879.69035533943,9773.13354165,9601.171338349997,8766.646216149999,7948.914286349999,6770.88185335,6125.283481449998
524517,G06007326,high,False,11752.744,0.8407500276235722,5765.626812768132,5359.939116395235,5765.665922688131,5661.395298088131,5155.256017388132,5093.211794888131,4378.714091488133,4421.233568488131
52458,G06007301,medium,False,5438.29,0.7130643653791515,2396.0077742681324,2398.028402655238,2396.0280030881318,2348.0162404881316,2115.107993488132,2681.871157688132,2353.069318888132,2967.891978788132
524679,G06007327,medium,False,5339.356,0.7130643653791515,2426.965867319662,2431.391147686206,2427.00291289966,2378.9756364996597,2146.04986899966,2712.8035265996596,2383.96589019966,2998.8014486996594
524720,G06007327,high,False,747.912,0.7130643653791515,308.6283060000015,565.5088606399999,308.62912696000006,302.09715416,270.39382056000005,1300.25040376,1255.4965981599998,2291.89746136
524754,G06007307,medium,False,15014.286,0.8407500276235722,7402.153696049995,6792.251291009429,7402.219176449999,7269.817322449999,6627.579451449999,6252.207841849999,5345.54844085,5102.7458188499995
524853,G06007306,low,True,1363.73,0.8407500276235722,371.29983025590315,436.90961134100104,371.303338203,363.52093251599996,325.7377853309999,679.9214464229999,626.586701106,988.5757034760001
524927,G06007301,low,True,10249.025000000001,0.7130643653791515,3105.2325023043218,3101.2717094626682,3105.247991005523,3048.3550412205227,2772.2385510675235,2577.857373967523,2188.072458202523,2050.7078646075233
525034,G06007316,high,False,6081.881000000001,0.7130643653791515,2745.244789248131,2705.7810630352383,2745.265331688132,2691.4164862881316,2430.197035188132,2931.794293988132,2563.020561288132,3118.5046968881315
525272,G06007301,high,False,7321.886,0.7130643653791515,3387.7697238181336,3268.41750570524,3387.7951314881325,3323.205475188132,3009.896271588132,3391.592106588132,2949.2781326881322,3395.6094012881317
525278,G06007313,medium,False,5421.446,0.8407500276235722,2355.646809719996,2363.7542744194297,2355.6681142499992,2307.6203705499993,2074.5300195499995,2640.885776349999,2311.824149049999,2926.2724096499987
525305,G06007308,medium,False,6656.634,0.8407500276235722,3034.9134123699987,2963.27730018943,3034.949414249999,2975.5402954499987,2687.372823649999,3126.9830517499986,2720.164267949999,3219.241899549999
525383,G06007310,medium,False,8007.813,0.7130643653791515,3764.5892815481307,3600.579713995239,3764.6048680881318,3693.7654437881315,3349.869241788132,3661.244029688132,3175.795642188132,3558.1735670881317
525420,G06007302,medium,False,8483.04,0.8407500276235722,3876.620541637282,3706.438345301313,3876.655203517283,3800.4900332172833,3430.8701989172837,3683.087777617283,3161.3129534172826,3489.8111222172824
525506,G06007323,low,True,7405.928,0.7130643653791515,2219.618743221707,2244.3932859220317,2219.641002123406,2177.6357368774056,1973.7776218924057,1945.758150288406,1657.9770644794057,1672.059280251406
525620,G06007316,low,True,4236.325999999999,0.7130643653791515,1107.1962532571806,1151.428363035513,1107.200222855679,1083.8354027756786,970.4554118276784,1150.6269308606788,990.5727700556787,1194.1379148476788
52599,G06007316,medium,False,8859.658,0.7130643653791515,4204.159846828132,3985.5640340352397,4204.193903088133,4125.967089888132,3746.4608268881316,3975.808680188132,3440.0477505881317,3747.724624988132
526101,G06007306,high,False,14109.847,0.8407500276235722,6766.5132281199985,6214.972992039431,6766.4270594499985,6644.818528149999,6054.056597649999,5797.321768749999,4963.521975949999,4828.461596249999
526154,G06007317,low,True,4385.588,0.7130643653791515,1151.9087701330511,1194.9650396335894,1151.913351952951,1127.7248332699505,1010.3531677399509,1181.3387670229508,1015.6486168939509,1210.848213697951
526168,G06007323,medium,False,1176.021,0.7130643653791515,484.07505214000275,719.0487551100017,484.07591703000014,473.8255233300001,424.07330823000007,1412.38833483,1342.15652983,2340.7399396299998
526342,G06007330,medium,False,4232.7119999999995,0.7130643653791515,1747.7870518689786,1825.8057341591693,1747.788429018981,1710.8775815189808,1531.720478718981,2222.194550818981,1969.291391118981,2696.7330785189806
526445,G06007316,high,False,4758.833,0.7130643653791515,2054.805212020002,2099.009813429435,2054.811213959999,2012.7220925599986,1808.3975509599986,2440.9857493599984,2152.557957059999,2827.3134359599985
526547,G06007324,low,True,8522.149,0.7130643653791515,2487.980649210921,2493.053732340667,2487.9814880055233,2441.4326419695235,2215.3391697705224,2136.139869865523,1817.0028745065233,1784.5113017865233
526641,G06007322,medium,False,10267.311000000002,0.7130643653791515,4937.107922538129,4627.617016145245,4937.128528488132,4846.695771388131,4407.740623488131,4500.303232288132,3880.6604872881317,4063.855704788132
526731,G06007308,high,False,9751.542000000001,0.8407500276235722,4703.637213120001,4432.290494199427,4703.6852178499985,4616.4046589499985,4192.9257079499985,4321.140835449999,3723.3189953499987,3938.9675078499995
526732,G06007301,high,False,12198.505000000001,0.7130643653791515,6000.665177298128,5566.701458125239,6000.718653488131,5892.471869788133,5367.301615988132,5261.409562588131,4520.017630388132,4522.556092988131
526872,G06007306,low,True,11673.940999999999,0.8407500276235722,3564.2695534991963,3550.6636136296015,3564.2980592415,3499.255017751499,3183.7522494014997,2898.7335098174995,2453.3341424535,2233.3990603334996
526920,G06007329,medium,False,5323.812,0.7130643653791515,2327.176198888135,2336.4725867352386,2327.1888104881323,2280.3423776881323,2053.008717188132,2632.614537588132,2311.692046588132,2938.209992588132
526965,G06007317,high,False,7940.701000000001,0.7130643653791515,3735.8852908581325,3576.454318525241,3735.922343288132,3665.5107379881315,3323.968967788132,3640.7129323881322,3158.5426397881315,3545.765098888132
527218,G06007330,medium,False,5956.305,0.7130643653791515,2724.8285412991527,2691.1685794560685,2724.874683369151,2671.6538243691502,2413.609732469151,2922.5269964691506,2558.225492869151,3120.422698069151
527261,G06007328,high,False,3620.9660000000003,0.7130643653791515,1528.0191905010201,1635.9673033502586,1528.0257861910177,1496.0814611910178,1341.0055525910184,2086.929066091018,1868.0228895910182,2645.970039191018
527407,G06007328,high,False,5552.508,0.8407500276235722,2417.0037164400073,2416.8373988794324,2417.0254734499995,2367.9419398499986,2129.883786549999,2684.791410849999,2348.713423949999,2952.717012649999
527450,G06007306,low,True,5504.24,0.8407500276235722,1505.4345297865505,1541.0100349575894,1505.4450474664511,1474.867003389451,1326.5293700224508,1426.2577884994512,1216.849126932451,1347.164170212451
528245,G06007330,medium,False,2631.115,0.7130643653791515,1106.6833861600023,1267.066207389998,1106.6929660500002,1083.3552987499997,970.1249810500001,1812.35146785,1652.50367905,2518.09380295
528379,G06007317,medium,False,4433.651000000001,0.7130643653791515,2050.681450479994,2101.988711809998,2050.70854813,2010.5521038299999,1815.67831913,2470.0500660300004,2194.94887003,2889.56956283
529004,G06007316,high,False,9087.747,0.7130643653791515,4273.357757448137,4040.229171135243,4273.363910488131,4194.015030788132,3808.897019288132,4025.314778488132,3481.658809588132,3777.544531388132
529082,G06007316,high,False,2601.1940000000004,0.7130643653791515,1092.4967702499962,1254.4984127299954,1092.5107266200002,1069.4499947199997,957.6409382200001,1803.13893752,1645.2927600199998,2513.8359088199995
529134,G06007316,high,False,14350.472,0.7130643653791515,7185.351441538127,6612.38383772524,7185.379102088133,7057.390808088132,6436.161447188131,6109.199345088131,5232.221404388132,5033.494265788131
529213,G06007307,high,False,18882.838,0.8407500276235722,9219.287687620003,8360.062470659423,9219.14431825,9056.62982045,8266.97982145,7552.556840849999,6438.0714933499985,5886.226151549999
529229,G06007302,low,True,5895.027,0.8407500276235722,1636.3190377351505,1673.438442691986,1636.3364042395517,1602.9600580405515,1441.0095484105516,1509.4553028385512,1280.8396915375515,1382.6978718865516
529250,G06007315,high,False,8177.112999999999,0.7130643653791515,3808.0478579181404,3633.2205707252388,3808.062770088132,3736.497265888132,3389.0740173881322,3692.3321772881322,3201.915620288132,3576.911170488132
529402,G06007312,medium,False,9215.782,0.7130643653791515,4506.667683698139,4264.282790225243,4506.711516888132,4423.448238688132,4019.376848888132,4192.3173025881315,3621.898656288132,3878.248853688132
529804,G06007323,medium,False,12411.197999999999,0.7130643653791515,6128.263257358134,5680.60273436524,6128.330555688131,6017.930562188132,5482.408154988132,5352.720436188132,4596.718316088132,4577.589795588132
52982,G06007326,medium,False,3109.1440000000002,0.7130643653791515,1380.9879664099958,1511.5065451800008,1381.0058826500003,1352.93666055,1216.7650620499999,2006.23791045,1814.0203098499999,2631.59039025
529891,G06007310,high,False,11532.799,0.7130643653791515,5682.663207898133,5291.667499565241,5682.733262888132,5579.754868788132,5080.345901288132,5033.850312588131,4328.851904788132,4385.383288588132
529894,G06007316,medium,False,12383.647,0.7130643653791515,6150.983263388131,5704.63833339524,6151.049549088133,6040.289013688132,5502.923399588133,5368.999782488132,4610.377825788132,4587.415399788132
530234,G06007323,medium,False,3829.0020000000004,0.7130643653791515,1600.6967805799989,1699.8467934599994,1600.7107104600002,1566.90661086,1402.9278690599997,2128.34128516,1896.8484717599997,2656.0902060599997
53036,G06007316,low,True,5037.877,0.7130643653791515,1371.8043053493218,1410.4529477886654,1371.814520005523,1343.8671203715232,1208.2988463765232,1337.4039695535232,1146.0190475385234,1303.086117112523
530468,G06007317,low,True,8100.977999999999,0.7130643653791515,2400.5964498504245,2415.1883710396664,2400.613658407523,2355.478054516523,2136.4940884065236,2073.624976984523,1764.4830835815233,1746.7938685785234
530483,G06007325,low,True,6877.469999999999,0.8407500276235722,1949.8676092311218,1972.7953867300935,1949.873114901921,1911.8989311159207,1727.509169496921,1744.262385621921,1483.9814856939206,1538.8373528109205
530591,G06007307,low,True,18776.339,0.8407500276235722,5935.490393735695,5864.455548594603,5935.525701115499,5830.904200999499,5323.1402847105,4595.6032547654995,3878.7926084444994,3256.125067153499
530762,G06007311,medium,False,4842.963,0.7130643653791515,2074.5647861086404,2114.2703222453733,2074.5680274786414,2032.0416184786407,1825.616425178641,2453.340658278641,2161.942159478641,2832.262261878641
530863,G06007301,high,False,7448.639,0.7130643653791515,3406.6063718881387,3278.4318082852405,3406.590542058132,3341.816943358132,3027.3915095581324,3406.6431391581323,2962.842687758132,3406.827676358132
530894,G06007306,high,False,7188.853,0.8407500276235722,3298.832690719997,3192.9412020394348,3298.8631550499986,3235.060287049999,2925.4952347499993,3315.836897949999,2878.817232549999,3333.0749857499986
531008,G06007314,low,True,4673.737,0.7130643653791515,1247.3811308063578,1287.9469979664188,1247.3841678599583,1221.618058238958,1096.5622093139577,1249.8621856979585,1073.328822320958,1252.438866575958
531015,G06007313,medium,False,4624.589,0.8407500276235722,1961.7625607210166,2016.7107096002608,1961.7812490010183,1920.9665906010177,1722.9717483010181,2370.101731301018,2090.596935001018,2778.590800301018
531105,G06007329,medium,False,9185.235999999999,0.7130643653791515,4372.38902660814,4132.639010855236,4372.407144888131,4291.408147588132,3898.243451588132,4096.187987188132,3541.178712388132,3820.2992295881318
531117,G06007327,medium,False,6725.826000000001,0.7130643653791515,3068.814019908136,2987.500318955244,3068.821501088132,3009.6075658881323,2722.121823388132,3163.337978188132,2757.530712788132,3258.081997888132
53134,G06007301,high,False,7577.553,0.7130643653791515,3525.9645505481344,3389.85197749524,3525.991838488132,3459.1115846881316,3134.5875387881324,3490.4859097881317,3032.3437512881324,3455.245019088132
532524,G06007315,high,False,6633.157,0.7130643653791515,2996.4804259881253,2921.5971711352468,2996.492541688132,2938.459381788132,2656.8626340881315,3111.5670059881318,2714.050744288132,3226.8532999881318
532733,G06007324,high,False,12309.037,0.7130643653791515,6016.555373698133,5575.780935645238,6016.603383488133,5908.080267088133,5381.633730288133,5272.7740133881325,4529.578530788132,4529.372088688132
532759,G06007327,medium,False,6039.040000000001,0.7130643653791515,2708.22720622813,2671.3969653952395,2708.244678288132,2655.031474288132,2396.801359088132,2905.297004988132,2540.758662788132,3102.5604937881317
532795,G06007302,high,False,16646.648,0.8407500276235722,8161.58588793627,7466.548509531051,8161.661670526265,8013.729947526265,7296.103907426265,6747.3087556262635,5734.242978126266,5333.556734626265
532932,G06007326,medium,False,9046.400000000001,0.7130643653791515,4295.411736238133,4064.539673905238,4295.440179888132,4215.711682888132,3828.7973584881324,4041.110306888132,3494.9003129881316,3787.1001601881317
532997,G06007312,medium,False,3117.322,0.7130643653791515,1294.1622362400003,1429.7670343800025,1294.1687430600005,1266.80461986,1134.0342028599998,1931.2759898599998,1743.8463174600001,2568.47594016
533113,G06007317,low,True,7738.18,0.7130643653791515,2266.9556416341225,2283.261554584667,2266.9728954315233,2224.069265557523,2015.9283498405232,1977.9800894505233,1684.139354626523,1689.1593885705233
533425,G06007322,high,False,12281.292,0.7130643653791515,5975.639266568134,5536.9532278152365,5975.631085488132,5867.83392428813,5344.712041588131,5243.501425388133,4505.035145588132,4511.6347884881325
533462,G06007324,high,False,6361.839,0.7130643653791515,2876.054326108125,2818.636224955239,2876.0739160881326,2820.0385766881323,2548.2162543881323,3025.3986458881323,2641.657594788132,3174.913972088132
533512,G06007317,low,True,2955.786,0.7130643653791515,772.1104928922032,825.3606869059995,772.1153819694001,755.7832826964001,676.5499826064001,935.3181978804,823.4671311264001,1098.5799635214
533569,G06007307,high,False,5017.831,0.8407500276235722,2129.468036738298,2162.6392182821364,2129.483226048302,2085.3743692483017,1871.401498748302,2481.738958348302,2179.669231748302,2834.146720548302
533862,G06007314,medium,False,864.736,0.7130643653791515,356.7500458400033,607.6533379200016,356.75099408,349.20012208,312.55174088000007,1331.02643288,1279.2919752799999,2305.33171408
533925,G06007324,medium,False,17215.109,0.7130643653791515,8708.246706498136,7950.73806556524,8708.36116548813,8554.805604588131,7810.118896188133,7199.007316588133,6147.680872388131,5690.307665988132
534065,G06007324,high,False,7010.883,0.7130643653791515,3217.469323198133,3118.100858925241,3217.4899660881324,3155.755886888132,2856.2401637881326,3269.718318888132,2846.898648488132,3322.1681314881316
534216,G06007307,medium,False,10421.346000000001,0.8407500276235722,4953.897481590006,4639.845704849431,4953.916457249999,4862.467811249999,4418.731824449999,4500.222226149999,3873.7899077499987,4046.827437849999
534231,G06007313,high,False,2537.812,0.8407500276235722,1061.44139529,1226.6868352699994,1061.4500883599999,1039.0381465599999,930.3111811599998,1782.89549546,1629.40615456,2504.42313316
534244,G06007314,low,True,4996.460999999999,0.7130643653791515,1342.0959206118207,1379.282703277668,1342.097713711523,1314.6660625695233,1181.5002001455234,1316.1364153155232,1128.1567584015231,1290.2833913025233
534301,G06007302,medium,False,4210.339,1.0497359105206039,1759.0891677999919,1838.7193287100035,1759.10340057,1721.9485557699998,1541.7238165699998,2229.7440709700004,1975.31407157,2700.50231557
534328,G06007323,high,False,13588.137999999999,0.7130643653791515,6728.285388418135,6204.896745605247,6728.342599488133,6607.915358188131,6023.748914888132,5782.108437088133,4957.444422988132,4836.324828388132
534377,G06007314,high,False,11854.946,0.7130643653791515,5863.837647198132,5451.612160865241,5863.902643288133,5757.936846388131,5243.854216388132,5163.514565888132,4437.759299388132,4463.568547988132
534391,G06007328,high,False,17935.286,0.8407500276235722,9071.905615279997,8272.747182899437,9071.996020049999,8911.696745049998,8134.060982849998,7447.152574949999,6349.332546049999,5822.930299049998
534631,G06007315,low,True,4691.976000000001,0.7130643653791515,1256.9454342951237,1298.3854275246674,1256.9517236355232,1230.9331910955232,1104.672678094523,1255.207452619523,1076.9694564735232,1253.5572003465231
534837,G06007322,medium,False,6004.546,0.7130643653791515,2679.2291904481326,2644.7252895552415,2679.228935888132,2626.5132393881318,2370.634732388132,2884.546794888132,2523.342694288132,3090.0251016881316
53494,G06007324,medium,False,11313.184000000001,0.7130643653791515,5556.13782540813,5179.067447715241,5556.196884488132,5455.371179188132,4966.243058088132,4943.311494688132,4252.785478888132,4330.849244088131
535008,G06007315,medium,False,6047.225,0.7130643653791515,2710.3735426988073,2672.2517281522664,2710.381883798811,2657.230717298811,2399.197067898811,2908.2188105988107,2543.996087098811,3106.259231598811
535040,G06007323,low,True,5123.952,0.7130643653791515,1423.7127148225725,1462.643876458079,1423.7243051845724,1395.0926733235722,1256.148183842572,1377.5111893915723,1181.3694245935721,1331.4113860285722
535109,G06007329,high,False,15556.927,0.7130643653791515,7705.593527738132,7055.101014925243,7705.631979488131,7568.933804188131,6905.511201788131,6481.462238588132,5544.949716188132,5257.8515203881325
535219,G06007328,low,True,4138.1849999999995,0.7130643653791515,1074.5598607568998,1119.0498891039997,1074.5599954005002,1051.8164448435002,941.4074935755002,1128.4114658025,972.5545329555001,1182.3526223115
535290,G06007306,medium,False,15030.42,0.8407500276235722,7465.530988759992,6854.465725339437,7465.603474849999,7332.118562049999,6684.732758149999,6297.582679549999,5383.662309849999,5130.057065749999
535657,G06007322,high,False,12153.732,0.7130643653791515,5967.2304419581305,5536.355493905241,5967.287946288132,5859.562327788131,5337.117718888132,5237.497943888131,4499.937150188132,4508.078000788131
535816,G06007307,medium,False,10292.858,0.8407500276235722,4956.151652819995,4649.909256519432,4956.186898649999,4864.712840449999,4420.756600149999,4501.833894149999,3875.119708449999,4047.8753270499983
535830,G06007307,low,True,6106.581,0.8407500276235722,1695.3552813834058,1725.3222698596064,1695.3647044634995,1661.5669341914995,1497.5913380084992,1561.3110686234995,1329.8251795274996,1427.3710370294993
535895,G06007324,low,True,6072.961,0.7130643653791515,1715.407900893621,1745.5064695496676,1715.4167081235232,1681.7346728835232,1518.3063017565232,1583.289744394523,1352.5788317805232,1451.2790847135232
536021,G06007316,low,True,411.448,0.7130643653791515,106.98192141840131,177.45789684000076,106.98221535120001,104.71805003520001,93.72886729920002,509.5665286032,494.0537326752,912.1597681992
536023,G06007316,low,True,4259.5689999999995,0.7130643653791515,1114.702865185756,1158.3852768524193,1114.704778886358,1091.254852232358,977.440134887358,1156.608265646358,995.9388391553581,1198.592065310358
536142,G06007327,medium,False,4133.6630000000005,0.7130643653791515,1736.293488939495,1818.4346061592998,1736.3056996894902,1699.8708380894905,1523.1185426894901,2219.13394938949,1969.60931178949,2702.07867138949
536211,G06007315,high,False,18503.3,0.7130643653791515,9400.28783606814,8559.709417135238,9400.404497888132,9235.291024088132,8434.505732388134,7694.244335688132,6563.7070440881325,5988.779269088132
536411,G06007324,low,True,3394.687,0.7130643653791515,891.0908996093995,941.8327730209994,891.0987413642999,872.2657643552999,780.9195483873002,1011.8009244153,882.8431789953,1132.5688872153
536527,G06007323,high,False,6603.061,0.7130643653791515,3020.2226888181253,2947.0257559652373,3020.246187288132,2961.8086976881323,2678.287086788132,3128.571886988132,2728.320100988132,3237.1118752881316
536566,G06007313,high,False,25900.107,0.8407500276235722,12871.576453199998,11559.594546399438,12871.64587885,12647.80252505,11561.86118125,10166.159975149998,8633.556722149999,7461.414109749999
536593,G06007301,high,False,5896.339,0.7130643653791515,2629.8392956181337,2602.3666638652408,2629.856474488132,2577.938048788132,2326.077323988132,2849.207022288132,2493.644899888132,3068.726171688132
536719,G06007308,high,False,13630.277000000002,0.8407500276235722,6604.838349759997,6083.668600119431,6604.84575745,6485.88003925,5908.264938749999,5681.628680349998,4866.2421433499985,4758.912342549998
536728,G06007311,high,False,11884.088,0.7130643653791515,5804.3313710681305,5390.51067713524,5804.360459088133,5699.434124088131,5190.172907388131,5120.907402688132,4401.997693888132,4437.879230288132
536883,G06007302,high,False,20017.599000000002,0.8407500276235722,9976.360348336262,9063.943393611054,9976.472206126267,9798.163023926267,8933.436497726267,8046.017317326266,6825.214004926265,6116.214165226264
536947,G06007314,high,False,4877.253000000001,0.7130643653791515,2094.5517453081293,2132.7679601552422,2094.565901488132,2051.593561788132,1843.1271726881319,2466.1463612881316,2171.8518731881322,2837.8695424881316
536956,G06007316,medium,False,8064.831,0.7130643653791515,3784.9659617481334,3617.542575075246,3784.994822688133,3713.7793989881325,3368.259407588132,3675.830454688132,3188.047786588132,3566.936269988132
537393,G06007301,medium,False,3364.769,0.7130643653791515,1420.1072309289816,1538.2372897891714,1420.110514888981,1390.8486374889808,1248.889207088981,2025.050863888981,1824.681414988981,2630.059523888981
537538,G06007315,medium,False,8877.068,0.7130643653791515,4314.241109928138,4093.913034695244,4314.287385688132,4234.222091288131,3845.772355888132,4054.615084988132,3506.224370188132,3795.237538288132
537567,G06007312,medium,False,6395.284,0.7130643653791515,2915.588173928133,2855.876272955239,2915.615136888132,2858.9149266881313,2583.8831788881316,3053.6950350881316,2665.4194774881316,3191.978004488132
537710,G06007307,medium,False,14464.44,0.8407500276235722,7137.0186254400005,6562.056862639428,7137.066881849999,7009.143829149999,6388.37743875,6062.481149449998,5186.160243149999,4988.4357184499995
537733,G06007324,low,True,1359.6850000000002,0.7130643653791515,377.1826367715027,443.5461036440015,377.18637827849994,369.30934293749993,331.07104425150004,684.2146799235,630.2371010025,991.2710075595
537912,G06007301,high,False,11552.83,0.7130643653791515,5638.032257608134,5245.670562355239,5638.0727258881325,5535.916966888131,5040.1388657881325,5001.888883088133,4302.009560288132,4366.183963888132
538020,G06007308,high,False,17504.231,0.8407500276235722,8785.073501139997,8013.69043413943,8785.13160225,8629.651705749999,7875.25424975,7241.89323495,6176.925773349998,5699.173342349999
538358,G06007316,medium,False,5075.474,0.7130643653791515,2205.5147582281297,2230.8194658752423,2205.5260384881317,2160.707365388132,1943.2328070881317,2545.555951588132,2238.559883788132,2885.728714288132
538377,G06007326,high,False,1512.266,0.7130643653791515,648.4551253200043,866.0099708400003,648.4610851799998,634.8503272799999,568.7564451800001,1519.48969348,1426.19431008,2390.58847158
538540,G06007329,medium,False,4573.884,0.8407500276235722,2043.236338879999,2094.20461618,2043.2573477799997,2002.0615074800003,1802.19502228,2445.0193801799996,2162.8587351799997,2846.9425097799995
538544,G06007317,high,False,6862.4220000000005,0.7130643653791515,3149.3491162881296,3059.374726715242,3149.3687624881322,3088.779847188132,2794.780356988132,3220.976413488132,2805.947603288132,3292.7980407881323
538586,G06007302,high,False,18889.883,0.8407500276235722,9271.604402266265,8432.038290761042,9271.662485926265,9105.223977726266,8297.618758626268,7541.639397226265,6401.539698926265,5812.285930826264
538818,G06007317,low,True,3019.401,0.7130643653791515,781.5092032818026,833.5566144010008,781.5093019209,764.9541973268998,684.6022102689,940.7854150869,827.3571240549002,1100.1221393559001
538912,G06007317,high,False,3451.875,0.7130643653791515,1456.692818629997,1574.582435090005,1456.7040761000003,1426.0805888999994,1277.504292,2038.3840722,1828.6448667999998,2620.1776302999997
539029,G06007316,high,False,3815.966,0.7130643653791515,1583.4086876699962,1683.2827393300017,1583.41596278,1549.9344535799999,1387.47127788,2116.37191678,1887.02910428,2649.44958298
539215,G06007328,low,True,2635.4620000000004,0.8407500276235722,681.6250107828006,736.2876093300009,681.6249470897999,667.1847369978,597.0904118928,876.8868423258001,777.9390953718001,1072.2011063118
539432,G06007325,medium,False,6707.721,0.8407500276235722,3030.695245359997,2955.697374859432,3030.710942249999,2971.4077068499982,2683.5671013499987,3123.9552776499986,2717.631785049999,3217.4240859499987
539524,G06007317,low,True,10874.734,0.7130643653791515,3333.2616032235205,3326.2417718986667,3333.290561677523,3272.573973682523,2977.9712418255235,2741.047079926523,2325.1488699825236,2149.063841284523
539606,G06007314,high,False,10776.490999999998,0.7130643653791515,5298.545009398133,4955.954354385245,5298.608616888132,5202.069802188131,4733.8278156881315,4758.992524788131,4097.940946788132,4219.738340388132
539610,G06007322,high,False,17990.987,0.7130643653791515,9020.013285638135,8212.684243565243,9020.07424368813,8861.38161258813,8091.402871688129,7422.087041088131,6335.122616288132,5824.729482988132
53981,G06007324,low,True,5694.912,0.7130643653791515,1590.5326951698223,1623.8270030396693,1590.5444126595232,1558.9433820165234,1405.6401772275233,1493.9275887495232,1277.5075461765232,1397.4232224855232
540791,G06007312,medium,False,4304.43,0.7130643653791515,1839.5193493199993,1910.6774798799984,1839.5370644000002,1801.3582915999998,1616.1368899000001,2292.6787254,2031.2014198,2745.9615691999998
540824,G06007330,medium,False,7114.861,0.7130643653791515,3269.468845778131,3163.3822683252456,3269.488041488132,3206.8921330881317,2903.1626166881324,3306.9278307881323,2878.1562697881322,3344.6021696881317
540845,G06007325,high,False,6728.361999999999,0.8407500276235722,3035.965818110509,2959.1936492901323,3035.9812005405097,2976.684546840509,2688.844695940509,3129.194247440509,2722.8713801405092,3222.6818833405086
540918,G06007313,low,True,13803.348000000002,0.8407500276235722,4278.74920936469,4248.827601234594,4278.8009202435,4201.766592124499,3828.3446180384994,3410.0237526374995,2882.8501569614996,2541.5079242144993
540963,G06007322,high,False,10816.022,0.7130643653791515,5275.228142748132,4930.168918355237,5275.272123488132,5179.160404688133,4712.799233588132,4742.285950988133,4083.920142788132,4209.692011288133
540984,G06007314,low,True,10211.976,0.7130643653791515,3160.094352167427,3163.445753583673,3160.121697361523,3102.3035146455222,2821.7250374595224,2617.1402358375235,2221.053969982523,2074.387454170523
541012,G06007329,high,False,15973.143999999998,0.7130643653791515,7964.181375638127,7286.857536985246,7964.2307912881315,7823.19814238813,7138.835356788131,6666.523968488131,5700.403004988131,5369.381782988132
541217,G06007314,high,False,5242.857,0.7130643653791515,2266.6033948581266,2281.272375305233,2266.6070012881323,2220.779729288132,1998.363331688132,2589.262037088132,2275.283133688132,2912.073512588132
541361,G06007316,medium,False,6241.009,0.7130643653791515,2851.3616572181304,2801.2903733652433,2851.385295688132,2795.779985788132,2525.934610288132,3007.734970788132,2626.803075988132,3164.307862988132
541439,G06007310,low,True,8306.554,0.7130643653791515,2443.3125915165233,2453.507687760669,2443.316203117523,2397.4881336555227,2175.036447709523,2104.179658204523,1790.1630047925228,1765.2151887825232
541491,G06007323,medium,False,8341.765,0.7130643653791515,3971.333615068121,3785.939025535245,3971.3732042881315,3897.0228710881315,3536.364726088132,3809.204658588132,3300.086144288132,3647.307426288132
541655,G06007328,high,False,8009.935,0.8407500276235722,3701.985871480001,3543.1967705594316,3702.0057980499996,3631.484361349999,3289.240845049999,3604.3358557499987,3121.1805573499987,3506.9394381499988
541807,G06007317,medium,False,7537.1759999999995,0.7130643653791515,3506.37115357813,3373.0764316052364,3506.3969702881323,3439.831809388132,3116.897273588132,3476.461612288132,3020.572158188132,3446.771632488132
541952,G06007314,high,False,11300.081,0.7130643653791515,5434.988523318118,5059.074528785241,5434.985232688132,5336.219406688131,4856.884288688132,4856.611406988131,4180.0112469881315,4278.470433288132
541968,G06007301,low,True,6606.817999999999,0.7130643653791515,1930.4551679604251,1960.0981122696676,1930.4755616715229,1893.1936463295228,1712.3227450485233,1737.1907656335234,1481.8512301965234,1544.0445787305234
541991,G06007329,medium,False,7587.01,0.7130643653791515,3491.42089724813,3354.8954289552407,3491.432137488132,3425.1627325881323,3103.423460288132,3465.7348374881317,3011.5672858881317,3440.3649241881317
542086,G06007317,high,False,4431.923,0.7130643653791515,1877.670125720002,1938.44636259,1877.6648731700002,1839.19978467,1652.3513162700006,2325.11525557,2061.36105577,2772.74089517
542183,G06007311,medium,False,9686.826000000001,0.7130643653791515,4709.944545178132,4437.326334585239,4710.006071288131,4623.30766578813,4202.776911288132,4337.7905777881315,3744.098039288132,3965.891365088132
542240,G06007316,high,False,7457.200000000001,0.7130643653791515,3445.418202718132,3317.31488498524,3445.436148688132,3379.9006185881317,3061.9025712881316,3432.836349488132,2983.9306349881317,3420.4809099881318
542397,G06007328,medium,False,8119.736,0.8407500276235722,3796.8770876300014,3630.837290309429,3796.9059804499993,3724.802645749999,3374.8432058499993,3672.236559449999,3178.211773849999,3547.900642849999
54240,G06007328,medium,False,15480.723,0.8407500276235722,7677.064706619998,7036.221684639428,7677.11291865,7540.196258349999,6875.623491549999,6448.9422120499985,5510.799623649999,5221.391717549999
542594,G06007315,high,False,6983.999,0.7130643653791515,3212.902458888132,3115.3168017952457,3212.927731288132,3151.2607561881323,2852.1181800881322,3266.450924588132,2844.152637688132,3320.197276588132
542661,G06007308,low,True,5182.768,0.8407500276235722,1400.5597297221445,1438.3596808947636,1400.5704572865438,1371.828537940544,1232.4102667245436,1352.660027875544,1155.841530307544,1304.8419392655437
542774,G06007314,high,False,8053.956,0.7130643653791515,3746.673747208127,3580.1838931552443,3746.686591688132,3676.1269549881313,3333.7051398881317,3648.411842088132,3165.033004688132,3550.405411888132
543055,G06007316,medium,False,4594.51,0.7130643653791515,1937.2774019581336,1993.461228035239,1937.286112758132,1896.9894286581318,1701.4674401581321,2354.2737782581316,2078.257599858132,2771.398024258132
543225,G06007326,high,False,4037.883,0.7130643653791515,1772.9439756699976,1854.3662441800034,1772.9560302700002,1736.8331066700002,1561.49207137,2260.8177615699997,2013.30540507,2748.81195897
543327,G06007307,medium,False,2642.9680000000003,0.8407500276235722,1094.8800856500013,1254.8135203899974,1094.8850900400003,1071.7256235400002,959.35272854,1803.52635654,1644.8882980399999,2512.25321164
543447,G06007317,medium,False,4405.97,0.7130643653791515,1858.1069172888074,1922.7643106122696,1858.1122871288112,1819.646088328811,1633.0017771288112,2306.294106128811,2042.836690728811,2754.592485828811
543528,G06007302,high,False,17506.396,0.8407500276235722,8545.809916746264,7795.216168261052,8545.862852926268,8391.560672726266,7642.786968126265,7022.256401426264,5965.222598826264,5499.272938126264
543586,G06007310,low,True,6276.982,0.7130643653791515,1788.3331487205235,1817.335827380668,1788.347433025523,1753.439025673523,1584.0983859045232,1635.4766118825232,1396.4161482405232,1482.7319317335232
54361,G06007317,low,True,8571.579999999998,0.7130643653791515,2535.178830343823,2543.432817313668,2535.191665579524,2487.833786962523,2257.9261707165233,2169.915999700523,1845.3732611175233,1804.870493548523
543790,G06007323,high,False,17383.917,0.7130643653791515,8549.28307613814,7781.638410945236,8549.254338288132,8398.48578598813,7666.623673188133,7085.205963688131,6052.209094688133,5621.550283388131
543819,G06007312,low,True,5450.09,0.7130643653791515,1498.665710737522,1532.8205390926682,1498.671866971523,1468.6131157035231,1322.7516194685231,1428.1817471055233,1222.2817080615232,1357.800602182523
543951,G06007329,high,False,7479.985000000001,0.7130643653791515,3473.8874800981334,3344.0926265652415,3473.9039734881317,3407.916325388132,3087.594935488132,3453.2042431881314,3001.033789588132,3432.798460688132
543984,G06007313,high,False,8947.979000000001,0.8407500276235722,4170.674515959998,3951.662112639429,4170.6706770499995,4092.3386167499993,3712.09343405,3939.7275865499987,3402.95539775,3709.037682249999
544039,G06007330,high,False,13237.080000000002,0.7130643653791515,6382.34899302813,5881.473724295238,6382.331813088133,6267.842992688133,5711.690976488133,5534.489772288132,4749.4649100881325,4687.191408188131
544055,G06007307,medium,False,7538.5509999999995,0.8407500276235722,3444.5069558399973,3316.283121299431,3444.52453125,3378.307430749999,3056.927866349999,3420.0635052499993,2966.388634249999,3395.898792249999
544089,G06007314,high,False,9191.368,0.7130643653791515,4434.417152648133,4194.150249455242,4434.46050068813,4352.387889988131,3954.1987034881317,4140.593282788132,3578.463084588132,3847.0600375881318
5442,G06007314,medium,False,7423.718000000001,0.7130643653791515,3518.2563491986425,3391.55600726537,3518.294288988641,3451.524312188641,3127.6221113886413,3485.1541667886413,3027.941999288641,3452.2124552886407
54423,G06007310,low,True,2342.867,0.7130643653791515,659.0033171253002,718.9788776939994,659.0130581727001,645.5807089767,580.3881248276999,871.5031476086999,779.4729107157001,1084.0529584617
544243,G06007313,low,True,4731.578,0.8407500276235722,1312.5021542522559,1356.5946566438424,1312.5221735606556,1285.7529381236554,1155.9138035516555,1298.2259438246556,1114.9214362706557,1284.0342344906555
544502,G06007310,low,True,6138.682999999999,0.7130643653791515,1714.6700392803236,1741.6463117726682,1714.670707609523,1681.0230376095233,1517.6444247015233,1582.752323020523,1352.1298479795232,1450.9751247075233
544523,G06007317,high,False,7004.104000000001,0.7130643653791515,3261.0523715681343,3161.8635875552404,3261.085925488132,3198.614060688132,2895.562337088132,3300.921548288132,2873.094893888132,3340.985436988132
544554,G06007301,high,False,6618.525,0.7130643653791515,3025.9079483181317,2951.7030700452397,3025.921557288132,2967.406833588132,2683.416367088132,3132.635105488132,2731.739561688132,3239.567542588132
544815,G06007315,high,False,8691.128,0.7130643653791515,4099.1847353381345,3891.375980265237,4099.202284088133,4022.7665133881314,3651.760907888132,3900.6760283881317,3376.9381256881315,3702.470185088132
545225,G06007315,low,True,411.46,0.7130643653791515,106.98501209760133,177.46090093200075,106.985306106,104.72107501799998,93.731574006,509.568503502,494.05525851000004,912.160627242
545230,G06007326,medium,False,6601.138,0.7130643653791515,2928.691660879148,2850.07618816607,2928.684985679151,2872.580695779151,2599.875409079151,3075.139684979151,2690.2515857791514,3221.928240579151
54534,G06007322,medium,False,13902.292,0.7130643653791515,6884.462698218129,6340.562968805245,6884.506768088131,6761.512109788131,6164.681718688131,5893.869490288131,5051.327065988131,4903.712808288132
545656,G06007328,medium,False,1953.492,0.7130643653791515,821.2036704399991,1016.288522160002,821.21122476,803.8907591599999,719.8603711599999,1629.2892023599998,1510.66109876,2437.4269723599996
545683,G06007328,medium,False,4864.648,0.7130643653791515,2057.063399238143,2098.5414285552433,2057.0747893581324,2014.396788458132,1807.3404487581324,2433.600639058132,2141.299433658132,2810.269654258132
545727,G06007316,medium,False,837.232,0.7130643653791515,345.37058848000186,597.6809071200014,345.37146816000006,338.06139656000005,302.58126656,1323.7449205599999,1273.65967976,2302.14729736
54574,G06007308,low,True,5750.661,0.8407500276235722,1579.4245339361978,1612.5701813616022,1579.4348133374992,1547.571556786499,1392.9950001554994,1478.3502252945,1260.1324259984995,1377.3719226614994
545950,G06007310,low,True,321.724,0.7130643653791515,83.64910395240005,154.74711946399964,83.64933039959999,81.8789807556,73.28648887559997,494.6403780156,482.51083857960003,905.6384710476
546026,G06007322,low,True,1096.684,0.7130643653791515,288.65756322900006,354.77100390199996,288.6596858376,282.5657845416,252.9904361166,626.0487044916,584.2984328796,963.4685850816
546027,G06007329,high,False,2152.344,0.7130643653791515,945.2046838299993,1127.6409330499987,945.2112703,925.7822704999999,831.4189469,1717.1058251,1583.909709,2489.0961876
546208,G06007308,medium,False,11935.850999999999,0.8407500276235722,5867.771451549988,5455.22650740943,5867.810856049999,5761.116705349998,5243.2263045499985,5154.213480649999,4423.147146549999,4441.060985449999
546245,G06007328,high,False,9286.611,0.7130643653791515,4413.958686630003,4172.92788616943,4413.986411849999,4331.5608997499985,3931.5847070499995,4113.830756249999,3549.187309949999,3814.0056888499985
546247,G06007316,low,True,5003.012000000001,0.7130643653791515,1360.496088887444,1399.3301906467577,1360.5037591500438,1332.763071084044,1198.1499480900438,1329.4540746750436,1139.420812305044,1298.5062919440438
546325,G06007301,low,True,3699.2780000000002,0.7130643653791515,958.0825241063989,1005.3989319919957,958.0844064581999,937.7890146072001,839.2942146582001,1053.7226979852003,914.6839885392001,1149.4376441322001
546462,G06007308,medium,False,9111.986,0.8407500276235722,4336.546687299995,4106.494240139433,4336.597026649999,4255.439787949999,3861.7258628499994,4058.4433154499993,3502.637390149999,3780.6385401499992
546551,G06007322,medium,False,5396.305,0.7130643653791515,2386.262830818126,2390.83617284524,2386.283992088132,2338.435829088132,2106.3156593881317,2674.9066393881317,2347.2133945881324,2963.691493888132
54665,G06007323,medium,False,5692.07,0.7130643653791515,2539.021370158133,2524.8407185652327,2539.0521066881324,2488.6222551881324,2244.121140088132,2784.215734388132,2439.046000888132,3029.550951988132
546672,G06007317,high,False,3773.763,0.7130643653791515,1571.2208687599998,1672.2150065500005,1571.22589179,1538.1665758899999,1377.69402589,2111.17436729,1884.64195649,2651.2546204899995
546717,G06007310,low,True,2618.4610000000002,0.7130643653791515,680.7359206431013,735.9153199160028,680.7383883909001,666.3283577558999,596.4017012918999,876.5867419959001,777.8745481989001,1072.4887185549
546838,G06007326,high,False,20088.093,0.7130643653791515,10139.60757719813,9196.98776196524,10139.674619088131,9962.25310538813,9101.498140188132,8223.305181088132,7008.193775088132,6307.548561588132
546920,G06007307,high,False,18344.743000000002,0.8407500276235722,9238.279141389996,8412.564822869439,9238.369721449999,9075.32998585,8284.19490435,7566.1844971499995,6449.316864049999,5894.751406149999
547209,G06007312,medium,False,6139.225,0.7130643653791515,2763.11960284813,2719.971714355241,2763.1399246881315,2708.9898316881317,2446.318712188132,2944.585055388132,2573.766967088132,3126.2067695881315
547211,G06007330,high,False,7541.369000000001,0.7130643653791515,3485.425906688132,3351.996204015242,3485.444004088132,3419.2403356881314,3098.0061089881315,3461.4618096881322,3007.9795813881315,3437.737424088132
547251,G06007310,high,False,10031.179,0.7130643653791515,4822.02904660813,4527.79195213524,4822.0546036881315,4733.517923588131,4303.8986491881315,4417.966535688132,3811.492824188132,4014.1901752881317
547320,G06007312,medium,False,3843.0,0.7130643653791515,1601.3981493599986,1698.7912082294324,1601.4046683799988,1567.722386179999,1404.295336879999,2130.980135879999,1900.2756914799988,2660.664871079999
547513,G06007301,low,True,4379.602000000001,0.7130643653791515,1162.4883235993536,1207.084495107991,1162.4973894883515,1138.1016016873514,1019.7426496753515,1188.4643581333517,1021.3743383653516,1214.5128110413516
54766,G06007308,high,False,17373.783,0.8407500276235722,8721.50077301,7958.891387289428,8721.57626785,8567.126697849999,7817.902637449999,7196.388353949999,6138.697900849998,5671.757084249999
547692,G06007301,medium,False,16455.684,0.7130643653791515,8306.697588648127,7597.701044655232,8306.785368888131,8159.985764388131,7447.835687388133,6911.667163588132,5906.3002479881325,5517.130311388131
54909,G06007311,high,False,11854.473000000002,0.7130643653791515,5797.168081138128,5385.716568945249,5797.223505488131,5692.333468788132,5183.673715088133,5115.793913488133,4397.705105488132,4434.719584688132
549179,G06007328,high,False,4713.603999999999,0.8407500276235722,1982.7175332198265,2035.4304738730993,1982.7373518698303,1941.07855436983,1739.0158018698305,2376.77510016983,2091.51728686983,2770.96530056983
549443,G06007326,low,True,3912.3549999999996,0.7130643653791515,1052.7654101454007,1100.1518341310002,1052.7725940795003,1030.9797209565,925.2193695885002,1122.9416770935,973.6447808415,1193.2008032985
549669,G06007313,medium,False,5846.032000000001,0.8407500276235722,2572.61512145102,2553.328582259692,2572.638533781017,2520.9858571810173,2270.4222819810175,2796.553032381017,2442.829185281017,3020.6673536810167
549808,G06007330,high,False,5812.998,0.7130643653791515,2570.168364818132,2548.2072312452387,2570.182612688132,2519.2738428881316,2272.242551788132,2806.485262088132,2457.7616943881317,3043.0102994881317
55126,G06007315,medium,False,4197.823,0.7130643653791515,1779.796525810509,1857.2886705895583,1779.808612050508,1742.7089587505077,1562.6915008505077,2251.225138950508,1997.105845250508,2722.7706691505077
55146,G06007302,high,False,28397.606999999996,0.8407500276235722,14301.695513586266,12849.479583721048,14301.827922726266,14051.270160326265,12835.859090526266,11141.226939026265,9425.382379726265,7981.696904526265
55333,G06007314,high,False,10959.792000000001,0.7130643653791515,5289.090455948133,4935.253336475236,5289.115680088131,5192.766563488132,4725.295972588132,4752.196756188132,4092.2750061881316,4215.603032388131
55581,G06007329,medium,False,7764.370000000001,0.7130643653791515,3609.619526648123,3461.737460475246,3609.639993088132,3541.3517104881325,3210.051484588132,3550.3484448881322,3082.646908888132,3491.285227088132
55656,G06007328,high,False,32595.334000000003,0.8407500276235722,16647.250119009994,14903.958885149432,16647.322583049998,16360.437561349998,14968.60639075,12868.147819749998,10903.366014749998,9089.851122249998
55755,G06007302,high,False,8663.603000000001,0.8407500276235722,3875.532316276268,3695.300084891048,3875.556104926264,3799.266961926265,3429.163336026265,3680.156706026265,3157.676759226265,3485.007562326265
55792,G06007302,low,True,2168.781,0.8407500276235722,551.1344625045022,607.9047235520017,551.1318494408999,539.4259953998999,482.5296337239001,792.7133930589,712.4063290959,1034.3610479319
55981,G06007327,high,False,7877.475,0.7130643653791515,3659.536428218132,3504.404732185239,3659.5528960881315,3590.4413653881315,3255.0927457881317,3586.061760088132,3112.651364488132,3512.8214314881316
56006,G06007314,high,False,12257.446,0.7130643653791515,5997.02330657815,5559.916047705241,5997.082487888132,5888.818659488132,5363.944207388131,5258.809206388132,4517.861397088132,4520.8619622881315
56159,G06007314,high,False,6336.0199999999995,0.7130643653791515,2928.238563309656,2871.5867542956325,2928.263847349658,2871.416313349659,2595.522679249659,3063.418190549659,2673.9452195496588,3198.793737849659
57436,G06007326,high,False,6905.092000000001,0.8407500276235722,3142.5460585981195,3050.201839545243,3142.563766488133,3082.0781680881323,2788.6415678881326,3216.0937732881325,2801.8590697881323,3289.842721288132
57576,G06007314,high,False,8606.029999999999,0.7130643653791515,4099.702980648135,3897.195712555241,4099.733325088133,4023.2756841881323,3652.218776688132,3901.0567364881317,3377.245447288132,3702.709787588132
57631,G06007316,medium,False,4812.789000000001,0.7130643653791515,2064.7108767481313,2106.7577504752403,2064.721987508132,2022.286598908132,1816.392243908132,2445.358132808132,2154.705960308132,2826.127759608132
5767,G06007314,medium,False,3697.5050000000006,0.7130643653791515,1733.368266240004,1825.0172018300007,1733.3876960699997,1699.52545607,1535.1395644699999,2259.69933057,2027.64996637,2786.16194327
57990,G06007306,low,True,4207.037,0.8407500276235722,1098.8350634642798,1143.4871566999097,1098.8396128958793,1075.6082660648794,962.8810058948794,1144.5526905038791,985.4171015768792,1190.3472586118794
58158,G06007330,high,False,14749.588,0.7130643653791515,7397.910644948131,6798.8615354552385,7398.017544888131,7266.31528958813,6627.78454388813,6261.348043688133,5359.9972412881325,5125.092260488132
58160,G06007313,medium,False,4632.47,0.8407500276235722,1994.30832038187,2046.3001887741898,1994.325967821867,1953.297277721867,1754.2108323218672,2398.830590821867,2117.783057021867,2803.512163921867
58210,G06007322,medium,False,2383.511,0.7130643653791515,1061.5894316400006,1230.2295478199983,1061.59665546,1040.0573513600002,935.4380343600001,1797.5422263599999,1649.87379466,2533.58717046
58278,G06007326,high,False,20230.591,0.7130643653791515,10286.15230972813,9334.199892315239,10286.252576088133,10106.35993198813,9233.760472388132,8328.187062588133,7096.267635088132,6370.811031088133
58367,G06007327,high,False,25415.037,0.7130643653791515,12968.140689348138,11681.587451355243,12968.231844688133,12743.627820888132,11653.516356388134,10247.395247488132,8708.515430588131,7527.625030588131
58563,G06007308,low,True,8986.393,0.8407500276235722,2729.8265772267027,2744.3364607746,2729.8664875754994,2678.7691056734993,2430.914243593499,2301.6073426904995,1951.6883154914995,1873.5713868344992
5868,G06007330,medium,False,5833.498,0.7130643653791515,2600.518689238133,2576.9475295052403,2600.5365976881317,2549.1191347881318,2299.624924988132,2828.222053288132,2476.0107819881323,3056.102997388132
59072,G06007310,medium,False,3872.346,0.7130643653791515,1621.1515301300008,1717.421299600001,1621.1626125300002,1587.03043043,1421.41189393,2143.05176863,1909.24752023,2665.06813883
59155,G06007324,medium,False,6528.554,0.7130643653791515,2951.8952566781322,2883.5768684652394,2951.9051546881324,2894.631813688132,2616.654564188132,3079.6667888881316,2687.245691788132,3207.643802088132
59538,G06007317,medium,False,9890.617999999999,0.7130643653791515,4761.067232848132,4476.023258255242,4761.107753688133,4673.573751388132,4248.906918988132,4374.333486788131,3774.831068988132,3987.9196355881318
59695,G06007324,low,True,2265.839,0.7130643653791515,614.3081269878029,674.5784129770002,614.3184673731001,601.4190691340999,538.8610741731001,836.0197920381001,747.7005996921,1057.7682710691001
59730,G06007308,high,False,6660.938,0.8407500276235722,2995.0930649999973,2923.2497841194295,2995.1107252499987,2936.399641849999,2651.4539917499997,3098.470454449999,2696.224639349999,3202.072450749999
59866,G06007316,low,True,3546.8769999999995,0.7130643653791515,935.3039618978993,985.4217092020002,935.3112885332998,915.5663938952998,819.7760306672999,1040.4389049753,905.2096018502999,1145.6327441822998
59885,G06007315,medium,False,5777.724,0.7130643653791515,2605.161406858135,2584.933551745242,2605.179473488132,2553.6890801881323,2303.813129688132,2831.5589957881316,2478.806299088132,3058.1129575881314
60009,G06007301,high,False,4917.117,0.7130643653791515,2134.242602388639,2169.6999879753694,2134.265252668641,2090.628396368641,1878.967564068641,2494.642729568641,2195.828221268641,2855.1705485686407
60226,G06007311,high,False,5465.924,0.7130643653791515,2414.7997315481325,2415.1416586952414,2414.8258908881317,2366.483267688132,2132.051004488132,2695.3189040881316,2364.3674298881315,2975.9849846881316
60288,G06007311,low,True,5972.117,0.7130643653791515,1732.3789938333844,1766.014432865336,1732.3884948444859,1698.7670983644857,1535.538356282486,1601.016442286486,1370.600826170486,1469.7929730864857
60314,G06007313,medium,False,6438.092000000001,0.8407500276235722,2966.0740988499956,2908.2642562494284,2966.12286785,2907.845116049999,2625.253806149999,3077.74128425,2678.783441649999,3189.556341649999
6059,G06007317,low,True,8688.422999999999,0.7130643653791515,2573.2410644103243,2580.5948134506666,2573.2464344295236,2525.2468604925234,2292.2646650115234,2197.1616544935237,1868.2707201705234,1821.2524689135234
60703,G06007327,medium,False,11834.992,0.7130643653791515,5856.014276508129,5445.071770135239,5856.0707390881325,5750.249029488132,5236.791939388133,5157.912349288132,4433.059158488132,4460.1948986881325
60729,G06007306,low,True,7113.927,0.8407500276235722,2038.6185397955999,2061.2422664256005,2038.6312628534995,1999.0991812364996,1807.2911825324993,1806.9536988074988,1536.1775166134994,1575.4224966764993
60842,G06007317,medium,False,6515.646,0.7130643653791515,2930.5895196181277,2863.0734545052387,2930.598057888132,2873.6903295881316,2597.4238332881323,3064.4087959881317,2674.429110288132,3198.469141988132
60874,G06007317,medium,False,5396.359,0.7130643653791515,2377.5669155581345,2382.259618445241,2377.588189688132,2329.8799197881317,2098.454147488132,2668.674826288132,2341.984454288132,2959.933997388132
60982,G06007327,medium,False,3612.018,0.7130643653791515,1520.5261237000002,1629.3596010899994,1520.5391154300003,1488.67942043,1334.10226283,2081.14759323,1862.92978713,2641.89041513
61019,G06007316,high,False,3633.0730000000003,0.7130643653791515,1496.7480853100049,1606.0746879399967,1496.7521283900003,1465.05684429,1311.25574979,2060.08229589,1842.96954279,2623.5290020899997
61139,G06007330,medium,False,4010.2000000000003,0.7130643653791515,1676.9636834689798,1766.2460855097404,1676.974464718982,1641.651046518982,1470.2843019189822,2178.6835085189823,1936.759275818982,2680.508409218982
61228,G06007316,high,False,7020.898,0.7130643653791515,3206.525860338132,3106.51812600524,3206.539275088132,3144.9911515881313,2846.3485000881315,3261.885160288132,2840.3260849881317,3317.4312109881316
61366,G06007328,high,False,9600.168000000001,0.8407500276235722,4614.743813290004,4353.337728009434,4614.801068649998,4528.967009749998,4112.721955449999,4257.54314645,3669.8931046499993,3900.5844969499994
61528,G06007316,high,False,3629.482,0.7130643653791515,1517.4761693500004,1626.7485124299994,1517.48610646,1485.45076996,1329.9981921600001,2075.03910756,1855.58589526,2632.7082641599995
61622,G06007307,high,False,7849.83,0.8407500276235722,3660.242148669996,3511.6471220494327,3660.2722358499987,3590.4428110499994,3251.56491525,3574.4626563499987,3096.076741149999,3488.961836349999
61800,G06007314,low,True,4897.126,0.7130643653791515,1308.4466178660234,1346.35164903067,1308.4479244482231,1281.587900278223,1151.2250781432233,1292.3081727732233,1108.284500059223,1276.2645619962232
61930,G06007327,high,False,10460.257,0.7130643653791515,5079.364425898137,4757.303419145235,5079.403286488132,4986.562385088131,4536.078320788132,4602.123147888133,3966.181236288132,4125.203493688132
62008,G06007324,medium,False,2709.991,0.7130643653791515,1134.2873009499995,1290.730551719999,1134.29755053,1110.3473271299997,994.1810320300001,1829.63331023,1665.6342091299998,2525.04757243
62057,G06007310,medium,False,6468.552,0.7130643653791515,2950.682497438133,2886.196163125236,2950.7093770881324,2893.4235630881317,2615.545066488132,3078.8111737881322,2686.517235888132,3207.112683588132
62059,G06007301,medium,False,12162.014,0.7130643653791515,5925.011470858135,5493.29024176524,5925.039117488133,5818.112037488132,5299.064105788131,5207.253436488132,4474.533311188132,4489.948594288131
62221,G06007315,low,True,2773.308,0.7130643653791515,737.3242486953003,793.1588831389993,737.3329846092,721.7904312612001,646.4051506332,914.0317155822001,807.6055306332,1090.7860861392
62323,G06007310,low,True,4914.123,0.7130643653791515,1332.0059672166233,1371.813006861668,1332.0156208515232,1304.737652098523,1172.3941920525233,1308.9205214415233,1122.0910130655232,1285.9296947175233
62500,G06007325,low,True,17212.824999999997,0.8407500276235722,5457.287572884004,5403.803982275604,5457.3521222115,5360.6478325994985,4891.6637517194995,4253.416404928499,3591.3238438124995,3049.8478547324994
62504,G06007306,medium,False,3865.01,0.8407500276235722,1597.7157582094917,1695.0849875798654,1597.7258708694912,1563.9056795694912,1399.8427154694914,2125.087818669491,1893.494559669491,2652.561446169491
62505,G06007314,medium,False,4857.671,0.7130643653791515,2081.0789758186406,2120.442149015372,2081.0889176386413,2038.364165738641,1831.0635595386411,2456.753705538641,2164.102959438641,2832.558312538641
62551,G06007314,high,False,6070.544,0.7130643653791515,2698.966043108127,2660.2677117752414,2698.982232888132,2645.896406088132,2388.402056488132,2898.672707288132,2535.206697888132,3098.5106192881317
62733,G06007323,low,True,10247.042000000001,0.7130643653791515,3121.978575717624,3119.8951946576663,3122.0033034255234,3064.8090511005225,2787.341649175524,2589.856068073523,2198.1450709485234,2057.916479650523
62775,G06007327,medium,False,4515.861,0.7130643653791515,2026.0300476300038,2076.0751151599993,2026.03778119,1985.79254849,1790.3717486900002,2443.45201199,2167.59609989,2861.0482691899997
63071,G06007324,medium,False,6036.0109999999995,0.7130643653791515,2708.0310190581326,2671.5841179252343,2708.052040888132,2654.819685288132,2396.617540588132,2905.161736988132,2540.649756388132,3102.446637688132
63091,G06007315,medium,False,5593.5,0.7130643653791515,2456.879407068134,2448.8734595352385,2456.885917488132,2407.8687570881316,2170.0139262881316,2725.432894688132,2389.674444888132,2994.121294988132
63152,G06007315,low,True,4643.0,0.7130643653791515,1364.3801073692941,1410.4303272920017,1364.4053717048998,1337.7446082189,1208.4569224119,1352.0221350159002,1169.4871855658998,1339.7620471989
63234,G06007323,low,True,4103.803,0.7130643653791515,1095.695523045899,1140.7730421849994,1095.7012752672001,1072.9965058091998,962.7880416462001,1150.2637532112,994.6843882211999,1204.9206799362
63382,G06007324,medium,False,8006.035,0.7130643653791515,3740.5765838281345,3577.1756154752397,3740.603410088132,3670.1150902881313,3328.2005011881315,3644.063366288132,3161.371590388132,3547.7609982881318
63418,G06007314,low,True,4738.5,0.7130643653791515,1296.0350787697923,1339.035163950771,1296.049545648792,1269.4343898157922,1140.326697591792,1284.3242073127922,1102.0582439227924,1272.6883115257924
63766,G06007310,low,True,7690.255,0.7130643653791515,2266.735078054523,2285.2621316106643,2266.760564011523,2223.835115536523,2015.708586625523,1977.8281083765232,1684.011993007523,1689.0440632905234
64025,G06007330,high,False,9885.031,0.7130643653791515,4759.96328789813,4474.919958545233,4759.988310088131,4672.489368888131,4247.865941188133,4373.554829488132,3774.183062488132,3987.4221796881316
64112,G06007302,medium,False,6375.068,1.0497359105206039,2775.9752322386425,2739.2632662659394,2776.022231038642,2718.5607261386417,2439.933840838642,2901.527435338642,2508.158198738642,3027.217525338642
64134,G06007314,low,True,10101.21,0.7130643653791515,3044.995960758023,3041.0334764076674,3045.008776501523,2989.139686966523,2717.898595201523,2534.735442982523,2151.8483911695234,2024.7557492505232
64162,G06007311,medium,False,11862.095000000001,0.7130643653791515,5857.0545765081315,5444.248932855242,5857.097633088131,5751.271583888132,5237.730424088131,5158.667596588131,4433.698906888132,4460.622023688132
64268,G06007326,low,True,10607.055,0.8407500276235722,3225.1905779361223,3218.3426055446675,3225.2075533995235,3166.3119243345227,2880.469406737523,2663.702211955523,2260.184561482523,2102.4486013125234
64295,G06007323,high,False,13047.33,0.7130643653791515,6444.347832438138,5955.670762225247,6444.404118688133,6328.736529488131,5767.600911388132,5578.920924488131,4786.745751788132,4713.894939688132
6449,G06007306,medium,False,16296.819000000001,0.8407500276235722,8244.625656250002,7550.926266489429,8244.73863285,8098.217464349998,7387.663482349999,6855.164022949999,5852.006327849999,5466.134682849999
64496,G06007315,medium,False,10199.999,0.7130643653791515,5012.400329848135,4706.885619155239,5012.4653554881315,4920.719685188133,4475.669111888132,4554.216490988132,3925.9112660881324,4096.362662888132
6528,G06007301,medium,False,7629.955,0.7130643653791515,3544.929887868134,3405.6696310152406,3544.953361688132,3477.751494988132,3151.6913833881326,3504.049872588132,3043.7491080881323,3463.4073684881314
6548,G06007308,medium,False,4662.219999999999,0.8407500276235722,1966.7031037486397,2019.4944841153729,1966.711877068641,1925.7812141686406,1727.1807413686408,2372.908802368641,2092.546418768641,2779.236716968641
65642,G06007301,low,True,7694.333,0.7130643653791515,2297.714815108524,2319.045353614665,2297.7367663875234,2254.324990357523,2043.674511787523,2000.0036216385233,1702.627962421523,1702.4494566765231
65718,G06007316,medium,False,3992.993,0.7130643653791515,1677.6841821500009,1767.339237270001,1677.6986153999999,1642.4619263000002,1471.5172189999998,2180.8968920999996,1939.5726134999998,2684.2305503
65894,G06007324,high,False,15458.77,0.7130643653791515,7636.334842298129,6992.2533505052415,7636.3636596881315,7500.858744888132,6843.059365188132,6431.878185388132,5503.299149288132,5228.022637588132
65942,G06007323,low,True,12300.038,0.7130643653791515,3757.4383096392253,3733.5670487536677,3757.4497123935225,3689.6675519895234,3360.6804761385233,3044.5748424855224,2580.150851608523,2331.985866829523
65964,G06007312,medium,False,3634.187,0.7130643653791515,1507.6872033005104,1616.604559049557,1507.6952804205082,1475.8497924205078,1321.356302720508,2068.608390720508,1850.519197820508,2629.6302698205077
66318,G06007315,medium,False,3665.228,0.7130643653791515,1530.3001035299958,1637.8121916499988,1530.3095396400004,1497.9900169400003,1341.1815165399998,2083.09610424,1861.7272089399999,2635.9905625399997
66594,G06007323,low,True,5057.157,0.7130643653791515,1370.905600017328,1408.590629554669,1370.9110473375233,1342.987410043523,1207.4904229425233,1336.757631196523,1145.4789644775233,1302.7000919205234
66617,G06007310,high,False,7258.345,0.7130643653791515,3321.8188918681276,3206.5526829952237,3321.8419708881324,3258.3282669881314,2950.319433088132,3344.399243888132,2909.6461133881317,3367.108183588132
66682,G06007325,high,False,9721.671,0.8407500276235722,4593.854921049997,4325.08922540943,4593.88302605,4508.436853949998,4093.8756609499987,4242.552966749999,3657.333811649999,3891.5629148499984
66736,G06007306,low,True,8301.665,0.8407500276235722,2436.995256425098,2450.215583584602,2437.0155132434998,2390.8293670274993,2166.7185670094996,2092.032569275499,1775.6542416044995,1747.2569038124993
66804,G06007310,high,False,4806.3949999999995,0.7130643653791515,2051.5250939281304,2094.283992465245,2051.538199898132,2009.295248798132,1804.365945598132,2435.521300898132,2146.221586298132,2819.6484246981317
66907,G06007301,low,True,10707.634999999998,0.7130643653791515,3312.5145542043224,3310.574392212669,3312.5485579755223,3252.1731022545223,2959.245517276524,2726.2092111885227,2312.677712731523,2140.1226078015234
66991,G06007312,high,False,4141.834,0.7130643653791515,1727.829602279999,1807.10487163,1727.8259483899997,1691.8838675899997,1517.3135027899998,2218.34752399,1971.9256632899996,2709.0226750899997
6710,G06007301,low,True,6808.094,0.7130643653791515,1958.6833297656235,1982.718289261668,1958.6968756035233,1920.943437265523,1737.792129016523,1757.377399387523,1498.822926070523,1556.199390868523
67141,G06007302,medium,False,2878.7340000000004,0.8407500276235722,1186.3031509299935,1334.168869430002,1186.30370002,1161.19056822,1039.29837692,1861.56117602,1689.4896833199998,2536.9092471199997
67145,G06007313,medium,False,6341.530000000001,0.8407500276235722,2839.9158572099986,2788.81776724943,2839.94544865,2783.7880495499994,2511.441577149999,2987.437265649999,2602.948252649999,3135.114065049999
67173,G06007301,low,True,7502.091,0.7130643653791515,2186.317229870423,2204.254270277668,2186.3296252275236,2144.7769406415227,1943.162508664523,1920.2756999805233,1635.6673737405235,1654.3736444235233
67296,G06007323,medium,False,4722.975,0.7130643653791515,2051.8990030493233,2098.5337426323986,2051.92356170932,2009.8364129093202,1805.7033801093203,2438.71290310932,2150.52310780932,2825.6440265093197
67492,G06007316,high,False,5834.586,0.7130643653791515,2571.3464784481307,2547.870716995245,2571.348449888132,2520.425916888132,2273.2892013881324,2807.340416488132,2458.486980888132,3043.4874538881318
67494,G06007306,medium,False,10626.877,0.8407500276235722,5167.7185287799975,4839.872034999433,5167.779912849998,5072.727217349999,4611.639134149999,4653.255939249999,4002.304296649999,4139.114374249999
67775,G06007311,low,True,2933.536,0.7130643653791515,774.6858630504028,827.8527767509986,774.6858042020999,758.4849280701001,679.8092574231002,939.8676890091001,828.8121670401,1105.1203970931
67784,G06007310,low,True,3303.373,0.7130643653791515,885.5123050619994,938.2533921110014,885.5236612844999,866.9503944045,776.8552145445,1010.6339501145001,883.4414280285,1135.8126425175
67869,G06007328,low,True,6440.602999999999,0.8407500276235722,1830.2026759946991,1859.914074724602,1830.2247720854998,1794.1641037424995,1619.2518124545,1657.8151107194994,1410.8820165704994,1485.5466241004992
67964,G06007329,medium,False,5511.612,0.7130643653791515,2440.3180153896633,2436.6815928056285,2440.335232099659,2391.715571599659,2155.769822599659,2715.538871099659,2382.453982999659,2990.950365399659
68001,G06007310,medium,False,3286.17,0.7130643653791515,1351.9131186700013,1478.9526383500029,1351.9152695,1323.2805732,1184.3180125,1967.3070508,1771.1450166999998,2582.7994839
68152,G06007311,low,True,13744.36,0.7130643653791515,4320.233735496928,4293.471655672666,4320.283627603523,4243.039386508523,3868.4131211805234,3447.3440331765237,2918.475788278523,2574.712597642523
68247,G06007322,high,False,10036.306,0.7130643653791515,4691.283026468134,4397.000548475238,4691.2659704881335,4605.003796888132,4185.979878788132,4324.345756188132,3732.874751188132,3957.8381415881317
68328,G06007324,medium,False,4410.495,0.7130643653791515,1867.8423768199978,1932.1304557900007,1867.84699391,1829.2398343099999,1641.82423251,2313.2799523099998,2048.71238891,2758.8755309099997
68437,G06007330,medium,False,13281.094000000001,0.7130643653791515,6603.129774188132,6099.14289765524,6603.203967888132,6484.862735488132,5910.853372688131,5692.563994288132,4882.194658688131,4782.386629988132
68496,G06007313,high,False,5643.757,0.8407500276235722,2464.8617611899963,2458.617253569431,2464.879424249999,2415.013307349999,2173.0592362499983,2719.038253049999,2377.479938549999,2973.373731649999
68532,G06007315,medium,False,9138.807,0.7130643653791515,4422.993849198128,4186.080388145239,4423.0473802881315,4341.142327288133,3943.8906268881324,4132.433328988132,3571.6008903881316,3842.1197962881315
68715,G06007313,high,False,7402.4580000000005,0.8407500276235722,3341.1221932510184,3221.1023544896893,3341.124122151017,3276.731291651017,2963.9855065510164,3346.999132251017,2905.5363804510166,3353.201737651017
68780,G06007314,high,False,3496.442,0.7130643653791515,1443.1328950200002,1559.3481516400002,1443.1382124600002,1412.59193146,1264.35446196,2025.9984750600001,1816.74036906,2608.97283416
68822,G06007330,medium,False,2046.6910000000003,0.7130643653791515,852.7918825000002,1043.16990727,852.79767773,834.7791186300001,747.35694263,1648.97085043,1525.55571923,2445.20785453
68854,G06007325,high,False,10637.065,0.8407500276235722,5168.714342499998,4840.34896761943,5168.7701606499995,5073.69932335,4612.524400149999,4653.9638249499985,4002.908982349999,4139.526688949999
68969,G06007325,high,False,15945.063000000002,0.8407500276235722,7884.380759790001,7214.292830829428,7884.429724449999,7743.9955068499985,7062.662972949999,6597.308780949998,5635.459015449998,5310.705241049999
69014,G06007302,medium,False,11103.809,0.8407500276235722,5265.77709338627,4927.199517601052,5265.831286926265,5166.325068526265,4683.452809526265,4675.059230826265,3993.408538526265,4084.6852642262643
69032,G06007316,low,True,739.9370000000001,0.7130643653791515,192.18387147119898,260.3641259590008,192.18441016530005,188.11567908630005,168.3702708093,564.0538972053,536.1802344093,935.9385671193
6906,G06007324,high,False,6069.001,0.7130643653791515,2736.5176385481304,2697.7059393552386,2736.535152688132,2682.8488282881317,2422.324586388132,2925.546813088132,2557.768414588132,3114.7607321881314
69061,G06007311,low,True,7902.604,0.7130643653791515,2380.813917966624,2401.9692741696663,2380.8403560615234,2336.033638693523,2118.6506849055236,2059.474666558523,1752.583856395523,1738.2897984585234
69174,G06007310,medium,False,4738.8769999999995,0.7130643653791515,2206.2220003700004,2238.4751253700006,2206.2456156999997,2163.4084525,1955.4753106000003,2579.8028651,2286.2770277000004,2953.5533544
69279,G06007310,high,False,9386.257,0.7130643653791515,4477.9928329981285,4225.452802285241,4478.023521488132,4395.225014388132,3993.508438188132,4171.765368088132,3604.667661688132,3865.816714788132
6939,G06007315,high,False,9541.777,0.7130643653791515,4575.754392378129,4312.951574725237,4575.777821288131,4491.375405088131,4081.721144288132,4241.723847788133,3663.432921588132,3908.010277188132
69441,G06007325,low,True,3549.7099999999996,0.8407500276235722,926.4793238190017,975.5640545980003,926.482788693,906.8875075889999,811.7970296939999,1034.0641518780003,899.826509514,1141.713600675
69583,G06007325,medium,False,4190.74,0.8407500276235722,1740.8242785789853,1820.4289705891665,1740.827264498981,1704.1768779989807,1526.3048845989806,2219.740600098981,1968.6463488989807,2698.7719745989807
69883,G06007316,medium,False,4705.601000000001,0.7130643653791515,2011.6431411486412,2060.172810525368,2011.6543435986412,1970.1710294986408,1768.895856398641,2408.483180998641,2124.350138398641,2805.450967098641
70446,G06007322,low,True,11689.849,0.7130643653791515,3637.67463548882,3627.4699283936684,3637.7142459135234,3571.9020827835225,3252.618278020523,2958.902775760523,2508.148366438523,2280.361509520523
70741,G06007311,medium,False,3149.4480000000003,0.7130643653791515,1319.6989027399973,1453.6305322999983,1319.7091908399998,1291.8570563399999,1156.7289298399996,1948.54459004,1757.78344004,2577.4845845399996
70766,G06007310,low,True,11512.07,0.7130643653791515,3520.2224490729222,3505.2872886886666,3520.2477118335237,3456.419514148523,3146.6597866125235,2874.827894170523,2437.5361477545234,2229.704997271523
70779,G06007308,high,False,11748.488000000001,0.8407500276235722,5692.42182134,5292.49426033943,5692.459185249998,5588.680495649998,5085.042910649998,5028.712774849999,4317.733317549999,4365.405000049998
709,G06007301,high,False,7469.552,0.7130643653791515,3470.972230818135,3341.992305605241,3470.9994558881317,3405.0268109881317,3084.9546860881314,3451.1275020881317,2999.2883265881314,3431.511405188132
70971,G06007322,high,False,6312.419,0.7130643653791515,2844.9511842381326,2790.5485823052413,2844.954994888132,2789.4685855881316,2520.146910188132,3003.1385977881323,2622.9638987881317,3161.5047784881317
71132,G06007313,medium,False,6550.902,0.8407500276235722,2972.4265442099922,2907.5614681094353,2972.45391725,2914.099419549999,2630.9949417499993,3082.2686861499988,2682.6057911499993,3192.2850987499987
712,G06007312,medium,False,7221.0560000000005,0.7130643653791515,3310.9753056581317,3197.815044265238,3310.984783288132,3247.7299213881315,2940.629234588132,3336.626341188132,2903.101104288132,3362.533018388132
71339,G06007315,medium,False,8199.943,0.7130643653791515,3943.494893878126,3766.856081105239,3943.5448778881314,3869.6649322881317,3511.2745875881324,3789.302001988132,3283.3437571881323,3635.339656788132
71491,G06007330,high,False,11534.706,0.7130643653791515,5499.693523088137,5108.915507895241,5499.6490072881315,5399.853847688131,4915.263595188131,4902.893597788132,4218.926016988132,4306.3472919881315
71903,G06007314,high,False,9728.986,0.7130643653791515,4678.909248958133,4404.160450685238,4678.947579288133,4592.792172388132,4174.784684888133,4315.545634188131,3725.4427670881323,3952.4895302881323
72030,G06007314,medium,False,6160.503,0.7130643653791515,2775.580026768132,2731.1144529152407,2775.594945288132,2721.250086188132,2457.5694606881325,2953.494382388132,2581.2551562881317,3131.591402988132
72060,G06007307,high,False,8140.683,0.8407500276235722,3783.199842780001,3615.810672839432,3783.224405249999,3711.3491961499985,3362.5014959499995,3662.452229049999,3169.9954846499986,3541.984317649999
72152,G06007311,low,True,7099.019000000001,0.7130643653791515,2112.4638907206245,2139.87491876567,2112.4872729375234,2072.167027741523,1876.530564775523,1867.4473354335232,1591.266909037523,1622.5513102155232
72203,G06007308,low,True,7827.412,0.8407500276235722,2249.6533519445998,2263.773887213601,2249.6611504814996,2206.608896614499,1997.6945797304998,1957.9587575294995,1663.0407485984997,1666.4331568154996
72208,G06007301,high,False,9614.382000000001,0.7130643653791515,4596.82402610813,4329.60121901524,4596.852482688131,4512.077797688133,4100.726855988132,4256.796720288132,3676.100489688132,3917.076479688132
72234,G06007329,medium,False,6334.798000000001,0.7130643653791515,2863.9707545281312,2808.1570968952406,2863.990076288132,2808.1749984881317,2537.322140788132,3016.743649988132,2634.381313188132,3169.7359116881316
72351,G06007307,low,True,13253.588,0.8407500276235722,4117.949334620095,4094.6245401106016,4117.9859452935,4043.687990611499,3683.2974415334998,3294.9518867984993,2786.1779795205,2472.205580614499
72389,G06007312,low,True,3719.544,0.7130643653791515,980.7927273584984,1029.7834365349993,980.8004302236001,960.0940174265999,859.6432791575999,1069.5832424346002,927.7761860436001,1158.4336669386
72581,G06007328,low,True,8064.688,0.7130643653791515,2337.637959549902,2350.6383823086,2337.648467899499,2293.1059323374993,2077.038642136499,2020.9395766124994,1715.9476352744996,1704.3451023344992
72639,G06007329,high,False,7291.838,0.7130643653791515,3355.0119239581345,3237.590235465239,3355.031688288132,3290.993095788132,2980.329142588132,3368.1481394881325,2929.589122988132,3381.470230688132
72650,G06007313,medium,False,4451.003999999999,0.8407500276235722,1880.7649765289768,1943.070809849172,1880.7642147889812,1841.8437029889812,1652.9340157889812,2321.0118106889813,2054.3577100889806,2761.3684543889813
72697,G06007302,low,True,5978.943,1.0497359105206039,1583.447288616259,1617.3911088368166,1583.459829528559,1550.1930555125587,1388.7925309055586,1458.444529071559,1230.592557591559,1333.5517368395588
73777,G06007312,medium,False,5604.519,0.7130643653791515,2459.010676168129,2450.3554621052353,2459.019132718132,2409.964023918132,2171.964376218132,2727.049231418132,2391.0877156181323,2995.2209985181316
738,G06007324,medium,False,5871.642,0.7130643653791515,2628.217739508132,2602.4964340552447,2628.247596288132,2576.3283917881317,2324.5962255881323,2848.043739688132,2492.667183688132,3068.0177654881318
73807,G06007311,medium,False,10164.494,0.7130643653791515,4957.328303508131,4654.448038955239,4957.380475088132,4866.548598588131,4425.948809788133,4514.792748988132,3892.817178188132,4072.564161488132
73913,G06007329,medium,False,4596.304,0.7130643653791515,1955.401418038811,2010.9193849722703,1955.415378018811,1914.8725267188113,1718.190929118811,2368.3541684188112,2090.702801018811,2781.4243879188107
73921,G06007327,medium,False,7934.149,0.7130643653791515,3705.5831341381313,3546.87998868524,3705.6056472881323,3635.7160721881314,3296.630352988132,3619.0085547881313,3140.328385788132,3532.6863396881317
73973,G06007325,low,True,3664.656,0.8407500276235722,958.3419692573958,1006.8662521539994,958.3476161364,938.0820740634,839.7629150274,1054.5975171444,915.7991373264001,1150.9158915924
74090,G06007306,low,True,4612.103,0.8407500276235722,1215.6599885654562,1257.3596245834206,1215.6635386469582,1190.194134644958,1066.598864804958,1223.245548734958,1048.765410104958,1230.9178465799582
74118,G06007311,high,False,7969.157,0.7130643653791515,3718.1472763781453,3557.317269205248,3718.179343088132,3648.0493981881323,3307.949169888132,3628.0047625881316,3147.886285788132,3538.077234688132
74231,G06007308,low,True,5592.740000000001,0.8407500276235722,1523.1579953749927,1557.1234997307693,1523.1639249097923,1492.2587154067924,1342.2936260347924,1438.2558522847921,1226.5516267687924,1353.4559242627925
74243,G06007310,low,True,5491.537,0.7130643653791515,1528.345727179823,1563.868171435668,1528.3593664215232,1497.797473654523,1349.5361584875232,1449.4263129585233,1240.120915006523,1370.6100497775233
744,G06007324,medium,False,11181.313999999998,0.7130643653791515,5423.396533828132,5054.580855275244,5423.425653888133,5324.887032788132,4846.4829143881325,4848.295427388131,4172.977219388133,4273.633607088132
74424,G06007316,high,False,8988.625,0.7130643653791515,4229.80448417813,4003.021290125244,4229.808050288133,4151.196718888132,3769.6086327881326,3994.1460189881323,3455.474382588132,3758.772684388132
74522,G06007316,low,True,2684.005,0.7130643653791515,787.3361830467011,845.5158965189978,787.3429660488,771.8401657008,696.5352702378,964.4087783658,858.1179261738,1141.5443957538
74676,G06007313,high,False,14161.775000000001,0.8407500276235722,6983.118532399994,6427.109830579429,6983.170384449999,6857.831368449999,6249.531021949999,5952.3676372499995,5093.637371249999,4922.087451049999
74697,G06007301,medium,False,4038.4089999999997,0.7130643653791515,1694.7459959800003,1780.7549243499993,1694.75206931,1659.3464666099999,1487.4920368100002,2194.76013591,1952.1546675099999,2694.91445931
74761,G06007311,high,False,10705.498,0.7130643653791515,5216.567022598127,4878.638773505239,5216.6075254881325,5121.473963488132,4659.873591688132,4700.313463288132,4048.6632059881326,4184.378030788132
74876,G06007326,low,True,9434.453,0.8407500276235722,2952.7440866394213,2967.938929035666,2952.8000143035238,2898.3946798725233,2634.6374762955234,2468.7862672005226,2096.404974616523,1984.953222934523
74940,G06007325,high,False,7980.311,0.8407500276235722,3682.961526899997,3526.294089819429,3682.985027049999,3612.7598810499985,3272.0585326499986,3590.7196949499994,3109.7492781499986,3498.7085668499985
75047,G06007302,low,True,10437.617,1.0497359105206039,3033.1026978438554,3030.646164945732,3033.125497915547,2975.169013063547,2694.0446103225468,2488.147132258547,2091.280705210547,1943.361317659547
75208,G06007310,medium,False,3962.437,0.7130643653791515,1653.0613588300018,1744.6994771694299,1653.0727054099991,1618.246313509999,1449.300957309999,2163.2939786099987,1924.7974391099992,2673.6282878099987
75620,G06007307,high,False,9714.014,0.8407500276235722,4646.704292880006,4378.299385499434,4646.7673568499995,4560.3848625499995,4141.54481805,4280.392665149999,3689.09670965,3914.363760449999
75844,G06007312,low,True,8566.952,0.7130643653791515,2591.265418338321,2605.6135042106685,2591.2854771855236,2542.9755060285233,2308.5096011385235,2210.078639938523,1879.1012684025231,1829.0519174235233
76382,G06007312,high,False,20153.584000000003,0.7130643653791515,10129.016688668133,9182.401571875236,10129.08874448813,9951.864715788131,9091.96043598813,8215.683065188132,7001.791173788131,6303.039058988132
76453,G06007311,high,False,2575.544,0.7130643653791515,1074.9356430599996,1238.2064689399997,1074.94303412,1052.24062252,942.08258452,1791.37070212,1635.86004312,2507.88187762
76467,G06007313,medium,False,6488.427,0.8407500276235722,2879.1259351499975,2818.5497623894194,2879.131263449999,2822.3602592499983,2546.827590849999,3015.485227549999,2626.524254249999,3152.0249370499987
76499,G06007307,high,False,22019.858,0.8407500276235722,11200.011510380007,10137.988707979426,11200.14332285,11004.220161149997,10054.064024649999,8970.04290085,7628.646393549999,6740.71968805
765,G06007330,low,True,3885.504,0.7130643653791515,1042.1905518360015,1089.682559882,1042.1989745454,1020.5641437894003,915.5731674473999,1115.0709551273999,966.8575516494,1188.0280688064
76579,G06007328,high,False,2761.069,0.8407500276235722,1153.138548500001,1306.9471261699982,1153.14476427,1128.7975449699998,1010.64133717,1841.5177017699998,1674.7194025699998,2529.9877054699996
76622,G06007330,medium,False,7500.637,0.7130643653791515,3565.110633858645,3433.3751916753745,3565.160946098641,3497.6247319986405,3170.018890898641,3518.908304598641,3056.412393498641,3472.923411698641
76659,G06007317,high,False,4468.174999999999,0.7130643653791515,1886.6778687593253,1950.061738202969,1886.6846688393214,1847.3522295393211,1656.445777239321,2319.887736839321,2050.390137939321,2753.231391639321
76811,G06007329,low,True,3052.617,0.7130643653791515,808.8876146987988,862.6969442350003,808.8948839853001,791.8359317252999,709.0764090543001,959.7275079573001,842.8940696973001,1110.6258455283
76820,G06007311,high,False,10434.929,0.7130643653791515,4976.236730308128,4656.094364615241,4976.250135088132,4885.166422588132,4443.041544188132,4528.295798988132,3904.185721088132,4080.7112061881317
77070,G06007316,low,True,3487.236,0.7130643653791515,909.104519427299,958.5047279009999,909.1074317724,889.8748896743998,796.5443855754,1022.8635400584,891.1114714074001,1136.6848011174
77248,G06007326,medium,False,2666.69,0.8407500276235722,1169.8901158399967,1324.1258490099958,1169.8954434500001,1146.02872875,1030.11171315,1866.1946240500001,1702.57639435,2562.60576675
77319,G06007327,high,False,13980.258,0.7130643653791515,6950.133988388128,6400.986150975241,6950.191020288132,6826.079957488131,6223.924536788132,5940.882622688132,5090.806949288131,4932.035325288132
77389,G06007323,low,True,6739.147999999999,0.7130643653791515,1993.548839177163,2022.6676825012498,1993.5687299340657,1955.4078209520653,1770.1967464770655,1785.122280564065,1523.6737097190653,1576.8312714090653
77436,G06007316,medium,False,4775.656999999999,0.7130643653791515,2027.403064468133,2072.250371715241,2027.411136088132,1985.5688112881317,1782.542770588132,2418.085829288132,2131.4846703881317,2808.9079464881315
77556,G06007308,high,False,10988.338,0.8407500276235722,5367.606249730001,5016.23026476943,5367.653632449999,5269.291728949999,4791.974014649999,4796.298455849999,4122.472372249998,4225.332774249999
77717,G06007313,high,False,6767.677,0.8407500276235722,3135.194813430001,3055.955926169432,3135.233072249999,3074.158167649999,2777.845876649999,3198.7648816499986,2780.450830949999,3262.5113178499987
77723,G06007315,medium,False,7825.497,0.7130643653791515,3720.5315912886426,3567.793754555367,3720.574550568641,3650.469579068641,3310.293094368641,3630.241536768641,3150.011025668641,3540.211467268641
77850,G06007311,high,False,9212.04,0.7130643653791515,4348.299590548131,4107.20021423524,4348.315300088132,4267.702652888132,3876.4982860881314,4078.937566788132,3526.702332188132,3809.8751228881315
77870,G06007314,high,False,5514.221,0.7130643653791515,2429.1633417281287,2426.2215554952395,2429.172884288132,2380.629633988132,2145.022619788132,2705.592208688132,2373.0011713881318,2982.1998043881317
77886,G06007322,high,False,13015.068,0.7130643653791515,6391.928824148134,5905.21957005524,6391.967237488132,6277.214181988133,5720.318497888133,5541.399035088132,4755.231287488132,4691.301875988132
78034,G06007307,high,False,6837.49,0.8407500276235722,3066.0741013699953,2983.055609889436,3066.083258649999,3006.1828138499986,2715.494048149999,3149.265587249999,2738.9078984499984,3232.652026449999
78075,G06007310,high,False,4888.3060000000005,0.7130643653791515,2097.27307740864,2134.5510075353723,2097.287990688641,2054.3072031886413,1845.7747094886408,2468.6427536886413,2174.260968088641,2840.1653563886407
78254,G06007313,high,False,5280.625,0.8407500276235722,2295.832423831019,2311.167530850261,2295.851996781018,2249.070931981018,2022.078507081018,2602.4626266810183,2282.014456281018,2909.265331581018
78446,G06007302,low,True,8553.386,1.0497359105206039,2538.9379558858095,2561.316692040406,2538.9716942128102,2489.8500548068096,2251.5127396888097,2144.1657396508094,1807.6992569908093,1749.5504981848096
78836,G06007330,low,True,8096.505000000001,0.7130643653791515,2410.8705793986223,2426.596755999668,2410.8916724475234,2365.5931347435235,2145.7659220755236,2080.9766189745233,1770.6500939205234,1751.2519573605232
78918,G06007317,medium,False,6791.8099999999995,0.7130643653791515,3122.859873968136,3037.308347415242,3122.876362688132,3062.7413625881322,2770.8874795881316,3202.0239653881317,2790.023429188132,3281.384594688132
79043,G06007301,low,True,3361.8269999999998,0.7130643653791515,889.2940500612002,940.5244185749985,889.3002013874999,870.5899747754999,779.7944678265,1011.9586167164999,883.7848700085001,1134.6879711795
79061,G06007325,low,True,3709.916,0.8407500276235722,1074.2418847636486,1123.9949075230074,1074.2519265919484,1053.2308536799485,951.1594739899488,1157.3909592139482,1013.3085115369486,1240.6511052409483
79076,G06007310,high,False,18109.465,0.7130643653791515,9268.966871368128,8453.199062315238,9269.089656688131,9106.173755888132,8316.008690888131,7600.2960465881315,6484.765366488133,5932.167688488131
79183,G06007301,high,False,14836.031,0.7130643653791515,7421.504981048132,6817.686935975238,7421.591654288133,7289.538287688132,6649.184064988132,6278.198174688132,5374.172850588131,5135.2986113881325
79285,G06007308,low,True,8451.159,0.8407500276235722,2486.196907053294,2498.3924229666027,2486.2235800814997,2439.1813643504997,2211.0872204924995,2127.2477629395,1805.2437792044998,1768.4343593564995
79373,G06007323,low,True,7418.743,0.7130643653791515,2194.35483936572,2216.5689046026687,2194.3691511135235,2152.6922238495235,1950.4167363375232,1926.040647280523,1640.4981632775234,1657.862376271523
795,G06007315,high,False,11884.031,0.7130643653791515,5818.149791778131,5404.326168085245,5818.1882190881315,5713.005210088131,5202.625913688133,5130.8082625881325,4410.3111149881315,4443.818576488131
79553,G06007302,low,True,5461.562,0.8407500276235722,1420.1891420534992,1455.663689277007,1420.1925255378003,1390.1339332188002,1244.2566519558002,1349.6291442318,1143.6995501868,1279.1715420678
79720,G06007310,low,True,1314.815,0.7130643653791515,337.41453203640157,401.1237300910003,337.4145856935001,330.2582235435001,295.50022969950004,656.6314960785,607.5695842005001,975.8880433545
79727,G06007317,medium,False,6413.928,0.7130643653791515,2888.6965436981336,2827.8633047452404,2888.7065596881325,2832.487534588132,2559.6297439881323,3034.433589388132,2649.250673288132,3180.387958788132
79797,G06007323,low,True,5414.016,0.7130643653791515,1504.5381138180664,1540.743615946849,1504.5514200606644,1474.4057532996644,1328.1498284916645,1432.6574406396644,1226.1832991016645,1360.8814091886643
79853,G06007311,low,True,12025.289,0.7130643653791515,3697.2327158349235,3678.953524074668,3697.258976137523,3630.4500681465233,3306.3423115515234,3001.5089205165227,2543.9630112135233,2306.004890605523
80154,G06007311,medium,False,9525.358,0.7130643653791515,4567.828573198132,4306.4186635652395,4567.863409488131,4483.562893888131,4074.567623788131,4236.046710588132,3658.6671542881318,3904.5752166881316
80162,G06007310,medium,False,9546.252,0.7130643653791515,4583.3249172681335,4320.246051235238,4583.359667288132,4498.8071395881325,4088.5460638881327,4247.149440588132,3667.984662588132,3911.264782888132
80186,G06007311,high,False,6046.407999999999,0.7130643653791515,2714.871172558133,2677.729236565235,2714.895553688132,2661.540509488132,2402.779219988132,2910.059576188132,2544.762822888132,3105.3905735881317
80407,G06007329,medium,False,13126.737000000001,0.7130643653791515,6449.056380268135,5955.405575475235,6449.096307288131,6333.348596688131,5771.838345288132,5582.298018288131,4789.599782788131,4715.869176988132
80476,G06007317,medium,False,9555.262999999999,0.7130643653791515,4559.696069208128,4296.335957635241,4559.723572088133,4475.564188388133,4067.2328648881316,4230.231472188132,3653.7857192881315,3901.0511085881317
80509,G06007326,high,False,5538.851000000001,0.7130643653791515,2605.44126490983,2589.9672596530995,2605.46471775983,2555.40949645983,2312.4057321598298,2856.0480871598297,2513.0245139598296,3106.84566355983
80641,G06007310,medium,False,6465.109,0.7130643653791515,2908.824267878131,2844.74720710524,2908.834584688132,2852.270305988132,2577.7849710881324,3048.840936588132,2661.3560411881317,3189.051816688132
80657,G06007314,high,False,7165.031,0.7130643653791515,3285.5586245981294,3176.347415685239,3285.5718204881323,3222.705943388132,2917.675670088132,3318.442195288132,2887.836997288132,3351.5210197881315
80709,G06007322,medium,False,9615.955,0.7130643653791515,4671.3136549181345,4403.588515385243,4671.367505288132,4585.321477488133,4167.929391788133,4310.129337388132,3720.874944188132,3949.2279634881315
80797,G06007310,high,False,4025.2290000000003,0.7130643653791515,1703.3946806800002,1791.5853438499992,1703.41251269,1667.6421673899997,1494.13591189,2197.6299695899997,1952.68300659,2691.9688282899997
80799,G06007330,high,False,7051.735000000001,0.7130643653791515,3340.536891459661,3237.4393856156303,3340.558291659659,3276.852266959658,2967.5767746596584,3358.6868492596586,2922.108964359659,3377.063203659659
808,G06007330,medium,False,4428.906,0.7130643653791515,1849.4139306693207,1915.6133102729705,1849.4205736393208,1810.689075039321,1622.7182260393213,2292.904110339321,2027.553415039321,2736.537273639321
8193,G06007302,medium,False,1728.208,1.0497359105206039,720.3351050000001,926.9771432999996,720.34323864,705.12129104,631.2831343400001,1564.16310814,1459.92069114,2408.0397787399997
82039,G06007326,high,False,17812.512,0.7130643653791515,8914.22250439813,8118.3618141652405,8914.279242688131,8757.28259318813,7995.79248008813,7346.409208188132,6271.576223288132,5778.9556305881315
82101,G06007315,high,False,14298.413,0.7130643653791515,7192.952470288128,6622.750629015241,7193.018825088133,7064.857865888132,6442.989008288132,6114.666473488132,5236.775278188132,5036.796330488132
8248,G06007308,low,True,9293.655,0.8407500276235722,2791.520030174399,2799.1943429096,2791.539247045499,2739.435541258499,2486.5702869104994,2345.742191707499,1988.7835177334996,1900.1603188544993
82517,G06007301,medium,False,6763.005999999999,0.7130643653791515,3156.639656628134,3072.818754235244,3156.6662194881324,3095.9540382881323,2801.3642137881325,3226.210590588132,2810.331378388132,3295.961799088132
82573,G06007301,medium,False,13901.928999999998,0.7130643653791515,6995.409981648134,6451.2545340952365,6995.4820352881325,6870.607434088131,6264.772041488131,5973.281529688133,5118.012749988133,4951.604959188131
82660,G06007316,high,False,4399.21,0.7130643653791515,1842.8168302900008,1910.16674562,1842.82374227,1804.3094611700003,1617.3923149700004,2290.00194457,2026.13853457,2737.3321164699996
82846,G06007316,low,True,5151.951,0.7130643653791515,1410.9702618366416,1448.6570362007594,1410.9796120320439,1382.398132581044,1243.7230298400439,1365.6932331690437,1169.932106244044,1320.5115323340437
82975,G06007314,medium,False,6003.93,0.7130643653791515,2689.7704929581287,2655.4174667252405,2689.784034488132,2636.8794242881318,2380.149546188132,2892.0802863881318,2529.664957288132,3094.593766388132
83022,G06007315,low,True,8176.215,0.7130643653791515,2418.478766139322,2431.572605360666,2418.4795629255227,2373.072905188523,2152.619939224523,2086.416139963523,1775.2378897485228,1754.5073689605229
83038,G06007316,high,False,7180.904,0.7130643653791515,3346.0298147781314,3235.363229625241,3346.061078488132,3282.187083588132,2972.2350415881324,3361.7226655881323,2924.169845488132,3377.659177788132
83039,G06007306,high,False,6302.814,0.8407500276235722,2869.8335663116964,2814.4119627872924,2869.8448878216973,2814.1595942216973,2543.7502940216973,3024.2410488216974,2642.536768521697,3178.917862621697
83162,G06007323,low,True,9824.758,0.7130643653791515,2991.9557097474203,2994.4285482616697,2991.9830733375234,2936.961380737524,2670.034821229524,2496.8104277985235,2119.977246829523,2001.8505267705234
83164,G06007314,medium,False,11584.310000000001,0.7130643653791515,5695.195751098134,5300.682909465235,5695.266191888131,5592.107237988132,5091.709233888132,5042.817945388131,4336.369938888132,4390.837315588132
83271,G06007314,high,False,6874.4580000000005,0.7130643653791515,3179.0429455281323,3088.0454055952373,3179.061294088132,3117.995168388132,2821.571373188132,3242.225649288132,2823.791311488132,3305.6353395881324
83310,G06007330,medium,False,801.809,0.7130643653791515,334.3318487499968,588.32546418,334.33235127,327.27857327000004,293.00030667000004,1316.9562047699999,1268.57755667,2299.61609677
83343,G06007329,low,True,2897.436,0.7130643653791515,780.3403806114014,833.7616839159969,780.3455086728,764.2807256447999,686.2731032807999,947.8793040618,837.7630002678,1115.4910661718
83365,G06007317,high,False,7993.906999999999,0.7130643653791515,3772.576043778136,3609.5175808252384,3772.607771288132,3701.598722788132,3357.076440588132,3666.975241488132,3180.601328288132,3561.599011488132
83805,G06007325,medium,False,4353.0830000000005,0.8407500276235722,1834.3385382911868,1904.8743797271568,1834.349447781188,1795.9289720811878,1609.4698477811883,2283.146641181188,2019.9268543811882,2732.097936081188
83959,G06007302,high,False,21910.384000000002,0.8407500276235722,10849.209112676268,9815.188147531051,10849.272167526266,10656.465400626266,9720.969079726267,8670.588846726267,7349.933168226265,6492.656884626264
83987,G06007311,high,False,12245.523000000001,0.7130643653791515,6056.724010158132,5619.751645725248,6056.795482888132,5947.575252988132,5417.853216288131,5301.534130088132,4553.717902888131,4546.721801188132
84040,G06007326,high,False,6840.276,0.7130643653791515,3122.956216148132,3034.5760807952406,3122.9609598881325,3062.829853188132,2770.971572788132,3202.0802815881316,2790.088026188132,3281.403880288132
84184,G06007310,high,False,8246.886999999999,0.7130643653791515,3870.4897578581354,3691.361722125239,3870.5091094881323,3797.876738788132,3445.4184581881327,3737.029083188132,3239.466061588132,3603.8133461881316
84633,G06007324,medium,False,11435.239000000001,0.7130643653791515,5536.668702458135,5152.421987505239,5536.700630888132,5436.207633288132,4948.673862988133,4929.353633488132,4241.099769288132,4322.387436688132
84822,G06007328,low,True,15039.69,0.8407500276235722,4729.857179625903,4693.4456703326,4729.9123426275,4645.397941222499,4235.384902108499,3732.8447572904984,3154.0082279564995,2736.1677905384995
85096,G06007329,high,False,18815.267,0.7130643653791515,9577.31394994813,8716.182114815236,9577.41111568813,9409.389946288133,8594.188583788131,7820.918023988132,6670.125098888131,6065.157923288132
85123,G06007302,medium,False,5036.405,0.8407500276235722,2154.456940448983,2188.926441529738,2154.476315758982,2109.5597590589823,1891.5989574589826,2492.820504658982,2185.133772458982,2831.331014658982
85247,G06007306,high,False,4077.3759999999997,0.8407500276235722,1702.1510090099969,1788.5019311099973,1702.1598644800001,1666.21759368,1491.79166708,2193.1609299799998,1946.92453588,2684.29143288
85302,G06007310,high,False,5613.511,0.7130643653791515,2476.9040517481308,2467.614623275241,2476.915641688132,2427.566930088132,2188.093649888132,2739.757572888132,2401.702833188132,3002.7803197881317
85376,G06007329,low,True,2230.458,0.7130643653791515,600.0947515836003,660.0453790839982,600.1024172975999,587.4917199605999,526.3040264076,826.6135426715999,740.2334917116,1053.1805113716
85458,G06007314,high,False,14212.195,0.7130643653791515,7133.930516998131,6569.959000525232,7134.028613688131,7006.773177588133,6389.73131738813,6072.425529488131,5201.291515288132,5011.295405888131
85486,G06007314,high,False,19301.508,0.7130643653791515,9776.910056358143,8884.942997485237,9776.99766748813,9605.601700488132,8774.248599488132,7963.764072188133,6790.150351088132,6151.131250188131
85500,G06007313,medium,False,5419.383,0.8407500276235722,2330.0013228300013,2338.434955749434,2330.015213249999,2282.399281349999,2051.392506349999,2622.525067549999,2296.4107482499985,2915.1969478499987
85759,G06007326,high,False,11506.793000000001,0.7130643653791515,5601.901426348124,5212.843475075237,5601.943816288132,5500.335038888132,5007.507730288133,4976.057882688132,4280.324715588133,4350.500860488131
85760,G06007314,medium,False,5238.192,0.7130643653791515,2266.2538146281377,2281.257813135236,2266.2579858881318,2220.434015288132,1998.0455674881318,2589.010986888132,2275.0733094881316,2911.9206871881315
85891,G06007326,low,True,4607.481,0.7130643653791515,1370.013467016595,1419.5194605410024,1370.0475859076998,1343.0926691846998,1212.4398915656998,1352.9012825397,1168.4312581017,1335.8501074077
85893,G06007312,low,True,3465.692,0.7130643653791515,926.4744007721991,978.2144892730001,926.4818293731,907.0087355091,812.5240830651002,1036.2095542371,902.8284996261,1146.0015351321
8613,G06007310,high,False,3240.1510000000003,0.7130643653791515,1346.63251368,1475.9490762700034,1346.63964073,1318.17223823,1180.0498808300001,1964.97592313,1769.9918601299998,2583.40975433
86132,G06007313,low,True,5371.6810000000005,0.8407500276235722,1463.2078276744924,1500.4135523877708,1463.2205889733923,1433.3063886223922,1288.1974759603925,1395.3442493323926,1190.487415822392,1327.5703226173923
86296,G06007330,low,True,5876.27,0.7130643653791515,1653.7265799945214,1685.7643415306686,1653.7312197555232,1621.0826210175228,1462.6516886655231,1539.1558649475232,1315.504747075523,1424.6690895255233
86442,G06007328,high,False,11783.716,0.8407500276235722,5775.203227320006,5372.888593659429,5775.2634582499995,5670.052012349999,5159.711987249999,5087.9831267499985,4367.508793449999,4401.084248549999
86898,G06007324,medium,False,7285.782999999999,0.7130643653791515,3398.5879448886444,3279.9451909259433,3398.620890628642,3334.0614227286414,3020.7802212286415,3402.571534328642,2960.3160948286422,3406.837431228642
86923,G06007310,low,True,11956.945,0.7130643653791515,3682.836789337523,3666.0043495286673,3682.8676314915233,3616.297305382523,3293.360459416523,2991.2079942585233,2535.3045045315234,2299.806916837523
87034,G06007301,high,False,11219.096,0.7130643653791515,5681.548410628122,5309.381381935245,5681.641739288132,5578.684404388132,5079.354108988131,5033.1306460881315,4328.1871378881315,4384.966101788132
87105,G06007301,low,True,4819.376,0.7130643653791515,1293.7050024495215,1333.5530944366685,1293.7108135695235,1267.0757969235233,1137.8382337905232,1281.511752151523,1099.069033441523,1269.4050620895232
87139,G06007328,high,False,5971.219999999999,0.7130643653791515,2597.6029489799994,2570.463198679425,2597.6049696499995,2545.5400849499993,2292.831886449999,2814.0169655499985,2457.283194049999,3030.6087546499984
87299,G06007330,low,True,3555.82,0.7130643653791515,927.2843786241033,976.2307837030003,927.2874605400002,907.671274524,812.4805124100002,1034.5205624970004,900.142328892,1141.817413083
873,G06007312,low,True,4520.5650000000005,0.7130643653791515,1199.0917558671208,1241.2578476796662,1199.096753587823,1174.122217546823,1052.938808962823,1215.1479938508232,1044.073300438823,1231.2823084968231
87563,G06007315,high,False,4647.855,0.7130643653791515,2011.1885077398251,2062.292497333097,2011.2079604698301,1969.88717416983,1769.4477517698297,2410.93837616983,2127.97106436983,2810.8280230698297
87579,G06007317,medium,False,2564.5879999999997,0.7130643653791515,1057.2892674999982,1221.1800814200021,1057.2896730399998,1034.9108290399997,926.2824069399999,1779.0820066399997,1625.7357634399998,2500.9526024399997
87781,G06007313,high,False,12341.752,0.8407500276235722,5982.1313649199965,5544.339929839432,5982.169443849999,5873.520456649999,5346.413635549999,5236.034936449999,4491.910343149999,4490.295927649999
87810,G06007314,high,False,3844.8949999999995,0.7130643653791515,1618.572165430508,1716.6007053095595,1618.5852270305077,1584.4761754305082,1418.9967055305078,2140.997128130508,1907.3969688305078,2663.5127910305077
88113,G06007329,medium,False,7869.765,0.7130643653791515,3657.069276088127,3502.4336864552424,3657.082068688131,3588.014503588132,3252.863395188132,3584.297362888132,3111.1721055881317,3511.7515323881316
88132,G06007328,low,True,3710.643,0.8407500276235722,980.7136980858002,1030.0340080589988,980.7222220046997,960.0288926696998,859.6357837767,1069.6999051226999,927.9724441287,1158.7570371627
88142,G06007306,medium,False,3162.8450000000003,0.8407500276235722,1350.4914438511853,1477.0752852671583,1350.4924048011878,1323.0174958011878,1189.4903140011877,1985.045970401188,1796.583214601188,2619.7587621011876
88153,G06007323,medium,False,6218.362999999999,0.7130643653791515,2798.408539728131,2750.1903357552405,2798.424583888132,2743.6968647881317,2478.1634031881317,2969.830769388132,2594.977670688132,3141.436037388132
883,G06007313,medium,False,12103.137,0.8407500276235722,5999.450442430003,5576.01014594943,5999.524712449999,5890.573691249998,5362.026588649998,5248.469709149998,4502.302796849999,4497.849106749999
88430,G06007306,medium,False,5032.203,0.8407500276235722,2197.028384920507,2228.08530479956,2197.058816790508,2151.9157923905077,1932.982724090508,2531.966179290508,2222.887547890508,2867.015240090508
88487,G06007315,medium,False,4048.488,0.7130643653791515,1697.3683422100003,1784.8548301599994,1697.3809902899998,1661.6035423899993,1488.00550329,2191.27977019,1946.20251999,2685.2986301899996
88602,G06007322,low,True,3335.415,0.7130643653791515,868.372953449401,918.6643863390022,868.3733875635,850.0022501354999,760.8279605535,996.7121748975,870.8286188055001,1125.1125677895
88616,G06007322,low,True,14530.318,0.7130643653791515,4580.802679218022,4547.310512531664,4580.854224085523,4499.282265337523,4103.5283815605235,3633.8026053645226,3075.1016256675225,2687.139354553523
88698,G06007308,low,True,2316.685,0.8407500276235722,675.9248550900412,737.1494642541796,675.9288137076414,662.4388904496415,596.8970331666412,887.2361277876412,794.7283798746414,1098.6015836226413
88809,G06007323,medium,False,6019.468999999999,0.7130643653791515,2710.0852516081327,2674.4726105152363,2710.105795488132,2656.853724788132,2398.473895488132,2906.6337567881314,2541.878922488132,3103.3563134881315
88886,G06007325,medium,False,8011.592000000001,0.8407500276235722,3767.4396127899963,3608.4130783894298,3767.489005649999,3695.8142031499992,3348.260941149999,3651.203516049999,3160.534619849999,3535.147602149999
88997,G06007302,medium,False,4237.122,0.8407500276235722,1771.2605267899999,1849.3322132100002,1771.2714998600004,1733.87245356,1552.4014664600002,2237.61732266,1981.4548377600001,2704.07679316
90116,G06007325,high,False,13562.539,0.8407500276235722,6705.1047299799975,6188.244085419435,6705.173789849998,6584.430560749999,5998.679588749999,5753.407842749999,4926.506905149999,4802.163214749999
90128,G06007307,medium,False,5123.638000000001,0.8407500276235722,2184.862078478642,2210.6645198253686,2184.870620528641,2139.916607228641,1921.7793204286413,2522.5297082286406,2214.584001328641,2860.3368949286405
90195,G06007312,low,True,6474.210999999999,0.7130643653791515,1856.9823325377233,1884.3749189826717,1856.9911637895234,1820.9600946105234,1646.0355871185232,1684.604571574523,1437.6807103275232,1512.3631636785233
90268,G06007313,high,False,9718.006000000001,0.8407500276235722,4584.413134170001,4315.698427669428,4584.429902049999,4499.16691095,4085.3779262499993,4235.803023349999,3651.661835349999,3887.4989238499993
90277,G06007313,high,False,4689.6230000000005,0.8407500276235722,1996.851949431696,2049.64918665672,1996.872776601696,1955.1587678016958,1752.8111626016957,2389.9340132016955,2104.272731801696,2783.1375679016955
90545,G06007327,low,True,8031.505999999999,0.7130643653791515,2399.7102899667248,2417.068376810668,2399.735015173523,2354.6066611965225,2135.6703972375235,2072.998246054523,1763.9479287585232,1746.4192623885228
90647,G06007308,medium,False,16761.711,0.8407500276235722,8422.020367749996,7699.081934189431,8422.111967449999,8272.635136249999,7547.6779084499985,6982.064561549999,5958.652687849998,5542.600252249998
90769,G06007322,medium,False,7206.751,0.7130643653791515,3317.028944408132,3204.9810397152387,3317.047432288132,3253.658403088132,2946.0730437881325,3340.964712988132,2906.748598488132,3365.112973588132
90823,G06007329,low,True,10909.365,0.7130643653791515,3315.1951210317225,3304.827717460665,3315.2133401655233,3254.802616162523,2961.6645840315223,2728.1104863615233,2314.2955961385233,2141.247694435523
90910,G06007316,low,True,1285.693,0.7130643653791515,336.6324747008998,401.30755380800036,336.63445060770005,329.5195779267,294.99108338069993,656.6495860497,607.9072868427,976.6966769817001
91214,G06007308,low,True,14752.607000000002,0.8407500276235722,4639.5995552675995,4605.888860901601,4639.637501887501,4556.654991787499,4153.940109616499,3668.2620174254994,3099.7616386574996,2697.232092247499
91273,G06007313,low,True,4870.753000000001,0.8407500276235722,1311.0981890005514,1351.311963968589,1311.1095183535508,1284.0775924465509,1152.9755505505511,1292.3743204615512,1107.299168108551,1273.723092371551
91443,G06007314,medium,False,2758.6049999999996,0.7130643653791515,1139.591744660003,1293.5736320300027,1139.5951305500002,1115.47909635,998.4445027500001,1831.89941435,1666.68634515,2524.2909883499997
91641,G06007315,medium,False,1659.1350000000002,0.7130643653791515,694.9587776700013,905.1699281200013,694.96596965,680.2927966500001,609.12827185,1548.16812695,1447.70325805,2401.41734085
91687,G06007311,medium,False,4992.248,0.7130643653791515,2186.2424961491497,2216.284948365499,2186.26896745915,2141.84764385915,1926.42466195915,2533.43450155915,2229.30651325915,2880.7588349591497
91790,G06007308,medium,False,5687.174000000001,0.8407500276235722,2473.5186112093133,2464.3071126324003,2473.5296473293197,2423.5670591293197,2181.1491989293204,2726.01677272932,2383.7921481293197,2978.66202222932
91939,G06007317,high,False,3750.777,0.7130643653791515,1570.331758019999,1673.17012009,1570.3440064700003,1537.23482377,1376.5938558700002,2109.68360457,1882.90108557,2649.1457888699997
9194,G06007315,medium,False,3142.2110000000002,0.7130643653791515,1306.7813579500018,1441.1114272200064,1306.79000133,1279.1658606299998,1145.1517409300002,1939.5278123299997,1750.3383512299997,2572.35893183
91958,G06007312,high,False,1625.6439999999998,0.7130643653791515,672.2282799199995,884.2070445400011,672.2316957200001,658.00621112,588.9844081199999,1532.9462194199998,1435.50957142,2393.7134889199997
92028,G06007328,high,False,7190.951000000001,0.8407500276235722,3323.238597489997,3217.264799749428,3323.289905249999,3259.041691049999,2947.5023466499997,3333.3088374499994,2893.484803549999,3343.596204549999
92034,G06007327,high,False,10564.964,0.7130643653791515,5185.278550368135,4856.378018715242,5185.340122488131,5090.697832988131,4631.635501688132,4677.931182088131,4029.8473990881316,4170.893221888132
92103,G06007301,medium,False,8304.669,0.7130643653791515,3904.4715322981306,3721.76307280524,3904.497432488132,3831.2783577881314,3476.0733108881323,3761.3481209881315,3259.896520188132,3618.4553263881317
92122,G06007301,high,False,11943.8,0.7130643653791515,5966.654796868135,5548.574610135236,5966.748744288132,5859.010577988132,5336.603384188133,5237.120761488133,4499.572877688133,4507.896909888132
92170,G06007325,high,False,8967.008,0.8407500276235722,4275.426332699997,4054.531770259429,4275.457780249998,4195.357927749998,3806.589814349999,4014.7078444499984,3465.902124349999,3754.2885760499985
92242,G06007315,high,False,4700.295,0.7130643653791515,2095.750097640003,2137.3443921799994,2095.76424524,2053.8454000399997,1850.35386024,2484.89472064,2197.64614154,2874.1922856399997
92264,G06007308,medium,False,7058.928,0.8407500276235722,3179.867859449999,3082.981214389431,3179.874711649999,3118.0807304499986,2818.171136449999,3230.669601149999,2807.3048179499992,3281.7453140499993
92510,G06007307,low,True,3639.646,0.8407500276235722,967.6037002974381,1017.1758528121825,967.6156753878414,947.3367276708412,848.9852527848415,1063.7491857858413,924.9085795878414,1159.9785801678413
92584,G06007301,medium,False,11669.687999999998,0.7130643653791515,5832.091498758129,5431.420014385241,5832.170847288131,5726.709771888132,5215.190929688131,5140.829352688132,4418.684466388131,4449.870971888131
92614,G06007301,high,False,6726.942,0.7130643653791515,3084.6747480381314,3003.4946829852424,3084.7029290881324,3025.1806336881314,2736.4374338881316,3174.6970382881323,2767.065129388132,3264.906800788132
9348,G06007312,medium,False,5348.9580000000005,0.7130643653791515,2352.7255721081337,2360.436668595237,2352.745062488132,2305.4613461881318,2076.056667788132,2650.897683788132,2327.048172188132,2949.2322827881317
93610,G06007326,medium,False,11561.063999999998,0.8407500276235722,5573.854186238143,5181.3282816852425,5573.867734688132,5472.781409288131,4982.226028388131,4955.968350988132,4263.464208088132,4338.413980088131
93643,G06007301,high,False,11107.595000000001,0.7130643653791515,5407.925639678131,5044.179331065239,5407.969472888131,5309.637248988132,4832.524298688131,4837.242365588132,4163.692583588132,4266.912710988132
93698,G06007330,medium,False,3426.592,0.7130643653791515,1416.423336679997,1536.2139514200007,1416.4267551599999,1386.4563065599998,1241.00871326,2009.0747962599999,1803.7554768599996,2601.82659656
93801,G06007329,high,False,14343.833999999999,0.7130643653791515,7047.2379229081325,6475.005446635241,7047.263151488132,6921.597539888133,6311.563969988132,6010.3196695881325,5149.164947388132,4973.944686088131
93838,G06007317,low,True,5588.057000000001,0.7130643653791515,1555.0032409935222,1589.1399976306684,1555.0129356855232,1524.0122031885232,1373.5878025515233,1468.5004707255234,1256.1470879805233,1382.106702175523
93876,G06007317,medium,False,4366.853999999999,0.7130643653791515,1813.3888171793212,1883.576772172972,1813.395738649321,1775.2694059493208,1590.245331849321,2267.212597249321,2006.021977149321,2721.176690649321
93928,G06007310,high,False,7335.057999999999,0.7130643653791515,3424.00959151813,3303.344309665243,3424.0361420881322,3358.873710888132,3042.590321488132,3417.520920288132,2971.044969388132,3411.301847288132
93973,G06007317,low,True,456.616,0.7130643653791515,118.64807498880138,188.80265868800035,118.64837481840003,116.13699548640001,103.94780185440001,517.0233450864,499.81655223840005,915.4082285304
94175,G06007326,high,False,4871.145,0.7130643653791515,2085.9287638481305,2124.3698807352403,2085.939296488132,2043.1256903881317,1835.347282788132,2459.9750566881316,2166.664647388132,2834.1642630881315
94331,G06007330,high,False,9263.392,0.7130643653791515,4444.01764838813,4199.123250755241,4444.053291888133,4361.824120588131,3962.855888888132,4147.464691788131,3584.241752988132,3851.1805613881315
94398,G06007327,medium,False,4921.99,0.7130643653791515,2108.179959068136,2143.5098698352385,2108.191267088132,2064.997118388132,1855.426685788132,2475.896993588132,2180.0441739881317,2843.7482314881318
94464,G06007328,low,True,4828.301,0.8407500276235722,1316.8927157470482,1358.499093677011,1316.8987411237486,1289.9070196117486,1158.8800178977483,1298.4716419597485,1113.5133195157487,1280.1457255837486
94499,G06007323,medium,False,5713.624,0.7130643653791515,2528.6842146781305,2512.966588405236,2528.697190488132,2478.480365588132,2234.812538588132,2776.8126027881317,2432.8310256881323,3025.1101971881317
94612,G06007307,medium,False,9474.003,0.8407500276235722,4568.830490289998,4315.334217489425,4568.890978449999,4483.821440449999,4071.2567486499993,4224.687102149999,3642.2893334499986,3880.7892475499984
94809,G06007327,high,False,15563.345,0.7130643653791515,7848.726804578133,7197.493615945243,7848.814078888132,7709.645447588133,7034.633153288132,6583.939681688133,5630.998176888132,5319.586213988132
94883,G06007326,high,False,3866.197,0.8407500276235722,1603.961731230002,1700.668935039998,1603.9661207899999,1570.1346514899994,1405.92463729,2130.8034781899996,1898.9981924899998,2657.77357859
94941,G06007317,medium,False,5759.846,0.7130643653791515,2602.0061086081314,2583.211608635242,2602.0374260881317,2550.569917588132,2300.946600988132,2829.2903542881318,2476.9036216881323,3056.743597388132
95155,G06007315,medium,False,9889.83,0.7130643653791515,4772.493508648131,4487.3180475752415,4772.533220888132,4684.822685088131,4259.2223920881315,4382.511091588132,3781.6945773881316,3992.8707010881317
95283,G06007317,high,False,4453.357,0.7130643653791515,1912.9532248399996,1974.8613819999991,1912.9655170199999,1873.51859612,1682.0837411199996,2344.32326962,2074.07956932,2775.82875582
9529,G06007314,medium,False,9369.9,0.7130643653791515,4525.0873183881395,4273.268406035244,4525.129147488133,4441.545642488132,4035.999925988132,4205.477564988132,3632.970142588132,3886.165291088132
95316,G06007330,low,True,9096.304999999998,0.7130643653791515,2749.609830585324,2758.0583181166694,2749.644145513523,2698.663218229523,2451.3865123785235,2323.381111717523,1974.2817278745233,1897.340666056523
95457,G06007311,low,True,7136.223,0.7130643653791515,2091.472555434022,2115.1656150276667,2091.492415333523,2051.524284634523,1857.5999897415234,1852.411123921523,1578.644635009523,1613.4918675015233
95488,G06007315,high,False,8923.537,0.7130643653791515,4306.952931088126,4083.770241955243,4306.991340488132,4227.062221688133,3839.190708388132,4049.3799681881324,3501.8368278881317,3792.098894888132
95534,G06007311,high,False,4526.68,0.7130643653791515,1975.6042378599996,2030.86821508,1975.6273285000007,1935.3918383,1740.2099432999998,2393.8077633000003,2118.2595245,2812.1555239
95587,G06007315,medium,False,6117.869,0.7130643653791515,2747.075044498137,2705.403872825232,2747.095878488132,2693.2105097881317,2431.844956288132,2933.099870888132,2564.121134488132,3119.2838403881315
95693,G06007324,medium,False,4255.112,0.7130643653791515,1767.2710992389832,1844.082512069175,1767.2783706189814,1729.995805618981,1549.083256118981,2235.5140741189807,1980.1224513189811,2703.8795786189808
96045,G06007315,low,True,5311.014999999999,0.7130643653791515,1515.5379417717024,1552.4844880159997,1515.5504881209,1485.8530078329,1341.7023363219002,1451.0846806329,1247.5972728939,1386.7587863799
9609,G06007329,low,True,8264.920000000002,0.7130643653791515,2495.458669730122,2513.0962729566677,2495.4884766555233,2448.755751952523,2222.0777491215235,2141.514581872523,1821.5042231205234,1787.723816875523
96114,G06007328,medium,False,2896.625,0.8407500276235722,1203.8159016694901,1350.0510102598712,1203.8174327294912,1178.463873329491,1055.4295089294912,1875.090637029491,1701.4118187294912,2546.434444529491
96151,G06007301,low,True,6243.824,0.7130643653791515,1822.9201432524446,1856.5849149231583,1822.9334255865442,1787.4983486295441,1615.5012722805445,1660.819832422544,1418.0231905095443,1498.8402016395444
96190,G06007329,high,False,17717.317000000003,0.7130643653791515,8872.850216318131,8083.2619677252405,8872.91234768813,8716.660197388132,7958.638409788133,7316.789487888131,6246.667072688131,5761.230007488131
96287,G06007322,high,False,3931.504,0.7130643653791515,1624.0708801100025,1718.0070649500021,1624.0746953199998,1589.70745982,1422.9173464199998,2141.8509163199997,1906.3981240199998,2659.7464673199997
96312,G06007312,high,False,4832.634,0.7130643653791515,2151.030217369998,2183.23230685,2151.04240166,2108.3648040599996,1901.18750636,2527.1881691599997,2234.7322284599995,2903.54220566
96361,G06007315,high,False,6599.643,0.7130643653791515,2982.4724453581325,2909.7110943252324,2982.482796488132,2924.6853770881316,2644.2257892881316,3101.546681488132,2705.6328092881317,3220.8091351881317
96499,G06007313,low,True,3197.5159999999996,0.8407500276235722,833.1562715930992,884.4962192150022,833.1587896463999,815.5312315794,729.9885107214002,974.2328055984001,853.4748281394,1115.3659706124001
96606,G06007324,high,False,4449.3150000000005,0.7130643653791515,1866.7960045086375,1932.2368231253752,1866.8080115986409,1827.6936543986412,1637.9317976986413,2304.004722198641,2036.1191953986408,2741.334500698641
96638,G06007324,medium,False,2398.577,0.7130643653791515,1002.7812941099987,1175.1501542200006,1002.7897415100001,981.6120418099999,878.8851742100001,1745.28192161,1600.2620027100002,2487.8437031099998
96656,G06007322,medium,False,1618.883,0.7130643653791515,693.0447959500033,905.2942305800009,693.0543444900001,678.48950339,607.83745819,1548.05755089,1448.31697799,2403.12737199
96710,G06007327,medium,False,4979.992,0.7130643653791515,2144.5835540481394,2176.1777091952354,2144.597456488132,2100.790577688132,1888.2698025881323,2501.949434088132,2201.928451888132,2859.4479709881316
96800,G06007313,medium,False,3939.2200000000003,0.8407500276235722,1640.453339921018,1733.5124654202582,1640.461667561018,1605.861817761018,1437.9374115610178,2154.266047061018,1917.210298261018,2668.208360861018
96844,G06007313,medium,False,2464.538,0.8407500276235722,1026.5757217000014,1195.5710472800008,1026.58203934,1004.8888607399998,899.64341194,1760.2419727399997,1611.6684809399999,2493.97235074
97075,G06007312,high,False,9150.284,0.7130643653791515,4390.619495988129,4153.165670455233,4390.628723088132,4309.3380437881315,3914.699013588132,4109.235872688132,3552.1458340881322,3828.163773888132
9772,G06007325,high,False,23225.521999999997,0.8407500276235722,11804.903195609993,10664.92617480943,11804.998627049998,11599.055451549999,10599.83554505,9402.891631049999,7992.279031049999,7001.638009549998
98437,G06007327,medium,False,5860.951,0.7130643653791515,2608.18967018813,2583.221200315241,2608.2090208881323,2556.641068488132,2306.532922188132,2833.704337488132,2480.6289663881316,3059.379653088132
98444,G06007326,low,True,2159.498,0.7130643653791515,561.2163758712004,619.5323058120024,561.2180468201999,549.3368447531999,491.68029332520007,800.1176778552001,718.7306873591999,1039.0573072752
98585,G06007317,high,False,8065.813,0.7130643653791515,3778.0326664881327,3610.668300715239,3778.0567276881316,3706.9564541881314,3361.997180988132,3670.8651161881317,3183.884621288132,3563.931873688132
9870,G06007315,high,False,8961.977,0.7130643653791515,4286.339157068132,4060.9420922552413,4286.376684888133,4206.762134388131,3820.560066388132,4034.629561788132,3489.459509488132,3783.1489584881315
98867,G06007314,medium,False,5291.648999999999,0.7130643653791515,2306.92256908813,2318.395317695241,2306.932179888132,2260.4242155881316,2034.7365572881322,2618.1180692881317,2299.519101388132,2929.4677182881314
98898,G06007324,high,False,22758.794,0.7130643653791515,11458.745394788133,10344.261348735236,11458.779679488132,11259.420985688132,10291.71836748813,9167.23207108813,7801.171707888132,6876.5473501881315
98904,G06007316,medium,False,2344.913,0.7130643653791515,977.3237143100016,1152.4386969399998,977.3297503900001,956.68033049,856.49719239,1728.7446958899998,1587.3164303899998,2480.22720769
98972,G06007310,high,False,5880.393,0.7130643653791515,2626.367090348134,2599.9084633552366,2626.383115688132,2574.521894588132,2322.931836088132,2846.721615688132,2491.559339188132,3067.2246521881316
9910,G06007323,low,True,6309.811,0.7130643653791515,1835.2752654024434,1867.6358763827577,1835.2898925786442,1799.6152893066437,1626.475494450644,1669.152199992644,1424.738359545644,1503.152520687644
99191,G06007306,low,True,6798.914999999999,0.8407500276235722,1948.3213951970977,1975.1901644225977,1948.3451694315,1910.300593477499,1725.8134206284997,1742.3374138364993,1481.8918527614996,1536.4766606774992
99274,G06007324,high,False,3172.699,0.7130643653791515,1300.9053515699995,1433.5218617499995,1300.9037050600002,1273.36122816,1139.6063294599999,1934.58045576,1745.7740021599998,2568.3771467599995
99431,G06007328,medium,False,9975.333,0.7130643653791515,4736.236300229995,4451.011855829429,4736.263908849999,4648.429639949998,4222.336992249999,4344.463244749999,3742.941833849999,3952.944785149999
99475,G06007316,low,True,3473.781,0.7130643653791515,1016.5646331161998,1069.094807129996,1016.5757857289997,996.692833017,900.1730796030001,1119.189424593,982.940950686,1221.9034425539999
99691,G06007324,low,True,5495.608,0.7130643653791515,1520.1469160061235,1554.5157338306685,1520.1522688515229,1489.745512198523,1342.143864172523,1443.5549516655228,1235.1915487395231,1367.0816787705232
99826,G06007325,low,True,5688.018,0.8407500276235722,1573.075330206041,1608.1258002737848,1573.0894337073407,1541.3523199773408,1387.3760046663406,1474.1126704953404,1256.739917604341,1375.2633801603408
99967,G06007314,medium,False,2968.6310000000003,0.7130643653791515,1247.6304053699996,1390.7845732199992,1247.64019973,1221.3248542299998,1093.65571713,1902.6397880299999,1722.40571953,2557.7307489299997
