building_id,puma,income,is_care,annual_kwh,scaling_factor,tou_dr_bill,tou_dr_f_bill,F0_WF0_ROE0_bill,F0_WF0_ROE1.0_bill,F0_WF1_ROE0_bill,F50_WF0_ROE0_bill,F50_WF1_ROE1.0_bill,F100_WF0_ROE0_bill
100190,G06007312,low,True,2509.6910000000003,0.7130643653791515,656.835301924198,713.2235982129991,656.8390564659001,644.5026763119,584.6058644769,887.7828197559,739.3315328859001,1118.7107634309
100227,G06007317,low,True,3327.741,0.7130643653791515,869.4883734201042,920.2050494419968,869.4930015009,853.1575132059,773.8416245889001,1032.2910975999,875.2467529838999,1195.0674992079
100321,G06007330,medium,False,1883.0900000000001,0.7130643653791515,795.5996077100027,994.30800389,795.6040371000001,780.7190904,708.4067750000002,1644.7177683999998,1307.867084,2493.8488307999996
100325,G06007301,low,True,7192.1720000000005,0.7130643653791515,2087.0972598345247,2108.013051924671,2087.1089132595234,2051.668805185523,1879.5904503315228,1924.3982559285232,1726.3096240635227,1761.645103144523
100368,G06007301,medium,False,7479.414000000001,0.7130643653791515,3471.399994828131,3341.8843593152396,3471.425597688132,3412.8139459881318,3128.2423384881317,3575.6592327881317,3144.881770688132,3679.843976688132
100534,G06007315,low,True,4967.708,0.7130643653791515,1347.4179931767233,1386.5239115806703,1347.426804205523,1322.967041857523,1204.202778400523,1371.797102551523,1197.301825912523,1396.141191259523
100684,G06007310,medium,False,5278.127,0.7130643653791515,2341.3270331788112,2352.92553609227,2341.345959538811,2299.5706944388107,2096.723848738811,2732.4061815388104,2337.808465838811,3123.4633072388106
100775,G06007322,medium,False,4711.441000000001,0.7130643653791515,2022.8342770893257,2070.2449628324025,2022.84674612932,1985.90491302932,1806.5344970293202,2496.26359142932,2112.03272952932,2969.6661910293196
101010,G06007324,low,True,8204.323,0.7130643653791515,2444.7493831749216,2459.606607748668,2444.7699226995237,2404.018764055523,2206.137517723523,2191.5686289015234,1982.071786936523,1938.3983400495235
10121,G06007315,low,True,4368.922,0.7130643653791515,1234.1653989651027,1280.1523030379983,1234.1748292461,1212.2188079210998,1105.5599797851,1301.0931681411003,1131.9750951591,1368.0408157701
101305,G06007316,medium,False,5639.6320000000005,0.7130643653791515,2478.4136620581316,2467.497705705245,2478.420422088132,2434.558273688132,2221.566127988132,2833.831897088132,2434.713887588132,3189.1779675881317
101323,G06007326,low,True,9643.987000000001,0.7130643653791515,2927.999293971024,2931.493241505669,2928.025277533523,2880.093788200524,2647.3792419195233,2552.5945855845234,2327.677167280523,2177.2013735325236
101366,G06007326,medium,False,5284.965,0.7130643653791515,2302.8769636381344,2314.471413545807,2302.889589758133,2261.675221158133,2061.5458505581328,2703.444325458133,2310.025222658133,3103.967868558133
101374,G06007313,medium,False,13416.431,0.8407500276235722,6568.112884529999,6060.719162309431,6568.143062449999,6462.953001749997,5952.0796099499985,5878.3356820499985,5347.472866249999,5188.495722449999
101377,G06007312,medium,False,3775.219,0.7130643653791515,1568.917109800507,1670.8389425295602,1568.9258014805077,1539.4648432805077,1396.4147614805079,2169.771100380508,1801.608278180508,2770.5799092805078
101468,G06007317,high,False,14110.456,0.7130643653791515,6982.747182168132,6425.574783355236,6982.789607288132,6872.054342488131,6334.361066088131,6198.887504688131,5656.100039688133,5414.981101888132
101479,G06007316,high,False,5920.700000000001,0.7130643653791515,2620.057174438124,2591.0892866052463,2620.0619334881317,2574.102434988132,2350.901408788132,2939.6488468881316,2536.017253588132,3259.164144188132
101659,G06007325,low,True,2856.9519999999998,0.8407500276235722,748.9984981814998,803.1466809730009,749.0016382967999,734.9404674527999,666.6604026138,950.5377560748,798.3771508578,1152.0638244078
102003,G06007326,medium,False,6330.257,0.7130643653791515,2857.966794208132,2802.535226155242,2857.985134488132,2808.484483288132,2568.130103888132,3117.3765751881315,2706.1679559881322,3376.7183711881316
102110,G06007326,high,False,6438.596,0.7130643653791515,2993.0846366091514,2929.2182699955047,2993.1190594491504,2941.6981245491506,2692.07743714915,3220.1071218491497,2804.79902994915,3447.1644046491497
102197,G06007325,low,True,4891.8369999999995,0.8407500276235722,1417.3226256935745,1459.7183482309356,1417.3454990972762,1392.6726660242764,1272.9225204182762,1438.3136015132764,1263.3821998772762,1459.3471289252761
102213,G06007301,medium,False,6896.13,0.7130643653791515,3155.936115158134,3063.9246486052407,3155.952145688132,3102.0256935881316,2840.1919350881317,3339.9892186881316,2919.2597816881316,3523.9767719881315
102225,G06007317,low,True,3388.509,0.7130643653791515,884.9833792884004,935.232294157001,884.9873130021002,868.3593928191001,787.6230878060999,1042.8013729461,885.1277188731,1200.5908367451
102285,G06007307,low,True,4706.42,0.8407500276235722,1258.9258587380982,1301.5643116420001,1258.9351411455,1235.6081216955001,1122.3284370165,1302.5732843325,1130.5124603085,1346.2047118455
102371,G06007315,medium,False,4733.499,0.7130643653791515,2006.0047113386327,2052.798140375371,2006.0138479186407,1969.263978018641,1790.8027992186408,2482.587988218641,2098.757122718641,2959.1183071186406
102438,G06007314,medium,False,2986.589,0.7130643653791515,1237.904039250001,1380.2015149800018,1237.90916587,1214.6506270699997,1101.7123014699998,1944.4203828699997,1589.5803643699999,2650.89995267
102842,G06007323,high,False,5674.845,0.7130643653791515,2518.03749923813,2504.7395144652387,2518.051507688132,2473.5985396881324,2257.735042588132,2863.4170222881316,2463.042887488132,3208.764371188132
10290,G06007314,high,False,5886.477,0.7130643653791515,2625.3066762981166,2598.4678121652437,2625.326021488132,2579.275521888132,2355.6929466881325,2943.563168488132,2539.7735439881317,3261.752537188132
102932,G06007316,low,True,3462.819,0.7130643653791515,918.6362655435008,969.8769184159995,918.6448450851001,901.4370160131001,817.8967543131,1066.6332297291,907.7235344301,1214.6148837051
102939,G06007315,medium,False,4741.602,0.7130643653791515,2022.1674169881278,2068.959724715242,2022.182459708132,1985.1117979081316,1805.122032808132,2493.3958991081317,2108.892758208132,2964.569640308132
103004,G06007313,high,False,6613.454,0.8407500276235722,2967.4088774799975,2898.86101787943,2967.417948049999,2915.6717849499983,2664.3512466499988,3188.372200349999,2772.308740049999,3409.2666560499993
103089,G06007330,medium,False,1146.5970000000002,0.7130643653791515,472.3618113100008,708.848207660001,472.3627633100001,463.47786051,420.3274891100001,1423.7685164099998,1099.81090241,2375.1621170099997
103245,G06007311,medium,False,3748.147,0.7130643653791515,1569.1748985700006,1671.7164284200014,1569.18444731,1539.8652060100003,1397.4699013099998,2172.34337011,1804.48467841,2775.4876013099997
103273,G06007326,low,True,11562.542000000001,0.7130643653791515,3555.814871648422,3542.7170654296665,3555.846778987523,3498.6014208735237,3220.635736324523,3021.611225620523,2776.683698050523,2487.413628997523
103289,G06007307,medium,False,6162.385,0.8407500276235722,2743.894521549996,2704.3618535294313,2743.919944449999,2695.4732444499996,2460.2653160499995,3021.382682049999,2612.451560149999,3298.818742249999
103321,G06007313,medium,False,4741.360999999999,0.8407500276235722,1999.36226567813,2048.1704258352447,1999.3741687581323,1962.392791658132,1782.834948258132,2472.100099558132,2087.784329958132,2944.779082658132
103595,G06007307,high,False,15005.917000000001,0.8407500276235722,7438.1006702099985,6828.077774889432,7438.153053449998,7320.021380949999,6746.428585549998,6528.286191349999,5969.641329249999,5618.436362249999
103599,G06007311,medium,False,13453.683,0.7130643653791515,6651.067431918131,6136.444738185241,6651.139875088131,6545.306452088131,6031.523953988133,5951.076719888133,5418.8877206881325,5251.065100888132
103627,G06007323,medium,False,8379.654,0.7130643653791515,3937.66675568814,3750.152278255238,3937.6922562881323,3872.160593688132,3553.989285488132,3924.0022151881317,3478.357785688132,3910.2328976881317
103655,G06007302,medium,False,3627.235,1.4172145412832236,1516.076541249999,1625.5526842200002,1516.08877425,1487.6506009500001,1349.56656225,2134.3762661499995,1768.41543775,2752.6568427499997
103799,G06007316,high,False,11584.624,0.7130643653791515,5654.71005581813,5260.233721865239,5654.748281288132,5563.7395578881315,5121.781451388131,5206.716125488132,4706.370739788131,4758.656293988131
103807,G06007313,low,True,799.0079999999999,0.8407500276235722,207.67089651840203,275.45166527200007,207.6714248112,203.76623826720004,184.80091684320004,582.2508646632,451.91218098720003,956.8259005632001
103944,G06007310,medium,False,3410.7290000000003,0.7130643653791515,1419.9182122299978,1540.4768776599997,1419.9264066699998,1393.27057447,1263.8436936700002,2068.5794665699996,1706.4459597700002,2717.2014004699995
104255,G06007325,high,False,12882.814999999999,0.8407500276235722,6390.0888839499985,5916.787393009432,6390.1460760499995,6287.58057005,5789.486411649999,5745.309131249998,5220.127270749998,5100.560685649999
104302,G06007316,high,False,5489.899,0.7130643653791515,2415.3850243581333,2414.083170885238,2415.401647488132,2372.466766888132,2164.012682888132,2786.737096588132,2389.6334319881316,3158.0339938881316
104378,G06007310,medium,False,1926.3149999999998,0.7130643653791515,794.2796633300005,990.867291359999,794.28258085,779.3440228499999,706.80071025,1642.5397560499998,1305.57671695,2490.7766466499997
10448,G06007308,high,False,8530.318,0.8407500276235722,3978.730302549997,3786.5336734894267,3978.7621994499987,3911.9834277499995,3587.756553449999,3943.8844241499983,3495.544920449999,3909.0410977499987
104532,G06007310,high,False,11826.507,0.7130643653791515,5714.090941778124,5304.4196288852345,5714.095004888131,5622.229187988132,5176.025902388132,5251.128771288133,4748.859308288132,4787.990432088132
104561,G06007322,medium,False,8807.653,0.7130643653791515,4199.0770116981275,3983.6544801652367,4199.106923688132,4129.693177088131,3792.643243588132,4119.2708354881315,3665.2775740881316,4039.4510275881316
104648,G06007306,low,True,5577.094999999999,0.8407500276235722,1578.9046185686775,1616.2982624699341,1578.916261245876,1550.9781900848764,1415.2891434518765,1543.969387887876,1362.003122940876,1509.0594084638763
10477,G06007325,low,True,6729.215000000001,0.8407500276235722,1900.431106427703,1925.0991039766025,1900.439164921499,1867.378765360499,1706.8227640694995,1778.1524977844992,1585.1779983344995,1655.8198218104994
104867,G06007312,medium,False,5746.612,0.7130643653791515,2546.0057069781274,2528.17581006524,2546.019211088132,2501.150654388132,2283.2794783881322,2884.3184776881317,2483.0497735881318,3222.579249188132
105055,G06007310,medium,False,3607.2520000000004,0.7130643653791515,1533.8811497300014,1642.327092120001,1533.8946512300001,1505.4672101299998,1367.43347823,2152.37290843,1786.4394782299998,2770.85647753
105060,G06007313,medium,False,7352.904,0.8407500276235722,3354.146881199992,3237.9324978194386,3354.1672356499994,3296.6669467499987,3017.482705649999,3477.299377649999,3048.901149649999,3600.3622195499993
105069,G06007315,low,True,4031.5379999999996,0.7130643653791515,1053.7705537569,1099.7531628860004,1053.7759308573,1033.9817629743,937.8613981863,1157.6095929453,993.1323035162998,1261.4233797933
105088,G06007312,high,False,3494.9889999999996,0.7130643653791515,1462.6799422899994,1578.04094307,1462.6884025599998,1435.3519081599998,1302.6141359599997,2099.73179506,1736.14124166,2736.7692318599998
105181,G06007317,medium,False,11008.969000000001,0.7130643653791515,5365.613992708124,5008.195851255237,5365.651614688131,5278.919369788131,4857.789272888131,4990.761990188132,4499.576001788132,4615.868113188131
105457,G06007317,high,False,6578.351,0.7130643653791515,3017.1095564481325,2945.5502744352475,3017.1419918881325,2965.2636455881316,2713.4301990881318,3236.264514988132,2819.975465388132,3455.3693301881312
105460,G06007315,medium,False,6012.413,0.7130643653791515,2681.683991808131,2646.6998479952426,2681.694864488132,2634.8116754881316,2407.163186388132,2985.687530188132,2580.0816004881317,3289.6311594881317
105485,G06007301,medium,False,5349.507,0.7130643653791515,2329.0290028581335,2336.785072505239,2329.0363914881323,2287.391031988132,2085.165406988132,2722.2275885881318,2327.8782076881316,3115.3584594881318
105667,G06007311,high,False,13618.737,0.7130643653791515,6750.331612988131,6224.60853899524,6750.376993288131,6643.094028788131,6122.140749988132,6025.234932288131,5489.893481688131,5300.115211688131
105795,G06007326,low,True,4149.825,0.8407500276235722,1092.382318030177,1137.6986086965114,1092.390453509979,1071.9765413969787,972.8700780389789,1185.7369192559788,1019.9348066699789,1279.0582025789788
105836,G06007314,low,True,481.212,0.7130643653791515,125.08422759000135,195.07263064800009,125.0845643628,122.73240795480001,111.3094729908,526.1309861268,399.12984085079995,927.1747550868
105981,G06007306,high,False,8493.76,0.8407500276235722,3981.045224749998,3791.2013315694303,3981.0790416499995,3914.266610049999,3589.8803344499993,3945.625195149999,3497.236247249999,3910.147036549999
106,G06007301,high,False,7917.7119999999995,0.7130643653791515,3714.3031205581315,3556.4888320252403,3714.3319196881325,3652.1199684881317,3350.0308268881317,3757.110975388132,3318.607291288132,3799.8587383881318
10608,G06007301,low,True,4497.756,0.7130643653791515,1253.1209148738012,1297.0990212670015,1253.1334139919,1230.6975619239,1121.7608803358999,1312.0269156399,1141.8872587239,1370.9447286729
106131,G06007324,medium,False,8093.477,0.7130643653791515,3840.0673262281302,3670.356192115243,3840.0885662881315,3776.0178409881314,3464.826695688132,3851.037394088132,3408.5288689881318,3862.035852088132
106198,G06007324,medium,False,456.616,0.7130643653791515,188.3302777600022,460.1188438400005,188.33075368000004,184.78903808,167.58906688000002,1230.8004764799998,918.3257108800001,2273.2661216799997
106238,G06007310,low,True,2081.6549999999997,0.7130643653791515,571.8032518023022,632.149966546001,571.8042045261002,561.3675418701,510.65286046110003,835.0136328981,690.6406163781,1098.2469344901
106327,G06007317,high,False,5841.502,0.7130643653791515,2565.3461122781287,2541.3100269452375,2565.339900088132,2520.1920628881317,2300.934832988132,2898.7858045881317,2496.8725547881313,3232.1598882881317
106469,G06007324,medium,False,6937.444,0.7130643653791515,3206.3387371381327,3111.497579845239,3206.369680088131,3151.6823459881316,2886.1995068881315,3377.6254077881317,2955.2903536881313,3548.8979880881316
106497,G06007325,low,True,7196.246999999999,0.8407500276235722,2085.787545515417,2109.6742435436922,2085.80740935872,2049.99599975972,1876.11182645072,1916.80852219172,1717.93139813972,1747.84457696672
106673,G06007310,medium,False,824.8010000000002,0.7130643653791515,341.98658761999945,594.9336375300006,341.98775203,335.56416192999995,304.36398173,1335.33274383,1016.66495983,2328.67370613
106680,G06007314,high,False,4015.1020000000003,0.7130643653791515,1710.7098032600018,1797.519466830001,1710.73060327,1679.0919170700001,1525.5166992700003,2274.65063227,1901.8344906700002,2838.57675967
106701,G06007314,low,True,7006.187,0.7130643653791515,2047.8703081587237,2072.6302214346683,2047.8903696015232,2013.0226836855234,1843.762264966523,1895.0851570995233,1698.2470829835233,1742.2723210935233
106795,G06007307,high,False,7101.910000000001,0.8407500276235722,3256.35809469,3156.068196629434,3256.388909049999,3200.3311641499986,2928.170555849999,3404.2214513499985,2978.9410300499985,3552.066873749999
106977,G06007301,medium,False,3439.1629999999996,0.7130643653791515,1458.605098389998,1577.2383174899994,1458.6249241400003,1431.3725270399998,1299.1000579400002,2097.3058449399996,1733.91726624,2735.9966728399995
106978,G06007314,low,True,347.3839999999999,0.7130643653791515,90.30959894880041,161.22809992799964,90.30982005359999,88.61165883359998,80.36462291759999,502.5009234216,376.90515417359995,914.6900967216001
107181,G06007328,high,False,17822.599000000002,0.7130643653791515,9086.970327089995,8295.045064829428,9087.08957645,8944.457691849999,8251.945283749998,7760.044546249998,7148.890692449999,6433.175727149998
107276,G06007310,low,True,11930.778999999999,0.7130643653791515,3692.8796634501246,3678.11690739867,3692.910866833523,3633.628126456523,3345.7729305345224,3124.0053490185237,2874.702034291523,2555.158200703523
107617,G06007326,low,True,9266.2,0.7130643653791515,2777.806057482624,2781.96456135167,2777.8319258055235,2732.137556077523,2510.271223354523,2440.3893952005233,2220.296015794523,2102.931175642523
107679,G06007316,low,True,3740.691,0.7130643653791515,980.8298505498188,1029.0823401386924,980.8344525234199,962.42280017342,873.0230706354201,1108.25525954942,946.74786017642,1235.65273679342
107811,G06007307,low,True,6580.698,0.8407500276235722,1840.8907658043063,1865.7065775525948,1840.8969156374994,1808.7191760644994,1652.4570875714992,1733.6759252384995,1542.586450993499,1626.4111761104996
107872,G06007324,medium,False,8436.385,0.7130643653791515,4006.4693393681296,3814.9169086552356,4006.4954042881322,3939.946755288132,3616.773121988132,3975.369443888132,3527.5282904881324,3944.273539088132
107913,G06007317,medium,False,5588.495,0.7130643653791515,2476.2501516281286,2468.800421215246,2476.280081488132,2432.444681688132,2219.602772188132,2832.186885388132,2433.181981288132,3188.0682381881315
107926,G06007330,low,True,5368.967000000001,0.7130643653791515,1486.1661768690199,1522.5511009276695,1486.1754648015233,1459.658008738523,1330.8863718705234,1475.4475219275232,1296.527845819523,1464.7064639025232
108051,G06007308,low,True,4522.633,0.8407500276235722,1240.8794703907474,1285.0561803150138,1240.8905151412487,1218.3358391512486,1108.8263800852483,1297.7761401352486,1127.3779750042484,1354.6795663462485
108074,G06007330,medium,False,7991.407999999999,0.7130643653791515,3768.1061166181303,3605.4408063652377,3768.142583688132,3705.1178976881315,3399.147401488132,3797.311950588132,3357.072465088132,3826.468132588132
108120,G06007326,high,False,9515.824999999999,0.7130643653791515,4606.58836692813,4345.51494915524,4606.639912088132,4531.180211988132,4164.744854988132,4423.670434788131,3956.751992288132,4240.757213388131
108184,G06007327,high,False,6212.341,0.7130643653791515,2817.403639608129,2769.309665135244,2817.426199288132,2768.5198657881315,2531.069195888132,3087.0598514881317,2677.1304431881317,3356.710601588132
108246,G06007313,low,True,5610.183000000001,0.8407500276235722,1533.7936194587937,1568.226585827603,1533.8045563154994,1506.179536690499,1372.0490181404994,1504.2487253834993,1322.9558245334993,1474.6631515214995
108359,G06007324,medium,False,7139.823,0.7130643653791515,3294.9108072881318,3187.175570875239,3294.9328396881324,3238.9388105881317,2967.085722988132,3443.812326588132,3018.6522472881315,3592.648889988132
108792,G06007315,medium,False,6144.766,0.7130643653791515,2779.8657701081306,2736.110527375237,2779.8850252881316,2731.537096188132,2496.7996726881315,3059.0246654881316,2650.2977272881317,3338.1489095881316
109104,G06007316,medium,False,2804.4210000000003,0.7130643653791515,1161.2141429200021,1312.897579790001,1161.2204570300003,1139.4018943300002,1033.43550383,1892.1943562299998,1540.4512935300002,2623.14794643
109244,G06007324,medium,False,9787.208,0.7130643653791515,4681.812479838129,4403.425741005238,4681.841219088132,4605.262009788132,4233.436882688131,4479.922369288131,4010.5274702881316,4277.9796528881325
109558,G06007312,low,True,6301.81,0.7130643653791515,1773.7519134939243,1800.0117865066675,1773.7557129735233,1742.972309308523,1593.4811060625232,1690.3017790065228,1502.2048030605229,1606.8138058875234
10960,G06007311,high,False,6168.601,0.7130643653791515,2749.121628018131,2704.1492381252365,2749.1271026881323,2701.2500434881317,2468.747684788132,3036.0711146881317,2628.321073688132,3322.9416868881317
109658,G06007310,medium,False,818.054,0.7130643653791515,343.52582113999995,596.8124662000002,343.52973322,337.09266622,305.83351331999995,1336.66777202,1017.97719712,2329.80922592
109966,G06007327,high,False,7023.862,0.7130643653791515,3290.0107996281276,3189.358008515239,3290.0338564881317,3234.124484888132,2962.5763558881317,3440.109693588132,3015.1323156881317,3590.241981188132
110058,G06007307,medium,False,10190.345000000001,0.8407500276235722,4986.069896979993,4686.114414179433,4986.141749049999,4904.376032049998,4507.495318349999,4696.419589449998,4215.976694449999,4406.817913249999
110341,G06007316,high,False,19779.017,0.7130643653791515,9873.526254098131,8950.786306525239,9873.435183688132,9719.958690888132,8973.91321528813,8358.549857488131,7723.6952949881315,6843.260856688132
110432,G06007315,medium,False,6066.332,0.7130643653791515,2716.931469888133,2678.558665655239,2716.9449488881323,2669.551771588132,2439.3511800881324,3011.993570788132,2605.299679288132,3307.0207930881315
110480,G06007330,medium,False,11341.126,0.7130643653791515,5488.2092889681335,5109.747067655238,5488.233472888132,5399.693096788131,4969.756328688132,5082.374564388132,4587.272147288131,4676.425328488132
110585,G06007316,low,True,11535.141,0.7130643653791515,3575.162922047728,3565.1462306006633,3575.2023469815235,3517.6526284335228,3238.288233067523,3036.0742934355226,2790.5152900905227,2496.993408556523
110639,G06007302,medium,False,785.8330000000001,0.8407500276235722,323.04009468999817,577.9857957600013,323.0403871900001,316.96163669000003,287.43865439000007,1322.26615429,1004.33849809,2321.48269759
110731,G06007317,high,False,6572.624,0.7130643653791515,2984.161900788129,2913.0724184352352,2984.170859088132,2932.808821988132,2683.351199988132,3211.6519579881315,2796.4202743881324,3439.0788114881316
110796,G06007327,low,True,4773.697,0.8407500276235722,1321.1913835071005,1362.712184197001,1321.2046463742004,1297.4992863462,1182.4034980212,1358.4730883141997,1185.6041616522,1395.7553760162
110842,G06007312,low,True,4358.782,0.7130643653791515,1152.9039188896916,1197.0208060177708,1152.9100022263924,1131.425405743392,1027.1053236463924,1227.9781560673923,1059.8698743643922,1303.0275659593922
110843,G06007314,low,True,10773.16,0.7130643653791515,3313.821951857419,3309.1798409076728,3313.846539919523,3260.1989061105232,2999.664488134523,2840.8207711185228,2603.620321438523,2367.8356593045232
110912,G06007330,medium,False,2284.2219999999998,0.7130643653791515,952.3943144200023,1130.6030431999975,952.3995738599999,934.5272586600001,847.74171566,1750.6893366599998,1407.42763306,2548.96137346
110945,G06007324,high,False,10655.554,0.7130643653791515,5159.9018382681315,4825.433164875236,5159.933421488131,5076.265845188131,4669.957204788132,4837.067716588132,4352.439159388132,4514.227180488131
110979,G06007306,high,False,12588.058,0.8407500276235722,6138.9175461299965,5684.840550049427,6138.956092449998,6040.109325849999,5560.172154049999,5557.7139342499995,5040.480677449998,4976.475187649999
111014,G06007316,medium,False,3596.087,0.7130643653791515,1493.5205021194913,1604.2276785498702,1493.5231360894911,1465.524119789491,1329.5386747894909,2119.168015289491,1754.1372082894911,2744.7731814894905
111106,G06007322,medium,False,6119.786,0.7130643653791515,2744.697367868134,2702.965429095243,2744.722181888132,2696.902456488132,2464.715936788132,3032.747014488132,2625.167122988132,3320.7285734881316
111274,G06007308,high,False,11172.556999999999,0.8407500276235722,5345.563437919997,4983.001644419427,5345.588631849999,5258.526996849998,4835.792144149998,4965.026002149999,4473.086532649999,4584.4444647499995
111400,G06007311,low,True,4246.368,0.7130643653791515,1108.459276709075,1152.1482552995108,1108.460851110579,1087.7128312235786,986.9477045585788,1195.9950256865786,1029.4596486665787,1283.4979087925788
111419,G06007327,medium,False,5871.9130000000005,0.7130643653791515,2636.6960464381305,2610.686650605243,2636.720804288132,2590.496994388132,2366.0822845881316,2952.063539188132,2547.9112418881323,3267.389802488132
11147,G06007314,medium,False,4885.6,0.7130643653791515,2088.088562448135,2125.745169415241,2088.096757288132,2050.0268464881315,1865.1658545881323,2542.224036188132,2155.560008988132,2996.301583288132
111474,G06007308,high,False,17981.915,0.8407500276235722,8972.884328860011,8171.414719059432,8972.942601249999,8832.03344155,8147.836572249998,7674.898802649998,7067.30679335,6376.806994549999
111549,G06007315,medium,False,10934.179,0.7130643653791515,5420.659490948134,5067.91466437523,5420.7404326881315,5333.171931688132,4908.027122688132,5031.826782388132,4538.930905788132,4643.060270888132
111702,G06007325,high,False,4190.6089999999995,0.8407500276235722,1875.2556522111868,1947.49502817716,1875.2914734111878,1841.5780053111876,1677.951822711188,2403.999598711188,2026.749600011188,2932.782334111188
111729,G06007313,high,False,11398.958999999999,0.8407500276235722,5573.843294189999,5196.274649989429,5573.899163849997,5483.434862949998,5044.194970249999,5135.526781149998,4636.344456549999,4697.246270749999
111878,G06007315,low,True,1938.522,0.7130643653791515,507.1570802298006,567.3859892260022,507.15939119580014,497.63482294680006,451.3826912868,785.9867240028,643.5751085328,1064.8025260458
11217,G06007328,high,False,8213.387,0.7130643653791515,3775.9761708299966,3604.21478498943,3775.986304249999,3712.232766549999,3402.639040949999,3792.4287727499986,3350.5600084499993,3808.8333212499992
112334,G06007323,high,False,5256.9400000000005,0.7130643653791515,2274.3860936981314,2288.1590591252375,2274.392883488132,2233.5595311881316,2035.2746451881317,2681.405222588132,2288.798201988132,3088.3560758881317
112620,G06007314,high,False,2943.921,0.7130643653791515,1207.8508139300043,1352.3610904399961,1207.84805523,1185.11229453,1074.68085483,1923.16070753,1569.42535893,2638.42938473
112879,G06007314,low,True,5976.377999999999,0.7130643653791515,1728.0279089763872,1761.1119626563411,1728.0428080731863,1698.2201827581857,1553.3928267351862,1661.0181997671862,1475.0018766891862,1594.0312385601856
11290,G06007310,low,True,5258.48,0.7130643653791515,1444.4414300478634,1480.5525175322466,1444.449050313665,1418.643379212665,1293.300028401665,1445.7451482096649,1268.3460590016653,1447.029728067665
112946,G06007329,high,False,14015.761,0.7130643653791515,6991.948636028126,6440.679864035246,6992.008423688132,6881.128261088132,6342.751247288132,6205.742702888132,5662.692257788131,5419.511082688132
113024,G06007328,low,True,5858.406000000001,0.7130643653791515,1624.7678355663409,1657.617349667782,1624.7801413626412,1595.8474728216408,1455.3698082216408,1572.9782287266407,1388.869831227641,1521.1775359596409
113043,G06007310,high,False,5963.764999999999,0.7130643653791515,2677.7300622781318,2645.7625917052414,2677.7548260881317,2630.9210494881318,2403.554051988132,2982.7177832881316,2577.262623288132,3287.658943388132
113129,G06007323,high,False,8024.254,0.7130643653791515,3743.380296878128,3578.8191895452474,3743.401985488132,3680.7588751881326,3376.5921601881323,3778.8537043881315,3339.4083827881323,3814.225398088132
113196,G06007326,medium,False,16439.624,0.7130643653791515,8310.104330668135,7602.380476835242,8310.194033688133,8179.719019488131,7546.317370488132,7190.4975061881305,6605.3918840881315,6070.891007588132
113242,G06007326,high,False,8403.565999999999,0.8407500276235722,4003.2808032381286,3813.674113505245,4003.3006942881325,3936.8102675881323,3613.851176988132,3972.9736967881317,3525.2498011881326,3942.695382888132
113290,G06007312,low,True,4114.856,0.7130643653791515,1079.2155719135612,1124.2066670588179,1079.2168040612587,1059.0493911662588,961.1140567952588,1176.6872780312588,1011.3984122072587,1274.1236186012588
113311,G06007306,low,True,819.147,0.8407500276235722,214.18676503559928,281.9520869690004,214.18698471030007,210.16502546130002,190.62787363830003,586.7638068333,456.1737943593,959.3388171393001
113336,G06007313,low,True,7206.552,0.8407500276235722,2059.2722607281994,2080.031353945602,2059.2811826055,2023.8602463764996,1851.8513257124996,1896.8201606324992,1698.7659319964991,1734.3267406574996
11335,G06007312,high,False,10656.127,0.7130643653791515,5091.808183038129,4757.42189140524,5091.817401688133,5009.167898988133,4607.792052288132,4786.221536388131,4303.7249913881315,4480.604825688131
113381,G06007316,high,False,13308.152,0.7130643653791515,6634.910961678135,6129.309297825244,6634.986371288132,6529.387748288133,6016.745152788131,5939.007390988132,5407.333985188133,5243.095897488132
113541,G06007316,low,True,2391.876,0.7130643653791515,636.1545764132999,694.4356878550001,636.1636399524001,624.2519201813998,566.4299740344001,874.3946336544,726.8662616304,1112.6304324294001
113727,G06007310,medium,False,9906.732000000002,0.7130643653791515,4762.326438618131,4475.87451858524,4762.339259088132,4684.581910388131,4306.930750088131,4540.0606290881315,4068.107606888132,4317.774985488131
113783,G06007301,high,False,10145.269,0.7130643653791515,4897.521873648131,4595.922934255239,4897.564448088131,4817.771304888132,4430.384711288132,4641.061676088131,4164.785508588132,4384.584449088132
113796,G06007330,high,False,7579.445,0.7130643653791515,3525.265751558128,3389.512956205241,3525.2850990881316,3465.900597788132,3177.418101588132,3615.867897988132,3183.391551288132,3706.461275088132
11401,G06007310,low,True,460.102,0.7130643653791515,119.5459172964014,189.67534741400036,119.54623908780003,117.29804767380003,106.3799286858,522.3639740178,395.5863027198,925.1791400598
114413,G06007324,high,False,12112.778000000002,0.7130643653791515,5910.45101768813,5481.532940335241,5910.478855888132,5815.654726688132,5355.247239388133,5397.789653788132,4889.182166388131,4885.160381388132
11446,G06007316,medium,False,7681.4349999999995,0.7130643653791515,3606.862679308133,3464.1048340552393,3606.900572688132,3546.2621879881317,3251.916389588132,3676.8557779881316,3241.7499626881317,3746.800285688132
114524,G06007313,high,False,6586.208,0.8407500276235722,2930.7206610688063,2863.2853995922706,2930.7231150288108,2879.6059269288107,2631.3264894288104,3162.2885155288104,2747.587468228811,3393.7532728288106
114560,G06007314,low,True,962.2420000000001,0.7130643653791515,255.00653135369916,322.1397025490005,255.0077606538,250.2313699788,227.03454298980003,614.7460589178,482.5377296598,974.4867550248
114585,G06007317,medium,False,4636.054,0.7130643653791515,1996.5518447389832,2045.4892590791708,1996.5562923689813,1960.447051468981,1785.0668252689811,2483.949066168981,2101.4994458689807,2971.279923968981
114680,G06007316,high,False,6140.493,0.7130643653791515,2710.468213308132,2667.4681387752385,2710.473851088132,2663.172466488132,2433.459349888132,3007.1869331881317,2600.663804388132,3303.8481908881317
114872,G06007313,low,True,2903.036,0.8407500276235722,772.6058922644999,827.6996584010006,772.6161458484,758.1512940624001,687.9365317944001,967.3612241754001,814.3494559464,1162.1096342574
114908,G06007313,medium,False,4292.531,0.8407500276235722,1808.5867685294882,1883.5962979593005,1808.6030032594902,1774.7789413594899,1610.5384544594901,2335.10832245949,1957.58828835949,2861.59931975949
114909,G06007315,low,True,7083.406,0.7130643653791515,2042.3033679750222,2063.156416639667,2042.3102140275232,2007.5423045505233,1838.6881601055231,1890.9255099645234,1694.2682234835233,1739.5135648275232
114910,G06007328,high,False,7796.0470000000005,0.8407500276235722,3663.9455158805067,3518.6115950995604,3663.984161050508,3601.8787649505075,3300.3174206505078,3708.7328016505076,3270.4652645505075,3753.5735091505076
114936,G06007315,medium,False,5252.603,0.7130643653791515,2294.2405786981312,2308.2896987652407,2294.258075888132,2253.124264088132,2053.399899988132,2696.228610688132,2302.9971066881317,3098.163618888132
11498,G06007327,high,False,6142.514999999999,0.7130643653791515,2872.8529095296576,2824.9525310361955,2872.8872055996603,2823.64987049966,2584.57503959966,3136.90636089966,2726.28819789966,3401.01983229966
115017,G06007312,low,True,7827.300000000001,0.7130643653791515,2278.8277605690214,2292.3992362076647,2278.829458261523,2240.5523240445227,2054.658904570523,2067.640073500523,1863.433982434523,1856.3859727455233
115084,G06007315,medium,False,5017.120000000001,0.7130643653791515,2172.9864165781314,2202.027037165241,2173.0033810881323,2133.664495688132,1942.6754570881317,2605.6386269881314,2216.266751488132,3038.263863488132
115085,G06007314,medium,False,4738.134,0.7130643653791515,2030.8575235293201,2077.526208712401,2030.8734161093198,1993.6946015093195,1813.19271210932,2500.31394080932,2115.5775563093202,2969.74013750932
115160,G06007307,high,False,7678.609,0.8407500276235722,3568.717120309998,3430.9442693494316,3568.7399046499986,3508.0561355499995,3213.3623120499988,3637.559322349998,3202.3259065499997,3706.4269603499993
115378,G06007327,low,True,9024.682,0.7130643653791515,2702.4982244682196,2709.0475043836695,2702.520903151523,2657.9359462245234,2441.497108168523,2384.1453803805234,2166.422749942523,2065.750068742523
115421,G06007327,low,True,5802.816000000001,0.7130643653791515,1661.8219194516182,1697.914856865671,1661.8437765015233,1632.7057971345232,1491.2604793725232,1606.667016550523,1422.1443241845232,1551.5178868875232
115473,G06007313,medium,False,8082.366,0.8407500276235722,3787.670696320005,3623.998579799428,3787.6968666499997,3723.761821349998,3413.293041149999,3801.145896949999,3358.9328373499993,3814.6047306499986
115894,G06007315,high,False,7191.334,0.7130643653791515,3308.634683988133,3197.6293739352404,3308.651168088132,3252.4602357881317,2979.6169099881313,3454.062125088132,3028.461597388132,3599.4349518881318
11605,G06007315,medium,False,3034.043,0.7130643653791515,1268.561323140002,1408.3119174500016,1268.5689372899997,1244.7722057899998,1129.24326589,1966.0020121899997,1610.01174499,2663.41439339
116208,G06007312,high,False,6799.0560000000005,0.7130643653791515,3105.220288558127,3019.5115604252424,3105.236094888132,3052.064872388132,2793.886621388132,3302.099381988132,2882.992580588132,3498.909734588132
116297,G06007308,medium,False,12462.188000000002,0.8407500276235722,6093.980305320007,5647.923010859426,6094.032611649999,5995.863536049998,5519.1594071499985,5524.092418449999,5008.3875183499995,4954.185379549999
116316,G06007326,high,False,6252.576,0.7130643653791515,2833.3166093981217,2783.0831305852385,2833.3537652881323,2784.217938288132,2545.6370391881323,3098.933485788132,2688.556201188131,3364.4942684881316
116321,G06007330,medium,False,657.028,0.7130643653791515,270.5583182899997,532.0980125300011,270.55882983999993,265.46961564,240.75190914,1286.64671574,970.8464839400001,2302.72707814
116367,G06007310,medium,False,9988.536,0.7130643653791515,4729.106990638131,4437.832706105239,4729.072147288132,4651.867752588132,4276.653672288132,4515.269987788131,4044.4392282881317,4301.2498344881315
116401,G06007328,high,False,7436.936,0.8407500276235722,3387.7789876599945,3266.1794951994348,3387.797414849999,3329.7986185499985,3048.1941968499987,3502.427154849999,3072.9524104499988,3616.982882949999
116592,G06007301,medium,False,11373.548999999999,0.7130643653791515,5577.578608528129,5196.5373338952395,5577.636972888133,5487.734629988132,5051.305736988132,5149.097594888131,4651.117479488132,4720.666371088132
116714,G06007327,medium,False,6171.656999999999,0.7130643653791515,2770.1615074281267,2724.9503469952397,2770.1765138881324,2721.9791259881317,2487.956903388132,3051.7862090881317,2643.3711642881317,3333.334158388132
116868,G06007325,medium,False,3743.286,0.8407500276235722,1565.3434223405106,1668.7281820501307,1565.356422610509,1536.019229210509,1393.5490157105091,2168.246377910509,1800.361473110509,2771.133233910509
117079,G06007322,high,False,8220.673999999999,0.7130643653791515,3836.924604858134,3659.6963543052384,3836.944203888132,3772.917313788132,3461.9921855881316,3848.7206588881318,3406.2771869881317,3860.4818945881316
117088,G06007315,medium,False,3890.732,0.7130643653791515,1619.178007379487,1715.182400209868,1619.188640709491,1588.7914888094908,1441.1989249094909,2204.0917737094906,1833.922545309491,2788.961224209491
117172,G06007325,high,False,13673.692,0.8407500276235722,6681.81264387,6158.217315749433,6681.858168249999,6574.954365649999,6055.906846349999,5963.306690049999,5428.763355149999,5244.713400449999
117371,G06007310,high,False,8846.07,0.7130643653791515,4166.751334758126,3949.0186498652447,4166.757799688132,4097.838091288131,3763.151458588132,4095.1552303881317,3642.185857188132,4023.455055888132
117463,G06007330,medium,False,7084.534,0.7130643653791515,3309.7637234581284,3205.4054888252404,3309.7995038881318,3253.5809698881317,2980.634247088132,3454.881750688132,3029.2740964881323,3599.9817239881318
11754,G06007315,medium,False,9505.119,0.7130643653791515,4522.18900840813,4261.999059315241,4522.207071688132,4448.010430688131,4087.7065363881316,4360.678428788131,3896.408040288132,4199.0546976881315
117569,G06007327,low,True,10604.303,0.7130643653791515,3217.2329420520246,3209.7678810296734,3217.2485142975233,3165.0339222105235,2911.4989070505226,2768.6985049935233,2534.5671236235235,2320.084286152523
117570,G06007324,low,True,6659.7919999999995,0.7130643653791515,1926.5348383143194,1953.3953852386721,1926.5449198515232,1893.4902667725232,1732.965493006523,1804.4294292585228,1611.461155594523,1682.3253802845231
117657,G06007316,low,True,6380.123,0.7130643653791515,1873.4310442059225,1907.2190585106684,1873.4620816095232,1841.1877824405235,1684.480184218523,1764.744516445523,1573.4912936715232,1656.063937258523
117852,G06007326,low,True,6895.360000000001,0.7130643653791515,1986.3949922259242,2009.5663422766681,1986.405012955523,1952.464651066523,1787.641760323523,1849.1600729295228,1654.288826935523,1711.880790658523
117879,G06007330,low,True,4787.906,0.7130643653791515,1314.3951654615432,1357.4664480827594,1314.4127318019441,1290.460877091944,1174.219568271944,1347.6554637249437,1174.2702259179437,1380.901424712944
118272,G06007326,high,False,2224.816,0.8407500276235722,919.9465868900035,1101.2613632300022,919.94970148,902.6599334800002,818.6868544800001,1728.10275188,1386.0873040800002,2536.23397438
118296,G06007315,medium,False,9716.363000000001,0.7130643653791515,4665.643269918133,4391.941604245239,4665.693518488131,4589.346888688131,4218.682546388132,4467.817036788132,3998.9738110881317,4269.958150288132
118332,G06007308,medium,False,9585.53,0.8407500276235722,4612.4505604999995,4351.672358899427,4612.499805849999,4536.299874549998,4166.368089249999,4417.3067087499985,3948.779790649999,4222.184758549999
118471,G06007308,high,False,9053.314,0.8407500276235722,4271.013940769997,4044.9808043894313,4271.041626449999,4199.933155849999,3854.639316149998,4162.245006149999,3704.61252755,4053.436057849999
118510,G06007314,high,False,4371.017,0.7130643653791515,1902.9059287888201,1960.782073792276,1902.896456248811,1869.1994567488111,1705.4436054488112,2431.062435148811,2053.7864675488113,2959.1384786488106
118982,G06007327,medium,False,7572.566000000001,0.7130643653791515,3575.2187063081324,3439.241554435239,3575.2613510881315,3515.087946688132,3222.998221388132,3653.197026588131,3219.090966388132,3731.197643788132
119056,G06007311,medium,False,7625.01,0.7130643653791515,3554.3912758981355,3415.220871625245,3554.4157122881315,3494.570192088132,3203.9995295881317,3637.644720688132,3204.2086449881326,3720.886666888132
11907,G06007322,high,False,2951.376,0.7130643653791515,1255.543108020002,1398.0347687499986,1255.54818249,1232.25903379,1119.13812379,1961.46900119,1606.5646793900003,2667.40379929
119173,G06007310,low,True,4639.673000000001,0.7130643653791515,1233.065348996124,1274.205211009669,1233.070410346823,1210.318229797823,1099.838107744823,1286.5101138198231,1115.6757952158232,1339.9178528568232
119267,G06007314,medium,False,10366.139,0.7130643653791515,4976.678732458129,4661.165822245241,4976.707720688131,4895.752363488133,4502.6947223881325,4700.229847288132,4221.440408288132,4423.651076488132
119281,G06007317,medium,False,5254.013000000001,0.7130643653791515,2300.4426741581306,2314.4104999652395,2300.463836088132,2259.2391305881315,2059.061649388132,2700.8508755881317,2307.4306178881325,3101.224988388132
119366,G06007316,medium,False,4264.474,0.7130643653791515,1825.789868379489,1898.9928087798721,1825.8043139594909,1792.161917759491,1628.7996131594907,2355.410252259491,1978.2730865594908,2885.0149681594908
119479,G06007317,high,False,8403.574,0.7130643653791515,3959.93299393813,3770.7440648652405,3959.9642414881323,3894.0924888881314,3574.3032547881317,3940.6285890881322,3494.2531665881315,3921.2715886881315
119513,G06007316,medium,False,1032.5720000000001,0.7130643653791515,435.19772794000085,677.4405616400005,435.20138876,427.05192086,387.47838226,1399.17534106,1076.8026990600001,2363.16091286
119645,G06007314,high,False,453.936,0.7130643653791515,187.2211671200023,459.14703648000057,187.22165568000003,183.70076928000003,166.60201408000006,1230.0465480799999,917.6165548800001,2272.8674556799997
120085,G06007310,low,True,865.4380000000001,0.7130643653791515,232.0225522272001,300.0798320100005,232.02569032020003,227.68824256919999,206.63173877219998,599.2742746542001,468.01197141419993,966.5300010462
120183,G06007329,medium,False,15411.035,0.7130643653791515,7836.248402128127,7194.3934993752355,7836.341575488132,7712.920290588132,7113.630245588132,6836.431251488131,6266.524937088133,5836.6915579881315
120373,G06007316,high,False,6109.687,0.7130643653791515,2766.1964319798285,2723.0936354131004,2766.2117852698298,2718.2726391698297,2485.46312306983,3052.1506844698297,2644.28209896983,3338.1273597698296
12044,G06007317,high,False,8295.098,0.7130643653791515,3914.53555842813,3732.365164555243,3914.5703910881316,3849.3724991881313,3532.8511208881323,3906.709466388132,3461.789109088132,3898.8330167881318
12075,G06007310,high,False,6504.886,0.7130643653791515,2914.796377658126,2848.1667580052385,2914.795988688132,2864.4643628881317,2620.0236520881317,3159.848147188132,2746.8089126881323,3404.810236888132
12077,G06007310,medium,False,3041.4299999999994,0.7130643653791515,1254.999460129996,1394.5248715299995,1255.0036320999998,1231.4046730999999,1116.7997073999995,1955.6607074999997,1600.0877580000001,2656.2857929999996
120772,G06007324,high,False,1001.147,0.7130643653791515,432.7739598599992,676.5004286900005,432.77587360999996,424.71689030999994,385.55969681,1398.23355671,1076.05638151,2363.71407271
120786,G06007316,low,True,3145.212,0.7130643653791515,918.7250529933021,976.1450648669958,918.7434486216,902.4023749355998,823.0669560665999,1081.5536821116002,924.5264055186,1244.4262484316
120792,G06007317,medium,False,7424.923000000001,0.7130643653791515,3438.689056588129,3312.7087682352435,3438.712726288132,3380.589728988132,3098.3746571881325,3551.219111288132,3121.4857470881325,3663.680680388132
120821,G06007306,high,False,9307.751,0.8407500276235722,4438.449230480008,4195.979698679428,4438.494079249999,4364.895002349999,4007.5191371499986,4287.308740649999,3824.365457849999,4136.153517249999
120834,G06007315,low,True,8629.128,0.7130643653791515,2565.7737729108194,2575.098638605669,2565.788326849523,2523.247410277523,2316.6622090635233,2281.998419842523,2068.652149735523,1998.1708857075232
12092,G06007325,medium,False,7717.271,0.8407500276235722,3534.3531358300006,3394.525194269426,3534.3618852499994,3474.191043349999,3182.014693549999,3611.9351943499996,3177.7664906499995,3689.436763749999
120962,G06007329,medium,False,10034.776,0.7130643653791515,4824.868127288137,4530.279846075231,4824.884540688132,4746.195514088131,4364.034322688132,4586.783865288133,4112.820832688132,4348.695856388133
121128,G06007308,medium,False,4940.242,0.8407500276235722,2110.1509788393273,2148.9228489024053,2110.16892824932,2071.1924838493196,1881.9158335493203,2548.83462934932,2160.24229574932,2987.48812684932
121169,G06007316,low,True,4740.553,0.7130643653791515,1263.5996842719505,1303.4324319697541,1263.602410200044,1240.4106140760437,1127.798481996044,1309.560870918044,1137.776691171044,1355.480742309044
121278,G06007307,high,False,7957.205,0.8407500276235722,3694.5071012299995,3538.99129500943,3694.521636649998,3631.9848537499984,3328.2325098499987,3731.5377208499985,3292.3030583499985,3768.5632392499992
121525,G06007301,high,False,13362.859,0.7130643653791515,6636.540140958134,6127.380717605241,6636.614269888132,6530.979720388132,6018.236038988132,5940.239622588131,5408.486105288132,5243.922114688132
121587,G06007329,high,False,8195.346,0.7130643653791515,3847.9563545081305,3672.1133151352383,3847.9800376881317,3783.7728863881316,3472.056981788132,3856.982786088132,3414.172205588132,3865.943759688132
121755,G06007307,high,False,9101.35,0.8407500276235722,4355.053753199997,4125.48239051943,4355.08548265,4282.729868349999,3931.3375390499987,4225.003346749999,3764.69739845,4094.991048149999
121945,G06007324,low,True,10341.181,0.7130643653791515,3143.662607923823,3139.5702289176647,3143.680038505523,3092.552192260524,2844.2940275535225,2713.714182544523,2481.908997424523,2283.7806984405233
12204,G06007301,low,True,6254.925,0.7130643653791515,1795.160295827723,1825.731262204667,1795.1729925075235,1764.067649455523,1613.0131593585231,1706.2801417215233,1517.509167961523,1617.3995456325233
122627,G06007325,low,True,19956.772,0.8407500276235722,6466.464570717902,6401.091268522606,6466.553452705499,6365.6801264384985,5875.9214388525,5189.261456419499,4850.6893020885,3912.1055653964995
122702,G06007308,medium,False,6587.095,0.8407500276235722,2968.1397856899994,2901.22595112943,2968.1669530499994,2916.391571549999,2665.0149911499993,3188.906098149999,2772.818404649999,3409.6367990499994
122873,G06007313,low,True,3926.937,0.8407500276235722,1025.9255281019803,1072.3589863699108,1025.9262796667795,1006.6901249597792,913.2297205937795,1139.1028915247796,975.8163461327792,1252.2558776267795
122917,G06007326,high,False,4856.57,0.7130643653791515,2084.9595921082987,2124.5320955921406,2084.975418508302,2046.952232908302,1862.3135070083022,2539.8882009083018,2153.338122008302,2994.777560508302
122924,G06007328,high,False,1997.2200000000003,0.8407500276235722,842.95698479,1035.8400883700006,842.9685471999999,827.1855117,750.5604005,1676.9192688,1338.1579357,2510.8842680999996
123022,G06007312,high,False,1117.416,0.7130643653791515,470.4972223500014,708.45347113,470.49942527999997,461.69261928000003,418.89803398000004,1423.1791974799999,1099.3877743799999,2375.87084198
123332,G06007316,low,True,7867.402,0.7130643653791515,2299.563947978725,2313.6459560306685,2299.5724514415233,2260.9816227105234,2073.592752895523,2083.1292649665234,1878.2624505015228,1866.6325662285233
123340,G06007315,low,True,1895.965,0.7130643653791515,497.87320377060036,558.6016863769995,497.87656969050005,488.53447161750006,443.1608347634999,779.7930485295001,637.7735980425,1061.7106289865
123370,G06007324,low,True,2674.543,0.7130643653791515,699.9931926224997,755.2376228459987,699.9966017666999,686.8505496447,623.0157171777,917.1280036407,766.9352387667,1134.2519449287001
123413,G06007324,medium,False,7250.996,0.7130643653791515,3296.102725188132,3180.977340415241,3296.101350888132,3240.0955165881323,2968.164940188132,3444.710111688132,3019.4721529881317,3593.285200088132
123455,G06007328,medium,False,7531.686,0.8407500276235722,3440.738354420002,3313.0113674394333,3440.7570496499993,3381.974196349999,3096.551269749999,3541.988210649999,3110.8329495499993,3643.144600049999
123545,G06007326,medium,False,5738.61,0.8407500276235722,2636.8175444299995,2611.0396381700016,2636.8284733,2591.6149656,2371.990611800001,2969.0799141999996,2567.0579256,3301.3989936
123662,G06007314,high,False,18026.625,0.7130643653791515,9126.945042648125,8317.258885795238,9127.049084288132,8984.45210248813,8292.200771588132,7800.733167588132,7189.630422488132,6474.444325188131
123763,G06007328,high,False,11160.747,0.8407500276235722,5611.909166040001,5249.1607361394235,5612.017874449999,5520.955841149998,5078.907704949999,5163.913015349999,4663.568274849999,4716.050417749999
123794,G06007302,low,True,4767.129999999999,0.8407500276235722,1248.1622431298963,1289.3960911510003,1248.1702041689998,1224.7313781779999,1110.919878495,1289.9191124909999,1117.6156808849998,1331.6426022659998
123795,G06007329,high,False,13678.399000000001,0.7130643653791515,6817.48034589813,6287.832042385238,6817.54291248813,6709.251814288131,6183.440324488132,6075.3819711881315,5537.904105588133,5333.305988588132
124218,G06007315,high,False,7488.079999999999,0.7130643653791515,3478.9159369481317,3348.7282541152395,3478.945415288132,3420.2169762881317,3135.094295188132,3581.262599788132,3150.2369831881315,3683.579429888132
124247,G06007301,low,True,2424.159,0.7130643653791515,636.9084170441956,694.1136152369985,636.9118746290999,624.9592507221,566.9245804131,874.3965607550999,726.7692036981,1111.8700912191
124273,G06007307,high,False,11176.179,0.8407500276235722,5456.605463539994,5094.061142299432,5456.678317649999,5367.974627749998,4937.192634149998,5047.905610849999,4552.553604049999,4639.206936249999
124389,G06007302,medium,False,5837.648999999999,0.8407500276235722,2573.7340175088116,2558.2382873028446,2573.749067788812,2527.4002956888116,2302.234554188812,2886.556448088812,2482.128796288812,3199.4309321888118
124419,G06007313,medium,False,6023.405000000001,0.8407500276235722,2642.569702279995,2612.0548345594284,2642.5814792499987,2595.646894049999,2367.753932249999,2945.6989530499986,2539.988691549999,3248.751728449999
12458,G06007302,low,True,7268.281000000001,0.8407500276235722,2039.4872282724216,2064.5754070730686,2039.5015038645242,2003.300030836524,1827.4962323445243,1863.7864102215235,1664.0643917835232,1688.107664176524
124701,G06007316,medium,False,1123.555,0.7130643653791515,492.1669516800002,729.6492153699999,492.1711974500001,483.03090015000004,438.6162166500001,1439.19147865,1114.69211415,2386.24003085
12485,G06007302,medium,False,7059.115,0.8407500276235722,3089.711163408629,3010.0967948853577,3089.730443538641,3033.933876938641,2762.9455893386407,3241.7254086386406,2816.988350838641,3393.7463724386407
124867,G06007316,medium,False,4299.041,0.7130643653791515,1806.206723628983,1879.4468796091703,1806.2181577689814,1772.6071662689812,1609.410325468981,2336.365421568981,1959.290610768981,2866.4707567689807
124951,G06007308,low,True,8667.392,0.8407500276235722,2562.7995656298003,2573.6478290315986,2562.8222609954996,2519.9355604184993,2311.6263252704994,2272.9603295054994,2058.9099134384996,1983.0810400034993
125025,G06007310,high,False,10519.48,0.7130643653791515,5106.689584898133,4780.821660445243,5106.729602288133,5023.836806588131,4621.371027988131,4797.323214788132,4314.394958788132,4487.924797288131
125051,G06007325,high,False,12406.473999999998,0.8407500276235722,6028.196219049998,5586.01708544943,6028.228311049998,5931.040087649999,5459.085775449998,5474.989935249998,4961.306620849999,4921.7404637499985
125257,G06007326,medium,False,9663.93,0.7130643653791515,4608.443548728132,4338.15043595524,4608.469643688131,4532.9913805881315,4166.447338588132,4425.0949580881315,3958.0517383881315,4241.718914888132
125291,G06007310,low,True,2693.95,0.7130643653791515,706.3038513341984,761.5812529359984,706.3077101850002,693.0481493880002,628.662517308,921.503421687,771.0681581580001,1136.685069006
125362,G06007322,low,True,2468.828,0.7130643653791515,650.6793827919,707.8170721229989,650.6838735012,638.4811924512,579.2292971261999,883.8979757921999,735.7358949581999,1117.1040081612
125406,G06007324,high,False,9926.641,0.7130643653791515,4840.905840158133,4553.01384018524,4840.9462526881325,4762.0112112881325,4378.647690988133,4598.716826888132,4124.270417488132,4356.632097288131
12545,G06007325,low,True,1314.671,0.8407500276235722,356.3919964206014,422.1492371250004,356.3963641539001,349.75113820290005,317.47876286490003,684.2986205439001,548.0787652779,1012.2120112389
125479,G06007329,low,True,4115.105,0.7130643653791515,1069.8214961448025,1114.5971870950004,1069.8234149925001,1049.7064375035,952.0127103374999,1168.1350323914999,1002.9565533405,1266.4160189385
125547,G06007326,medium,False,3840.8859999999995,0.8407500276235722,1629.0694520689822,1723.9665953191684,1629.083406518981,1599.0709900189809,1453.342465218981,2220.502223118981,1851.181307418981,2811.885953518981
125613,G06007315,high,False,4971.696,0.7130643653791515,2143.2696393686406,2175.2264787453696,2143.283473858641,2104.411147258641,1915.658787958641,2583.7601451586406,2195.3821311586407,3024.2069523586406
125807,G06007313,high,False,2417.7529999999997,0.8407500276235722,1003.1149553600012,1174.5143793100024,1003.11957779,984.2765868899999,892.7779688899998,1784.86272399,1439.51425819,2566.57989869
125973,G06007330,medium,False,8657.488,0.7130643653791515,4100.600515888122,3895.3366656352378,4100.642382288132,4032.6941963881313,3702.771465188132,4045.6977610881318,3594.8989475881317,3990.707396588132
126013,G06007308,high,False,3557.2920000000004,0.8407500276235722,1460.2524390999993,1573.343308779999,1460.25355656,1432.76368176,1299.2690646600001,2094.6313043600003,1730.6844246599999,2728.97547236
126054,G06007307,medium,False,14173.89,0.8407500276235722,7111.521960930001,6554.952486929437,7111.626619649998,6998.298376949999,6448.206313949998,6284.277276849998,5736.054734549999,5457.082391649999
126153,G06007329,high,False,11540.006000000001,0.7130643653791515,5617.852195518137,5226.3483476452475,5617.884813288132,5527.412444488133,5088.1112859881305,5179.210285888132,4679.968806988132,4740.511864388132
126303,G06007301,medium,False,10574.673,0.7130643653791515,5235.243912738634,4905.126230675365,5235.321664878642,5150.5993840786405,4739.20656217864,4894.713005078641,4407.903949078641,4554.303292278641
126448,G06007313,medium,False,5939.838,0.8407500276235722,2700.745226661021,2673.484849220258,2700.7796232210176,2653.171880321018,2422.018342321018,2992.573222321018,2585.4623653210174,3284.4378302210175
12653,G06007330,high,False,6710.511999999999,0.7130643653791515,3108.2098977091505,3026.6514189160707,3108.231825339151,3055.1679385391503,2797.473934539151,3306.886428239151,2888.015172939151,3505.594047539151
126662,G06007301,high,False,7122.255999999999,0.7130643653791515,3261.204984208132,3154.4714056352395,3261.2183272881316,3205.7275465881316,2936.3033151881323,3418.625548088132,2994.527522788131,3576.015762088132
126927,G06007317,high,False,9164.725,0.7130643653791515,4327.609981128133,4089.48643971524,4327.6227530881315,4256.313115188132,3910.0390943881316,4215.327443988132,3757.2347900881323,4102.928009088132
126983,G06007328,low,True,9035.117,0.8407500276235722,2675.9582396756946,2682.5731340306047,2675.974346671499,2631.388749034499,2414.9281455494993,2357.535604219499,2139.8002503644993,2039.0711710604994
127030,G06007328,low,True,383.29599999999994,0.7130643653791515,99.649085205601,170.31873196800046,99.64935015840001,97.77556131840001,88.67572590239999,508.8478192104,382.8746857584,918.0441820464
127131,G06007306,low,True,4777.191000000001,0.8407500276235722,1271.240238805823,1311.5393733926687,1271.2447016754231,1247.8002207414233,1133.9513645784232,1312.865303567423,1140.543900455423,1354.4520245634233
127233,G06007329,medium,False,7822.893,0.7130643653791515,3718.6166031081334,3566.4890745352395,3718.649692288132,3656.3686723881315,3353.928496988132,3760.313955988132,3321.660195888132,3802.0371800881317
127386,G06007306,medium,False,2639.656,0.8407500276235722,1106.1317842699982,1266.025901869999,1106.1368898800001,1085.40125758,984.70408178,1855.6331553799998,1506.21619258,2605.13224528
127414,G06007313,high,False,5559.084000000001,0.8407500276235722,2384.2184855000005,2383.7211163194265,2384.222782849999,2341.1318081499994,2131.8619197499993,2752.6897926499987,2355.221280149999,3121.086882449999
127425,G06007324,high,False,15564.654999999999,0.7130643653791515,7729.917293308128,7079.041308755242,7729.955604888131,7608.140347188129,7016.618233988131,6757.088856088132,6190.516806288132,5784.118470088131
127456,G06007315,low,True,4099.135,0.7130643653791515,1073.37790481008,1118.8385262105126,1073.3836710614787,1053.2574822794786,955.5346774634786,1171.5894294974787,1006.4006152964786,1269.7693347494787
12770,G06007313,medium,False,4828.2570000000005,0.8407500276235722,2060.305845258807,2100.863644822271,2060.318522808811,2022.7676002088108,1840.4134004088112,2523.206535408811,2137.682338508811,2986.047803408811
127789,G06007323,low,True,5096.034,0.7130643653791515,1390.4404320102244,1428.5229046236686,1390.4495636775232,1365.3500939115231,1243.4841509505231,1403.9388388845232,1228.067926060523,1417.4045084325232
127887,G06007308,high,False,11025.325,0.8407500276235722,5270.258060839999,4917.104241279436,5270.280805049999,5184.339315749999,4767.026436149998,4908.761353049998,4419.224386649999,4547.239179149999
128116,G06007325,low,True,5206.548000000001,0.8407500276235722,1398.113973358199,1435.6424866136012,1398.1220247014996,1372.5107311544994,1248.1578450494994,1402.8873609224993,1225.9127924894995,1407.6301293464994
128157,G06007329,medium,False,8340.757000000001,0.7130643653791515,3958.2721227581337,3773.0801282852403,3958.3099682881325,3892.4765783881317,3572.780984088132,3939.347420588132,3493.074426588132,3920.422221788132
128200,G06007316,low,True,5237.012000000001,0.7130643653791515,1444.7248252593233,1482.4485358306677,1444.7383649295232,1418.828294008523,1293.0492473565228,1444.4937552375234,1266.8914172565233,1444.2288272265232
128308,G06007306,medium,False,8795.948,0.8407500276235722,4200.087839499998,3990.3152738794274,4200.121327249999,4130.072010949999,3789.854812049999,4109.228921049999,3653.8956908499995,4018.377471749999
128390,G06007327,high,False,8498.315,0.7130643653791515,4022.103761928133,3826.9671050752413,4022.1465770881327,3955.3588490881316,3631.074214588132,3987.042408588132,3538.7185904881326,3951.969236988132
128449,G06007313,low,True,7460.087,0.8407500276235722,2157.576409573198,2177.6641879576014,2157.5887966394994,2120.702363104499,1941.6020229584994,1970.2606987964996,1769.0650503194997,1782.9145610924998
128624,G06007324,low,True,5060.182,0.7130643653791515,1362.9178773996214,1399.617725187673,1362.9192951075233,1338.235655896523,1218.357672895523,1383.380609521523,1208.3863003695228,1403.8023203085231
128823,G06007310,low,True,10816.626,0.7130643653791515,3318.3312947997233,3312.3233612106665,3318.3641819715226,3264.635184922523,3003.791765995523,2844.201863623523,2606.8457677815236,2370.0640902645237
128883,G06007316,high,False,8554.279999999999,0.7130643653791515,4051.039209368129,3852.2355440952415,4051.0724534881324,3983.8586648881314,3657.497794888132,4008.680342988132,3559.430480088132,3966.2586398881317
128887,G06007301,medium,False,4792.351,0.7130643653791515,2073.4313002994872,2116.087729529867,2073.450421209491,2035.718091409491,1852.497308609491,2533.360642009491,2147.4391009094907,2993.2681874094906
128925,G06007330,medium,False,3102.013,0.7130643653791515,1282.3780587799997,1418.7368262699997,1282.3811453900003,1258.2753191900001,1141.2117067899999,1974.42690829,1617.75853409,2666.45204689
129091,G06007322,low,True,6816.429,0.7130643653791515,1968.0207610632244,1992.572950525667,1968.0365549175235,1934.3585898555234,1770.860316952523,1835.4332066715233,1641.1428228195232,1702.8096703275232
129242,G06007307,low,True,3390.6270000000004,0.8407500276235722,957.1383754072506,1009.9438862640139,957.1467153724486,939.9976876654484,856.7119929004485,1106.0829630514486,947.3007182014486,1255.0689920074485
12926,G06007326,high,False,10560.499,0.7130643653791515,5147.302736448131,4818.715300135238,5147.353626888133,5063.843963688132,4658.442503288132,4827.662664888132,4343.422630788132,4508.017626888131
129428,G06007310,medium,False,4673.459,0.7130643653791515,1968.2566427781308,2019.6441610052393,1968.263112088132,1931.971623588132,1755.7502854881318,2452.703819088132,2069.8528017881317,2937.095098188132
129444,G06007308,medium,False,5894.923000000001,0.8407500276235722,2615.424122090001,2593.01408234943,2615.4452106499994,2568.9139513499986,2342.947571249999,2925.3897816499984,2520.561446749999,3235.3472052499983
129486,G06007316,low,True,5752.482,0.7130643653791515,1627.1203031862237,1661.800035563669,1627.1388941775233,1598.5195393785232,1459.5852897915233,1580.748497644523,1397.331461137523,1534.3623292305233
129547,G06007308,low,True,9648.561000000002,0.8407500276235722,2911.732926297294,2916.549182154596,2911.7588953634995,2863.668314587499,2630.189001352499,2533.6514144954995,2308.4053614794993,2155.5926843504994
129594,G06007330,low,True,5017.357,0.7130643653791515,1352.5459846656236,1389.9590400256675,1352.5477794915232,1328.014998883523,1208.8821336405233,1375.633428835523,1200.962251975523,1398.687639100523
129604,G06007310,medium,False,6542.752,0.7130643653791515,2960.091392578133,2890.93864518524,2960.1008492881315,2909.097511888132,2661.385679888132,3193.6678844881317,2779.2243978881315,3427.1570502881314
129651,G06007325,medium,False,5258.898,0.8407500276235722,2238.478257769827,2257.296831372525,2238.489718469829,2197.557764869829,1998.7918538698286,2643.824836169829,2251.0078172698286,3049.1240375698285
130097,G06007316,medium,False,6050.321,0.7130643653791515,2696.712452058133,2659.2939158452396,2696.722116488132,2649.6151552881315,2420.887824188132,2996.9196644881317,2590.831707088132,3297.056482988132
13017,G06007302,high,False,2935.908,0.8407500276235722,1246.1915547600006,1391.2742469600005,1246.2212860400002,1222.91837124,1109.77703404,1951.99229964,1597.11503924,2657.77495044
130218,G06007327,high,False,7578.8099999999995,0.7130643653791515,3491.73790461813,3355.7640815652394,3491.740233888132,3432.8461546881317,3146.8147687881315,3590.8614195881314,3159.4328929881312,3689.892673188132
130287,G06007329,low,True,11624.332999999999,0.7130643653791515,3672.800722072519,3669.327454684669,3672.855258715524,3613.854823921524,3327.4200716115233,3108.9880450035225,2860.3512338625233,2545.2269221575234
130318,G06007328,high,False,9924.715,0.7130643653791515,4672.616906189991,4390.750946189422,4672.626153849998,4595.575733349999,4221.365334449999,4462.296371349999,3991.8584019499995,4251.8515773499985
130422,G06007323,medium,False,2550.681,0.7130643653791515,1052.6745678399975,1217.320385130004,1052.67929083,1032.88420553,936.7591996299998,1818.18282393,1470.78583053,2583.66091253
130478,G06007329,medium,False,10434.756000000001,0.7130643653791515,5000.596046828137,4680.654252275235,5000.616998488133,4919.316797288131,4524.532920188132,4718.092332788132,4238.544583788132,4435.468489288132
130752,G06007326,low,True,6562.609,0.7130643653791515,1870.7461673847235,1896.0170865126684,1870.7533324755232,1838.531219293523,1682.0446212285228,1762.758497704523,1571.5784098035233,1654.733900347523
130760,G06007329,medium,False,9375.593,0.7130643653791515,4452.018198078131,4200.191876245239,4452.044194088132,4378.868541288131,4023.6151731881323,4308.264387788131,3846.171013688132,4164.450824888132
130803,G06007317,high,False,3010.387,0.7130643653791515,1267.5733511999995,1408.5688862699992,1267.58788061,1243.8419430099998,1128.56794631,1965.9145049099998,1610.04677341,2664.23989421
130858,G06007308,low,True,14629.139,0.8407500276235722,4638.1929642845935,4609.551413795603,4638.244715023499,4564.5065446365,4206.555194719499,3823.4346134025,3543.127262836499,3008.726921179499
130930,G06007312,high,False,7556.034,0.7130643653791515,3536.5801213781338,3401.8360599052417,3536.6091250881323,3477.0232935881318,3187.7393959881315,3624.346341088132,3191.4865157881322,3712.070523188132
130949,G06007312,medium,False,684.441,0.7130643653791515,282.00204534999926,542.136816700001,282.0026708300001,276.6984779300001,250.93823143000003,1294.43247593,978.1701907300001,2306.85489793
13098,G06007326,medium,False,6106.678,0.7130643653791515,2730.0437150081257,2688.9874796952363,2730.0579052881326,2682.453773288132,2451.3241690881323,3021.815639588132,2614.6726560881325,3313.519538788132
131159,G06007310,high,False,6907.818,0.7130643653791515,3160.10053336813,3067.417001455241,3160.1214152881325,3106.130926188132,2843.992925788132,3343.0928203881317,2922.2259575881317,3526.043551388132
131185,G06007325,medium,False,6819.705,0.8407500276235722,3120.733797199995,3038.518928139433,3120.7674632499993,3066.718182649999,2804.327825649999,3302.8965195499986,2881.9414165499993,3485.0556593499987
131231,G06007316,medium,False,3577.196,0.7130643653791515,1491.9529835899984,1603.9733719299988,1491.9625960800001,1463.96531498,1328.0233883800001,2117.75383668,1752.7424507800001,2743.51575658
131666,G06007311,medium,False,7589.49,0.7130643653791515,3566.7287165991506,3428.5892104760746,3566.741527669151,3506.852818169151,3215.928755169151,3648.841847669151,3215.284076969151,3731.0286714691506
131680,G06007317,high,False,19057.154,0.7130643653791515,9459.757395968127,8583.79367429524,9459.719929888131,9312.365828288132,8596.187031888132,8049.345006788131,7427.846039688132,6638.635695088133
131903,G06007317,high,False,8799.7,0.7130643653791515,4160.90027503813,3946.310652505239,4160.926928088133,4092.0859587881328,3757.8124126881326,4090.761044588132,3637.9973082881324,4020.5517458881322
132033,G06007313,low,True,4334.1720000000005,0.8407500276235722,1136.170485828641,1180.1978310221816,1136.1755882742414,1114.8717672672412,1011.4195931412413,1214.2885472352411,1046.5654043772413,1292.3846846922415
132070,G06007306,low,True,6635.505,0.8407500276235722,1963.0403950194639,1995.0082954692723,1963.0588166415619,1929.434922841562,1766.1190501215622,1831.2185958375617,1637.045998360562,1699.455035512562
132087,G06007326,medium,False,5640.436,0.7130643653791515,2485.3747739781325,2474.4467860852365,2485.384497088132,2441.4213761881324,2227.925342388132,2839.025857988132,2439.6999135881324,3192.603982688132
132209,G06007312,low,True,4945.817,0.7130643653791515,1323.5172248577028,1360.9503920009752,1323.5175177132032,1299.427938766203,1182.420749467203,1354.058052502203,1180.3360694262028,1384.5668545692033
132278,G06007314,high,False,7440.110000000001,0.7130643653791515,3509.4476585781313,3381.746980985236,3509.467098688132,3450.299703788132,3162.930055888132,3604.0434078881317,3172.060906488132,3698.6894264881316
132308,G06007324,medium,False,6419.281,0.7130643653791515,2943.576919208127,2882.136901515236,2943.6118022881324,2892.8175056881323,2646.279115988132,3181.330646188132,2767.3752668881316,3419.051844388132
132346,G06007316,high,False,8221.295000000002,0.7130643653791515,3875.3281554381388,3698.1215845852416,3875.3678656881316,3810.761697388132,3497.073856188132,3877.405719288132,3433.7830976881323,3879.402192088132
132375,G06007330,high,False,14518.751,0.7130643653791515,7196.778411228137,6613.385356915247,7196.830680688132,7082.912376288132,6529.804252688133,6358.785575688131,5809.1894145881315,5520.714233988132
132487,G06007310,medium,False,7549.621999999999,0.7130643653791515,3494.583787398135,3360.50134852524,3494.597332488132,3435.657892988132,3149.398302788132,3592.9614244881323,3161.4401761881318,3691.3219494881314
132653,G06007326,medium,False,5259.867,0.7130643653791515,2312.1497285588107,2325.4236066122703,2312.1658063388113,2270.7871932388107,2069.8350370388107,2709.8557290388108,2316.103974938811,3107.5350197388107
133130,G06007315,high,False,12622.383,0.7130643653791515,6207.236622998133,5745.79206368524,6207.267560088132,6108.057523888132,5626.251826388132,5619.505896588133,5101.480288288131,5031.754479688132
133294,G06007308,high,False,5742.374,0.8407500276235722,2518.196039419996,2505.443034379428,2518.2114584499996,2473.1165159499997,2254.1697407499987,2852.764651549999,2451.021515749999,3187.3159735499985
133451,G06007312,high,False,15061.595000000001,0.7130643653791515,7566.9169851881325,6948.32322689524,7567.006330488133,7447.574285588133,6867.750336188132,6635.2659397881325,6073.900148888132,5703.607437988132
133572,G06007322,high,False,4613.572,0.7130643653791515,1964.1110378976216,2018.994843515676,1964.126428707624,1927.9348344076236,1752.2077570076237,2450.311984307624,2067.697362207624,2936.4639211076237
133746,G06007311,medium,False,6183.831,0.7130643653791515,2906.1930284493214,2858.0228198323975,2906.24005892932,2856.23083122932,2613.4143253293196,3157.1289700293196,2744.8780464293204,3408.1039573293197
133849,G06007327,high,False,5550.048000000001,0.7130643653791515,2440.6209545681254,2435.4977914552396,2440.6352234881324,2397.329090688132,2187.059516488132,2805.592468588132,2407.6864952881324,3170.497642288132
133958,G06007327,high,False,9886.903,0.7130643653791515,4759.9323459981315,4475.25299154524,4759.980564488133,4682.238492388133,4304.775838088131,4538.259742288132,4066.4127467881326,4316.545477388132
134221,G06007324,high,False,432.012,0.7130643653791515,178.2277233200019,451.27552152000135,178.22814356,174.87666955999998,158.60015276,1223.93859636,911.87257156,2269.64524916
134385,G06007301,high,False,11019.154999999999,0.7130643653791515,5295.522238978128,4937.864684385238,5295.5323308881325,5209.868620488132,4793.8283021881325,4938.422271988131,4449.482806888132,4581.187743688132
13462,G06007301,high,False,18809.144,0.7130643653791515,9486.903939558135,8626.659949885237,9486.979550088134,9339.041889488131,8620.854851088132,8069.690356888132,7447.023116288133,6652.394273088132
135015,G06007301,high,False,10935.609,0.7130643653791515,5201.6822973681265,4849.468856695243,5201.651796288132,5117.446128188132,4708.186665188132,4868.292914488131,4382.459762888132,4534.689875388132
135176,G06007326,medium,False,2573.049,0.7130643653791515,1136.1932647199983,1296.5881355299975,1136.2103815299997,1115.4655172299997,1014.7545061299998,1885.6942593299996,1536.2806626299998,2635.23271673
135182,G06007301,medium,False,10963.489000000001,0.7130643653791515,5427.508536128138,5073.070130295244,5427.596096688132,5339.916388688131,4914.299923988132,5036.962857088132,4543.847887688131,4646.423480688132
135232,G06007314,medium,False,8650.253,0.7130643653791515,4116.7980582581295,3911.5744242452433,4116.837978488131,4048.6369020881316,3717.518202488132,4057.7942028881316,3606.4258241881316,3998.795385488132
135347,G06007302,low,True,9822.474999999999,0.8407500276235722,2857.3778859042486,2862.963324333738,2857.4031785835473,2808.5384926785473,2571.260204536547,2465.943613921547,2239.031284741547,2074.491335083547
135356,G06007308,medium,False,2401.1540000000005,0.8407500276235722,994.5526582199967,1166.8160196799993,994.55673322,975.8676059200001,885.1182916199999,1778.93051442,1433.9090750199998,2563.27786962
13537,G06007313,medium,False,400.852,0.8407500276235722,165.3907271600017,440.033057920001,165.39115756,162.28108716,147.17728676,1215.2166479599998,903.66951596,2265.0385899599996
135406,G06007307,low,True,9836.473,0.8407500276235722,2959.8661825928975,2961.7049399906036,2959.8791321294993,2911.0938176564996,2674.146913987499,2569.611629527499,2342.8453676744994,2179.3560504314996
13544,G06007328,high,False,13704.073999999999,0.8407500276235722,6808.187790739994,6281.9116602194235,6808.276387649999,6699.460039549998,6171.258800449999,6057.668693549998,5519.130444649999,5307.170773849999
135451,G06007310,medium,False,11352.29,0.7130643653791515,5639.369148348131,5259.49759691524,5639.444228488132,5548.626580488131,5107.708779788132,5195.225139388131,4695.322247188132,4751.174865688132
135520,G06007313,high,False,5353.751,0.8407500276235722,2318.366509379999,2330.890586919432,2318.388671049999,2276.255235249999,2071.7198754499987,2703.486221949999,2308.117460149999,3088.558504249999
135580,G06007312,high,False,5874.387000000001,0.7130643653791515,2628.244898128132,2602.084406655237,2628.260133088132,2582.173312788132,2358.364800988132,2945.747318688132,2541.8676252881323,3263.212828788132
135667,G06007324,high,False,15622.954,0.7130643653791515,7912.505988978137,7257.587865205231,7912.602935088133,7788.046735488131,7183.291666388133,6893.431038388131,6321.077706588133,5874.352718188133
135703,G06007311,medium,False,2667.36,0.7130643653791515,1208.32518012,1359.5563103199966,1208.3346941599998,1186.9125915599998,1082.83183556,1946.0285813599999,1595.13921756,2683.7960316599997
135854,G06007324,high,False,14382.176000000001,0.7130643653791515,7191.023925818134,6615.81009014524,7191.086504688132,7077.237776388132,6524.501118688133,6354.463374088133,5805.034729488133,5517.928625488132
135909,G06007328,high,False,12084.329,0.8407500276235722,5869.054032619999,5447.791047359433,5869.09814245,5774.257942949998,5313.794030149999,5356.1174689499985,4847.517491049999,4843.0725487499985
136084,G06007315,medium,False,616.37,0.7130643653791515,255.53320279999906,519.1268202200002,255.53416510000005,250.7332959000001,227.41981750000002,1276.5538663,961.3736889,2297.5724379
136173,G06007310,medium,False,4590.371,0.7130643653791515,2021.0944473899972,2072.295904619996,2021.10632975,1984.65261835,1807.61042865,2502.7542548499996,2119.57772295,2984.43018845
13626,G06007317,low,True,8735.949,0.7130643653791515,2593.5183965490196,2601.041656881669,2593.5322131735234,2550.5767531365227,2341.988988814523,2302.722824242523,2088.478210045523,2011.9005015375233
136283,G06007312,medium,False,3252.361,0.7130643653791515,1350.5415109199969,1479.244673149999,1350.54813143,1325.18268503,1202.01530233,2021.16388143,1661.79913163,2691.7443675299996
136297,G06007330,medium,False,5633.799,0.7130643653791515,2495.456892798132,2484.846233345239,2495.474543488132,2451.350568388132,2237.119136188132,2846.553129688132,2446.891500488132,3197.6101525881318
136357,G06007312,low,True,5259.347,0.7130643653791515,1443.5139023480583,1479.1884754914188,1443.516886336758,1417.740330559758,1292.536254100758,1445.292997171758,1267.961718517758,1447.039727767758
136391,G06007312,high,False,4832.9349999999995,0.7130643653791515,2078.973360068643,2119.963556785373,2078.9920333586406,2041.050751958641,1856.8481548586408,2535.437439558641,2149.0700859586414,2991.8663053586406
136459,G06007313,medium,False,6303.102,0.8407500276235722,2793.2194045899987,2744.5350298094295,2793.2371776499995,2744.073297849999,2505.316250149999,3058.2110555499985,2647.747415549999,3323.154646849999
136548,G06007328,low,True,3455.408,0.7130643653791515,1024.3053052792457,1079.0593269590079,1024.3182905431486,1006.4487732901486,919.6457247061484,1160.9519424481487,1000.6293554101482,1297.6639122361485
137062,G06007315,medium,False,4597.773999999999,0.7130643653791515,1990.6835316094948,2043.79877586987,1990.7043457394911,1954.4379988394912,1778.3730852394906,2475.725211139491,2092.9583314394913,2960.751618739491
137435,G06007324,medium,False,2689.545,0.7130643653791515,1111.4494920600011,1268.964342330005,1111.4527945500001,1090.5588001499998,989.09361405,1858.2248457499998,1508.4621361499999,2604.96853625
13750,G06007316,medium,False,5287.188,0.7130643653791515,2327.376339828131,2339.2349808152394,2327.398658288132,2285.7748832881316,2083.653687388132,2720.974459088132,2326.6973233881317,3114.530348888132
137587,G06007327,high,False,11123.944,0.7130643653791515,5443.571340578135,5078.773072525239,5443.621128488132,5355.721163988132,4928.9680935881315,5048.999703388132,4555.324529588132,4654.394414188131
137622,G06007306,high,False,6608.174999999999,0.8407500276235722,2955.288040040001,2887.0875629994302,2955.304694649999,2903.724433049999,2653.291957649998,3179.324992849999,2763.6404615499987,3403.276916149999
137843,G06007327,low,True,7113.371999999999,0.7130643653791515,2077.2758833335447,2100.2929003527574,2077.293363804944,2042.0121290049435,1870.7231722149438,1917.3911110239437,1719.6472280109438,1757.509975653944
137884,G06007325,high,False,9329.793000000001,0.8407500276235722,4457.495810240001,4213.508992239426,4457.543480449999,4383.652783149998,4024.8904027499993,4301.536412249999,3837.9522244499985,4145.612499849999
137898,G06007311,high,False,12774.241,0.7130643653791515,6322.305926778125,5851.555177165243,6322.390740288132,6221.436900188131,5731.366196588131,5705.463374088133,5183.827856288132,5088.524107988131
137967,G06007326,high,False,16918.875,0.7130643653791515,8495.397356208134,7757.252713455242,8495.488139688132,8362.270133288132,7715.55365278813,7328.925010088131,6737.942353088133,6162.389487988132
137985,G06007310,high,False,7513.8859999999995,0.7130643653791515,3500.9233871381334,3368.9112040652403,3500.944259288132,3441.908510488132,3155.1987535881317,3597.6884548881317,3166.018523388132,3694.397193588132
137990,G06007327,high,False,5686.619,0.7130643653791515,2543.658893028645,2529.53898576537,2543.6860023986414,2498.8412216986408,2281.1303428986407,2882.5678632986405,2481.378863198641,3221.4636120986406
138139,G06007317,medium,False,16758.709,0.7130643653791515,8602.877792318128,7874.278465665237,8603.010097688131,8468.17831358813,7813.609835088131,7409.152290288133,6814.775638788132,6215.543238988132
1382,G06007330,high,False,12229.271,0.7130643653791515,6000.272009578135,5564.657899945232,6000.332702088132,5904.177213588131,5437.326570488132,5464.890866588132,4953.518320788132,4929.396752888132
139275,G06007307,low,True,6247.245000000001,0.8407500276235722,1779.3612417104994,1812.2353463686004,1779.3868980194995,1748.1110954264996,1596.2634936044997,1687.6863537644995,1498.5792891794995,1596.0032342384995
139312,G06007324,low,True,1164.534,0.7130643653791515,302.6910375215997,367.9350604580005,302.69179635660004,296.99986769459997,269.3572253946,646.8216161826001,512.6432199725999,990.9450321846
139377,G06007310,medium,False,15734.743999999999,0.7130643653791515,7913.77637633813,7251.638794025237,7913.854367088132,7789.286971088131,7184.457883788131,6894.390935888132,6321.973810988132,5874.998421088132
139557,G06007325,medium,False,13134.964,0.8407500276235722,6362.494846259997,5873.3717346994345,6362.50865905,6260.3551459499995,5764.322161149999,5724.774072549999,5200.359944349999,5086.988118249999
139578,G06007314,high,False,17782.226000000002,0.7130643653791515,8756.779534168134,7963.266935235239,8756.710539288131,8619.794762188132,7954.287310888132,7524.230611488132,6925.034692288132,6291.370353988132
139665,G06007307,medium,False,8234.704,0.8407500276235722,3879.281721170001,3706.0390919294305,3879.339395849999,3814.0247794499983,3496.964136849999,3869.5689604499994,3424.466710049999,3859.832661749999
139721,G06007310,low,True,8105.946,0.7130643653791515,2415.1719632154245,2431.269544945665,2415.1972543575234,2374.880088412523,2179.1438560635233,2169.482725453523,1960.939618753523,1923.7585569195232
139878,G06007308,high,False,9141.992,0.8407500276235722,4330.581123679994,4098.68509731943,4330.613239449999,4258.616656649999,3909.012424649999,4206.730956549998,3747.19044865,4082.896809849999
140051,G06007314,medium,False,5886.998,0.7130643653791515,2615.9988105081325,2589.0996304152395,2616.010752888132,2570.103303388132,2347.190592388132,2936.6119984881316,2533.1105325881317,3257.163621288132
140183,G06007326,low,True,6912.365,0.7130643653791515,2010.950948184025,2035.8416249396694,2010.9644376495232,1976.6529359565232,1810.045768285523,1867.4976838365233,1671.8329149165234,1724.040227500523
140337,G06007308,high,False,9535.004,0.8407500276235722,4511.734007539998,4254.611442059433,4511.763036849999,4437.074601449998,4074.4308012499987,4342.0825937499985,3876.75030205,4172.411765349999
140384,G06007327,high,False,4652.786,0.7130643653791515,2060.4976376400027,2105.19066281,2060.51738231,2023.8080904099997,1845.5773894099998,2537.95887771,2154.23420481,3015.4321425099997
140541,G06007322,high,False,8867.131000000001,0.7130643653791515,4198.476240488126,3979.4313562352368,4198.494485688132,4129.108717688132,3792.115564688131,4118.821044788132,3664.8717601881317,4039.1168439881317
140615,G06007328,medium,False,4453.356,0.7130643653791515,1918.1440099416968,1981.4220271467198,1918.162132781696,1882.845074181696,1711.3716645816962,2419.3213238816957,2038.596222981696,2920.5008469816958
140826,G06007314,medium,False,4047.861,0.7130643653791515,1702.5469081799988,1789.2327910599997,1702.55813988,1670.8073551799998,1516.64445688,2264.42798318,1891.3490933799999,2826.28325358
140838,G06007316,medium,False,3108.629,0.7130643653791515,1313.6815727799963,1449.5460025099978,1313.6983396299997,1289.12733493,1169.8297916299998,1997.9114965299996,1640.27379613,2682.1340566299996
140975,G06007302,high,False,6259.005999999999,1.0497359105206039,2722.2037341488144,2685.210373852839,2722.2139953188116,2672.9776675188114,2433.841171418812,2985.974581718812,2575.3134748188113,3249.763114218812
140981,G06007310,high,False,15927.377999999999,0.7130643653791515,8104.77764663814,7429.853784825236,8104.903653688132,7977.444167688131,7358.830201288132,7037.080918788133,6458.549653888132,5969.418158388133
141119,G06007313,medium,False,5411.406999999999,0.8407500276235722,2341.416801539999,2350.12196101943,2341.433491249999,2298.9613392499996,2092.759847649999,2720.701650249999,2324.592071949999,3099.961943849999
141163,G06007313,high,False,5996.553,0.8407500276235722,2633.7782430794855,2604.9655357992992,2633.7924313494905,2586.99556974949,2359.7695485494905,2939.24932514949,2533.8406190494898,3244.6431662494897
14117,G06007310,low,True,7537.054,0.7130643653791515,2187.805759674023,2204.38594352567,2187.812603521523,2150.8823808285233,1971.5488558215231,1999.6365797325234,1798.3351650915233,1811.4076869105231
141197,G06007327,high,False,10766.667,0.7130643653791515,5246.793238938126,4905.02849752524,5246.8386390881315,5161.882112388132,4749.316199588133,4901.959475688132,4414.636977088132,4557.082716588132
141275,G06007326,high,False,7878.343,0.8407500276235722,3697.834130448135,3542.848959515236,3697.8789470881325,3635.908441688131,3335.0144183881325,3744.7960765881317,3306.849944288131,3791.678457988132
14163,G06007310,medium,False,5658.393,0.7130643653791515,2487.7058463981334,2475.6096194652405,2487.714236688132,2443.714432788132,2230.052727788132,2840.770834888132,2441.3608034881318,3193.765243588132
141707,G06007315,low,True,411.63199999999995,0.7130643653791515,107.02931183280134,177.50395958400074,107.0296069248,105.0170983848,95.24355407280001,513.8639662008001,387.59274724079995,920.6961179568001
141833,G06007314,high,False,13479.403,0.7130643653791515,6803.51957384814,6286.029101195236,6803.575250888132,6695.50912028813,6170.647552788132,6064.92010498813,5527.927536288132,5326.408853488132
14195,G06007330,medium,False,277.25199999999995,0.7130643653791515,114.15815342999986,395.12807572999986,114.15836156,112.01094155999999,101.58163275999999,1180.38610096,870.90795516,2246.61001136
142045,G06007328,high,False,12212.19,0.8407500276235722,5960.527683339996,5530.651988139431,5960.574674849999,5864.367805549999,5397.288357149999,5424.443026749998,4912.907247349999,4888.316503349999
142119,G06007328,high,False,12685.109,0.8407500276235722,6126.3959619,5666.298531019434,6126.4217872499985,6027.772992249998,5548.7622929499985,5548.361503249999,5031.529346649999,4970.272779149999
142397,G06007306,low,True,3943.178,0.8407500276235722,1065.7016878164404,1115.2130547531826,1065.7132079775415,1045.9131369315412,949.7660297145413,1169.4866506335416,1005.0144347205414,1273.2734245935414
142469,G06007314,medium,False,9120.358,0.7130643653791515,4317.903755378131,4082.596483985242,4317.920201088133,4246.755889088132,3901.1635323881314,4208.059069088132,3750.2750185881314,4098.148645888132
14254,G06007302,low,True,22237.234,1.4172145412832236,6989.050711683345,6893.471028668736,6989.107062499546,6878.900945716547,6343.812069289546,5552.610575383545,5193.924752827547,4116.113760100547
142564,G06007327,medium,False,7286.8189999999995,0.8407500276235722,3354.0428180181257,3236.9796644652465,3354.058724888132,3297.1957662881314,3021.090224888132,3487.9935253881317,3060.955159188132,3621.850564188132
142590,G06007330,low,True,1708.7180000000003,0.7130643653791515,449.29902247650034,511.3159612750038,449.3022996042001,440.87181505919995,399.93916601520004,746.7958846452001,606.7383913092001,1044.2817659202
142934,G06007324,high,False,16634.719,0.7130643653791515,8334.665285938127,7614.589172085241,8334.718841488131,8203.92166048813,7568.776897088132,7208.850048888131,6622.996412188132,6082.971880188132
143188,G06007326,low,True,7310.764999999999,0.7130643653791515,2082.226505239522,2097.0863975426673,2082.2085590595234,2046.857075731523,1875.134710693523,1920.775033507523,1722.8097109125229,1759.2716670375235
143393,G06007312,high,False,5299.176,0.7130643653791515,2298.5216514281333,2309.5027889352373,2298.522978888132,2257.335351788132,2057.3073968881317,2699.438762488132,2306.0588572881315,3100.2876659881317
14359,G06007329,medium,False,10741.148000000001,0.7130643653791515,5165.522088268133,4825.743611655238,5165.546764688132,5081.793079488132,4675.122068888131,4841.303640888131,4356.495452888132,4516.967117988132
143664,G06007301,medium,False,5197.995000000001,0.7130643653791515,2261.037411858135,2278.5425387852374,2261.048499688132,2220.409758488132,2023.080167888132,2671.430041388132,2279.2505477881323,3081.762611188132
143783,G06007301,high,False,432.012,0.7130643653791515,178.2277233200019,451.27552152000135,178.22814356,174.87666955999998,158.60015276,1223.93859636,911.87257156,2269.64524916
143833,G06007327,medium,False,5759.551,0.7130643653791515,2555.9531873481324,2537.2887371552333,2555.968452688132,2510.950225388132,2292.365683288132,2891.753157488132,2490.171503988132,3227.486511088132
144121,G06007311,high,False,10498.821,0.7130643653791515,5141.136428038129,4816.343326545246,5141.199679888132,5057.766926688131,4652.800170688131,4823.048276288131,4339.001247988132,4504.985271788131
144377,G06007328,medium,False,11249.161,0.7130643653791515,5514.653369850002,5146.233767109428,5514.714131449999,5425.1053265499995,4990.127799449999,5091.313036049999,4593.993133949999,4668.037074249999
144525,G06007306,low,True,11948.563999999998,0.8407500276235722,3692.520974204997,3680.316475457603,3692.5539972614993,3632.8784995754986,3343.1076561644986,3116.945451940499,2866.8125590724994,2541.4029963284993
144822,G06007312,high,False,3694.758,0.7130643653791515,1537.103705119489,1643.0351363798707,1537.112279999491,1508.2636491994908,1368.191724399491,2148.410789199491,1781.563876999491,2759.6765927994907
144882,G06007316,medium,False,4394.9529999999995,0.7130643653791515,1832.4571004394868,1900.4670735793006,1832.46014580949,1798.3532824094898,1632.70738260949,2354.02090980949,1975.85897670949,2875.5383142094897
14500,G06007324,high,False,11314.061,0.7130643653791515,5528.071745378127,5150.968353745238,5528.107406288133,5438.969990188132,5006.113260788132,5112.11606798813,4615.741073688131,4696.167590288132
145009,G06007323,medium,False,3731.544,0.7130643653791515,1663.5413197199973,1761.3712620399986,1663.56591956,1633.5153951599996,1487.5673561599997,2254.32347436,1884.9299653599999,2845.14366566
145100,G06007322,low,True,6235.643999999999,0.7130643653791515,1780.5576392655219,1810.4661932386705,1780.5722185995232,1749.677101066523,1599.6888384045233,1695.3852296025234,1507.0727203245233,1610.1785989065233
145231,G06007307,high,False,15514.121,0.8407500276235722,7624.4621080199995,6982.432740799425,7624.497342049998,7503.623408049998,6916.631886349998,6667.533880749999,6102.937214849999,5710.497531649999
145232,G06007324,medium,False,9607.499,0.7130643653791515,4559.567243378129,4292.94326622524,4559.582359088132,4484.832545488132,4121.828121588131,4388.603732988131,3923.1091394881314,4217.561720188131
145396,G06007329,medium,False,4609.313,0.7130643653791515,2022.1487491299993,2072.08053078,2022.1670574899997,1985.7189453900003,1808.7555364900002,2504.0592209899996,2120.8981393900003,2985.97347549
145654,G06007316,low,True,383.34399999999994,0.7130643653791515,99.661447922401,170.33074833600048,99.66171317759999,97.7876914896,88.68672509760002,508.8562117176,382.88257930559996,918.0486040416
14579,G06007327,high,False,17495.962,0.7130643653791515,8856.964498968131,8081.357828735247,8857.049139088133,8718.488185188133,8045.638138088132,7598.996947188132,6996.477643888132,6341.113772388131
14590,G06007311,medium,False,7407.714,0.7130643653791515,3442.984998778131,3318.0205280452396,3443.015310888132,3384.820850688132,3102.2893806881325,3554.4230207881315,3124.548510888132,3665.815092588132
145941,G06007317,low,True,3476.843,0.7130643653791515,909.105610833003,958.8848832849978,909.1107780867001,892.0338898527,809.1160679637001,1059.2697066447001,900.6331529487002,1209.4078114977
145963,G06007314,medium,False,8034.127,0.7130643653791515,3736.593624488129,3571.368202075245,3736.607628888132,3674.068205588132,3370.392373788132,3773.790275388132,3334.5478276881313,3810.885047588132
146099,G06007327,high,False,8892.542000000001,0.7130643653791515,4187.191518778131,3966.621634865242,4187.212046288132,4117.982449788133,3781.806089188132,4110.397583688132,3656.7634789881313,4033.587128988132
146151,G06007302,high,False,11319.007000000001,0.8407500276235722,5333.514828946259,4981.829525941042,5333.565636526266,5244.147491126266,4809.988934426266,4912.9751629262655,4416.030537526265,4492.425885426264
146156,G06007322,high,False,8464.701000000001,0.7130643653791515,3999.250690298129,3806.04530160524,3999.2775824881323,3932.825432588132,3610.204041888132,3970.008990688132,3522.386326388132,3940.6892603881324
146346,G06007315,medium,False,7799.398999999999,0.7130643653791515,3639.525316128133,3489.2820683152395,3639.547497088132,3578.441978888132,3281.749845288132,3701.261899988132,3265.119854388132,3762.9269964881323
146358,G06007301,low,True,7482.391,0.7130643653791515,2202.4801305789256,2223.1644348586697,2202.5062575735233,2165.3516792805235,1984.946127184523,2010.572757796523,1808.832735769523,1818.6411678015231
146420,G06007315,medium,False,2282.774,0.7130643653791515,945.6076907699996,1123.919657450001,945.6110694199999,927.8424615200001,841.5602355200001,1745.66287922,1402.6183261200001,2545.69069692
1467,G06007327,high,False,5033.897999999999,0.7130643653791515,2276.5510614300006,2298.530178979998,2276.5656274300004,2236.39425333,2041.2700183300003,2694.8014976299996,2303.63507173,3113.09287943
14675,G06007329,medium,False,3395.0989999999997,0.7130643653791515,1423.8610909300003,1543.7531804899982,1423.8698766199998,1397.3648085199998,1268.65423222,2075.04979612,1713.2349849199998,2726.22688132
1468,G06007317,medium,False,11438.739,0.7130643653791515,5616.837795428131,5231.722896575238,5616.893845488132,5526.417173788132,5087.1702878881315,5178.437122988131,4679.233940188132,4740.019213188132
14700,G06007314,medium,False,6397.821,0.7130643653791515,2885.868775288133,2826.0890170952375,2885.881184288132,2835.971413288132,2593.6079504881322,3138.225459888132,2726.1252521881315,3390.5052591881317
147478,G06007316,medium,False,10607.83,0.7130643653791515,5256.909342088133,4925.226138535239,5256.989261888131,5171.852372088131,4758.5051293881315,4909.495000388131,4421.815774388131,4562.152343588132
147620,G06007322,high,False,7807.508000000001,0.7130643653791515,3695.1046933181337,3544.2639433852396,3695.157454488132,3633.2031506881317,3332.489605488132,3742.763865988132,3304.8622142881313,3790.390655188132
147748,G06007301,high,False,7749.574,0.7130643653791515,3603.3803530281307,3456.502274895238,3603.4044120881317,3542.844631288132,3248.757455488132,3674.2408656881316,3239.2779352881316,3745.0412614881316
147761,G06007317,medium,False,432.012,0.7130643653791515,178.2277233200019,451.27552152000135,178.22814356,174.87666955999998,158.60015276,1223.93859636,911.87257156,2269.64524916
147940,G06007302,medium,False,10243.338,0.8407500276235722,4755.011001816264,4472.954979571047,4755.073828526265,4674.236555426264,4281.790010026264,4480.780357726264,4002.306545426264,4206.5338043262645
148029,G06007329,medium,False,5309.731,0.7130643653791515,2325.7964124881296,2335.9661787152413,2325.810395688132,2284.204446088132,2082.199164288132,2719.8042559881314,2325.5479773881316,3113.7844097881316
148050,G06007326,high,False,12445.913,0.7130643653791515,6109.289116738131,5659.25301366524,6109.329665888132,6011.556994088132,5536.817155288132,5546.336544988131,5031.412532188132,4983.375888288132
148084,G06007330,medium,False,9072.423999999999,0.7130643653791515,4369.69025398813,4136.987132415239,4369.730805688132,4297.775254688133,3948.415714188132,4246.721360888132,3787.294906188132,4123.760904388132
148163,G06007316,low,True,5858.337,0.7130643653791515,1638.4631464266222,1669.7430218736677,1638.4689721815232,1609.6952258025228,1469.9505547365234,1589.227750174523,1405.4523898275233,1539.9566035455232
14822,G06007316,high,False,8571.085,0.7130643653791515,4033.2549315681376,3833.360241755238,4033.2753344881326,3966.330377588132,3641.2672530881323,3995.411835188132,3546.7201459881326,3957.467874688132
1483,G06007310,medium,False,16981.542,0.7130643653791515,8569.628488418133,7826.943531305238,8569.715765288132,8435.385213588132,7783.281093688131,7384.381643288132,6790.976927888131,6199.157917388131
148322,G06007327,medium,False,10688.208,0.7130643653791515,5142.286214548125,4806.016897155239,5142.311889088132,5058.906113588133,4653.9105978881325,4823.945640588132,4339.886928288132,4505.472487388131
148325,G06007312,low,True,8151.1900000000005,0.7130643653791515,2418.3257851419207,2432.5807647646648,2418.3386072295234,2377.984804138523,2182.0193953665234,2171.837215003523,1963.1949729525231,1925.3202758265234
148441,G06007325,high,False,7948.865,0.8407500276235722,3649.392080039999,3494.68719153944,3649.4015762499994,3587.5254950499993,3287.0615847499994,3697.8750591499984,3260.0474376499988,3746.2688995499993
148467,G06007302,medium,False,9462.403,1.4172145412832236,4301.500014506266,4069.5646948810518,4301.520871526265,4227.440657226264,3867.6856300262643,4141.995528426265,3677.9545423262653,3982.4682203262646
148484,G06007312,high,False,4615.829,0.7130643653791515,1939.2494130586394,1994.27966767537,1939.2528708586408,1903.4024470586407,1729.2952317586412,2431.1250659586412,2049.216116658641,2922.952635158641
148637,G06007327,medium,False,10446.77,0.7130643653791515,5106.257423158124,4784.673154905246,5106.288238688132,5023.413111088132,4620.938046488132,4796.978841188131,4314.059995488132,4487.750001288132
148852,G06007315,medium,False,9877.868,0.7130643653791515,4794.287493278131,4509.445672585232,4794.320846488132,4716.071449988131,4336.093935588131,4563.915502788132,4090.9485815881317,4333.584904988133
14897,G06007310,low,True,4793.289,0.7130643653791515,1289.857394736622,1330.4236627396676,1289.8661169795232,1266.2604599325232,1151.6433932355233,1328.7933853335232,1156.1321493225232,1367.7020863905232
148976,G06007312,high,False,13690.281,0.7130643653791515,6843.4062598581295,6312.8853156652385,6843.485844888131,6734.784187788133,6207.098049288132,6094.752943988131,5556.415889388131,5346.157688288133
148981,G06007330,high,False,14716.884,0.7130643653791515,7280.207681428135,6683.587946155234,7280.22971568813,7165.097507688131,6605.965861288132,6421.104799388131,5868.854243288132,5561.951195588132
149049,G06007330,high,False,7014.950000000001,0.7130643653791515,3251.742568128128,3151.8407390952398,3251.7625274881316,3196.418721388132,2927.6515898881325,3411.536237188132,2987.7695496881324,3571.324718588132
149096,G06007324,medium,False,4652.33,0.7130643653791515,2133.57872727,2171.8543757799976,2133.59362805,2096.5775305499997,1916.7769199499999,2605.59512695,2221.20205255,3077.67398835
149197,G06007307,medium,False,4274.195,0.8407500276235722,1779.9181521798246,1855.820408893099,1779.9294320698295,1746.58167626983,1584.6600796698299,2314.5458988698297,1938.0364163698298,2849.12285826983
149270,G06007324,low,True,7564.845,0.7130643653791515,2217.3915872733232,2235.855752966667,2217.398963527523,2180.028682558523,1998.5528456385232,2021.7382650585232,1819.4932074375229,1826.033749522523
149289,G06007302,medium,False,10789.948,0.8407500276235722,4895.419859966268,4577.752524421046,4895.400011726266,4812.511919826265,4409.982734526266,4585.745183726265,4102.681605726265,4276.013062026265
14934,G06007329,high,False,6790.251,0.7130643653791515,3077.056187178126,2992.0403458252417,3077.065203488132,3024.3163382881316,2768.1803651881314,3281.069128788132,2862.854702288132,3484.9880957881314
149444,G06007314,medium,False,7634.594,0.8407500276235722,3618.8060078891513,3478.0494625254996,3618.8327666591495,3558.1180593591503,3263.2288682591497,3687.0243823591495,3251.7238616591494,3755.3204149591497
149498,G06007306,high,False,6200.235999999999,0.8407500276235722,2731.222143940001,2689.22254197943,2731.2318014499997,2682.9822569499993,2448.6898438499993,3011.920270749999,2603.370744649999,3292.582256149999
149528,G06007302,high,False,10802.153,0.8407500276235722,5065.637806016267,4747.690015651052,5065.705855526266,4980.2722757262645,4565.424220426265,4712.818074226264,4224.480799726265,4359.987939426264
149670,G06007306,medium,False,10251.103,0.8407500276235722,4943.167008749999,4639.768957709435,4943.218881449999,4862.109921049998,4468.347309249999,4664.383189349998,4185.293125549999,4385.611582849999
149706,G06007315,medium,False,689.942,0.7130643653791515,284.6177732299987,544.4676041900005,284.61852666000004,279.26626156000003,253.27386716,1296.23352046,979.86840936,2307.84088066
149864,G06007328,high,False,7946.450999999999,0.7130643653791515,3652.1786906700017,3497.746493349428,3652.194114249998,3590.276929049998,3289.6132336499986,3699.951311949999,3262.048744749999,3747.6289982499993
149937,G06007316,high,False,4967.665999999999,0.7130643653791515,2140.927299318644,2172.725380815372,2140.9402010186404,2102.1533616186407,1913.8200016186406,2582.8679550186407,2194.680868218641,3024.7464568186406
149956,G06007310,high,False,8677.681,0.7130643653791515,4127.144918438129,3920.2619812252383,4127.181988888133,4058.829564188132,3726.9745634881324,4065.537488688132,3613.8400235881318,4003.8947227881317
150211,G06007314,high,False,16132.827000000001,0.7130643653791515,8071.80433566813,7384.270772295244,8071.883068288131,7944.951587988133,7328.747271588132,7012.474781788131,6434.935920688132,5953.160622088131
150346,G06007322,low,True,6076.4529999999995,0.7130643653791515,1718.5742259009228,1748.8687526486651,1718.587830763523,1688.6142590865231,1543.094119783523,1649.077614787523,1462.736692462523,1579.5555420225232
150680,G06007314,low,True,6179.092000000001,0.7130643653791515,1761.9298112292238,1792.4268828516686,1761.9450959175235,1731.3333624645234,1582.6811953605234,1681.456767187523,1493.7493651605232,1600.967266342523
151075,G06007314,medium,False,5856.014999999999,0.7130643653791515,2644.317448320338,2617.88277476266,2644.3358044503384,2598.174983150338,2373.992212750338,2960.5539349503374,2556.5129382503383,3276.8069139503377
151478,G06007301,medium,False,8184.495000000001,0.7130643653791515,3827.2537160181296,3652.31030760524,3827.2724196881322,3763.3872522881325,3453.168289088132,3841.509572288132,3399.3834277881315,3855.683052288132
15149,G06007329,medium,False,12177.207999999999,0.7130643653791515,5951.661378848134,5518.991654895241,5951.693257288132,5856.259458588131,5392.900150288133,5428.6030789881315,4918.694005888133,4905.480065888132
151599,G06007327,low,True,9127.919,0.7130643653791515,2788.6372262457226,2799.584178954669,2788.6661689875223,2742.800069071524,2520.112117627523,2448.466171726523,2228.002036564523,2108.346876898523
151699,G06007328,medium,False,8923.383000000002,0.8407500276235722,4222.187382700001,4004.3338747194316,4222.214519649998,4151.8353988499985,3810.0319622499983,4125.743254949999,3669.6644273499987,4029.339992549999
15170,G06007306,medium,False,4732.589,0.8407500276235722,2005.5023071416974,2054.424525257289,2005.514969361697,1968.509298461697,1788.7870259616968,2477.6969877616966,2093.320506861697,2949.869604661697
151713,G06007315,high,False,9259.526,0.7130643653791515,4418.917039538133,4174.309822265237,4418.9376384881325,4346.2767496881315,3993.3880620881323,4283.497386488132,3822.528980688132,4148.043891688132
151728,G06007326,medium,False,9923.871,0.7130643653791515,4800.244219928145,4513.692634435236,4800.321085688132,4721.985737488132,4341.625380288131,4568.341974188132,4095.3000857881316,4336.359290388133
151841,G06007325,medium,False,8634.294,0.7130643653791515,4051.2227587000016,3852.071186879434,4051.2432564499995,3983.404742049999,3653.9382931499986,3998.031096849999,3547.4051773499996,3944.8478367499993
151870,G06007324,medium,False,6493.296,0.7130643653791515,2954.978394428132,2888.872500915243,2954.9979130881325,2904.0537127881316,2656.6942060881315,3189.844985588132,2775.5305284881315,3424.6806957881317
152050,G06007322,high,False,22214.610999999997,0.7130643653791515,11279.353771738135,10199.730597465235,11279.431441688132,11104.904107488132,10257.52593368813,9408.78610378813,8728.99095918813,7538.060107788131
152108,G06007325,medium,False,674.6750000000001,0.8407500276235722,277.35382034999907,537.9904729800007,277.3540892500001,272.13538245,246.7878695500001,1291.23184105,975.15282585,2305.10148135
152134,G06007301,low,True,383.31299999999993,0.7130643653791515,99.653463667801,170.32298776500045,99.65372872770001,97.7798574207,88.67962145070001,508.8507915567,382.8774813897,918.0457481697
152238,G06007317,high,False,3827.9849999999997,0.7130643653791515,1592.6750309399963,1691.8982213899985,1592.68532675,1562.7824551499998,1417.5909340500002,2186.01445645,1816.90665575,2779.31073685
152309,G06007323,medium,False,9421.198,0.7130643653791515,4503.669308738135,4248.887289165243,4503.702598488133,4429.7624159881325,4070.781924788132,4346.843182388132,3883.1367125881316,4189.938208988133
15244,G06007329,medium,False,7967.923000000001,0.7130643653791515,3748.302940058133,3587.4796812052414,3748.348826488132,3685.6265107881322,3381.0887150881317,3782.4970080881317,3342.931919388132,3816.633135588132
15258,G06007306,medium,False,9748.758,0.8407500276235722,4656.5165459499985,4385.556616509427,4656.551238049999,4579.713172449999,4206.633943749999,4450.250528249999,3980.328313949999,4243.919397549998
152584,G06007308,low,True,6195.625,0.8407500276235722,1738.7371309076987,1769.4282562386031,1738.7505469214993,1708.0830926774995,1559.1705727814997,1657.3489892174998,1469.5199194484994,1575.9425904044997
1526,G06007322,medium,False,12195.732,0.7130643653791515,5973.312036228133,5539.499169595239,5973.348168288132,5877.599866688131,5412.669303388131,5444.759049388131,4934.182951388132,4916.162465988132
152703,G06007330,medium,False,3806.0999999999995,0.7130643653791515,1575.5691745799934,1675.6240497194315,1575.573679409999,1546.0038456099985,1402.4067523099989,2174.4945578099987,1806.091495909999,2773.3695886099986
152711,G06007323,high,False,7812.812,0.7130643653791515,3692.609178758132,3541.1492231052375,3692.6389816881324,3630.747264788132,3330.184616888132,3740.8773933881316,3303.052993288132,3789.1887356881316
152719,G06007330,medium,False,7659.237,0.7130643653791515,3620.494341158134,3479.0323712652385,3620.5379646881324,3559.697177088132,3264.350839288132,3687.021492288132,3251.4924045881316,3753.540409188132
152880,G06007327,low,True,2727.237,0.7130643653791515,709.0248537035984,763.4615495150011,709.0255610613001,695.6955026342999,630.9479880333,922.9523643002999,772.3570756683,1136.8591344213
152960,G06007310,medium,False,1114.504,0.7130643653791515,459.84991823999894,697.9702065600014,459.85115271999996,451.2039363199999,409.20971111999995,1415.31505552,1091.86874872,2370.7692371199996
153007,G06007306,high,False,14616.839,0.8407500276235722,7318.623478299996,6733.545327299433,7318.736507649999,7202.3289759499985,6637.3341946499995,6438.990035449999,5884.196556149999,5559.3727085499995
153045,G06007324,low,True,4853.049000000001,0.7130643653791515,1304.3386816665238,1343.58278853067,1304.3445884079235,1280.553714069923,1165.0244840439232,1340.058545478923,1166.9996459709232,1375.740521796923
153188,G06007301,high,False,6700.844000000001,0.7130643653791515,3051.3364045781295,2971.9725949452345,3051.355184888132,2998.985179488132,2744.699202888132,3261.8382008881317,2844.4771612881323,3472.250823888132
153257,G06007306,medium,False,13343.087,0.8407500276235722,6528.404733250005,6025.73576248943,6528.449303849999,6423.81409165,5915.801529749999,5848.690329949999,5319.0128396499995,5168.961056549999
153326,G06007310,low,True,2174.38,0.7130643653791515,566.4141956780991,624.7763238569985,566.4157179659999,555.768764208,504.066663639,826.117630599,681.291833583,1085.80399143
153361,G06007330,low,True,2867.826,0.7130643653791515,758.2432359977996,813.0281348139993,758.2513427495999,744.0394621085998,675.0429334236,957.2744956116,804.7978789295998,1156.3019211966
153508,G06007323,medium,False,4608.892,0.7130643653791515,1980.0346205389797,2031.6504294991726,1980.0406177089812,1944.0537845089812,1769.2866561089813,2469.592226708981,2087.4063173089808,2959.085861808981
153933,G06007315,low,True,5515.796,0.7130643653791515,1533.8601998673244,1568.814152902668,1533.8693071095236,1506.6411863505232,1374.433427296523,1511.0790607935232,1330.6372553565232,1488.2762789265232
154196,G06007302,low,True,11883.083,0.8407500276235722,3577.546021024249,3569.8833971297345,3577.5847791975466,3518.0190047685473,3228.8098561905467,3003.950366533547,2754.062720695547,2430.3809555685475
154198,G06007323,high,False,7472.494,0.7130643653791515,3508.928819068133,3379.3155980352362,3508.9621040881325,3449.7940137881324,3162.4864458881325,3603.649707188132,3171.7179084881327,3698.382804288132
154201,G06007310,high,False,4805.199,0.7130643653791515,2068.052914588128,2110.7775579752447,2068.070985888132,2030.287185688132,1846.8638911881317,2527.252282388132,2141.2254354881316,2986.4091611881317
154275,G06007313,low,True,5478.126,0.8407500276235722,1518.6058835222136,1556.6402689688632,1518.627953203413,1491.2695456094127,1358.496452086413,1493.847025075413,1313.151397552413,1469.0670321824132
1544,G06007314,low,True,4144.374,0.7130643653791515,1157.976136573201,1205.8047970289974,1157.9868943587003,1137.1347797606998,1035.8590040127,1243.7852701286997,1077.0451283666998,1329.6113544957002
154413,G06007313,medium,False,10716.346,0.8407500276235722,5170.42399829,4836.952787269431,5170.46870985,5085.985564649998,4675.851227649999,4834.173719749999,4347.81968985,4497.919890049999
154446,G06007317,low,True,5118.974999999999,0.7130643653791515,1409.8623604878642,1448.021782099249,1409.871251545565,1384.595288035565,1261.856847238565,1420.3195970775653,1244.0650383195652,1430.7660803295653
154496,G06007326,low,True,4352.011,0.7130643653791515,1146.1871601802532,1189.6301615605885,1146.1938667444508,1124.852858160451,1021.2184007164508,1223.650514007451,1055.8523837614507,1301.0798011894508
155836,G06007310,medium,False,2061.9179999999997,0.7130643653791515,864.5423413500008,1054.1049949900003,864.54977314,848.34251854,769.6493315399999,1691.2471229399998,1351.56423254,2517.94910434
156405,G06007301,medium,False,7511.915999999999,0.7130643653791515,3524.8325734681325,3392.8743382152397,3524.8475262881316,3465.4602690881325,3176.9983004881315,3615.552863688132,3183.0814204881317,3706.268438788132
156673,G06007310,high,False,10345.48,0.7130643653791515,5044.2730761881285,4729.435285815234,5044.314132688132,4962.352663688132,4564.368208688131,4750.677539288132,4269.760322688132,4457.075832388133
156708,G06007326,low,True,8169.995000000001,0.7130643653791515,2395.206671601314,2406.3108330346713,2395.2114513735232,2355.2088881505233,2160.925500187523,2154.5781178545235,1946.6704323045233,1913.8833227325233
156714,G06007310,high,False,5725.874,0.7130643653791515,2573.9538250481314,2557.2068633352396,2573.977422888132,2528.6833157881324,2308.7843992881317,2905.1908555881314,2503.0371902881316,3236.394400688132
156720,G06007329,high,False,7497.396999999999,0.7130643653791515,3392.900749258132,3262.28748730524,3392.905112888132,3335.462593688132,3056.5647801881323,3517.0212653881317,3088.687914688132,3641.1173944881316
156723,G06007330,medium,False,6233.496999999999,0.7130643653791515,2798.423282728135,2749.240067355239,2798.4368370881325,2749.8225172881316,2513.763253688132,3072.8978471881314,2663.5835621881315,3347.297725688132
156825,G06007325,low,True,6974.148,0.8407500276235722,2011.7858078744976,2037.388051698604,2011.7940448094996,1977.0809193764994,1808.4672235664993,1861.3217589104993,1664.7877610984992,1710.8827629674993
156924,G06007322,high,False,8957.18,0.7130643653791515,4314.550856798131,4089.234275525238,4314.591592688132,4243.455968188131,3898.0689647881313,4205.524175288132,3747.865631988132,4096.506714588131
156960,G06007329,high,False,13102.169,0.7130643653791515,6478.5560983581345,5986.05363372524,6478.607419888132,6375.346782988132,5873.980140388132,5822.193518388132,5295.504064088132,5165.844079888132
157051,G06007312,medium,False,8263.419,0.7130643653791515,3883.90432931813,3703.6762447852416,3883.926218088132,3819.1935512881323,3504.8828706881322,3883.8279326881325,3439.8891545881315,3883.6920188881318
157073,G06007330,low,True,7559.844,0.7130643653791515,2232.3748959969203,2252.8808293846687,2232.397056133523,2194.8027491805233,2012.2370515725233,2032.909011274523,1830.2095616805227,1833.4211930895233
157123,G06007310,medium,False,8985.813999999998,0.7130643653791515,4270.12117107813,4043.4337614252404,4270.130588488131,4199.693637088132,3857.5308433881323,4172.350338588132,3716.122857188131,4074.510585088132
157245,G06007329,medium,False,12212.063,0.7130643653791515,5893.13127934813,5458.486997975242,5893.083999688131,5798.632837188132,5339.509564188133,5384.8655499881315,4876.958653288132,4876.394700388133
157458,G06007327,low,True,6981.131,0.7130643653791515,2015.8761425784173,2038.4428009436624,2015.8885661595232,1981.5048423375233,1814.561889076523,1871.1918249165228,1675.374578797523,1726.450098901523
157865,G06007312,high,False,4214.575,0.7130643653791515,1790.5521513600002,1867.08144327,1790.5710832099999,1757.44762201,1596.6382252099997,2329.10553831,1953.0907587099998,2867.63436101
157959,G06007315,high,False,6605.5470000000005,0.7130643653791515,3042.8922225989754,2968.2303624591696,3042.9075242489807,2990.788679048981,2737.616344248981,3257.3936971489807,2840.579587748981,3471.912670648981
158029,G06007326,low,True,8420.206,0.7130643653791515,2474.931380649925,2483.3995740366668,2474.935881319523,2433.738175966523,2233.704669832523,2214.145054885523,2003.6585722545233,1953.3232633215232
158048,G06007317,medium,False,3567.3419999999996,0.7130643653791515,1477.100753309999,1589.6729048699995,1477.10623386,1449.3479344599998,1314.55807686,2106.93728046,1742.4271498599996,2736.73010626
158117,G06007313,medium,False,7766.382,0.8407500276235722,3545.4495550400097,3402.58267617943,3545.4601346499994,3485.1454825499986,3192.1827665499986,3620.192084049999,3185.760800349999,3694.8207143499994
158120,G06007313,medium,False,5331.074,0.8407500276235722,2310.2854798805074,2324.1338694595615,2310.307029890508,2268.3014320905086,2064.369207790508,2697.537922990508,2302.4434775905074,3084.767595190508
158301,G06007316,medium,False,8254.272,0.7130643653791515,3895.025014018132,3715.4680223252403,3895.0567644881316,3830.1559214881313,3515.038899388132,3892.1275683881317,3447.846316588132,3889.176270088132
158359,G06007330,low,True,4528.631,0.7130643653791515,1201.0014452634214,1242.8605950286712,1201.0053764004233,1178.8125826164235,1071.0340662534234,1263.9249237294232,1094.2930739664232,1326.8125999884232
158447,G06007323,low,True,5968.554,0.7130643653791515,1691.5129385478233,1723.5609363596686,1691.523963541523,1661.9584645995233,1518.3856502565231,1628.8537861485229,1443.3973193745228,1566.1647408225233
158457,G06007302,high,False,6165.235000000001,0.8407500276235722,2558.3763033686364,2535.795046715372,2558.378121328641,2510.600729428641,2278.575021328641,2846.997970728641,2439.4532852286407,3135.537407228641
158663,G06007310,high,False,5664.832,0.7130643653791515,2496.652850048134,2483.974622555242,2496.6535506881323,2452.531816488132,2238.2183738881317,2847.4455690881314,2447.7702726881316,3198.173257588132
158681,G06007311,high,False,9044.530999999999,0.7130643653791515,4383.022408958135,4152.101128945237,4383.082594288131,4310.913015488131,3960.5792456881313,4256.6665686881315,3796.8116507881323,4130.364225588131
158697,G06007313,low,True,7670.531999999999,0.8407500276235722,2225.7018827757033,2243.963942800602,2225.714648881499,2187.823434583499,2003.8131729944994,2021.1491237474993,1817.7977505944991,1816.5589339874996
158968,G06007311,medium,False,3070.1850000000004,0.7130643653791515,1281.3188229199989,1419.3246885500002,1281.32920535,1257.28578805,1140.5525237499999,1974.5220397499997,1618.00759185,2667.69143485
159000,G06007329,medium,False,7822.919,0.8407500276235722,3629.8223216581287,3478.2487092052406,3629.8423024881326,3568.8922887881317,3272.907007688132,3694.001318488132,3258.1945355881317,3758.101557788132
159013,G06007301,high,False,14595.067,0.7130643653791515,7334.011090108124,6744.996966895238,7334.097732888133,7218.105341088132,6655.054039588133,6461.270828388131,5907.286309488133,5588.589458688131
159513,G06007330,low,True,12783.402999999998,0.7130643653791515,3935.3772804810246,3909.1420761436725,3935.391196015523,3872.5268355825237,3567.2058202965222,3305.172944893523,3048.1445863575227,2674.968622063523
159537,G06007325,high,False,16866.152,0.8407500276235722,8372.327604279993,7642.624292039427,8372.373253049998,8240.386570249999,7599.467210649998,7226.225549949999,6637.779825049999,6080.071475249999
159594,G06007329,high,False,9228.251,0.7130643653791515,4355.367330278135,4113.205332365238,4355.374067088131,4283.662177088132,3935.3828770881323,4236.060523188132,3777.084934988132,4116.6438886881315
159662,G06007317,high,False,18140.235,0.7130643653791515,9183.487890978126,8366.18854062524,9183.584148888132,9040.134256588131,8343.793842488132,7842.991151388131,7230.010605988132,6502.476013288133
159797,G06007317,medium,False,4047.8059999999996,0.7130643653791515,1782.7275160600007,1861.913507890002,1782.7407667500001,1750.7119534499998,1595.1618456499998,2339.7898048499997,1966.1142306499999,2896.8739413499998
160052,G06007326,medium,False,5184.224,0.7130643653791515,2246.7896798481315,2265.1954313752426,2246.799396888132,2206.3720598881323,2010.0727414881321,2660.7879719881316,2269.060136688132,3074.7232055881313
160076,G06007310,medium,False,4064.965,0.7130643653791515,1869.629092089995,1942.702187479997,1869.6458754299997,1836.93352473,1678.0079168299999,2414.92030453,2039.77891133,2960.2776810299997
160161,G06007313,high,False,3248.142,0.8407500276235722,1347.5508154699992,1476.4685816100014,1347.55841806,1322.24315436,1199.32594566,2019.0463623599999,1659.79267786,2690.50068996
160189,G06007312,low,True,1432.837,0.7130643653791515,393.52816426140043,459.18913088300064,393.5334657933,386.2168574733,350.67252591629995,709.9650405273,572.3022696753,1026.4124008563
160326,G06007317,medium,False,6649.745,0.7130643653791515,3022.4336358381347,2946.364121605239,3022.450182088132,2970.510459488132,2718.297060588132,3240.2410189881316,2823.783317088132,3457.9971852881317
160383,G06007310,low,True,2246.7830000000004,0.7130643653791515,584.1614804066992,641.9184807420003,584.1635534847001,573.1790866137001,519.8356796787001,838.1034203457001,692.5534336676999,1092.0295359447
160843,G06007313,medium,False,2550.4080000000004,0.8407500276235722,1054.5159194399998,1219.136067119997,1054.52000464,1034.6993565399998,938.44404794,1819.5644872399998,1472.11678274,2584.5791270399995
161070,G06007328,low,True,3961.5989999999997,0.8407500276235722,1062.7843922394406,1110.400074994181,1062.7922499522415,1043.125637602241,947.6267737362413,1168.8322995522412,1004.6341151172412,1274.8800915372412
161241,G06007322,low,True,4176.024,0.7130643653791515,1121.7514177548,1165.9791757320002,1121.75580825,1101.253265343,1001.696370444,1213.5448043759998,1047.538454736,1305.328055721
161262,G06007302,low,True,9285.822,1.0497359105206039,2660.993895537347,2668.926008532735,2661.012155797547,2615.0628754065465,2391.9409945785474,2319.2320481655465,2098.5646411725465,1977.4723929165468
161321,G06007301,low,True,4234.907,0.7130643653791515,1182.2183924355015,1225.625426682998,1182.226720752,1161.3553760969999,1060.0236276209998,1267.7972052359999,1101.0037359899998,1353.390591669
161451,G06007302,medium,False,7917.896,0.8407500276235722,3550.6917449762677,3418.0652583310507,3550.7316533262647,3487.7736567262646,3182.120291926265,3581.078405326265,3140.9898395262644,3611.4695795262646
161495,G06007326,low,True,11940.089,0.7130643653791515,3658.663323137428,3639.798049667664,3658.677111235523,3599.9137705155235,3314.5508983785226,3098.4676855875223,2850.257832565523,2538.2251635825232
161524,G06007330,low,True,14208.924,0.7130643653791515,4497.921715699519,4469.493214826665,4497.965417665523,4426.724748718522,4080.827467702524,3725.427702928522,3450.4627689945232,2952.956530429523
161526,G06007316,medium,False,6611.034,0.7130643653791515,2986.580343818123,2913.0865980852427,2986.588043488132,2935.184153088132,2685.5661531881324,3213.4741621881317,2798.148170188131,3440.280309788132
161527,G06007311,medium,False,4201.299999999999,0.7130643653791515,1735.1135093594883,1815.197253599304,1735.1183739494898,1702.5046638494898,1544.1292281494898,2282.1821778494896,1907.2342789494896,2829.19847534949
161637,G06007314,medium,False,9818.284,0.7130643653791515,4699.370827248125,4419.006996295244,4699.396916488133,4622.556389888132,4249.477842988132,4493.057726188132,4023.105498588132,4286.638700688132
161676,G06007310,high,False,21100.206,0.7130643653791515,10626.850734018139,9619.118295425242,10626.946784288133,10462.14219798813,9661.81688218813,8921.176060288131,8262.42442238813,7215.419680188132
161840,G06007307,high,False,6076.484,0.8407500276235722,2731.5126564,2697.2226379194312,2731.543633049999,2683.2733922499992,2448.9371517499994,3012.1202185499988,2603.579420949999,3292.7249117499987
161841,G06007317,high,False,7077.892,0.7130643653791515,3250.914569048133,3147.1149038352382,3250.928407688132,3195.610855788132,2926.926486988132,3410.912862088132,2987.2161373881318,3570.855372088132
161937,G06007317,medium,False,6543.802,0.7130643653791515,2943.8659377281306,2874.7368489552377,2943.870530488132,2893.1055200881315,2646.5680166881316,3181.5609266881315,2767.6034832881323,3419.1662420881316
161987,G06007329,medium,False,9036.713,0.7130643653791515,4300.705635488124,4070.467774975236,4300.722488688132,4229.816244688132,3885.438090088132,4195.186322288132,3737.961192988132,4089.665825988132
162124,G06007327,high,False,8306.079,0.7130643653791515,3839.7048033381275,3656.923494225243,3839.6758466881315,3775.655916688132,3464.5573818881317,3850.8284941881316,3408.340222588132,3861.7814510881317
162228,G06007326,medium,False,3992.937,0.8407500276235722,1666.895374859488,1757.5420502098734,1666.906570169491,1635.648136669491,1483.8722467694909,2237.1353069694906,1865.116141269491,2807.3290992694906
162242,G06007315,medium,False,5882.264,0.7130643653791515,2638.8582880581343,2612.289210825238,2638.8829104881315,2592.629343288132,2368.0595071881316,2953.6800730881314,2549.4578235881318,3268.4563873881316
162396,G06007330,medium,False,2276.709,0.7130643653791515,947.8511560799986,1126.4784173100052,947.85766367,930.0632930700001,843.66737257,1747.5070464699998,1404.41464907,2547.13462747
162448,G06007301,medium,False,4623.117,0.7130643653791515,1926.43052661932,1980.2476367729696,1926.426187649321,1890.8436076493208,1718.058564049321,2422.927183649321,2041.577660149321,2919.374662849321
162512,G06007323,low,True,3610.751,0.7130643653791515,959.7911281811987,1010.3251999120007,959.8011803226,941.8397753016001,854.6210651916002,1094.8859320565998,934.3565428566001,1229.9698202496002
164072,G06007314,medium,False,11022.115,0.8407500276235722,5346.476168558136,4988.439878065243,5346.512359488132,5260.065976288131,4840.321863888132,4976.466762688131,4485.876840988131,4606.4207239881325
164150,G06007316,low,True,3483.078,0.7130643653791515,921.1486064571011,971.8456891220004,921.1570309053001,903.9096931473001,820.1704124943001,1068.4462601343,909.4477932363001,1215.7320781023
164189,G06007322,high,False,3669.099,0.7130643653791515,1527.9063854500002,1633.7509670800002,1527.9090656300002,1499.4117182300001,1361.00620933,2145.06517433,1778.96240523,2762.20299933
164512,G06007326,high,False,9252.471000000001,0.7130643653791515,4388.770095368131,4145.036803355237,4388.793519888131,4316.572384188132,3965.884088088132,4261.006500188132,3800.9767895881314,4133.1401509881325
164552,G06007317,low,True,4209.889999999999,0.7130643653791515,1100.9147876051777,1145.1206553775114,1100.9177498966785,1080.3084165086784,980.2308487226785,1190.8626432866786,1024.6291946486785,1280.7761419496787
164642,G06007307,high,False,3753.343,0.8407500276235722,1540.1674648199967,1643.2501920500004,1540.16409389,1511.1743034899998,1370.3646784899997,2148.87379479,1781.69785839,2757.5257102899996
164667,G06007301,high,False,13164.514,0.7130643653791515,6484.019000338134,5988.113078665243,6484.073312888131,6380.740696188132,5879.020894388132,5826.296509088132,5299.475095388131,5168.454968288132
164747,G06007315,low,True,3098.9849999999997,0.7130643653791515,814.6527251687999,867.4303250969995,814.6580182964999,799.3716201765,725.1488321805,995.3373034065,840.5487430274999,1176.0058899195
164756,G06007306,high,False,21926.202,0.8407500276235722,11047.986040939999,9992.231547939433,11048.061917049998,10876.346688349999,10042.57865875,9225.140942349999,8551.384483349997,7402.181667449999
164760,G06007329,medium,False,10448.868999999999,0.7130643653791515,5044.37569134813,4723.095547035238,5044.403874488133,4962.459463688132,4564.488498588131,4750.748851488132,4269.852622288132,4457.089720988131
164965,G06007327,high,False,7579.023000000001,0.7130643653791515,3570.20499408813,3433.9396904152386,3570.2441582881324,3510.1540718881324,3218.429932488132,3649.450205488132,3215.5183031881324,3728.699899588132
165170,G06007324,medium,False,3044.1440000000002,0.7130643653791515,1263.1356309299954,1402.4603302299984,1263.1419245200002,1239.41502732,1124.20123772,1961.66282332,1605.82368252,2660.15323842
165206,G06007316,high,False,4683.548,0.7130643653791515,1987.4919805881273,2037.7922671652475,1987.5034307981318,1950.977034298132,1773.623383598132,2467.964958298132,2084.6252587981317,2948.378380698132
165351,G06007328,high,False,8542.911,0.7130643653791515,3984.4935379400013,3791.3598903194274,3984.507934449999,3917.657587149999,3593.0208990499987,3948.206676349999,3499.692592549999,3911.8706308499986
165396,G06007327,medium,False,9924.926,0.7130643653791515,4749.872236878133,4462.388064465242,4749.897615688133,4672.3037791881325,4295.564020888132,4530.763826988132,4059.174889488132,4311.648691088132
165568,G06007311,low,True,5843.099,0.7130643653791515,1650.1635293964234,1683.3226949456684,1650.177289459523,1621.2211754685234,1480.6276519155233,1597.9644082935233,1413.8152524405232,1545.7446357465233
165569,G06007306,high,False,13551.0,0.8407500276235722,6674.374035129998,6158.602439289429,6674.439150049998,6567.653272149998,6049.114760949999,5957.6993334499975,5423.472150149998,5240.979064049999
165676,G06007306,high,False,14094.067,0.8407500276235722,6931.923631559997,6380.89113935943,6931.975763649999,6821.347116449999,6284.2562926499995,6150.153293649999,5607.619963749999,5368.333034049999
16579,G06007307,medium,False,3707.3289999999997,0.8407500276235722,1544.5377224499998,1649.8833889399993,1544.54571107,1515.5557434700002,1374.7880141699998,2153.41323627,1786.26092107,2762.25608327
16581,G06007315,high,False,17033.143,0.7130643653791515,8610.222528658138,7864.3185197452385,8610.310611488132,8475.389113388132,7820.35361818813,7414.698250988131,6820.030356088132,6219.184081288133
166012,G06007302,high,False,5997.845,0.8407500276235722,2634.887056078812,2609.4580691428414,2634.9017754788124,2587.606063278812,2357.9052453788117,2931.7765080788117,2525.2935102788124,3228.702407478812
166075,G06007307,high,False,13650.905999999999,0.8407500276235722,6715.0247959,6192.388704259434,6715.066076049999,6607.672099749998,6086.197879949998,5988.102172549999,5452.502307349999,5261.151706349999
166104,G06007311,medium,False,13502.491000000002,0.7130643653791515,6687.4282908181285,6169.3071378052355,6687.487875088133,6581.129257188131,6064.711805588131,5978.226730888131,5444.900491888132,5269.0256469881315
166167,G06007326,high,False,12959.28,0.8407500276235722,6378.625370938127,5895.127589945239,6378.656466088132,6276.887014988131,5782.730415588132,5747.552288688132,5224.033047588132,5116.480092488131
166315,G06007329,high,False,2961.847,0.7130643653791515,1232.147749789999,1375.66488992,1232.1547938100002,1209.01966971,1096.6877891100003,1940.80557371,1586.23169621,2649.44423301
166521,G06007313,high,False,4140.085000000001,0.8407500276235722,1716.14096669,1799.373936580001,1716.14712935,1683.9057421500002,1527.3362447499999,2269.5561467499997,1895.4135040499998,2822.92771745
166662,G06007302,high,False,4746.785,0.8407500276235722,1986.7903944000009,2038.950667829998,1986.8047053500004,1949.5526825499996,1768.6457833499999,2454.83419275,2069.93601185,2922.85440255
166715,G06007313,medium,False,3081.7709999999997,0.8407500276235722,1303.41658495,1440.7525415600007,1303.4375383300003,1279.03616723,1160.6137512300002,1990.7030340299998,1633.4428443299998,2677.9703621299996
166899,G06007316,high,False,14627.383999999998,0.7130643653791515,7319.989779038129,6729.138715405241,7320.053170488132,7204.294631088131,6642.273525988132,6450.819301688132,5897.296163988131,5581.6213093881315
167044,G06007308,high,False,2950.67,0.8407500276235722,1219.9359048599936,1364.067663560003,1219.9385900999998,1197.0068118,1085.6497632999997,1931.9999405,1577.8569011,2644.0244925999996
167075,G06007316,low,True,695.1090000000002,0.7130643653791515,180.6802059005992,249.18612469100043,180.68065613010003,177.2830988901,160.78314216510003,563.9108579481,434.6631903801,947.1363158031
16717,G06007316,low,True,3792.1820000000002,0.7130643653791515,1042.9740602316,1092.7574753339968,1042.9894785491997,1023.9946498152,931.7674005191998,1160.5093667922001,997.7636115731998,1278.0455443152
167189,G06007302,medium,False,3085.621,0.8407500276235722,1270.6092917599995,1407.8708207699979,1270.61015303,1246.7099722299997,1130.62935903,1966.0935737299997,1609.8659443299998,2661.53703823
167265,G06007316,medium,False,7930.905,0.7130643653791515,3684.3214346681384,3525.7994470952326,3684.338012888132,3622.578381988132,3322.6692332881316,3734.728742588132,3297.1727729881322,3785.036755488132
16727,G06007328,medium,False,5051.9490000000005,0.8407500276235722,2140.8064575698286,2171.8193053925315,2140.8125519898285,2101.4560414898287,1910.321759989829,2572.936823089829,2183.5050612898285,3005.0203944898285
167333,G06007307,high,False,4963.545,0.8407500276235722,2092.2803450281326,2128.3110027452394,2092.285039138132,2053.752558538132,1866.612751538132,2538.4111683381316,2150.744478838132,2984.478223238132
167459,G06007330,medium,False,6288.884999999999,0.7130643653791515,2805.503808688132,2752.3048818552516,2805.501322728132,2756.862307028132,2520.5778644281318,3079.146943328132,2669.7686477281322,3352.684851128132
167514,G06007316,low,True,8004.191000000001,0.7130643653791515,2338.6640817570233,2351.0041185296673,2338.6698062835235,2299.504897045523,2109.297495115523,2112.337505020523,1906.228543432523,1885.947592462523
167572,G06007315,medium,False,13605.273000000001,0.7130643653791515,6853.505680178134,6328.253186505239,6853.594959288132,6744.74875838813,6216.295660888132,6102.260742988132,5563.630431388131,5351.149889888132
167723,G06007328,high,False,9807.745,0.8407500276235722,4665.691424919995,4391.130515459429,4665.725245849999,4588.753303549999,4215.022554249999,4457.107964949999,3986.8903283499994,4248.447537749999
167793,G06007311,low,True,10460.727,0.7130643653791515,3208.525156240823,3206.1232577956644,3208.5565524735234,3156.453482923524,2903.5110600015223,2762.1607525065233,2528.2905554025238,2315.8374210615234
16783,G06007328,high,False,6011.26,0.8407500276235722,2637.446808540002,2607.7391401794234,2637.4599682499993,2590.6032967499987,2363.078147349999,2941.866305749999,2536.327615349999,3246.2132850499993
167888,G06007317,low,True,8330.979,0.7130643653791515,2493.7420748361237,2508.282635932667,2493.7660790835234,2452.282784398523,2250.874390582523,2228.174368645523,2017.1189349675233,1962.5995921035233
167958,G06007301,low,True,4865.54,0.7130643653791515,1317.3085519262374,1357.4986978553277,1317.3145573319377,1293.3061511759374,1176.7315113719374,1349.3883056069374,1175.8567238399373,1381.4475294839374
168067,G06007310,high,False,6585.59,0.7130643653791515,2990.027731228132,2917.9407127352392,2990.045740488132,2938.587434888132,2688.7128777881317,3216.020354888132,2800.6221559881315,3441.960889588132
16838,G06007330,high,False,14232.282,0.7130643653791515,6979.593380138131,6414.57496708524,6979.588468888132,6868.985599688131,6331.549562088132,6196.485764388131,5653.984800288133,5413.216518788132
168503,G06007326,high,False,7226.6849999999995,0.7130643653791515,3335.515255318131,3222.2210336852418,3335.535793088132,3278.945584988132,3004.160022888132,3474.135851988132,3047.6868909881314,3612.712837388132
168512,G06007316,medium,False,8373.338,0.7130643653791515,3968.3195591681383,3781.2614259352385,3968.3655514881325,3902.378904288132,3581.978729188132,3946.861549188132,3500.2870201881324,3925.3483643881323
168527,G06007314,low,True,3511.157,0.7130643653791515,924.776188471799,974.7396706879981,924.7821844968001,907.4679435738001,823.3942961537997,1070.8976810748,911.7510386808001,1217.0070859308
168580,G06007326,high,False,4096.395,0.8407500276235722,1705.9374660284702,1790.92727879961,1705.9484407684731,1673.986987568473,1518.8069721684733,2264.2201525684727,1890.689933668473,2822.451746668473
168664,G06007316,low,True,6664.001,0.7130643653791515,1898.7632880162228,1922.5607153376684,1898.7681082155232,1866.128506066523,1707.625324558523,1783.696245304523,1591.611519613523,1668.5873145165233
168791,G06007308,high,False,9091.051,0.8407500276235722,4281.830162480003,4053.29937669943,4281.847928649999,4210.589052349998,3864.5123763499987,4170.3225401499985,3712.3475578499992,4058.7824032499984
168808,G06007312,high,False,10995.304,0.7130643653791515,5409.261486688129,5052.442593695232,5409.315103288132,5321.9222598881315,4897.615903888132,5023.346605788132,4530.768885488131,4637.462759788132
16883,G06007308,high,False,10090.374,0.8407500276235722,4890.808053549999,4597.3114393494325,4890.869841249999,4810.518639749998,4420.516929249999,4625.258504649999,4147.8299342499995,4359.766759149999
168851,G06007329,medium,False,6077.281999999999,0.7130643653791515,2729.884023978136,2690.7455952452356,2729.905527888132,2682.2993489881314,2451.1787362881314,3021.6941645881316,2614.5628880881322,3313.433734188132
169010,G06007308,high,False,13261.121,0.8407500276235722,6511.357823229999,6013.449697089431,6511.382262249999,6407.0343026499995,5900.221590549999,5835.91545305,5306.85110465,5160.496466249999
169026,G06007307,low,True,4741.9169999999995,0.8407500276235722,1329.1187516593475,1372.3524907450126,1329.1287957808486,1305.3428478538483,1189.8343072798482,1364.9871365668482,1191.9453856588484,1400.8799418808485
169322,G06007313,low,True,2375.4129999999996,0.8407500276235722,624.0175126226993,681.5685523219993,624.0205911177,612.3115498436999,555.4481715657,865.6196763297,718.5128587887,1107.2110404507
16939,G06007307,high,False,4331.451,0.8407500276235722,1796.488408668799,1869.5549967722745,1796.493668728811,1762.7937764288108,1599.148243328811,2325.068517728811,1947.788796828811,2853.5927028288106
169424,G06007317,medium,False,3693.4700000000003,0.7130643653791515,1542.5527683700002,1648.6480544299977,1542.5648347000001,1513.6222421000002,1373.1116516000002,2152.321227,1785.2802842,2762.0434534
169520,G06007316,high,False,6343.796,0.7130643653791515,2850.467169938133,2794.1719537252397,2850.4737334881315,2801.090914188132,2561.279871588132,3111.786146788132,2700.799605188132,3373.026092488132
169557,G06007308,medium,False,9751.54,0.8407500276235722,4681.011443889992,4409.810408389432,4681.045150649999,4603.860867449998,4228.9783017499985,4468.5102613499985,3997.825101749999,4256.036289749999
169639,G06007329,medium,False,4444.947,0.7130643653791515,1916.6100865798312,1978.5490720731011,1916.6196265098301,1881.57216830983,1711.3671246098297,2422.23266380983,2042.0675289098297,2927.84870640983
169735,G06007315,low,True,8635.526,0.7130643653791515,2652.4313996343185,2670.292758458667,2652.4502089395223,2608.621628878522,2395.733770198523,2346.704225986523,2130.603610180523,2041.031468626523
169740,G06007306,high,False,9788.582999999999,0.8407500276235722,4720.51158015,4446.816601309433,4720.561439249999,4642.766684949999,4265.037739549999,4498.0262979499985,4026.0612398499998,4275.576489149998
169865,G06007313,low,True,9404.169999999998,0.8407500276235722,2794.7942271080997,2797.8570840426005,2794.791945613499,2748.474998041499,2523.439556914499,2446.294885648499,2224.8202437164996,2097.7483678484996
169892,G06007317,high,False,7623.771,0.7130643653791515,3522.775805288127,3383.994475675241,3522.787317088132,3463.430126788132,3175.1608926881318,3614.039428588132,3181.6366297881314,3705.213883988132
16995,G06007313,medium,False,9441.682,0.8407500276235722,4539.565031230009,4288.1653994894305,4539.611615649998,4464.515753449999,4099.825073649999,4362.824292949999,3896.6713594499997,4186.128674349999
170000,G06007316,low,True,3728.795,0.7130643653791515,1004.8600123569004,1054.5345453020004,1004.8675841001,986.2769919051,896.0040692000999,1129.2496828311,967.3666021730999,1253.6397419271002
170082,G06007313,high,False,12185.197,0.8407500276235722,6017.018751530001,5588.344328969433,6017.062319849999,5920.036219849998,5448.830007049999,5466.599809349998,4953.306241549999,4916.232022249998
1701,G06007324,low,True,5379.647000000001,0.7130643653791515,1554.9015019355998,1590.1696104209984,1554.9116906169,1528.2761683959,1398.9181539879,1542.1616746689,1362.9817606809002,1529.4539319099
170149,G06007307,medium,False,6908.398999999999,0.8407500276235722,3085.7980347799994,2998.4219021594313,3085.8059986499993,3032.3076801499983,2772.465675649999,3276.8093127499988,2856.977463949999,3467.755419549999
170201,G06007315,medium,False,8235.295,0.7130643653791515,3859.2201456781345,3680.7585094852398,3859.2304598881315,3794.877240788132,3482.3299163881316,3865.375595588131,3422.2123102881314,3871.521722488132
170453,G06007326,high,False,24763.079,0.7130643653791515,12610.654263558135,11366.778618045235,12610.737030888129,12416.439646488128,11473.11272688813,10403.38744698813,9681.10647358813,8195.924074988132
170602,G06007306,medium,False,9972.375,0.8407500276235722,4724.093528100008,4438.962321259434,4724.111760849999,4646.274462149998,4268.352935049998,4500.7736802499985,4028.6598677499996,4277.321819749999
17063,G06007314,high,False,4531.450000000001,0.7130643653791515,1925.974932258812,1984.9313081528398,1925.988122828812,1890.5158741288117,1718.2566817288118,2424.348073428812,2043.274953928812,2922.689085428812
170765,G06007314,high,False,26724.112999999998,0.7130643653791515,13543.54698936813,12173.658066015243,13543.601073888132,13335.47437058813,12324.93498268813,11100.36402808813,10348.268654788131,8656.941297688132
170817,G06007301,low,True,5534.2970000000005,0.7130643653791515,1543.2533890062234,1578.438603437669,1543.2640777815232,1515.892927240523,1383.0102355155232,1518.103111540523,1337.355287446523,1492.9207952925233
170996,G06007314,high,False,6560.543000000001,0.7130643653791515,2971.8167335881353,2901.5604642152416,2971.8328720881323,2920.6426324881318,2672.0858928881316,3202.436552988132,2787.590771188132,3432.978909188132
17127,G06007315,medium,False,4162.918,0.7130643653791515,1722.4481068599948,1803.4482374394333,1722.4500430499993,1690.225770649999,1533.7211686499986,2276.075166849999,1901.9590428499992,2829.644706749999
17150,G06007326,low,True,6987.349,0.7130643653791515,2035.6563667473445,2059.245308782158,2035.6691993559446,2001.0811748499443,1833.0932107269446,1887.3618911949443,1691.0973905619444,1739.0806433619446
17201,G06007307,low,True,6593.287,0.8407500276235722,1858.3643725856996,1884.475498268602,1858.374598783499,1825.9311618134996,1668.4080282134994,1746.7334730704993,1555.083565630499,1635.0491711264995
172068,G06007324,high,False,4435.298,0.7130643653791515,1878.7825992989758,1940.7035390191752,1878.7728320089811,1844.4142074089807,1677.5124257089808,2395.946686308981,2017.2151883089812,2913.030288108981
172099,G06007313,low,True,4770.734,0.8407500276235722,1282.384675297327,1325.4627932329179,1282.4002886692278,1258.6269154162276,1143.227757710228,1318.5961904482278,1145.5894186522276,1354.794744779228
172221,G06007329,low,True,8609.2,0.7130643653791515,2597.0557184574186,2610.5150186956675,2597.0893573515236,2554.069042846523,2345.209760053523,2305.343759818523,2091.0098302695233,2013.6392182515233
172291,G06007326,high,False,8022.728999999999,0.7130643653791515,3685.621444428132,3520.8152249752397,3685.610605688132,3623.8317101881316,3323.8280201881316,3735.7195769881323,3298.0469230881317,3785.768540988132
172435,G06007310,high,False,5426.35,0.7130643653791515,2373.4704157081364,2376.292260355241,2373.477688288132,2331.175658188132,2125.7416866881317,2755.424816988132,2359.660115288132,3137.3195259881318
17250,G06007323,medium,False,6498.445,0.7130643653791515,2941.06541822814,2874.819587175247,2941.080081888132,2890.346405688132,2644.007107488132,3179.468390588132,2765.599877988132,3417.7844320881322
172611,G06007327,medium,False,7482.794,0.8407500276235722,3476.911691738133,3346.9036482452384,3476.933626688132,3418.2391643881315,3133.2558639881318,3579.765220188132,3148.8000397881324,3682.5986774881317
172771,G06007314,medium,False,6085.719999999999,0.7130643653791515,2749.626736228132,2709.7840401752414,2749.6500010881323,2701.745867788132,2469.1935279881327,3036.441935488132,2628.6733127881325,3323.205421388132
172792,G06007313,low,True,6959.872,0.8407500276235722,1996.0980368552987,2020.9156468686017,1996.1143064414991,1961.6258731544995,1794.1662145574996,1849.6193822174996,1653.589194901499,1703.1033631994997
172993,G06007327,low,True,624.4449999999999,0.8407500276235722,158.40386260020028,226.96573727100014,158.4031362165,155.4092573985,140.8691517345,548.5096530885,420.12627010949996,938.6125415385001
173204,G06007323,high,False,8353.591,0.7130643653791515,3939.5534392981267,3753.5528180652377,3939.581019488132,3874.0183918881316,3555.690575988132,3925.398360588132,3479.6786550881316,3911.2004767881317
173383,G06007311,low,True,10263.449,0.7130643653791515,3133.9808501325224,3132.5514058406707,3134.0097549735233,3083.0229723435236,2835.4696539045235,2706.482510509523,2475.011447275523,2278.958119441523
173403,G06007327,low,True,6549.88,0.7130643653791515,1903.888387263324,1933.179178878667,1903.9035695955229,1871.1834611955233,1712.285891056523,1787.5047115395232,1595.267582800523,1671.1290907185232
173451,G06007324,low,True,8474.11,0.7130643653791515,2510.797098132625,2520.701821921669,2510.801519617523,2469.077792110523,2266.4446822005225,2240.9250820335233,2029.310302414523,1971.0417026685234
173671,G06007310,medium,False,6750.538,0.7130643653791515,3074.6122446481268,2992.062850915246,3074.632082288132,3021.9108080881324,2765.939528688132,3279.228924088132,2861.093947688132,3483.791360788132
173918,G06007308,high,False,19686.955,0.8407500276235722,9857.552426019993,8946.646294459433,9857.62991465,9703.591976749998,8955.63675975,8335.79406465,7700.01872605,6813.914223349999
173925,G06007310,medium,False,8618.746,0.7130643653791515,4053.540856008133,3850.6144714952407,4053.562716488132,3986.313621988132,3659.7869485881324,4010.567223388132,3561.215444388132,3967.507090388132
1740,G06007329,medium,False,8597.781,0.7130643653791515,3997.2097898581337,3796.028514125241,3997.221181288133,3930.8253691881323,3608.3545017881324,3968.473646488132,3520.8964454881316,3939.697719288132
174144,G06007326,medium,False,3489.6560000000004,0.7130643653791515,1463.005455679995,1579.5088287400004,1463.01972188,1435.5919171799997,1302.42958448,2098.56381638,1734.7860860800001,2734.08905578
174279,G06007313,high,False,5460.762,0.8407500276235722,2432.276121711867,2433.419905674191,2432.2951152718674,2388.995345171867,2178.720744971867,2797.333659271867,2399.4502755718668,3162.419990971867
174614,G06007311,low,True,7528.469000000001,0.7130643653791515,2218.150999391123,2238.215799032669,2218.1653495815235,2180.781638650523,1999.232019721523,2022.2807831325235,1820.0139191325234,1826.427530392523
174675,G06007306,high,False,15595.694,0.8407500276235722,7672.417438010001,7025.072108609431,7672.450548849999,7550.8628294499995,6960.438378349998,6703.383784649999,6137.281626949999,5734.146134949999
174750,G06007324,low,True,6775.66,0.7130643653791515,1961.1459765942254,1986.7502615136693,1961.1610664235227,1927.5868525335231,1764.5766437805232,1830.2941687815228,1636.2195930045232,1699.4212712085232
174879,G06007314,high,False,5921.075,0.7130643653791515,2665.925295818133,2636.56984094524,2665.938930688132,2619.295947488132,2392.767634788132,2973.891296388132,2568.829316688132,3281.8171489881315
174940,G06007301,high,False,14948.846000000001,0.7130643653791515,7282.911584648133,6672.1071176352325,7282.904982088132,7167.758362488132,6608.472361188133,6423.152506488132,5870.776695388132,5563.292334588132
175002,G06007312,low,True,1521.245,0.7130643653791515,405.8387029241994,469.32951596299966,405.83944181969997,398.29245617069995,361.61784425969995,718.2998053797,580.1321770347,1030.7746920777001
175111,G06007327,low,True,5697.871999999999,0.7130643653791515,1587.4565492634233,1620.3060824896681,1587.4648412415231,1559.444937238523,1423.376438077523,1551.1215534795228,1368.9703958175232,1514.7556160835234
175149,G06007302,medium,False,6536.008,0.8407500276235722,2772.8792892779647,2729.132157858339,2772.8998891379624,2721.577836637962,2472.366949537962,3001.2423342379625,2586.1213723379615,3229.5583377379617
175204,G06007310,medium,False,848.841,0.7130643653791515,362.43931979999843,614.0669179699998,362.44445423,355.67229503,322.80388683,1349.9415121299999,1030.53484813,2337.44612613
175310,G06007328,medium,False,11645.293000000001,0.7130643653791515,5699.471162670006,5306.188245249428,5699.540970849999,5607.196397649998,5158.919131449999,5229.390723049998,4726.200440749999,4759.309774649998
175350,G06007313,medium,False,7219.103999999999,0.8407500276235722,3262.348425940002,3154.784016099431,3262.359196049999,3206.2334325499987,2933.6661961499985,3408.710951349998,2983.2470721499994,3554.997468149999
17562,G06007327,high,False,14016.007,0.7130643653791515,6894.0684280181285,6343.300084665247,6894.106123688132,6784.693533788131,6253.437590188132,6132.661275388133,5592.739748488132,5371.082596788132
175719,G06007306,high,False,9785.871,0.8407500276235722,4609.463714159996,4336.65660867943,4609.482995249999,4533.372586649999,4163.683309149998,4415.07858385,3946.6497406499984,4220.678674749999
175734,G06007316,high,False,2464.8019999999997,0.7130643653791515,1024.020358379999,1193.0277485799988,1024.0256676600004,1004.7953136600001,911.41507176,1799.1694147599999,1452.98758556,2574.28967766
175841,G06007310,medium,False,11705.853,0.7130643653791515,5859.92397647812,5457.067310345239,5859.990960688132,5765.916292988131,5309.083102788132,5359.989305288131,4853.081685288132,4860.138011188132
175861,G06007330,medium,False,5147.287,0.7130643653791515,2214.5653763181294,2235.414460705243,2214.5691598881326,2174.625955688132,1980.652360288132,2636.7167250881316,2246.0142129881324,3058.799480388132
17634,G06007323,medium,False,4681.279,0.7130643653791515,1989.9535365393206,2040.3523537623992,1989.9620702493205,1953.38170114932,1775.7760309493199,2469.56757604932,2086.10188604932,2949.14209584932
176466,G06007301,medium,False,4869.575999999999,0.7130643653791515,2071.1610574381316,2109.9188829052405,2071.1688182881317,2033.350472388132,1849.714236788132,2529.580069388132,2143.4546267881315,2987.9345728881317
17649,G06007311,high,False,11388.425000000001,0.7130643653791515,5554.399123628131,5173.080749995241,5554.4650526881305,5464.9189958881325,5030.197135288132,5131.7842968881305,4634.601739788131,4709.1142893881315
176503,G06007312,high,False,4740.456,0.7130643653791515,2034.9733841788084,2075.991193012263,2034.9619855188112,1998.4545492188113,1821.0648553188112,2515.299420118811,2131.963543718811,2995.539017618811
176754,G06007311,medium,False,4738.999,0.7130643653791515,2030.7875172881309,2077.747091935243,2030.8020520881323,1993.573171588132,1812.835093688132,2499.413923688132,2114.571490788132,2968.000060188132
176830,G06007322,medium,False,3105.579,0.7130643653791515,1275.373791669492,1411.1433066998718,1275.365500729491,1251.431043029491,1135.1244639294912,1970.057178429491,1613.746031029491,2664.684387729491
176871,G06007310,medium,False,6952.146000000001,0.7130643653791515,3181.0167081081327,3085.29532465524,3181.029157888132,3126.739402188132,2863.0948715881314,3358.710251488132,2937.2059149881325,3536.3518317881317
176922,G06007325,high,False,6928.972,0.8407500276235722,3166.6283286400003,3077.4567588194327,3166.6515668499987,3111.930232849999,2846.2365626499995,3337.195797049999,2914.770293849999,3507.7324916499992
177052,G06007326,high,False,8768.882,0.7130643653791515,4140.119793108133,3927.5315434752324,4140.141735088133,4071.611492888132,3738.8444446881317,4075.247881588132,3623.1490484881324,4010.271740688132
177073,G06007316,high,False,7492.951,0.7130643653791515,3483.7533984881306,3353.179837175245,3483.7772488881324,3424.974295288132,3139.5092000881323,3584.896593888132,3153.7018007881315,3685.976701288132
177095,G06007327,high,False,12415.714000000002,0.7130643653791515,6117.426652498132,5669.366266785239,6117.477869888133,6019.579073388131,5544.247191088132,5552.410585288131,5037.238886888133,4987.386087088133
177117,G06007329,low,True,1869.612,0.7130643653791515,487.7791119873001,548.3207137450024,487.78105292280014,478.6144571628001,434.1047700528,772.7210102478,631.0779119327999,1057.6480764498
177175,G06007327,medium,False,4650.278,0.8407500276235722,1981.9346448093193,2032.5726699429688,1981.943774429321,1945.7048602293207,1769.753219629321,2467.3468866293206,2084.614532629321,2952.7294487293207
177247,G06007322,medium,False,9659.097000000002,0.7130643653791515,4676.484991568126,4405.89261471524,4676.519641088133,4600.025752288131,4228.549236388131,4475.904944788132,4006.7282744881322,4275.329676188132
17734,G06007310,medium,False,2336.496,0.7130643653791515,968.0433399299941,1143.657693629998,968.0482170800001,949.8587889800001,861.5332487800001,1760.92685848,1416.97900198,2553.78064218
177393,G06007330,low,True,3235.778,0.7130643653791515,840.2387489622027,891.0208245119998,840.2407188461999,824.4381668291999,747.6903807282,1012.0511545121999,856.1466549101999,1183.8401978982001
177563,G06007313,medium,False,10716.312,0.8407500276235722,5160.631740689998,4827.034886369433,5160.684482849999,5076.344910449998,4666.917104249998,4826.827677249999,4340.819425049999,4493.059202649999
177769,G06007308,low,True,5315.26,0.8407500276235722,1434.776089458278,1471.3347628625095,1434.7824079172785,1408.641633453279,1281.6948568532787,1430.448697986279,1252.3374540692787,1426.094837379279
177884,G06007326,low,True,7505.317999999999,0.8407500276235722,2243.3037778734215,2267.0856046056674,2243.3217268695234,2205.566350084523,2022.1872148095229,2041.063134853523,1838.0054539035232,1838.8548231375232
178099,G06007330,high,False,8057.591,0.7130643653791515,3868.5474911581337,3701.085305545243,3868.594949488132,3804.070980088132,3490.813464788132,3872.315666088132,3428.871662288132,3876.144999088132
178139,G06007325,high,False,17300.976,0.8407500276235722,8599.24082767,7841.403121869431,8599.26011705,8463.933567749998,7806.678227649998,7395.773754249999,6800.137592449999,6192.124816449999
178224,G06007330,high,False,8377.325,0.7130643653791515,3954.972621018133,3767.143650745238,3955.0029584881318,3889.199793188131,3569.7555128881313,3936.9116975881316,3490.6860325881316,3918.8475532881316
17825,G06007312,high,False,17057.03,0.7130643653791515,8501.683361428131,7754.709512095244,8501.723550088132,8368.443635588132,7721.3012586881305,7333.678409688133,6742.451999688131,6165.509580788132
178283,G06007306,high,False,3914.358,0.8407500276235722,1636.5187215899984,1731.2440636500005,1636.53148834,1605.8319597399998,1456.79288024,2216.36376924,1845.55091564,2796.16692514
178299,G06007330,high,False,4871.176,0.7130643653791515,2067.4430292481306,2106.1293544152386,2067.4461922881324,2029.6882376881317,1846.3193384881324,2526.803991988132,2140.795781288132,2986.097976688132
178374,G06007328,medium,False,9517.489,0.7130643653791515,4637.492141500002,4380.866582559431,4637.541408249999,4560.985884549998,4189.206048749998,4435.983881549999,3966.6902172499986,4234.555641849999
178425,G06007314,low,True,1507.875,0.7130643653791515,407.92226755770105,472.43179718,407.9279950515,400.3151372325,363.3635967254999,719.4064382805,581.1118382865,1030.8949392075
178500,G06007323,low,True,9837.463,0.7130643653791515,2977.7345422071226,2978.190791810667,2977.760492083523,2929.0927264125235,2692.801529452522,2589.7530881475227,2363.251525897523,2201.7679074615235
178561,G06007308,medium,False,3826.339,0.8407500276235722,1600.3676875399997,1699.559769049431,1600.3882436799993,1570.3839998799992,1424.709802079999,2192.000786779999,1822.7080435799992,2783.607171879999
178571,G06007316,medium,False,7799.499,0.7130643653791515,3633.372633398127,3483.272517985245,3633.3998982881326,3572.391260288132,3276.143712088132,3696.648658488132,3260.7293579881316,3759.860097788132
178608,G06007330,high,False,4476.5470000000005,0.7130643653791515,2092.865478380001,2135.5629410899946,2092.88089799,2057.3254196899998,1884.6149309899997,2589.76715419,2208.5061528899996,3086.7545330899998
178628,G06007313,high,False,6805.393,0.8407500276235722,3068.6570995999964,2987.5720480994282,3068.6830454499986,3015.424699449999,2756.798554349999,3263.9718913499983,2844.7073472499987,3459.2901479499988
17865,G06007323,medium,False,3774.85,0.7130643653791515,1561.1094904199936,1663.063194740002,1561.1141407,1531.7705307,1389.2787626,2163.9172151999996,1795.9986931999997,2766.6763668999997
178701,G06007324,medium,False,11136.21,0.7130643653791515,5438.208738198133,5072.6463342652405,5438.253374288131,5350.439963088131,4924.069882188132,5044.986971388131,4551.481263188132,4651.7508437881315
178842,G06007328,high,False,9146.856,0.8407500276235722,4355.790845639996,4123.523424739432,4355.847243249998,4283.439017649999,3932.0356634499985,4225.587689249999,3765.222531049999,4095.360111249998
179059,G06007328,high,False,9184.803,0.8407500276235722,4310.634977679994,4076.2671330394282,4310.653968649999,4238.957097249999,3890.833556649999,4191.874712449999,3732.964516949999,4073.0043907499985
179122,G06007314,medium,False,8928.084,0.7130643653791515,4290.783757478135,4067.0956022652376,4290.808353288132,4220.047013988133,3876.3487948881316,4187.738190388132,3730.8482048881315,4084.779968488132
179174,G06007311,medium,False,9357.33,0.7130643653791515,4457.152961198142,4206.839169265242,4457.190840288133,4383.9561607881315,4028.335223288132,4312.071218788132,3849.8982478881326,4166.894136588131
17925,G06007301,medium,False,3983.057,0.7130643653791515,1648.419793599493,1739.6762884098678,1648.4254361694911,1617.4480168694909,1467.0227482694904,2223.388009869491,1851.961913169491,2798.308312069491
17956,G06007324,high,False,14098.057999999999,0.7130643653791515,7037.635499668137,6480.972159435243,7037.710273088132,6926.127658288131,6384.468683588131,6239.880770788133,5695.358375388131,5442.098391188131
1799,G06007322,medium,False,4779.796,0.7130643653791515,2066.0190240891498,2110.158635195499,2066.0452735291497,2028.32077092915,1845.19818252915,2526.28030572915,2140.3955321291496,2986.51563862915
180260,G06007325,high,False,7815.433000000001,0.8407500276235722,3589.40624536,3443.43198983943,3589.4273702499986,3528.436878549999,3232.2965628499987,3653.0525662499986,3217.15253855,3716.6114876499987
180326,G06007317,medium,False,4578.694,0.7130643653791515,1948.1236890891514,2005.0909254655003,1948.1430980191503,1912.20225101915,1737.7110269191503,2438.65922881915,2056.5928015191503,2929.15799931915
180346,G06007301,medium,False,4028.683,0.7130643653791515,1699.9485238699997,1787.5388798300003,1699.96223574,1668.2756006399998,1514.45280424,2263.02521704,1890.09140054,2826.0780530399998
180651,G06007308,low,True,5709.863,0.8407500276235722,1585.4658217586993,1620.9786753366022,1585.4807359754996,1557.0838396574993,1419.2183267324995,1542.8465548634995,1359.9023695814994,1500.2093067224996
180718,G06007324,medium,False,13045.84,0.7130643653791515,6481.287041298128,5992.967574005243,6481.368323688132,6378.073653188132,5876.507177388132,5824.196337188132,5297.503974188131,5167.1002161881315
180918,G06007306,high,False,12509.184000000001,0.8407500276235722,6098.428685619994,5649.577945299432,6098.4591780499995,6000.238041749999,5523.213080049999,5527.449162349998,5011.55119925,4956.423657649999
180946,G06007316,high,False,8683.848,0.7130643653791515,4084.0291172081393,3876.906613635237,4084.0465542881325,4016.3483833881314,3687.629336788132,4033.350988488132,3583.030319988132,3982.563270188132
180958,G06007327,medium,False,3306.337,0.7130643653791515,1367.5384700800003,1493.3528512200003,1367.54238116,1341.86275756,1217.1361618600001,2032.6976465599998,1672.64653276,2697.83275336
181239,G06007316,low,True,2547.733,0.7130643653791515,663.7288226372978,719.5284804540008,663.7306384737,651.2547433077,590.6706590547001,892.2651989187,743.5089574616999,1120.7823862947
181266,G06007310,low,True,11129.27,0.7130643653791515,3446.3346026433233,3440.1809519806675,3446.3682132315234,3390.7347442005225,3120.6530724315226,2939.8307226345228,2698.3845747495234,2433.3328155675226
181299,G06007328,high,False,19980.956,0.7130643653791515,10114.887461250015,9183.87302214942,10114.969527049998,9957.095918349998,9190.50737935,8528.00244495,7883.974506149999,6941.200505649998
181455,G06007329,high,False,4793.689,0.7130643653791515,2072.2154234888008,2115.7497307222757,2072.240489698811,2034.410605498811,1850.7118230988112,2530.453989598811,2144.3459843988107,2988.6693461988107
181478,G06007326,high,False,12536.901,0.7130643653791515,6127.6972819581315,5672.006200525237,6127.731620888133,6029.694703988131,5553.646642188132,5560.095774188132,5044.598370688132,4992.441891988132
1818,G06007311,high,False,10894.435000000001,0.7130643653791515,5270.403020318132,4920.598202265237,5270.437931088132,5185.1129955881315,4770.871307888132,4919.656468088131,4431.485394988132,4568.820866088132
181941,G06007310,low,True,771.211,0.7130643653791515,200.036975260499,267.92644061399983,200.03719121190002,196.2735943329,177.9961864779,577.0338783159,446.9990137149,954.0332582919001
182522,G06007325,medium,False,5903.960999999999,0.8407500276235722,2678.2353862317013,2650.5802610172864,2678.2610586116975,2631.330081511697,2403.443463611697,2981.509185511697,2575.830993311697,3284.8244147116966
182557,G06007315,low,True,3317.261,0.7130643653791515,862.9682701877961,913.3370993949992,862.9699311009,846.7444390418999,767.9510797959001,1027.6053186908998,870.7901731149001,1192.2154066779
18257,G06007330,high,False,16557.171000000002,0.7130643653791515,8358.507314848133,7642.978830375243,8358.573110288133,8227.405569988132,7590.505083288132,7226.648193888133,6640.014848388132,6094.804250488132
182574,G06007316,high,False,4828.4890000000005,0.7130643653791515,2088.322884499999,2128.1968169194297,2088.335107009999,2050.4510506099987,1866.4451493099991,2545.4979403099987,2159.2360770099986,3002.649517809999
182576,G06007301,high,False,11511.336000000001,0.7130643653791515,5584.1088301281325,5194.468536495242,5584.140701088132,5494.161531088132,5057.303595088131,5154.012449588132,4655.826707488131,4723.852817088132
1826,G06007306,high,False,13319.273000000001,0.8407500276235722,6496.399602249998,5995.633717189433,6496.4025112499985,6392.297989449999,5886.6022807499985,5824.807798849999,5296.190295249999,5153.075692949999
182619,G06007328,high,False,12804.675,0.8407500276235722,6288.83828369,5820.782414809435,6288.8973704499995,6187.809702149998,5697.0632421499995,5669.710529149999,5147.711637249999,5050.540781749998
182793,G06007311,high,False,7209.121999999999,0.7130643653791515,3316.055280768131,3203.9631817952354,3316.072601088132,3259.773363288132,2986.404350588132,3459.608753688132,3033.7887863881324,3603.0752084881315
182870,G06007329,high,False,5770.345,0.7130643653791515,2628.4338250891487,2605.5713252660685,2628.4579619091514,2582.761161909151,2360.8669424091504,2952.7125028091514,2549.678651709151,3277.011045809151
182961,G06007325,high,False,17313.728,0.8407500276235722,8654.812271570001,7896.171794009425,8654.879473449999,8518.680538249999,7857.3794736499985,7437.254263649998,6839.786314049999,6219.685244149998
183049,G06007313,high,False,16743.066,0.8407500276235722,8433.867765760002,7711.544363959427,8433.950869049999,8301.02012465,7655.607322749998,7272.1655105499985,6681.765592549999,6110.517226349999
183318,G06007330,high,False,6453.983,0.7130643653791515,2938.0116295281327,2874.4451710952403,2938.0318296881323,2887.341686188132,2641.204461188132,3177.1659956881317,2763.403075088132,3416.286201088132
183352,G06007313,low,True,3124.6990000000005,0.8407500276235722,813.4257909329997,865.184141227002,813.4276913091,798.1355464551,723.8761701381,993.9731327301,839.1647462510999,1174.4954939751
183618,G06007310,high,False,9688.319,0.7130643653791515,4724.2272331281365,4451.535816955242,4724.2717458881325,4647.056632688131,4272.108876588132,4511.556899588131,4040.8271216881312,4298.9792811881325
183630,G06007317,medium,False,6405.289000000001,0.7130643653791515,2908.6593173181295,2848.314731785244,2908.6853786881325,2858.421848388132,2614.4085323881313,3155.2453934881314,2742.409080888132,3401.784654588132
183671,G06007302,low,True,3918.915,0.8407500276235722,1027.3302584243972,1074.3157832049997,1027.3325203575002,1008.0484477875,914.3928040275,1139.8296508185,976.4440120965,1252.3103542815002
183779,G06007330,high,False,8748.587,0.7130643653791515,4143.010438198131,3931.6192712252387,4143.038027888133,4074.458585988132,3741.474146588131,4077.3997508881316,3625.2047728881316,4011.713859588132
183884,G06007330,high,False,5851.22,0.7130643653791515,2633.401280158638,2608.5872450153656,2633.426805438641,2587.2641797386405,2363.138816038641,2949.810496138641,2545.783752838641,3266.203309838641
183937,G06007316,low,True,1231.3160000000003,0.7130643653791515,332.88712715790007,398.9628358309993,332.8889866344001,326.68003095840004,296.5184579574001,668.2012570974,532.9164829854,1003.5245952114001
183942,G06007329,low,True,14659.662,0.7130643653791515,4559.789600760323,4518.335788074669,4559.814941905523,4487.663736667523,4137.342704767523,3771.674500504523,3494.697900277523,2983.541270083523
184209,G06007308,medium,False,8317.927,0.8407500276235722,3910.62724593,3731.877454889432,3910.6378248499996,3844.9079659499985,3525.5584074499993,3892.9879941499985,3446.8748733499997,3875.349647449999
184271,G06007311,high,False,5619.401,0.7130643653791515,2481.0034123581327,2471.1099791958127,2481.018531308133,2437.1476557081332,2224.120762808133,2836.3282230081327,2437.1992273081332,3191.626396308133
184409,G06007324,high,False,12119.767,0.7130643653791515,5923.995737548128,5495.534497895245,5924.045054688131,5829.032779588131,5367.679049288132,5407.9098589881305,4898.958741988133,4891.716701388132
184432,G06007326,high,False,7190.606000000001,0.8407500276235722,3321.6424336081323,3210.51313545524,3321.666247288132,3265.2701500881317,2991.491946588132,3463.7815651881324,3037.7682215881323,3605.861378488132
184511,G06007317,low,True,8271.45,0.7130643653791515,2467.7919397770183,2482.2646593256704,2467.808115121523,2426.7219340065226,2227.185442180523,2208.791106985523,1998.5712214545229,1949.7628773525232
184515,G06007324,high,False,9735.797999999999,0.7130643653791515,4667.269414408123,4392.1129171352295,4667.296473488132,4590.9358508881305,4220.150380188132,4469.054420188131,4000.125491588132,4270.797087988132
184602,G06007308,high,False,14085.931999999999,0.8407500276235722,7092.791755409995,6541.571044749434,7092.907864049999,6979.840328049998,6431.093523149998,6270.279130949998,5722.656992349999,5447.833661049998
184612,G06007311,low,True,8699.685,0.7130643653791515,2604.046075701923,2614.4185985366657,2604.0720384555225,2560.9572669165236,2351.606468581523,2310.575354284523,2096.0215791165233,2017.0771361895231
184918,G06007310,low,True,6347.5869999999995,0.7130643653791515,1799.3563682964225,1826.2091632436661,1799.3573089935232,1768.198433266523,1616.8535400705232,1709.4214756305232,1520.5202586315231,1619.4620221815233
184922,G06007306,high,False,10351.539,0.8407500276235722,4937.592804130002,4628.0880228694305,4937.623909849998,4856.618193749999,4463.30388505,4660.252240449999,4181.365588549999,4382.786983449999
184990,G06007329,medium,False,6155.865,0.7130643653791515,2837.9887342996612,2791.7549311962025,2838.01993660966,2789.00901550966,2551.03658920966,3105.87100260966,2695.73375570966,3373.7878489096597
185146,G06007302,high,False,7492.6410000000005,0.8407500276235722,3296.1946573767746,3190.8196301311805,3296.2289883867743,3237.0915001867743,2950.008829286774,3391.691044086773,2959.8003825867745,3487.163605386774
18519,G06007326,medium,False,8885.742,0.7130643653791515,4193.306725308124,3973.1627502952383,4193.327373088132,4124.0038417881315,3787.408349488132,4114.989799488132,3661.182638088132,4036.5628660881316
18535,G06007310,low,True,8774.363000000001,0.7130643653791515,2610.8418663987213,2618.522541708669,2610.8579435955226,2567.6414350575233,2357.807519773523,2315.668344592523,2100.871401898523,2020.4582270565231
185571,G06007329,high,False,7456.51,0.7130643653791515,3456.317100458128,3328.458427425234,3456.347722688132,3397.9670873881323,3114.484113588132,3564.375788888132,3134.110080188132,3672.3577939881316
185584,G06007311,low,True,13807.742000000002,0.7130643653791515,4310.488986405925,4279.354994750672,4310.509097089523,4242.063904588525,3909.687916420523,3585.411909724522,3316.398346390523,2860.362419281523
185602,G06007330,medium,False,6892.893000000001,0.7130643653791515,3183.72270218813,3091.605436375238,3183.747509088132,3129.4006744881317,2865.540494088132,3360.723980788132,2939.1097285881315,3537.731940888132
185629,G06007316,high,False,3801.3520000000003,0.7130643653791515,1585.7928027894889,1686.310529249868,1585.800765119491,1556.056510319491,1411.6058584194914,2181.744857619491,1812.972380419491,2777.658827519491
185635,G06007325,medium,False,745.3570000000001,0.8407500276235722,306.8291766799981,563.8413866300014,306.8297691100001,301.05752601000006,273.0242390100001,1311.2826851099999,994.0148431100001,2315.7277716099998
185644,G06007313,high,False,11468.491999999998,0.8407500276235722,5594.564174720003,5212.486347519428,5594.622112649999,5503.835078749998,5063.117157249998,5151.025958749999,4651.153794049998,4707.505246149999
185700,G06007301,low,True,1487.916,0.7130643653791515,398.255706009001,462.4632760160001,398.2591868724,390.8152145394,354.65846111639996,712.5317686794001,574.5921041964,1026.8176451244
185707,G06007324,medium,False,10990.097999999998,0.7130643653791515,5325.796238538127,4969.839687705242,5325.835099488133,5239.687819688132,4821.4440263881315,4961.028209488131,4471.089549788132,4596.202426488131
185737,G06007326,high,False,14490.359,0.7130643653791515,7197.996454588134,6616.20192229524,7198.045745088131,7084.1105990881315,6530.898941488133,6359.687462988131,5810.048003388131,5521.335839088131
185797,G06007316,high,False,9545.971,0.7130643653791515,4556.116665988133,4293.422950295242,4556.149440488132,4481.434968088131,4118.681156388131,4386.024209188132,3920.654094288131,4215.839219888132
185913,G06007308,low,True,7057.332,0.8407500276235722,2031.8794764596987,2056.315360826603,2031.8979583034995,1996.8777481904997,1826.8318629224996,1876.346473930499,1679.1671507384995,1720.7977025264995
185982,G06007301,low,True,8785.57,0.7130643653791515,2625.8559475542215,2634.542222105667,2625.8681290515237,2582.4341202585224,2371.506953689523,2326.8777120135233,2111.607233599523,2027.8814923605232
186207,G06007317,high,False,3475.017,0.7130643653791515,1414.7525175400008,1532.0910029500003,1414.7498413100002,1388.0710945100002,1258.51518001,2062.93788701,1700.7259305100001,2711.07830221
186230,G06007311,low,True,5823.3240000000005,0.7130643653791515,1618.6806879378214,1649.3537413396693,1618.683602437523,1590.203338345523,1451.890715050523,1574.455712026523,1391.3068368465229,1530.180907468523
186520,G06007326,high,False,10136.302,0.8407500276235722,5005.7327661081345,4704.68871877524,5005.801390288132,4924.408561588132,4529.170415188131,4721.861657688132,4242.200019788132,4438.014608788132
186537,G06007322,medium,False,6868.757,0.7130643653791515,3147.3109993781322,3057.1871065852392,3147.335713288132,3093.541226388132,2832.321165188132,3333.5224239881322,2913.0930504881317,3519.6967473881314
18666,G06007329,high,False,10009.671,0.7130643653791515,4815.936824978131,4523.170522145239,4815.971266088132,4737.396082488132,4355.901158788132,4580.125616388132,4106.455487888132,4344.252692688132
186767,G06007328,high,False,6660.757,0.7130643653791515,2992.501863279992,2921.106583059434,2992.530180049999,2940.405408749999,2687.284001449999,3207.096958549999,2790.2717331499994,3421.6235034499987
186916,G06007322,high,False,15657.689999999999,0.7130643653791515,7753.965429388125,7097.700878515239,7754.011428088132,7631.849728288133,7038.608121788133,6775.046731388133,6207.734989988131,5795.955618888132
186929,G06007329,low,True,14660.948,0.7130643653791515,4635.5147447919235,4601.930317064669,4635.560308483523,4562.265302965524,4206.456574543524,3828.2311094175225,3548.8471569075236,3020.976371941523
187125,G06007301,medium,False,5868.33,0.7130643653791515,2626.0330359581335,2600.570955585248,2626.064451488132,2580.0068520881323,2356.367285388132,2944.0842463881318,2540.305463988132,3262.078685988132
187126,G06007310,high,False,8650.08,0.7130643653791515,4111.63134038813,3906.583117975239,4111.671118888133,4043.5539987881316,3712.8113713881326,4053.931113488132,3602.7441253881325,3996.219492888132
187206,G06007327,low,True,5519.461,0.7130643653791515,1532.8651454160233,1567.5948297696677,1532.8746881835232,1505.665531432523,1373.5297149135233,1510.328991109523,1329.932208748523,1487.7711484545232
187333,G06007322,medium,False,8280.512999999999,0.7130643653791515,3838.671609718131,3657.75401518524,3838.6763890881325,3774.6419366881323,3463.5985355881317,3850.0291840881323,3407.5367788881313,3861.330173888132
188424,G06007316,medium,False,9569.609,0.7130643653791515,4626.2933302781275,4361.60513468524,4626.324582888134,4550.579585188132,4182.715573688132,4438.412299988132,3970.8192033881314,4250.5455722881325
188450,G06007326,high,False,8777.894,0.7130643653791515,4146.841946038132,3933.5637685852403,4146.8616464881325,4078.2469571881315,3744.980714388132,4080.2354007881318,3627.961975788132,4013.571189388132
188840,G06007328,high,False,9424.593,0.8407500276235722,4563.349254689993,4312.6248044694385,4563.37464605,4487.938859349999,4121.503561749999,4380.601002649999,3913.664159849999,4197.927317849999
188919,G06007326,medium,False,4315.343,0.7130643653791515,1820.5822878000017,1892.45303388,1820.5982299400002,1786.81025404,1622.7612818399998,2347.75941414,1970.31023534,2874.9050360399997
188947,G06007313,high,False,5757.871999999999,0.8407500276235722,2517.1580355699953,2503.729853549434,2517.176360049999,2472.0991899499995,2253.2410498499994,2851.999753949999,2450.297711849999,3186.776473849999
189000,G06007313,medium,False,4076.289,0.8407500276235722,1681.7416811399996,1768.287892350003,1681.7447070699998,1650.12041677,1496.54048777,2245.6390073699995,1872.8144626699998,2809.4848152699997
189023,G06007316,high,False,5687.112999999999,0.7130643653791515,2556.44551059813,2542.0702597852337,2556.4631230881328,2511.435160288132,2292.787506488132,2892.102944888132,2490.5070449881323,3227.754306588132
189146,G06007301,medium,False,4710.865,0.7130643653791515,1997.5154877781308,2046.4564755652375,1997.5249605281322,1960.8019021281318,1782.4802344281318,2474.596791928132,2090.829093328132,2951.6214990281314
189292,G06007313,high,False,6300.882,0.8407500276235722,2782.199434320002,2733.8267031594287,2782.208878649999,2733.2063864499987,2495.249785349999,3050.0108313499986,2639.851864749999,3317.743125149999
189545,G06007301,low,True,4880.928,0.7130643653791515,1328.8893782029938,1369.0423246661703,1328.8989163651931,1304.7867660301924,1187.725188453193,1359.2609684371928,1185.511330629193,1389.6183081091926
189755,G06007330,low,True,6120.7119999999995,0.7130643653791515,1744.9399912194415,1776.0221994867552,1744.9584726096439,1714.596937041644,1567.207876278644,1668.9045590886435,1481.7373935906435,1592.864869077644
189810,G06007307,low,True,2639.986,0.8407500276235722,694.3087621260005,750.180528509998,694.3134598974,681.2864037504,618.0357173634,913.4903025533999,763.5574518654,1132.6515726174
189823,G06007310,medium,False,453.936,0.7130643653791515,187.2211671200023,459.14703648000057,187.22165568000003,183.70076928000003,166.60201408000006,1230.0465480799999,917.6165548800001,2272.8674556799997
189837,G06007313,medium,False,9110.475,0.7130643653791515,4280.6996288,4051.056509799429,4280.724327649999,4209.464367649998,3863.4928282499986,4169.506511249999,3711.5433593499993,4058.226586849999
189843,G06007328,low,True,8813.991999999998,0.8407500276235722,2579.3559834462076,2585.419969383601,2579.3622345014996,2536.2220180814993,2326.7354904044987,2285.374666489499,2070.7247370044993,1991.3197143074992
189963,G06007314,medium,False,4709.595,0.7130643653791515,1985.8237502691518,2034.3533547755005,1985.8266210891502,1949.3323285891497,1772.1216185891499,2466.79839878915,2083.50594888915,2947.72058058915
190082,G06007329,high,False,6963.143,0.7130643653791515,3193.7556414081287,3097.5011667952417,3193.777382888132,3139.2856217881317,2874.731672988132,3368.245435188132,2946.316553288132,3542.651766588132
190104,G06007325,medium,False,10716.201000000001,0.8407500276235722,5190.73851587999,4857.353234819433,5190.79191405,5106.021982349998,4694.409178649999,4849.311277149999,4362.373175549999,4507.904731449999
190161,G06007329,medium,False,1408.711,0.7130643653791515,612.5254567800032,833.7616532300021,612.52653581,601.34698271,547.00762351,1524.72164301,1195.82812541,2436.9495251099997
190205,G06007310,high,False,28021.716,0.7130643653791515,14435.85217723813,12981.232320025252,14435.978923888131,14214.559309888133,13139.619394788133,11766.90017558813,10986.42842718813,9097.854484988133
190234,G06007330,low,True,9559.145,0.7130643653791515,2875.9718368257227,2877.7576022826684,2875.991678083523,2828.8394395935234,2599.897533715524,2513.7418719645234,2290.496852794523,2151.456966466523
190306,G06007330,medium,False,4821.03,0.7130643653791515,2062.1454125486403,2103.9013113453684,2062.158893658641,2024.474379858641,1841.505822758641,2522.9313934586407,2137.103773758641,2983.674667058641
190525,G06007313,medium,False,6455.01,0.8407500276235722,2884.53602366,2826.1371709394302,2884.555775849999,2834.024999449998,2588.6802226499985,3126.454661949999,2713.027350049999,3368.3270794499986
190531,G06007324,medium,False,824.885,0.7130643653791515,352.40069560999757,605.2014224400007,352.4013837500001,345.8242737499999,313.86302005,1343.10171205,1024.10509695,2333.82154205
19066,G06007302,medium,False,12936.314999999999,1.0497359105206039,6213.209633046269,5757.1054135410495,6213.272982126266,6110.793939926265,5613.209630126265,5570.153444826265,5045.1660928262645,4927.119932226265
190680,G06007326,low,True,4482.226,0.7130643653791515,1178.382474132021,1220.461191204666,1178.385584694023,1156.4575628370228,1049.9719627770232,1245.8437150230232,1076.7756147750229,1313.269354488023
190949,G06007314,medium,False,4329.178,0.7130643653791515,1817.5516643383023,1888.4589691821457,1817.559202008302,1783.8436136083017,1620.1128155083018,2345.829736008302,1968.520225308302,2874.0460378083017
191023,G06007302,medium,False,5444.237000000001,0.8407500276235722,2398.088968968641,2404.5918619259355,2398.1260166486422,2354.8111490486417,2144.5452477486424,2763.1674342486417,2365.277683048642,3128.2816340486415
19112,G06007326,high,False,12383.598999999998,0.7130643653791515,6051.372545058137,5605.699220045237,6051.408282288132,5954.515331088131,5483.952844788133,5503.053018088132,4990.004065488131,4954.724166088132
191149,G06007308,high,False,5905.776,0.8407500276235722,2594.9862031699986,2572.0243745894286,2595.0043360499985,2548.774022649998,2324.2994092499985,2910.136973149999,2505.949235649999,3225.2441539499987
191169,G06007327,medium,False,1866.086,0.7130643653791515,777.3316720499987,976.9753396100002,777.3372481800001,762.7465783800001,691.9005257800001,1631.55488978,1295.3458995800002,2485.7584673799997
191207,G06007326,low,True,383.29599999999994,0.8407500276235722,99.649085205601,170.31873196800046,99.64935015840001,97.77556131840001,88.67572590239999,508.8478192104,382.8746857584,918.0441820464
19154,G06007312,low,True,4039.6549999999997,0.7130643653791515,1056.4724230067613,1101.9450152128175,1056.4769029304587,1036.6921064234587,940.6198333784588,1160.4729518024587,996.0155956994586,1264.4425127654588
191858,G06007327,low,True,2865.625,0.7130643653791515,751.1475668129997,805.2645301189989,751.1518537425001,737.0494402635001,668.5732879875002,951.9922608825002,799.7462276025001,1152.8162635785
191876,G06007324,medium,False,13448.596,0.7130643653791515,6647.148509208131,6132.8978435152385,6647.214547288131,6541.460203888133,6027.9536161881315,5948.127662088131,5416.106811788132,5249.089764388131
192040,G06007316,high,False,11739.708999999999,0.7130643653791515,5727.2454339281285,5323.020781995239,5727.289470088132,5635.181474788133,5188.011127388132,5260.948805188131,4758.222049088132,4794.546696788132
192075,G06007306,low,True,5734.527,0.8407500276235722,1578.4661078349234,1610.058702024675,1578.4693039383228,1550.4277206903232,1414.236286857323,1541.6720405703231,1359.4782910023232,1504.8268248153233
192093,G06007301,high,False,9119.717,0.8536704995961909,4467.994293738137,4231.945891465238,4468.033584488132,4394.644621288131,4038.1416927881314,4320.1136805881315,3857.602100088132,4172.3271988881315
192137,G06007325,low,True,432.012,0.8407500276235722,112.2834656916012,182.61233306400095,112.2837304428,110.1723018228,99.91809623879999,517.4314837068,390.94755608279996,922.5768429708
192144,G06007301,high,False,10223.164,0.7130643653791515,4870.641915868131,4564.43790779524,4870.649612688132,4791.291624288131,4405.878953188132,4621.013838588132,4145.609165988132,4371.248689188132
192161,G06007326,high,False,10867.962,0.7130643653791515,5306.137898818135,4958.444633605239,5306.212876488133,5220.357394888131,4803.529268088132,4946.298575588131,4457.0882814881315,4586.380026588132
19225,G06007317,high,False,9148.197,0.7130643653791515,4342.370616518128,4105.034361645238,4342.380883888132,4270.865521788131,3923.505482688132,4226.322832988131,3767.799350788132,4110.203919188132
192254,G06007328,medium,False,912.848,0.7130643653791515,376.6552621600038,625.0957675200002,376.6562390400001,369.57353704,335.17693024000005,1358.78121064,1038.69689664,2340.89819224
192368,G06007329,high,False,9159.976999999999,0.7130643653791515,4436.609031738126,4198.106981165236,4436.654454288131,4363.699995288132,4009.499996488132,4296.705477888132,3835.1335541881317,4156.854919788132
192433,G06007326,high,False,9263.188,0.7130643653791515,4412.12714265813,4167.36798216524,4412.168261288132,4339.58382278813,3987.1929835881324,4278.418511188132,3817.6508735881316,4144.705456388132
192541,G06007315,medium,False,3806.179,0.7130643653791515,1583.85523000898,1684.0554077197417,1583.8573210289821,1554.1417232289818,1409.805256528982,2180.209868528982,1811.489506828982,2776.523985928982
192591,G06007323,low,True,5357.65,0.7130643653791515,1473.2506861746242,1508.7606991416662,1473.2587631715232,1446.933023920523,1319.099692105523,1465.803267097523,1287.296166775523,1458.3179332785232
192655,G06007312,high,False,11426.188,0.7130643653791515,5503.727261128122,5119.589163655241,5503.724392088132,5414.971186088131,4983.914765588132,5093.977585188131,4598.359833988132,4684.118543888131
192678,G06007311,high,False,16554.356,0.7130643653791515,8297.86337497813,7582.676560645239,8297.903141688132,8167.661739188132,7535.141694888131,7181.343799388131,6596.638674488132,6064.839548488131
192693,G06007327,medium,False,4132.722,0.7130643653791515,1724.9279588900001,1807.5565341300003,1724.93683992,1692.69451812,1536.1364126199999,2278.3898940199997,1904.24691402,2831.81496092
192718,G06007329,high,False,12698.526000000002,0.7130643653791515,6273.404599968131,5807.093539995243,6273.453893888131,6173.243789688131,5686.6571883881315,5668.933595888131,5148.778926188133,5064.477545288131
192727,G06007306,medium,False,10277.457999999999,0.8407500276235722,5049.061327620002,4743.504823179434,5049.12156825,4966.450791649999,4565.006925349999,4743.455618349999,4261.044335149999,4437.915877349999
192777,G06007317,high,False,3234.5190000000002,0.7130643653791515,1344.851205620001,1474.4843065300017,1344.8580205700002,1319.60674287,1196.9900615699999,2017.40978827,1658.28922307,2689.92700957
19284,G06007301,medium,False,5759.309,0.7130643653791515,2566.25366849813,2547.3736727652426,2566.2590320881322,2521.1022058881317,2301.7538630881318,2899.4290658881314,2497.530071188132,3232.5855844881316
192936,G06007308,low,True,5791.588,0.8407500276235722,1584.7950206781022,1616.6970387885997,1584.7996845554992,1556.4209026904991,1418.6166473744993,1542.3569979914996,1359.4293045344994,1499.8711658774994
192986,G06007325,high,False,5391.4220000000005,0.8407500276235722,2339.5143309610244,2349.18792931969,2339.538357451017,2297.120118751017,2091.241175251017,2719.922612951017,2323.944586651017,3100.3003451510167
193000,G06007328,low,True,5996.848,0.8407500276235722,1660.5626292800996,1691.7503904206026,1660.5765594494997,1631.0740766984995,1487.8063323584993,1598.9468240954993,1413.6261965984995,1537.2880116584993
193114,G06007324,high,False,7774.743,0.7130643653791515,3615.283730098129,3466.7067120252436,3615.3021166881317,3554.560534888132,3259.622976688132,3683.156273388132,3247.791043788132,3750.937667488132
193396,G06007326,high,False,8912.088,0.7130643653791515,4283.412034418139,4060.944870705241,4283.442140488132,4212.7807876881325,3869.632253088132,4182.255918088132,3725.5939934881326,4081.122178488132
193546,G06007310,medium,False,5684.870000000001,0.7130643653791515,2510.0306117581335,2496.081522125244,2510.036248888132,2465.7050255881322,2250.426461688132,2857.4481844881316,2457.3195246881323,3204.8108887881317
193683,G06007314,medium,False,4161.211,0.8407500276235722,1779.8314883299981,1857.2873293100017,1779.8414123800003,1747.1748943799998,1588.54671738,2326.05742118,1951.00803888,2872.27331038
19408,G06007311,high,False,16480.117,0.7130643653791515,8259.019661628128,7549.58516737524,8259.118248288132,8129.4292165881325,7499.748804688132,7152.296610588131,6568.9197379881325,6045.5166241881325
194203,G06007306,high,False,15838.31,0.8407500276235722,7845.015870899999,7181.607433999432,7845.088254050001,7720.900845449998,7117.992529249998,6832.269023249999,6260.64266945,5819.509064249999
19431,G06007313,high,False,15574.46,0.8407500276235722,7752.239404870001,7105.183181049433,7752.29275325,7629.512444349999,7033.250040749998,6762.918468149999,6194.307427949999,5773.646012349999
194420,G06007307,medium,False,4758.782999999999,0.8407500276235722,1989.5057670381368,2037.4110911452417,1989.5070733481323,1952.662112048132,1773.7169720481322,2464.387281648132,2080.340143148132,2939.203435048132
194478,G06007326,high,False,11483.125,0.7130643653791515,5653.085334918129,5264.889235065239,5653.136601888131,5562.126079288131,5120.250032488131,5205.506957288131,4705.144767388131,4757.9494853881315
194670,G06007316,high,False,8591.749,0.7130643653791515,4054.0569317581335,3852.9997440852426,4054.090485688132,3986.835252788132,3660.272712988132,4010.937642588132,3561.6102494881316,3967.717302788132
194788,G06007315,high,False,12776.346,0.7130643653791515,6244.34929542813,5773.524360875243,6244.382614488131,6144.6191948881315,5660.189168388131,5647.267360988131,5128.0713221881315,5050.030548488132
194809,G06007316,medium,False,6638.582,0.7130643653791515,3013.826446678133,2938.533901945243,3013.8415524881325,2962.030822788132,2710.440159088132,3233.8154477881317,2817.6294780881326,3453.743039688132
194873,G06007313,high,False,5364.102000000001,0.8407500276235722,2306.5733785386383,2317.2226037653745,2306.5840582686415,2264.796780468641,2061.900780368641,2697.411824568641,2302.766664168641,3088.178722368641
19504,G06007323,high,False,20507.107,0.7130643653791515,10510.217728708132,9539.808095315246,10510.33650308813,10347.18694518813,9555.17195798813,8834.11662888813,8178.857747088131,7158.068487388131
19506,G06007323,high,False,8503.899,0.7130643653791515,4101.9802765081295,3906.056130895238,4102.043750888131,4034.051753788132,3703.9842385881325,4046.7014975881316,3595.8489584881318,3991.440269788132
19540,G06007330,medium,False,4314.4400000000005,0.7130643653791515,1820.63564287881,1893.4703657422665,1820.6490617888107,1786.7306547888106,1622.0477403888108,2345.598242688811,1967.8710003888107,2870.5236105888107
195417,G06007316,high,False,10484.139,0.7130643653791515,5057.866373608131,4734.33576341524,5057.869810288132,4975.74616598813,4576.805189888131,4760.854872488131,4279.519242188132,4463.752436088132
195478,G06007308,low,True,3790.009,0.8407500276235722,989.9897379749998,1037.5128074989996,989.9949037041,971.3953836531,881.0789277591001,1114.1958521720999,952.2859705581,1238.3834646741
1966,G06007313,high,False,4196.527,0.8407500276235722,1753.262157909488,1831.7445253893038,1753.2664396894902,1720.60822728949,1562.0165558894898,2299.5771814894897,1924.53720778949,2845.83960868949
196645,G06007317,medium,False,638.664,0.7130643653791515,263.2137386699992,525.6855138900005,263.21447852000006,258.26353932000006,234.22102552000004,1281.67178272,966.1690815200001,2300.12275522
196760,G06007322,high,False,2373.0280000000002,0.7130643653791515,1001.5872819300005,1175.248395690003,1001.5973820400002,982.8483922400001,891.80414784,1784.95860374,1439.81903104,2568.32259494
196821,G06007328,high,False,7812.22,0.8407500276235722,3644.7822147299958,3498.51335942943,3644.8189062499987,3583.0042617499994,3282.8295729499987,3694.3656155499984,3256.7414429499995,3743.9782660499986
197005,G06007329,high,False,864.736,0.7130643653791515,356.7500458400033,607.6533379200016,356.75099408,350.04236768000004,317.4625396800001,1345.2510728799998,1025.97069488,2333.74357168
197048,G06007315,medium,False,7403.722,0.7130643653791515,3438.6574364581334,3313.9065833252366,3438.685065688132,3380.5529950881323,3098.341577088132,3551.201071588132,3121.4630816881318,3663.670935588132
197122,G06007323,low,True,4044.673,0.7130643653791515,1099.2046970015988,1145.8369053529993,1099.2138613281,1079.1604974591,981.7786364840999,1198.6430543121,1033.6126352151,1298.0787265941
19713,G06007308,medium,False,3872.5119999999997,0.8407500276235722,1614.508077879996,1711.4514553600027,1614.5199315599998,1584.2186605600004,1437.1003384599999,2201.08581876,1831.12602206,2787.61594496
197219,G06007329,high,False,10749.810000000001,0.7130643653791515,5242.333350048133,4901.468288555234,5242.378986288133,5157.464685188132,4745.210018588132,4898.652856288132,4411.3852099881315,4554.977619588131
197279,G06007311,high,False,15015.839,0.7130643653791515,7437.884820048133,6822.322248495235,7437.937778488133,7320.416366988133,6749.9443998881325,6538.941815888131,5981.591187388133,5639.912922788132
197319,G06007312,low,True,4861.124,0.7130643653791515,1329.4570175957597,1369.7933272094197,1329.4679868596581,1305.4302886646583,1188.712347989658,1361.027378501658,1187.451498725658,1392.590723519658
197414,G06007314,medium,False,8036.105,0.7130643653791515,3776.307453998132,3610.6313248252395,3776.327402288132,3713.2003253881317,3406.623977988132,3803.422495288132,3362.9236192881317,3830.535421588132
197665,G06007312,high,False,5327.532,0.7130643653791515,2330.124999198133,2339.321161185241,2330.138816688132,2288.476613688132,2086.166853888132,2723.0367933881316,2328.666272688132,3115.889358088132
197742,G06007313,high,False,10427.656,0.8407500276235722,5026.993039000002,4712.175180239437,5027.030396249998,4944.695489149998,4544.895950849999,4727.010010949998,4245.27194645,4427.001251749999
197871,G06007316,medium,False,2824.2830000000004,0.7130643653791515,1202.1047504399971,1351.79402619,1202.11841089,1179.7430815899997,1071.1033237899999,1923.7459161899997,1570.8222396899998,2645.39776049
197914,G06007326,medium,False,6301.725,0.7130643653791515,2840.8269866681326,2787.369453815241,2840.839311488132,2791.608482288132,2552.470751288132,3104.555846388132,2693.8917273881316,3368.2638454881317
198067,G06007328,low,True,9442.09,0.8407500276235722,2819.366742679197,2823.5231303436003,2819.3822918414994,2772.679338418499,2545.864290301499,2464.6490966144993,2242.3576109834994,2109.9325721324994
198116,G06007326,medium,False,9780.112000000001,0.7130643653791515,4690.022252048133,4412.066293155236,4690.046480888132,4613.361960988132,4240.932778188131,4486.037281288132,4016.414334588132,4282.010464688132
198175,G06007316,medium,False,5240.082,0.7130643653791515,2284.6089180081312,2299.404602555241,2284.6257120881323,2243.6314491881317,2044.6027792881323,2689.036024088132,2296.1033326881316,3093.413521188132
198186,G06007310,high,False,6163.8150000000005,0.7130643653791515,2783.7342400481316,2738.9748820152395,2783.763595288132,2735.354570888132,2500.343441588132,3061.907786488132,2653.0656734881322,3340.047482988132
198250,G06007326,high,False,5486.077,0.8407500276235722,2425.550578848132,2424.4806890352406,2425.571285488132,2382.4862574881317,2173.288605388132,2794.319734788132,2396.897327888132,3163.060518988132
198293,G06007329,medium,False,13650.978,0.7130643653791515,6870.8062069281295,6342.222884755245,6870.88310688813,6761.770321788132,6232.083773388133,6115.21571388813,5576.004522788132,5359.7217310881315
198364,G06007308,low,True,10178.934000000001,0.8407500276235722,3093.9444497808,3095.162331435601,3093.9815058074983,3043.1714245694984,2796.560988196499,2669.786165716499,2438.7067654185,2245.6489816815
198648,G06007316,medium,False,4389.725,0.7130643653791515,1887.1204955000019,1951.259307649998,1887.1316541099998,1852.69685521,1685.4859329100002,2403.2282183099996,2024.3810286100002,2919.32839521
198668,G06007310,medium,False,3244.331,0.7130643653791515,1358.3508355899996,1487.4325760399995,1358.3644975300006,1332.89150193,1209.21789003,2027.2123792300001,1667.62877313,2696.05598283
19874,G06007316,high,False,15686.104,0.7130643653791515,7778.67945089814,7120.307912605242,7778.7220794881305,7656.17974398813,7061.160022788132,6793.53397318813,6225.400291188132,5808.200198888131
198897,G06007330,high,False,7142.8550000000005,0.7130643653791515,3291.411204408137,3183.3583463752343,3291.423523488132,3235.492310188132,2963.8835781881317,3441.189072288132,3016.146066088132,3590.923414588132
198934,G06007324,medium,False,1458.8799999999999,0.7130643653791515,608.5583688400002,828.9997191399996,608.5614486,597.1427940000001,541.6893874,1516.8113692999998,1187.4097486,2425.0674971999997
199106,G06007310,medium,False,1005.658,0.7130643653791515,434.64554700000116,678.1915530400009,434.65006774,426.55306364000006,387.22724553999996,1399.50855284,1077.25266694,2364.38810534
199205,G06007306,high,False,6646.954,0.8407500276235722,2961.9734303599917,2891.2441377394302,2961.9800746499996,2910.3103953499995,2659.396118849999,3184.318552649999,2768.422314649999,3406.580292049999
199378,G06007312,low,True,489.76000000000005,0.7130643653791515,133.11219845070002,203.63012483100005,133.112641032,130.633673814,118.58358626100002,531.973261353,404.699294577,930.844656564
19944,G06007324,medium,False,11490.283,0.7130643653791515,5640.446309938126,5251.626298465233,5640.4439348881315,5549.670743688132,5108.702228188131,5196.095581188132,4696.139482488131,4751.691480888132
199829,G06007317,high,False,4911.697,0.7130643653791515,2220.0910650399987,2248.2207163700004,2220.12343929,2181.0212085899993,1991.1969224900001,2656.8923322899996,2268.04966819,3093.72014719
199923,G06007330,high,False,4212.657999999999,0.7130643653791515,1769.2667267800002,1847.2721528100008,1769.27944661,1736.30858361,1576.2135210099998,2310.31960101,1934.6237296099998,2851.34249361
199935,G06007308,medium,False,2394.3770000000004,0.8407500276235722,1033.6441266910215,1205.5217226502616,1033.6576567010181,1014.4487820010177,921.181081101018,1809.2546770010179,1463.1341464010181,2584.9000564010175
199950,G06007310,medium,False,5495.455,0.7130643653791515,2428.1725062981363,2426.391072745241,2428.191047088132,2385.0619186881318,2175.6796094881315,2796.287866788132,2398.7697229881323,3164.3665690881317
199977,G06007302,high,False,10408.877,0.8407500276235722,4819.002320396269,4526.43377053105,4819.053114326266,4737.280402526265,4340.242155326266,4528.601954726265,4048.108743026265,4238.111064626265
200050,G06007313,high,False,9572.440999999999,0.8407500276235722,4526.30919197,4266.932792869428,4526.337957449999,4451.431870249999,4087.754671249999,4352.99131265,3887.1969717499996,4179.590986149999
200144,G06007316,medium,False,4400.238,0.7130643653791515,1867.7138471994906,1934.2892092398747,1867.726766139491,1833.2075093394913,1665.5941724394913,2382.3978917394907,2003.372589839491,2897.054796439491
200216,G06007325,high,False,4568.860000000001,0.8407500276235722,1923.4250751910172,1982.4385938802598,1923.440379711018,1887.6983539110183,1714.145565211018,2417.256328611018,2035.606228011018,2911.061122311018
200425,G06007301,low,True,8514.725,0.7130643653791515,2546.8171603611245,2558.83037927667,2546.835575059523,2504.566072063523,2299.3273010535227,2267.822884846523,2055.062593048523,1988.846364508523
200446,G06007328,medium,False,7377.646,0.7130643653791515,3390.4689450399983,3272.10323979943,3390.4964736499987,3332.4419545499986,3050.6128128499986,3504.407165749999,3074.8350774499986,3618.363396049999
200790,G06007301,high,False,13016.963,0.7130643653791515,6445.69391402813,5959.086918715244,6445.766929088131,6342.995178788131,5843.998858788133,5797.617264888131,5272.026715888132,5149.548207188132
200987,G06007301,medium,False,7633.668000000001,0.7130643653791515,3547.590667928133,3408.157977035238,3547.614972488132,3487.879240388132,3197.812140388132,3632.568230088132,3199.372457188132,3717.4854772881317
201134,G06007328,medium,False,7102.7119999999995,0.8407500276235722,3225.394430100003,3125.2687258394326,3225.4144742499993,3169.8222205499997,2899.9163410499987,3381.114347649999,2956.812771849999,3536.752299849999
201208,G06007312,high,False,11297.427,0.7130643653791515,5508.068425558133,5132.370791125244,5508.116307088132,5419.2661922881325,4987.884258788132,5097.190194388131,4601.4754926881305,4686.228295588133
201259,G06007322,high,False,10786.141,0.7130643653791515,5345.999000318145,5002.268908505248,5346.047907888133,5259.605217988132,4839.820410088132,4976.058532288131,4485.514552588131,4606.217834888132
201391,G06007314,medium,False,10964.348,0.7130643653791515,5365.166184308127,5010.542375135241,5365.220401488132,5278.481148388131,4857.3663706881325,4990.406773688132,4499.230371088132,4615.669789488132
201401,G06007322,high,False,11715.113000000001,0.7130643653791515,5751.775975608132,5348.83089763524,5751.8126336881305,5659.377382288132,5210.406248588131,5279.216124188131,4775.8088646881315,4806.594547488132
201420,G06007327,high,False,35029.48,0.7130643653791515,18360.41423284815,16453.13497845524,18360.581878288132,18080.97883948813,16723.00996578813,14698.660836388131,13793.29085738813,11036.972052388131
201525,G06007326,low,True,7762.303999999999,0.7130643653791515,2272.404298202723,2288.1736272326702,2272.414083211523,2234.228815405523,2048.7852874365226,2062.8263066895233,1858.826893108523,1853.2219176345234
201701,G06007302,high,False,16725.811999999998,0.8407500276235722,8244.845214576268,7544.287578411048,8244.934439726267,8112.2727346262645,7468.256567126265,7087.956599326264,6498.1675795262645,5931.026955026265
20181,G06007325,medium,False,3401.513,0.8407500276235722,1406.0793140699984,1527.1267129600021,1406.0878263900004,1379.6557286900002,1251.3013431900001,2058.48718879,1696.84050529,2710.8655916899997
201946,G06007311,medium,False,4886.019,0.7130643653791515,2085.1539158988116,2121.1190998622706,2085.1456486688103,2047.3425038688104,1863.7115034688106,2543.603733768811,2157.4767965688106,3001.9725434688107
202045,G06007308,medium,False,7988.853999999999,0.8407500276235722,3771.56040915,3613.5288008694283,3771.594142249999,3707.888221949999,3398.5530699499986,3789.0878986499993,3347.380028149999,3806.6828527499983
202238,G06007326,medium,False,4286.276,0.7130643653791515,1810.0718671299987,1882.4984528900004,1810.0822178999997,1776.6156392999997,1614.1027043999998,2342.6438860999997,1965.8719431999996,2875.1878533
202352,G06007324,high,False,14270.317,0.7130643653791515,7038.834997098134,6471.253252825241,7038.868513488131,6927.2990758881315,6385.584718088132,6240.805933788131,5696.225805788131,5442.687584288132
202406,G06007313,low,True,8294.923999999999,0.8407500276235722,2419.7916782528932,2431.5511787766063,2419.802151385499,2379.0290630714994,2181.0391019235,2166.1625741474995,1956.609574675499,1912.4675000204995
202454,G06007312,low,True,2423.326,0.7130643653791515,639.0244666323027,696.3697409270013,639.0279794933998,627.0423810084,568.8551526084,875.9882352233999,728.2908582023999,1112.9559298674
202467,G06007302,medium,False,5592.684,0.8407500276235722,2324.957073639475,2333.3521826792994,2324.9702859294903,2281.3758094294903,2069.7081404294904,2685.0175563294897,2286.4907560294896,3045.00714972949
202696,G06007313,high,False,3302.7380000000003,0.8407500276235722,1423.979361731019,1548.3758263502577,1423.999478261018,1397.621374061018,1269.585072261018,2077.5760525610176,1716.0642984610179,2731.186976761018
202977,G06007313,medium,False,8937.581,0.8407500276235722,4189.235730050003,3970.8432061094295,4189.26284505,4119.367524049999,3779.9921820499985,4101.165131649999,3646.151332549999,4012.9943419499987
203023,G06007316,medium,False,1688.278,0.7130643653791515,731.9134035300017,940.5937683300003,731.9302419399999,718.29647714,652.1235968400001,1602.5683111399999,1268.43695464,2473.22993384
203249,G06007308,medium,False,6478.034,0.8407500276235722,2919.9235196410145,2857.791353340259,2919.9404998810187,2869.139606881018,2622.449582681018,3157.170893781018,2743.150370081018,3394.434993181018
203588,G06007314,high,False,9676.547999999999,0.7130643653791515,4755.90833615814,4484.276361505252,4755.976903488132,4678.278765188132,4301.047289088132,4535.226017388131,4063.502513888131,4314.605967788131
20362,G06007324,high,False,16439.53,0.7130643653791515,8307.06470879813,7599.159224585243,8307.152077888131,8176.721296688131,7543.520917588132,7188.210228788132,6603.1810073881325,6069.432375988132
205183,G06007325,high,False,11013.54,0.8407500276235722,5255.121019450003,4902.8089606294325,5255.131322449999,5169.425177449998,4753.221061449998,4897.476773549999,4408.434643449999,4539.725290549999
205234,G06007322,low,True,2623.215,0.7130643653791515,695.5335975168,752.1137733269995,695.5415538435001,682.5104840925,619.2527251365,914.6969213115,764.7615593175001,1133.8490631165
205449,G06007328,medium,False,17328.353,0.8407500276235722,8792.009157389999,8031.852644769431,8792.090052849999,8653.866715449998,7982.6130168499985,7539.701922649999,6937.936505749999,6287.4430948499985
205488,G06007311,medium,False,4170.396000000001,0.7130643653791515,1792.8921270000005,1869.4607670399998,1792.9079444600002,1760.10207886,1600.79666396,2336.74254096,1961.39981036,2880.5833467599996
205493,G06007326,low,True,7752.786,0.7130643653791515,2283.4351036527223,2300.768930428667,2283.4495861935234,2245.0963200675233,2058.853277053523,2071.063543711523,1866.716531095523,1858.672347136523
205580,G06007316,medium,False,3025.883,0.7130643653791515,1260.962700629998,1401.2336610600005,1260.97089209,1237.30331289,1122.3893277900002,1960.5509648899997,1604.8388308899998,2660.10379729
206045,G06007314,low,True,6814.148000000001,0.7130643653791515,1944.6861997635306,1966.7994019766695,1944.6835478415233,1911.372542281523,1749.5629309545232,1818.0056983635232,1624.473229522523,1691.257899607523
206068,G06007313,low,True,5753.468000000001,0.8407500276235722,1670.8542081976693,1704.4184462741032,1670.8687168078693,1642.235589704869,1503.2078840278689,1624.196406299869,1440.7340476558693,1577.5836752698692
206277,G06007301,high,False,3245.8720000000003,0.7130643653791515,1352.2080630899993,1481.1795030699996,1352.21644356,1326.83422906,1203.59392766,2022.58593516,1663.1875520600001,2692.93811066
206293,G06007307,medium,False,6646.044,0.8407500276235722,2988.1485006299945,2917.4733439494316,2988.1693200499994,2936.1036974499984,2683.2958490499996,3203.8615284499992,2787.1483438499995,3419.500701449999
206319,G06007322,medium,False,5425.719999999999,0.7130643653791515,2379.084264148129,2381.9211087352437,2379.0952242881317,2336.7065961881317,2130.868164388132,2759.617178688132,2363.677859588132,3140.089318588132
20637,G06007315,high,False,6359.474,0.7130643653791515,2892.6715878981317,2835.2055459452404,2892.696743688132,2842.673328188132,2599.8015062881323,3143.292491488132,2730.9665104881315,3393.893869188132
206424,G06007308,high,False,10693.127,0.8407500276235722,5103.380271260001,4772.014714359432,5103.414884049998,5019.953089649999,4614.685990949999,4784.091872949999,4299.92483845,4464.706608249999
206502,G06007311,low,True,4704.469999999999,0.7130643653791515,1257.1619389675297,1297.9019213244987,1257.1650230317302,1234.0716335377301,1121.92382097073,1304.7633256807303,1133.1901891927303,1352.3287872487304
206558,G06007313,medium,False,8308.052,0.8407500276235722,3868.1178906899913,3690.221106969431,3868.1416300499986,3803.013836549999,3486.7734730499988,3861.263428649999,3416.4818914499992,3854.335538549999
206691,G06007326,high,False,7482.025,0.7130643653791515,3513.1148182481334,3382.92441693524,3513.1372176881323,3453.918278488132,3166.290043888132,3606.775559688132,3174.683307188132,3700.490516488132
206827,G06007302,high,False,13856.358,1.0497359105206039,6644.926607966263,6129.857545561053,6644.970414726265,6536.105874926266,6007.423278826264,5892.695577626266,5353.935587826265,5140.431228626265
206877,G06007324,high,False,11777.175,0.7130643653791515,5832.54939280814,5425.355181135239,5832.622101488132,5738.940448588133,5284.114120888133,5339.543105888131,4833.491675988132,4846.6124174881315
206938,G06007329,medium,False,5948.052,0.7130643653791515,2695.7890549291506,2664.2903920955005,2695.8114020291505,2648.75058552915,2420.2502480291505,2996.880362629149,2590.9176020291497,3297.98458822915
206979,G06007301,high,False,4442.880999999999,0.7130643653791515,2107.978441959999,2154.160037239997,2107.9962817200003,2072.04854712,1897.3708380199998,2598.04381302,2215.9477177199997,3088.2084172200002
207186,G06007327,medium,False,3613.831,0.7130643653791515,1492.5102728000024,1602.722275970002,1492.5140615300002,1464.45361193,1328.18420393,2117.15307833,1751.98960103,2741.75198873
207455,G06007327,high,False,12438.309,0.7130643653791515,6241.800510518133,5791.429716485247,6241.872918488132,6142.10593008813,5657.7543552881325,5645.295660188131,5126.1674673881325,5048.882655988132
207541,G06007314,low,True,9430.951000000001,0.8407500276235722,2832.3829610169223,2834.9466266346703,2832.398449579523,2785.896306262523,2560.0872718185233,2481.168230248523,2259.3106015515227,2129.9326770225234
207545,G06007322,high,False,10184.685,0.7130643653791515,4953.183399128138,4648.5297678752395,4953.214987288131,4872.607896588132,4481.176523688131,4682.623576788132,4204.584906988132,4412.106962688132
207690,G06007316,low,True,5425.561,0.7130643653791515,1493.3734062711228,1528.0404357926673,1493.3792368455233,1466.756213761523,1337.4699302085232,1480.8362612625228,1301.681476147523,1468.2697838445233
20783,G06007302,high,False,8805.923999999999,0.8407500276235722,4063.13312476728,3870.4043396418797,4063.179579037284,3992.9495334372837,3651.954566537284,3969.5647502372835,3513.8544353372845,3876.0559663372837
208059,G06007330,low,True,3834.7490000000003,0.7130643653791515,1027.9683907037995,1075.0720317819996,1027.974743775,1009.0871107379998,917.38723734,1147.332440487,984.8043190829999,1266.692725995
208119,G06007323,medium,False,5826.204000000001,0.7130643653791515,2616.21449039915,2588.7924426860714,2616.228685999151,2570.937428799151,2350.876739499151,2946.8684908991513,2544.6728154991506,3277.528714899151
208255,G06007315,medium,False,2370.7430000000004,0.7130643653791515,991.776391359999,1165.5233763900012,991.78805349,973.18006879,882.87026059,1777.7013589899998,1432.87090089,2563.60919389
208445,G06007312,medium,False,7070.450000000001,0.7130643653791515,3317.3451644281336,3213.6898463752414,3317.3716774881323,3261.052663088132,2987.5344487881316,3460.530466488132,3034.6791189881314,3603.751337888132
208471,G06007314,high,False,8581.322,0.7130643653791515,4166.3119865691515,3964.6092314254993,4166.36472691915,4097.48186531915,3763.0196877191506,4095.7132772191503,3642.9070915191496,4025.20770781915
208606,G06007308,high,False,3311.4809999999998,0.8407500276235722,1365.850529229998,1491.5844917999962,1365.8582294300002,1340.1703237299998,1215.4335219299999,2030.9484788299999,1670.8950144300002,2696.00593863
208652,G06007327,medium,False,8945.633,0.7130643653791515,4200.542346228131,3976.600955515242,4200.558781288131,4131.138453988131,3794.018517488132,4120.3754984881325,3666.3485155881317,4040.1357201881315
208699,G06007325,high,False,5878.252,0.8407500276235722,2622.480693370002,2600.90577520943,2622.503892049999,2575.859411649999,2349.3822487499992,2930.664810649999,2525.608221149999,3238.8416815499986
208735,G06007311,high,False,16715.878,0.7130643653791515,8141.737267528129,7416.72283501524,8141.705405488132,8013.807468288131,7392.665995988133,7064.809266788132,6485.0084793881315,5987.678150588132
208774,G06007315,medium,False,6238.228,0.7130643653791515,2807.5101776981305,2758.06661828524,2807.528732888132,2758.778410688132,2522.0577139881316,3079.678266988132,2670.075713188132,3351.791340288132
208813,G06007325,high,False,18084.129,0.8407500276235722,9058.367897049997,8250.03836266943,9058.407492049999,8916.28916805,8225.90629205,7738.697171649998,7128.533614549999,6418.9105952499995
208923,G06007326,low,True,4060.7870000000003,0.8407500276235722,1054.4826793595769,1099.45525882451,1054.4839293929786,1034.6551732499786,938.3619704189788,1157.7089206349788,993.1486961159785,1260.9015666059786
209001,G06007311,medium,False,10442.96,0.7130643653791515,5070.8699303281355,4749.873054975238,5070.901452888133,4988.552881688132,4588.647759188132,4770.549166588131,4288.757218388131,4470.248494488132
209356,G06007314,medium,False,6525.023,0.7130643653791515,2961.2445569381302,2893.4099721852376,2961.2718986881323,2910.2354628881317,2662.438338188132,3194.526054988132,2780.0321436881322,3427.7411335881316
209362,G06007323,low,True,5462.446,0.7130643653791515,1538.1395848851857,1574.1831786423397,1538.1522301065856,1511.0547136395855,1379.4802644165857,1517.6055773385856,1337.4447762825857,1497.0781231905858
209387,G06007326,low,True,8249.445,0.7130643653791515,2423.9494826430227,2434.6553788516685,2423.9573481615234,2383.524213391523,2187.166806271523,2176.049954947523,1967.219034826523,1928.0954440965234
209464,G06007306,medium,False,7745.197999999999,0.8407500276235722,3620.815084100005,3478.8547646194315,3620.847752849999,3559.380816849999,3260.9332433499985,3676.4898021499985,3239.587544349999,3732.171053249999
20948,G06007315,low,True,3220.951,0.7130643653791515,842.5600365167996,894.113553515002,842.5646927018998,826.7398634438999,749.8979615169001,1014.0462187239001,858.0995486859,1185.5091220719
209680,G06007330,medium,False,3911.937,0.7130643653791515,1647.6783061089784,1739.983891619166,1647.6914038389812,1617.1585699389811,1468.9059296389812,2230.258110438981,1859.8120941389811,2812.791277238981
209773,G06007308,low,True,7222.552000000001,0.8407500276235722,2075.5029187997998,2097.333232021601,2075.520228043499,2039.8493990384993,1866.670617955499,1908.9457386284994,1710.3724971554989,1742.3482107434995
209862,G06007317,low,True,11062.903,0.7130643653791515,3346.973430619225,3333.2875374296686,3346.980956983523,3292.8464530005226,3029.9673297525223,2865.630694963523,2627.3547955935232,2384.195753635523
209976,G06007322,high,False,5805.094,0.7130643653791515,2585.7663905886375,2564.1566150253675,2585.777478818641,2540.336532818641,2319.6087252186408,2914.094352018641,2511.5829538186413,3242.402116118641
209986,G06007315,high,False,11502.38,0.7130643653791515,5635.309950458139,5246.1143307852435,5635.3453100881325,5544.622580688132,5104.041451888132,5192.233072688132,4692.464439888132,4749.122459288132
210288,G06007316,medium,False,2745.468,0.7130643653791515,1129.1155401100038,1283.768566930003,1129.11585984,1107.86977774,1004.68954734,1869.86779644,1519.34239054,2610.58229794
210472,G06007317,high,False,2095.335,0.7130643653791515,914.5549742500004,1101.0920209899978,914.5683527000001,897.6972561,815.785807,1730.0122571,1388.9155653,2545.5040245
210774,G06007325,medium,False,7111.660000000001,0.8407500276235722,3287.031467730003,3185.8804679894333,3287.0555432499996,3230.5569841499982,2956.1561142499986,3427.1133481499983,3000.8690630499987,3567.233716649999
210923,G06007306,low,True,1881.08,0.8407500276235722,515.5584437178004,578.5621926840023,515.5634205539999,505.97251210800005,459.38608064999994,793.258889565,650.7120101339999,1070.97998496
210956,G06007302,low,True,5489.895,0.8407500276235722,1450.5729023457038,1488.254587644603,1450.5913030580994,1423.4329673990994,1291.5608185430995,1428.9515706800994,1248.6774994040993,1407.2939457980995
211224,G06007308,low,True,6037.734,0.8407500276235722,1739.2588649299685,1774.4578534671045,1739.2731060106692,1708.8601001986692,1561.1449065796687,1662.1470396526688,1474.867274821669,1585.071188704669
211226,G06007312,low,True,3498.4390000000003,0.7130643653791515,936.5901455547007,987.1478630789998,936.5978945357999,919.2492268848001,835.0063186248001,1082.1299663208001,922.9110564378,1227.6671010378
211354,G06007311,high,False,9098.330999999998,0.7130643653791515,4284.088868328137,4050.26204443524,4284.095835488131,4213.435527988131,3870.299851288132,4182.819227988131,3726.1058939881323,4081.4297223881317
211427,G06007302,medium,False,6371.791,0.8407500276235722,2758.2008684481316,2716.454653075808,2758.220879018133,2708.1556017181333,2465.048676418133,3008.0127643181327,2595.5837671181334,3257.8246017181327
211456,G06007327,medium,False,4854.834,0.7130643653791515,2089.060934828643,2128.2917418053703,2089.0693337186412,2051.0066584186407,1866.1741214186407,2543.3304097186406,2156.6859472186406,2997.574104318641
211479,G06007322,low,True,5977.595,0.7130643653791515,1669.9004768616207,1699.3054441896686,1669.9042622355232,1640.6617046325232,1498.6576428315234,1612.7229594015234,1427.9356337085233,1555.4950419225233
211530,G06007317,medium,False,7170.753000000001,0.7130643653791515,3313.7052863581334,3203.990610245241,3313.731951088132,3257.455511388132,2984.244927688132,3457.8480515881324,3032.0870289881314,3601.940926788132
211642,G06007311,high,False,17382.697,0.7130643653791515,8760.002876288134,7991.521631515243,8760.078718688132,8622.935738988132,7957.123677388132,7526.614309188131,6927.155347088133,6293.198480688132
211966,G06007311,high,False,8899.662,0.7130643653791515,4185.935631938131,3964.733338325239,4185.947467688131,4116.7328726881315,3780.659892088132,4109.4824763881315,3655.876407488132,4032.9684399881316
2128,G06007306,high,False,4857.829,0.8407500276235722,2045.4799639981272,2088.8046847452447,2045.4919908681316,2007.581811968132,1823.496481068132,2502.338143768132,2116.024707568132,2959.143882768132
213132,G06007325,high,False,12575.008000000002,0.8407500276235722,6161.755636659999,5708.833377159432,6161.81971825,6062.63319375,5581.042018949999,5574.743531249998,5056.836409749999,4987.706666549999
213550,G06007302,high,False,6119.018,0.8407500276235722,2672.4697481583007,2637.976349802707,2672.481621998303,2624.7920421983026,2393.2210425983026,2962.750061298303,2555.4070167983027,3253.0607059983026
213624,G06007310,medium,False,6787.775,0.7130643653791515,3089.011436318133,3003.982488865238,3089.0265820881323,3036.0944423881324,2779.087136588132,3289.986872688132,2871.395390888132,3490.9042118881316
213909,G06007322,high,False,14285.387,0.7130643653791515,7078.211603828129,6509.685186935241,7078.248934488132,6966.114658888131,6421.5403639881315,6270.1877571881305,5724.412189888132,5462.097726488131
213974,G06007324,low,True,2315.676,0.7130643653791515,675.7907887142997,736.1219255249986,675.7940089152,663.9095801141999,606.1449547691999,914.3025395412,766.8228088092001,1152.8654420652
213987,G06007330,high,False,2864.122,0.7130643653791515,1173.8011077999997,1322.4196949799991,1173.80074346,1151.70122786,1044.3557333600002,1899.9390236599997,1547.5755011600002,2626.0488794599996
21402,G06007326,high,False,12303.651999999998,0.8407500276235722,5984.293956278141,5543.882755125234,5984.316085688131,5888.432893388132,5422.748322288131,5452.968347088132,4942.111264288132,4921.484361788132
214065,G06007317,low,True,3001.215,0.7130643653791515,782.7712412999789,835.4843313249088,782.7740621816791,768.0734933126795,696.6771874016792,973.3593644756793,819.8295936146792,1163.9220035276794
21436,G06007323,high,False,6305.210999999999,0.7130643653791515,2832.438463128136,2778.5269071752414,2832.446155488132,2783.325668988132,2544.809803488132,3098.315809688132,2687.892209388132,3364.1361964881316
214367,G06007323,medium,False,5705.639,0.7130643653791515,2541.6605718081323,2526.355627935243,2541.6803458881323,2496.867660788132,2279.303778988132,2881.070800288132,2479.9357572881318,3220.442794788132
214381,G06007310,high,False,7243.075,0.7130643653791515,3347.818082328132,3233.3338699152405,3347.831098488132,3291.067985988132,3015.3846379881315,3483.3174469881315,3056.4829658881317,3618.795780188132
214685,G06007327,high,False,12956.228,0.7130643653791515,6355.76281472813,5873.275475035236,6355.8005532881325,6254.389340288131,5761.885397488131,5730.460824688133,5207.695769088131,5105.1403076881315
214743,G06007324,high,False,7883.51,0.7130643653791515,3710.530154828129,3554.6429352752452,3710.5585504881315,3648.3904100881323,3346.5660030881318,3754.301738988132,3315.8880340881315,3798.0338399881316
214758,G06007308,high,False,11956.806999999999,0.8407500276235722,5879.816925769997,5466.31138706943,5879.886759049998,5784.876142149998,5323.582843049999,5364.097282449999,4855.185963749999,4848.4105344499985
214892,G06007326,high,False,6590.379000000001,0.7130643653791515,3007.047883288132,2934.763239975239,3007.0740640881327,2955.3498639881323,2704.238365788132,3228.7463976881318,2812.761922488132,3450.4182562881315
214894,G06007326,high,False,7458.751,0.7130643653791515,3476.810849658132,3348.306055425242,3476.835770488132,3418.143132888132,3133.1611958881317,3579.682885588132,3148.731048988132,3682.5431055881318
214952,G06007328,high,False,7977.914,0.8407500276235722,3722.5274447200027,3565.552129459433,3722.5465518499987,3659.5859799499985,3353.805779649999,3752.4709618499983,3312.331442649999,3782.4275952499984
215013,G06007315,low,True,2882.116,0.7130643653791515,758.1552534233986,812.4564592480009,758.1616726824001,743.9363341703998,674.8727325354,956.9374732434001,804.4326901433999,1155.6987019674
215112,G06007329,high,False,8641.886,0.7130643653791515,4139.177831808643,3934.000697825368,4139.2113622386405,4070.7613040386404,3738.288902738641,4075.511888438641,3623.5799049386414,4011.9123848386407
21514,G06007324,low,True,3334.298,0.7130643653791515,890.4579367257002,942.1662029989994,890.467300044,873.9261941130002,793.617175953,1049.796646446,892.3179409589999,1209.133319748
215284,G06007316,medium,False,5286.163,0.7130643653791515,2304.798863128131,2316.662489535241,2304.8130658881323,2263.523507788132,2063.039183788132,2704.1184052881317,2310.544100088132,3103.387426788132
215979,G06007324,medium,False,14540.502,0.7130643653791515,7239.5504612781315,6654.820941165244,7239.615772088131,7125.063098888131,6568.8510553881315,6390.715592688133,5839.773439588132,5541.845253188132
216014,G06007316,medium,False,5095.641,0.7130643653791515,2205.403797318133,2228.878678635241,2205.420203938132,2165.688751538132,1972.7564682381321,2631.1880264381316,2240.988606338132,3056.915594438132
216040,G06007301,medium,False,14180.449999999999,0.7130643653791515,7139.16931943813,6576.413575525239,7139.226588888132,7026.165214388131,6477.117638588132,6315.677793688132,5767.9423147881325,5492.3100140881315
216173,G06007310,medium,False,8522.166,0.7130643653791515,4022.4020991681296,3825.6222360152374,4022.430241888132,3955.639308688131,3631.3501760881313,3987.297628988132,3538.947613088132,3952.1168402881317
216395,G06007315,high,False,6678.94,0.7130643653791515,3051.790546018128,2973.706194365244,3051.805223888133,2999.436486788132,2745.089711088132,3262.156411788132,2844.7708470881316,3472.510733588132
216749,G06007323,medium,False,364.43999999999994,0.7130643653791515,150.31903648000093,426.82439936000037,150.31941719999995,147.49255879999995,133.76422839999998,1204.9715288,894.0330164,2259.6204147999997
216838,G06007322,low,True,8840.962,0.7130643653791515,2626.874376297021,2633.00078119767,2626.8841609215224,2583.423502624523,2372.432024269523,2327.6502483795234,2112.318751567523,2028.4131853335232
216950,G06007330,high,False,5320.512000000001,0.7130643653791515,2405.913596919829,2409.0070249030996,2405.93537959983,2363.9175375998298,2159.89303219983,2792.88420609983,2397.75202499983,3179.88140629983
217467,G06007311,medium,False,10502.032000000001,0.7130643653791515,5077.6933206381345,4753.13094340524,5077.725018888132,4995.275004588131,4594.893247988131,4775.6556512881325,4293.641181588132,4473.611427888132
217774,G06007308,medium,False,13049.864000000001,0.8407500276235722,6422.871938480001,5939.246767339432,6422.931673449999,6319.86894265,5819.442298749998,5769.824116449999,5243.557872349999,5116.775007649999
217799,G06007311,low,True,4131.132,0.7130643653791515,1098.8561211074998,1144.3185800060007,1098.8629005753003,1078.5002869683,979.6311686763001,1193.0585931543,1027.3640135043001,1287.2464233333003
217910,G06007324,medium,False,2888.467,0.7130643653791515,1165.9522780399977,1308.2920620499983,1165.93751737,1144.5139426700002,1040.4925955699998,1903.71055977,1552.76328747,2641.4655307699995
217945,G06007314,medium,False,7234.102,0.7130643653791515,3354.988928998121,3241.441068405235,3355.0261638881325,3298.143512088132,3021.9617122881323,3488.6746694881317,3061.6445952881313,3622.284520188132
218078,G06007325,low,True,8574.972,0.8407500276235722,2569.6769086170034,2585.237901931604,2569.702690705499,2526.7085290124987,2317.874942407499,2278.0926581474996,2063.7974488394993,1986.5261956334994
218224,G06007317,medium,False,4528.031,0.7130643653791515,1921.1555269393193,1981.3241334824002,1921.17352102932,1885.63997592932,1713.1235754293202,2418.62408252932,2037.4288269293195,2916.0579583293197
218425,G06007317,low,True,7384.357,0.7130643653791515,2159.7881093070228,2180.126926435667,2159.806990123523,2123.286380515523,1945.9615217415228,1978.690798309523,1778.293118164523,1797.5617678515232
218619,G06007317,low,True,8533.054,0.7130643653791515,2537.059026246018,2547.6752742596673,2537.0845975995235,2494.967927752523,2290.455879634523,2260.5330159315236,2048.128677724523,1983.9530777115233
218729,G06007326,high,False,7579.734,0.7130643653791515,3516.578209758128,3380.7914049852384,3516.608365288132,3457.3341345881317,3169.510737588132,3609.3958417881317,3177.2112565881325,3702.1299203881317
218827,G06007330,medium,False,7543.975,0.7130643653791515,3490.1199731781307,3356.315758385236,3490.1338770881316,3431.245025588132,3145.3267733881316,3589.6584203881316,3158.2565600881317,3689.122094888132
218882,G06007314,low,True,971.201,0.7130643653791515,249.0021119816995,315.1670061819998,249.00222704490002,244.30507310790009,221.49987843690008,610.1052149919001,478.06418891190003,971.2077848709
219166,G06007326,low,True,2482.878,0.7130643653791515,647.940779388,704.3216022640032,647.9426951802001,635.7690355842,576.6473682522001,881.6078667612,733.5027306822,1115.2534874262
219189,G06007313,low,True,6482.386,0.8407500276235722,1860.8001883824197,1891.919593892691,1860.82359560402,1828.33578086702,1670.6212813650202,1748.5628406360202,1556.8407801150197,1636.33656021302
219231,G06007301,high,False,10582.875,0.7130643653791515,5082.720309628134,4753.030617075239,5082.746379088132,5000.2379697881315,4599.534620188131,4779.405815488131,4297.316407688131,4475.980986788132
219406,G06007306,high,False,10030.075,0.8407500276235722,4749.569869429998,4460.689074669429,4749.590387649999,4671.376085049998,4291.6080192499985,4519.787879749999,4046.8611411499996,4289.924949749999
219467,G06007323,medium,False,6919.76,0.7130643653791515,3210.890443488132,3117.2494454752396,3210.928826688132,3156.172446988132,2890.3506795881317,3381.014598688132,2958.537033988132,3551.1518713881314
219673,G06007315,medium,False,6842.063,0.7130643653791515,3124.0946717281336,3035.626704795244,3124.1113384881314,3070.658275088132,2811.122954988132,3316.201436788132,2896.492030888132,3508.234860888132
219679,G06007326,medium,False,6521.687000000001,0.7130643653791515,2950.143713848129,2882.422441215243,2950.142457488132,2899.296680088132,2652.290534588132,3186.2445968881316,2772.094853288132,3422.268140088132
219781,G06007323,high,False,3344.5209999999997,0.7130643653791515,1388.172213630002,1512.132897580002,1388.17901903,1362.1038305299999,1235.49208593,2046.7077505299999,1685.8191008299998,2705.20402513
220046,G06007306,high,False,6556.121,0.8407500276235722,2926.689139652207,2860.8708594068517,2926.696716992205,2875.6644613922044,2627.785828592205,3159.7462073922047,2745.205746292205,3392.8109305922044
220073,G06007315,high,False,10711.356,0.7130643653791515,5349.574902248134,5010.534067995244,5349.645229888132,5263.130256488132,4843.072145388132,4978.716435088132,4488.059954988132,4607.996682288132
22082,G06007326,high,False,16472.456,0.7130643653791515,8241.380251288132,7531.749549935241,8241.438561488132,8112.012500888131,7483.601442688132,7139.169314988132,6556.271647888131,6036.890572088132
22130,G06007311,high,False,18582.401,0.7130643653791515,9480.488947098132,8634.107268205233,9480.589107088132,9332.739316088131,8614.93532718813,8064.822287288132,7442.396364888132,6649.260491488132
221614,G06007301,low,True,8990.071,0.7130643653791515,2677.5166650675214,2682.870221342667,2677.525966639523,2633.3278961145224,2418.685464628523,2365.479076675523,2148.556630657523,2053.405157821523
221816,G06007326,medium,False,5369.034,0.7130643653791515,2414.4588352496617,2417.430547736201,2414.4852885196597,2371.9652231196596,2165.5342857196597,2792.9799252196594,2396.7801767196597,3171.51237201966
221877,G06007317,high,False,3344.379,0.7130643653791515,1382.5230494100028,1505.3836295199967,1382.52507177,1356.66169077,1231.0732548700003,2044.6467757699997,1684.2025223699998,2706.75110387
221882,G06007329,medium,False,9840.734,0.7130643653791515,4694.479401368126,4412.770627615242,4694.500439888132,4617.740745088133,4245.018402188132,4489.400536988132,4019.6104127881317,4284.212944188132
22232,G06007312,low,True,2735.625,0.7130643653791515,752.2987515876007,809.4017610769977,752.3096513625,738.4808559555001,671.3687270744999,957.9686320245,806.3267001375,1163.6587261815
222519,G06007307,medium,False,8073.326,0.8407500276235722,3728.9772603600068,3566.3071641194324,3728.9980580499987,3665.935032049999,3359.734249349999,3757.3244121499993,3316.973292749999,3785.579195049999
222589,G06007327,medium,False,3061.797,0.7130643653791515,1293.2842019200016,1431.0736687699991,1293.2938957299998,1269.15461413,1151.9329584299999,1984.80901533,1628.08333253,2676.3313459299998
222674,G06007327,high,False,18290.913,0.7130643653791515,9181.992116068133,8355.493671275239,9182.07088648813,9038.673979788131,8342.484816388132,7841.874567888131,7228.996724088133,6501.646744488131
222720,G06007302,low,True,9116.028999999999,0.8407500276235722,2601.984660607244,2611.203410739735,2602.004395363547,2556.9315782175468,2338.076491522547,2275.1586006495468,2056.385356633547,1948.2853349745471
222773,G06007301,medium,False,4198.281,0.7130643653791515,1751.2434263189807,1828.8231435191692,1751.240024788981,1718.7268704889807,1560.7664864889807,2299.7705980889805,1925.0317329889808,2848.248683888981
22285,G06007311,low,True,2059.265,0.7130643653791515,577.1789041473011,638.2806938759988,577.1818008873,566.7853409253,516.2382102212999,840.9928270953,696.6987076803,1104.8330236263
222853,G06007327,medium,False,6910.465,0.7130643653791515,3252.057055858643,3158.42222715537,3252.108501058641,3196.7512126586407,2928.077141558641,3412.2112745586405,2988.484914058641,3572.4038897586406
223529,G06007314,medium,False,852.7389999999999,0.7130643653791515,359.75366007999963,611.2365363499996,359.75801337000007,353.02147117000004,320.31630167,1347.82586327,1028.49158357,2335.9003650699997
223584,G06007311,low,True,4510.636,0.7130643653791515,1191.1037436321249,1233.3124972456671,1191.1079345370233,1168.9865194380232,1061.5692744960231,1255.298939550023,1085.8179926160233,1319.4590412990233
223689,G06007328,high,False,4011.945,0.8407500276235722,1706.2646431210148,1794.5032626902625,1706.2784862510177,1674.5556254510177,1520.5044967510178,2268.5598700510172,1895.5537804510182,2830.8472835510174
223712,G06007315,high,False,14927.265,0.7130643653791515,7456.867969048129,6846.847128995241,7456.951526088133,7339.1368373881305,6767.262768988132,6553.074032188131,5995.163245488132,5649.277979188131
22372,G06007307,medium,False,2554.1169999999997,0.8407500276235722,1178.3434894010195,1336.1792597902572,1178.352536731018,1157.439063631018,1055.7973915310176,1924.6487766310179,1574.857810031018,2671.040038031018
223767,G06007310,medium,False,7932.200000000001,0.7130643653791515,3721.652305508122,3563.1910481752416,3721.6940068881327,3659.370678588132,3356.7612566881317,3762.5949294881316,3323.881846688132,3803.453936788132
223781,G06007316,low,True,5404.383,0.7130643653791515,1483.4465137662241,1517.9630108336705,1483.4538816855231,1456.9765631115229,1328.406179302523,1473.4171907505233,1294.5787344315231,1463.3662773765232
223825,G06007310,low,True,4700.813999999999,0.7130643653791515,1323.0493423118994,1360.9680637560007,1323.0500571225,1300.1120594595,1188.6990213104998,1373.2526544644998,1201.9993243725,1423.4761130595
223864,G06007302,medium,False,7218.022,0.8407500276235722,3172.228399118815,3073.664557572269,3172.211100278811,3116.344794878811,2844.89974177881,3322.5171675788106,2897.5719731788104,3472.6680405788106
223907,G06007327,medium,False,2700.975,0.8407500276235722,1121.3930979600016,1278.2956432899987,1121.3975804499999,1100.3358267499998,998.06201835,1865.3354178499999,1515.21568185,2609.2453373499998
223965,G06007307,medium,False,1835.207,0.8407500276235722,760.6487379700011,961.8684617600004,760.65100421,746.3606504100001,676.96263631,1619.95404421,1284.38255101,2479.23843861
224028,G06007323,medium,False,3512.34,0.7130643653791515,1455.4342832399998,1570.79203792,1455.4396179999999,1428.0916387000002,1295.2983353999998,2092.2833264,1728.6529142,2729.0959409999996
22422,G06007313,high,False,9413.408,0.8407500276235722,4435.394689569998,4186.407602829439,4435.422484649999,4361.871104049999,4004.75756105,4285.074224549999,3822.1985726499997,4134.635833449999
22430,G06007326,medium,False,9962.064,0.7130643653791515,4804.505178718129,4515.09380920524,4804.557995688132,4726.149597788131,4345.474163588133,4571.565393888131,4098.285282788132,4338.5785012881315
224422,G06007326,high,False,8080.079,0.8407500276235722,3845.6655584081286,3676.810784355241,3845.6916674881318,3781.528240188132,3469.9293636881316,3855.228164788132,3412.5188075881315,3864.825630988132
224505,G06007314,low,True,3638.286,0.8407500276235722,946.1349135818999,994.2644823230003,946.1387453994,928.3498018073999,841.9556823804002,1084.0948172634,923.9271741264,1222.0303220214
224650,G06007306,medium,False,5715.2210000000005,0.8407500276235722,2498.212766569999,2487.4680487094315,2498.2330860499987,2453.431801749999,2235.936379349999,2837.8464044499988,2436.738353849999,3177.429246049999
224714,G06007314,low,True,2412.734,0.7130643653791515,630.0111091742995,686.9034245289987,630.0140793786,618.1769248956,560.6983319615999,869.4443051076,722.0638139915998,1108.8597316326
224715,G06007325,high,False,6535.6990000000005,0.8407500276235722,2933.010760609999,2869.45800650943,2933.0349870499986,2881.784872549999,2632.944303449999,3162.663067049999,2747.7000989499993,3392.270345449999
224726,G06007322,high,False,12441.725,0.7130643653791515,6138.821142208137,5689.016248395241,6138.8765410881315,6040.658025688132,5563.7850616881315,5568.388422988131,5052.5499929881325,4997.942878688133
224912,G06007316,medium,False,630.3860000000001,0.7130643653791515,259.5079907900004,522.4053323300001,259.50835958,254.62655588000007,230.91666737999998,1279.1336770799999,963.77872278,2298.75258898
22492,G06007328,medium,False,9582.749,0.8407500276235722,4578.746171929992,4318.311384829433,4578.7798764499985,4503.1048093499985,4135.615522049999,4392.122978049999,3924.707166949999,4205.482101549999
22494,G06007317,low,True,4525.071,0.7130643653791515,1195.7400439098237,1237.9315803156703,1195.745133774323,1173.541738098323,1065.728586540323,1258.545221826323,1088.890294281323,1321.3157236923232
22531,G06007310,high,False,618.211,0.7130643653791515,255.1929264099999,518.7141950000009,255.1938441300001,250.39539062999998,227.09328653000003,1276.24935813,961.07473123,2297.29882903
225366,G06007328,low,True,2467.1009999999997,0.7130643653791515,645.5900835153014,702.2723524319993,645.5935918088999,633.4690288058999,574.5957151598999,880.1289743888999,732.1322433549,1114.6474466979
225425,G06007330,high,False,6867.0599999999995,0.7130643653791515,3159.860094488134,3069.755394115238,3159.8902482881317,3105.895662488132,2843.776594888132,3342.9134674881316,2922.069028488132,3525.906722188132
225483,G06007308,medium,False,3232.513,0.8407500276235722,1338.3692687999976,1468.060433710003,1338.37325919,1313.22046359,1191.08957129,2012.6276569899999,1653.7137469900001,2686.84222469
225537,G06007310,high,False,11065.479,0.7130643653791515,5335.645306298129,4974.211498665234,5335.664656288132,5249.372124288133,4830.408015588131,4968.373879388131,4478.090435488132,4601.129997188132
225628,G06007316,high,False,5298.5470000000005,0.7130643653791515,2329.8956058086374,2340.8486605753706,2329.921765848641,2288.256004648641,2086.0102264486404,2723.0351351486415,2328.679387148641,3116.122349248641
225838,G06007301,low,True,8190.313999999999,0.7130643653791515,2423.600009187923,2436.7926548246664,2423.6150469855233,2383.177162456523,2186.842207906523,2175.7897909035237,1966.9692681765227,1927.9262209305232
22584,G06007327,medium,False,4730.522,0.7130643653791515,2008.4218718381264,2055.725554995239,2008.4302378581317,1971.593658758132,1792.720588358132,2483.5668962581317,2099.5509901581318,2958.652003158132
225943,G06007315,low,True,5421.417,0.7130643653791515,1500.8194811157223,1536.4935805906675,1500.8305169895234,1474.094556388523,1344.268886491523,1486.3932062505232,1307.0087889705233,1471.9435563945233
226164,G06007326,medium,False,3627.1189999999997,0.7130643653791515,1509.0751058799992,1618.5435952300002,1509.08559697,1480.7498412700002,1343.17678507,2129.15450367,1763.41242577,2749.2052064699997
226171,G06007317,high,False,3660.2749999999996,0.7130643653791515,1520.781130089996,1627.5422507794297,1520.783370919999,1492.3542683199992,1354.3179949199991,2139.220259419999,1773.260281619999,2757.596108519999
226558,G06007312,high,False,2492.205,0.7130643653791515,1042.2453455599987,1209.78816555,1042.2534959500001,1022.70348435,927.78950115,1812.02054355,1465.15790845,2581.77437895
226569,G06007301,medium,False,4352.886,0.7130643653791515,1813.821257708981,1884.6761570791723,1813.8278219589808,1779.9764514589808,1615.5926720589807,2339.806851558981,1962.2051366589808,2865.738464958981
226664,G06007302,medium,False,11387.427,1.0497359105206039,5333.398188976268,4977.4621635510475,5333.441136526266,5244.022603626265,4809.9052117262645,4912.919582326264,4415.967842426265,4492.350887426264
226745,G06007308,high,False,10057.134000000002,0.8407500276235722,4763.637888069998,4473.25096664943,4763.6609534499985,4685.250398449999,4304.475884949999,4530.288698149999,4056.9592531499993,4296.818568549999
226771,G06007323,low,True,5848.112999999999,0.7130643653791515,1655.1365405895422,1687.9536112501578,1655.1403645131445,1626.1854053751442,1485.5168294811442,1602.7094577351445,1418.5395334281443,1550.2947670941444
226833,G06007313,high,False,4100.906,0.8407500276235722,1691.7732723805084,1776.9308714501292,1691.776651210509,1659.972856110509,1505.5253841105086,2252.6347781105087,1879.4217587105088,2813.461317710509
226855,G06007330,medium,False,5251.796,0.7130643653791515,2310.684120658133,2324.709218685238,2310.708962888132,2269.3278656881316,2068.408639088132,2708.4998023881317,2314.7541574881316,3106.2880411881315
226937,G06007314,high,False,4378.211,0.7130643653791515,1864.2268124699983,1929.5724874499977,1864.2330484400002,1830.10519644,1664.35537554,2385.4483147399997,2007.2460634400002,2906.65010984
227129,G06007314,medium,False,5082.130999999999,0.7130643653791515,2210.5245366881313,2235.4039834752407,2210.543972488132,2170.643637288132,1976.9526861881318,2633.689858988132,2243.116168888132,3056.812443488132
227135,G06007310,low,True,2908.65,0.7130643653791515,827.1317567771996,881.7576445159965,827.135523711,812.546380737,741.661891992,1019.5851308879998,866.2891757699999,1212.0793449
227152,G06007325,medium,False,6057.558999999999,0.8407500276235722,2685.0420571999985,2652.23994319943,2685.0641034499995,2637.4935194499994,2406.5229081499992,2977.412362249999,2570.351720849999,3269.7492640499986
2272,G06007301,medium,False,4053.3509999999997,0.7130643653791515,1720.8827893699972,1805.0929677100014,1720.8905089599998,1689.13286556,1534.9065556599999,2282.55061126,1909.4484319599999,2844.2023735599996
227323,G06007310,high,False,3422.151,0.7130643653791515,1426.2853823000007,1546.2606834499993,1426.29577213,1399.5267746299999,1269.54574793,2073.0106550299997,1710.63560343,2719.71434683
227441,G06007317,medium,False,3919.241,0.7130643653791515,1665.5012280800008,1759.0038595200008,1665.5221660199998,1634.4857083199997,1483.8336490199997,2239.7102214199995,1868.1905171199999,2813.9007814199995
227533,G06007330,high,False,12163.294000000002,0.7130643653791515,6007.33517884813,5575.415225035245,6007.382067288132,5911.127721888131,5443.722477488131,5470.156938688131,4958.525553288132,4932.960073888132
227567,G06007308,high,False,6703.219,0.8407500276235722,3058.96823916,2984.2627853394283,3058.987966049999,3005.8789212499987,2747.9286095499992,3256.7405073499995,2837.7781206499994,3454.518896649999
227692,G06007312,low,True,7036.365000000001,0.7130643653791515,2037.656284573223,2060.0819588616673,2037.6724821315233,2002.962723922523,1834.4388198075235,1887.4501025535233,1690.931562610523,1737.232218340523
227792,G06007310,medium,False,4737.361,0.7130643653791515,2055.424296439829,2098.5084205231014,2055.43948813983,2018.3400721398298,1838.2151691398299,2526.2058895398295,2141.6386056398296,2996.9763990398296
22787,G06007330,medium,False,3080.3179999999998,0.7130643653791515,1277.6522039799943,1415.162253879996,1277.65902234,1253.6570810399999,1137.1093399399997,1971.5010239399999,1615.06782494,2665.31389244
228001,G06007329,low,True,3616.7070000000003,0.7130643653791515,946.1020070438982,994.9860352039981,946.1071015263001,928.3369010013,842.0529479733001,1084.4550279723,924.3276076262999,1222.7790803793
228006,G06007315,high,False,27633.36,0.7130643653791515,14162.743744118134,12733.53299174524,14162.877632088133,13945.519251188132,12890.30028828813,11562.836392188132,10791.13751628813,8962.82301108813
228023,G06007310,high,False,4348.755999999999,0.7130643653791515,1816.1773449599996,1886.4928930800006,1816.1809518999999,1782.3958576,1618.3224212999999,2343.266044,1965.7929493,2870.3111233
228035,G06007314,medium,False,411.448,0.7130643653791515,169.8125736800021,443.9120412000011,169.81304024000002,166.61999904,151.11331824,1218.22480464,906.4994486400001,2266.63306504
228037,G06007301,high,False,7751.146,0.7130643653791515,3575.8644289681283,3426.7197449752384,3575.865972828132,3516.016368528132,3225.2312633281317,3658.2019010281315,3224.774954728132,3740.4061311281316
228093,G06007308,medium,False,7586.125,0.8407500276235722,3532.3791842400005,3401.1476822194286,3532.429983849999,3472.2801030499995,3180.219791649999,3610.3998321499985,3176.3758633499992,3688.398627249999
22890,G06007315,high,False,10495.082,0.7130643653791515,5052.076920268133,4728.50185587524,5052.118880688133,4970.053859188132,4571.555552088132,4756.525112988131,4275.382948288131,4460.8594545881315
229410,G06007316,high,False,6066.49,0.7130643653791515,2783.9955291203373,2744.1506830226626,2784.0107067503377,2735.7103291503377,2501.0959560503375,3063.6901867503375,2655.0575530503374,3343.435612750338
229416,G06007328,medium,False,8027.005,0.8407500276235722,3723.4482723799983,3563.4608448994354,3723.464429049999,3660.484801249999,3354.6609153499994,3753.1835344499987,3312.997365449999,3782.879852449999
229507,G06007315,medium,False,8531.667000000001,0.7130643653791515,4016.7369177881305,3819.2260073752427,4016.7552068881328,3950.059354988132,3626.1595944881324,3983.046614188132,3534.865613588132,3949.350764688132
229581,G06007326,low,True,13418.565999999999,0.7130643653791515,4167.860807223626,4138.703369601672,4167.879508351523,4101.560000803523,3779.4715485585234,3478.855346590523,3214.4065477965232,2789.859564313523
229618,G06007322,medium,False,1290.604,0.7130643653791515,554.6792872900025,783.7116779300015,554.68678872,544.3414712199999,494.1023427199999,1481.2440984199998,1154.1602379199999,2407.81656562
22977,G06007312,medium,False,5784.273,0.7130643653791515,2553.8711425181295,2533.5433671652368,2553.876800888132,2508.8907424881318,2290.4573293881317,2890.207521388132,2488.667574688132,3226.483809288132
229938,G06007316,low,True,11940.651999999998,0.7130643653791515,3715.349982849623,3702.3244572756685,3715.3823086095235,3655.753701067523,3366.279860446524,3140.8062898815224,2890.773606514523,2566.2748210995233
230114,G06007326,high,False,9464.774,0.7130643653791515,4378.988189298132,4122.00194520524,4378.980251288132,4306.922147788131,3956.970676088132,4253.720141588132,3793.9413974881318,4128.351270888132
230119,G06007311,high,False,12570.676,0.7130643653791515,6167.631681458131,5709.629114705236,6167.666210888132,6069.026806788132,5590.095666788131,5589.9488126881315,5073.150250388132,5012.202109488131
230217,G06007313,low,True,7504.192,0.8407500276235722,2160.6162214643996,2179.2533290916012,2160.6288843194993,2123.7035509934994,1944.3861139184996,1972.5253635764989,1771.241684506499,1784.4049440914996
230345,G06007313,medium,False,6044.664000000001,0.8407500276235722,2645.8215645399914,2613.973964399434,2645.8305228499985,2598.8520663499994,2370.7259470499994,2948.1263112499983,2542.3157966499994,3250.354535349999
230417,G06007310,high,False,6777.8099999999995,0.7130643653791515,3087.9577529481267,3003.5244841552444,3087.9698664881316,3035.0576058881315,2778.122413088132,3289.1976503881315,2870.6445532881316,3490.381271188132
230461,G06007301,high,False,10712.721,0.7130643653791515,5165.730371838128,4827.8607930852395,5165.757994288133,5082.0171113881315,4675.293595788133,4841.415151788133,4356.613912288132,4517.087868288132
230567,G06007328,high,False,8115.938,0.7130643653791515,3717.3663778499968,3552.1248159494303,3717.3713934499992,3654.4996561499993,3349.1440548499986,3748.6531537499995,3308.6775102499987,3779.828714549999
230636,G06007317,low,True,11781.443,0.7130643653791515,3632.0482273812245,3617.27696004167,3632.0718736815234,3573.6889533585236,3290.2400298525235,3078.590768401523,2831.2170200055234,2525.0882102985233
230726,G06007324,high,False,5122.433999999999,0.7130643653791515,2175.375583160168,2196.055513415761,2175.371999260168,2136.198885460168,1946.030860560168,2610.851041160168,2221.782338360168,3046.2826872601677
230747,G06007312,medium,False,4867.289000000001,0.7130643653791515,2093.7274110691546,2132.232754245496,2093.7398640791507,2055.61488027915,1870.49447757915,2546.9796688791503,2160.20150247915,3000.20001007915
230900,G06007325,high,False,12502.812000000002,0.8407500276235722,6133.321929340005,5685.022382259425,6133.388853449999,6034.620322349999,5555.0876632499985,5553.510264349999,5036.522646449998,4973.633980549999
231079,G06007326,medium,False,4859.129000000001,0.7130643653791515,2066.5965265781274,2105.988615985245,2066.601100288132,2028.8522044881315,1845.5428545881318,2526.172173988132,2140.1880482881315,2985.684710988132
231116,G06007308,medium,False,8589.078000000001,0.8407500276235722,3992.8189036899985,3796.6814579094303,3992.835926249999,3925.8497212499988,3600.617680549999,3954.432215349999,3505.621536749999,3916.0176473499987
231120,G06007328,medium,False,6183.089,0.8407500276235722,2738.2605406999983,2697.38032161943,2738.2797540499987,2689.919839449999,2455.119897049999,3017.174554449999,2608.413761549999,3296.045603449999
231282,G06007306,medium,False,8175.9580000000005,0.8407500276235722,3817.1673018800047,3647.634258039431,3817.2028972499993,3752.819014149998,3440.251020149999,3823.191895349999,3380.0487863499993,3829.1491859499993
231287,G06007313,low,True,2811.687,0.8407500276235722,731.2125489921006,785.0475847340015,731.2137538922999,717.4640915883,650.6966206503001,938.0493166322999,786.5542958313001,1144.8622744053
23130,G06007325,low,True,6926.088,0.8407500276235722,1981.7006562737965,2006.342306527605,1981.7142743474994,1947.4372729034994,1781.0082903374994,1838.8622656514995,1643.2708336454998,1696.0186005494993
23131,G06007312,high,False,9974.248,0.7130643653791515,4760.175515898136,4469.854354685236,4760.193437088132,4682.466455888132,4305.002668488132,4538.468979588131,4066.5923404881323,4316.673902888133
23139,G06007312,low,True,10444.184000000001,0.7130643653791515,3180.241992833723,3175.8468756106686,3180.2680818015237,3128.5953370275233,2877.7193632455233,2741.051297209523,2508.1069652415235,2301.805950874523
231791,G06007330,medium,False,4530.704000000001,0.7130643653791515,1915.1446097394874,1974.6067910898698,1915.1535336094912,1879.7793979094909,1708.0035955094909,2415.213600509491,2034.3403487094909,2915.247459409491
231954,G06007301,medium,False,5778.588,0.7130643653791515,2587.6983371996616,2567.33547035563,2587.711104079659,2542.2569226796586,2321.486102779659,2915.900928079659,2513.371865179659,3244.114297879659
232395,G06007322,high,False,10874.550000000001,0.7130643653791515,5330.009433108136,4980.865887855243,5330.051070488131,5243.848752788132,4825.247109988131,4964.124421888131,4474.082462188132,4598.304948888132
232491,G06007311,low,True,9576.14,0.7130643653791515,2933.7089353980223,2940.60031346567,2933.728533595523,2885.727699343523,2652.571465732523,2556.832953928523,2331.7556857245227,2180.026219507523
232492,G06007316,low,True,4935.433999999999,0.7130643653791515,1360.7418858763708,1401.26838413308,1360.7568192640724,1336.2533491540723,1217.2955093140724,1384.465225183072,1209.884702992072,1408.1806437580726
232502,G06007327,high,False,13373.836,0.7130643653791515,6587.611027858127,6077.8197327652415,6587.655168888132,6482.76820218813,5973.564404888131,5903.705334788132,5373.488050088133,5219.759145688132
232519,G06007328,high,False,5976.419,0.8407500276235722,2627.2379099200043,2599.731040579432,2627.2580464499997,2580.5495125499992,2353.76055165,2934.2298087499994,2529.0352135499993,3241.152003649999
232690,G06007314,medium,False,7241.191,0.7130643653791515,3382.62626295813,3268.07646208524,3382.652648488132,3325.3601375881317,3047.1521601881323,3509.3105127881317,3081.3661920881323,3636.0096255881317
232705,G06007326,high,False,5630.102,0.7130643653791515,2470.0833596081175,2459.8830175952417,2470.094018088132,2426.3555352881317,2213.9659677881323,2827.603729488132,2428.758893188132,3185.0522181881324
232729,G06007323,low,True,4459.2880000000005,0.7130643653791515,1181.0827034929575,1224.0892308205853,1181.0893207609508,1159.1569862389508,1052.6730236119508,1248.5538108769506,1079.4845635879506,1315.9901066659509
232744,G06007325,high,False,5474.286999999999,0.8407500276235722,2377.018613349823,2381.640535172538,2377.030094249829,2334.052421949829,2125.330390149829,2747.470960049829,2350.264434049829,3117.8960505498285
232872,G06007301,high,False,8660.515,0.7130643653791515,4100.744433868131,3894.91514125524,4100.773658888133,4032.8153055881317,3702.876673888132,4045.825115588131,3594.9710201881317,3990.838965288132
232968,G06007301,high,False,7002.505,0.7130643653791515,3224.135750058134,3125.046890345239,3224.1573448881322,3169.2077799881317,2902.452303688132,3390.9351363881315,2968.0222661881317,3557.695294088132
23298,G06007302,high,False,7120.173,0.8407500276235722,3050.8676428472886,2969.632240241311,3050.8771166872834,2995.411809387283,2726.0843278872835,3208.6042118872833,2784.5589631872826,3366.252158587283
233010,G06007325,low,True,12048.920999999998,0.8407500276235722,3706.2728804492945,3691.461918486605,3706.308098923499,3646.4394867704987,3355.6918703804986,3127.213063105499,2876.676086095499,2548.1480394794994
233054,G06007326,low,True,10245.291000000001,0.7130643653791515,3128.0496975996225,3126.8107143036677,3128.081107087523,3077.1855646485237,2830.0485318135234,2702.034283180523,2470.755299890523,2276.036015137523
233074,G06007324,high,False,3545.428,0.7130643653791515,1511.6299199499988,1623.053861120002,1511.6419366100001,1483.6712209099999,1347.83848071,2137.8514938099997,1772.89668871,2764.06758861
233213,G06007316,low,True,5755.129999999999,0.7130643653791515,1598.2985419998222,1629.8095803956774,1598.307922441523,1570.128688477523,1433.282413051523,1559.2155114285233,1376.7289783695232,1520.1016656735233
233285,G06007330,low,True,11828.621,0.7130643653791515,3545.646869166027,3519.3079183256714,3545.629696405523,3488.5571220915235,3211.3582350495226,3014.0592365115235,2769.401619148524,2482.4247989205232
233351,G06007317,medium,False,5131.3099999999995,0.7130643653791515,2211.1927863481314,2233.0492470152403,2211.2011024881317,2171.307532288132,1977.5727173881319,2634.185313488132,2243.602004388132,3057.126901788132
233473,G06007308,medium,False,6024.6720000000005,0.8407500276235722,2657.2497471499973,2626.6176968094283,2657.268089449999,2610.1120818499994,2381.1546675499985,2956.657876549999,2550.4862111499992,3256.004309349999
233537,G06007329,high,False,9817.812000000002,0.7130643653791515,4803.762285558127,4522.846822085239,4803.821120288132,4725.409399088132,4344.745467588131,4570.991533488132,4097.7289095881315,4338.258665888132
233565,G06007317,high,False,6892.549,0.7130643653791515,3321.760587909154,3225.9578791060662,3321.8250566491506,3265.834508649151,2994.0516914491504,3471.092244949151,3046.022410349151,3620.5164239491505
233973,G06007329,medium,False,6739.915,0.7130643653791515,3062.5507479281346,2980.6644384952447,3062.5592388881323,3010.031930988132,2754.926563288132,3270.214279288132,2852.4760455881315,3477.821096188132
234368,G06007314,medium,False,8243.027,0.7130643653791515,3904.8990233281243,3726.004695535243,3904.930481488132,3839.8981249881313,3524.061453788132,3899.4805518881317,3454.937860488132,3894.007622388132
234382,G06007315,high,False,6856.869000000001,0.7130643653791515,3164.1785866581304,3074.70733890524,3164.214406488132,3110.1524975881316,2847.718445688132,3346.132918588132,2925.1574525881324,3528.037578688132
23443,G06007316,medium,False,5081.691000000001,0.7130643653791515,2197.107773128135,2222.117121095238,2197.120028088132,2157.4305100881315,1964.711037088132,2623.665677088132,2233.533346988132,3050.1639010881318
234627,G06007307,low,True,15851.283,0.8407500276235722,5016.4269048999,4975.346984950604,5016.494502211499,4937.141630011499,4551.9429068505,4105.997806804499,3813.638133823499,3195.5987147774995
234704,G06007327,medium,False,5965.6939999999995,0.7130643653791515,2636.7152425081304,2604.572890215239,2636.7185824881317,2590.4969788881317,2366.095683588132,2952.102599488132,2547.9020913881322,3267.4415861881316
234820,G06007301,low,True,3958.1020000000003,0.7130643653791515,1063.1193200271007,1110.458860335999,1063.1286002294999,1043.5120338195002,948.2712268365001,1170.0639203384999,1005.9752990144998,1277.0010676995
234902,G06007326,low,True,4402.514999999999,0.7130643653791515,1160.97639252776,1203.6252215818167,1160.9796230291588,1139.4452198171587,1034.8455764801586,1235.0628362561588,1066.8363166571585,1309.1218688861588
235236,G06007327,high,False,12034.609,0.7130643653791515,5894.5248931581245,5471.095863025237,5894.565353088134,5799.981997988132,5340.718595088132,5385.890995088132,4877.811810788132,4877.257771288132
235275,G06007307,medium,False,11696.723,0.8407500276235722,5825.193595939997,5428.149603519429,5825.284893449999,5731.069446449999,5273.674103949999,5323.2680167499975,4816.104029849999,4821.441941549999
235303,G06007314,high,False,15605.122,0.7130643653791515,7863.969369518127,7210.493974885238,7864.064632088133,7740.242573288131,7138.998135088132,6857.152215888131,6286.3774428881325,5850.332173688132
235341,G06007314,medium,False,10519.607,0.7130643653791515,5095.451547848128,4769.376781695244,5095.478192088132,5012.759867588131,4611.091482588132,4788.922267888132,4306.331635688131,4482.408508488132
235403,G06007310,high,False,12274.541000000001,0.7130643653791515,6135.649562868137,5695.704259135235,6135.697231288132,6037.534775388132,5560.825514288132,5565.980601388132,5050.256125588131,4996.421173888131
235452,G06007323,high,False,3985.718,0.7130643653791515,1650.7851772089766,1741.9207054297424,1650.792123718982,1619.7755359189814,1469.164295118982,2225.100398518982,1853.591748918982,2799.366267318982
23554,G06007325,medium,False,5940.916000000001,0.7130643653791515,2600.0998814199975,2574.7332707994306,2600.110225649999,2553.804068549999,2328.961853249999,2913.961472849999,2509.594432049999,3227.7912859499993
235548,G06007317,high,False,4042.408,0.7130643653791515,1676.0015843794902,1763.721917189303,1676.0052888994899,1644.5813577994898,1491.99276189949,2243.3805831994905,1870.98841869949,2810.70507219949
235644,G06007324,high,False,4971.071,0.7130643653791515,2207.052099889998,2233.576695189998,2207.0598449400004,2167.9347635400004,1977.8401122400005,2642.91038354,2253.9592045400004,3078.77434864
235650,G06007328,high,False,5891.5380000000005,0.8407500276235722,2615.1014201000044,2593.150420979426,2615.1377530499994,2568.6092981499987,2342.6744288499985,2925.1332947499986,2520.352844649999,3235.142274949999
235831,G06007327,high,False,5251.558999999999,0.7130643653791515,2297.8907407781326,2312.147705265242,2297.916971288132,2256.731032988132,2056.7436949881317,2698.940695388132,2305.620246088132,3099.938804188132
235864,G06007306,high,False,7705.645999999999,0.8407500276235722,3635.303549729999,3495.942358329432,3635.337011649999,3573.6694226499994,3274.153777549999,3687.2969586499985,3249.9581037499993,3739.315369949999
235874,G06007328,low,True,6860.674,0.7130643653791515,1960.3719336599968,1985.921188117604,1960.3962694574993,1926.4389213194993,1761.5579792264994,1822.9193682194991,1628.0474761604996,1685.4265510394994
236059,G06007314,high,False,6537.134,0.7130643653791515,2956.977113528132,2888.201296775242,2956.985938488132,2906.0234480881318,2658.529862588132,3191.348846588132,2776.971609588132,3425.6556634881317
236244,G06007324,high,False,14896.952,0.7130643653791515,7463.826310458133,6855.967161125245,7463.917357088132,7346.0144021881315,6773.629768388133,6558.248375188132,6000.172234388131,5652.659447488131
236406,G06007310,high,False,10204.379,0.7130643653791515,4918.537167898134,4613.233648445241,4918.568416488131,4838.475177988132,4449.582187188131,4656.776068888132,4179.834035488132,4394.951705888132
236511,G06007307,low,True,3409.533,0.8407500276235722,905.366326246842,956.4872499701816,905.3730072960414,888.4796990460414,806.4471456600413,1058.6601531000415,900.4211508870413,1211.9539832040414
2369,G06007326,high,False,7423.502,0.8407500276235722,3457.929504138132,3331.750675565238,3457.9545258881317,3399.5411455881326,3115.9231001881326,3565.583095588132,3135.2294699881313,3673.2125990881323
237649,G06007317,high,False,6490.603,0.7130643653791515,2934.210823308137,2868.4508165152356,2934.2236856881323,2883.5952655881315,2637.747134988132,3174.3414656881323,2760.6957484881314,3414.396985088132
237671,G06007301,medium,False,4736.522999999999,0.7130643653791515,2033.1466375481327,2080.26233219524,2033.163726488132,1995.898895488132,1814.989343488132,2501.1725734881315,2116.2594725881318,2969.162710488132
237677,G06007310,medium,False,6688.661,0.7130643653791515,3107.115671928131,3028.202156935237,3107.1522326881327,3053.9387448881325,2795.587583688132,3303.481211488132,2884.3233045881325,3499.8705193881324
237751,G06007315,high,False,5232.877,0.7130643653791515,2278.954352078129,2294.2509249452414,2278.9689334881323,2238.0608676881316,2039.4424409881317,2684.8160490881314,2292.064563888132,3090.614488688132
237772,G06007313,medium,False,9035.896,0.8407500276235722,4265.331199470002,4040.0493681094317,4265.345777649999,4194.3292498499995,3849.4262024499985,4157.988752249999,3700.526962449999,4050.6610150499982
237787,G06007312,medium,False,5604.0470000000005,0.7130643653791515,2475.9604456781326,2467.2498147252386,2475.9761048881323,2432.1416545881316,2219.3202547881324,2831.992039188132,2432.953537088132,3187.971283388132
237914,G06007310,medium,False,3320.0550000000003,0.7130643653791515,1372.63196202,1497.871010369999,1372.63643305,1346.83442915,1221.53871275,2035.7805425499998,1675.47388065,2698.88668635
238003,G06007312,high,False,18508.489,0.7130643653791515,9384.162216378132,8542.828639125233,9384.238124288131,9237.835416388132,8527.007098988131,7992.892661488131,7373.528861088132,6601.640829188133
238026,G06007315,low,True,12798.409,0.7130643653791515,3970.3751557899227,3947.362043404667,3970.403383771523,3906.9992720985233,3599.1570690105227,3331.336721728523,3073.1724597735238,2692.275043174523
238307,G06007310,high,False,3406.8740000000003,0.7130643653791515,1410.4492834100006,1531.3279127300007,1410.4577156200003,1383.9555345200001,1255.2432104199997,2061.60399062,1699.8024366199998,2712.7193374199996
238379,G06007312,high,False,9683.088000000002,0.7130643653791515,4640.24120158814,4368.923548815237,4640.284810288133,4564.328616488132,4195.507961288133,4448.850913688133,3980.8401992881327,4257.364482988132
238600,G06007307,medium,False,7749.369999999999,0.8407500276235722,3583.06723443,3441.0792910294263,3583.0919088499995,3522.1933737499994,3226.4817016499983,3648.294974649999,3212.5915382499998,3713.5121449499993
238616,G06007316,medium,False,6568.473,0.7130643653791515,2962.153544348133,2891.390655215239,2962.160591288132,2911.124022288132,2663.269661488132,3195.2187499881315,2780.693016788132,3428.187526988132
238665,G06007307,high,False,4080.335,0.8407500276235722,1701.2411114499987,1787.4961464600024,1701.2524500500003,1669.32318455,1514.30118815,2260.09100335,1886.63055525,2818.89864605
238769,G06007310,medium,False,711.125,0.7130643653791515,298.80032116999826,557.5153908400002,298.80185795,293.20426065,266.01653645,1306.2344568499998,989.3431421500001,2313.67264945
238805,G06007330,high,False,5687.285,0.7130643653791515,2507.2507565581327,2493.2163207452463,2507.2561188881323,2462.9662268881316,2247.893772688132,2855.377215688132,2455.337555188132,3203.430442288132
238820,G06007324,high,False,3548.1890000000003,0.7130643653791515,1483.8248774399995,1597.2140569899993,1483.8392817099998,1456.01675311,1320.9563713100001,2112.7271115099998,1748.09421621,2741.60587911
238834,G06007330,high,False,7184.153,0.7130643653791515,3327.162288328134,3216.273161855239,3327.1903914881323,3270.704616988132,2996.515147988132,3467.8942998881316,3041.689328888132,3608.6213203881316
238850,G06007317,high,False,9520.341,0.7130643653791515,4539.064733768128,4278.086095575243,4539.093608088131,4464.642582988132,4103.117718688132,4373.278836088131,3908.4716235881315,4207.392648188132
238872,G06007323,high,False,5073.024,0.7130643653791515,2177.2816261481307,2202.844027335241,2177.286371888132,2137.893963488132,1946.6034050881317,2608.8585734881317,2219.3400918881316,3040.387462388132
238918,G06007301,medium,False,6292.923000000001,0.7130643653791515,2835.751161748131,2782.5856672152418,2835.7623162881314,2786.591275588132,2547.829111688132,3100.7827205881317,2690.2558831881315,3365.777657788132
238954,G06007326,medium,False,12509.783,0.7130643653791515,6180.274570148122,5726.09750227523,6180.3380694881325,6081.4818441881325,5601.632644988133,5599.3865092881315,5082.185368088131,5018.455160988132
238974,G06007312,medium,False,6272.145,0.7130643653791515,2814.79781469864,2762.245894635371,2814.787116218641,2766.0547142186406,2529.255634218641,3086.698664118641,2677.0922715186407,3358.5256168186406
239033,G06007302,high,False,13740.283,0.8407500276235722,6604.845441716264,6097.146505051047,6604.898070526265,6496.611475126265,5970.829949626264,5862.771314526264,5325.288447126265,5120.614392026266
239040,G06007317,high,False,8026.254000000001,0.7130643653791515,3829.842657038131,3664.5008946052317,3829.9013070881315,3765.9449175881323,3455.504348288132,3843.3923562881314,3401.2230364881316,3856.963710488132
239069,G06007311,low,True,9223.544,0.7130643653791515,2783.6882725416262,2789.930050435669,2783.7053989215237,2737.9222070685237,2515.6048938855233,2444.7779797995236,2224.4653165455234,2105.897485345523
239094,G06007329,high,False,12446.258999999998,0.7130643653791515,6068.954314878132,5619.379734805239,6068.997668488131,5971.821926888131,5500.017081288133,5516.219892588131,5002.574321988132,4963.426602188132
239170,G06007314,low,True,4509.997,0.7130643653791515,1274.6122785711023,1317.9762505490019,1274.6198773601998,1252.1503238202001,1143.0006658181999,1332.7869292841997,1162.5599051651998,1390.9818013152
239525,G06007328,low,True,5956.916,0.8407500276235722,1652.8960371924,1684.796383003604,1652.9056502174997,1623.5105263334997,1480.792194661499,1593.2299865564996,1408.1297563694993,1533.5285787014993
239736,G06007328,low,True,6998.3679999999995,0.8407500276235722,1986.1654846508977,2007.943806868601,1986.1712756234997,1951.8323826014994,1785.0867300944992,1842.1967215874993,1646.463213934499,1698.2256706664994
239842,G06007329,high,False,5013.88,0.7130643653791515,2205.755221719492,2233.8694932698745,2205.780323089491,2166.100175289491,1973.440667589491,2632.581741189491,2242.486814389491,3059.400812889491
240284,G06007316,medium,False,6623.4400000000005,0.7130643653791515,2999.9165796281372,2925.3503808552414,2999.927438088132,2948.312809888132,2697.728178088132,3223.4358730881318,2807.6654604881323,3446.9011382881317
240457,G06007323,low,True,4820.827,0.7130643653791515,1294.61180355242,1334.4693396896678,1294.6180857675229,1270.943442649523,1155.985864354523,1332.3478943475232,1159.5340529955233,1370.0505273105232
240479,G06007325,medium,False,7291.188,0.8407500276235722,3326.4995463299983,3214.0207603294302,3326.5016514499994,3269.4362757499985,2992.228808749999,3456.628200449998,3029.1400763499996,3586.686656149999
240690,G06007315,high,False,12587.397,0.7130643653791515,6247.19003493813,5788.314081365241,6247.268327488131,6147.450609288131,5662.764982988132,5649.312051088131,5130.1085514881315,5051.394409288132
240930,G06007308,high,False,10888.420999999998,0.8407500276235722,5337.71430032,4992.7517716994225,5337.777715249998,5250.8036757499995,4828.582179149999,4959.124390349999,4467.479181249999,4580.562570349999
241072,G06007317,low,True,5698.442,0.7130643653791515,1625.6808716583657,1661.7940897292492,1625.6973630738655,1597.198422190865,1458.7950167148651,1581.2054937798653,1398.039156700865,1536.7398922728653
241121,G06007301,low,True,7414.848,0.7130643653791515,2179.5069002793252,2200.376234850672,2179.5169404255234,2142.709564015523,1963.947283822523,1993.4157536595235,1792.381688842523,1807.3290715095231
241141,G06007322,medium,False,3723.196,0.7130643653791515,1548.204586279999,1652.7777527400021,1548.2138620800001,1519.1439227800001,1377.9897057800001,2155.70955838,1788.39195098,2763.17322288
241213,G06007324,medium,False,5602.58,0.7130643653791515,2510.9145811391504,2501.824887435502,2510.93106603915,2466.6078894391494,2251.34842803915,2858.46844243915,2458.3833940391496,3206.03547683915
241323,G06007329,high,False,5355.032,0.7130643653791515,2329.28956284813,2336.7123658152395,2329.295697088132,2287.646583988132,2085.402854988132,2722.425416788132,2328.062014988132,3115.4917690881316
241335,G06007315,high,False,7327.278,0.7130643653791515,3356.9801223581303,3237.333199125241,3356.9875708881323,3300.0906628881316,3023.773076688132,3490.183341288132,3063.0515736881316,3623.3042656881316
241455,G06007308,high,False,9731.019,0.8407500276235722,4638.805153379994,4368.81531317943,4638.840011449999,4562.260935449999,4190.439719349999,4436.998004249999,3967.6144740499994,4235.219826449999
241550,G06007325,low,True,5140.276,0.8407500276235722,1396.1806936110459,1435.8948688807582,1396.2015476442439,1370.699216755244,1246.8777807582442,1402.8100879692438,1226.102456710244,1409.410292386244
241589,G06007302,low,True,6932.032,1.0497359105206039,1857.9166932421963,1882.283919766748,1857.9203961679952,1823.9978422999952,1659.2351385439954,1720.8780700009952,1526.0348687719952,1583.7831848239953
241659,G06007315,high,False,7931.107,0.7130643653791515,3690.4203232881305,3531.740120075242,3690.4326170881327,3628.578524588132,3328.2231909881316,3739.2937395881318,3301.5175768881318,3788.082049488132
241661,G06007317,medium,False,6915.026,0.7130643653791515,3182.325315298132,3089.2241170852403,3182.354169088132,3128.036643488132,2864.294080388132,3359.6837449881314,2938.1427077881317,3536.9901849881317
241849,G06007310,high,False,1644.517,0.7130643653791515,679.8589198599991,890.79761641,679.86287951,667.07818901,605.0161915100001,1564.91076291,1232.5746700099999,2449.9595879099998
241916,G06007316,high,False,13875.223999999998,0.7130643653791515,6944.1819390881265,6401.562194555243,6944.234065288132,6834.072647088133,6299.111296688132,6170.034724488132,5628.521115088132,5395.921482288131
241930,G06007308,high,False,5751.978999999999,0.8407500276235722,2514.092462129999,2500.9964441094303,2514.108485849999,2469.0797470499992,2250.4321757499993,2849.7011832499993,2448.089364449999,3185.279735449999
241937,G06007308,high,False,8718.54,0.8407500276235722,4109.166094719999,3904.6199731994275,4109.203928849998,4040.498375449998,3706.8561227499986,4041.298143949999,3588.8595963499993,3973.446584649999
241999,G06007315,medium,False,3646.1330000000003,0.7130643653791515,1479.2164271500026,1586.6271481600033,1479.20085745,1451.4109345500003,1316.44297495,2108.41727015,1743.7904834500002,2737.57774205
242081,G06007322,low,True,5723.45,0.7130643653791515,1582.422755399719,1613.624863812666,1582.4258115675234,1554.4836807495228,1418.7858229365231,1547.369239270523,1365.3747284625233,1512.2650147815232
242186,G06007302,low,True,5481.7480000000005,0.8407500276235722,1427.3969360234807,1462.7422101179136,1427.3975601770792,1400.579252654079,1270.3546145930793,1411.5597387110793,1231.9754283530792,1395.6730313240791
242357,G06007301,low,True,7165.598999999999,0.7130643653791515,2101.740966705323,2125.1755804686727,2101.7544038115234,2066.099537053523,1892.9404874445231,1935.311726839523,1736.765789125523,1768.8973858185232
242383,G06007313,medium,False,4031.7039999999997,0.8407500276235722,1716.2347846110167,1802.4320416402597,1716.244017251018,1684.4621537510181,1530.1261074510178,2277.536772951018,1904.389056251018,2838.8358789510175
242773,G06007317,high,False,3917.429,0.7130643653791515,1670.693617319999,1762.50505428,1670.7080506600003,1639.8465467600001,1489.98178276,2247.67172526,1876.50627646,2824.63478766
243259,G06007306,high,False,6335.529,0.8407500276235722,2810.3713755499984,2759.762228609438,2810.3847226499993,2760.9634594499985,2520.9722438499984,3071.0521152499987,2660.002355549999,3331.6586607499985
243277,G06007316,low,True,5411.8060000000005,0.7130643653791515,1508.7471056838444,1544.9836629541576,1508.7606748128446,1481.9787289998442,1351.9497581658443,1493.6219607558446,1314.1395996438446,1478.4881452638447
243342,G06007323,low,True,7214.569,0.7130643653791515,2082.8409543132248,2102.2431484916697,2082.846036529523,2047.4758483755231,1875.702969622523,1921.2143344605229,1723.2620304375232,1759.5448179645232
243351,G06007315,high,False,11765.56,0.7130643653791515,5710.089375558127,5304.389054365245,5710.120480288131,5618.283039988131,5172.364481188131,5248.139872888132,4745.973264788131,4786.041294188131
243380,G06007314,medium,False,3775.603,0.7130643653791515,1561.4900870098268,1662.8848059825282,1561.493599879829,1532.214857579829,1390.0285851798292,2165.360068179829,1797.580428279829,2769.174080279829
243616,G06007315,medium,False,8570.630000000001,0.7130643653791515,4028.464808278132,3828.5067564052383,4028.4830780881316,3961.602445588131,3636.878677788132,3991.838253488132,3543.265038388132,3955.1434292881318
243718,G06007314,high,False,6200.062,0.7130643653791515,2808.4314979281394,2761.4622047152366,2808.4509266881328,2759.697240288132,2522.891178388132,3080.3485980881314,2670.7345889881317,3352.2404988881317
243921,G06007326,low,True,13911.736,0.7130643653791515,4323.729501370523,4289.781401762669,4323.753133363523,4255.106716846522,3921.8009671185227,3595.326611773523,3325.8831523785234,2866.8861456375234
243989,G06007325,medium,False,5890.941999999999,0.8407500276235722,2673.3773225118625,2644.6820490541973,2673.389447471867,2626.7600452718666,2400.266158571867,2981.5490307718674,2576.495265571867,3289.778550271867
244210,G06007301,high,False,6679.261,0.7130643653791515,3091.26997245915,3009.9845768760706,3091.2896377091506,3038.700416009151,2783.310363109151,3298.017191309151,2880.1573280091507,3504.7998735091505
244372,G06007325,low,True,9878.207999999999,0.8407500276235722,2969.6532122564977,2970.780700152602,2969.674888099499,2920.7273028884993,2683.0895319584993,2576.940963217499,2349.842153722499,2184.2004252254997
244451,G06007302,medium,False,9162.581000000002,0.8407500276235722,4107.244595127622,3893.4551247151094,4107.243086767623,4036.2537426676226,3691.398477867623,3999.896000367623,3542.4952555676227,3892.398671767623
245769,G06007330,high,False,3004.139,0.7130643653791515,1252.0347984999994,1393.3990660499999,1252.0419231700002,1228.54438937,1114.4447933700003,1954.48409987,1599.13621487,2656.9028804699997
245814,G06007307,medium,False,2393.105,0.8407500276235722,993.7093575900036,1166.359139339997,993.7134079500003,975.04939155,884.4237456499999,1778.5251632499999,1433.55797975,2563.31150385
245878,G06007312,high,False,21862.438,0.7130643653791515,11085.590202008134,10028.474077855239,11085.683384488131,10914.002982388132,10080.573444188132,9264.010236788132,8590.333667588131,7442.407194588133
245941,G06007329,low,True,9203.508999999998,0.7130643653791515,2767.7785151697303,2773.357794980664,2767.7967841995223,2722.250676907523,2501.093486926523,2432.900837767523,2213.1043627455233,2098.012538716523
246058,G06007310,high,False,15299.194,0.7130643653791515,7731.748462818126,7097.421132745241,7731.838006488131,7609.956346788133,7018.228166588133,6758.3989298881315,6191.774981988133,5785.079071488132
246083,G06007322,low,True,6012.736,0.7130643653791515,1686.4496595564233,1716.102324555669,1686.457761085523,1656.9686732685232,1513.766197306523,1625.0763379635232,1439.766575446523,1563.6732572685232
246102,G06007307,low,True,10993.785,0.8407500276235722,3333.2419489004997,3324.4584266666016,3333.2600707874994,3278.924565808499,3015.0736274925,2848.5612088274993,2609.8700871674996,2363.8651092914993
24621,G06007314,low,True,6630.783,0.7130643653791515,1897.254427306225,1922.46225428967,1897.265748853523,1864.6456807995232,1706.252116771523,1782.5676937965231,1590.5400937965233,1667.829465655523
246279,G06007328,low,True,8496.529,0.8407500276235722,2512.1186675676013,2524.7901227776024,2512.1322936674997,2469.989487325499,2265.3203126714993,2235.116663638499,2022.6221324264993,1958.1098016344995
246296,G06007324,medium,False,5223.119000000001,0.7130643653791515,2275.257273088134,2291.018527695242,2275.2687162881316,2234.415869188131,2036.056199088132,2682.0478848881316,2289.4086013881315,3088.8038710881315
24637,G06007316,high,False,5710.937999999999,0.7130643653791515,2535.613678578133,2520.0829873852413,2535.633076088132,2490.913733288132,2273.792392488132,2876.553748488132,2475.621364288132,3217.4382496881317
246404,G06007310,high,False,6394.861,0.7130643653791515,2923.929008398131,2863.8358236652402,2923.9406294881323,2873.465331688132,2628.322140788132,3166.634524688132,2753.316063688132,3409.353063288132
246529,G06007322,high,False,7294.556,0.7130643653791515,3427.5109893981307,3309.67235970524,3427.5542106881326,3369.582056988132,3088.1360397881317,3542.840283188132,3113.458626988132,3658.194038888132
246566,G06007308,high,False,9488.099,0.8407500276235722,4543.449047050006,4289.762712589432,4543.508067849999,4468.353909049998,4103.413206649999,4365.742862049999,3899.48300895,4187.99352855
246623,G06007313,medium,False,8298.109,0.8407500276235722,3947.3656164900003,3769.7086425894254,3947.4027986499987,3881.1019041499985,3559.091666549998,3920.420214849999,3473.1401398499993,3893.511598949998
246651,G06007323,high,False,1874.44,0.7130643653791515,821.9007693300008,1020.8610954699998,821.9228922000001,806.6351903999999,732.4981325000001,1664.6160718,1326.9454381,2507.3387396
246676,G06007326,medium,False,13247.609,0.7130643653791515,6575.79119807813,6073.767927365241,6575.846092088132,6471.134368788131,5962.751250988131,5894.839727788132,5365.036562288132,5213.909815588132
246791,G06007327,medium,False,10928.993999999999,0.7130643653791515,5369.619016388133,5017.2244623552415,5369.670334088132,5282.8773814881315,4861.430564088132,4993.723950588132,4502.435145088131,4617.844305788132
247052,G06007310,high,False,3853.33,0.7130643653791515,1598.9034262199962,1696.836519160001,1598.9105137000004,1568.8763717,1423.035736,2189.9636485,1820.566543,2780.9762977
247146,G06007302,high,False,9175.664,0.8407500276235722,4114.337989836261,3901.1076842710463,4114.346599126265,4043.047217426265,3696.8141309262655,4002.2065211262643,3544.121879326265,3889.966818526265
24729,G06007325,high,False,666.364,0.8407500276235722,274.5636891899993,535.6225843700003,274.56416092000006,269.40003142,244.31945672,1289.37926112,973.41775872,2304.18672122
247402,G06007317,low,True,6890.969,0.7130643653791515,2013.557269158625,2039.6925564016706,2013.5689266975232,1979.226031348523,1812.4244991645232,1869.438420382523,1673.7050176875232,1725.316512685523
247469,G06007308,low,True,5429.236,0.8407500276235722,1470.296982129559,1505.4006500044195,1470.301501421958,1443.666059903958,1314.329868128958,1457.5761446819579,1278.3958174769577,1444.8099125969582
247477,G06007316,low,True,4455.617,0.7130643653791515,1192.4152244104737,1236.0732827470792,1192.4252576455722,1170.4163035315723,1063.5415381705725,1258.5268077145722,1089.2986157095722,1324.6206967315723
247502,G06007301,medium,False,6496.856,0.7130643653791515,2932.334055669151,2865.0895257460684,2932.3403762491507,2881.842865149151,2636.60679604915,3174.649558449151,2761.263268049151,3416.969496449151
247623,G06007313,high,False,6126.308000000001,0.8407500276235722,2716.79878917051,2679.4423166295605,2716.8211938505083,2668.7916694505084,2435.6000038505076,3001.373658250508,2593.3250770505083,3285.925431650508
24774,G06007306,medium,False,12584.185000000001,0.8407500276235722,6124.944110460003,5671.682327439437,6124.991052249999,6026.366557649999,5547.462340149999,5547.26993875,5030.55258265,4969.4679815499985
247811,G06007301,low,True,7390.289000000001,0.7130643653791515,2217.7761585891235,2243.797590310669,2217.802370293523,2180.4141403725234,1998.8753751465233,2021.9924314395234,1819.7464293855232,1826.2449131745234
24789,G06007310,high,False,19932.817,0.7130643653791515,9968.707217608131,9036.271535935237,9968.676528888132,9813.73402958813,9060.847670188132,8429.627974088131,7791.762246688132,6890.265245088132
248031,G06007301,medium,False,666.6569999999999,0.7130643653791515,278.98802581999996,539.9089607700001,278.98888210999996,273.75583170999994,248.34969461000003,1292.67287351,976.56581871,2306.36653791
248062,G06007316,high,False,7703.041000000001,0.7130643653791515,3585.9546433881337,3441.7819163552344,3585.9538672881317,3525.669360688132,3232.8172340881324,3661.2315424881317,3226.796477388132,3736.473594888132
248101,G06007314,medium,False,5590.941000000001,0.7130643653791515,2452.769093398134,2445.0159838252434,2452.7782372881325,2409.296728788132,2198.1520798881315,2814.667936488132,2416.373243588132,3176.502114588132
248135,G06007329,low,True,5745.358,0.7130643653791515,1614.5677668255214,1648.3741324926636,1614.5868102135234,1586.1599515365233,1448.138363293523,1571.3683521075232,1388.3700565035233,1528.1325565275233
248141,G06007308,low,True,8987.431,0.8407500276235722,2615.0690295135014,2616.821678848603,2615.075474287499,2571.387602773499,2359.3255983674994,2312.0468037434994,2096.222618392499,2009.0225319854994
248228,G06007330,high,False,5758.468,0.7130643653791515,2748.8208700999962,2715.44624983,2748.85746833,2702.7290534299996,2478.7493941299995,3065.85100083,2661.9082361300007,3382.9795641299997
248311,G06007308,medium,False,6555.746999999999,0.8407500276235722,2965.404655159996,2900.4919255994278,2965.438581649999,2913.7000565499984,2662.5198677499984,3186.8584970499987,2770.871406449999,3408.2716872499986
248347,G06007306,low,True,3662.982,0.8407500276235722,951.1303842435194,998.7828911966911,951.1288251321201,933.2507272161201,846.4230055641201,1087.5758089821202,927.20268977012,1223.98966573112
248377,G06007315,medium,False,10036.677,0.7130643653791515,4903.636732108134,4608.479647775241,4903.675358488132,4823.803867788132,4435.927032288131,4645.593782788132,4169.147354788131,4387.623366088132
248390,G06007301,high,False,7142.367,0.7130643653791515,3418.246660299828,3302.553225443088,3418.2637209798304,3361.32798937983,3084.7265608798307,3550.6773120798302,3123.4813179798302,3683.2312968798296
248581,G06007325,high,False,11404.389,0.7130643653791515,5512.4909637,5135.473897179429,5512.54967265,5423.013093649999,4988.253381549999,5089.705269249998,4592.544812449999,4666.806776849999
248629,G06007315,low,True,6795.941,0.7130643653791515,1945.1715614151217,1968.2874945266685,1945.178855353523,1911.853548919523,1750.0044502005233,1818.362781229523,1624.807952743523,1691.5075103955232
248837,G06007317,medium,False,453.936,0.7130643653791515,187.2211671200023,459.14703648000057,187.22165568000003,183.70076928000003,166.60201408000006,1230.0465480799999,917.6165548800001,2272.8674556799997
248941,G06007302,high,False,7275.743,0.8407500276235722,3128.3749334462573,3037.6331381410446,3128.387913526265,3071.719512426265,2796.551172526265,3265.609898426265,2838.983725226265,3402.753385026265
248950,G06007310,high,False,10491.105,0.7130643653791515,5084.24891682813,4760.155842395239,5084.274262288132,5001.734962888133,4600.878972188131,4780.548487488131,4298.3537614881325,4476.824358688132
248962,G06007330,medium,False,3356.8559999999998,0.7130643653791515,1426.898722240002,1549.9679675700006,1426.9207019100002,1400.2451981099998,1270.78149371,2075.4588903100002,1713.3137273099999,2724.0113346099997
249038,G06007323,high,False,10788.018,0.7130643653791515,5210.128502228134,4867.254934415243,5210.157675088132,5125.741800388132,4715.836776488131,4874.613177088131,4388.381054288132,4539.025739888131
249048,G06007324,medium,False,7387.471,0.7130643653791515,3418.6119598681316,3295.00376545524,3418.635556888132,3360.8100056881326,3080.037873888132,3536.215622188132,3107.1182721881323,3653.7695925881317
24907,G06007310,medium,False,4182.013,0.7130643653791515,1792.4119349099994,1869.4407532699995,1792.42944316,1759.4649212599995,1599.41301866,2333.64066996,1957.9662611599997,2874.8591506599996
249131,G06007322,low,True,8670.291,0.7130643653791515,2577.9250598019235,2586.713989870668,2577.9395357655235,2535.2147307615232,2327.758111594523,2291.082990169523,2077.3436728275233,2004.1774419135231
249166,G06007328,low,True,2204.749,0.8407500276235722,561.0337294029413,616.801245270181,561.0314411673413,550.5365882463414,499.56559001434135,823.2967124163414,678.7829341773413,1085.5678448073413
249268,G06007301,high,False,4087.0709999999995,0.7130643653791515,1695.5510475294873,1781.222633189303,1695.5583863294905,1663.7462000294904,1509.2715315294904,2256.30995382949,1883.09180422949,2817.01867182949
249417,G06007307,low,True,894.858,0.8407500276235722,235.77979223609944,303.2446805569998,235.78172927820003,231.3602123112,209.88719774819998,601.5653613822001,470.11911578219997,967.3508813442
249516,G06007312,medium,False,7429.834,0.7130643653791515,3426.0070647381326,3299.6644377652406,3426.019611288132,3368.094549488132,3086.7897759881316,3541.742276588132,3112.4064061881318,3657.426583888132
249694,G06007325,high,False,18159.73,0.8407500276235722,9089.15194416,8276.258847159426,9089.21617805,8946.585569849998,8253.99820215,7761.747951549998,7150.470360349998,6434.240436249997
249746,G06007323,medium,False,10931.603000000003,0.7130643653791515,5357.673911918126,5004.9643814252395,5357.717103088133,5271.100822988132,4850.520887888131,4984.808757888133,4493.888762988132,4611.953302088132
249791,G06007324,low,True,3674.604,0.7130643653791515,974.8996410314559,1023.0959249834186,974.8980747443579,956.8412399063579,869.1371086223579,1108.2785603693578,947.5227314663579,1241.619853316358
249892,G06007327,high,False,14097.974999999999,0.7130643653791515,6983.895785848132,6427.132461375237,6983.937524088131,6873.170555888131,6335.39002338813,6199.750895088131,5656.899515288132,5415.588220388132
249927,G06007328,low,True,3600.58,0.8407500276235722,941.9285878316999,990.901916543,941.9312881439998,924.2439732539999,838.337905755,1081.6154827679998,921.661711023,1221.281582154
250034,G06007313,medium,False,17015.232,0.8407500276235722,8504.570841739995,7765.69989487943,8504.66250785,8370.694142949998,7720.246352949998,7324.997634049999,6732.401218949998,6145.337035349999
250088,G06007311,medium,False,991.6320000000001,0.7130643653791515,413.7602676400003,658.1056800999997,413.76166816,405.99933785999997,368.2972172599999,1384.30127266,1062.75619366,2354.84879146
250213,G06007326,low,True,2755.716,0.7130643653791515,766.0712095785015,822.7915709369967,766.0812122838,752.1823969758002,684.6917124347999,970.4192050398,818.6189056428,1174.7907302387998
250418,G06007323,high,False,17026.631,0.7130643653791515,8717.146838508137,7970.531016975243,8717.248980288132,8580.739675388131,7917.919416488132,7494.497322388132,6896.478124388131,6272.039965788132
250538,G06007315,high,False,7497.976,0.7130643653791515,3477.618966378133,3346.8244897452373,3477.646632088132,3418.933594288132,3133.9070031881315,3580.3042984881317,3149.298501188132,3682.9573853881316
25055,G06007310,medium,False,8659.23,0.7130643653791515,4035.5136735581314,3830.0027019252398,4035.5308402881315,3968.5693050881314,3643.3540473881317,3997.0627928881313,3548.353543188132,3958.533522688132
250589,G06007326,low,True,3060.425,0.7130643653791515,808.1109053132794,861.3954731829101,808.1141218853793,792.9829471343791,719.4710636123791,991.2942946853791,836.8432857233793,1174.4699095613794
250663,G06007330,low,True,347.3839999999999,0.7130643653791515,90.30959894880041,161.22809992799964,90.30982005359999,88.61165883359998,80.36462291759999,502.5009234216,376.90515417359995,914.6900967216001
250814,G06007317,high,False,8192.954,0.7130643653791515,3860.768207718133,3684.707716745239,3860.7852690881323,3796.4012320881316,3483.7388159881325,3866.5211865881315,3423.332260188132,3872.2714151881314
251089,G06007308,medium,False,9813.085000000001,0.8407500276235722,4684.757524289998,4409.51886638943,4684.794146849999,4607.530008749998,4232.406635949998,4471.339278649999,4000.495530449999,4257.909867049999
251198,G06007307,low,True,2797.5060000000003,0.8407500276235722,729.2895688197015,783.4185042389979,729.2919730193998,715.5847831103999,649.0264222764,936.8604865164,785.4597097463999,1144.4088302484001
251432,G06007301,medium,False,3372.0249999999996,0.7130643653791515,1392.9439594500022,1515.5218695199962,1392.94720595,1366.76042345,1239.58697935,2049.50610845,1688.3691642499998,2706.0280206499997
251622,G06007315,high,False,8490.228000000001,0.7130643653791515,4016.1964211481213,3821.171090675237,4016.2087152881327,3949.544069088132,3625.6843318881315,3982.6215253881314,3534.5469570881314,3948.991576988132
251693,G06007312,high,False,9004.196,0.7130643653791515,4282.386355218132,4054.5236265852404,4282.417206688133,4211.768293488132,3868.730045588132,4181.516917488132,3724.873262788132,4080.595170288132
252032,G06007302,medium,False,13216.052,0.8407500276235722,6340.529809816261,5866.496018271053,6340.606866326266,6236.228428426265,5729.488307026265,5665.261141626265,5136.241868626265,4989.9947553262655
252087,G06007328,low,True,7582.896000000001,0.8407500276235722,2199.706635772799,2219.1202324056017,2199.7272059594993,2162.2170734324995,1980.0815735924996,2001.7235961434994,1799.2066961684995,1803.7075526474996
252146,G06007316,low,True,400.852,0.7130643653791515,104.19615811080106,174.7426085440007,104.19642926280001,102.2370849108,92.72169065879999,511.9366562148,385.7796310548,919.6746476748001
252223,G06007311,medium,False,9199.818,0.7130643653791515,4403.240915628134,4162.79610525524,4403.282583688133,4330.835525388131,3979.087165888132,4271.798438888132,3811.3233624881323,4140.288001388131
252308,G06007316,medium,False,11956.328000000001,0.7130643653791515,5825.437828938129,5407.46834702524,5825.476238488132,5731.923471188133,5277.685319588132,5334.309230088131,4828.468741188132,4843.036665488133
252422,G06007314,medium,False,5767.885,0.7130643653791515,2591.999284588131,2572.5944067552437,2592.025641688132,2546.4623159881316,2325.261454788132,2918.6673650881316,2515.935586888132,3245.316278688132
252537,G06007302,medium,False,10625.823,0.8407500276235722,4959.558233666268,4652.765608261049,4959.614444926265,4875.753322526265,4468.548619926264,4633.579093526265,4148.588775826264,4307.613893126265
252646,G06007308,medium,False,3356.047,0.8407500276235722,1388.5408033199963,1511.9513190100015,1388.5455730100002,1362.44946971,1235.7200669099998,2046.66133021,1685.7222304099998,2704.74113791
252661,G06007302,high,False,8788.193000000001,1.0497359105206039,3982.1378012978025,3789.900261492014,3982.1504126777922,3913.2437847777933,3578.549920577793,3910.624957577793,3457.688068677793,3839.163805477793
25309,G06007325,high,False,15823.556,0.8407500276235722,7860.1411126,7197.510846879439,7860.19389085,7735.799387349998,7131.78492115,6843.583180149999,6271.466883949999,5826.994190149999
25376,G06007322,high,False,6411.357,0.7130643653791515,2873.1221837681283,2812.5185778552477,2873.124580688132,2823.4104857881316,2581.971125488132,3128.711412088132,2717.006063588132,3384.213975088132
253966,G06007317,low,True,5124.956,0.7130643653791515,1396.208979212122,1433.540447531667,1396.2112234674232,1371.043552799423,1248.7969141944232,1408.3737133194231,1232.3461145184233,1420.5030106134232
254007,G06007307,high,False,10205.736,0.8407500276235722,4929.51188477,4628.896777349428,4929.526011849999,4848.677839749998,4455.8767927499985,4654.163356949999,4175.576766349999,4378.804694049999
254151,G06007306,high,False,16013.718,0.8407500276235722,7928.0499646599965,7252.986709339421,7928.0907944499995,7802.673308649999,7193.780488949999,6894.353410149998,6320.003503549999,5860.611090649998
254249,G06007308,high,False,13723.672,0.8407500276235722,6809.01835704,6281.45667183943,6809.077969249999,6700.279731149998,6171.998653949999,6058.292157149998,5519.710627549999,5307.608499749999
254385,G06007307,medium,False,9646.216,0.8407500276235722,4597.9451905800015,4333.676719179431,4597.987722449999,4522.010537549999,4153.158111949999,4406.492172749999,3938.4336487499995,4214.979103949999
254468,G06007330,medium,False,6388.6359999999995,0.7130643653791515,2883.4944996881277,2824.303716295229,2883.510626488132,2833.630841188132,2591.438794788132,3136.4525583881314,2724.422603588132,3389.337904988132
254670,G06007327,low,True,9072.401,0.7130643653791515,2717.6649999081224,2723.66243410467,2717.6830477575227,2672.878460419523,2455.3380930675235,2395.4688077895235,2177.2613828385233,2073.2543103405233
254871,G06007324,high,False,13944.504,0.7130643653791515,6975.856587798131,6428.946040005243,6975.934547688132,6865.270385288133,6328.042945488132,6193.705621488132,5651.157689888133,5411.587462688132
254897,G06007328,low,True,4256.352000000001,0.7130643653791515,1113.4668410708837,1157.8882647569098,1113.4725265877794,1092.5728962557791,991.0904776727795,1198.4866768457791,1031.6362734287793,1283.4762231467794
254974,G06007302,low,True,9105.922,0.8407500276235722,2632.052026633847,2644.9908694937326,2632.0894467375465,2586.5611809825464,2365.520547616547,2297.5966362345466,2077.8791633385467,1963.144561657547
254986,G06007330,low,True,5334.19,0.7130643653791515,1472.1345671244235,1508.5174893076678,1472.1442788075233,1445.8312544685232,1318.0745767065232,1464.9701859675229,1286.490742204523,1457.7778344675235
255112,G06007322,medium,False,1331.5240000000001,0.7130643653791515,578.706743310002,805.5929199500004,578.71872812,567.94332622,515.64734782,1498.05531462,1170.0581474199998,2417.41300442
255173,G06007330,medium,False,4595.061000000001,0.7130643653791515,1982.4164322500033,2036.3564563999985,1982.4353853100001,1946.21315581,1770.3441037099997,2468.1441732099997,2085.47184301,2953.8575913099994
255202,G06007322,high,False,4706.276,0.7130643653791515,2039.1208537293219,2087.0882447524,2039.1466305493204,2001.93236954932,1821.2784052493203,2508.0549710493196,2123.26488924932,2976.96883184932
255557,G06007316,medium,False,4073.446,0.7130643653791515,1738.5301927289802,1821.30287650917,1738.5553273489809,1706.547410648981,1551.145069948981,2296.012010548981,1922.4400433489811,2853.468262748981
255867,G06007323,high,False,22400.281000000003,0.7130643653791515,11465.61552224814,10373.686517515245,11465.718331888133,11288.420204588132,10427.543462088131,9547.87420038813,8862.146021388131,7630.153453588133
25597,G06007310,high,False,15692.430999999999,0.7130643653791515,7859.236888268133,7200.043112615238,7859.309501288131,7735.544957788132,7134.670976888132,6853.678319588133,6282.965062788132,5848.061825688132
256363,G06007327,medium,False,10027.378,0.7130643653791515,4865.734447068133,4571.47095707524,4865.775461688132,4786.463080988133,4401.356734688132,4617.2985659881315,4142.079066488132,4368.842830688132
25662,G06007316,high,False,8993.433,0.7130643653791515,4358.55568979813,4130.637871765242,4358.605859888132,4286.801444788132,3938.2248975881325,4238.390510588131,3779.3056748881318,4118.293880688132
256677,G06007302,low,True,8943.312999999998,0.8407500276235722,2534.555159700645,2543.930718315735,2534.578666783547,2490.505711549547,2276.5142747505474,2224.763400556547,2008.1664922335467,1914.9470390115468
256766,G06007308,medium,False,13720.445,0.8407500276235722,6796.335497009999,6269.456701189432,6796.409710049999,6687.806902649998,6160.449949749999,6048.794953049999,5510.667175049999,5301.28025475
256846,G06007307,high,False,7064.686,0.8407500276235722,3221.0719495981384,3116.479623915238,3221.0675596181322,3166.4368730181322,2901.0000270181317,3392.3928076181314,2970.157147218132,3563.588405118132
256880,G06007324,low,True,12482.021,0.7130643653791515,3900.108612996621,3883.3120820236677,3900.146819869523,3837.783075958522,3534.9797906565227,3278.812038727522,3022.9060765995227,2657.5615585785226
256997,G06007313,high,False,19946.783,0.8407500276235722,10067.375032429998,9138.729531589428,10067.446435049998,9910.285138549998,9147.152347249998,8492.533015949999,7850.033468749999,6917.680251349999
257010,G06007308,high,False,12810.774,0.8407500276235722,6353.793463910001,5885.03857756943,6353.874758049998,6251.803295449999,5756.353768849998,5718.2204751499985,5194.163042249998,5082.642481749999
257036,G06007325,high,False,8546.302,0.8407500276235722,4001.8808033399964,3808.541618699431,4001.907346449999,3934.790875249999,3608.897109149999,3961.1869003499987,3512.12738775,3920.456665249999
257156,G06007311,low,True,4598.826,0.7130643653791515,1227.2899631697464,1269.0529454577625,1227.2971661046438,1204.6924665396439,1094.9409643716438,1283.292123621644,1112.778921309644,1339.256337642644
257228,G06007324,high,False,4713.067000000001,0.7130643653791515,2028.8725673796605,2075.136564956197,2028.8824975496602,1992.0008777496603,1812.8825801496603,2503.19372484966,2119.07997004966,2977.49393594966
257238,G06007329,high,False,9023.595,0.7130643653791515,4329.522863868135,4100.466488935241,4329.577115488131,4258.225096988132,3911.768231988132,4216.690644388133,3758.5857842881314,4103.862644088132
257242,G06007312,medium,False,13774.880000000001,0.7130643653791515,6878.375774308133,6343.123622835241,6878.448208688133,6769.26089948813,6239.061060788132,6120.880666388131,5581.47151558813,5363.3673929881315
25726,G06007315,medium,False,3561.575,0.7130643653791515,1473.4746923399998,1586.3384321299984,1473.4787098499996,1445.7851794499998,1311.3026198499997,2104.38928795,1740.0159417499995,2735.25865875
257517,G06007316,high,False,9641.301,0.7130643653791515,4588.891218948129,4320.051732755239,4588.911077288132,4513.719220488132,4148.606937288132,4410.519074288131,3944.0937073881314,4232.040647888131
257575,G06007310,high,False,6683.859,0.7130643653791515,3043.047927988136,2964.7754735352323,3043.059746488132,2990.8222066881317,2737.1286190881315,3255.644826788132,2838.552364188132,3468.152879788132
257797,G06007302,high,False,2952.256,0.8407500276235722,1274.553657620002,1418.38749472,1274.5761740800003,1250.82467258,1135.4860398800001,1972.72009058,1616.8594370800001,2670.92363648
257904,G06007307,medium,False,5554.0509999999995,0.8407500276235722,2432.9550461998215,2432.321161372532,2432.969227059829,2389.159098459829,2176.396983659829,2789.252503759829,2390.2644851598297,3145.5384588598286
257932,G06007311,high,False,11172.171,0.7130643653791515,5492.871076128129,5124.603307835239,5492.914481088132,5404.293513088131,4973.9589799881305,5085.804865788132,4590.572002288131,4678.768231588132
25799,G06007316,medium,False,6571.592000000001,0.7130643653791515,2977.2299614881326,2906.2581797552384,2977.2449486881324,2925.977152388132,2677.026203088132,3206.475974688132,2791.4584534881315,3435.656664488132
258019,G06007315,medium,False,6015.344000000001,0.7130643653791515,2740.025693198639,2704.2858957453673,2740.054127388641,2692.327683788641,2460.602420788641,3029.8039116886407,2622.4235807886416,3319.597159588641
258034,G06007313,low,True,9689.191,0.8407500276235722,3008.028783533139,3020.6534828117815,3008.065901677841,2958.6025098258406,2718.4229502828407,2606.5708771968402,2378.398531195841,2205.2197156728407
258061,G06007301,medium,False,4382.224,0.8536704995961909,1872.5155519999987,1939.957289170001,1872.5334585100002,1837.9614802100002,1670.1287935100002,2386.4409153099996,2007.3127599100003,2900.34359281
258126,G06007307,medium,False,12354.787,0.8407500276235722,6020.492376110001,5581.518047869433,6020.534650649999,5923.450002649998,5452.053020349998,5469.232362349999,4955.808558649999,4917.919568349999
258283,G06007301,high,False,9860.133,0.7130643653791515,4721.048985248126,4437.8177211952425,4721.063346688132,4643.922029288133,4269.250775288132,4509.218699788133,4038.584948988132,4297.371271488131
258311,G06007325,high,False,12217.198,0.8407500276235722,6101.116660230011,5670.400018049435,6101.181970449999,6002.904294649999,5525.60621295,5529.401357349999,5013.457464749999,4957.7717038499995
258340,G06007302,medium,False,10454.157,0.8407500276235722,4834.142143466264,4538.649889421054,4834.185552726264,4752.188502426265,4354.066408526264,4539.929973526265,4058.937900226265,4245.600249326265
258426,G06007302,high,False,12511.015,1.0497359105206039,5901.887172656264,5473.490338551049,5901.920678126265,5804.071644826265,5328.969273926265,5337.619990126264,4822.510481026265,4773.301615026265
258447,G06007310,high,False,3224.9210000000003,0.7130643653791515,1375.720191619995,1503.7776892300017,1375.7288772500003,1350.2664391500005,1226.6005164500002,2044.63899485,1685.07123335,2713.55906135
258453,G06007325,medium,False,13341.293000000001,0.8407500276235722,6526.079694510019,6024.229762409428,6526.141960649999,6421.558609549999,5913.7461672499985,5846.939418249998,5317.448238949999,5167.658659049999
258769,G06007316,high,False,8674.703000000001,0.7130643653791515,4087.250551028131,3880.6091731552406,4087.268994888132,4019.5203000881324,3690.561282188132,4035.7533614881318,3585.3234588881323,3984.1698975881322
258844,G06007317,low,True,3385.85,0.7130643653791515,877.5693232235974,927.1216680320033,877.570307901,861.0584983560001,780.8707936890003,1037.309195694,879.877483923,1197.0204113670002
258872,G06007326,high,False,16689.392,0.7130643653791515,8337.89238875813,7614.627838185241,8337.963084288132,8207.096648088132,7571.734547488131,7211.2671389881325,6625.277493888131,6084.590174688132
258990,G06007330,high,False,5141.339,0.7130643653791515,2268.332137519151,2287.059057876071,2268.357336109151,2227.888700609151,2031.4409548091508,2681.847216809151,2290.053105109151,3095.3509529091507
259102,G06007328,low,True,11009.307,0.7130643653791515,3388.827711219294,3384.985956316596,3388.8525581294984,3333.688712140499,3065.793581623499,2890.055875768499,2649.6022424204994,2391.3586585004996
259135,G06007325,low,True,7691.845,0.8407500276235722,2268.0584462718025,2289.7399855956032,2268.075181459499,2229.553612093499,2042.4597059474995,2052.770929648499,1848.0654610184997,1837.5201737204993
259313,G06007322,medium,False,7614.197,0.7130643653791515,3607.891924248134,3469.129950815242,3607.918264888132,3547.291552988132,3252.825626688132,3677.582171088132,3242.476563588132,3747.314527988132
259579,G06007315,high,False,5829.933,0.7130643653791515,2606.0579002881336,2582.711632375244,2606.073883888132,2560.314531588132,2338.103585788132,2929.169642288132,2525.996064688132,3252.253970588132
259647,G06007316,high,False,3642.957,0.7130643653791515,1519.3360727400013,1626.9319223699995,1519.3400326699998,1490.9553522699998,1353.1179093699998,2138.4964772699996,1772.6348742699997,2757.6327355699996
259704,G06007302,low,True,13797.192,1.4172145412832236,4141.8949341207435,4110.925553686732,4141.901386933547,4073.995992355547,3744.1420472145464,3425.5844351655464,3157.7194851225468,2709.193883521547
259716,G06007317,medium,False,3965.0759999999996,0.7130643653791515,1653.583292569997,1745.7001846099965,1653.59351484,1622.56741044,1471.91904864,2227.7850729399997,1856.26222024,2801.95045484
259851,G06007316,high,False,3525.419,0.7130643653791515,1473.86214497,1588.513481700001,1473.8747079700001,1446.2267891699998,1311.9967972700001,2105.6790108699997,1741.4207615700002,2737.4714159699997
260152,G06007328,medium,False,5088.370000000001,0.7130643653791515,2163.743504429828,2193.1565622725325,2163.757795809829,2123.9612344098286,1930.7379316098286,2588.544020009829,2198.180956609829,3013.295745009829
260155,G06007316,high,False,3620.549,0.7130643653791515,1505.6489197400012,1615.5021651300024,1505.65841367,1477.3867431700003,1340.11551867,2126.78034207,1761.1758683699998,2747.8689374699998
260211,G06007314,low,True,6400.916,0.7130643653791515,1844.236088426426,1874.0643624816655,1844.2662245835234,1812.4289861505233,1657.8498683805233,1742.934341002523,1552.6333428165226,1641.599987254523
26030,G06007329,high,False,11034.469000000001,0.7130643653791515,5393.0802024581335,5034.44296974524,5393.146288488131,5305.996974588132,4882.9017367881315,5011.267324788132,4519.256565288132,4629.370971588132
260303,G06007302,low,True,5107.853,0.8407500276235722,1430.3271159001524,1475.6673767309892,1430.355888636452,1404.2528090884516,1277.5354426414517,1426.8864393544513,1248.8979759484514,1423.4722680364516
260334,G06007308,medium,False,8969.96,0.8407500276235722,4218.17325262001,3997.490347699432,4218.1988542499985,4147.866546049999,3806.390631449999,4122.786535549999,3666.815017849999,4027.342860849999
26034,G06007330,low,True,4189.187,0.7130643653791515,1160.1526743009001,1207.5572229979996,1160.1680293791,1139.1251162571,1036.9763845370999,1242.8811245451,1075.7404416981,1325.6160511641
260466,G06007317,low,True,7093.832,0.7130643653791515,2058.781324344025,2081.0785609636673,2058.8002644435232,2023.785015895523,1853.7340297695232,1903.216382005523,1706.0489648055232,1747.6485558735235
260497,G06007322,high,False,10514.135999999999,0.7130643653791515,5063.2117250081355,4738.175645635247,5063.245648488133,4981.011828288132,4581.713912088131,4764.859126688132,4283.344872888132,4466.377941488132
260507,G06007301,high,False,5769.441,0.7130643653791515,2534.8899862481308,2515.5624929752407,2534.8876092881324,2490.1959444881318,2273.133680988132,2876.0237568881316,2475.106988288132,3217.083505388132
260508,G06007316,medium,False,4024.156,0.7130643653791515,1683.2302528598273,1771.848298192529,1683.242656059829,1651.747330159829,1498.824101959829,2249.4405448598286,1876.9142783598288,2815.602124159829
260600,G06007324,low,True,10147.470000000001,0.7130643653791515,3054.477764613323,3049.4977888726658,3054.490832035524,3004.6899506325235,2762.8841485905227,2647.1058023565233,2418.1493351085232,2239.6826810505236
260973,G06007317,high,False,5431.710999999999,0.7130643653791515,2401.974841278129,2404.252856525241,2401.9925546881323,2359.2593736881317,2151.7567319881323,2776.7022207881323,2380.0376166881315,3151.411025588132
262229,G06007312,high,False,10886.355,0.7130643653791515,5257.14617925813,4908.034872305241,5257.176242288133,5172.058196188133,4758.782935288133,4909.759148988132,4422.030299988132,4562.236484188132
26231,G06007307,low,True,10467.08,0.8407500276235722,3159.2083825638006,3155.205975235603,3159.2306977874996,3107.4925010534994,2856.1803351794993,2718.5240433314984,2485.4184346394995,2277.8326019894994
262310,G06007314,medium,False,11216.442,0.7130643653791515,5447.401757538135,5076.92383120524,5447.442668888132,5359.491302888133,4932.493631188132,5051.883857388131,4558.086258988131,4656.259903688131
262389,G06007328,low,True,1672.187,0.7130643653791515,436.4870716520995,498.410014312002,436.48919433630005,428.2874254322999,388.46206476629993,737.8667020353,598.2974612193,1039.2337861953001
262445,G06007322,low,True,2508.139,0.7130643653791515,658.8313425098981,715.4925155979982,658.8359186031,646.4708874350999,586.4368609701,889.3007592321001,740.7890346350999,1119.7524910101001
262874,G06007316,medium,False,10011.147,0.7130643653791515,4805.110948508129,4512.392636455241,4805.1432988881315,4726.735507088131,4346.031134088133,4572.039487188133,4098.732267988132,4338.874996988132
262983,G06007323,high,False,14638.592999999999,0.7130643653791515,7374.84947244813,6782.858742395238,7374.916697288132,7258.352749588132,6692.324055688132,6491.751383988132,5936.496364188132,5608.761936688132
263085,G06007306,medium,False,3622.825,0.8407500276235722,1511.4186886399996,1621.1150581699997,1511.4292083499997,1483.0685950499999,1345.3596603499998,2131.02232585,1765.2302632499998,2750.5925322499997
263088,G06007315,high,False,12629.475,0.7130643653791515,6378.266338918123,5915.59975482524,6378.353214288132,6276.553843388132,5782.350790288132,5747.235836688133,5223.761948588132,5116.316584088132
263221,G06007326,high,False,684.4159999999999,0.8407500276235722,282.38100008000015,542.511266239998,282.38170608,277.07172088,251.28392887999996,1294.71606088,978.44125368,2307.04454848
263235,G06007317,low,True,3563.651,0.7130643653791515,935.0188521785974,984.5560574010013,935.0248555179002,917.4734229339,832.2526601739,1077.1048029279,917.4505765268999,1219.1640480339001
263432,G06007325,medium,False,13686.984,0.8407500276235722,6704.6532707399965,6179.83201451943,6704.702600849999,6597.449809049998,6076.732041449997,5980.350855249999,5445.056931449999,5256.052047849999
263448,G06007326,high,False,7415.6359999999995,0.7130643653791515,3414.5507351381298,3289.0933441652396,3414.5647004881316,3356.8018099881315,3076.3309545881325,3533.194029588132,3104.212422188132,3651.7711765881318
263548,G06007330,low,True,13290.117999999999,0.7130643653791515,4145.682379109122,4120.150346322669,4145.727537181524,4079.7202286535235,3759.2374245225233,3462.279595006524,3198.558743824524,2778.8699025885235
263571,G06007312,medium,False,10296.041000000001,0.7130643653791515,5006.1831069581385,4695.104910785243,5006.233524888132,4924.832416388132,4529.607338988131,4722.240497288132,4242.518582288131,4438.250577088133
263629,G06007316,high,False,10942.487000000001,0.7130643653791515,5262.509663518133,4909.97362112524,5262.530602488132,5177.352504488132,4763.6882878881315,4913.751597388131,4425.867950588132,4564.872402588131
263684,G06007325,high,False,4815.343,0.8407500276235722,2074.092980091188,2117.6565315171583,2074.115811611188,2036.0539650111878,1851.2605662111878,2528.5127834111877,2141.896288111188,2982.9248509111876
263700,G06007314,medium,False,2840.3550000000005,0.7130643653791515,1182.8304195900016,1332.5694263600033,1182.8354130500002,1160.6336122500002,1052.8225525500002,1907.34894235,1554.78022445,2631.83767435
263758,G06007301,high,False,2857.5510000000004,0.7130643653791515,1182.940398209999,1331.8490358999973,1182.9434803300003,1160.7143631300003,1052.76277083,1906.9538454299998,1554.32337313,2630.9278503299997
263763,G06007316,low,True,7477.714,0.7130643653791515,2216.482291761664,2238.53582545985,2216.511316384565,2179.1590198995646,1997.8357592775649,2021.4005715015646,1819.2285117915644,1826.3354039685646
26379,G06007323,medium,False,4250.753000000001,0.7130643653791515,1784.2342713889798,1860.0558736691712,1784.2478811489814,1751.032160348981,1589.749961848981,2321.1035717489813,1944.886341948981,2857.9240130489807
263877,G06007322,medium,False,5653.658,0.7130643653791515,2483.094683998133,2471.23536684524,2483.0985190881324,2439.1681000881313,2225.835021988132,2837.328317288132,2438.0530629881314,3191.503093288132
26388,G06007313,high,False,3891.322,0.8407500276235722,1628.8646967100012,1724.78027061,1628.87733866,1598.3312038600002,1450.02505876,2211.28491296,1840.80181336,2793.6646693599996
263958,G06007317,high,False,6897.508,0.7130643653791515,3249.3923495891477,3155.585498236068,3249.4342495791507,3194.270103979151,2926.4472908791513,3412.558546079151,2989.216665279151,3575.7723857791507
263970,G06007306,high,False,4368.415,0.8407500276235722,1820.3790628594934,1891.1646101992985,1820.3884032494898,1786.31872064949,1620.8911759494895,2342.7072156494896,1964.6415722494896,2864.9823071494898
264171,G06007302,medium,False,4210.597,1.0497359105206039,1743.539032329999,1823.1815303600029,1743.54537231,1710.7799517100002,1551.67892831,2288.06514321,1912.79572601,2832.53839091
264202,G06007327,medium,False,2488.181,0.7130643653791515,1028.9407878400011,1196.7572616299988,1028.94286663,1009.60566663,915.6814053299998,1802.1898814299998,1455.7673826300002,2575.42349023
264404,G06007329,low,True,11211.753999999999,0.7130643653791515,3441.248831832922,3431.058357856667,3441.2771474475235,3385.7261416365227,3116.023972606523,2936.0345719545235,2694.750268864523,2430.809942074523
264488,G06007324,high,False,5530.897999999999,0.7130643653791515,2445.797535788644,2441.6677172353707,2445.8092962086407,2402.444822208641,2191.844299308641,2809.6629376086407,2411.6185727086413,3173.5103556086406
264503,G06007317,low,True,4654.263,0.7130643653791515,1262.7014729678976,1304.8645782760004,1262.7106664318999,1239.6768356259001,1127.8396886589,1311.4092614979,1139.9784849758998,1360.1074074999
264630,G06007323,medium,False,13422.33,0.7130643653791515,6620.473006968126,6106.875448555242,6620.496956488132,6515.137615188132,6003.523973388132,5928.220533888132,5396.945311588132,5236.056830088131
264848,G06007315,high,False,4962.864,0.7130643653791515,2139.5025774581313,2172.1398940252407,2139.518757888132,2100.676658088132,1912.107468388132,2580.6324630881318,2192.324415588132,3021.714339688132
265175,G06007302,medium,False,7837.559,0.8407500276235722,3493.0037771781335,3360.156613195811,3493.0145487281334,3431.6259541281324,3133.4415977281324,3549.5839772281333,3112.7964492281326,3606.194161428133
265510,G06007330,medium,False,7082.2649999999985,0.7130643653791515,3322.9305179581334,3218.499599845235,3322.960572288132,3266.552398688132,2992.635870988132,3464.7062201881317,3038.672843888132,3606.5129917881322
265523,G06007302,high,False,12524.868999999999,0.8407500276235722,5985.738145796259,5555.935320671048,5985.780436126265,5886.703237926265,5405.517288326265,5400.205195826265,4882.518769226265,4814.672320026265
265547,G06007310,high,False,3058.941,0.7130643653791515,1270.6307148899998,1409.226920620002,1270.63860243,1246.7739411299997,1130.9025766299999,1966.8524618299998,1610.71688793,2663.0365763299997
265733,G06007327,medium,False,3016.246,0.7130643653791515,1251.4843033999996,1392.3080972800021,1251.4890235799999,1227.98503458,1113.8311723800002,1953.73550608,1598.36856538,2655.94679558
265853,G06007324,high,False,10377.576000000001,0.7130643653791515,5023.442692788125,4706.800877955233,5023.475820888132,4941.847356388131,4545.380986788132,4735.098492988132,4254.901079188132,4446.714934388132
265870,G06007302,low,True,9178.805,0.8407500276235722,2648.812316866863,2660.134586942824,2648.8417102728677,2603.0652882738677,2380.8405417468675,2310.214412440868,2089.9396319058674,1971.6221367498674
265874,G06007317,high,False,18632.742,0.7130643653791515,9322.366873928135,8474.139633915238,9322.436479688131,9176.956086488131,8470.65904818813,7946.770235488131,7329.360133588131,6571.055310588132
266019,G06007316,medium,False,5598.461,0.7130643653791515,2465.0963716281294,2456.8907860552426,2465.109411488132,2421.445801888132,2209.4106599881316,2823.871787388132,2425.1969408881314,3182.5805715881315
266043,G06007324,high,False,13446.269,0.7130643653791515,6644.303369828131,6129.986450415241,6644.357673888131,6538.633834188133,6025.3405808881325,5946.043346388131,5414.057263788133,5247.731478588132
266081,G06007307,high,False,13696.956999999999,0.8407500276235722,6785.535053779999,6259.890234719435,6785.610751049998,6677.152161149999,6150.582019549998,6040.739266149999,5502.937790849998,5295.9610856499985
266162,G06007329,medium,False,5615.54,0.7130643653791515,2623.4000752300067,2604.679546810001,2623.4192733600003,2578.4725153599998,2360.1451559599996,2960.27011616,2558.84950476,3297.22571096
266204,G06007308,low,True,9935.372,0.8407500276235722,2975.4388251440946,2974.826992010604,2975.4492488594988,2926.438845403499,2688.3814486094993,2581.253826478499,2353.9954829654994,2187.032230180499
26640,G06007307,high,False,10483.536,0.8407500276235722,5014.5433787199945,4696.159126959427,5014.566665049999,4932.422546849999,4533.5236194499985,4717.713643149999,4236.33876505,4420.886867049999
266765,G06007301,high,False,9699.023,0.7130643653791515,4665.099339738135,4392.1853649652385,4665.134067688132,4588.801373888133,4218.149713188133,4467.409689888132,3998.5439246881315,4269.754207988131
266878,G06007316,high,False,1523.04,0.7130643653791515,629.8526652699989,847.0562421500003,629.854501,618.0154103,560.5244358,1530.9382590999999,1200.6337338,2432.0056790999997
266984,G06007326,low,True,2808.981,0.8407500276235722,736.344254148299,790.8007030280006,736.3465146009002,722.5235330859,655.3953850688999,941.9262700539001,790.2761974959001,1147.4944020699
267069,G06007306,medium,False,4415.477000000001,0.8407500276235722,1922.6205977111895,1983.6903199771602,1922.629792051188,1887.8382022511878,1718.852997451188,2432.532852051188,2052.9143899511882,2942.4589014511876
267304,G06007313,medium,False,9787.362000000001,0.8407500276235722,4665.247358370004,4391.890213909434,4665.287372849999,4588.3106030499985,4214.607928249999,4456.777042749998,3986.558658849999,4248.248753749999
267315,G06007310,high,False,2615.8269999999998,0.7130643653791515,1082.565472520005,1243.8327236500047,1082.5665718100001,1062.2225347099998,963.4246584099999,1838.70431341,1490.1192331099999,2594.8057965099997
267319,G06007330,high,False,16865.947,0.7130643653791515,8394.570826208126,7659.48732013524,8394.53926288813,8262.95027768813,7623.5005654881315,7253.621813288131,6665.937629788133,6112.470625488131
267425,G06007301,low,True,9127.278,0.7130643653791515,2802.052385545222,2814.613411753666,2802.093435217523,2756.0183624115234,2532.3684878445233,2458.490573092523,2237.606368798523,2114.961118000523
267719,G06007307,high,False,1303.3860000000002,0.8407500276235722,537.0803245500016,765.5366518300038,537.0814083800002,526.9795380800001,477.91943618000005,1467.74930698,1141.17668518,2398.40406288
267791,G06007329,high,False,11370.746,0.7130643653791515,5573.144898738128,5192.358831485244,5573.187271288132,5483.377000088132,5047.275319188131,5145.788903188131,4647.996252588132,4718.415068688132
267864,G06007302,high,False,10726.035,0.8407500276235722,4976.299460376259,4662.686063251052,4976.310877526265,4892.225831626266,4483.816426426266,4646.117295026265,4160.5540343262655,4315.925960326265
267990,G06007330,medium,False,8614.035,0.7130643653791515,4098.462334728127,3895.6440722552366,4098.493493088132,4030.576768788132,3700.7836595881313,4044.104582888132,3593.335429488132,3989.7108019881316
268003,G06007310,medium,False,6468.848,0.7130643653791515,2941.8228167881302,2877.4334978952434,2941.847091288132,2891.0980675881315,2644.690190388132,3180.0148222881317,2766.1288939881315,3418.1660328881317
26804,G06007316,low,True,3333.5170000000003,0.7130643653791515,866.2832712260989,916.4602469959997,866.2844593053,849.9950029682999,770.8808488562998,1029.7946738253,872.8408779753,1193.2798147233002
268073,G06007322,low,True,8716.486,0.7130643653791515,2594.8412435598234,2603.3407570696677,2594.8566231135233,2551.882571902523,2343.203319358523,2303.709869875523,2089.443618076523,2012.5296322005233
268205,G06007312,medium,False,4985.436,0.7130643653791515,2132.057940568135,2163.320217955243,2132.062454088132,2093.342014188132,1905.3151079881318,2575.0781058881316,2187.0053591881324,3018.0315072881317
268321,G06007330,high,False,10210.748,0.7130643653791515,4947.470309978129,4641.329409825234,4947.4997754881315,4866.980409688131,4475.976639488132,4678.3652648881325,4200.513839888132,4409.263636588132
268441,G06007316,high,False,4438.409000000001,0.7130643653791515,1910.3304940200035,1973.9561487799992,1910.3485958400004,1875.22445224,1704.71701774,2414.8831585399994,2034.57050944,2919.42003294
26876,G06007326,high,False,8476.569,0.7130643653791515,4020.304207618635,3825.2319542653686,4020.3260900286414,3953.6227358286415,3629.7559053286413,3986.783726328641,3538.604255028642,3953.3203919286407
27009,G06007327,high,False,4297.583,0.7130643653791515,1801.7919699888078,1875.6096960022724,1801.805594178811,1768.1957732788107,1605.0220392788103,2332.0303143788105,1954.9618499788107,2862.2189108788107
2704,G06007301,low,True,3556.124,0.7130643653791515,943.1217038816999,993.3528535770001,943.1272794888001,925.5049891038001,839.9281610538001,1083.9763154478,924.1703936778,1224.8210588388001
270416,G06007307,high,False,2527.284,0.8407500276235722,1053.9116416299994,1219.6748293299988,1053.91992772,1034.1399536200001,938.1053253199999,1819.7559877199997,1472.39675852,2585.58718822
270483,G06007310,medium,False,6391.293,0.7130643653791515,2913.2691631881335,2853.788926615244,2913.2945990881317,2862.977541488132,2618.6189737881323,3158.6626839881324,2745.7210234881322,3404.031746988132
270500,G06007315,high,False,2875.8050000000003,0.7130643653791515,1195.2563665700013,1343.206247519998,1195.2623445499999,1172.8177558500001,1063.83115645,1915.64367145,1562.5555265500002,2635.99963935
270578,G06007330,high,False,13845.585,0.7130643653791515,6868.536790978129,6328.468019805241,6868.598297888131,6759.541070488131,6230.093867388132,6113.568475088132,5574.450120288132,5358.504509688131
27063,G06007322,high,False,7856.755,0.7130643653791515,3667.295300278131,3513.2783584652398,3667.3215558881325,3605.7926125881318,3307.0950121881315,3722.008779088132,3284.953596888132,3776.684510388132
270651,G06007328,low,True,799.0079999999999,0.8407500276235722,207.67089651840203,275.45166527200007,207.6714248112,203.76623826720004,184.80091684320004,582.2508646632,451.91218098720003,956.8259005632001
27074,G06007301,medium,False,5850.9349999999995,0.7130643653791515,2759.920940060002,2721.4473669600065,2759.94381692,2713.5080393199996,2488.0514111199996,3071.74216752,2667.1231302199994,3383.6619985199995
27089,G06007315,medium,False,3423.835,0.7130643653791515,1424.221052380003,1544.1233638700019,1424.22893125,1397.48872325,1267.64827615,2071.4286878499997,1709.1135968499998,2718.59472955
27094,G06007314,low,True,4211.232,0.7130643653791515,1116.8090232004527,1161.6883815895899,1116.817382008951,1096.085983789951,995.4353162809509,1204.744601236951,1038.2606455729508,1292.642560492951
271163,G06007326,high,False,13472.147,0.7130643653791515,6572.016413908123,6056.315008655249,6572.047839688132,6467.455842088133,5959.433130188132,5891.9997409881325,5362.507088888132,5211.783008688131
271365,G06007310,low,True,633.048,0.7130643653791515,164.41110141119964,233.33201904600008,164.41152174720003,161.31939846120002,146.30255743320006,552.8458223742,424.2547144092,941.2759103802001
271434,G06007327,medium,False,4163.642,0.7130643653791515,1781.5630593899996,1859.0741102399988,1781.5779402099997,1748.8731352100003,1590.0690603100002,2327.1668566099997,1952.04053371,2872.75769381
271565,G06007310,medium,False,364.789,0.7130643653791515,150.46164206000094,426.9491396300004,150.46202606999998,147.63248156999998,133.89110377,1205.0683327699999,894.12406387,2259.6714134699996
271568,G06007326,high,False,13919.801,0.7130643653791515,6855.166780808131,6310.299057455242,6855.196887288132,6746.364729688132,6217.883207588131,6103.583708888133,5564.874918088132,5351.917795788131
271612,G06007313,medium,False,6151.332,0.8407500276235722,2742.3768284000043,2703.7139999394344,2742.4131054499994,2693.9879916499985,2458.8942576499994,3020.2375400499986,2611.383750849999,3298.034632349999
272027,G06007323,medium,False,3960.334,0.8407500276235722,1645.2616235994933,1737.6594085898691,1645.2699590894908,1614.3781063894908,1464.3797093894907,2221.7328133894907,1850.4944507894909,2798.1555973894906
272082,G06007313,medium,False,6957.155,0.8407500276235722,3147.630882430005,3057.0719956894304,3147.6553636499993,3093.226498449999,2828.9235387499994,3323.0001856499994,2901.2106446499993,3498.2948225499986
272095,G06007313,high,False,22647.208,0.8407500276235722,11328.690780050005,10226.753048249442,11328.67977665,11152.897872849999,10298.953416749999,9434.897049849998,8752.287232349998,7540.724078449999
27210,G06007302,medium,False,14161.517,0.8407500276235722,6880.666883286253,6345.364915981047,6880.726469326265,6768.354432926265,6222.624779926265,6068.766046826265,5522.495363626264,5256.962929826264
272116,G06007301,low,True,1477.924,0.7130643653791515,397.3320614403013,461.81141335699994,397.33979929559996,389.91385409760005,353.87813690460007,712.0210472976,574.1308896006,1026.7104354666
272240,G06007326,medium,False,10945.989,0.8407500276235722,5291.819665058132,4938.535239865239,5291.845177288133,5206.212237488133,4790.405304688131,4935.637798988133,4446.769684788132,4579.4412501881325
272339,G06007328,medium,False,9178.053,0.8407500276235722,4331.509440080003,4097.579130299433,4331.54153205,4259.529020849998,3909.890056449998,4207.4542923499985,3747.8919901499994,4083.3136899499987
272364,G06007327,low,True,8114.360000000001,0.7130643653791515,2410.5939669366185,2425.6598903076674,2410.6123837455234,2370.367694386523,2174.953964644523,2166.055804480523,1957.6510273845233,1921.5147907515234
273202,G06007327,high,False,5631.132,0.7130643653791515,2549.273976129156,2536.6619019360724,2549.3066322991517,2504.6211420991513,2287.6992316991514,2890.982979599151,2490.141612899151,3232.7005762991507
273313,G06007324,high,False,12783.398000000001,0.7130643653791515,6266.8958179781275,5795.396291745243,6266.939412288131,6166.818635888132,5680.753445488132,5664.116000688133,5144.1601900881315,5061.225225788132
273383,G06007308,medium,False,11778.876,0.8407500276235722,5753.467259029991,5351.244740949435,5753.521520649999,5660.379517949998,5208.2111366499985,5269.734770849999,4764.809227449998,4786.011901649998
273409,G06007315,low,True,7280.3369999999995,0.7130643653791515,2123.0118989844236,2143.834446939668,2123.0264664555234,2087.052549238523,1912.3742844285232,1951.2148957785234,1751.9819756355228,1779.4036409205232
273471,G06007307,medium,False,5482.862000000001,0.8407500276235722,2353.228390440001,2357.578960099428,2353.2336882499994,2310.6039002499992,2103.5630259499985,2729.5316726499987,2333.061050549999,3105.768160849999
273582,G06007323,medium,False,3799.2760000000003,0.7130643653791515,1581.415697060001,1682.089293919998,1581.42458588,1551.7364178799999,1407.5838120800001,2178.40410858,1809.75480608,2775.3488161799996
273654,G06007307,high,False,12123.832,0.8407500276235722,5890.641781259998,5466.034193879426,5890.684651249999,5795.497891149999,5333.4526569499985,5372.230815249998,4862.874861749999,4853.853427849999
273738,G06007310,low,True,2324.709,0.7130643653791515,606.3127023995974,663.7138937870008,606.3147431901,594.9200901231001,539.5901210091001,853.2860439711,706.8545477481,1100.2417708371001
273945,G06007324,medium,False,11978.386,0.7130643653791515,5843.050528538133,5423.418208045243,5843.087137288132,5749.271872888132,5293.730687588131,5347.4425145881305,4841.004739388131,4851.8118306881315
274028,G06007314,high,False,5600.714,0.7130643653791515,2498.3748057181306,2489.831305685236,2498.3949248881318,2454.2310750881315,2239.7756649881317,2848.7208850881316,2448.9783303881322,3199.0495493881317
274034,G06007315,low,True,3723.3759999999997,0.7130643653791515,970.1809282494016,1017.9159862479991,970.1839874663999,951.9482391174,863.3956646574001,1100.5717553634,939.4394706534001,1230.9328526514
274049,G06007330,medium,False,6538.1990000000005,0.7130643653791515,3012.642824288126,2943.501855415239,3012.6728536881324,2960.865175588132,2709.338476688132,3232.916871688132,2816.775136188132,3453.170585588132
274223,G06007310,high,False,483.841,0.7130643653791515,199.62118078000216,470.0161559100001,199.62174163,195.86791673000002,177.63794933000003,1238.47695673,925.54657303,2277.3279610299996
274349,G06007316,high,False,7518.787,0.7130643653791515,3470.736012348137,3338.7557261952365,3470.7524960881324,3412.1594098881324,3127.6428808881324,3575.1675874881316,3144.4113787881324,3679.510139488132
274355,G06007311,medium,False,9885.253999999999,0.7130643653791515,4781.110242758134,4496.220641105243,4781.152655688133,4703.095908788131,4324.094670188131,4554.084066188132,4081.554676388132,4327.027868788132
274430,G06007325,medium,False,4266.2660000000005,0.8407500276235722,1785.945830739488,1862.5773283598705,1785.9605180994913,1752.4825915994911,1589.933415099491,2318.387737199491,1941.608494499491,2850.793163399491
274526,G06007307,low,True,14475.339,0.8407500276235722,4522.268261000699,4488.823875654595,4522.320763285499,4450.318128679499,4100.758052548499,3736.8446386304995,3460.2410658135,2951.3958929564997
274546,G06007328,low,True,5809.307,0.8407500276235722,1607.6081293464185,1641.1246845626922,1607.6227880730203,1578.92393099102,1439.5552436100202,1559.7015285840203,1376.10351563102,1511.77952607302
274758,G06007301,medium,False,4519.796,0.7130643653791515,1925.2042369900023,1983.2321576400009,1925.2127585100002,1889.94752711,1718.7055920100001,2427.15058881,2046.50854881,2929.0710164099996
274786,G06007316,low,True,4149.364,0.7130643653791515,1082.4769926053991,1126.9512076410006,1082.4783318656998,1062.1893059757,963.6555899186999,1177.8477369357001,1012.2977467587,1273.1916133347002
27486,G06007325,high,False,14949.68,0.8407500276235722,7345.319133690001,6739.223847689432,7345.347871449999,7228.62081995,6661.740543849999,6458.979304649998,5903.310868649999,5572.551524449998
274914,G06007316,high,False,4634.864,0.7130643653791515,1949.915265868136,2003.7912283152382,1949.921743488132,1913.9051965881322,1739.0049424881317,2438.9972725881316,2056.740779288132,2928.0229437881317
274920,G06007313,medium,False,10259.859,0.8407500276235722,4951.244010140006,4647.556564619432,4951.3118820499985,4870.082076249999,4475.755932949999,4670.40802585,4191.116555249999,4389.527457949999
27495,G06007328,medium,False,9199.644,0.8407500276235722,4322.271433259995,4086.615477399427,4322.2807942499985,4250.4394727499985,3901.459061649999,4200.5165508499995,3741.3134456499993,4078.701232649999
274959,G06007327,medium,False,6987.312,0.7130643653791515,3144.530233598643,3046.1861278653705,3144.5285506286414,3090.789905628641,2829.865310628641,3331.747520528641,2911.385285828641,3518.9699644286407
275005,G06007316,high,False,13418.761999999999,0.7130643653791515,6648.338038848135,6135.591140635233,6648.402707888132,6542.598261288131,6029.012831188133,5949.064646288132,5416.928108588131,5249.751501488132
275016,G06007314,low,True,6323.119000000001,0.7130643653791515,1814.4124665963254,1844.1310778486652,1814.4293293275232,1783.0337932815232,1630.5949903245232,1720.6646283765235,1531.2746626695234,1626.9149657775233
275134,G06007328,medium,False,18467.343,0.8407500276235722,9231.168217629998,8398.410120269427,9231.244825849999,9086.474856949999,8383.655154749998,7867.856399949999,7251.977791449998,6504.494853449998
275166,G06007328,high,False,13967.216,0.7130643653791515,6950.157242630003,6406.997322189436,6950.231196249999,6839.325331449998,6300.884864549998,6163.742293649999,5620.673480149998,5377.321571649999
275240,G06007313,high,False,8615.629,0.8407500276235722,4097.4068215800025,3899.1778876394287,4097.4415626499995,4028.904041949999,3696.0950261499993,4032.529949749999,3580.4465134499997,3967.662050849999
275342,G06007313,high,False,17798.881999999998,0.8407500276235722,8955.050651399999,8164.868824759435,8955.12151885,8814.46433835,8131.51294155,7661.557506949999,7054.535125749998,6368.026044349999
275639,G06007323,high,False,9999.07,0.7130643653791515,4791.451932228134,4499.539216835241,4791.479505088131,4713.2781558881325,4333.561909088132,4561.840359988131,4088.9671684881314,4332.123256688132
275729,G06007311,medium,False,9942.432,0.7130643653791515,4806.920510588141,4518.291854515241,4806.962456488132,4728.515867888133,4347.654303988133,4573.373488788133,4099.997315988132,4339.8073570881315
275961,G06007315,high,False,8786.656,0.7130643653791515,4145.445712508126,3931.690598915238,4145.470732288133,4076.8527587881313,3743.7062795881316,4079.2327433881314,3626.9495355881318,4012.916523888132
276017,G06007315,low,True,10507.369999999999,0.7130643653791515,3234.7653387198247,3233.3320887316663,3234.7958579295228,3182.3111081715233,2927.4812371905236,2781.7707045465227,2547.0843786045234,2328.7710560205232
276038,G06007315,medium,False,5744.616,0.7130643653791515,2551.837699178132,2534.0734014252403,2551.8490988881326,2506.897567288132,2288.6044573881322,2888.674257688132,2487.2303217881317,3225.450639188132
276044,G06007313,high,False,12352.007000000001,0.8407500276235722,5933.1705684499975,5494.706190029436,5933.199047649999,5837.419128749999,5372.342408449998,5403.999921649998,4893.337192749999,4874.783016949999
276225,G06007327,medium,False,4664.863,0.7130643653791515,2013.2059677299935,2062.7986857000005,2013.2183647900001,1976.5159378899998,1798.29363099,2490.68376279,2106.96595409,2968.1480323899996
276873,G06007330,high,False,24211.385000000002,0.7130643653791515,12426.275577078133,11216.533863585235,12426.40140248813,12234.764083488133,11304.67148798813,10265.606343088131,9549.14175488813,8104.956665788131
276891,G06007316,medium,False,1201.607,0.7130643653791515,520.3847798800015,753.943951230002,520.3950398100001,510.69929271,463.64120701000013,1458.1057727099999,1132.42648091,2395.8308467099996
277267,G06007310,medium,False,1887.4470000000001,0.7130643653791515,804.3293163700014,1002.3096787,804.3362849500002,789.35827835,716.6161371500002,1651.94593555,1314.9021630500001,2499.5929266499998
277269,G06007313,high,False,19412.18,0.8407500276235722,9891.89222904,8997.783155179432,9892.045720249998,9737.42217255,8986.929165649999,8361.398893849999,7724.539130449999,6830.930874049999
277372,G06007316,medium,False,2857.876,0.7130643653791515,1279.469418910002,1424.354286039995,1279.4951954700002,1256.25568287,1143.46890997,1986.6094019700001,1631.85337037,2693.79086627
277482,G06007311,high,False,9046.812,0.7130643653791515,4363.359179258132,4132.44238438524,4363.412250888132,4291.550089988132,3942.639471088132,4241.968185888131,3782.7651394881323,4120.6180945881315
27817,G06007314,medium,False,8969.224,0.7130643653791515,4333.801886438132,4107.905064425242,4333.849828288134,4262.443543988133,3915.6550181881325,4219.873072388133,3761.6484665881317,4105.979607088132
27840,G06007328,medium,False,6635.171,0.7130643653791515,3047.3742842010165,2974.5181328302597,3047.4116695710177,2994.7697041710176,2739.2088133710176,3253.522838271018,2835.587594471018,3459.7031061710177
278551,G06007324,low,True,15563.187999999998,0.7130643653791515,4847.782291926926,4797.692316938666,4847.808488725523,4771.3791768855235,4400.302498444524,3986.835224737523,3700.6501207725228,3125.869906561523
278937,G06007316,high,False,4917.110000000001,0.7130643653791515,2118.1706904381317,2153.763423225238,2118.1879408881323,2079.664017788132,1892.6306394881321,2564.6912669881317,2177.0710560881316,3011.1673120881314
278943,G06007330,high,False,726.984,0.7130643653791515,307.06089727999876,564.9965905200006,307.06278132000006,301.31786442,273.40811122,1311.9634521199998,994.75510722,2316.86783162
27899,G06007306,low,True,7338.936,0.8407500276235722,2096.9314901891985,2115.846279525601,2096.9369729594996,2060.9555857064997,1886.2352314784994,1924.9613294295,1725.6951412544995,1752.9452581694995
279090,G06007328,low,True,8554.143,0.8407500276235722,2537.8601866631952,2550.8513449855964,2537.8844402834998,2495.3480449694994,2288.8317740714992,2254.352472538499,2041.0392745964996,1970.8197819944994
27924,G06007306,low,True,9186.178,0.8407500276235722,2691.4548028844592,2692.9671767594273,2691.4447458353584,2646.688261895358,2429.236431278358,2369.498580002358,2151.364151072358,2047.4269869653583
279451,G06007315,high,False,9979.609,0.7130643653791515,4844.651477218131,4553.367020085241,4844.681746288134,4765.692285888132,4382.084110688133,4601.541497088131,4126.973208388132,4358.463604188131
279487,G06007327,low,True,4098.921,0.7130643653791515,1139.938994873701,1183.3763451019975,1139.9414904800997,1119.8431138670999,1022.2585725050998,1238.6669012030998,1073.5250407761,1337.4137984541
279511,G06007328,medium,False,11330.929,0.7130643653791515,5466.092357509999,5093.10753162943,5466.119476849999,5377.281553849999,4945.823822649998,5055.033035549999,4559.2792835499995,4644.002310349999
27955,G06007310,high,False,6120.9169999999995,0.7130643653791515,2744.794518308126,2702.8439631552437,2744.8117220881322,2696.989505288132,2464.7952306881316,3032.831476288132,2625.2290999881325,3320.797191288132
279772,G06007313,low,True,6325.614,0.8407500276235722,1802.6485931788943,1834.2424704117707,1802.656168632792,1771.0692362557922,1617.6279590917923,1705.4014164247924,1515.594166941792,1608.1341897127922
280154,G06007324,low,True,2792.691,0.7130643653791515,804.7565982603012,862.2757735689978,804.7665009468,790.4803332257999,721.0938397698,1002.4800336858001,849.8494181027999,1200.2458901298
280177,G06007311,high,False,6735.014000000001,0.7130643653791515,3097.13455260813,3015.394643815242,3097.163011288132,3044.098497088132,2786.497445388132,3296.051525188132,2877.208797188132,3494.9149798881317
280197,G06007314,low,True,4873.456,0.7130643653791515,1301.3354422959253,1339.6281808106642,1301.3357174295231,1277.568475777523,1162.128247867523,1337.3722471005233,1164.3453874395232,1373.3691039075234
280297,G06007326,medium,False,13133.36,0.7130643653791515,6474.751323298129,5980.554930425238,6474.801369688132,6371.599491388131,5870.524066388132,5819.367295688133,5292.794979188132,5163.9484268881315
280306,G06007322,low,True,7797.394,0.7130643653791515,2291.6856938019223,2307.9073741886696,2291.699316493523,2253.217289959523,2066.388457321523,2077.2410400855233,1872.616465723523,1862.756729872523
280850,G06007324,low,True,12368.29,0.7130643653791515,3829.6732908030235,3810.656311003667,3829.7102662275233,3768.4010722605226,3470.699240245523,3226.1990365305237,2972.5608782835234,2622.710383135523
281036,G06007310,high,False,7281.313,0.7130643653791515,3362.793377118131,3245.8976640652386,3362.815456088132,3305.813144988132,3029.0646114881315,3494.5196610881317,3067.1900011881316,3626.202711988132
281048,G06007302,low,True,8215.89,1.0497359105206039,2300.2597194111886,2316.3052358819155,2300.2709674248886,2259.6977096928886,2062.6453391148884,2049.9733547148885,1840.8458251128882,1799.6892504018883
281161,G06007316,low,True,6424.2880000000005,0.7130643653791515,1827.771558699328,1854.5048924886673,1827.7790208855233,1796.190907195523,1642.8046680915231,1730.661806560523,1540.8440188155232,1633.503003793523
28128,G06007307,low,True,16173.974,0.8407500276235722,5012.035637162396,4955.982149061601,5012.047298443499,4932.786278101499,4547.951335588499,4102.780836985499,3810.502223962499,3193.4522783804996
281295,G06007306,low,True,7286.578,0.8407500276235722,2124.3217802814,2148.4063959115992,2124.339878713499,2087.9463445154997,1911.2223375944989,1945.3978108514993,1745.2674237044994,1766.4957473594995
281451,G06007311,medium,False,9245.238,0.7130643653791515,4396.3145984381335,4152.721129585234,4396.331660488133,4324.003031988132,3972.7437166881323,4266.622343988132,3806.3391108881315,4136.910627888132
281497,G06007311,medium,False,5851.299000000001,0.7130643653791515,2588.9294538181352,2564.3911347452454,2588.9383736881323,2543.4362196881316,2322.4781315881323,2916.3912963881317,2513.7540402881323,3243.783229688132
281529,G06007301,high,False,6512.784,0.7130643653791515,2996.435375459662,2928.215505245629,2996.454880149659,2944.980089349659,2694.992659149659,3222.150311849659,2806.690934749659,3447.893297049659
281624,G06007315,high,False,13271.414999999999,0.7130643653791515,6629.873593038132,6126.415980205244,6629.937721888131,6524.448686788131,6012.144068688131,5935.193817388132,5403.760600988132,5240.551498388131
281684,G06007325,high,False,3189.9629999999997,0.8407500276235722,1329.0163782199982,1460.8154694100008,1329.0209330900002,1304.0792292899998,1182.9506739899998,2006.8147441899998,1648.35522269,2684.5946170899997
281708,G06007315,high,False,19919.205,0.7130643653791515,10164.62950267813,9232.922485525241,10164.761200888133,10006.753968788133,9239.68175068813,8575.923767788132,7931.754254388133,6987.197577288132
281783,G06007329,low,True,9180.974,0.7130643653791515,2721.549499589426,2723.2894717316694,2721.552961609523,2676.703714894523,2458.902814066523,2398.389861442523,2180.060117392523,2075.152366843523
281965,G06007314,high,False,11098.443,0.7130643653791515,5426.478889328135,5063.5247700952405,5426.537323488132,5338.897059088133,4913.3698454881305,5036.2036652881325,4543.100325388132,4645.928007388131
282035,G06007316,high,False,10453.196,0.7130643653791515,5033.140285618136,4711.9142255652405,5033.173098888132,4951.377374788131,4554.238618388132,4742.399042188132,4261.807973188132,4451.563896188132
282443,G06007317,low,True,3092.79,0.7130643653791515,814.9852330326006,868.0126700840005,814.992683841,799.7065786710002,725.4896671890001,995.6909004510001,840.908312283,1176.386585532
28249,G06007315,medium,False,5938.32,0.7130643653791515,2642.346863448133,2612.214154975246,2642.3614722881316,2596.063030688132,2371.2540317881317,2956.295064388132,2551.9600193881315,3270.172968588132
282545,G06007307,high,False,12347.756000000001,0.8407500276235722,5984.391931240003,5546.301140339434,5984.4278070499995,5887.888734649999,5419.124344849999,5442.286665049999,4930.027142049999,4900.034145549999
282843,G06007308,low,True,10100.495,0.8407500276235722,3019.9435637741985,3016.7430348716007,3019.9405273694993,2970.2828323034987,2729.025046471499,2614.5086524184994,2385.848023720499,2208.9995836934995
282845,G06007308,medium,False,4578.974,0.8407500276235722,1930.1674408600024,1989.7267194494293,1930.1825771599993,1894.191660959999,1719.4002526599988,2419.6636433599992,2037.4857176599992,2909.1325193599987
282894,G06007316,high,False,9031.63,0.7130643653791515,4322.318036268134,4092.147845055241,4322.335846888132,4251.106830388131,3905.168497188132,4211.3315176881315,3753.437415788132,4100.327373288132
283099,G06007328,medium,False,11379.383,0.8407500276235722,5518.500811219994,5142.35150173943,5518.54468685,5428.905144349999,4993.680362849999,5094.204424649998,4596.771975549998,4669.8945567499995
283151,G06007316,high,False,10330.178,0.7130643653791515,5043.352433278134,4729.527051665238,5043.398901688131,4961.442011588131,4563.521761088132,4749.995788588132,4269.088614888132,4456.640744688131
283186,G06007316,high,False,15065.189,0.7130643653791515,7511.0686660581305,6892.180096845237,7511.102740488133,7392.5423217881325,6816.760448988132,6593.582962688131,6033.981300688131,5676.008930088132
283220,G06007326,high,False,8380.542000000001,0.7130643653791515,3905.393045458128,3717.7535939652357,3905.425401488132,3840.384810688132,3524.5398072881317,3899.8294987881313,3455.286186288132,3894.233083488132
283229,G06007329,high,False,4042.259,0.7130643653791515,1676.527014080504,1764.6665460295555,1676.5344083005082,1645.052634800508,1492.191933200508,2242.951503800508,1870.442481900508,2809.325242200508
283287,G06007317,low,True,8848.033,0.7130643653791515,2688.1785654936184,2700.7301180196687,2688.204897559523,2643.833062702523,2428.400227672523,2373.427611976523,2156.178956431523,2058.6792765945233
283300,G06007310,medium,False,10790.083999999999,0.7130643653791515,5254.354344198135,4910.932039965241,5254.396468488132,5169.301930288131,4756.189089788131,4907.647485088131,4419.983288188132,4560.922667588131
283310,G06007301,low,True,2466.718,0.7130643653791515,664.9315507800006,723.5811248259977,664.9427401596002,652.5264643506,592.2711761526002,894.6482415366,746.0396824746,1124.3725475316
283495,G06007326,medium,False,8689.175,0.7130643653791515,4125.437264928127,3917.5767640952395,4125.463846488132,4057.1432554881317,3725.4016111881315,4064.2529268881312,3612.603194288132,4003.072391988132
283594,G06007317,low,True,4672.363,0.7130643653791515,1243.9969096518435,1284.9205301837596,1244.0021067171438,1221.0817459041436,1109.7823986891435,1294.5712773711439,1123.3746858981438,1345.1145556551437
283615,G06007311,medium,False,17052.984,0.7130643653791515,8596.350073648142,7849.555570755245,8596.449297888132,8461.734272588132,7807.718798888131,7404.3255512881315,6810.131604488132,6212.280932888132
283640,G06007327,high,False,17201.999000000003,0.7130643653791515,8680.248646788126,7923.3408403352405,8680.340659088131,8544.35303228813,7884.30071158813,7467.049703588131,6870.110771088132,6253.8045575881315
283671,G06007329,medium,False,4072.7470000000003,0.7130643653791515,1726.0915666800006,1809.9891796099994,1726.09876403,1694.15752973,1539.02821363,2284.5946623299997,1911.09412873,2843.07419873
283681,G06007325,high,False,2942.7169999999996,0.8407500276235722,1220.102386519999,1364.6293587899997,1220.10688591,1197.1844245099999,1085.8772248100001,1932.34393591,1578.22530131,2644.54947911
283777,G06007315,high,False,20136.034,0.7130643653791515,10292.768022068127,9347.048115875228,10292.89297888813,10132.994395888132,9356.673280288132,8671.651941388132,8023.397504488133,7050.519353588132
283934,G06007313,medium,False,1929.812,0.8407500276235722,799.7459668100014,996.1330791899977,799.7495383600001,784.72279566,711.7565918600001,1646.52716576,1309.37578986,2493.28508656
284107,G06007317,low,True,2717.0480000000002,0.7130643653791515,708.558245362802,763.2816608899979,708.5614659731999,695.2454722962,630.5837790671999,922.7825860602002,772.2253313471999,1136.9855531382
284140,G06007316,low,True,3838.401,0.7130643653791515,995.2922016701995,1041.7193916569995,995.2931949849001,976.5687730239,885.6318475178999,1117.3127355039,955.1254682289,1239.3013330059
284233,G06007323,low,True,11892.204000000002,0.7130643653791515,3664.2715654722247,3648.1987231516696,3664.2920770815226,3605.4501945135235,3319.6628419215235,3102.6332479185226,2854.260969493523,2540.9956675215235
284267,G06007312,high,False,4021.0560000000005,0.7130643653791515,1713.8821938900005,1800.6639888200014,1713.8893497099998,1682.1724922099997,1528.1250666099995,2276.20049861,1903.1850718099997,2838.50274981
284314,G06007322,low,True,7137.816,0.7130643653791515,2060.2877952246176,2080.6742318636625,2060.2959964575234,2025.2554486215233,1855.1121296325232,1904.371492486523,1707.1344712485234,1748.4000234645232
28433,G06007314,low,True,8020.799,0.7130643653791515,2355.3354260571236,2368.6678461566676,2355.345805735523,2315.9269004685234,2124.514249822523,2124.790312450523,1918.1472274755229,1894.192416196523
284500,G06007302,low,True,2839.2470000000003,0.8407500276235722,755.2261090391779,810.5247512949082,755.2305951494795,741.0970079474794,672.4544203184795,955.5223903514793,803.2088006594793,1155.8404799264795
284596,G06007314,medium,False,12207.503,0.7130643653791515,5996.053060558139,5561.630189185238,5996.112757688134,5900.005230888131,5433.4423916881315,5461.748104888131,4950.447982388133,4927.391567488132
284656,G06007313,medium,False,3780.3679999999995,0.8407500276235722,1561.4523545200009,1663.1097182999986,1561.45509344,1532.09724184,1389.5377195400001,2164.0231985399996,1796.06895794,2766.5429714399997
285057,G06007316,low,True,5809.635,0.7130643653791515,1614.547937751921,1645.4333600986665,1614.5504089395233,1586.1340180905236,1448.117271964523,1571.366871355523,1388.3506909335233,1528.1381111115231
285093,G06007311,low,True,432.012,0.7130643653791515,112.2834656916012,182.61233306400095,112.2837304428,110.1723018228,99.91809623879999,517.4314837068,390.94755608279996,922.5768429708
285135,G06007302,high,False,11216.543,1.0497359105206039,5215.3198376462615,4870.302730761044,5215.340314926265,5127.696718126265,4702.078672726266,4824.694588326264,4331.501542226266,4434.025862126266
28514,G06007310,low,True,2548.547,0.7130643653791515,703.3859111726991,762.6446362989984,703.4003566506,690.4042341966002,627.3334656036001,923.2382487936,773.3906275925999,1143.1060242936
285178,G06007310,high,False,21154.521,0.7130643653791515,11050.75992093814,10037.732425085247,11050.890194088131,10879.753895888132,10048.650961188132,9237.84743308813,8565.45885528813,7425.148217588132
285182,G06007312,low,True,3191.244,0.7130643653791515,832.2688345671,883.7515519490014,832.2732315576001,816.6330778536001,740.6822539116,1006.8770534555999,851.3284959155999,1181.4628114266002
285295,G06007327,low,True,3443.356,0.7130643653791515,944.1991250559005,995.1407183479987,944.2044572751,927.0573289551,843.7752467991,1093.1268628460998,934.3390906910998,1242.0682294641
28574,G06007327,high,False,4512.586000000001,0.7130643653791515,1969.3051685200003,2023.506686849998,1969.31318797,1933.9112245699998,1761.96601637,2468.81709907,2087.88243177,2968.33530657
28575,G06007326,medium,False,7766.146,0.7130643653791515,3613.6808662081353,3465.4498998352396,3613.681732488132,3552.9894379881325,3258.147498888132,3681.937543088132,3246.6486274881318,3750.1385391881317
28577,G06007312,high,False,16388.595999999998,0.7130643653791515,8252.699895638138,7547.260588925241,8252.731277288132,8123.150080088131,7493.858535788131,7147.5951718881315,6564.316955788133,6042.571486588131
286840,G06007325,high,False,10007.711000000001,0.8407500276235722,4772.957475700006,4485.42607273943,4772.9920696499985,4694.419184949998,4312.957185749999,4537.254619449998,4063.5918848499996,4301.476394449999
28716,G06007317,medium,False,5139.541,0.7130643653791515,2225.0296260781347,2246.32730898524,2225.0403316881316,2184.935270488132,1990.205487088132,2644.532427688132,2253.500570388132,3063.967227488132
287193,G06007316,medium,False,11829.062,0.7130643653791515,5755.00185670813,5345.055877295239,5755.030014688131,5662.5264787881315,5213.356686888132,5281.689295088132,4778.077068288131,4808.2599408881315
287258,G06007329,medium,False,10907.026,0.7130643653791515,5313.211908838131,4962.48463808524,5313.250242088132,5227.301900288132,4809.942864888131,4951.604970888131,4462.097540688132,4589.969623688132
287347,G06007316,medium,False,754.1959999999999,0.7130643653791515,311.1496876400019,567.7093548800003,311.15049708000004,305.29937587999996,276.88401187999995,1314.26423148,996.8265722799999,2317.37134828
287384,G06007301,low,True,4720.074999999999,0.7130643653791515,1262.2603339132302,1302.873458370498,1262.26592605783,1239.1000716958301,1126.5905828068303,1308.59071136383,1136.8685009998303,1354.8960980878303
287420,G06007315,high,False,16422.798000000003,0.7130643653791515,8285.629430228135,7578.845024275244,8285.706682488131,8155.602732188132,7523.968999388133,7172.215672388133,6587.8915891881325,6058.796877388133
287430,G06007322,high,False,5084.102,0.7130643653791515,2276.01592228,2296.006620669995,2276.0269046099997,2235.7182249099997,2039.9300038099998,2691.9127820100002,2300.4435792100003,3107.83867741
287666,G06007307,high,False,7045.886,0.8407500276235722,3250.531556171186,3152.5218064565947,3250.547957061187,3194.703487161187,2923.4737426611873,3401.743753561187,2976.8942548611876,3553.010131161187
287667,G06007313,low,True,5609.693,0.8407500276235722,1520.3428363493983,1552.805628415601,1520.349494750099,1492.9559273600992,1359.9722659130994,1494.8172534440992,1314.0127342640994,1469.2745462630996
287668,G06007311,high,False,13466.61,0.7130643653791515,6766.183172718134,6249.7928297252365,6766.265569488132,6658.703995888132,6136.5785558881325,6037.068035888131,5501.207364088133,5307.986452788132
287756,G06007312,high,False,8120.065999999999,0.7130643653791515,3768.418838878128,3597.676714105242,3768.424324688132,3705.420160088131,3399.4517597881313,3797.5693659881317,3357.3072807881317,3826.6145417881316
287822,G06007330,high,False,8180.455,0.7130643653791515,3834.5830396981314,3659.867580365242,3834.609491888132,3770.607241188132,3459.8596287881314,3846.983063688132,3404.623556288132,3859.305697788132
287950,G06007324,high,False,4238.655,0.7130643653791515,1851.4800083700022,1921.4274103499997,1851.4942281400001,1818.0775749400002,1655.79919064,2384.91577574,2008.2582029399998,2918.35734244
288011,G06007324,high,False,8440.216,0.7130643653791515,3989.061472158133,3797.5524748452403,3989.0936332881315,3922.7959768881315,3600.907428288132,3962.3853734881313,3515.1067374881313,3935.6354134881317
288031,G06007301,low,True,411.448,0.7130643653791515,106.98192141840131,177.45789684000076,106.98221535120001,104.97059939520001,95.2013904912,513.8317949232,387.56248864319997,920.6791669752
288139,G06007330,high,False,3011.303,0.7130643653791515,1245.7842179499992,1386.8267677800004,1245.7884656899998,1222.3733161899997,1108.6715999899998,1949.6195608899998,1594.4408498899998,2653.41633169
28817,G06007314,high,False,8308.08,0.7130643653791515,4001.5843031581358,3817.5510887852483,4001.6075756881323,3935.1357863881326,3612.2684675881324,3971.6849891881316,3524.0208011881323,3941.8833527881316
288239,G06007302,low,True,331.65299999999996,0.8407500276235722,86.18552792010011,157.20961023599966,86.1857520237,84.56499802169999,76.6939362147,499.6960576257,374.2666905297,913.2045034047001
288353,G06007316,low,True,6156.273,0.7130643653791515,1748.874405737424,1778.9202973536674,1748.8868718435233,1718.4660865395228,1570.7601491955231,1671.713566888523,1484.4106459665231,1594.5239669205232
288464,G06007327,low,True,4263.294,0.7130643653791515,1115.2641603662998,1155.2284132829993,1115.2600703874002,1094.8053648924001,995.5034742114,1207.9138672614001,1041.9941234694,1300.5415387284002
288537,G06007313,high,False,10413.969000000001,0.8407500276235722,5002.376498940001,4688.203554599428,5002.3731822499985,4920.451312249999,4522.418883849999,4708.613547949999,4227.704126349999,4414.797779649999
288598,G06007317,high,False,17274.919,0.7130643653791515,8618.924246078133,7857.8653565452405,8618.965429488131,8483.947761588131,7828.3356957881315,7421.248151688131,6826.270750488132,6223.473689988132
288622,G06007322,high,False,5682.299999999999,0.7130643653791515,2510.715654838135,2497.0698910252345,2510.7290448881317,2466.385682588132,2251.0631006881313,2857.9561545881315,2457.821575488132,3205.127250888131
288681,G06007310,high,False,18428.447,0.7130643653791515,9350.928936928136,8515.072749715237,9351.030114088131,9205.097738388129,8496.690699088133,7968.078957188132,7349.788680988132,6585.178606088131
288749,G06007324,high,False,17719.934,0.7130643653791515,8992.17372685813,8201.901121505241,8992.28350908813,8851.668550488132,8169.092432888132,7700.034805488131,7093.1644798881325,6407.955049788132
28895,G06007308,medium,False,7288.341,0.8407500276235722,3342.2879707799993,3229.8464752994264,3342.3024716499995,3284.9883578499994,3006.6275924499987,3468.4086196499993,3040.4012685499993,3594.522328449999
288959,G06007310,high,False,5125.476,0.7130643653791515,2209.2056625281366,2231.4557843552407,2209.2119088881323,2169.348345788132,1975.7584269881318,2632.707886088132,2242.183394988132,3056.1458682881316
288993,G06007315,low,True,4500.423999999999,0.7130643653791515,1212.169162238145,1253.0567961207591,1212.1666627635436,1190.200527103544,1083.4826218515439,1278.8091737985437,1109.6576536755438,1345.4051253765438
289237,G06007313,medium,False,6294.134,0.8407500276235722,2808.6431110500007,2760.5702579494287,2808.6677720499993,2759.258748649999,2519.3819532499992,3069.7528487499985,2658.749103449999,3330.825292349999
289565,G06007325,low,True,4437.646,0.8407500276235722,1160.5224662948608,1203.1796648684233,1160.5258488026577,1138.8005593706578,1033.3017308936578,1231.446471038658,1062.815156531658,1302.3342774566581
289634,G06007301,low,True,964.947,0.7130643653791515,250.61348152890102,317.222544394001,250.6140913563,245.9006716383,223.0102970613,611.4194419143,479.34399364229995,972.2188229073
290028,G06007327,low,True,4803.933,0.7130643653791515,1364.3028443392918,1407.6542287731681,1364.3167189615929,1340.1345549625926,1222.6976587915929,1393.409648381593,1219.5185059585926,1422.5355155875927
290143,G06007301,high,False,6164.155,0.7130643653791515,2825.5048385296614,2778.732799326199,2825.52236992966,2776.7082706296605,2539.61411272966,3096.47097852966,2686.73091302966,3367.47740392966
290366,G06007314,high,False,3012.026,0.7130643653791515,1243.6785341299947,1384.6843111100015,1243.68084458,1220.29743278,1106.74175358,1948.02697468,1592.91181458,2652.33657698
290435,G06007301,high,False,10329.29,0.7130643653791515,4946.682158518133,4633.219514545241,4946.705615888131,4866.190435288132,4475.277204888131,4677.806062188132,4199.9370026881315,4408.892649088131
290513,G06007314,medium,False,3240.044,0.7130643653791515,1386.3222790599998,1513.2349755500004,1386.33297683,1360.7278224299998,1236.3877243299999,2052.87872823,1693.0057971299998,2719.4425177299995
290532,G06007308,high,False,8740.458,0.8407500276235722,4110.628741530003,3904.5638118694283,4110.671653449999,4041.941418049999,3708.208054049999,4042.3795977499985,3589.9297834499994,3974.1300248499992
290548,G06007327,medium,False,4771.794,0.7130643653791515,2029.2900762781303,2073.785704105243,2029.2980016881322,1992.174582788132,1811.8944317881317,2499.4897465881318,2114.861026788132,2969.626027888132
290673,G06007316,low,True,4704.582,0.7130643653791515,1275.0768803365927,1316.7880345641713,1275.0852757417929,1251.826229952793,1138.887662868793,1319.920035321793,1148.000894958793,1364.749224756793
290990,G06007316,medium,False,3392.91,0.7130643653791515,1418.1046547299989,1539.5874948899996,1418.1162953,1391.5157944,1262.3570825000002,2067.7150843,1705.7058975,2717.2977728
291180,G06007308,medium,False,453.936,0.8407500276235722,187.2211671200023,459.14703648000057,187.22165568000003,183.70076928000003,166.60201408000006,1230.0465480799999,917.6165548800001,2272.8674556799997
291250,G06007316,high,False,6131.7699999999995,0.7130643653791515,2760.030872828133,2717.2126872952385,2760.0464652881324,2711.9928095881314,2478.694972488132,3044.2199858881318,2636.114877088132,3328.348406388132
291290,G06007316,medium,False,4280.742,0.7130643653791515,1775.6228969384683,1850.960779579614,1775.630609398473,1742.372458198473,1580.8644025984731,2311.694774898473,1935.3707111984731,2847.7162786984727
291462,G06007311,medium,False,5082.849,0.7130643653791515,2178.7584471981263,2203.80651684525,2178.7647706881316,2139.354214688132,1947.961148488132,2609.9586679881318,2220.407265388132,3041.0980710881317
29157,G06007302,high,False,8535.662,1.0497359105206039,3820.2094109762693,3647.8141231310465,3820.216025126266,3753.289559726265,3428.2203797262646,3782.4384385262647,3333.752628326265,3744.6424696262648
291582,G06007312,high,False,5580.4490000000005,0.7130643653791515,2476.5589803781318,2469.29681190524,2476.579227488132,2432.7313993881316,2219.862297788132,2832.435860588132,2433.3801534881313,3188.2692456881314
291585,G06007324,medium,False,13600.105,0.7130643653791515,6679.749570298136,6155.633029085238,6679.7836694881335,6573.564206788131,6057.70687128813,5972.498341088132,5439.392894188132,5265.249269688131
291620,G06007316,high,False,8971.704,0.7130643653791515,4245.142916428133,4019.5204120352414,4245.168119688133,4175.080474288132,3834.735299888132,4153.694670988132,3698.246609488132,4062.176215988132
291710,G06007302,high,False,13463.543,1.0497359105206039,6443.175780396263,5952.909027391049,6443.220965126266,6337.328801126264,5823.188190126264,5741.976986426264,5209.622830826265,5040.780966326265
291886,G06007323,medium,False,3793.456,0.7130643653791515,1629.4084753000025,1725.3984049000012,1629.4151698600003,1599.62571966,1454.9347275599998,2224.54981756,1855.6761651600002,2819.6934822599997
291891,G06007312,low,True,1097.842,0.7130643653791515,294.5662910568018,361.2413684460005,294.5673160038001,289.0671331338,262.33493949179996,641.9148348738,508.1473600697999,989.2748930748
291934,G06007314,low,True,6376.717000000001,0.7130643653791515,1805.0373479994196,1831.3673145776704,1805.041485631523,1773.7911390075233,1622.0442441345228,1713.680288608523,1524.5787999015229,1622.2787048055231
291941,G06007330,high,False,4799.953,0.7130643653791515,2048.0860133786414,2091.17744785594,2048.096358768642,2010.626407568642,1828.6780486686423,2512.457085868642,2127.083025168642,2976.792131368642
291980,G06007314,high,False,14589.468999999997,0.7130643653791515,7315.7771282281265,6727.566279395232,7315.863054088131,7200.160203788133,6638.432547188133,6447.640835688131,5894.277845688132,5579.523428888132
291985,G06007328,low,True,2823.46,0.8407500276235722,732.0493399022978,785.5807957970011,732.050529714,718.277901642,651.391325928,938.4652135199999,786.92108844,1144.858914546
292128,G06007301,high,False,10614.044,0.7130643653791515,5153.195215158132,4821.377138005242,5153.246452888132,5069.650826988132,4663.838071088132,4832.069274288133,4347.643199488132,4510.915762188131
292165,G06007324,medium,False,7874.026,0.7130643653791515,3709.5473376581317,3554.5042459052415,3709.574834888132,3647.437572088131,3345.670063888132,3753.5495852881318,3315.1857260881325,3797.535402088132
292179,G06007301,low,True,9443.229,0.7130643653791515,2869.8632504754273,2876.0045148416684,2869.8916520535236,2822.8278158565236,2594.2954285635233,2509.150253800523,2286.1004466825234,2148.4661847285233
292267,G06007313,low,True,3722.89,0.8407500276235722,971.9310051612027,1019.8623214780029,971.9359688429998,953.6725270799999,864.9958707810001,1101.886721931,940.699186851,1231.8161430930002
292461,G06007317,medium,False,3572.004,0.7130643653791515,1487.0496457400013,1599.0735483494316,1487.059553139999,1459.178667839999,1323.806055439999,2114.834039939999,1750.076658239999,2742.5732812399992
292548,G06007302,medium,False,4638.11,0.8407500276235722,2007.312345238809,2056.9646480128363,2007.3268221488124,1970.8867944488125,1793.981651448812,2489.4323525488117,2106.272903648812,2971.5892906488116
29256,G06007306,medium,False,9662.655999999999,0.8407500276235722,4682.535378979996,4416.702512319429,4682.592979849999,4605.3513837499995,4230.351622749999,4469.649946249999,3998.9012519499993,4256.81494135
292616,G06007301,high,False,9278.547,0.7130643653791515,4412.391522428137,4166.90364809524,4412.415783888133,4339.846496588132,3987.449033288132,4278.645028788132,3817.873205588131,4144.806997988131
292638,G06007325,medium,False,3303.593,0.8407500276235722,1363.713503809999,1489.8493498000012,1363.71922199,1338.0783599900003,1213.5560435900004,2029.57189169,1669.61368689,2695.39108929
292677,G06007316,high,False,2048.9660000000003,0.7130643653791515,870.2146478000006,1060.47304084,870.22675458,853.95928248,774.9509033799999,1695.83193248,1356.02704838,2521.4671241799997
292683,G06007325,high,False,6055.152,0.8407500276235722,2669.275945799998,2636.6328783594295,2669.2885924499997,2621.9564621499994,2392.1332756499987,2965.648512149999,2559.0866468499994,3261.952543449999
292747,G06007315,high,False,11404.076000000001,0.7130643653791515,5596.566513578129,5213.700826185237,5596.612526288132,5506.455503588131,5068.664683588133,5163.283070488133,4664.753102788132,4729.977526788132
292830,G06007307,low,True,7640.697,0.8407500276235722,2214.2505483126056,2232.6791426796,2214.2701984094992,2176.541230405499,1993.3656523514996,2012.5992180404987,1809.6139560944994,1810.8914326934994
293019,G06007308,high,False,15604.775000000001,0.8407500276235722,7786.287017929995,7138.0448882494275,7786.377484249999,7663.075133949998,7064.38397405,6788.360159549999,6218.702433149999,5790.393878949999
293041,G06007306,low,True,3903.126,0.8407500276235722,1032.2254825973998,1080.3424285360004,1032.2348816934,1012.8891786173999,918.9588280823999,1143.7606881714,980.2582417164,1255.2795584124
293060,G06007314,low,True,11439.938,0.7130643653791515,3534.0651182454235,3523.6177729656642,3534.086219635523,3477.1655996835225,3200.761754245523,3005.3698677675225,2761.1377980795232,2476.671212851523
293086,G06007301,low,True,2871.009,0.7130643653791515,752.0118751782002,806.0161032489987,752.0150631861001,737.8942033071,669.3293713490999,952.5455648210999,800.2577794880999,1153.0560858801
293091,G06007326,medium,False,5090.686,0.7130643653791515,2214.444289158138,2238.8610496052383,2214.4648832881317,2174.508924088132,1980.532627888132,2636.6140656881316,2245.917021688132,3058.748611088132
293252,G06007316,medium,False,11411.063999999998,0.7130643653791515,5562.502351528128,5179.392688555239,5562.545058488133,5472.883264688133,5037.586603888132,5137.873678688131,4640.408784688132,4713.133126288132
293273,G06007316,medium,False,12305.789999999999,0.7130643653791515,6089.831509348129,5648.617389115241,6089.906227088131,5992.379783288132,5519.054413888132,5531.812814588131,5017.516609288133,4973.7439392881315
293278,G06007302,high,False,6087.066,0.8407500276235722,2617.4301481188145,2594.742508382832,2617.452838538812,2569.369058638811,2335.904958038812,2901.080925138812,2492.9284558388117,3184.7235038388117
293408,G06007312,high,False,17524.315,0.7130643653791515,8829.38570284813,8052.18134673524,8829.48782888813,8691.29789128813,8020.498474688131,7578.440351488131,6976.778824588132,6327.460919488132
293426,G06007326,medium,False,10441.692,0.7130643653791515,5070.215736178132,4749.500251645242,5070.258923088133,4987.911157888131,4588.057621488133,4770.060192588131,4288.285360288132,4469.923654288132
2935,G06007315,low,True,10310.369999999999,0.7130643653791515,3139.6587691632208,3136.6584594836672,3139.677504235524,3088.6127393865236,2840.6521396815237,2710.730509159523,2479.0735579995235,2281.7677878345235
293647,G06007316,medium,False,4027.545,0.7130643653791515,1658.9395467499996,1748.0143855000006,1658.9444945500002,1627.7367660500001,1476.18839125,2229.96083645,1858.03385895,2800.93478125
293679,G06007310,low,True,4632.2029999999995,0.7130643653791515,1255.1944312592975,1296.7643587779996,1255.2011638677002,1232.3690227107,1121.5073199897,1307.3227454306998,1136.3160936026998,1359.4379915247
293728,G06007310,medium,False,10727.94,0.7130643653791515,5147.484089468133,4808.654041355239,5147.504066488133,5064.022713288132,4658.651123588132,4827.830436588132,4343.586423988132,4508.064411288132
293849,G06007317,medium,False,3889.264,0.7130643653791515,1613.6396006394912,1709.5081940698658,1613.6462154894912,1583.360655489491,1436.3002506894911,2200.4190745894907,1830.4804018894908,2787.153276289491
29446,G06007306,high,False,5740.883,0.8407500276235722,2488.715934859986,2476.4299062594305,2488.7231150499993,2444.078060249999,2227.273373449999,2830.755724049999,2429.955920949999,3172.724282549999
295018,G06007317,high,False,6575.937,0.7130643653791515,3015.7108457581335,2944.3092023452414,3015.740164488132,2963.889684388132,2712.1512976881318,3235.2119460881318,2818.9749705881322,3454.675314788132
295062,G06007306,high,False,9515.369999999999,0.8407500276235722,4526.192320289996,4270.60711532943,4526.24086105,4451.3374518499995,4087.6535808499993,4352.86721325,3887.1252790499993,4179.495852349999
295130,G06007324,medium,False,6859.534000000001,0.7130643653791515,3267.8551165498316,3173.9278152731004,3267.87809369983,3212.71193519983,2944.7445920998302,3430.59854069983,3007.2274774998295,3593.4512341998297
295224,G06007316,high,False,3720.462,0.7130643653791515,1537.5713314999975,1642.3144199199999,1537.5741656599998,1508.6692137599998,1368.30675246,2147.85192546,1780.87087466,2758.0791582599995
295227,G06007316,medium,False,11123.586,0.7130643653791515,5478.398706628133,5113.182591975241,5478.442863888131,5390.030075588131,4960.738141988131,5075.003708288132,4580.218498988131,4671.629573788132
295391,G06007326,low,True,11093.065,0.7130643653791515,3432.5757195270253,3426.536858923669,3432.6147356475235,3377.1830318025236,3108.092111074524,2929.5408856995227,2688.541417201523,2426.530248439523
295415,G06007314,low,True,7434.28,0.7130643653791515,2154.6819072186227,2172.1250435396673,2154.6846043935234,2118.249477091523,1941.2968879635232,1974.8864753325229,1774.6385854995233,1795.0497350835235
295534,G06007312,high,False,5157.438,0.7130643653791515,2275.820253188641,2295.8845473753713,2275.849004948641,2234.979377548641,2036.578238148641,2682.4830859486406,2289.8434287486407,3089.1088382486405
295672,G06007330,high,False,5333.77,0.7130643653791515,2318.895023778133,2327.7163691852434,2318.905139888132,2277.4079682881325,2075.915587988132,2714.6570490881318,2320.631372988132,3110.347993688132
295773,G06007314,medium,False,8830.187,0.7130643653791515,4200.807215468134,3983.994398435249,4200.8353602881325,4131.398962288133,3794.2306893881328,4120.564329088133,3666.522641288132,4040.294144288132
295825,G06007326,medium,False,4984.742,0.7130643653791515,2149.5043642381315,2180.72073438524,2149.5169480881323,2110.531380988132,1921.2370054881317,2588.1012021881315,2199.4746908881316,3026.659602488132
295859,G06007326,medium,False,10166.007999999998,0.7130643653791515,4941.958938078134,4638.864871125248,4942.009460488132,4861.547214288132,4470.953653188131,4674.264315088132,4196.577392788132,4406.536133788131
295970,G06007314,low,True,8888.644,0.7130643653791515,2685.7581199206247,2696.208369403665,2685.781907857524,2641.4441716245233,2426.1880803855233,2371.6207577385235,2154.433574569523,2057.5008395445234
296078,G06007306,high,False,21032.6,0.8407500276235722,10659.008289169999,9660.357037609423,10659.106673449998,10493.12542885,9687.358081649996,8934.54771365,8273.14066605,7210.059883949998
296129,G06007322,medium,False,8342.896999999999,0.7130643653791515,3916.308616578131,3730.87382842524,3916.323079088132,3851.1185997881316,3534.458179188132,3908.020853788132,3463.042187688133,3899.7270412881317
296220,G06007315,medium,False,4849.995000000001,0.7130643653791515,2182.978002959999,2213.1760749899986,2182.98807761,2144.6693355099997,1958.5428915100001,2632.7705105100003,2245.5717934100003,3082.6039721099996
296336,G06007314,medium,False,9126.717999999999,0.7130643653791515,4377.7914894281275,4142.104485215241,4377.824238088131,4305.770256188132,3955.8356082881323,4252.779993688131,3793.1118548881323,4127.7275813881315
296381,G06007323,medium,False,3720.327,0.7130643653791515,1562.534904839998,1666.6717327000008,1562.5498728,1533.3386574999997,1391.5115145999998,2167.698492,1800.0828873000003,2772.8417712
296507,G06007313,low,True,8267.44,0.8407500276235722,2487.486647268642,2507.0786584967864,2487.5100012930407,2445.7592597010403,2242.9907017440405,2217.2375448270404,2005.6078112760406,1947.0535431330404
296571,G06007326,low,True,6949.671,0.8407500276235722,2036.8419766620232,2062.923245911669,2036.8620403035231,2002.1614989315233,1833.688242784523,1886.8398449265228,1690.3574388855232,1736.824033717523
296686,G06007330,high,False,7063.535,0.7130643653791515,3260.988469628131,3157.975330115241,3261.0161724881323,3205.5202286881317,2936.110830688132,3418.4555858881317,2994.394709788132,3575.877470688132
296885,G06007314,low,True,1049.0320000000002,0.7130643653791515,278.9208332568006,345.63090314200025,278.92419959880004,273.70171335780003,248.3469737028,631.0883299817999,497.9236570068,983.2576212618001
296936,G06007324,low,True,1173.7939999999999,0.7130643653791515,303.33369502800196,368.2456361360001,303.33404418659995,297.6219068256,269.88410718359995,647.1357348756001,512.9125411296,990.9460617936
296977,G06007313,low,True,12135.153999999999,0.8407500276235722,3758.445687131103,3745.598590488601,3758.4850011975,3697.8442224254986,3403.320241261499,3166.1838680204987,2913.9824024714994,2573.9364168915
297098,G06007314,medium,False,6723.2660000000005,0.7130643653791515,3049.5908539381285,2968.8466599252397,3049.602944488132,2997.2607851881316,2743.1018338881318,3260.544282788132,2843.2154892881317,3471.4097110881316
297352,G06007315,high,False,16262.423,0.7130643653791515,8288.012102998136,7591.6188887252465,8288.120255288131,8157.990030788131,7526.149355588132,7173.935123788133,6589.641887488132,6059.8866929881315
297419,G06007310,medium,False,7134.859,0.7130643653791515,3342.974233348134,3234.9853015552467,3342.994187088132,3286.297489488132,3010.930042688132,3479.6729002881316,3053.002943388132,3616.424226188132
297426,G06007313,high,False,6716.603999999999,0.8407500276235722,2986.7473502000003,2911.5265920194283,2986.7470302499987,2934.713716549999,2682.0105575499992,3202.828396849999,2786.1255743499987,3418.842364749999
297685,G06007310,low,True,4700.5689999999995,0.7130643653791515,1258.5663817576287,1299.757473673499,1258.5726841579306,1235.4430816969302,1123.13203978393,1305.5928149539304,1133.9498824669301,1352.5834425979303
297706,G06007317,low,True,6195.76,0.7130643653791515,1768.6205771649206,1799.0419369826723,1768.637385703523,1737.9197121435232,1588.790310841523,1686.4629766335233,1498.5351822735233,1604.2772142075232
2978,G06007307,high,False,11889.057,0.8407500276235722,5789.24166675,5379.940222349421,5789.270909249999,5695.633016649997,5240.879532749998,5296.449671149999,4790.410875249999,4803.665303849999
297903,G06007315,low,True,3884.7780000000002,0.7130643653791515,1026.4211305992,1074.1907964339994,1026.4296653982,1007.2292687981999,914.0136602561998,1140.4615059101998,977.2667976342,1254.4827502632
297986,G06007306,low,True,7333.111000000001,0.8407500276235722,2115.8494914311987,2136.7805332716025,2115.8553354434994,2079.6013649564993,1903.4992901294997,1939.0628444654994,1739.232318922499,1762.2757183784997
298086,G06007326,medium,False,8019.685,0.7130643653791515,3844.1080242891444,3674.0333644860675,3844.1461554091507,3780.6849041091505,3472.4551956091505,3865.485391709151,3424.294276109151,3886.9573537091505
298130,G06007301,low,True,7369.812999999999,0.7130643653791515,2142.330171243025,2161.3796731416724,2142.3414107895233,2106.080417692523,1930.0242073065233,1965.665344378523,1765.811830513523,1788.938427769523
298192,G06007316,high,False,5445.807000000001,0.7130643653791515,2390.2862110481315,2391.8342754152395,2390.2973648881325,2347.743526288132,2141.093828288132,2767.982058688132,2371.684145788132,3145.6294000881317
298432,G06007302,high,False,11527.481,0.8407500276235722,5436.620856416265,5071.6357563910515,5436.688198526265,5345.7297005262635,4904.156295526264,4989.993614726265,4489.791310426265,4543.333390726264
29850,G06007307,medium,False,2803.172,0.8407500276235722,1166.0690925699955,1317.74841749,1166.0752201600003,1144.1811872600001,1037.87555156,1895.8656588600002,1543.9588595599998,2625.62859526
298680,G06007313,low,True,13823.86,0.8407500276235722,4303.633801181399,4274.847909541598,4303.6711500195,4234.9188817845,3901.109670139499,3573.505635964499,3303.8677093034994,2843.382111661499
298785,G06007302,low,True,4636.86,1.0497359105206039,1212.5429945306992,1254.489173916999,1212.547288428,1189.774045971,1079.180160156,1265.59831296,1094.714292396,1318.620841332
299011,G06007325,low,True,13762.774,0.8407500276235722,4237.193008257296,4204.002076434598,4237.214575639499,4169.457862384499,3840.4652059934992,3523.8939344264986,3256.3675907354996,2810.5348310834997
299061,G06007301,low,True,8578.132,0.7130643653791515,2547.7781115453236,2557.153078966669,2547.796415905523,2505.522110419523,2300.230951507523,2268.5296022775237,2055.785387827523,1989.2633980485234
299261,G06007330,high,False,4862.825,0.7130643653791515,2151.3151466100016,2185.18939,2151.33630719,2112.93417439,1926.4987951900002,2599.9851472899995,2212.62827089,3048.6621447899997
299418,G06007330,medium,False,7790.883,0.7130643653791515,3640.4391127581307,3491.0126473052387,3640.475591488132,3579.354975288132,3282.601860288132,3701.932689088132,3265.790783788132,3763.3417689881317
299503,G06007323,low,True,1580.084,0.7130643653791515,411.44536689479867,473.87933455800027,411.4463718456,403.71164468460006,366.1522993296001,720.7764849606001,582.2087341655999,1030.0943370786001
299600,G06007329,high,False,6072.81,0.7130643653791515,2700.162116468132,2661.3806359952414,2700.170939688132,2653.0184317881317,2424.0416808881323,2999.488977988132,2593.298999888132,3298.7542310881317
299603,G06007327,low,True,1151.803,0.7130643653791515,305.9569777509017,371.95830701400024,305.9583802947,300.23140788270007,272.4113888937,649.4800661607001,515.2273821147,993.0094063377
299617,G06007316,low,True,8621.868,0.7130643653791515,2553.034266781823,2561.245579217669,2553.044529601523,2510.693481484523,2305.030241170523,2272.485265177523,2059.5384884025234,1991.8812657765232
299625,G06007329,low,True,2937.629,0.7130643653791515,765.8353552751977,818.9991268130034,765.8372969541,751.4442364401,681.5499918381,961.7024344521,808.8265276131,1157.5477096881
299685,G06007315,medium,False,4586.281,0.7130643653791515,1936.8525143491463,1993.515094215501,1936.86167602915,1901.07221732915,1727.2736229291497,2429.81839302915,2048.05523702915,2922.7462868291495
299861,G06007307,high,False,6984.852,0.8407500276235722,3156.702037400005,3064.2068259194334,3156.719701449999,3102.1506104499986,2837.199311449999,3329.7952145499994,2907.690917449999,3502.799770249999
299866,G06007330,medium,False,2837.182,0.7130643653791515,1172.5447595300013,1322.4862564299985,1172.54772606,1150.50433346,1043.46480816,1899.75733696,1547.52453996,2626.9313737599996
299881,G06007328,medium,False,9272.215,0.8407500276235722,4341.824585329996,4101.581774909429,4341.839415249999,4269.673881649999,3919.2905978499984,4215.166105249999,3755.226645749999,4088.4720614499993
299953,G06007313,high,False,7340.447,0.8407500276235722,3420.5885013999987,3304.6872612994302,3420.6299306499996,3362.1238696499986,3078.111612249999,3526.907511549999,3096.3929753499997,3633.227124849999
299957,G06007328,low,True,5731.167,0.8407500276235722,1555.4900616455727,1583.2624107329311,1555.4892633536763,1527.9329284706762,1394.1419161016759,1527.1140272846765,1345.936253138676,1498.7306833046762
300100,G06007313,medium,False,12087.392,0.8407500276235722,5950.166591079995,5528.247625759428,5950.2378540499985,5854.184042949998,5387.814833049999,5416.6472199499985,4905.492773849999,4883.177396249999
300117,G06007323,low,True,7026.202,0.7130643653791515,2039.4979702764208,2062.3624975836674,2039.5066501455235,2004.777419581523,1836.115043545523,1888.819638637523,1692.256422559523,1738.1351892765233
300198,G06007322,high,False,5958.623,0.7130643653791515,2655.4499013781365,2623.9262132252475,2655.4598548881318,2608.9682999881315,2383.210928688132,2966.0879163881314,2561.325553388132,3276.6601548881317
300245,G06007312,medium,False,4796.106,0.7130643653791515,2045.8785959481274,2089.1977830152414,2045.8891705681322,2008.456390568132,1826.7046880681319,2510.923589768132,2125.634135868132,2975.907631568132
300265,G06007327,medium,False,6011.0869999999995,0.7130643653791515,2755.107334199149,2719.0740697355013,2755.13574725915,2707.2369770591495,2474.6613844591498,3041.92548485915,2634.18024155915,3328.7755425591495
30040,G06007310,low,True,14469.987000000001,0.7130643653791515,4528.154981415326,4492.021016752671,4528.2064921935225,4456.516179898524,4108.477969000523,3748.023654565524,3472.104601885523,2967.852702958523
300445,G06007330,low,True,5215.280000000001,0.7130643653791515,1424.477046345026,1460.97677020767,1424.483958673523,1398.8802432705231,1274.564426050523,1429.3708426845233,1252.412170222523,1434.2225037735234
300769,G06007312,medium,False,3536.8820000000005,0.7130643653791515,1476.5594217799994,1590.65436044,1476.57249426,1448.8652612600001,1314.35194616,2107.37616206,1742.99123476,2738.16371046
300884,G06007326,high,False,5023.562,0.7130643653791515,2147.2848636581243,2176.108871825239,2147.285682288132,2108.3453595881324,1919.220892488132,2586.451188688132,2197.899985888132,3025.548299888132
301115,G06007316,low,True,6310.904,0.7130643653791515,1817.7016931691248,1848.251400054666,1817.7224755335226,1786.270270924523,1633.5987778455233,1723.127898136523,1533.631808173523,1628.538452656523
30112,G06007316,high,False,8482.81,0.7130643653791515,3984.743084778133,3790.631029625241,3984.768894888132,3918.545158288132,3596.9693267881316,3959.151873288132,3512.009854588132,3933.503847988132
301174,G06007316,high,False,5033.379000000001,0.7130643653791515,2221.0184851386457,2247.866238735947,2221.041158368642,2181.1122364686416,1987.262214768642,2643.678997268642,2253.0475858686414,3066.3313418686416
3013,G06007316,high,False,9793.663,0.7130643653791515,4782.9249308381295,4503.671809945239,4782.981479288133,4704.887293188132,4325.713522388132,4555.410067488132,4082.8076254881316,4327.976978688132
301307,G06007323,medium,False,7494.155,0.7130643653791515,3512.298000449152,3373.3408256660723,3512.306455649151,3454.102492049151,3171.459853249152,3623.3877636491507,3193.4227683491517,3734.528932149151
301332,G06007311,medium,False,4568.84,0.7130643653791515,1996.5317395789866,2044.0303983091626,1996.537780638981,1961.1429551389806,1789.2153871389805,2496.0003209389806,2115.111089538981,2995.399864438981
301397,G06007313,medium,False,1943.8980000000001,0.8407500276235722,849.5347336100021,1044.7665704500018,849.5433817400001,833.7516313399999,757.0545341399999,1683.3054863399998,1344.5273427400002,2517.1217053399996
301632,G06007314,high,False,11458.434000000001,0.7130643653791515,5664.570899968132,5277.970742655241,5664.637930688132,5573.443961288132,5130.733658088133,5214.080447388133,4713.354124288132,4763.627159288131
301665,G06007311,medium,False,9377.558,0.7130643653791515,4474.596188358137,4222.407194445238,4474.619864088132,4401.126295088132,4044.2107495881314,4325.086464488131,3862.305873788132,4175.608610188132
301724,G06007316,medium,False,763.9150000000001,0.7130643653791515,314.0483485499983,570.1156561600005,314.0485766500001,308.13919765,279.43828705000004,1316.15930435,998.59553895,2318.26099705
301806,G06007326,medium,False,9137.859,0.7130643653791515,4366.238241968131,4129.635574535241,4366.277845488132,4294.368866588133,3945.283307088132,4244.164154688132,3784.8266089881317,4122.054352088132
301837,G06007314,high,False,4236.295999999999,0.7130643653791515,1901.8637868300032,1968.2583610599982,1901.87599655,1868.1368118499997,1704.25834135,2429.73737275,2052.38692295,2957.6556245499996
301842,G06007322,medium,False,2557.743,0.7130643653791515,1067.948273490001,1232.1541514000003,1067.9565728900002,1047.91820879,950.63185479,1829.3963462899999,1481.48408869,2590.82162269
302075,G06007329,medium,False,5873.2970000000005,0.7130643653791515,2622.8604110281317,2596.5961202352396,2622.879081888132,2576.852735488132,2353.439863488132,2941.7403802881317,2537.9964519881314,3260.587894788132
30306,G06007311,medium,False,7328.245999999999,0.7130643653791515,3375.733720408132,3255.943234035241,3375.747008688132,3318.567967388132,3040.889976688132,3504.1862560881323,3076.4611348881317,3632.573522488132
303295,G06007317,high,False,11122.656,0.7130643653791515,5421.168880878131,5056.736274405244,5421.220507288132,5333.667367688133,4908.524538788131,5032.234888288131,4539.299695188132,4643.304762588132
303324,G06007314,high,False,8057.945,0.7130643653791515,3814.1349221681326,3646.7719962152446,3814.156826488132,3750.4684979881317,3441.149481288132,3831.667065288132,3389.976387388131,3849.2288945881323
303426,G06007313,medium,False,4139.508,0.8407500276235722,1735.7894457689765,1814.8294245591699,1735.775088178981,1703.793870878981,1548.396518878981,2293.322891378981,1919.6915004789807,2850.7754740789806
303473,G06007323,high,False,3914.6890000000003,0.7130643653791515,1624.5644040789834,1719.1152254697404,1624.569674488982,1594.0771577889818,1446.0219435889817,2207.854777588982,1837.4676840889822,2791.0936164889818
303502,G06007325,high,False,18666.073,0.8407500276235722,9389.49082992,8543.344558479428,9389.55886065,9242.449880749999,8528.185780549999,7986.118656449999,7365.215106649999,6582.730546549999
303670,G06007326,high,False,12307.785,0.7130643653791515,6066.380601228133,5625.092700835232,6066.423721288131,5969.290241988132,5497.629529188131,5514.270073888132,5000.733266488131,4962.163749688132
303777,G06007312,medium,False,5245.258,0.7130643653791515,2262.698697528132,2277.197099475239,2262.701158888132,2222.045571388132,2024.5986215881326,2672.669769688132,2280.4315381881315,3082.5901378881317
303784,G06007308,low,True,9590.854,0.8407500276235722,2864.5264482534003,2867.0516442675985,2864.5413852194997,2817.166851985499,2587.1035567544986,2498.396096131499,2274.6603402884994,2132.2441587164994
304008,G06007327,high,False,15451.372,0.7130643653791515,7743.455381278134,7099.52481926524,7743.52013648813,7621.478305088131,7028.931255888132,6767.171575988132,6200.140904688132,5790.878909788133
304070,G06007322,high,False,13015.752,0.7130643653791515,6435.85343423813,5949.519004545235,6435.926004288131,6333.290082888132,5835.036530888132,5790.310660988132,5265.0216764881325,5144.661377288132
304287,G06007326,medium,False,6534.2029999999995,0.7130643653791515,2974.7873489281365,2906.1817952752363,2974.8009388881324,2923.575891488132,2674.789063988132,3204.644104388132,2789.714303488132,3434.446502488132
304454,G06007317,high,False,12344.382,0.7130643653791515,6049.922060378132,5606.578915345242,6049.966783688133,5953.073711788133,5482.623379188131,5501.9878174881305,4988.967300588131,4954.019964888132
304524,G06007326,high,False,10593.39,0.7130643653791515,5097.961350518131,4767.57255752524,5097.991918088132,5015.231481088131,4613.408310288132,4790.815730888131,4308.130995288132,4483.637960688133
304586,G06007317,medium,False,432.012,0.7130643653791515,178.2277233200019,451.27552152000135,178.22814356,174.87666955999998,158.60015276,1223.93859636,911.87257156,2269.64524916
304683,G06007301,medium,False,3418.718,0.8536704995961909,1424.393359100001,1544.5736090000037,1424.40417954,1397.66808794,1267.85535254,2071.69736994,1709.39717314,2718.96321934
304899,G06007329,medium,False,9710.3,0.7130643653791515,4699.763775208134,4426.019705315242,4699.805749888132,4622.955211988132,4249.798513388132,4493.301424488132,4023.3484745881324,4286.867669588131
304992,G06007330,medium,False,11059.683,0.7130643653791515,5302.562296258133,4941.599890045238,5302.564904288132,5216.767359488133,4800.207921088131,4943.694133488132,4454.435068588131,4584.792664388132
305011,G06007312,high,False,4703.619000000001,0.7130643653791515,2007.5840059693214,2055.46076135297,2007.5911870793207,1970.906772279321,1792.7412466793207,2485.2358248793207,2101.541850179321,2962.8576561793207
305065,G06007328,high,False,8529.637999999999,0.8407500276235722,4003.518231390507,3809.789965090131,4003.5493917205085,3936.5799062205087,3611.4100599205094,3965.3995724205083,3516.646709320509,3927.311960520509
30507,G06007310,high,False,1817.179,0.7130643653791515,782.4194156100003,984.3428976599992,782.42805917,767.8399305700001,696.9972166700001,1636.70487387,1300.50812257,2491.01264537
305135,G06007310,medium,False,1074.286,0.7130643653791515,464.00891655000265,704.0435080500013,464.01605677999993,455.36701267999996,413.38163588000003,1419.53512168,1096.09806968,2375.0752391799997
305189,G06007324,medium,False,6365.308,0.7130643653791515,2913.4198340481303,2855.61760621524,2913.4588090881325,2863.116141088132,2618.753734788132,3158.793138388132,2745.818547588132,3404.127241988132
305247,G06007329,medium,False,5806.125,0.8407500276235722,2590.269002008133,2568.524546355241,2590.2909564881315,2544.755820188132,2323.6902168881325,2917.382395188132,2514.6991529881316,3244.459442888132
305382,G06007313,medium,False,11910.354,0.8407500276235722,5866.05372063,5455.720988429429,5866.126794249999,5771.330702349999,5311.027117549998,5353.80483185,4845.365744149999,4841.572001549999
305481,G06007315,medium,False,383.29599999999994,0.7130643653791515,158.1731511200016,433.7132342400007,158.17357168,155.19930368,140.75512048,1210.31373208,899.05849168,2262.45054928
305495,G06007312,low,True,5343.973,0.7130643653791515,1522.1295494053913,1561.3307945081694,1522.140650862193,1495.311573111193,1365.013923090193,1506.114167391193,1326.5293369051928,1490.116816254193
30566,G06007329,high,False,14286.511999999999,0.7130643653791515,7202.851820718133,6634.027980585242,7202.930223088131,7088.915739088132,6535.304396488131,6363.279673988132,5813.527315688131,5523.721233888132
30568,G06007317,low,True,2708.217,0.7130643653791515,711.9048513402012,767.2818068929985,711.9099867033,698.5510291682999,633.6885000033,925.4361889443,774.7879670822999,1138.9564601133
305685,G06007313,high,False,5404.07,0.8407500276235722,2363.4509415010175,2372.4600402796896,2363.4818502910175,2320.6913589910173,2112.995559991017,2737.5071766910173,2340.7415437910167,3111.549108491017
305775,G06007313,high,False,6501.208,0.8407500276235722,2915.717848528129,2848.308615495239,2915.708814848132,2865.508800948132,2621.5857205481325,3162.550032548132,2749.812896548132,3409.267846648132
305791,G06007310,high,False,4735.544,0.7130643653791515,2173.1596951700017,2208.8848853699983,2173.1888855200004,2135.2229598199997,1950.89286122,2629.27841582,2242.87424842,3085.4489274199996
30581,G06007315,medium,False,5238.135,0.7130643653791515,2438.5346979899996,2445.3545116100004,2438.5509548000005,2396.2192032000003,2190.5220531000004,2819.7597021,2423.9514237999997,3201.060215
306294,G06007312,low,True,3591.464,0.7130643653791515,945.7841658005998,994.9554715379998,945.7874895672,928.1115371052,842.2605228492001,1085.6703299952,925.7412155052,1225.5425525292
306301,G06007324,medium,False,3367.507,0.7130643653791515,1400.773339530001,1523.5396027799982,1400.7803956100001,1374.4813956099997,1246.7739877099998,2055.47716431,1694.10490201,2710.15497131
306310,G06007301,high,False,8925.131000000001,0.7130643653791515,4188.6526051681285,3965.784622615243,4188.652161088132,4119.408640288131,3783.145286888132,4111.519865888131,3657.8343139881317,4034.297734188132
306342,G06007330,medium,False,4546.992,0.7130643653791515,2037.024279379998,2086.64567617,2037.0417455900001,2000.9062517900002,1825.4098815900002,2524.11582649,2141.62425399,3011.24047169
306356,G06007323,low,True,6844.8820000000005,0.7130643653791515,1974.5998752552246,1998.6388770356668,1974.6144108735234,1940.839492717523,1776.865839202523,1840.3500373875231,1645.842413848523,1706.0683763235231
306372,G06007325,medium,False,8658.29,0.8407500276235722,4145.295707810001,3944.24205068943,4145.334616249999,4076.0900439499983,3739.8030920499987,4068.284788849998,3614.6768474499995,3991.343871249999
306425,G06007328,high,False,6891.254,0.8407500276235722,3113.7031755799953,3027.0785538994246,3113.7192592499996,3059.786163349999,2797.927065849999,3297.6689889499985,2876.92827125,3481.569012249999
306487,G06007322,low,True,9293.901,0.7130643653791515,2823.7443065673233,2831.4625745106696,2823.7725174255233,2777.3910489705236,2552.191043905523,2474.704779520523,2253.132787468523,2125.661949610523
306552,G06007327,high,False,6707.639999999999,0.7130643653791515,3184.632643539151,3094.7734925060613,3184.6639406591507,3131.458576959151,2873.150226959151,3381.178423459151,2962.0213785591504,3577.8178344591506
306672,G06007314,low,True,5594.0740000000005,0.7130643653791515,1565.4248051448026,1600.199322494976,1565.434482102303,1537.7536320033032,1403.3417626353032,1534.9287370443035,1353.5083716333033,1504.4268005883032
306708,G06007322,medium,False,12877.507999999998,0.7130643653791515,6408.249530468132,5930.08617599524,6408.298888288133,6306.097523988132,5809.764477288132,5769.646239188132,5245.225992088132,5131.096936988132
306797,G06007328,low,True,2452.6150000000002,0.7130643653791515,642.9692120985014,699.8492965519977,642.9732091335001,630.9012230955001,572.2887306465,878.4248889764999,730.5427523594999,1113.8631750195
306852,G06007327,high,False,6079.9220000000005,0.7130643653791515,2796.9398572696614,2755.708256885633,2796.971964819659,2748.536800419659,2513.401954119659,3074.7739571196585,2665.878999919659,3352.6398417196588
306905,G06007314,high,False,4256.2970000000005,0.7130643653791515,1770.3068367389808,1846.9491929491714,1770.3144490789807,1737.1599884789814,1576.1663179789807,2308.1937366789807,1932.0909524789809,2846.030148178981
306956,G06007328,low,True,3624.801,0.8407500276235722,948.8404875096005,997.7187835649985,948.8454866288998,931.0255177419001,844.5036453399,1086.3596897229,926.1253295229,1223.8500134229
307112,G06007325,high,False,8479.259,0.8407500276235722,3949.8877561886416,3756.189526335375,3949.9393720886414,3884.2423506886403,3565.1555080886405,3932.80436788864,3486.965007588641,3915.626221288641
307118,G06007307,high,False,3305.705,0.8407500276235722,1368.8161118800022,1494.7894349299995,1368.82242975,1343.0992337499997,1218.1927765499995,2033.3285444499998,1673.19659865,2697.79815625
307219,G06007307,low,True,8001.0779999999995,0.8407500276235722,2347.7887907207983,2364.309102357599,2347.8022938194995,2308.102255525499,2115.280039099499,2112.3305294474994,1905.1163630174992,1876.8749761094996
307226,G06007329,low,True,3676.7960000000003,0.7130643653791515,955.2313249541984,1002.9736009159997,955.2326964263999,937.2671771274,850.0262259383999,1090.2234460494,929.6675945183999,1225.1837450634
307621,G06007328,medium,False,6146.246,0.8407500276235722,2708.6461305599987,2670.206703999434,2708.6603544499994,2660.743356449999,2428.088148849999,2995.0610907499986,2587.2465978499995,3281.399696149999
307655,G06007306,high,False,9309.767,0.8407500276235722,4376.176787189998,4133.785746809427,4376.193558249999,4303.532616049999,3950.6744780499985,4240.826207049999,3779.8323847499996,4105.393002749999
307670,G06007312,low,True,4909.686,0.7130643653791515,1318.5219592239212,1357.0291978286684,1318.5245877855232,1294.496293222523,1177.8175844115233,1350.2162630475232,1176.633121261523,1381.8699281415231
307677,G06007313,high,False,12765.114000000001,0.8407500276235722,6176.519338749993,5711.20498722943,6176.545675449998,6077.145826749998,5594.521328749999,5585.819395249999,5067.368278549999,4995.060233549999
307703,G06007310,medium,False,2822.9179999999997,0.7130643653791515,1168.5697292199975,1319.2404794000038,1168.5735315399997,1146.6126947399998,1039.97195204,1897.18307594,1545.13015584,2625.7599246399996
30772,G06007314,medium,False,9606.818000000001,0.7130643653791515,4619.999492548128,4353.020025675246,4620.0264990881315,4544.374574488133,4176.978045288131,4433.720946988132,3966.3173050881323,4247.4369934881315
307757,G06007317,high,False,10066.801,0.7130643653791515,4905.716189448127,4608.806219955242,4905.762711888132,4825.845618288133,4437.8440764881325,4647.170520988131,4170.646192188133,4388.6398266881315
307838,G06007315,high,False,10702.539,0.7130643653791515,5217.557825058138,4879.907644745239,5217.615309488132,5133.055170388132,4722.593755488131,4880.150673388132,4393.659832188132,4542.740833388132
307996,G06007316,medium,False,3690.9080000000004,0.7130643653791515,1606.2808143499988,1709.8546911999974,1606.31319849,1576.7640612899997,1433.2548856899998,2205.5730276900003,1837.2769404899998,2804.8815288899996
308181,G06007325,high,False,5756.336,0.8407500276235722,2520.67119474,2507.349607079431,2520.6926542499996,2475.563394949999,2256.4479057499984,2854.6167840499993,2452.808402149999,3188.510660949999
308196,G06007317,high,False,4593.027,0.7130643653791515,1958.266561848468,2010.8258648690467,1958.2695138284716,1922.6207745284719,1749.4864867284718,2453.534441028472,2072.072033828472,2948.7372120284717
308211,G06007310,high,False,7868.427,0.7130643653791515,3664.752682328131,3510.073105715239,3664.7705856881316,3603.294414288132,3304.785169688132,3720.1082705881317,3283.1589195881315,3775.3958789881317
308226,G06007315,high,False,3254.349,0.7130643653791515,1351.1046031700005,1479.6990969000017,1351.11085747,1325.7346563699998,1202.50968717,2021.5273394699998,1662.13842887,2691.9124152699997
308346,G06007317,medium,False,3974.562,0.7130643653791515,1677.54781257,1767.9702332499958,1677.5636677600003,1646.30136256,1494.5330997600001,2247.83075066,1875.8116223600002,2818.0901769599996
308438,G06007330,high,False,10581.448,0.7130643653791515,5147.699124468125,4818.553289695237,5147.768270288132,5064.276593588131,4658.865589788133,4827.923649888133,4343.781022588131,4508.076516788132
308478,G06007315,medium,False,11586.898000000001,0.7130643653791515,5663.480696928136,5268.990740455245,5663.518588088131,5572.37876208813,5129.766980688131,5213.269920188131,4712.598429688132,4763.049529588132
308505,G06007330,high,False,4744.634,0.7130643653791515,2007.3836726581412,2054.10442264524,2007.3867928481322,1970.522137848132,1791.5002837481316,2482.0072413481316,2097.9210487481323,2956.5687243481316
308514,G06007308,medium,False,6303.634,0.8407500276235722,2820.892428290504,2771.946654939564,2820.9023960205077,2771.3309956205076,2530.5479578205077,3078.886880420508,2667.503210820508,3336.898556320508
308657,G06007308,medium,False,4231.636,0.8407500276235722,1787.4556052394946,1865.2379561593016,1787.48037424949,1754.13296784949,1592.2123477494902,2322.09422364949,1945.61931014949,2856.69605734949
308694,G06007311,high,False,11253.032,0.7130643653791515,5426.054010318132,5052.949079765238,5426.069511088132,5338.448285488132,4912.971994788131,5035.926613688131,4542.761562788131,4645.786769088132
308793,G06007326,high,False,9509.666000000001,0.8407500276235722,4511.726183528133,4251.2768488352385,4511.738804088132,4437.699293588132,4078.143615288132,4352.863102288132,3888.900011888132,4193.917324188132
30881,G06007306,low,True,7586.475,0.8407500276235722,2196.672689849399,2215.5548467916005,2196.688498483499,2159.222286217499,1977.3074934584997,1999.4679792344991,1797.0312339074994,1802.2226805734995
308834,G06007302,high,False,13133.504,0.8407500276235722,6229.029858516272,5760.835516191052,6229.070576926265,6126.374153226265,5627.712097326264,5582.022920726265,5056.532318126265,4934.876925426264
308938,G06007315,high,False,14868.388,0.7130643653791515,7408.258072398137,6802.6603592652355,7408.3370694881305,7291.277149488131,6722.935006288131,6516.757246588131,5960.487594688132,5625.127782688131
308969,G06007302,medium,False,15000.707000000002,0.8407500276235722,7278.535561966268,6689.781228701048,7278.614169526265,7160.322298926265,6585.9738839262645,6366.031994226265,5807.098642226266,5453.484495526265
309616,G06007325,medium,False,5262.43,0.8407500276235722,2272.3085921311863,2289.454043527162,2272.3272496411882,2231.0268919411883,2030.5295932411884,2671.610221141188,2278.017862241188,3070.8923413411876
309652,G06007328,low,True,9719.613,0.8407500276235722,2921.482389199498,2924.5146283565987,2921.5093219515,2873.2739140034996,2639.1150166815,2540.9567466974995,2315.4053077964995,2160.3780675194994
309785,G06007317,low,True,4881.061,0.7130643653791515,1327.55799379033,1368.2379120424973,1327.5686089249302,1303.4052171619303,1186.0925503759302,1357.0468981939302,1183.1906086309302,1386.5133185779302
309793,G06007308,high,False,13907.132000000001,0.8407500276235722,6811.5766651799995,6272.448161679429,6811.616113449999,6702.8087741499985,6174.402023149998,6060.201058849998,5521.6187031499985,5308.753629149999
310003,G06007322,low,True,3518.643,0.7130643653791515,952.0263894078014,1003.4461565729986,952.0381120887,934.4319099507,848.9751852266999,1093.3125282687001,933.5522058356999,1234.5989099127
310082,G06007313,high,False,15098.297999999999,0.8407500276235722,7554.640607379997,6938.593201519432,7554.727243449999,7434.846659149999,6852.8230162499995,6615.314333449998,6052.976480849999,5676.023204049999
310249,G06007306,medium,False,6776.321,0.8407500276235722,3090.5132349199994,3011.2041990994317,3090.541805249999,3036.950226849999,2776.744805649999,3280.322766549999,2860.3465877499984,3470.098493149999
3106,G06007313,high,False,8435.615,0.8407500276235722,3930.9556478299983,3744.857522329429,3930.981814249999,3864.9175034499985,3544.139432249999,3908.2023554499992,3461.39529255,3885.417068749999
31061,G06007326,medium,False,12119.573,0.8407500276235722,5951.25214402814,5522.049924035246,5951.271294088132,5855.878416088131,5392.501514088131,5428.245120088131,4918.396984988131,4905.269447288132
31107,G06007329,high,False,1012.1850000000001,0.7130643653791515,413.5340548299995,656.8446613800012,413.53364254999997,405.74061075,367.89748635,1383.56436845,1061.95125845,2353.59048425
311598,G06007302,high,False,7118.905000000001,1.4172145412832236,3136.5662977481343,3048.7256237658075,3136.5763941481327,3080.634420448134,2808.909808348133,3285.9984610481333,2860.918992048133,3435.450003748133
311669,G06007314,high,False,15776.472,0.7130643653791515,7850.268536758129,7185.787311865244,7850.324644688131,7726.715964388131,7126.499544388131,6846.964256388132,6276.558916788133,5843.606206288132
311866,G06007310,low,True,9274.942,0.7130643653791515,2816.584845737122,2824.1289660046664,2816.6042897295233,2770.3358353365234,2545.640172676523,2469.346854367523,2247.999793294523,2122.141916464523
311946,G06007310,high,False,4864.576000000001,0.7130643653791515,2118.543976098641,2157.517947105371,2118.570038688641,2080.048177788641,1893.0062569886413,2565.0729861886407,2177.4696093886414,3011.577816488641
311959,G06007330,medium,False,6670.621,0.7130643653791515,3028.979380988127,2951.553600655237,3028.9878114881317,2976.9579523881316,2724.268648388132,3245.134223588132,2828.459451288132,3461.2420890881317
312060,G06007326,high,False,6365.905,0.7130643653791515,2876.8991242381303,2819.142401605244,2876.9162858881314,2827.134706088132,2585.414662988132,3131.521385988132,2719.705783088132,3386.077843388132
312109,G06007308,high,False,9980.561000000002,0.8407500276235722,4739.44944789,4453.918668229433,4739.4707202499985,4661.436960049999,4282.374535549999,4512.177889249999,4039.6470152499996,4284.867075849999
312179,G06007310,low,True,2882.221,0.7130643653791515,749.8928437434001,803.3017218309996,749.8951216029002,735.7965961689,667.3293752769001,950.7636116229,798.5216412759,1151.6117433189
312180,G06007315,medium,False,2542.1899999999996,0.7130643653791515,1047.6683314399984,1212.7263607800012,1047.6691357,1027.9651862,932.268479,1814.6821489,1467.4736312,2581.6607795
312404,G06007308,low,True,7402.965,0.8407500276235722,2142.7969098185995,2164.112148631603,2142.8224394534996,2106.158527840499,1928.1247976024993,1959.1990136444992,1758.513102577499,1775.5695888494993
312709,G06007327,high,False,10663.49,0.7130643653791515,5120.12876542813,4784.886952615241,5120.150760888133,5037.0498185881315,4633.625435088132,4807.387417088132,4323.943655688132,4494.656934188131
312880,G06007315,high,False,11648.041000000001,0.7130643653791515,5644.287410938134,5246.205333825259,5644.313985288132,5553.459897988132,5112.2783936881315,5198.976876188131,4698.905830588132,4753.533164088132
312911,G06007317,medium,False,8617.582,0.7130643653791515,4133.511927808135,3930.4472519152373,4133.570996888133,4065.122401188132,3732.792032388132,4070.250357688132,3618.411416588132,4006.9954746881317
313045,G06007314,medium,False,4826.588,0.7130643653791515,2066.11604030932,2107.184194732399,2066.12663132932,2028.4255478293198,1845.34304862932,2526.50810492932,2140.6417282293196,2986.86873402932
313136,G06007317,high,False,8691.449,0.7130643653791515,4076.045836298136,3868.519047785229,4076.052340288132,4008.485902688132,3680.3433636881323,4027.3907277881317,3577.3273541881317,3978.611687688132
313162,G06007328,medium,False,4227.353999999999,0.8407500276235722,1753.3796987894962,1830.6098078393043,1753.3801441994901,1720.64901269949,1561.6726629994898,2298.33629589949,1923.12886119949,2843.23505429949
313295,G06007314,high,False,5014.468,0.7130643653791515,2149.4249720686416,2178.6405435253705,2149.433284278641,2110.472378778641,1921.2750692786412,2588.345839078641,2199.7631576786407,3027.229302378641
313307,G06007312,medium,False,4248.593,0.7130643653791515,1784.878135228814,1856.9718659922705,1784.8699290088114,1752.1453397088114,1593.156068808811,2329.778543508811,1954.5732033088111,2874.607443708811
313566,G06007329,high,False,10217.350999999999,0.7130643653791515,4930.177675088133,4624.358602955239,4930.2329942881315,4849.964251788131,4460.234180888132,4665.438659188132,4188.176243988131,4400.652038788132
313771,G06007330,high,False,3969.25,0.7130643653791515,1663.4493941299997,1754.02048520943,1663.456361189999,1632.456492889999,1481.891894089999,2237.944326089999,1866.4728078899989,2812.4018697899987
314300,G06007310,low,True,5942.951,0.7130643653791515,1705.714745659246,1740.3317014897557,1705.7342568159438,1675.9479533319436,1531.3457821779439,1639.4862079299437,1453.5636198429438,1573.2655882989438
314484,G06007317,low,True,7277.031,0.7130643653791515,2118.2564566662236,2138.607474559669,2118.256295329523,2082.370100131523,1908.030060775523,1947.6608416875233,1748.5922966085232,1777.0433023245232
314528,G06007325,medium,False,4395.157999999999,0.8407500276235722,1845.9590131505074,1913.9246753195598,1845.965671420508,1811.6527151205078,1644.9886873205082,2363.9631300205083,1985.374499520508,2881.936574920508
314580,G06007312,medium,False,4809.317000000001,0.7130643653791515,2053.6330420281324,2096.18899589524,2053.6445740881322,2016.0809565881323,1833.702556688132,2516.484758988132,2130.913915188132,2979.282265288132
31478,G06007324,medium,False,9755.848,0.7130643653791515,4688.421667238128,4411.73350420524,4688.438851088131,4611.788282588132,4239.471455688132,4484.8297618881315,4015.2961632881315,4281.187231288131
314842,G06007308,medium,False,5175.202,0.8407500276235722,2278.2838936010135,2300.787882449688,2278.3156236210166,2236.941347621017,2036.0757388210172,2676.346173221017,2282.6296298210173,3074.409550321017
314878,G06007326,high,False,18495.112999999998,0.8407500276235722,9315.102541668126,8475.34834313524,9315.169534688132,9169.820930588132,8464.007931688131,7941.300639988132,7324.196034988131,6567.420913788132
315078,G06007326,low,True,6142.434,0.8407500276235722,1707.9124976541455,1733.6315484497595,1707.911772530444,1678.1247342144438,1533.503411879444,1641.549221270444,1455.5822833254438,1575.172873766444
315107,G06007316,medium,False,4370.521000000001,0.7130643653791515,1819.7740316494906,1890.0020962492986,1819.78021382949,1785.7779925294903,1620.65024182949,2343.15688252949,1965.22870752949,2866.49516312949
315470,G06007330,high,False,7151.611,0.7130643653791515,3276.149383398129,3167.7272756052375,3276.1562708881324,3220.470722088132,2949.9764962881322,3429.777091588132,3005.273737788132,3583.3154661881317
315639,G06007308,medium,False,4171.139999999999,0.8407500276235722,1720.5512309200024,1802.2913446799998,1720.5520132,1688.2000537999995,1531.0678705,2271.9914731999997,1897.5933344999999,2823.3777723999997
315683,G06007310,medium,False,2061.6450000000004,0.7130643653791515,909.3291590700032,1097.6513311700023,909.3403757200001,892.5869211199999,811.2225209199999,1726.7235152199999,1385.87956262,2544.1569456199995
315747,G06007327,low,True,5366.1269999999995,0.7130643653791515,1485.167946631824,1521.534792165667,1485.1772573955232,1458.6715597155232,1329.9733768155234,1474.7059133325233,1295.811527188523,1464.2190068205232
31595,G06007308,low,True,4971.669,0.8407500276235722,1350.442655157769,1389.5252809951028,1350.450081780469,1325.949974421469,1206.9879503104692,1374.150917115469,1199.5610270134691,1397.855339733469
3160,G06007310,high,False,14557.861,0.7130643653791515,7240.228879318125,6653.902097205237,7240.2318866881305,7125.711729188131,6569.442137988131,6391.2707629881315,5840.274058088132,5542.210393288132
316060,G06007314,low,True,9389.187,0.7130643653791515,2860.9650119724247,2868.286703747667,2860.992937207523,2814.0528081885236,2586.161854450523,2502.509163736523,2279.733454687523,2144.082309190523
31626,G06007322,medium,False,6352.816,0.7130643653791515,2871.845580788133,2814.9176281552395,2871.865534488132,2822.1555464881317,2580.794730088132,3127.7417197881314,2716.078931688132,3383.594835788132
316284,G06007313,high,False,13539.163,0.8407500276235722,6561.141160129998,6046.1419670894375,6561.141131849999,6456.085629849998,5945.761485549998,5873.155471349999,5342.550503049999,5184.973256349998
316306,G06007323,low,True,5203.817999999999,0.7130643653791515,1429.8051169068226,1467.4189078256677,1429.8181110915232,1404.132855607523,1279.428548068523,1433.343013474523,1256.221842718523,1436.8518168375233
316424,G06007324,medium,False,3082.169,0.7130643653791515,1276.5678860300013,1413.9542443799987,1276.5716908699999,1252.58371077,1136.0994618699997,1970.6427505699996,1614.23251597,2664.6800340699997
316523,G06007317,high,False,7171.083,0.7130643653791515,3225.7774446281305,3115.7641568952367,3225.759961688132,3170.809318388132,2903.9494056881317,3392.174635588132,2969.166625588132,3558.5500976881312
316690,G06007316,low,True,1941.996,0.7130643653791515,506.1966282071998,566.1941130300012,506.1984963083999,496.6842482784,450.4850614404,785.2094755014,642.8190962604,1064.2070031234
316691,G06007326,medium,False,4232.319,0.7130643653791515,1822.6130747700008,1896.0183472999997,1822.63450079,1789.27534419,1627.3177557899999,2357.1506167899997,1980.63313609,2891.6792190899996
316730,G06007323,high,False,3405.138,0.7130643653791515,1549.7187440799962,1659.6793647699985,1549.72657337,1522.44196057,1389.8785254699999,2187.49096507,1824.0063536700002,2825.33158907
31689,G06007317,medium,False,3683.812,0.7130643653791515,1560.010459019999,1664.4709953699999,1560.02384391,1531.0940385099998,1390.6262293099999,2169.94964021,1802.93698131,2779.87679681
316987,G06007311,high,False,13879.243999999999,0.7130643653791515,6883.849039578132,6341.212967305239,6883.890323688132,6774.632105588133,6244.033018488133,6124.960465688131,5585.348035688133,5366.128316188132
317195,G06007307,high,False,17683.359,0.8407500276235722,8783.597011459995,8001.231186439439,8783.623490849997,8645.57025005,7975.041851549999,7533.475320749999,6932.027599849998,6283.146684049998
317285,G06007329,medium,False,4294.883,0.8407500276235722,1847.2439350799955,1916.817677329995,1847.25211791,1813.48827941,1649.5195986099998,2374.74104701,1997.33089251,2902.23231781
317510,G06007325,low,True,3770.814,0.8407500276235722,987.1881892802999,1035.0307615410002,987.1940329145999,968.6528083385999,878.6348661005999,1112.4419398896,950.6605921985998,1237.6767348006001
317523,G06007313,medium,False,4732.333,0.8407500276235722,1991.0113500286361,2040.303752615372,1991.0177867686411,1954.187122268641,1775.3144274686406,2466.1574813686407,2082.153294768641,2941.2442927686407
317710,G06007322,low,True,9649.24,0.7130643653791515,2946.444977824822,2951.4846135636667,2946.466359073523,2898.272617813523,2664.218940130523,2566.357393153523,2340.890133970523,2186.2875240255235
317714,G06007326,high,False,6942.0289999999995,0.7130643653791515,3206.7678752381335,3111.549011945238,3206.7836036881317,3152.1092154881317,2886.5841548881317,3377.9391038881317,2955.6001485881316,3549.1082460881316
317717,G06007330,high,False,10819.657,0.7130643653791515,5254.129626628139,4909.139606355238,5254.175106688133,5169.08951278813,4756.003188188131,4907.478264288131,4419.835737088131,4560.784435188131
317947,G06007317,medium,False,949.674,0.7130643653791515,406.0666847699984,652.4823262700002,406.06947082000005,398.48917681999995,361.66943662000006,1379.71838832,1058.56955442,2353.3868736199997
318118,G06007310,high,False,7418.513,0.7130643653791515,3481.5167204181325,3355.4791629452398,3481.5638840881315,3422.7696500881316,3137.460445788132,3583.2111901881317,3152.101602288132,3684.868205288132
318337,G06007310,low,True,6188.488000000001,0.7130643653791515,1833.7551068338914,1867.4805081121704,1833.7674452956926,1802.5154866276928,1650.699021043693,1742.2751981296929,1553.189536723693,1650.852610441693
318378,G06007327,medium,False,5585.584000000001,0.7130643653791515,2458.2268382491498,2450.414720115501,2458.23833932915,2414.6880108291502,2203.2352755291504,2819.07512732915,2420.63501992915,3179.9098296291495
318418,G06007327,high,False,14526.367999999999,0.7130643653791515,7274.13282701814,6689.845387585245,7274.206586088132,7159.137858088132,6600.409062788132,6416.51764488813,5864.508188788132,5558.925782988132
319702,G06007311,high,False,8025.912,0.7130643653791515,3726.34165926813,3561.5289110752406,3726.3518924881323,3663.9668247881323,3361.022290488132,3766.121921988132,3327.200029288132,3805.8370296881317
319727,G06007324,medium,False,10607.127,0.7130643653791515,5169.266132108132,4837.431207035244,5169.293654888132,5085.483699188133,4678.480099888131,4844.059767288132,4359.127114588132,4518.8796937881325
319774,G06007322,low,True,3450.5930000000003,0.7130643653791515,910.751700114898,960.5876262776009,910.7549280143996,893.8027644713994,811.4696895563995,1062.9674758883993,904.5984754433994,1215.1536772253994
319791,G06007326,medium,False,2430.875,0.7130643653791515,1003.54441832,1174.2850024900001,1003.5453902499999,984.6774184499998,893.0437765499998,1784.8202312499998,1439.4077320499998,2566.0645810499996
319856,G06007323,high,False,4568.655999999999,0.7130643653791515,1937.3748792005076,1994.4121655395593,1937.3839545305082,1901.674577230508,1728.2691263305082,2431.730247430508,2050.137048330508,2926.0527856305075
319894,G06007326,high,False,8244.914,0.7130643653791515,3907.164674178133,3728.260653865239,3907.208156688132,3842.124595488133,3526.1242211881317,3901.1793252881325,3456.5301125881324,3895.162209088132
320156,G06007311,high,False,6923.914000000001,0.7130643653791515,3174.4467328681294,3080.715261815238,3174.4706204881318,3120.266339588132,2857.095019188132,3353.807844088132,2932.493910188132,3533.1211736881314
320161,G06007317,high,False,16575.502,0.7130643653791515,8360.835548148132,7644.551695035243,8360.941118688132,8229.693599488131,7592.658968488133,7228.404474988132,6641.674987888132,6095.949916688132
320175,G06007316,high,False,3660.011,0.7130643653791515,1519.9915402799945,1627.7944406900015,1519.9987327300003,1491.4507240299997,1352.8327104299997,2136.39722413,1770.19513513,2752.75861663
320213,G06007312,medium,False,7189.041,0.7130643653791515,3331.0279904081344,3220.0376107952357,3331.0564360881312,3274.5252383881316,3000.0494213881316,3470.7697067881318,3044.4579538881317,3610.516528188132
320222,G06007302,medium,False,12437.053000000002,0.8407500276235722,5879.479701256264,5455.986414511053,5879.518537726265,5782.012060426265,5308.518533426264,5320.863242926264,4806.507601926265,4762.189917126265
320270,G06007326,medium,False,4851.825,0.7130643653791515,2085.029570928812,2123.8997804728406,2085.039203638812,2047.126875838812,1863.0241280388116,2541.852909138812,2155.523447338812,2998.647896838812
320487,G06007329,high,False,7220.978999999999,0.7130643653791515,3306.9623958881316,3194.0106507552387,3306.968561088132,3250.8194250881315,2978.096496888132,3452.7978097881314,3027.278159188132,3598.584941688132
320525,G06007306,high,False,6015.415999999999,0.8407500276235722,2680.9890665406747,2650.4136468064617,2681.0030404606787,2633.5213231606776,2402.923168160678,2974.718226660678,2567.8390981606776,3268.452879660678
320554,G06007310,medium,False,3020.974,0.7130643653791515,1344.8618680700024,1481.362573999996,1344.89112337,1320.4137858699996,1201.6490591699999,2031.0114303700002,1673.60334697,2717.19586177
320610,G06007302,high,False,9284.166000000001,0.8407500276235722,4310.527156887797,4088.2059293114417,4310.577505977792,4236.5518366777915,3877.0981483777928,4152.201634177793,3688.3289933777914,3993.935987777792
320924,G06007330,high,False,666.547,0.7130643653791515,281.8820178999983,542.8617049300005,281.88307061000006,276.61029010999994,250.99447331,1294.83600931,978.64221041,2307.79707211
320972,G06007313,high,False,11151.182,0.8407500276235722,5423.557324559992,5062.022794279434,5423.61219365,5335.371345249999,4906.97121575,5023.261168349999,4528.843963949999,4623.009282249999
321009,G06007310,medium,False,8224.068,0.7130643653791515,3834.4802918181317,3657.0162119252377,3834.494070688132,3770.502439788131,3459.7680689881317,3846.9166255881314,3404.5477665881317,3859.2621736881315
321010,G06007302,low,True,3925.0110000000004,1.0497359105206039,1002.8484199250998,1046.9256750959994,1002.8477436579,983.9165144949,892.0060647938999,1121.4400523619,958.8038206268998,1240.0126266309
321088,G06007330,low,True,3218.116,0.7130643653791515,842.7485628891009,894.4092805129998,842.7536396244002,826.9277050944002,750.0869701163999,1014.2379447023999,858.2906151804,1185.7023972204001
321270,G06007317,medium,False,2761.9979999999996,0.7130643653791515,1143.0226067100018,1296.820483009999,1143.02602614,1121.5447536400002,1017.2283970400001,1879.7942146399998,1528.7701116399999,2616.53175534
321282,G06007326,high,False,6090.128000000001,0.7130643653791515,2753.6670604781298,2713.4153370052404,2753.6961166881324,2705.7271805881323,2472.8767539881324,3039.443286288132,2631.550215188132,3325.210225188132
321308,G06007310,medium,False,2797.112,0.7130643653791515,1246.5559298600072,1393.0363659300006,1246.5713110499998,1224.1265661499997,1115.14092255,1967.0276056499997,1613.95473015,2687.5455829499997
321325,G06007322,medium,False,5187.332,0.7130643653791515,2235.757244198136,2253.735718985234,2235.7554343281327,2195.520147728132,2000.1385436281319,2652.9741644281316,2261.6311596281316,3070.1130211281315
321562,G06007307,high,False,11737.532,0.8407500276235722,5675.393368419998,5275.975640119433,5675.406426249999,5583.479515849999,5136.9501621499985,5211.398156049999,4709.023197749999,4747.360760249999
321580,G06007326,high,False,12168.055,0.7130643653791515,5963.075275198125,5531.028888885243,5963.1130342881315,5867.517452388132,5403.323678488132,5437.106763588132,4926.867006788133,4911.095333388132
321627,G06007312,high,False,12586.371,0.7130643653791515,6234.566962418126,5775.5893032252425,6234.6396958881305,6134.995039288133,5651.211381588131,5639.897873988131,5121.024329088133,5045.241903388132
321703,G06007317,high,False,22493.447,0.7130643653791515,11512.98901268813,10414.88480033524,11513.101836888132,11335.08484018813,10470.789940388133,9583.254216888132,8896.00095988813,7653.589827888132
321752,G06007313,high,False,7303.809,0.8407500276235722,3355.301564039999,3241.8824319794326,3355.3172102499984,3297.8072327499985,3018.506208249999,3478.135220349999,3049.7023191499993,3600.9633453499987
321880,G06007324,high,False,7904.456999999999,0.7130643653791515,3697.884704218131,3540.6542075452403,3697.8991322881316,3635.9328998881315,3335.0186421881317,3744.8513855881315,3306.8381918881314,3791.791499988132
3220,G06007325,medium,False,9174.259,0.8407500276235722,4287.188865389996,4053.255378969419,4287.178920249999,4215.8711168499985,3869.4289247499983,4174.332276249998,3716.229336649999,4061.370970849999
322177,G06007312,medium,False,11123.139,0.7130643653791515,5447.017678608132,5082.030463735238,5447.072131288132,5359.116047988133,4932.1109405881325,5051.556921088131,4557.787290088132,4656.0939960881315
322341,G06007302,medium,False,10647.716,0.8407500276235722,4971.450691316263,4662.777598411048,4971.493711926265,4887.444583326264,4479.3811930262655,4642.488689826265,4157.068175026265,4313.549067226265
322452,G06007311,high,False,11113.013,0.7130643653791515,5387.5150537081245,5023.606009155239,5387.546496088133,5300.489164588131,4877.799653488131,5007.144499288132,4515.239093588131,4626.694023788132
322481,G06007315,low,True,4817.907,0.7130643653791515,1316.0446586779728,1357.8616566006792,1316.0562609721717,1292.0999730151718,1175.7913028941716,1349.0668046941714,1175.6614688791715,1382.0786393491717
322537,G06007301,medium,False,5994.918,0.7130643653791515,2670.7616371881318,2636.9698033952404,2670.778318288132,2624.061234988132,2397.2043902881323,2977.511509588132,2572.290377288132,3284.1957703881317
322755,G06007315,medium,False,9775.457999999999,0.7130643653791515,4672.772768248127,4395.097506075246,4672.798798888132,4596.353050988131,4225.190247688131,4473.179317288132,4004.079353088132,4273.496866788131
322777,G06007325,high,False,8404.3,0.8407500276235722,3917.177922009998,3732.8089631694315,3917.192370849999,3851.340741949998,3531.545749249999,3897.903721849999,3451.5378172499986,3878.619768549999
323010,G06007313,low,True,4918.773999999999,0.8407500276235722,1355.9043600278555,1398.3795423038428,1355.9158674440557,1331.2628883800555,1211.5529503820555,1377.0206048270556,1202.1210496280557,1398.1507598120556
323205,G06007324,high,False,14498.423999999999,0.7130643653791515,7287.3405282481235,6705.34096917524,7287.417365288131,7172.162189688132,6612.473292288132,6426.401088988132,5873.966777888131,5565.440272588132
323319,G06007313,high,False,10375.795000000002,0.8407500276235722,4915.478481380002,4604.150142499428,4915.485996649999,4834.817321049999,4443.089296549999,4643.7351736499995,4165.509011249999,4371.920493249999
323393,G06007310,medium,False,13646.415,0.7130643653791515,6720.55835308813,6193.160177755242,6720.593875288132,6613.7449320881315,6094.961224188133,6003.024524388131,5468.582920088132,5285.436214288133
323410,G06007314,low,True,9290.523000000001,0.8407500276235722,2805.5515508802387,2811.064009330759,2805.5664527868435,2759.499004051844,2535.7348910178434,2461.5826366548436,2240.6467115028436,2117.666533489844
323517,G06007306,low,True,5542.5779999999995,0.8407500276235722,1523.3553728256206,1559.327708609691,1523.3627006517202,1495.9172475957196,1362.6287867307199,1496.8038111567203,1315.8862689687198,1470.2404789647203
323556,G06007312,high,False,16672.966,0.7130643653791515,8414.531662388135,7692.387404875239,8414.622525688132,8282.63685838813,7641.700359188131,7268.464593388133,6680.110304188133,6122.409710788132
323604,G06007324,high,False,12376.0,0.7130643653791515,6053.015477088133,5607.631356835238,6053.053829488132,5956.115332788131,5485.449813388132,5504.310785888132,4991.179343788132,4955.554791188131
323818,G06007329,high,False,14743.287,0.7130643653791515,7325.555878418132,6727.621421485239,7325.615780088132,7209.785953088132,6647.382515888132,6454.968404488132,5901.279940988133,5584.348220688132
323861,G06007302,high,False,15194.236,0.8407500276235722,7370.626176596264,6769.427040731046,7370.701832926265,7251.053474826266,6670.069188326264,6434.818641026264,5872.974303926265,5498.964017526265
323867,G06007312,medium,False,5232.354,0.7130643653791515,2281.4473324381293,2296.750254185243,2281.4616584881323,2240.517096788132,2041.7194300881315,2686.678662988132,2293.852288688132,3091.8411380881316
323880,G06007325,low,True,8399.694,0.8407500276235722,2471.4818454689967,2483.960944373598,2471.4986579954993,2429.9435288834993,2228.2173126674998,2204.7765791924994,1993.5531412094992,1938.0457016204996
323953,G06007302,medium,False,5772.394,0.8407500276235722,2488.9238833988115,2482.0395764528403,2488.951149228812,2443.330380628812,2221.853735728812,2814.636573228812,2411.7802119288117,3140.3512002288116
323975,G06007310,low,True,1785.524,0.7130643653791515,470.49764840190045,532.0690049429996,470.49860082960004,461.6781769656001,418.82698715760006,761.2784164866001,620.3758802735999,1052.0652398856
324300,G06007315,medium,False,2880.775,0.7130643653791515,1192.0324266999987,1339.8056027299997,1192.04010045,1169.6363244499998,1060.8452175500001,1913.09342875,1560.0966046499998,2634.1216253499997
324868,G06007301,high,False,4988.049999999999,0.7130643653791515,2160.5017028481266,2191.7085554152345,2160.5271484881323,2121.378087988132,1931.2942672881322,2596.3043233881317,2207.360084688132,3032.0549306881317
324906,G06007323,medium,False,9017.454000000002,0.7130643653791515,4336.69951990813,4107.555082135243,4336.7343156881325,4265.281530888131,3918.2907236881315,4222.059696288132,3763.6998018881313,4107.452770488132
324916,G06007306,low,True,6262.171,0.8407500276235722,1748.076487636497,1776.8489772806006,1748.0838088034998,1717.2805985684995,1567.7022542894997,1664.3363221784998,1476.2025571304998,1580.5574319434995
325015,G06007316,low,True,4324.683,0.7130643653791515,1173.195710082899,1218.829379032601,1173.2059746980995,1151.6632541630993,1047.0542046110995,1247.2733190440995,1079.0530924520995,1321.3410452960995
325086,G06007310,high,False,9690.957,0.7130643653791515,4635.049585488139,4362.903567455238,4635.074455088132,4559.193500288133,4190.747636988133,4444.999128888132,3977.1078498881325,4254.8477434881315
325191,G06007322,high,False,7607.674,0.7130643653791515,3572.7123977181313,3434.589940665242,3572.749867688132,3512.616006088132,3220.7245856881314,3651.339049788132,3217.3138574881314,3729.9424731881318
325419,G06007317,medium,False,3336.458,0.7130643653791515,1369.5123922700002,1493.7819574700002,1369.5111853399999,1343.7295626399996,1218.52682754,2032.99127074,1672.7171965399998,2696.44661464
325525,G06007315,medium,False,9490.208,0.7130643653791515,4570.433115178133,4310.812984505241,4570.461581888132,4495.545347788131,4131.711823288131,4396.678779888131,3930.8645540881316,4222.946923888132
325540,G06007330,medium,False,8070.5779999999995,0.7130643653791515,3778.5263209481277,3610.904268415239,3778.5518910881324,3715.380722688132,3408.6771987881316,3805.1116480881315,3364.538302588132,3831.602726288132
325572,G06007324,medium,False,5632.8859999999995,0.7130643653791515,2469.810245428132,2459.34294549524,2469.814852688132,2426.0862051881318,2213.7074496881323,2827.393652888132,2428.5527630881315,3184.9312880881316
325703,G06007310,medium,False,4655.392,0.7130643653791515,1964.9619900481375,2017.4926626652432,1964.970356318132,1928.7297284181318,1752.7537363181318,2450.2712088181315,2067.5368411181316,2935.521906518132
325763,G06007329,low,True,13616.758,0.7130643653791515,4229.70508962422,4198.717189831669,4229.733508867523,4162.4826951885225,3835.9587000345236,3525.0802870725224,3258.6533947485227,2820.401662102523
325832,G06007329,medium,False,9486.356,0.7130643653791515,4579.170206468132,4320.04654029524,4579.230079088133,4504.158552088133,4139.707628988132,4403.198088888132,3937.1177561881323,4227.242454688132
325906,G06007302,medium,False,6117.0599999999995,0.8407500276235722,2619.832320198304,2592.655302262707,2619.841963398303,2572.0671868983027,2340.0549115983026,2908.561041598303,2501.0331207983027,3197.2834933983027
325917,G06007313,high,False,4387.095,0.8407500276235722,1844.5710154494882,1912.9123582793006,1844.58421663949,1810.3130429394896,1643.8999187394902,2363.4360121394902,1984.9498494394898,2882.25063723949
326062,G06007314,medium,False,5016.983,0.7130643653791515,2153.1644040381307,2182.37072164524,2153.1713282881324,2114.1379635881317,1924.5838040881317,2590.837428788132,2202.0957363881316,3028.462930788132
326096,G06007327,high,False,5282.033,0.7130643653791515,2346.0461703481346,2348.890420685247,2346.028523358132,2305.309826358132,2107.4244984581323,2754.445523158132,2362.0584349581313,3162.731241858132
326168,G06007317,low,True,8557.916000000001,0.7130643653791515,2576.859515929522,2590.2821614426693,2576.8872835575235,2534.165427709523,2326.7602655565233,2290.2641012385234,2076.5542419405233,2003.6819319825233
326359,G06007301,low,True,5219.6410000000005,0.7130643653791515,1441.7796782391242,1479.9127936566672,1441.7895521535233,1415.929658527523,1290.353905315523,1442.2855120605232,1264.7801306385231,1442.7781892895232
326452,G06007315,high,False,15225.669,0.7130643653791515,7726.299666288123,7096.56799561524,7726.414330688132,7604.587839388132,7013.2449978881305,6754.3146762881315,6187.865793588132,5782.396187888132
326460,G06007327,low,True,3215.9339999999997,0.7130643653791515,843.0015799862995,894.7568695589995,843.0070132386003,827.1794468196,750.3288886926001,1014.4628982606,858.5106874986001,1185.9082955466001
326464,G06007306,medium,False,7413.942999999999,0.8407500276235722,3390.684906819998,3270.41571047943,3390.705370649999,3332.663620549999,3050.8320973499995,3504.581823549999,3075.0138072499994,3618.4369900499987
326505,G06007324,low,True,383.29599999999994,0.7130643653791515,99.649085205601,170.31873196800046,99.64935015840001,97.77556131840001,88.67572590239999,508.8478192104,382.8746857584,918.0441820464
326537,G06007315,medium,False,3859.879,0.7130643653791515,1602.7588196689783,1699.9248193091698,1602.7646599289812,1572.7194542289808,1426.8148557289808,2193.5895906289807,1824.168324428981,2784.369132628981
326584,G06007323,high,False,11174.423999999999,0.7130643653791515,5559.863316198127,5191.315405965241,5559.939889088133,5470.294695788132,5035.104558988132,5135.834865688132,4638.456096988131,4711.902140988132
327709,G06007326,medium,False,4786.3150000000005,0.8407500276235722,2027.0992236181244,2070.982413485239,2027.1038836481318,1989.977431248132,1809.6714242481319,2497.209461248132,2112.563272548132,2967.260922948132
32781,G06007329,low,True,10009.938999999998,0.8407500276235722,3055.505102954725,3056.507513720668,3055.5287645955227,3005.7065592045224,2763.796621690524,2647.848207712523,2418.8672499075233,2240.209187800523
32798,G06007315,low,True,1419.7690000000002,0.7130643653791515,379.19343026880136,443.752237271,379.19868227010005,372.10470618510004,337.6676653371,699.4913679291,562.3095991161,1019.7875497101
327997,G06007315,low,True,4772.009,0.7130643653791515,1278.876570198023,1319.192561921669,1278.8827797615234,1255.4408461065232,1141.6181703495233,1320.594867985523,1148.2803667125231,1362.2765742075233
328040,G06007312,medium,False,13839.186,0.7130643653791515,6936.38697411813,6396.254766105245,6936.471406888131,6826.379564388131,6292.002056988131,6164.236895588132,5622.930984388132,5392.092679388132
328154,G06007315,medium,False,6117.450000000001,0.7130643653791515,2807.416237879659,2763.255375476201,2807.43678452966,2758.93053692966,2523.35922112966,3083.7262769296603,2674.6539377296604,3360.0791815296598
328326,G06007316,medium,False,3777.2259999999997,0.7130643653791515,1571.6428401399999,1672.8876124099997,1571.6503509700003,1542.21783727,1399.2859071700002,2172.91624117,1804.81193057,2774.15948747
328442,G06007317,medium,False,4056.668,0.7130643653791515,1691.80212016898,1779.0728630897406,1691.8148825989817,1660.098895698982,1506.1049669989818,2254.251952898982,1881.2533405989818,2816.656758898982
328497,G06007308,medium,False,6085.632,0.8407500276235722,2682.636039009997,2648.0735965294325,2682.6492612499987,2635.119823349999,2404.3357955499987,2975.6288746499986,2568.645039949999,3268.5479986499986
328574,G06007329,high,False,16335.872,0.7130643653791515,8197.097232008133,7496.125813955239,8197.145634688131,8068.401973488131,7443.142355188133,7106.051867288132,6524.587692388132,6015.018518888131
328598,G06007310,high,False,12566.525000000001,0.7130643653791515,6236.672173308129,5778.615292755236,6236.7284050881335,6137.057898688132,5653.109681088132,5641.482204288133,5122.519126788132,5046.3153507881325
32893,G06007313,high,False,5723.583999999999,0.8407500276235722,2645.1900752018655,2620.258087154194,2645.223361461867,2599.886050461867,2379.7959681618668,2975.8089634618673,2573.556213761867,3306.4918035618666
329005,G06007317,medium,False,970.0889999999999,0.7130643653791515,412.8108021300008,658.2127864000001,412.81329767000005,405.10034136999997,367.63318007000004,1384.18861997,1062.7528925699999,2355.5804684699997
329060,G06007312,low,True,8687.724999999999,0.7130643653791515,2624.1475520787235,2636.801758944671,2624.164344829523,2580.753719620523,2369.931567940523,2325.586687348523,2110.380656863523,2027.043562561523
329197,G06007325,high,False,5167.258,0.8407500276235722,2210.723585561696,2234.0690654167197,2210.731231151696,2170.339576151696,1974.1968297516964,2625.3062657516957,2233.6499979516957,3039.871893651696
329234,G06007326,medium,False,11979.896,0.7130643653791515,5833.265863168132,5413.394318475241,5833.300291888132,5739.618417788133,5284.795465488132,5340.1515014881315,4834.002399888132,4846.993666688132
329248,G06007324,medium,False,13233.771,0.7130643653791515,6547.3746083281385,6046.20587169524,6547.412728288133,6443.141764488131,5936.801765788132,5873.602640088133,5344.710333688133,5199.870230688132
329307,G06007307,high,False,6996.089,0.8407500276235722,3170.0578303999982,3076.7660167594254,3170.0801290499994,3115.3089712499986,2849.3878262499993,3339.7636032499986,2917.2330199499993,3509.4083589499987
329479,G06007306,high,False,12465.908,0.8407500276235722,6054.899454439999,5608.738064159427,6054.928390449999,5957.339375149998,5483.467299949998,5494.9478553499985,4980.407128349999,4934.938877349999
329557,G06007326,high,False,12934.555,0.7130643653791515,6420.214410888138,5938.655258075247,6420.276870688131,6317.874240788133,5820.717826988133,5778.621538788131,5253.803235288132,5136.990106088131
329625,G06007329,medium,False,4072.928,0.7130643653791515,1865.4414136999994,1936.9633630199974,1865.4589682,1832.9287950999997,1674.9326257,2413.9653264,2039.2177617,2962.5539317000002
329755,G06007322,high,False,10235.006000000001,0.7130643653791515,5045.249825858129,4737.653928285239,5045.323745088132,4963.3296832881315,4565.245247388131,4751.378373788131,4270.437022388132,4457.570704588132
329880,G06007307,high,False,4636.596,0.8407500276235722,1944.2259647983064,1999.3801303421396,1944.2334976883021,1908.122364588302,1732.771011888302,2431.728420988302,2049.2734446883023,2919.173648388302
32998,G06007310,medium,False,8835.022,0.7130643653791515,4212.706670768121,3995.492352315239,4212.741737888133,4143.135445388132,3805.0931264881324,4129.415451288131,3675.031447888132,4046.1569056881317
330011,G06007308,low,True,6868.429,0.8407500276235722,1966.2393555567014,1992.0629028086007,1966.2640321274996,1932.2191504034995,1766.9145973814996,1827.3028173735001,1632.245129872499,1688.3249502074996
33010,G06007316,medium,False,9785.39,0.7130643653791515,4691.179551358129,4412.621448625241,4691.212772688132,4614.479747988131,4241.969803988131,4486.917300588132,4017.1977689881323,4282.649798088132
330320,G06007316,medium,False,10306.015,0.7130643653791515,4950.158028578127,4638.488428185237,4950.185824088132,4869.627009988131,4478.475990588131,4680.412840188132,4202.473138488132,4410.545991988132
330373,G06007326,high,False,12816.892,0.7130643653791515,6284.244672168132,5810.544563115238,6284.295466888132,6183.9135264881315,5696.592298488133,5677.058877488131,5156.557466888132,5069.800612488132
330379,G06007325,high,False,11333.010999999999,0.8407500276235722,5435.086381939989,5062.408602919427,5435.114980449998,5346.727122349998,4917.5616400499985,5031.924435749998,4537.162283549998,4628.620331449999
330626,G06007324,medium,False,8215.826,0.7130643653791515,3891.263287948134,3714.252614315241,3891.3119090881323,3826.4544235881317,3511.5906641881325,3889.298118588132,3445.121464388132,3887.349677288132
330630,G06007310,medium,False,3125.59,0.7130643653791515,1286.5236100600036,1421.5927369600008,1286.5230167,1262.3158607999999,1144.7680771999999,1976.8714438999998,1619.9790738,2667.196227
330715,G06007313,high,False,6894.171,0.8407500276235722,3135.9361038800034,3049.1323618794295,3135.9675870499996,3081.700739249999,2818.2242568499987,3314.2497512499995,2892.8227299499995,3492.547019349999
330861,G06007330,high,False,17432.883,0.7130643653791515,8852.75462651813,8079.887953025247,8852.804902288131,8714.312327888132,8041.749088488132,7595.859020888132,6993.475019988132,6339.062934988133
330917,G06007327,high,False,10108.219000000001,0.7130643653791515,4917.584170848129,4617.986549195244,4917.617468688133,4837.538253488132,4448.673247188131,4656.0348785881315,4179.126038288133,4394.516293388132
330951,G06007310,low,True,4960.089,0.7130643653791515,1381.5449292703731,1422.732094562079,1381.5579918667722,1356.801668232772,1236.588178542772,1400.8818735367722,1225.755770589772,1420.2186138847724
331154,G06007301,low,True,4759.572,0.7130643653791515,1273.163010574224,1313.347486090666,1273.1677039356232,1249.8172442646232,1136.437932519623,1316.4358483746232,1144.3144185396231,1359.6687306426231
33122,G06007316,high,False,14975.606,0.7130643653791515,7483.3141069981375,6870.223921365234,7483.376888488132,7365.1972448881315,6791.422731088132,6572.8448100881305,6014.124499288132,5662.296326488133
331233,G06007329,medium,False,4730.8460000000005,0.7130643653791515,2062.0967759199966,2106.905219870002,2062.11379833,2024.7463723299998,1843.29814803,2528.26481773,2143.1286106300004,2994.4297628299996
331301,G06007314,medium,False,9617.855,0.7130643653791515,4582.909172878139,4315.617708705237,4582.933512288133,4507.830363088133,4143.148885288132,4406.044432688132,3939.823073188132,4229.070889788132
331340,G06007322,high,False,13695.466,0.7130643653791515,6730.228779258136,6200.094389145235,6730.263005888131,6623.283906888131,6103.834297988133,6010.264365088131,5475.563223788132,5290.128934888132
331341,G06007326,low,True,5102.094,0.7130643653791515,1392.8400784111698,1430.5797495936774,1392.8472407866716,1367.7409931656714,1245.8353854046716,1406.2094367406717,1230.3186563626714,1419.5628997606718
331402,G06007312,medium,False,4303.067,0.7130643653791515,1798.662615029999,1871.2450057799992,1798.66714963,1765.2297076300001,1602.8299123299998,2331.6234169299996,1954.90190103,2864.54667213
331414,G06007307,high,False,3441.6440000000002,0.8407500276235722,1423.4200023599974,1542.4025183799977,1423.4174433199996,1396.66664632,1266.74213122,2070.34371622,1707.9779100199999,2717.2185605199998
331442,G06007316,high,False,3965.6440000000002,0.7130643653791515,1661.8468097294829,1752.6116380493063,1661.8583996094897,1630.87456860949,1480.4576196094897,2236.8437199094897,1865.41502680949,2811.7846394094895
331507,G06007314,low,True,3764.0469999999996,0.7130643653791515,995.5190740634997,1044.354832976,995.5288917189,976.8882213278998,886.3762232619,1119.0429213879,957.0626661909,1242.5568817569
331594,G06007315,high,False,4107.7880000000005,0.7130643653791515,1750.8174052589795,1830.6332419091732,1750.820415838981,1718.7416026389808,1562.909666438981,2306.8283285389807,1933.0400492389808,2862.8001893389805
331785,G06007330,low,True,4843.17,0.7130643653791515,1319.555463942965,1360.848128615848,1319.5669087560648,1295.5347934950644,1178.8753593450645,1351.3421089770645,1177.7695438830642,1383.1105141440644
331806,G06007326,medium,False,12831.435000000001,0.8407500276235722,6493.796733018124,6018.461882605237,6493.8827574881325,6390.387166388131,5887.8523934881305,5833.541047288132,5306.412139788131,5173.365798888131
331895,G06007325,high,False,13235.114,0.8407500276235722,6482.864466429999,5987.187642509428,6482.908386849998,6378.955644949999,5874.231873749998,5814.671047049998,5286.477199949998,5146.416135649999
332111,G06007317,high,False,7105.004999999999,0.7130643653791515,3292.087537168128,3186.6135436552413,3292.119042088132,3236.167406088132,2964.509450088132,3441.683256288132,3016.638687388132,3591.235646688132
332146,G06007307,medium,False,8778.32,0.8407500276235722,4117.051004770002,3908.8726106094277,4117.082049049999,4048.2463587499988,3714.07000145,4047.24832505,3594.5079230499996,3977.35616125
332275,G06007308,high,False,4184.222,0.8407500276235722,1746.029487809993,1826.3202692494322,1746.0397081499991,1713.362957849999,1554.704141849999,2292.110608449999,1917.0413296499994,2838.140723949999
332422,G06007301,high,False,18067.525999999998,0.7130643653791515,9096.041658898133,8283.58400596524,9096.117384688132,8953.97924058813,8263.971689688131,7777.688251188132,7167.495888288132,6459.240783788131
332427,G06007326,medium,False,8462.909,0.7130643653791515,4071.320883608639,3875.921396465935,4071.376137848642,4004.0616409486415,3677.302294648642,4027.6717705486426,3578.2462715486417,3984.112432048642
332831,G06007325,medium,False,6883.233,0.8407500276235722,3136.9776266199997,3050.672864999429,3136.9985846499994,3082.7217013499985,2819.1634790499993,3315.0334107499993,2893.5663371499995,3493.073907949999
332882,G06007316,medium,False,4834.241,0.7130643653791515,2080.9507034493154,2120.7549458624003,2080.9643057193202,2043.12929871932,1859.42907001932,2539.1798115193196,2153.0280241193204,2997.3775460193197
332912,G06007327,high,False,7353.610000000001,0.7130643653791515,3448.75835712813,3326.947919135238,3448.7890062881324,3390.512352788132,3107.5411826881323,3558.715919988132,3128.674792488132,3668.6721685881316
333021,G06007330,low,True,14204.071,0.7130643653791515,4489.502426846721,4460.583758312665,4489.569796753523,4418.420052997523,4073.1469485765238,3719.1535897545223,3444.4177469415226,2948.824013110523
33306,G06007308,medium,False,14631.249,0.8407500276235722,7258.259474959996,6672.412342199433,7258.318991249998,7142.856865349999,6582.206810349999,6393.9102340499985,5841.002320049999,5529.585320849998
333077,G06007326,low,True,514.298,0.7130643653791515,136.0023448581003,206.00818982100026,136.00307595419997,133.45486745219998,121.07794364819999,533.7057012762,406.28378164619994,931.4085900012001
333451,G06007316,medium,False,799.0079999999999,0.7130643653791515,329.6363436800032,583.9031389600001,329.63718224,323.43847344000005,293.33478864000006,1326.82650264,1008.6418174400001,2324.00883264
333460,G06007310,low,True,4505.302000000001,0.7130643653791515,1204.1152990954263,1247.582764632501,1204.1261456416305,1181.8537459396307,1073.7214200016303,1265.8057069996303,1096.0162615396302,1327.4653635076304
33351,G06007313,medium,False,6951.99,0.8407500276235722,3184.9740901299992,3094.1619597294352,3184.9931132499987,3130.008961749999,2862.977126349999,3350.8811120499986,2927.8841457499993,3516.800974849999
333544,G06007326,low,True,7887.671,0.7130643653791515,2327.9281436868205,2343.937079529667,2327.941525699523,2288.920107718523,2099.4677355255235,2104.3084190535233,1898.5198630545233,1880.6865305025235
333734,G06007324,high,False,7044.017,0.7130643653791515,3295.706991769151,3192.432848176069,3295.735242099152,3239.9041280991514,2968.7894220991516,3447.306931099151,3022.4989297991515,3598.9562204991507
333802,G06007301,high,False,7527.217000000001,0.7130643653791515,3526.243406628136,3393.3821418752445,3526.275360688132,3466.842556488132,3178.2954233881323,3616.6163042881317,3184.0821534881325,3706.973730288132
333884,G06007310,high,False,5346.432000000001,0.7130643653791515,2328.334929778134,2336.3202159652415,2328.339120088132,2286.707623888132,2084.528317788132,2721.7112461881316,2327.3780653881317,3115.022224488132
333918,G06007311,medium,False,9615.253,0.7130643653791515,4565.134937818133,4298.055483645242,4565.150065888132,4490.318221788131,4126.923779588131,4392.772732888132,3927.1151820881314,4220.285634988131
333938,G06007328,high,False,12117.339,0.7130643653791515,5904.967048609998,5481.041111809431,5904.999181649999,5809.636002949999,5346.543195449999,5382.915886949999,4873.159947349999,4860.872895649999
334069,G06007315,low,True,1649.888,0.7130643653791515,433.75099844790105,496.12621243499996,433.7536059611999,425.61547682220004,386.0937956232,736.2091822602,596.7754066271999,1038.6711681162
334086,G06007312,high,False,2990.3910000000005,0.7130643653791515,1282.0480798899991,1423.14962153,1282.0606958399997,1258.2340517399998,1142.5346763399998,1978.9348408399999,1622.8894638399997,2675.8274747399996
334099,G06007306,low,True,11327.994999999999,0.8407500276235722,3458.492256807001,3448.5045120396003,3458.5156305314995,3402.3196089854987,3129.4356131114987,2942.126409976499,2699.451015856499,2425.7490677564992
334210,G06007327,medium,False,3092.021,0.7130643653791515,1284.1551542599993,1421.0034666900006,1284.1585930300002,1260.04366123,1142.92917683,1976.0314598299997,1619.34637093,2667.88311593
334246,G06007313,high,False,11883.318,0.8407500276235722,5811.726362469997,5403.02625780943,5811.782965649999,5717.78384675,5261.416216649998,5313.257382349999,4806.4878048499995,4814.778434649998
334250,G06007301,low,True,6382.753000000001,0.7130643653791515,1799.327079004223,1824.8278505836688,1799.3313036015234,1768.172666707523,1616.840305786523,1709.4035181735235,1520.5075561935232,1619.4322856775232
334345,G06007301,high,False,8031.214,0.7130643653791515,3842.060862558132,3676.233931345239,3842.0899774881323,3777.9785123881315,3466.629580788132,3852.5301373881316,3409.9417777881326,3863.045370488132
334397,G06007329,high,False,11366.035,0.7130643653791515,5547.03576793813,5166.70506212524,5547.080486088133,5457.644642388132,5023.439776688132,5126.3032108881325,4629.305197788131,4705.540641788131
334495,G06007324,medium,False,14507.457,0.7130643653791515,7098.4902846881305,6516.148686115241,7098.516718288132,6986.079062788132,6440.082639188131,6285.365087388131,5738.887492088133,5472.147552688132
334618,G06007322,medium,False,7275.605,0.7130643653791515,3393.9585659081317,3277.08898201524,3393.980812688132,3336.522482688132,3057.5022094881324,3517.7760371881322,3089.478823988132,3641.600241888132
334727,G06007301,medium,False,5642.005,0.7130643653791515,2504.805679618132,2493.6963241652406,2504.8269604881325,2460.563055788132,2245.6582512881323,2853.5352988881323,2453.5828653881326,3202.221012988132
334736,G06007310,low,True,3191.9040000000005,0.7130643653791515,841.9222617497995,894.4143316920005,841.9295607156,826.1422325855999,749.4875300556,1014.0761045946,858.2144528676,1186.2170277395999
334748,G06007330,low,True,1219.151,0.7130643653791515,313.1022057722998,377.5032309160008,313.1027084618999,307.19823625890007,278.5326913089,653.6403877359,519.0051714699,994.1773841529
334789,G06007311,high,False,13065.940999999999,0.7130643653791515,6374.491814268131,5884.924155735243,6374.537089088131,6272.834027688132,5779.028252688133,5744.463192788133,5221.137449588133,5114.329429088131
3348,G06007311,high,False,5024.987,0.7130643653791515,2222.536025760002,2244.4694550100003,2222.54400239,2183.29551649,1992.6759739899999,2656.5159326899998,2267.30689429,3090.50541979
335892,G06007315,low,True,5978.1900000000005,0.7130643653791515,1752.7767379855911,1786.2547558681706,1752.7902961525936,1722.823257071593,1577.293360139593,1683.3222616375929,1496.999673761593,1613.9136544555927
33603,G06007313,low,True,4456.147999999999,0.8407500276235722,1195.1652917739202,1240.2251804806917,1195.17428291972,1172.97868639172,1065.1992673017198,1258.1209407237197,1088.49487656572,1321.06433897072
336117,G06007307,low,True,2292.897,0.8407500276235722,648.0129142059411,707.7527515241803,648.0177269901413,636.3894849801414,579.8961375171413,890.9639219871414,744.0358469121413,1133.9543756811413
336231,G06007314,low,True,14608.963,0.8407500276235722,4600.317559022725,4565.578341320669,4600.365213583524,4527.597332845523,4174.343717473523,3801.944552890523,3523.6980193905224,3003.548123824523
33648,G06007327,low,True,7977.543000000001,0.7130643653791515,2371.452233244344,2387.914872683158,2371.4696458836447,2331.842125125644,2139.3987430086445,2137.366205664644,1930.2826191456443,1903.3207010646443
336582,G06007301,medium,False,6684.082,0.7130643653791515,3071.4272392081334,2993.1726116552413,3071.461623088132,3018.7908925881316,2763.0301613881315,3276.8148143881317,2858.8241063881323,3482.1898750881314
336663,G06007316,medium,False,3515.098,0.7130643653791515,1449.5501077200001,1564.7782297,1449.54887654,1422.2901839399997,1289.89888854,2087.8126085399995,1724.35854234,2726.03572714
336791,G06007317,low,True,3899.73,0.7130643653791515,1032.4669801882762,1078.1931089106815,1032.4670877040717,1013.4174945820715,920.8887844900715,1148.8964433010715,986.0166620080715,1265.2876377190717
336884,G06007326,high,False,12913.75,0.7130643653791515,6214.6741280581355,5734.5217341852385,6214.660752688133,6115.342032388131,5633.062473688133,5625.127511688132,5106.766913888133,5035.493270488132
337083,G06007314,low,True,4002.86,0.7130643653791515,1055.500702760268,1102.5761905076804,1055.5097410237715,1035.7294742167715,939.6897825667716,1159.6251116437716,995.1873811747715,1263.7214994187716
337085,G06007323,low,True,10614.77,0.7130643653791515,3303.742429227324,3304.844824494671,3303.7869754815224,3250.264203136523,2990.442975463524,2833.2838931895235,2596.3945128135233,2362.8793983375235
337210,G06007316,high,False,10858.867,0.7130643653791515,5303.773052648132,4955.8437551552415,5303.818002688133,5217.994231888131,4801.306734688133,4944.548922388132,4455.325593788132,4585.337042888132
337252,G06007330,medium,False,5301.019,0.7130643653791515,2338.301398188131,2349.1062778952396,2338.325598488132,2296.531277188132,2093.6201602881315,2729.136993588132,2334.498042588132,3119.9485674881316
337276,G06007301,low,True,7670.02,0.7130643653791515,2239.706813663423,2255.816717437667,2239.7198555895234,2202.0083885445233,2018.927062837523,2038.4017273215231,1835.4363845895232,1837.075360417523
337302,G06007314,medium,False,4400.367,0.7130643653791515,1878.1067652800004,1944.092217880001,1878.12378422,1843.5328944199998,1675.56373692,2391.54565782,2012.3725392200001,2904.9623149199997
337364,G06007315,low,True,13413.27,0.7130643653791515,4166.338273642526,4137.586001748668,4166.371233415523,4100.057724790523,3778.1131869735227,3477.7486543185228,3213.3577631715225,2789.0612664915234
337388,G06007314,high,False,9571.193,0.7130643653791515,4577.436344538126,4312.863036325241,4577.454805288133,4502.438382288132,4138.117842188132,4401.935150088132,3935.870181088132,4226.416697988132
337473,G06007301,high,False,3861.0389999999998,0.7130643653791515,1626.7015478800008,1722.3355299400005,1626.7127831399998,1596.46796864,1449.62495214,2214.26497204,1844.4217500399998,2801.80825874
33750,G06007314,high,False,3444.82,0.7130643653791515,1429.0599142694884,1546.5011289692984,1429.05994704949,1402.40587234949,1272.9191024494896,2077.48413384949,1715.34857004949,2725.85312244949
337718,G06007314,medium,False,3549.044,0.7130643653791515,1472.368613340002,1585.8852985999965,1472.3760161199998,1444.7170212199999,1310.4131422199998,2103.9102970199997,1739.6183670199998,2735.4086534199996
337812,G06007328,low,True,5653.207,0.8407500276235722,1537.315910052301,1570.2122590486015,1537.3203595154994,1509.6470939864994,1375.2653965154996,1506.8858029454996,1325.4733023284991,1476.4086191264994
337901,G06007327,low,True,6454.85,0.8407500276235722,1855.8018210426237,1884.1719391916683,1855.8178592235233,1823.8063654995228,1668.3882296055228,1751.591804782523,1560.877586383523,1647.367585720523
337988,G06007327,low,True,8743.784,0.7130643653791515,2653.2738201615193,2666.5922421986693,2653.3001957415236,2609.4462971775224,2396.5199405835233,2347.341743146523,2131.197719395523,2041.4510446575232
338226,G06007317,medium,False,2915.483,0.7130643653791515,1206.1276092399946,1351.270045779435,1206.1255763099994,1183.562181909999,1073.9342557099992,1924.2386947099992,1570.896578409999,2642.301948209999
338271,G06007308,high,False,13083.701000000001,0.8407500276235722,6459.529818200002,5973.385638879428,6459.585364249999,6355.981033649998,5852.905510249999,5797.204639649998,5269.788026749999,5134.878825749999
338333,G06007322,high,False,6794.454,0.7130643653791515,3077.8529161181327,2992.4826138652406,3077.851017888132,3025.104741288132,2768.900733088132,3281.655462388132,2863.4234480881314,3485.3829720881317
338416,G06007314,medium,False,9108.705,0.7130643653791515,4279.884545478148,4045.4718323052343,4279.889105688133,4209.296340188132,3866.465653288132,4179.6759132881325,3723.1011277881316,4079.345943588132
338590,G06007329,high,False,3775.1780000000003,0.7130643653791515,1588.5848021999975,1687.8677069100002,1588.5906636900002,1559.16846279,1416.2508083899997,2189.91832909,1821.8341001899998,2791.23740439
338694,G06007308,high,False,2568.2430000000004,0.8407500276235722,1061.654648270004,1225.369064959999,1061.6582306900002,1041.7004200899999,944.78846869,1824.40548059,1476.65631699,2587.12352079
33875,G06007324,medium,False,5672.893,0.8407500276235722,2570.11002999915,2556.20066802607,2570.1333601791507,2524.948747279151,2305.544876079151,2903.144781379151,2501.2193381791512,3236.198048879151
338776,G06007310,high,False,13504.167,0.7130643653791515,6671.188523248127,6152.8147001552425,6671.178089688134,6565.148069088131,6049.889725388131,5966.0987367881335,5433.365603688132,5260.919032888132
338827,G06007329,low,True,5830.805,0.7130643653791515,1652.9705055354664,1686.4964660642488,1652.9824152570652,1624.024257861065,1483.4121394800652,1600.7309905650654,1416.570833967065,1548.4986704970652
338830,G06007322,low,True,2492.827,0.7130643653791515,715.3957875456022,776.5763026769959,715.4077746626999,702.4420240047,639.4651103547,935.6178861777,785.8310683557002,1155.8792153697
338932,G06007315,high,False,4099.784,0.7130643653791515,1743.7246435300017,1827.1954400800005,1743.74562629,1711.3622249900004,1554.15197229,2294.91684459,1920.50113469,2846.08982379
338950,G06007315,high,False,5408.784,0.7130643653791515,2369.7774963581323,2373.788584785238,2369.792150488132,2327.542279788132,2122.371887788132,2752.656618388132,2357.018387788132,3135.4884993881315
338961,G06007308,medium,False,6210.763,0.8407500276235722,2716.77763726,2674.1711554594294,2716.7774356499995,2668.753782149999,2435.5088549499987,3001.130766449999,2593.0492888499994,3285.432011249999
339136,G06007311,medium,False,7111.591,0.7130643653791515,3302.4435607491446,3196.0498043755088,3302.4649559291506,3246.39279842915,2974.08435542915,3449.8289864291505,3024.49339612915,3597.24863092915
339156,G06007310,medium,False,11922.913,0.7130643653791515,5936.876044628127,5520.05503079524,5936.949987488131,5841.702570988133,5379.355059088131,5417.512311088132,4908.094797588133,4898.200202288132
339373,G06007323,high,False,10088.092,0.7130643653791515,4930.028834438133,4631.607619905239,4930.069485288132,4849.805350988132,4460.031094088132,4665.312908988131,4188.030524888131,4400.653829288131
339445,G06007317,medium,False,15391.01,0.7130643653791515,7713.460003088136,7073.240255815243,7713.533694288131,7591.908983488131,7001.535406588133,6744.784826988132,6178.6693263881325,5776.0945065881315
339530,G06007326,medium,False,10351.977,0.7130643653791515,4932.628645768129,4617.554028815241,4932.620044288133,4852.328660188132,4462.439925288132,4667.345641288131,4189.892540588131,4401.967546688133
339714,G06007308,high,False,15894.505000000001,0.8407500276235722,7921.57408441,7254.136296789435,7921.617919049999,7796.324306749999,7187.875546149999,6889.477102249997,6315.433711849999,5857.319768349998
339716,G06007308,high,False,4331.474,0.8407500276235722,1811.5706902094828,1883.671231689298,1811.5808442094897,1777.7749877094896,1613.6234170094897,2338.3739575094896,1960.87975880949,2865.12309330949
339924,G06007322,low,True,2185.9990000000003,0.7130643653791515,571.423121469901,629.921236237999,571.4260899291,560.6916890841,508.5702080360999,829.6548232880999,684.6447817010999,1087.8702051831
339927,G06007311,medium,False,3322.6079999999997,0.7130643653791515,1371.9086600399992,1497.014266539999,1371.9111636399998,1346.1166636400003,1220.85255594,2035.17106354,1674.8745587399999,2698.39090794
339963,G06007315,medium,False,7312.8240000000005,0.7130643653791515,3337.8245191881324,3219.0980729952375,3337.8249360881323,3281.214862788132,3006.275740888132,3475.8771123881315,3049.336443688132,3613.861619488132
340006,G06007329,medium,False,8761.829,0.7130643653791515,4029.4857126186444,3816.8311366253697,4029.457590268641,3962.603189068641,3637.9213325686396,3992.9763319686404,3544.34664386864,3956.4340264686402
340035,G06007326,low,True,6059.5470000000005,0.7130643653791515,1699.6936343739235,1728.708849080669,1699.6993412415231,1670.0142041025229,1525.861882117523,1634.977699384523,1449.244845562523,1570.213159882523
340330,G06007316,low,True,4131.563,0.7130643653791515,1088.5216876880825,1134.0469414675104,1088.5287327071785,1068.1963221821788,969.4680006371785,1183.2066847421788,1017.5783469461787,1277.8607834651789
340588,G06007325,low,True,7400.226000000001,0.8407500276235722,2138.8173895682994,2159.5011057266024,2138.8298593094996,2102.2263881954996,1924.4672692244994,1956.2310073514996,1755.6378364424995,1773.6521224874994
340623,G06007307,high,False,11482.451000000001,0.8407500276235722,5588.679692269991,5205.888664769427,5588.726722649999,5498.044241249998,5057.760294749999,5146.637490849998,4646.973937049998,4704.561818649999
341084,G06007308,high,False,12454.965,0.8407500276235722,6047.747749670005,5602.981078149442,6047.7980766499995,5950.320600549999,5476.986176549998,5489.59453695,4975.348270649999,4931.308118049999
341375,G06007311,low,True,5384.209000000001,0.7130643653791515,1476.1757619303257,1510.79079275267,1476.179343127523,1449.8103284205233,1321.7688476925232,1467.996762352523,1289.3851636155232,1459.772175508523
34150,G06007306,medium,False,9815.619,0.8407500276235722,4648.584595340004,4373.672548859425,4648.613253849999,4571.896483949999,4199.416138349999,4444.3458572499985,3974.6668382499993,4239.984594549998
341604,G06007301,high,False,10190.600999999999,0.7130643653791515,4944.120127708125,4639.022358655238,4944.151836688132,4863.675699788131,4472.909002688131,4675.854350988132,4198.111532388132,4407.616926788131
341649,G06007316,medium,False,2017.0549999999998,0.7130643653791515,840.0918701699998,1032.000095780001,840.0979478499999,824.3275092499998,747.75849825,1674.2359303499998,1335.49044935,2508.36202495
341666,G06007312,medium,False,9163.825,0.7130643653791515,4368.860980528132,4130.572886495239,4368.888280288133,4296.954680588131,3947.6854701881316,4246.126750888131,3786.7224614881316,4123.3275047881325
341829,G06007317,medium,False,4079.2720000000004,0.7130643653791515,1715.37184879898,1800.5471202591716,1715.3879451289808,1683.4004711289808,1528.0724463289807,2273.1413743289804,1899.5732207289807,2830.875005428981
341861,G06007302,high,False,8933.364,0.8407500276235722,4046.006939916264,3848.002541691051,4046.038466126265,3975.733229426264,3634.3887340262645,3951.1227918262643,3495.218788826265,3856.237712426265
341937,G06007311,medium,False,13433.738000000001,0.7130643653791515,6719.8064879281355,6206.054996495233,6719.876175288133,6613.047842588132,6094.261606288132,6002.3878085881315,5468.074483688132,5284.997106488132
341946,G06007313,low,True,6536.204,0.8407500276235722,1865.4084395607188,1894.4287397906887,1865.4154513221201,1832.8919679381204,1674.90370433012,1752.20620697312,1560.3856153341198,1639.00477292312
342082,G06007310,low,True,6652.996,0.7130643653791515,1908.311407964724,1933.6838633666655,1908.3230344635228,1875.5368562625229,1716.342956425523,1790.827696372523,1598.4417308895231,1673.302449661523
34217,G06007316,low,True,9309.268,0.7130643653791515,2799.9806792442314,2804.7613280856713,2800.008971983523,2753.9875676175234,2530.5241132005235,2456.9568707895232,2236.1675031045233,2113.871842204523
342177,G06007316,high,False,13222.543999999998,0.7130643653791515,6565.964102088135,6065.580100255242,6566.027460088133,6461.44460528813,5953.779411488133,5887.5145771881325,5358.002789888132,5209.067432988131
34223,G06007310,low,True,9672.16,0.7130643653791515,2967.965700221428,2974.160378871667,2967.9838450215234,2919.470511376524,2683.847846854523,2582.430444490523,2356.257902386523,2196.956641435523
342272,G06007315,medium,False,8262.921,0.7130643653791515,3931.997702828125,3751.385293935242,3932.018995688132,3866.5811743881327,3548.7616003881326,3919.7230889881325,3474.2670984881324,3907.4774767881318
342318,G06007306,medium,False,8151.351000000001,0.8407500276235722,3841.052155100004,3672.9177989594314,3841.1016944499997,3776.3485088499992,3462.028325449999,3841.0176001499985,3397.086432949999,3841.005901149999
34238,G06007317,high,False,2545.121,0.7130643653791515,1060.75584699,1225.5794517800016,1060.76211203,1040.85180033,944.1823841300001,1824.3748553299997,1476.73140583,2587.9781536299997
342444,G06007328,high,False,1213.4430000000002,0.7130643653791515,500.54561364999864,733.6046399000013,500.54689569,491.13404499000006,445.4211829900001,1442.96113619,1117.86956889,2385.3639338899998
342550,G06007317,high,False,13409.789,0.7130643653791515,6627.576492308133,6115.407684515239,6627.623604688133,6522.1520856881325,6010.069764688131,5933.551295288131,5402.114938388132,5239.447135788132
34263,G06007328,high,False,5836.504,0.8407500276235722,2509.0836842299987,2490.437900029426,2509.069073049999,2464.1282332499995,2245.856828849999,2845.988027449999,2444.499016449999,3182.8327023499987
342815,G06007317,high,False,24203.321000000004,0.7130643653791515,12354.834052298133,11146.657510725243,12354.939738688132,12164.448837288131,11239.51904658813,10212.16818588813,9498.15034508813,8069.463252488131
342841,G06007324,high,False,12126.603,0.7130643653791515,6041.558134318126,5611.464973925242,6041.6350108881325,5944.824730388131,5474.939140388131,5495.721451988131,4982.962788688133,4949.9290077881315
343030,G06007301,medium,False,6829.877,0.7130643653791515,3127.551006148133,3039.8332103352404,3127.5723178881317,3074.069353588132,2814.2721074881324,3318.765330388132,2898.954547188132,3509.946532988132
34369,G06007327,high,False,20323.281,0.7130643653791515,10213.891782118131,9256.013981705237,10213.86798588813,10055.27943008813,9284.67965568813,8612.778560488132,7967.062519788132,7011.48673938813
34392,G06007328,low,True,8626.39,0.8407500276235722,2553.3687020939988,2564.7485185696014,2553.3860925194986,2510.6243137604993,2302.9822271294993,2265.9340590794995,2052.1128274994994,1978.5060658724994
344064,G06007307,medium,False,10730.901,0.8407500276235722,5103.78087779,4769.53413820943,5103.799129049999,5020.325773049998,4615.024649249999,4784.401326449999,4300.170901349999,4464.971802149999
344249,G06007330,high,False,9604.329000000002,0.7130643653791515,4600.48908224813,4333.89928859524,4600.520789488131,4525.153191788131,4159.187087888133,4419.159356988132,3952.3853543881323,4237.766835188132
344352,G06007328,high,False,16915.716,0.7130643653791515,8463.964414499998,7730.7244473394285,8464.050558449999,8330.65568355,7683.112125249998,7294.671804949998,6703.280920049999,6125.3977962499985
344397,G06007327,high,False,12204.644,0.7130643653791515,5963.720366118134,5529.5173313452415,5963.759546888132,5868.14737888813,5403.925484588131,5437.60895398813,4927.3313965881325,4911.413754288131
34444,G06007328,high,False,18449.516,0.8407500276235722,9144.719689990005,8313.217411169433,9144.748998449999,9001.33326295,8304.80151025,7803.267398949999,7190.3052134499985,6461.570754649999
344455,G06007316,high,False,2182.625,0.7130643653791515,898.5138409699981,1081.9748994199992,898.5145623499999,881.6110122499998,799.5198583499999,1713.27199235,1372.08006405,2528.0013499499996
344550,G06007317,low,True,1390.7180000000003,0.7130643653791515,384.66247746780135,450.7203977499997,384.6681541962,377.5222223892,342.82822703220006,704.0822781432,566.7922833942,1023.5156904852
344672,G06007324,low,True,11509.827000000001,0.7130643653791515,3511.05811290242,3495.23593791767,3511.0717178595232,3454.498976851523,3179.772576658523,2988.191654239523,2744.682435211523,2465.298574630523
344735,G06007325,medium,False,3031.393,0.8407500276235722,1261.9268309400018,1401.9309198699984,1261.93550159,1238.2454838900003,1123.2183567900001,1961.1151662900002,1605.3565344900003,2660.2697845899997
344773,G06007325,medium,False,5102.827,0.8407500276235722,2201.814437240677,2229.178164297028,2201.8351389406785,2161.587113440679,1966.1841702406787,2619.0052153406787,2227.683370540679,3036.1819552406787
344969,G06007313,medium,False,12001.217999999999,0.8407500276235722,5878.980319369997,5462.82553930943,5879.051070649999,5784.037495949999,5322.829874949999,5363.5096027499985,4854.581895949998,4848.016226849999
344999,G06007316,high,False,22646.218999999997,0.7130643653791515,11561.216375208127,10453.459248835228,11561.343638088132,11382.62790288813,10514.91847288813,9619.24888218813,8930.638936388132,7677.196323388131
345040,G06007301,high,False,5544.779,0.7130643653791515,2471.58806510813,2466.624791175238,2471.618398688132,2427.8382762881324,2215.321633988132,2828.7113877881316,2429.8217354881317,3185.8109959881317
345115,G06007316,low,True,565.649,0.7130643653791515,149.5742959871995,219.2392418930005,149.57467929809997,146.77270289009996,133.15993032509996,542.9427761001,414.97480938809997,936.3122939301
345121,G06007310,medium,False,2367.071,0.7130643653791515,980.3413619399983,1154.3559705899993,980.3455979299999,961.92332053,872.46889893,1769.2627139299998,1424.81505203,2558.15427113
345152,G06007324,low,True,8341.157,0.7130643653791515,2462.5641201072294,2473.4961228496713,2462.5810356135235,2421.570676510523,2222.4320446155234,2204.892364711523,1994.8449125745233,1947.1588002615233
345176,G06007327,high,False,5436.253,0.7130643653791515,2369.2128109981227,2371.360441385249,2369.216094288132,2326.9740773881317,2121.8538191881316,2752.256012288132,2356.6119056881316,3135.226293788132
345191,G06007301,high,False,9391.578000000001,0.7130643653791515,4537.91529313864,4284.439120125373,4537.959757808641,4463.517805508641,4102.087925708642,4372.62218680864,3907.8480379086404,4207.39677560864
345249,G06007329,low,True,5104.565,0.7130643653791515,1415.6879659081906,1453.1859424061688,1415.693189931193,1390.551591435193,1268.4389563501932,1428.348764214193,1252.3733629291928,1441.009382403193
34538,G06007302,medium,False,12612.993,0.8407500276235722,5943.939899046264,5508.824430841049,5943.963787126265,5845.488856426265,5367.360815426265,5369.052319526265,4852.578673926266,4794.102381826265
345440,G06007301,high,False,16445.650999999998,0.7130643653791515,8448.065230118122,7739.423134465247,8448.177631888131,8315.66630788813,7672.238065188132,7293.487941888132,6704.060914288132,6139.045661088132
34559,G06007330,low,True,10328.588,0.7130643653791515,3157.3639368924237,3155.2451527556673,3157.3938636375233,3106.0479963795237,2856.8071229595234,2723.950833241523,2491.717487395523,2290.5398445825235
345627,G06007313,medium,False,3312.1810000000005,0.8407500276235722,1376.476272779487,1500.4292820492997,1376.4746612594902,1350.84570815949,1226.34334505949,2042.39384715949,1682.4580655594898,2708.2557283594897
345688,G06007330,high,False,4374.907,0.7130643653791515,1846.534739550003,1916.3616016694305,1846.5502982699995,1812.130403969999,1645.0350407699993,2363.034700669999,1984.231597069999,2879.500959369999
345883,G06007324,medium,False,4587.533,0.7130643653791515,2143.568922729999,2187.621397020002,2143.6120514699996,2106.20719337,1924.6390263700002,2609.4144126699994,2224.2504688699996,3075.33160407
346100,G06007306,low,True,7166.904,0.8407500276235722,2051.6300116263,2073.320681032597,2051.6402271014995,2016.330459538499,1844.8739632574993,1891.1151345224994,1693.304683441499,1730.5475948744997
346242,G06007324,low,True,9365.796999999999,0.7130643653791515,2833.991534901326,2839.6508282346704,2834.022179827523,2787.478121854523,2561.5521696795236,2482.3740171105233,2260.4556140145232,2130.7365530535235
346419,G06007326,medium,False,11193.93,0.7130643653791515,5426.115889918137,5057.503620445241,5426.160201688132,5338.553224288133,4913.059981988132,5035.924703488132,4542.845090588132,4645.726410788132
346567,G06007327,medium,False,9408.607,0.7130643653791515,4493.918371478132,4239.817245325241,4493.9454534881315,4420.159121188131,4061.862488888132,4339.537463988132,3876.138837188132,4185.1442313881325
346622,G06007311,high,False,8739.137999999999,0.7130643653791515,4141.170831808133,3930.176970395239,4141.198669888132,4072.6390945881317,3739.776180888132,4076.0199712881317,3623.8603250881315,4010.843779288132
346631,G06007310,medium,False,4083.987,0.7130643653791515,1707.7682261889815,1792.3905231297422,1707.776861978982,1675.9217185789823,1521.2619185789824,2267.879124578982,1894.5743112789821,2827.9407915789816
346735,G06007316,high,False,5059.849,0.7130643653791515,2186.1738362281335,2212.60336441524,2186.186026288132,2146.6586205881317,1954.7256626881317,2615.4976135881316,2225.709937988132,3044.7659633881317
347059,G06007326,low,True,13487.345000000001,0.8407500276235722,4233.9245640792205,4209.063384151668,4233.962256103523,4166.660629648523,3839.7922232595233,3528.1827775125234,3261.6658316025228,2822.475720067523
347212,G06007324,low,True,4305.482,0.7130643653791515,1141.3659444445511,1186.5020060965876,1141.3770826807506,1120.0791890917508,1016.674111812751,1219.6451975377508,1051.951121682751,1297.898046297751
347292,G06007316,medium,False,2089.935,0.7130643653791515,865.6286827899993,1053.81429566,865.63222985,849.3651720500001,770.37945575,1691.28645745,1351.4691860500002,2516.91789855
347356,G06007322,medium,False,3548.5180000000005,0.7130643653791515,1532.5390218099988,1642.1510232999997,1532.5506991299999,1504.46049843,1368.03896133,2156.71174793,1791.4986023299998,2780.8923498299996
347642,G06007312,medium,False,5558.7660000000005,0.7130643653791515,2433.5976328681336,2427.7469629952398,2433.6055076881316,2390.409712088132,2180.6416247881316,2800.331813988132,2402.656410188132,3167.0319412881317
347644,G06007301,medium,False,7921.903,0.7130643653791515,3702.9087221481336,3544.790738255238,3702.9338398881314,3640.885028188132,3339.6220831881324,3748.6107735881315,3310.4420990881317,3794.255222288132
347666,G06007330,medium,False,2136.337,0.7130643653791515,883.7727606200046,1069.5785054100031,883.7748921100001,867.16419761,786.5017968100001,1703.54849271,1362.98963011,2523.29771661
347861,G06007308,medium,False,6587.715,0.8407500276235722,2979.0180183810185,2909.974188560259,2979.032661281018,2927.3483348810187,2676.3281156810185,3201.080540481018,2785.1552875810185,3423.1591055810177
347955,G06007328,high,False,4685.938,0.7130643653791515,2009.7901332711913,2061.005961937162,2009.8060587911882,1972.7751681911877,1792.978457391188,2481.754000391188,2097.3378647911877,2953.707277591188
348018,G06007314,medium,False,5070.957,0.7130643653791515,2179.979999308135,2205.7985739752467,2179.990695488132,2140.559664588132,1949.0771651881319,2610.8679673881315,2221.283452088132,3041.6965222881317
348260,G06007310,medium,False,9609.597,0.7130643653791515,4576.280306348133,4309.388754095241,4576.300429488132,4501.291696388133,4137.088849188132,4401.100964388132,3935.073558488132,4225.814284088132
348363,G06007329,medium,False,3716.374,0.7130643653791515,1523.7289860300014,1628.7228337300082,1523.7283232199995,1495.0385948199998,1355.7101249199995,2137.62557872,1771.09912272,2751.46604622
34838,G06007310,high,False,5286.241,0.7130643653791515,2297.384802728131,2309.251807375235,2297.395077488132,2256.2166623881317,2056.273009888132,2698.5875204881318,2305.246605188132,3099.7212824881317
348460,G06007314,medium,False,6892.479,0.7130643653791515,3271.0435366391566,3174.6261280460694,3271.077296679151,3215.90795277915,2948.033844779151,3434.061151479151,3010.701753479151,3597.1717717791507
348641,G06007316,medium,False,2325.755,0.7130643653791515,968.3170837800023,1144.4151495700019,968.32175205,950.1454201499998,861.8826259500001,1761.42910775,1417.51084865,2554.51691695
34879,G06007322,high,False,32981.262,0.7130643653791515,17090.66257452814,15316.809136955235,17090.843329888132,16830.043752188132,15563.73069768813,13750.135733288129,12885.18999988813,10409.51291288813
34883,G06007329,high,False,12805.021999999999,0.7130643653791515,6221.772762818131,5748.802964485238,6221.789257088132,6122.356515688132,5639.536353188132,5630.400235188132,5111.842350588132,5038.986358588132
349024,G06007317,high,False,5173.238,0.7130643653791515,2282.3588841481364,2301.273991155244,2282.375693688132,2241.420085088132,2042.5305748881324,2687.340574188132,2294.4901426881315,3092.3081863881316
349135,G06007302,low,True,12186.344000000001,1.0497359105206039,3617.318601978643,3600.5524760737344,3617.3257810995474,3557.191541920547,3265.1413389795466,3033.695262322547,2782.5204973155464,2450.030075653547
349167,G06007324,low,True,6578.9929999999995,0.7130643653791515,1875.2493802065223,1900.2762446746688,1875.2572593015232,1842.9644247765232,1686.1512913485233,1766.125486084523,1574.786945875523,1656.9761672415232
349308,G06007313,high,False,16028.16,0.8407500276235722,8020.911076130011,7344.932076169429,8020.961000249998,7894.202698949999,7278.558697649999,6963.658339649998,6386.452952849999,5906.424758249998
349498,G06007308,medium,False,13766.802,0.8407500276235722,6797.770611900001,6267.447551459436,6797.808582849999,6689.205562049999,6161.743950349998,6049.8825613499985,5511.694337349999,5302.010644049999
349655,G06007308,medium,False,5096.761,0.8407500276235722,2264.5570072918654,2287.7847780741986,2264.5851335518673,2223.919339251867,2026.508157651867,2674.747305151867,2282.548814151867,3084.9676037518666
349729,G06007329,medium,False,14669.561000000002,0.8407500276235722,7314.952708368128,6721.685259635244,7315.021224488133,7199.338056188131,6637.686810788133,6447.047583188132,5893.683220888131,5579.130548788132
349841,G06007326,high,False,8329.83,0.8407500276235722,3905.3846674481306,3721.02007263524,3905.407294088132,3840.3552970881315,3524.5050925881324,3899.880334288132,3455.2538331881315,3894.3009611881316
349890,G06007314,medium,False,3855.7540000000004,0.7130643653791515,1726.594608,1816.387942199997,1726.6233428800003,1695.63053088,1545.14680638,2301.45248408,1930.04147658,2876.35176568
349942,G06007308,high,False,18418.605,0.8407500276235722,9270.007177439995,8439.976660119433,9270.08778165,9124.747732849999,8419.092508149997,7896.843666049999,7279.76266505,6523.678126149999
34999,G06007330,high,False,5119.358,0.7130643653791515,2215.5283822881315,2238.1180033352402,2215.5384858881316,2175.5772635881317,1981.5261400881323,2637.427257588132,2246.699338288132,3059.277212988132
350115,G06007306,low,True,1968.8960000000002,0.8407500276235722,519.7919305130986,580.3307396250034,519.7973420303999,510.0514525764,462.7360512054001,794.8913178324001,652.0114198974,1069.9779917454
350307,G06007322,low,True,4755.088,0.7130643653791515,1280.467737188721,1321.6423922066704,1280.4759509775233,1257.0074122335234,1143.0666165795233,1321.7814603225231,1149.415141423523,1363.067754667523
350390,G06007327,low,True,9595.67,0.7130643653791515,2970.3190858728267,2980.4778770796656,2970.3588461115237,2921.795199028523,2686.003904737523,2584.1900849535227,2357.947540651523,2198.106384316523
350457,G06007315,medium,False,3756.8149999999996,0.7130643653791515,1571.2592588699993,1673.50937938,1571.2681647299999,1541.86338153,1399.08394683,2173.0771973299998,1805.0378763300002,2774.86814363
350586,G06007326,high,False,13027.267,0.7130643653791515,6493.536067618128,6006.023926545238,6493.610495688132,6390.113944388133,5887.653881688131,5833.382642988132,5306.222269988132,5173.2388144881315
35076,G06007308,high,False,7008.5380000000005,0.8407500276235722,3239.766555991019,3143.155127000258,3239.798862991018,3184.263273491018,2914.609857891018,3396.4809290910175,2972.315261291018,3553.2364275910177
350821,G06007314,medium,False,6912.249,0.7130643653791515,3142.447110818138,3049.524525705243,3142.455934888132,3088.7376249881318,2827.8861440881324,3329.9171949881315,2909.621018588132,3517.299407888132
350867,G06007324,low,True,411.448,0.7130643653791515,106.98192141840131,177.45789684000076,106.98221535120001,104.97059939520001,95.2013904912,513.8317949232,387.56248864319997,920.6791669752
350958,G06007322,medium,False,7698.184,0.7130643653791515,3504.007153708135,3360.4042221552418,3504.007355488132,3444.921262088132,3158.0087156881323,3600.0251485881317,3168.149204088132,3696.021975688132
351104,G06007314,high,False,5412.7970000000005,0.7130643653791515,2381.0553836181275,2384.7606621252403,2381.073926288132,2338.651135688132,2132.6706439881314,2761.0861110881315,2365.0909404881318,3141.055650888132
35127,G06007307,low,True,7458.786,0.8407500276235722,2141.5351994820007,2160.078074853601,2141.5463537895,2104.9105986404993,1926.9768105315,1958.2648209794993,1757.6218473734993,1774.9384000394996
352265,G06007316,high,False,1695.6770000000001,0.7130643653791515,701.9644624500004,910.3340362000029,701.96720151,688.77469401,624.7157984099998,1580.0015268099999,1246.7904037100002,2458.01706651
352278,G06007329,medium,False,9897.556999999999,0.7130643653791515,4801.285477768133,4515.402168775241,4801.339718888132,4722.957165688131,4342.500964488132,4569.167169688132,4095.9559193881323,4337.041322888132
352470,G06007301,medium,False,13020.299,0.7130643653791515,6439.783278268131,5952.553161535239,6439.8292372881315,6337.152370288133,5838.588359688132,5793.233797388131,5267.806178388132,5146.648892388132
352546,G06007316,low,True,1303.403,0.7130643653791515,325.45660719599977,388.25924158699905,325.45277168670003,319.28106457169997,289.3073476797,661.3963527387,526.1756495007,997.3253069547001
352551,G06007317,medium,False,2755.8160000000003,0.7130643653791515,1139.468163679991,1293.575734660004,1139.4711354799997,1118.05225118,1014.0418613799999,1877.3123749799997,1526.4213717799998,2615.12151048
352630,G06007326,medium,False,3108.463,0.8407500276235722,1346.6291411499992,1479.0827978099974,1346.6467216199999,1321.98009572,1202.25175812,2029.37005482,1671.5238464200002,2712.12790612
352686,G06007312,medium,False,11793.598,0.7130643653791515,5750.233792758132,5342.557244465239,5750.2775096881305,5657.83047528813,5209.001189088132,5278.117047588132,4774.658215688131,4805.908147388132
352708,G06007323,low,True,8327.027,0.7130643653791515,2465.4994927404214,2477.2779717596673,2465.517427309523,2424.457830178523,2225.105947252523,2207.089710652523,1996.9392533895234,1948.6208383635235
352891,G06007326,low,True,3320.038,0.7130643653791515,873.5022327779998,924.9029038620001,873.5075556102,857.1200063831999,777.5507817252001,1035.4239976422,878.2701060431999,1197.3216618942
352981,G06007327,medium,False,6337.742,0.7130643653791515,2867.439280658129,2811.359426085237,2867.456370888132,2817.811684988132,2576.7619136881317,3124.4481223881317,2712.9177646881317,3381.433036288132
35315,G06007314,low,True,12053.524,0.7130643653791515,3783.7060774809274,3773.084932158667,3783.7519136475235,3723.1026667305237,3428.6819260605225,3191.851108111523,2939.648429812523,2600.0594813235234
353152,G06007325,medium,False,6511.6050000000005,0.8407500276235722,2907.495174210002,2845.3743374294295,2907.510240649999,2856.6350768499988,2609.636294849999,3143.617278249999,2729.433450149999,3379.697210749999
353285,G06007301,medium,False,9072.062,0.7130643653791515,4365.872667808137,4133.530605775242,4365.934734688133,4294.026609688131,3944.9513421881315,4243.853306788132,3784.5726823881314,4121.842997588132
353404,G06007313,low,True,5515.778,0.8407500276235722,1516.9899609899985,1553.545172717601,1516.999326097499,1489.6230838334995,1356.6897236024995,1491.6858030254994,1310.9257712324993,1466.3781295034994
353452,G06007301,medium,False,5728.302,0.7130643653791515,2589.458476478811,2572.3727951322694,2589.479154998811,2543.970138998811,2322.959119998811,2916.8467390988108,2514.2210737988107,3244.253885398811
353564,G06007316,medium,False,2742.94,0.7130643653791515,1137.7880168999975,1292.570072040001,1137.7935756000002,1116.4206587,1012.6317937000001,1876.4113603,1525.6251333,2615.0043154
353597,G06007329,medium,False,3198.579,0.7130643653791515,1335.629130229998,1466.9509764600007,1335.6383213699999,1310.57639037,1188.90525157,2011.5179045700002,1652.8107578699999,2687.38784547
35377,G06007316,low,True,3080.6540000000005,0.7130643653791515,801.1619709660015,853.144160904001,801.1637773146001,786.0990293226,712.9444770756,985.5847405956001,831.2647479455999,1169.9816617536
353770,G06007314,medium,False,6222.2029999999995,0.7130643653791515,2794.3012964981335,2745.8411998452398,2794.320023288132,2745.769566188132,2510.008517988132,3069.8021556881317,2660.6507262881314,3345.2312930881317
353976,G06007326,high,False,4607.646,0.7130643653791515,1980.3994729399988,2034.0456252099991,1980.4166846100002,1944.16001251,1768.13028011,2465.55865461,2082.80771791,2950.69764451
354017,G06007314,medium,False,4181.178,0.7130643653791515,1738.216959099487,1819.2918700098714,1738.2262716894909,1705.5951449894908,1547.150174489491,2285.050958189491,1910.076477889491,2831.8375760894905
354182,G06007316,medium,False,7050.3369999999995,0.7130643653791515,3257.6213703081285,3155.5825354352405,3257.6462124881323,3202.2040266881313,2933.035227388132,3415.949041888132,2991.985995488132,3574.218675788132
354256,G06007310,medium,False,3198.745,0.7130643653791515,1322.4301081899987,1453.8453014799973,1322.4317695500001,1297.5747886499998,1176.85836745,2001.6567793499996,1643.37347875,2680.8468986499997
354422,G06007315,low,True,453.936,0.7130643653791515,117.94933528560145,188.1223935360004,117.94964307840002,115.73148464640002,104.95926887040004,521.2794932904001,394.5662655744,924.6068330784001
354459,G06007330,medium,False,6770.402,0.7130643653791515,3154.893564118639,3070.3595096453723,3154.923803928641,3101.032835328641,2839.3591755286416,3339.6224414286407,2918.9970545286405,3524.387896428641
354763,G06007323,high,False,14247.938,0.7130643653791515,7087.95675925813,6521.3742986252455,7087.996370088131,6975.706948188132,6430.404226088132,6277.454264088132,5731.347054288132,5466.963620388133
355030,G06007308,medium,False,8930.386999999999,0.8407500276235722,4190.117026630003,3972.2541025894275,4190.145672049998,4120.236024949999,3780.796774649999,4101.828163349999,3646.781262549999,4013.4320208499985
355039,G06007316,medium,False,7416.201999999999,0.7130643653791515,3437.588298528131,3312.1324305752396,3437.6178376881326,3379.5097570881317,3097.364110088132,3550.377923988132,3120.685435888132,3663.1435969881322
355114,G06007317,medium,False,3119.905,0.7130643653791515,1300.3958871299974,1435.8263517800028,1300.40401995,1275.9974330500002,1157.49419805,1987.3896307500002,1630.0908669500002,2674.34887565
355137,G06007329,medium,False,6989.481,0.7130643653791515,3206.06261900813,3107.82342245524,3206.075740688132,3151.409323688132,2885.955123688132,3377.4223172881316,2955.1074033881323,3548.7453379881317
355147,G06007311,low,True,3363.6189999999997,0.7130643653791515,877.5882561977998,927.908261216999,877.5900910791,861.1001027180998,781.0201970991,1037.7133811211002,880.3309808361,1197.8107569951
355180,G06007326,medium,False,9128.89,0.7130643653791515,4360.94491512813,4124.868463555241,4360.978632488132,4289.155602388131,3940.4472210881318,4240.2060114881315,3781.0426880881314,4119.437001788132
355243,G06007301,low,True,3653.8769999999995,0.7130643653791515,975.7802928635997,1024.7004178599998,975.7876387518003,957.7345616747999,870.0861857058,1109.3605234158003,948.6310285128001,1242.9354711408
355462,G06007313,medium,False,7235.319,0.8407500276235722,3314.773331119999,3205.9157121794383,3314.793709649999,3257.8871904499993,2981.509580849998,3447.849084749999,3020.722610749999,3580.9207047499985
355776,G06007313,low,True,12707.534,0.8407500276235722,3906.1602420939003,3883.4988569086026,3906.1874863935,3843.3288007484994,3538.1845810394993,3276.5834209484997,3019.5919690094993,2646.997616242499
355904,G06007317,low,True,6512.182000000001,0.7130643653791515,1872.0531260601222,1899.687543064669,1872.0670120035234,1839.8200896735232,1683.227981854523,1763.7277515705232,1572.501385696523,1655.3934006015234
35592,G06007308,medium,False,7306.898,0.8407500276235722,3315.615406129994,3202.334995169426,3315.628027849999,3258.704951249999,2982.299690949999,3448.514363049999,3021.3405363499987,3581.327838249999
356154,G06007302,medium,False,739.9369999999999,0.8407500276235722,304.8474725800012,562.135773949999,304.84857731,299.11467361,271.26722821,1309.9518528099998,992.76850631,2315.04864031
356319,G06007324,high,False,4436.746000000001,0.7130643653791515,1978.131837259996,2034.08962074,1978.1429881000001,1942.9869867999994,1772.2179024999998,2481.8119502,2101.4097715,2985.5206052
356530,G06007325,high,False,5914.305,0.8407500276235722,2583.9345754199967,2560.4524751994354,2583.9457390499983,2537.8831478499987,2314.215242549999,2901.890641949999,2498.053356249999,3219.776669949999
356591,G06007307,high,False,7956.526000000001,0.8407500276235722,3636.7068357499975,3481.290525089429,3636.7099870499987,3575.0181892499986,3275.466988549999,3688.3972199499985,3250.950737549999,3740.0347559499987
356614,G06007328,low,True,6741.955,0.7130643653791515,1883.8172095029001,1906.1642087945988,1883.8172161934992,1851.0091303724992,1691.6560049654993,1765.7473736054994,1573.2913929464994,1647.6172325834993
356773,G06007301,high,False,15464.832,0.7130643653791515,7710.829310258132,7066.468347445238,7710.895336288131,7589.342114188132,6999.182066188132,6742.810126988132,6176.845017788132,5774.699714688132
356867,G06007307,high,False,15849.289,0.8407500276235722,7863.163721179997,7199.068332159433,7863.2163750499985,7738.7791189499985,7134.576458049999,6845.861515749998,6273.679131349999,5828.426812749998
357089,G06007315,high,False,13059.392,0.7130643653791515,6439.812081728131,5950.099162595241,6439.856003888131,6337.178573788131,5838.621079488132,5793.255875688132,5267.824675488132,5146.662620488132
357210,G06007301,low,True,15196.112000000001,0.7130643653791515,4730.279245907124,4683.750567744667,4730.3036016315245,4655.625116491523,4293.024340555522,3899.0529553095225,3616.6415435955228,3067.771965037523
357366,G06007302,medium,False,4829.773999999999,0.8407500276235722,1995.938256220003,2043.8471202200035,1995.9397328200002,1958.42161442,1776.21140942,2459.3735585199997,2073.8832180200006,2922.74670752
357416,G06007310,high,False,15158.71,0.7130643653791515,7552.298751248136,6927.123246435243,7552.310880088133,7433.180335088131,6854.399715388132,6624.333892288132,6063.481048788132,5696.348395788132
357758,G06007301,medium,False,15575.332999999999,0.7130643653791515,7780.807390118125,7129.296773185237,7780.870941888132,7658.293491988132,7063.059329788131,6795.0584604881315,6226.868327488132,5809.297344188131
35794,G06007316,medium,False,3045.411,0.7130643653791515,1275.3810734300014,1414.589937329999,1275.3889347600002,1251.4863569600002,1135.39642396,1970.8675334599998,1614.6453438600001,2666.34345326
357961,G06007308,high,False,15366.517,0.8407500276235722,7559.583454709999,6926.870965629432,7559.61116085,7439.702824149999,6857.398532149999,6619.081599349999,6056.573573049999,5678.406894749999
35812,G06007307,high,False,4504.870999999999,0.8407500276235722,1986.5990759518659,2040.830545434191,1986.6268909918672,1951.0090589918668,1778.127002591867,2482.825849091867,2101.458563291867,2979.074164691867
358283,G06007329,high,False,17011.410000000003,0.7130643653791515,8395.780589018128,7652.177956925239,8395.794519888132,8264.12968538813,7624.61854258813,7254.5283187881305,6666.6939255881325,6113.172770688132
358521,G06007311,low,True,5407.326999999999,0.7130643653791515,1482.262988722825,1516.5254926536677,1482.265908199523,1455.8081586855233,1327.3281936735232,1472.543369347523,1293.740272030523,1462.7771610375232
358629,G06007317,medium,False,4263.12,0.7130643653791515,1804.898297120002,1877.963871680001,1804.90774706,1771.6203462599997,1609.9810549600002,2340.53917016,1964.1490109600002,2876.15239526
3588,G06007310,high,False,5773.888,0.7130643653791515,2554.5945662781273,2534.975478705241,2554.601469488132,2509.613596988132,2291.1196892881317,2890.7305503881316,2489.1917184881313,3226.8233849881317
359026,G06007310,low,True,2361.869,0.7130643653791515,626.5735753220987,684.8392658100013,626.5795473441001,614.8440720261,557.8645536261001,867.7648064091001,720.6136264731001,1108.9428861201
35943,G06007316,high,False,7730.923,0.7130643653791515,3602.27863224813,3456.5402618552394,3602.3017178881323,3541.7518444881316,3247.7474104881317,3673.434828688132,3238.490907188132,3744.507340788132
360459,G06007314,medium,False,4167.234,0.7130643653791515,1772.279085080001,1848.5506610199996,1772.28388722,1739.8303111199998,1582.2467382199998,2322.15654302,1947.5488448199997,2872.0187554199997
360588,G06007313,low,True,6489.758,0.8407500276235722,1821.0423665699989,1847.507786697601,1821.048875383499,1789.1614291004994,1634.318461975499,1718.8398031754991,1528.3742991374993,1616.6267481704995
360638,G06007322,high,False,12457.234,0.7130643653791515,6088.079688708136,5637.687297775241,6088.113824088132,5990.6661416881325,5517.483949988133,5530.513841488131,5016.284436588131,4972.844978188132
360733,G06007311,high,False,6237.615,0.7130643653791515,2817.311956418131,2767.7577254252406,2817.331551488132,2768.429484788132,2530.9985785881317,3087.003986188132,2677.078796488132,3356.6493998881315
36084,G06007315,medium,False,6188.403,0.7130643653791515,2796.6327449881323,2750.3191867552396,2796.654550488132,2748.063531188132,2512.1183941881322,3071.546432488132,2662.2926068881316,3346.421417088132
360877,G06007310,medium,False,5132.693,0.7130643653791515,2246.3792270191516,2266.54922993607,2246.3935552091507,2206.131052609151,2010.6440701091515,2663.267186409151,2271.901840609151,3080.1459735091507
3609,G06007301,high,False,28840.066,0.7130643653791515,14686.825381848137,13179.542795575242,14686.770541688133,14461.847519388133,13368.850494588132,11954.403912588132,11166.12125358813,9221.63156878813
36094,G06007314,medium,False,16239.957,0.7130643653791515,8158.557566848129,7464.089542375239,8158.64205388813,8030.429732888131,7407.9790514881315,7077.281515688132,6497.039157188133,5995.952917588133
360966,G06007308,medium,False,12584.332,0.8407500276235722,6118.206191929994,5664.634288709434,6118.241244249999,6019.721653549999,5541.285780549999,5542.2257043499985,5025.700620149998,4966.183898049999
360978,G06007308,low,True,7415.361000000001,0.8407500276235722,2142.7692082083,2163.2938618545995,2142.7856085194994,2106.1188095534994,1928.0804580764993,1959.1885460684998,1758.4664900114994,1775.6018608514996
361062,G06007312,high,False,8738.023000000001,0.7130643653791515,4149.809689828127,3939.475482495235,4149.861550488131,4081.1806912881316,3747.7097561881315,4082.450024188132,3630.096959288132,4015.0083548881316
361408,G06007324,high,False,11362.598,0.7130643653791515,5499.69292563813,5119.832346105239,5499.723591688133,5411.006148388133,4980.230722688131,5090.940978588133,4595.456089688131,4682.129673688132
361449,G06007329,high,False,11054.545,0.7130643653791515,5334.469601278135,4974.619345885234,5334.4966312881315,5248.236930088133,4829.390385788132,4967.5244895881315,4477.3322486881325,4600.439704688132
361608,G06007313,high,False,10909.945,0.8407500276235722,5333.765041779996,4987.523561199434,5333.812278449999,5246.928105549999,4824.975300249998,4956.149552949999,4464.655772349999,4578.597558649999
361658,G06007330,low,True,6776.031,0.7130643653791515,1940.170208210724,1963.4773364606697,1940.177886499523,1906.9187523045232,1745.430192946523,1814.6320149105231,1621.2201848955233,1689.0557399625231
361711,G06007301,medium,False,8762.334,0.7130643653791515,4159.434202518132,3947.13824950524,4159.481490888133,4090.635081388132,3756.4567076881326,4089.6568787881324,3636.9094602881323,4019.873242288132
361756,G06007323,high,False,5674.144,0.7130643653791515,2552.693111998133,2539.170641185237,2552.7185374881315,2507.737036588132,2289.363868988132,2889.300614788132,2487.822180588132,3225.900105488132
361794,G06007308,low,True,13024.235,0.8407500276235722,4006.2321073152,3980.9331555835997,4006.268181373499,3941.9407995975,3629.584197067499,3351.3206017394987,3091.187933008499,2696.388703246499
362095,G06007301,high,False,10136.271,0.7130643653791515,4954.625242918124,4653.587774745241,4954.699228488133,4874.039950688131,4482.5321281881315,4683.7070354881325,4205.656807688132,4412.752975388132
362196,G06007313,low,True,5926.6900000000005,0.8407500276235722,1631.7140414588998,1662.6535315946,1631.7178030754997,1602.6442344674997,1461.4500252554994,1577.4011673824994,1392.9748027094993,1523.0667797384995
362230,G06007316,medium,False,3616.397,0.7130643653791515,1501.3673863600015,1611.4343917099964,1501.37565311,1473.17602481,1336.24622551,2123.69604231,1758.24405441,2745.9838797099997
362332,G06007313,high,False,8521.099,0.8407500276235722,4018.487123039992,3826.37519401943,4018.508314049999,3951.1578910499993,3624.0286201499985,3973.556496949999,3523.982353649999,3928.685074249999
362407,G06007306,medium,False,5790.429,0.8407500276235722,2518.140231249986,2502.6220783294334,2518.146701249999,2473.064438049999,2254.137388349999,2852.739659149999,2450.998642449999,3187.267657649999
362439,G06007313,medium,False,7836.343999999999,0.8407500276235722,3644.833505090004,3497.2494846894288,3644.8717454499993,3583.040581649999,3282.8841603499986,3694.446695649999,3256.7733791499995,3744.025637049999
362625,G06007322,high,False,7777.017,0.7130643653791515,3652.8500548181314,3503.9532970652376,3652.8900678881323,3591.5718795881317,3293.9104899881318,3711.2003761881315,3274.6415128881317,3769.513866288132
362877,G06007314,medium,False,4843.478999999999,0.7130643653791515,2071.1737592381346,2111.2192582358134,2071.184017928133,2033.3699263281328,1849.797845028133,2529.8445117281326,2143.7351957281335,2988.4821370281325
362914,G06007315,medium,False,5807.987,0.7130643653791515,2662.714713849828,2635.1841266631022,2662.7265570298305,2616.77946722983,2393.5924732298304,2982.48630302983,2578.89702112983,3302.31179392983
363151,G06007310,medium,False,5430.855,0.7130643653791515,2382.333301218644,2384.5642997453715,2382.3494514286413,2339.914648628641,2133.9082996286406,2762.285973728641,2366.2545947286408,3142.2157380286408
363287,G06007310,medium,False,7010.156000000001,0.7130643653791515,3232.7248405081364,3133.314946535239,3232.7552002881316,3177.674673988132,2910.3014137881314,3397.3490918881316,2974.167530988132,3561.930186988132
363305,G06007316,medium,False,7568.26,0.7130643653791515,3498.759815968129,3363.488320635241,3498.773074688132,3439.763043888132,3153.224941588132,3596.107880888132,3164.449416788132,3693.368436488132
363391,G06007314,low,True,4211.764000000001,0.7130643653791515,1098.7875513278993,1142.4151159886007,1098.7907522192993,1078.2341493902993,978.4313775242994,1189.6939688492994,1023.5743160402994,1280.5693551662994
363400,G06007310,high,False,20477.694,0.7130643653791515,10300.179752728134,9332.388490975234,10300.229478688132,10140.249008688132,9363.461953988131,8677.26913298813,8028.684626188132,7054.234882588131
363526,G06007315,high,False,5339.456999999999,0.7130643653791515,2337.806321288136,2346.183322395241,2337.819892288132,2296.041691188132,2093.175324588132,2728.7754525881314,2334.1520358881316,3119.6964510881317
363732,G06007325,medium,False,8032.581999999999,0.8407500276235722,3783.803074799999,3623.569521339438,3783.834038449999,3719.9670754499984,3409.7584267499988,3798.241453649999,3356.1662685499996,3812.6852719499993
363801,G06007314,high,False,10681.509,0.7130643653791515,5188.443371948126,4852.224203955244,5188.483214888132,5104.379595088132,4696.024773788131,4858.401952288132,4372.870734288132,4528.312722188131
363810,G06007325,medium,False,11309.088,0.8407500276235722,5473.274600299999,5101.602589179431,5473.309142449999,5384.344149249999,4952.387991149999,5060.432153349999,4564.437388349998,4647.542911849999
363842,G06007327,high,False,5271.2970000000005,0.7130643653791515,2309.256605868635,2321.8906469353774,2309.269282548641,2267.942985648641,2067.231875948641,2707.8142006486405,2314.152442048641,3106.343162348641
363930,G06007326,high,False,11847.232,0.8407500276235722,5826.44558021814,5414.682690325235,5826.482708688132,5732.9140486881315,5278.543745188132,5335.016857988132,4829.137081988131,4843.603841788132
364336,G06007313,medium,False,4081.1280000000006,0.8407500276235722,1721.2362975110182,1805.989152850259,1721.250461721018,1689.1912298210182,1533.541226221018,2277.905339921018,1904.1676326210184,2834.5606043210178
36437,G06007317,medium,False,1182.192,0.7130643653791515,487.7081595200003,722.3647058400007,487.70944896000003,478.53811415999996,433.99848856000006,1434.2412397599999,1109.66854776,2380.76273056
364399,G06007313,medium,False,5159.535,0.8407500276235722,2212.765679250508,2237.777269019559,2212.782870380508,2172.224126280508,1975.295617880508,2624.5900274805076,2232.5941205805084,3036.385444980508
364419,G06007316,high,False,7567.197,0.7130643653791515,3521.9924105781315,3386.687577965241,3522.020855688132,3462.6500635881316,3174.428805888131,3613.455900688132,3181.0516039881313,3704.8629167881318
364554,G06007302,medium,False,5836.575,0.8407500276235722,2528.8779837488155,2516.8797191228427,2528.900649008812,2482.813936108812,2259.020743408812,2846.472177908812,2442.607467708812,3164.0813596088115
364612,G06007302,medium,False,3474.7870000000003,0.8407500276235722,1431.0749933099996,1548.435360320004,1431.07888061,1404.1612246099999,1273.4238822099996,2075.12310131,1712.4186913099998,2719.13363051
364618,G06007301,low,True,5320.179,0.7130643653791515,1466.9326597773645,1503.197761439851,1466.9428223766645,1440.7279265856646,1313.4461867346645,1461.4351580976645,1283.1658895796643,1455.9161089626646
365115,G06007326,low,True,3690.7,0.7130643653791515,963.611806506306,1011.7926341809952,963.6166897560001,945.5107812569998,857.5950027329998,1096.2365945880001,935.3875191329998,1228.832894895
365195,G06007323,high,False,11954.614000000001,0.7130643653791515,5893.7124182681255,5475.131758755235,5893.763572488133,5799.183796188132,5339.969354988132,5385.271982988132,4877.246872788131,4876.837609788132
365217,G06007302,medium,False,481.346,0.8407500276235722,198.60117488000213,469.1238690600001,198.60171077999996,194.86709738000002,176.73044298000002,1237.78451938,924.89530318,2276.9631171799997
36525,G06007330,medium,False,2011.3230000000003,0.7130643653791515,840.7829178300034,1032.9501600800043,840.7885136900001,825.0180155900001,748.4438589900001,1674.91106159,1336.1675656900002,2509.01973709
36532,G06007327,medium,False,6146.210999999999,0.7130643653791515,2759.6595480281353,2715.9713095152383,2759.6785448881324,2711.639667688132,2478.374291988132,3043.920528688132,2635.8761754881316,3328.1146327881315
365458,G06007315,high,False,2185.036,0.7130643653791515,927.0238446400023,1110.4095239000003,927.03354308,909.7063294800001,825.52394118,1734.48426738,1392.39592638,2541.94380148
365482,G06007307,high,False,11633.361,0.8407500276235722,5634.0885231799975,5242.040358439431,5634.127195449999,5542.797040849999,5099.236800649998,5180.543575149999,4679.447715149999,4726.982440049998
365550,G06007311,high,False,18540.964,0.7130643653791515,9329.934251188128,8487.114726195243,9329.988156888134,9184.422723888132,8477.546269788132,7952.400415388132,7334.804254188132,6574.762912088132
36567,G06007329,medium,False,8841.274,0.7130643653791515,4196.105313888131,3978.6471478152403,4196.118291288132,4126.780196488133,3789.951403388132,4117.040105588132,3663.1950939881317,4037.9200616881317
36570,G06007326,medium,False,5727.9,0.7130643653791515,2608.0644349398303,2587.1454481731025,2608.08349678983,2562.7723833898303,2342.7394616898296,2938.8817172898293,2536.66932608983,3269.7318468898297
365830,G06007330,low,True,2802.179,0.7130643653791515,730.995478327801,785.1776416190008,730.9986703550999,717.2618897240999,650.5569108171,938.0517440601,786.5882389460999,1145.0853714921
365947,G06007310,high,False,6600.835,0.7130643653791515,2983.3808658581333,2910.2367296652424,2983.3891138881313,2932.0250780881315,2682.6245434881316,3211.070521188132,2795.8292557881314,3438.737909088132
366075,G06007316,medium,False,10348.899000000001,0.7130643653791515,4974.322203948133,4659.9041548552395,4974.352521088131,4893.436948288132,4500.542241088133,4698.456583388132,4219.7583361881325,4422.476697888133
366290,G06007310,medium,False,432.437,0.7130643653791515,178.4014718200019,451.4275142700013,178.40189631000004,175.04714981,158.75473801,1224.05654661,911.98350931,2269.7073969099997
366325,G06007307,low,True,5213.204000000001,0.8407500276235722,1409.2297107724698,1446.6906567311032,1409.2358456557693,1383.578596002769,1258.9660472077687,1413.1087215457687,1236.0273223117692,1416.9737723317692
36642,G06007322,low,True,5865.4580000000005,0.7130643653791515,1695.2032557114883,1729.272549519342,1695.214882506386,1665.9075309153857,1523.5776431313857,1636.965400749386,1452.0531817773858,1578.7552176993859
366474,G06007302,high,False,8830.246,0.8407500276235722,4004.2351074772782,3810.9830805518773,4004.2719043172833,3934.8573557172836,3597.8161105172835,3924.4478770172836,3470.4562703172833,3844.6714220172835
366626,G06007301,low,True,3518.09,0.7130643653791515,965.3235517485007,1014.5274874069999,965.3300590374001,947.9591050104,863.6012634564,1110.4655852604,951.1927248864,1255.6218216624
366788,G06007312,low,True,4519.085,0.7130643653791515,1226.3247470252113,1269.7725414868642,1226.3343962816132,1203.9431988656129,1095.2054333516128,1285.911882503613,1115.859235202613,1345.4869480136128
366796,G06007310,medium,False,4123.972,0.7130643653791515,1766.1214650899974,1847.5544566900012,1766.1464744,1733.4880499,1574.9526984,2312.6669429,1937.6682328,2859.1978332999997
36682,G06007326,medium,False,11774.737,0.7130643653791515,5725.697145288124,5319.665648115242,5725.742266488132,5633.681344888131,5186.629758388131,5259.767383788132,4757.151403288131,4793.709463888132
366844,G06007308,high,False,19303.569,0.8407500276235722,9813.684933819997,8926.378085839422,9813.80736965,9660.357799349998,8915.492310349999,8302.997925349999,7668.572143249999,6792.353405749998
366936,G06007317,high,False,7018.856,0.7130643653791515,3215.248641168128,3115.6556522352453,3215.2746754881314,3160.4763264881317,2894.370701788132,3384.279119288132,2961.6994373881316,3553.238435688132
367137,G06007316,medium,False,3520.312,0.7130643653791515,1497.403592929998,1611.3042735799986,1497.4170330299999,1469.5637568299999,1334.2881283300003,2125.5847383299997,1760.8831051299999,2753.75443543
367267,G06007315,medium,False,615.4830000000001,0.7130643653791515,253.6117794500003,517.2710410600018,253.6122978900001,248.84217299,225.67580129000004,1275.14415779,960.02986679,2296.66918249
367285,G06007323,high,False,14315.654,0.7130643653791515,6966.567152488133,6396.281687235243,6966.533413888132,6856.089276988132,6319.594014288132,6186.859165288131,5644.519867688133,5407.027681088131
367400,G06007328,high,False,3225.237,0.8407500276235722,1352.7935966699972,1481.6167602694272,1352.8033496499993,1327.599125249999,1205.194620149999,2026.0809617499988,1667.085913849999,2699.336430949999
367608,G06007310,low,True,1546.888,0.7130643653791515,403.5213774710999,466.26593815900253,403.52293512719996,395.9396580762,359.1173141262,715.4389190262,577.1978182542,1027.3440560262002
368807,G06007313,medium,False,4955.371,0.8407500276235722,2096.6172682881324,2132.6950472152344,2096.622583548132,2058.058879848132,1870.8086977481314,2542.3668712481317,2154.636254848132,2988.0525944481315
368839,G06007313,low,True,11599.753,0.8407500276235722,3538.8490946444995,3525.5028365965986,3538.873156549499,3481.4765460194994,3202.8058241234994,3002.167571632499,2756.9085834224993,2465.4755469614993
369184,G06007311,high,False,8808.163,0.7130643653791515,4165.023005288127,3949.5414246352434,4165.045991688132,4096.125090188132,3761.551664188132,4093.8599665881325,3640.907593688132,4022.6557179881315
36937,G06007317,high,False,3239.6139999999996,0.7130643653791515,1338.203991499999,1467.541976899997,1338.20632642,1313.04736172,1190.87153502,2012.3039243199999,1653.37360642,2686.36220182
369389,G06007312,low,True,5571.696,0.7130643653791515,1558.6132643170918,1591.25605635717,1558.618814900593,1531.3163656075928,1398.7263105835927,1534.498268207593,1353.8774461915928,1510.384015529593
369441,G06007315,high,False,7236.879999999999,0.7130643653791515,3360.276573887625,3245.6970562756787,3360.2992682176236,3303.339551617624,3026.818496617624,3492.854489117624,3065.6216362176237,3625.452752917624
369554,G06007329,medium,False,5387.873,0.7130643653791515,2420.061762719826,2421.1969696130977,2420.07599124983,2377.56737704983,2171.09696394983,2798.45814504983,2402.25819084983,3176.87597034983
369590,G06007328,medium,False,10825.736,0.8407500276235722,5231.154417550008,4890.435906529429,5231.187787849999,5145.817981549999,4731.297442149999,4879.533503549999,4391.263010949999,4527.9176982499985
369671,G06007325,low,True,7755.304,0.8407500276235722,2263.3607250387,2281.8830469325994,2263.3768707794993,2224.9182013064997,2038.1849909504992,2049.2845059945,1844.7090125384993,1835.1990057524995
369741,G06007311,medium,False,10419.545,0.7130643653791515,5057.431093328127,4737.794351095243,5057.460356888132,4975.312263988131,4576.369185488131,4760.4997422881315,4279.136297988132,4463.618480588131
369902,G06007302,low,True,12516.241,0.8407500276235722,3709.57284181655,3688.453794886738,3709.5891650535477,3648.0766592505465,3349.3982498715473,3102.6268017195466,2848.5116171745467,2495.595776701547
369904,G06007326,high,False,14216.738,0.7130643653791515,7065.547666008129,6501.888384195236,7065.625187688131,6953.659606088131,6410.0139517881325,6260.706698088132,5715.393329588132,5455.764041588132
369944,G06007329,high,False,8249.132,0.7130643653791515,3891.556784818132,3712.2170729452414,3891.5891318881318,3826.735757488132,3511.8605063881323,3889.5295248881316,3445.3443651881316,3887.4887086881317
370123,G06007329,low,True,5969.554,0.7130643653791515,1673.4044089842193,1703.5368120996682,1673.4126195915233,1644.113723230523,1501.856444269523,1615.3387514685232,1430.441293459523,1557.2259448095233
370290,G06007316,high,False,2878.361,0.7130643653791515,1198.147044749996,1345.97774604,1198.15426243,1175.66094453,1066.4474365299998,1917.73452623,1564.5451158300002,2637.28345573
37037,G06007311,low,True,6039.133,0.7130643653791515,1706.935707708924,1737.5628882606673,1706.9431146315233,1677.1508770515231,1532.465494678523,1640.3787287595233,1454.418544729523,1573.7979681165232
370419,G06007322,low,True,7140.1810000000005,0.7130643653791515,2081.2833147444235,2103.821544639669,2081.300203765523,2045.942573401523,1874.2716260655234,1920.0434041125231,1722.1364276445229,1758.787775503523
370608,G06007310,medium,False,4671.673,0.7130643653791515,2017.4514402998282,2066.1620150630997,2017.4636441998307,1980.7655174998301,1802.54737859983,2494.9406130998304,2111.22964349983,2972.41662429983
370695,G06007330,low,True,5301.5199999999995,0.7130643653791515,1496.6746471587664,1536.007216125246,1496.6912311212648,1470.1359925092647,1341.197536996265,1485.405639526265,1306.419375316265,1474.1412464862651
370751,G06007326,high,False,11285.144,0.7130643653791515,5494.834706378131,5119.689155105241,5494.868501888133,5406.218178188132,4975.771424688131,5087.303954088131,4591.967437888132,4679.753465888131
370757,G06007316,medium,False,7497.871,0.7130643653791515,3465.4289680481347,3334.7164871352393,3465.446043288132,3406.929030188132,3122.7908190881317,3571.2019370881317,3140.6092609881316,3676.8980659881317
370828,G06007306,medium,False,8685.666000000001,0.8407500276235722,4060.557884970003,3858.1438860494304,4060.5798870499984,3992.588242249999,3662.462557349999,4005.0267236499985,3554.064536349999,3949.4899402499987
370932,G06007306,high,False,5638.634999999999,0.8407500276235722,2474.1454029991446,2466.8054114454967,2474.18015078915,2429.9404559891495,2215.1050752891497,2823.06532238915,2423.2334603891495,3171.96455518915
371053,G06007327,medium,False,11563.104000000001,0.7130643653791515,5644.532677128134,5251.862421835242,5644.580194888133,5553.707924088132,5112.482384988132,5199.138313288131,4699.055832988131,4753.679005588132
371083,G06007324,high,False,6702.111,0.7130643653791515,3092.8660466281285,3013.2070888352423,3092.901004088132,3039.8956409881316,2782.589207788132,3292.850537088132,2874.1388128881317,3492.823095888132
371097,G06007325,high,False,2498.076,0.8407500276235722,1035.926133489999,1203.2127436099977,1035.92905648,1016.4686885800002,921.9657403800002,1807.1387333799998,1460.45647238,2578.32251468
371373,G06007330,low,True,3223.434,0.7130643653791515,913.6030465736977,967.676658704,913.6173409334999,897.2933465475,818.0383958774999,1076.6794597634998,919.6750301834999,1239.7844076945
371401,G06007316,medium,False,9591.618,0.7130643653791515,4646.04002184813,4380.0442494952395,4646.090008688132,4570.032316088131,4200.751038988132,4453.165356388132,3984.935052388132,4260.306307788132
371452,G06007324,low,True,9366.769,0.7130643653791515,2876.2808083683262,2886.5377499806696,2876.330222569523,2829.153562192523,2600.1622092525226,2513.939768194523,2290.708816483523,2151.610057285523
371500,G06007325,medium,False,8032.303,0.8407500276235722,3740.189759240003,3579.924553659431,3740.2174206499985,3676.990025549999,3369.9476654499986,3765.6651393499988,3324.969080149999,3791.139097549999
371580,G06007312,high,False,6190.388999999999,0.7130643653791515,2779.9826505281258,2733.5980929752395,2780.001642688132,2731.660322488132,2496.928909288132,3059.111345088132,2650.399443788132,3338.1734055881316
371777,G06007311,high,False,11369.566,0.7130643653791515,5547.1075775381305,5166.643350225244,5547.155939088132,5457.723504188132,5023.510195188132,5126.342399888132,4629.358797788132,4705.562735188132
371784,G06007312,medium,False,9526.896,0.7130643653791515,4647.176703178129,4384.879380505239,4647.219477088132,4571.149885088133,4201.758646388133,4454.000616888132,3985.7365415881313,4260.891684488131
37184,G06007326,high,False,15623.386,0.7130643653791515,7851.823872888155,7196.880004495242,7851.891631288132,7728.262689688132,7127.896441888131,6848.098444188132,6277.687440488132,5844.355055188131
372036,G06007317,low,True,3231.068,0.7130643653791515,856.430468642699,908.7176656110005,856.4358917267999,840.4403969808,762.7559760198001,1024.9806246798,868.6664069718,1193.5237410528
372090,G06007314,medium,False,11568.855,0.7130643653791515,5587.423593588132,5194.212690075241,5587.436779688131,5497.423632188131,5060.343052288132,5156.512641088131,4658.217549388131,4725.475367388131
37217,G06007310,low,True,3327.518,0.7130643653791515,873.5248581759,924.6617374890003,873.5284609632,857.1371858532,777.5306749602,1035.3228359592,878.1546079542001,1197.1062653352
372309,G06007302,low,True,3877.767,0.8407500276235722,1009.5908843664005,1056.1818351350005,1009.5930815103001,990.6154101962998,898.4493524852999,1127.3024371503,964.5740286662999,1244.9837271093
372312,G06007314,low,True,3018.038,0.7130643653791515,791.2255981014017,844.3451476039995,791.2316967282002,776.3772189852,704.2508090352,979.2555083561999,825.3996481092,1167.2628310572
372569,G06007316,high,False,2077.6,0.7130643653791515,855.7673089499993,1044.5943199300027,855.7673070000002,839.6707155000003,761.4937967000003,1684.2630294,1344.8042299000003,2512.7316793
37279,G06007312,high,False,10014.809,0.7130643653791515,4799.81103442813,4506.96276239524,4799.844206088132,4721.519375588132,4341.195882888131,4568.071782288132,4094.9404465881316,4336.250472188131
372958,G06007316,high,False,3256.8630000000003,0.7130643653791515,1354.0680515599997,1482.272496600001,1354.07410568,1328.6790203799999,1205.3576634800002,2024.1641659799998,1664.73004658,2694.23957418
373133,G06007314,medium,False,8045.788,0.7130643653791515,3759.574691008134,3593.524615615242,3759.594862288132,3696.7122760881316,3391.3718513881317,3790.947695788132,3350.9845121881317,3822.235952388132
373154,G06007307,medium,False,4606.899,0.8407500276235722,1969.6291356883105,2018.8802013121463,1969.618196448302,1934.118734248302,1761.639088648302,2467.1829961483018,2086.0166977483022,2964.6484889483017
3733,G06007302,medium,False,5923.294,0.8407500276235722,2474.551722539494,2463.5934732892983,2474.56226121949,2428.5182293194894,2204.9094840194903,2792.7105786194898,2388.91457101949,3110.81095901949
373304,G06007326,high,False,12760.055,0.7130643653791515,6276.206001108139,5806.010609315239,6276.249961688132,6175.996688488132,5689.238771888133,5671.048765288133,5150.8102757881325,5065.831882088132
373363,G06007310,medium,False,4865.091,0.7130643653791515,2076.6508579581346,2115.653342365243,2076.6577862881322,2038.758783688132,1854.722727488132,2533.6817131881317,2147.3808333881316,2990.6498168881317
373501,G06007317,medium,False,2467.277,0.7130643653791515,1028.6248172700007,1197.4694127400005,1028.6315723100001,1009.32647441,915.5920730099999,1802.53908801,1456.19808631,2576.43351451
373505,G06007322,high,False,10377.925,0.7130643653791515,5001.142989288133,4684.582281235242,5001.176449088132,4919.8479086881325,4524.998975388133,4718.489162788132,4238.886646688132,4435.803342388132
373521,G06007314,medium,False,6597.169,0.7130643653791515,3011.9650954281296,2939.3159434152394,3011.9876504881317,2960.2002200881316,2708.739000588132,3232.420739788132,2816.3037710881317,3452.8155036881317
373607,G06007308,high,False,11041.923999999999,0.8407500276235722,5252.07372799,4898.175899489437,5252.082671449998,5166.426837749999,4750.456902849999,4895.207520349999,4406.272329649999,4538.194227349999
373827,G06007313,high,False,14641.375,0.8407500276235722,7224.391908330001,6638.102187649432,7224.447408049999,7109.495960949998,6551.321918349999,6368.615337349998,5816.827599449999,5512.782896549998
373901,G06007327,high,False,13411.565999999999,0.7130643653791515,6564.830609588118,6052.441641935244,6564.850224888132,6460.3219198881325,5952.776907888132,5886.689262888132,5357.220110888132,5208.474504488131
374263,G06007302,low,True,5910.029,0.8407500276235722,1562.2634140400517,1592.7676285704133,1562.2642361648582,1533.519941214858,1393.895719911858,1513.414611195858,1329.703510470858,1464.5136322178582
374366,G06007315,medium,False,4803.4839999999995,0.7130643653791515,2038.755080038126,2081.6238648352446,2038.7593850981316,2001.4340302981318,1820.1774851981318,2505.531999498132,2120.4616551981317,2972.246719798132
374427,G06007308,low,True,6715.579000000001,0.8407500276235722,1909.464395315401,1935.6384200296031,1909.4778694214995,1876.2740903654992,1715.0583185504993,1784.8999017974993,1591.6206002834992,1660.3087897274995
374452,G06007325,low,True,3752.416,0.7130643653791515,993.1078593827987,1042.2732896379998,993.1165523244,974.5051138703999,884.1485064384001,1117.1866212534,955.2581514263999,1241.2481012664
374487,G06007327,medium,False,5025.501,0.7130643653791515,2214.03734048932,2242.0934404724017,2214.0641634093204,2174.18773530932,1980.5206716093198,2637.3341149093203,2246.82931410932,3060.6351862093197
374537,G06007306,low,True,7006.169,0.8407500276235722,1990.9954891071036,2013.2461489625985,1991.0057265314995,1956.5946496844997,1789.5130217054989,1845.8187063104997,1649.9393323004992,1700.5856727794994
374648,G06007301,high,False,7031.2029999999995,0.7130643653791515,3252.297998928139,3151.5032787952387,3252.326466688132,3196.977384588132,2928.182149688132,3411.936143988132,2988.195331588132,3571.5472697881314
374675,G06007310,high,False,3911.2039999999997,0.7130643653791515,1625.3244283099998,1720.0702909900006,1625.3311781600005,1594.83389786,1446.73887296,2208.48389106,1838.0885417600002,2791.60856046
374798,G06007317,low,True,4242.824,0.7130643653791515,1117.3306668230575,1161.9475620404182,1117.338385910658,1096.481579702658,995.2088573126581,1203.085208465658,1036.329197948658,1288.8069935606582
374810,G06007307,low,True,7026.132,0.8407500276235722,2019.4456393691978,2043.8059112796025,2019.463631923499,1984.6231945154989,1815.479885866499,1867.0639929464996,1670.2784565464995,1714.6533158654997
374930,G06007327,medium,False,7228.8910000000005,0.7130643653791515,3357.824992018131,3244.2159895052396,3357.847272288132,3300.927226888132,3024.527222988132,3490.795190988132,3063.6561384881315,3623.7207603881316
375065,G06007315,low,True,3130.757,0.7130643653791515,815.5081528019987,867.3157215170006,815.5115701173,800.1830231703002,725.7425241213,995.4190519293,840.5353359723,1175.3077019703
375272,G06007317,medium,False,5878.404,0.7130643653791515,2609.945372628129,2581.987462825243,2609.952763958131,2564.355873258132,2342.8812874581317,2935.552838558132,2532.737604658132,3261.072426958132
375278,G06007324,high,False,12789.989000000001,0.7130643653791515,6288.412440368125,5815.99674571524,6288.436792288132,6188.022043788131,5700.357389588131,5680.148811788131,5159.512767688132,5071.899637088132
37528,G06007301,low,True,4587.04,0.7130643653791515,1241.0982841319983,1281.0750968399964,1241.0999200026,1218.7137262986,1109.9967113465998,1300.7426653416,1130.6827061346,1360.3786260846
375289,G06007322,low,True,11096.74,0.7130643653791515,3491.498079838518,3491.707886852674,3491.5481151315234,3435.2437534305222,3161.8804865055235,2973.5417130525225,2730.6944939295227,2455.6281295035233
375440,G06007327,medium,False,5612.983,0.7130643653791515,2584.8586336396593,2572.1527392761996,2584.88449614966,2539.8027110496596,2320.85072544966,2919.52337994966,2517.8260441496595,3254.2370806496597
375630,G06007313,high,False,3466.089,0.8407500276235722,1435.1574597900008,1552.9057729800004,1435.1625542699999,1408.19202207,1277.22982557,2078.4248315699997,1715.60733807,2721.6477491699998
375647,G06007310,low,True,12981.61,0.7130643653791515,4028.530179610522,4003.769617718667,4028.5630874715234,3964.2887476635237,3652.267570615523,3374.792926555523,3114.7762127895235,2720.9980242795236
375683,G06007310,medium,False,3279.927,0.7130643653791515,1379.5048203400015,1503.5074404399998,1379.5118226,1354.0605032,1230.4948203,2048.7366014,1689.1824514,2717.9637069
37571,G06007314,high,False,4692.407,0.7130643653791515,2004.5939446381249,2054.6751137252404,2004.6165605681322,1967.805432568132,1789.063721968132,2480.198425468132,2096.272561068132,2955.754291368132
375775,G06007316,low,True,12459.781,0.7130643653791515,3823.198441157423,3799.4387141936672,3823.2164520195233,3762.0106860345236,3464.805077740523,3221.399424370523,2967.9541244955226,2619.4967345505233
375809,G06007311,low,True,5311.4,0.7130643653791515,1458.0183314202238,1493.9147164096664,1458.0266971335232,1431.9260667105232,1305.1915139265232,1454.4244754775232,1276.402569466523,1450.7911374285231
37687,G06007317,medium,False,3471.022,0.7130643653791515,1436.9389297400057,1554.4439347199939,1436.9444960600001,1409.93980486,1278.80980446,2079.6167342599997,1716.7268926600002,2722.2516361599996
376916,G06007314,high,False,3682.7279999999996,0.8407500276235722,1522.2987077999946,1628.9797549600003,1522.3035496399998,1493.6873733399998,1354.7240317399999,2137.48738204,1771.13256294,2752.63094954
376928,G06007316,low,True,5570.558,0.7130643653791515,1572.688517009185,1608.8969101983405,1572.7084227411858,1544.9615051091857,1410.2700826911857,1541.212730270186,1359.6708689811858,1509.7385163261858
376955,G06007311,high,False,15406.779,0.7130643653791515,7687.111462378132,7046.084613825235,7687.158423688132,7565.977574788132,6977.484144688133,6725.058611188131,6159.836258588132,5763.037223288133
377023,G06007315,medium,False,5933.008,0.7130643653791515,2682.1747415181276,2651.941482945244,2682.1870090881316,2635.3043585881323,2407.585709088132,2986.0197261881317,2580.4246078881315,3289.8790443881317
377099,G06007306,low,True,15583.865,0.8407500276235722,4859.0643495807,4812.8478847186,4859.104185841499,4782.1080157515,4408.281161329499,3988.461342850499,3701.108790484499,3117.8273145674993
377221,G06007324,high,False,5204.4929999999995,0.7130643653791515,2252.6397386081258,2269.8928719952432,2252.650072488132,2212.143860688132,2015.4215799881322,2665.1487345881314,2273.250083688132,3077.5974282881316
377251,G06007322,high,False,15051.76,0.7130643653791515,7514.314640338132,6896.06490652524,7514.371904288131,7395.740881288131,6819.730817488133,6595.9833573881315,6036.307268688132,5677.592467088131
377656,G06007317,high,False,7940.787,0.7130643653791515,3710.437241208137,3551.216365315239,3710.465140488132,3648.3028295881318,3346.5089859881323,3754.243647588132,3315.8439866881317,3797.953470588132
37767,G06007302,medium,False,3392.139,0.8407500276235722,1481.9918402689784,1597.9857277497365,1481.997485798982,1455.1046164989823,1324.433190898982,2126.384751398982,1763.7277971989822,2770.841989898982
377705,G06007301,high,False,15682.264999999998,0.7130643653791515,7821.566536788132,7163.143230335241,7821.638131488133,7698.423657388132,7100.277630988132,6825.548412588132,6256.000637488131,5829.477501688132
378185,G06007317,medium,False,2397.066,0.7130643653791515,1014.1689405200015,1186.3318612999979,1014.18109842,995.2227362199998,903.18925692,1794.07667102,1448.4887319199997,2573.9940890199996
378207,G06007302,high,False,13806.760000000002,1.0497359105206039,6554.518925666279,6042.865778541056,6554.542944526265,6447.025547226264,5924.910589926264,5825.200687226265,5289.315224726264,5095.723113126264
378350,G06007316,low,True,4856.232,0.7130643653791515,1383.5940759962973,1426.5326232499995,1383.6052405665002,1359.1536491924999,1240.3938932595,1408.0673322435,1233.5927597355,1432.5649412415
378387,G06007301,medium,False,6264.946,0.8536704995961909,2809.701152478133,2758.48342122524,2809.709825688132,2760.933326588132,2524.0583831881318,3081.3216725881316,2671.645574588132,3352.875324188132
378411,G06007306,medium,False,4355.263,0.8407500276235722,1830.7498969310145,1901.7197884702598,1830.7620569010178,1796.5848868010175,1630.668168201018,2351.3882295010176,1973.0980633010179,2872.0009277010176
378458,G06007315,low,True,3711.2309999999998,0.7130643653791515,977.6478369168007,1026.503600374,977.6565606024,959.3320154544001,870.3594127494,1106.5738611863999,945.2631603503999,1235.4840786174
378626,G06007306,medium,False,11036.451,0.8407500276235722,5314.913385239999,4961.20532417943,5314.961484649999,5228.338969249999,4807.806858549999,4942.121486549999,4451.173098849999,4569.285393949999
378729,G06007325,medium,False,10530.795,0.8407500276235722,5104.125210989998,4782.323829369427,5104.160086649999,5020.6819925499985,4615.297076649998,4784.616032449999,4300.412322549999,4465.146818249999
37883,G06007302,high,False,9650.078,0.8407500276235722,4382.736918356266,4139.0213109310525,4382.762577126266,4307.480199426264,3941.882216226265,4202.683907426264,3736.067843626265,4022.581546326265
378881,G06007310,low,True,1045.2220000000002,0.7130643653791515,276.05570760810116,342.5354832690004,276.05699431380003,270.8821866618,245.7523275858,629.0138333478001,495.94884911580004,981.9775087008001
37890,G06007315,low,True,3179.124,0.7130643653791515,833.0415477552008,885.007612860001,833.0464164455999,817.4047533876,741.4583340905998,1007.6702720915998,852.1189252265999,1182.2752680576
378937,G06007314,high,False,6124.1230000000005,0.7130643653791515,2770.0509905381336,2727.663632765239,2770.0723800881324,2721.8675445881313,2487.8406222881317,3051.6958246881322,2643.281032988132,3333.296314788132
379060,G06007317,medium,False,2640.739,0.7130643653791515,1087.3200244899988,1247.3247321599981,1087.31878237,1066.86728037,967.5301108699998,1841.5598371699998,1492.74130157,2595.7606940699998
379124,G06007310,high,False,5191.062,0.7130643653791515,2253.9799159481395,2271.95103229525,2253.9944882881323,2213.4572847881323,2016.6397981881319,2666.1552224881316,2274.203753188132,3078.2712507881315
379184,G06007324,low,True,9502.755000000001,0.7130643653791515,2869.042435659623,2872.363781661666,2869.059845161523,2822.012828452523,2593.551371158523,2508.549892591523,2285.5208720715227,2148.057798820523
379203,G06007323,low,True,11649.833,0.7130643653791515,3625.52743458872,3615.8416681346716,3625.5578353395235,3567.278480023523,3284.270596270522,3073.6880780355223,2826.548569813523,2521.862541250523
37925,G06007310,medium,False,2013.5879999999997,0.7130643653791515,833.0525943600021,1025.1466710199986,833.0549968400001,817.3975201399999,741.36566094,1669.0767117399998,1330.56688174,2505.0758021399997
379259,G06007325,medium,False,14834.875,0.8407500276235722,7313.5864599799925,6714.435590799428,7313.636536049999,7197.341890149998,6632.7358168499995,6435.265653749999,5880.567689949999,5556.937238649999
37945,G06007326,low,True,4816.832,0.7130643653791515,1290.4706121981221,1330.0700984586674,1290.475617913523,1266.8630086905232,1152.205559623523,1329.256830847523,1156.5727019595229,1368.0047321535233
379578,G06007302,high,False,12193.511999999999,0.8407500276235722,5657.887758976261,5250.224659671051,5657.892165926265,5563.692214526264,5106.198899126265,5155.342036626264,4648.010298326266,4652.722085526265
379660,G06007307,medium,False,13582.18,0.8407500276235722,6745.287280979999,6226.8183350394365,6745.350079849998,6637.502704149998,6113.793942049999,6010.654675249999,5474.110894049999,5276.131397249999
379810,G06007310,medium,False,4228.161,0.7130643653791515,1759.5600554894868,1837.1841055792977,1759.5673700994898,1726.67749699949,1566.9699443994898,2301.95371899949,1926.41946409949,2844.29343989949
37983,G06007310,medium,False,5696.764,0.7130643653791515,2710.120912609664,2688.9592118261944,2710.17797718966,2663.5449356896597,2437.2211996896604,3018.9587710896594,2613.9949728896595,3327.88100378966
379910,G06007312,high,False,7784.698,0.7130643653791515,3646.196097518127,3496.8055941052367,3646.2254542881324,3585.0149874881317,3287.829574388132,3706.232681988132,3269.8745657881327,3766.2397149881317
379949,G06007314,medium,False,8459.953000000001,0.7130643653791515,4000.937039798129,3808.3140137252412,4000.972197888132,3934.508800788132,3611.758492388132,3971.238560388132,3523.6096184881317,3941.477921088132
380165,G06007313,high,False,9025.078,0.8407500276235722,4280.298009670007,4055.7972532894305,4280.32940585,4209.0791288499995,3863.0922552499987,4169.161213149999,3711.2272498499997,4058.0541480499987
380508,G06007329,high,False,9430.854,0.7130643653791515,4486.742709118131,4231.509802765238,4486.774055488133,4413.092690788131,4055.329694888132,4334.184869488132,3871.017151088132,4181.579839688132
380538,G06007317,low,True,3464.717,0.7130643653791515,907.7551435638003,957.7950416649994,907.7607315693002,890.7168960333001,807.9539949872999,1058.4696364563001,899.9044107303001,1209.1681282623001
380768,G06007324,medium,False,1236.821,0.7130643653791515,537.3369412500016,768.9977881399991,537.3469302299999,527.3390976299999,478.77802753000003,1469.78976363,1143.44089403,2402.25338183
38087,G06007313,low,True,8232.421,0.8407500276235722,2411.040151737001,2424.5599977756074,2411.0575216874995,2370.406060606499,2173.0442355404994,2159.6217866984994,1950.3469208234992,1908.1477385744995
381339,G06007326,low,True,8727.636,0.7130643653791515,2580.6566766318238,2587.284484823666,2580.667107283523,2537.913964564523,2330.267314150523,2293.114338292523,2079.3166539705235,2005.4934498585233
381367,G06007306,high,False,15395.235,0.8407500276235722,7643.381384290001,7008.53186926943,7643.44161645,7522.273134949999,6933.88685605,6681.629219049999,6116.4813255499985,5719.822767749999
381391,G06007325,high,False,5183.552,0.8407500276235722,2206.49874659119,2229.0795075865913,2206.511673891187,2166.1549341911873,1970.220712491187,2621.781373091187,2230.2110680911874,3037.0379331911868
381557,G06007302,medium,False,11240.871,0.8407500276235722,5310.417169896265,4963.55443885105,5310.473882126265,5221.387170426266,4788.886656626265,4895.717556026265,4399.500793326265,4481.030278026265
381558,G06007327,medium,False,4889.34,0.7130643653791515,2100.29000717813,2137.7125937452424,2100.303445488132,2062.0483578881317,1876.306567588132,2551.338840688132,2164.288189588132,3002.328036488132
381634,G06007310,medium,False,3988.669,0.7130643653791515,1681.0677539494845,1769.1969941793009,1681.0821305194904,1649.96001941949,1498.8390477194903,2253.57679221949,1881.8711502194903,2826.04135801949
381838,G06007316,high,False,3666.455,0.7130643653791515,1510.4650662705067,1617.9511961895587,1510.4675499105083,1482.0704275105084,1344.1455848105081,2129.2904834105084,1763.4023663105081,2748.065846510508
381876,G06007313,high,False,12394.405,0.8407500276235722,5974.621336509997,5533.33043192943,5974.622169649999,5878.266698349999,5410.2038444499985,5434.977609249999,4923.058129349999,4895.184087949999
381883,G06007316,high,False,6289.236,0.7130643653791515,2833.4525567981323,2780.6666355252405,2833.4745946881326,2784.3307376881316,2545.7409342881315,3099.061688688132,2688.617571488132,3364.626825588132
381958,G06007301,medium,False,15197.954,0.7130643653791515,7601.830644768124,6974.874346355242,7601.924379488131,7481.9752849881315,6899.672314688132,6661.362405088132,6098.910879688133,5720.797856088133
382124,G06007302,high,False,9331.338,0.8407500276235722,4190.403177266279,3967.2277965410567,4190.411606126265,4117.989214226265,3766.2766060262647,4059.027756026265,3598.5337338262652,3927.533539826265
382709,G06007328,high,False,18941.375,0.8407500276235722,9556.952374720004,8693.564052419428,9557.059444849998,9407.45605345,8681.138821249999,8111.196109549998,7485.03967035,6665.371107749999
382853,G06007306,high,False,3159.6380000000004,0.8407500276235722,1303.9434898399973,1437.3647818800011,1303.9448749399999,1279.42423044,1160.35384204,1988.9402088399997,1631.37904264,2673.8937491399997
382854,G06007316,high,False,6426.907999999999,0.7130643653791515,2907.9527556381254,2846.267216425244,2907.971740488132,2857.727171488132,2613.774421588132,3154.7230281881316,2741.9228151881316,3401.412458888132
382877,G06007311,low,True,6955.697999999999,0.7130643653791515,2009.2779652857228,2032.2282277046686,2009.2915737015235,1975.0056343215233,1808.5337597805228,1866.2563295685231,1670.6497566465232,1723.1946810645234
38310,G06007317,medium,False,3619.663,0.7130643653791515,1542.43342999,1651.4077960900015,1542.45437956,1513.72043396,1374.24344376,2155.86252106,1789.28904926,2769.2804003599995
383127,G06007302,medium,False,19693.737999999998,1.0497359105206039,9631.756306406263,8740.835272641049,9631.798226726267,9478.594522826264,8734.673445026267,8124.134177626265,7490.059875626265,6616.352123926265
383444,G06007324,medium,False,12481.678,0.7130643653791515,6138.295067028133,5685.983186595242,6138.331257488133,6040.139577388132,5563.303873688132,5568.002782388132,5052.173274288131,4997.688400188132
383660,G06007328,low,True,8662.66,0.7130643653791515,2545.6436735183984,2554.6988752036,2545.656212515499,2503.012653886499,2295.9441191924993,2260.1766171584995,2046.6042475484996,1974.6701779424993
383758,G06007306,high,False,6377.126,0.8407500276235722,2881.569101038125,2818.33197232524,2881.5453836881316,2832.3300754881316,2593.1284197881314,3144.9916356881313,2734.3374503881314,3408.281814988132
383833,G06007327,low,True,8090.878000000001,0.7130643653791515,2392.5851229912228,2406.7505282556695,2392.598670517523,2352.623634388523,2158.513061347523,2152.6092435555233,1944.7725128895231,1912.6174336815234
383859,G06007306,medium,False,5221.1900000000005,0.8407500276235722,2223.786391329998,2245.0100157094307,2223.797474449999,2183.0832001499994,1985.368006049999,2632.824952949999,2240.4780054499993,3041.8144768499988
383895,G06007316,high,False,7236.637000000001,0.7130643653791515,3320.2849480081345,3206.4429412552404,3320.2981684881324,3263.937538488132,2990.267365588132,3462.7742990881316,3036.811142888132,3605.170744188132
38442,G06007322,low,True,4945.814,0.7130643653791515,1357.3681490745432,1397.9221404787606,1357.3835469045441,1332.835089817544,1213.6647215565438,1380.3320212455437,1205.6613692385438,1403.2718257155439
385119,G06007306,medium,False,6686.594999999999,0.8407500276235722,3003.327013989997,2929.97000776943,3003.343407449999,2951.057249149999,2697.1571231499993,3215.197844449999,2798.0101842499994,3426.9922085499993
385450,G06007330,medium,False,4982.951,0.7130643653791515,2143.5295554381305,2174.96214888524,2143.540319488132,2104.649383088132,1915.7908287881319,2583.6381573881317,2195.2156670881322,3023.6870723881316
385731,G06007326,low,True,6798.581,0.7130643653791515,1961.3506449399226,1986.0443109046676,1961.3666908635237,1927.7910051675233,1764.7723528395231,1830.446766562523,1636.3744854345232,1699.507995244523
385739,G06007302,low,True,5981.8550000000005,0.8407500276235722,1569.4141962232454,1601.6473882585906,1569.4202889406513,1540.087542868651,1397.6641841266512,1510.7668657366507,1325.791589623651,1452.069781264651
385832,G06007330,high,False,11997.951000000001,0.7130643653791515,5930.501336508136,5508.944930715239,5930.548042088132,5835.422667588131,5373.549084088132,5412.760191288131,4903.555446788133,4895.028208788131
385867,G06007310,low,True,3684.132,0.7130643653791515,966.5541543231001,1015.2639149170025,966.5598456108,948.4152862338,860.3190787968001,1098.5512723968,937.6209731207999,1230.5200334838
385882,G06007315,low,True,2883.307,0.7130643653791515,758.546786503801,812.8486805529981,758.5529493842998,744.3211777533,675.2227091463001,957.2083182002999,804.6888347432998,1155.8504939973
386026,G06007326,medium,False,3114.495,0.8407500276235722,1297.5987365599988,1433.322885409999,1297.60723245,1273.2533855499998,1154.9927770499999,1985.44515485,1628.26063975,2673.2641978499996
38609,G06007330,high,False,7369.718999999999,0.7130643653791515,3400.265259498136,3277.8194508452384,3400.2841238881324,3342.7309834881316,3063.293653788132,3522.524298288132,3094.009979288132,3644.694106088132
386161,G06007313,high,False,4118.475,0.8407500276235722,1738.726253898979,1818.4912147491664,1738.7286908189812,1706.759750518981,1551.4804895189811,2296.651161118981,1923.0966930189811,2854.519980818981
386175,G06007312,high,False,6486.227,0.7130643653791515,2946.0601825981275,2880.7717423652375,2946.0904170881327,2895.283884788132,2648.579081188132,3183.171461388132,2769.183501888132,3420.217232888132
386204,G06007308,high,False,26300.595999999998,0.8407500276235722,13450.211100210006,12111.973198029433,13450.324323849998,13242.91708245,12235.95385735,11019.778503549998,10269.371594949998,8589.28227355
386257,G06007326,low,True,7742.786,0.8407500276235722,2321.3428565343243,2343.12454512867,2321.369218783523,2282.447882035523,2093.452181344523,2099.3636543895227,1893.8255369985236,1877.4029757945232
386396,G06007327,high,False,997.0740000000001,0.7130643653791515,419.1076428400003,663.1856477400017,419.1113818200001,411.25754602,373.12996802,1388.1485972199998,1066.4139434200001,2357.1841350199998
386534,G06007326,low,True,3556.674,0.7130643653791515,933.8634645416993,983.511609478998,933.8698303325998,916.3425120695999,831.2390560025999,1076.3628536856,916.7611546685998,1218.8389520256
386722,G06007312,medium,False,2980.469,0.7130643653791515,1240.2134917699975,1382.7890473800003,1240.21974187,1216.9359219699998,1103.87739527,1946.3145262699998,1591.42329217,2652.3834217699996
386787,G06007314,medium,False,3985.5380000000005,0.7130643653791515,1686.1686406799995,1775.7139735800001,1686.1855518399998,1654.8380465399996,1502.62055224,2254.8760157399997,1882.6740640399996,2823.5612706399997
387090,G06007313,high,False,6294.847,0.8407500276235722,2833.0459360805053,2784.7639825795613,2833.0737478105084,2783.3043083105076,2541.6606854105075,3088.0029426105075,2676.229311710508,3342.9569745105077
387133,G06007310,medium,False,6964.37,0.7130643653791515,3210.2868703081317,3113.683501355233,3210.3037632881324,3155.5704826881315,2889.798666588132,3380.5789629881315,2958.109767588132,3550.859481288132
387259,G06007326,medium,False,8783.886,0.7130643653791515,4146.214509928133,3932.3796439552375,4146.231548888132,4077.600593888132,3744.387519788132,4079.809381288132,3627.4748475881315,4013.3368391881318
387306,G06007302,medium,False,3861.711,1.0497359105206039,1616.4590454100007,1713.8268469200004,1616.47346173,1586.15748683,1438.97759503,2202.8357407299995,1832.85125013,2789.19171123
38731,G06007311,medium,False,6896.427,0.7130643653791515,3152.8330698481345,3061.1428972752433,3152.8544326881324,3098.9890926881317,2837.3653990881317,3337.6414105881317,2917.0366565881313,3522.4255796881316
387575,G06007314,high,False,5835.071,0.7130643653791515,2598.6520444481334,2575.004384055244,2598.658084888132,2553.020042088132,2331.346337688132,2923.640706088132,2520.711313588132,3248.581673488132
387719,G06007326,medium,False,3416.868,0.8407500276235722,1446.2929322500027,1565.7867154599971,1446.3025856900001,1419.3355095900001,1288.36087609,2089.56444009,1726.7605080899998,2732.8250899899995
387762,G06007313,medium,False,7471.441000000001,0.8407500276235722,3543.8108594900013,3419.215561529436,3543.867113049999,3483.522936549999,3190.6067642499993,3618.947207549999,3184.520652349999,3694.114801749999
387858,G06007326,high,False,5628.7029999999995,0.7130643653791515,2492.9037807481295,2482.509382175236,2492.919831888132,2448.8354630881317,2234.783945388132,2844.637878988132,2445.062902488132,3196.3502439881318
388066,G06007325,high,False,10747.516,0.8407500276235722,5142.219742329997,4807.173022329431,5142.253108849999,5058.20821165,4650.139041049999,4813.116982849999,4327.695115049999,4483.917660449999
388195,G06007313,high,False,5536.563,0.8407500276235722,2420.776089489832,2417.264332302532,2420.7345140198295,2377.6335497198293,2168.1023752198294,2788.450115019829,2390.859765119829,3156.049503719829
388297,G06007330,low,True,5672.478000000001,0.7130643653791515,1624.009451191886,1659.6912069263426,1624.0227834660857,1595.686018380086,1458.083056065086,1582.346325645086,1399.5246279870858,1540.700871006086
388641,G06007326,medium,False,15020.926,0.8407500276235722,7557.370674598131,6940.851060085235,7557.4438832881315,7438.1734658881305,6859.014504688132,6628.102220488132,6067.0780736881325,5698.8823212881325
388914,G06007323,low,True,8834.466,0.7130643653791515,2604.0046632126214,2608.1813397816672,2603.9750999775233,2560.899479284523,2351.5548466965233,2310.590021503523,2095.989419506523,2017.0944209325232
38907,G06007308,medium,False,7573.206,0.8407500276235722,3489.389599309997,3358.756435629431,3489.4224174499996,3429.8951620499993,3140.9531761499993,3578.3316088499987,3145.5982419499987,3667.226208449999
389107,G06007310,medium,False,9069.702,0.7130643653791515,4292.349798218129,4060.4002975052385,4292.372269688132,4221.587016088131,3877.8385999881325,4188.960440688132,3732.0072905881316,4085.503650988132
389221,G06007316,high,False,18225.326,0.7130643653791515,9132.790474548136,8309.69931227524,9132.864038288131,8990.20290648813,8297.55720218813,7805.062067388131,7193.824619188131,6477.296388788132
389257,G06007330,low,True,432.012,0.7130643653791515,112.2834656916012,182.61233306400095,112.2837304428,110.1723018228,99.91809623879999,517.4314837068,390.94755608279996,922.5768429708
389324,G06007302,low,True,9339.328,1.0497359105206039,2691.5648064834536,2700.355357413734,2691.5815477695473,2645.1813264825473,2419.849319533547,2342.0673554505465,2120.432868721547,1992.5754896385467
389485,G06007314,high,False,17339.225,0.7130643653791515,8775.155853948134,8009.602594815242,8775.249401888133,8637.877409688132,7970.963373888131,7537.920890188132,6938.008159988131,6300.657584488132
389632,G06007306,high,False,7557.317999999999,0.8407500276235722,3444.5557631699967,3315.155174109424,3444.5638988499986,3385.7304802499984,3100.0320751499994,3544.8494695499985,3113.5572461499987,3645.0453796499987
389742,G06007328,high,False,5268.0960000000005,0.7130643653791515,2276.8601126698277,2294.405553522532,2276.8844505598295,2235.4371899598286,2034.2262713598288,2673.637298359829,2279.749881759829,3070.368609059829
389780,G06007324,high,False,4542.759,0.7130643653791515,1899.4834389281314,1959.2928309552394,1899.487539088132,1864.2217498881319,1692.955573088132,2401.320663188132,2020.6716749881318,2903.104426288132
389835,G06007310,high,False,1062.6779999999999,0.7130643653791515,432.34044511000025,673.080797829999,432.33897314,424.18559354,384.5849463400001,1396.20673874,1073.8142817399998,2360.07234214
389877,G06007317,high,False,2246.969,0.7130643653791515,940.3880525499995,1120.4945611599999,940.3956920700001,922.75923237,837.1341517699999,1742.7581792699998,1400.00700827,2545.10878847
390266,G06007301,high,False,6801.8150000000005,0.7130643653791515,3107.119349368138,3021.3638724752414,3107.140264088132,3053.941284288132,2795.628886088132,3303.5140327881318,2884.3587523881315,3499.831912388132
390366,G06007325,high,False,7067.844000000001,0.8407500276235722,3218.507760759995,3120.775826659426,3218.528309649999,3163.052450449999,2893.6227067499985,3375.9470094499993,2951.880913949999,3533.345926749999
390391,G06007326,medium,False,5357.632,0.7130643653791515,2327.2244394481245,2334.492421775244,2327.230257688132,2285.6127668881322,2083.518712388132,2720.880946988132,2326.5853971881315,3114.469310888132
390408,G06007325,high,False,13441.144,0.8407500276235722,6668.6109941099985,6159.388374609431,6668.68929385,6561.952294149998,6043.80344635,5953.406463549998,5419.292043949999,5238.228462049999
390437,G06007330,high,False,8373.683,0.7130643653791515,3981.465259238132,3794.0213787452435,3981.5023106881313,3915.3142586881318,3593.9451113881314,3956.6891528881315,3509.643782088132,3931.9175216881317
390651,G06007316,medium,False,411.448,0.7130643653791515,169.8125736800021,443.9120412000011,169.81304024000002,166.61999904,151.11331824,1218.22480464,906.4994486400001,2266.63306504
390878,G06007313,low,True,3457.1130000000003,0.8407500276235722,909.3964794201,959.8664138840019,909.4024593297,892.3400090577001,809.4962965257,1059.8324093517,901.2270050607,1210.2507126897
3911,G06007314,high,False,5269.288,0.7130643653791515,2287.8355357681244,2300.7921903752444,2287.844769088132,2246.809480388132,2047.553081388132,2691.452488188132,2298.416474988132,3095.0032192881317
391146,G06007308,medium,False,9468.505000000001,0.8407500276235722,4431.379800279993,4178.782771379421,4431.362270049999,4357.928053149999,4001.092377949999,4282.062454149998,3819.3538716499997,4132.619297749999
391147,G06007329,low,True,4977.91,0.7130643653791515,1348.9881131967227,1387.7227076966672,1348.9932465375234,1324.5100158075231,1205.6307484335234,1372.973039509523,1198.417835191523,1396.9297119225232
391396,G06007328,medium,False,9759.650000000001,0.8407500276235722,4674.702063309996,4403.037594329431,4674.746484849999,4597.631643349999,4223.23158075,4463.824580949999,3993.319275749999,4252.918415549999
391442,G06007329,high,False,7493.705,0.7130643653791515,3469.9228905981204,3339.4855378452394,3469.944293888132,3411.357568788132,3126.896105888132,3574.5581707881315,3143.827807988132,3679.111854188132
391464,G06007317,high,False,10620.529999999999,0.7130643653791515,5225.2544973281365,4892.307891375243,5225.294673088132,5140.651499588132,4729.584294888131,4885.856932588133,4399.166687088132,4546.5416435881325
391506,G06007301,high,False,5026.198,0.7130643653791515,2161.5093020381355,2190.0736413652376,2161.5169476881324,2122.355215788132,1932.2032611881318,2597.0791666881314,2208.066896188132,3032.587507688132
391526,G06007306,medium,False,9568.135,0.8407500276235722,4528.251840780002,4268.963018919428,4528.274283049999,4453.350261149999,4089.507860249999,4354.416091349999,3888.5607597499993,4180.576493549999
391879,G06007312,high,False,8113.066000000001,0.7130643653791515,3820.121954978133,3649.5921498652374,3820.1565590881323,3756.3543790881317,3446.642352988132,3836.182453688132,3394.2667507881315,3852.184220488132
391882,G06007330,low,True,3527.3509999999997,0.7130643653791515,927.9353024865004,978.0040179140008,927.9438151598998,910.5324526809,826.0042785308998,1072.4504259278997,913.1018104478999,1216.9383026379
391889,G06007329,high,False,5423.7699999999995,0.7130643653791515,2460.9193092293285,2459.081975222975,2460.9396482093216,2417.8923651093214,2208.837916809321,2830.265531209321,2432.918572609321,3199.636162509321
391957,G06007313,high,False,7227.719999999999,0.8407500276235722,3353.909224760002,3245.245947399431,3353.943882649999,3296.4339180499983,3017.2211962499987,3477.088578749999,3048.6932834499994,3600.292780249999
392122,G06007315,high,False,6785.418,0.7130643653791515,3088.734580548129,3004.0187183752446,3088.747950688132,3035.827087588132,2778.841600888132,3289.783603288132,2871.2099746881313,3490.750833488132
392138,G06007323,medium,False,6512.3550000000005,0.7130643653791515,3038.1662673096603,2968.592553346201,3038.19218602966,2986.2246927296596,2733.85681982966,3255.5742093296603,2839.0779989296598,3473.0469462296596
39258,G06007325,medium,False,4225.016,0.8407500276235722,1755.4858573994863,1833.6833349792992,1755.49169530949,1722.61162680949,1562.9555530094901,2298.0646661094897,1922.54761060949,2840.58801710949
39269,G06007329,high,False,6873.4220000000005,0.8407500276235722,3155.096655138132,3064.56233628524,3155.1215224881316,3101.203038088132,2839.4277412881324,3339.353349788132,2918.663351088132,3523.551269388132
393245,G06007327,medium,False,3323.5240000000003,0.7130643653791515,1372.932055590003,1497.9994005099998,1372.9345909200001,1347.12444602,1221.77950052,2035.9092774199999,1675.5806113200001,2698.84130312
393338,G06007329,medium,False,14361.444,0.8407500276235722,7124.3573637681275,6551.154549455241,7124.4194504881325,7011.576121588134,6463.684195488133,6304.662514788133,5757.404548288133,5484.903860488132
393447,G06007308,medium,False,6633.450000000001,0.8407500276235722,2904.2962997499935,2834.3054627894294,2904.291081449999,2853.4701710499994,2606.727967749999,3141.242380049999,2727.1397195499994,3378.126756249999
393808,G06007328,low,True,5969.209,0.8407500276235722,1637.4723966404983,1667.2591969806026,1637.4752890334998,1608.3181799684994,1466.7176157794995,1581.7091271644995,1397.1038067704994,1525.8982145684995
393954,G06007308,low,True,10813.501,0.8407500276235722,3269.2293879020963,3261.4080205205955,3269.2465878974995,3215.8562695244996,2956.624212244499,2800.746356056499,2564.0866742474996,2332.2418342935
393955,G06007301,high,False,11868.058,0.7130643653791515,5826.636645148132,5413.892182435242,5826.678172088132,5733.104107288133,5278.748769188132,5335.185217388131,4829.311481388131,4843.652878488132
394186,G06007308,high,False,8309.437999999998,0.8407500276235722,3793.6555661599996,3615.50508831943,3793.656601849999,3729.6348416499995,3418.771180849999,3805.6411829499984,3363.1717294499995,3817.614463849999
394194,G06007322,high,False,4133.983,0.7130643653791515,1711.755950238976,1793.6391703791696,1711.7513295689812,1679.798802768981,1524.6055804689809,2269.990851068981,1896.445251568981,2828.1633272689805
394273,G06007326,low,True,5904.983,0.7130643653791515,1713.5709390321852,1748.2723743003428,1713.5857902615858,1683.946332280586,1540.0231765125855,1649.746783759586,1464.1335936495857,1585.9559627445858
394280,G06007328,medium,False,9662.837,0.8407500276235722,4568.133780119996,4302.81857031943,4568.158746449999,4492.637235849998,4125.942914549999,4384.22695925,3917.110653849999,4200.25268955
394310,G06007313,medium,False,8749.308,0.8407500276235722,4182.851238410003,3976.079106189432,4182.905439649999,4113.078812749999,3774.104011649999,4096.359012549999,3641.525901249999,4009.9149508499995
394378,G06007307,low,True,5445.42,0.8407500276235722,1476.3998808720005,1511.8040858196018,1476.4072931054998,1449.6324214364995,1319.6371977494994,1461.3753903824995,1281.8986791734994,1446.3199872104997
394477,G06007315,medium,False,6846.023,0.7130643653791515,3144.040759479152,3054.143795396073,3144.060337549151,3090.43885854915,2830.0429278491506,3333.1902364491502,2913.1122189491507,3522.3633622491507
394499,G06007324,low,True,10072.686000000002,0.7130643653791515,3112.6593592698273,3116.9612046476664,3112.6894532295237,3062.0186179935226,2815.967137087523,2690.5281766245225,2459.7390317535232,2268.454420627523
394608,G06007326,high,False,16762.908,0.8407500276235722,8517.653818718132,7789.1785167852395,8517.758514488132,8384.223456988131,7735.8484622881315,7345.501187588132,6753.8857898881315,6173.346542688132
394706,G06007317,medium,False,9366.501,0.7130643653791515,4614.391235748137,4362.420733595245,4614.442545888132,4538.867736388131,4171.812046688132,4429.484725888132,3962.299669588132,4244.671810088132
394927,G06007326,high,False,14397.182,0.7130643653791515,7232.084245668135,6656.022499075245,7232.164550488133,7117.710529688131,6561.981788588131,6385.093508788132,5834.383409988132,5538.215576088132
394968,G06007307,high,False,12993.608,0.8407500276235722,6341.700014399996,5861.762673259431,6341.740968249998,6239.891129749999,5745.343080149998,5709.205738049998,5185.517180549999,5076.656660749999
395072,G06007322,medium,False,5737.972,0.7130643653791515,2541.4455967881318,2524.1963204752356,2541.4608514881324,2496.6586629881317,2279.122062488132,2880.914486788132,2479.7988164881326,3220.312791188132
395248,G06007310,medium,False,3426.3700000000003,0.7130643653791515,1423.1681437199954,1543.0129999599994,1423.1778951000001,1396.4504526999997,1266.6668324,2070.568119,1708.2839174,2717.9255476999997
395410,G06007312,high,False,7520.585,0.7130643653791515,3523.524355398133,3391.1015605252423,3523.5546880881316,3464.1670374881314,3175.8136402881314,3614.580668788132,3182.141649588132,3705.622936988132
395443,G06007328,high,False,4583.478,0.7130643653791515,1950.0662154594902,2005.5320295492998,1950.07854813949,1914.2585166394897,1740.29542883949,2442.44082143949,2060.63469023949,2934.78079513949
395572,G06007324,medium,False,7548.729,0.7130643653791515,3481.986195458137,3348.021127725247,3481.9985108881315,3423.2377564881317,3137.913152788132,3583.5800668881316,3152.455442888131,3685.077137188132
395598,G06007326,medium,False,2451.9300000000003,0.7130643653791515,1150.3799516499994,1311.2770809799995,1150.3844994100004,1130.3035763100002,1032.69974271,1910.84462161,1562.84677091,2671.39021931
395640,G06007316,medium,False,3091.1270000000004,0.7130643653791515,1288.2121442599994,1425.1558836900008,1288.21869521,1264.0450787099999,1146.6420558100003,1979.08281231,1622.27460691,2669.9361118099996
395655,G06007312,high,False,9124.041000000001,0.7130643653791515,4327.575403458126,4092.2231911052445,4327.609045288131,4256.307252088131,3910.031851688132,4215.255203188131,3757.2518857881314,4102.826661188132
395746,G06007316,low,True,2857.807,0.7130643653791515,746.1456302790002,799.9829434030024,746.1485560682999,732.1288222142999,664.0533997083002,948.3941258553,796.3228904852999,1150.6205859783
395786,G06007326,high,False,5509.482,0.7130643653791515,2410.701660448141,2408.179757255239,2410.709120288132,2367.850567688132,2159.7403858881316,2783.2474295881316,2386.288560088132,3155.7179776881317
39585,G06007315,low,True,747.814,0.7130643653791515,198.8741737646994,267.50084627700045,198.87542023860001,195.1542273366,177.07563450359999,576.5746839096,446.6320882896,954.2768112456
395886,G06007313,high,False,11356.862000000001,0.8407500276235722,5653.466009930009,5278.163557029433,5653.562737049999,5561.875099249999,5116.871556549999,5194.997784149999,4693.288254349999,4736.597852749999
396345,G06007306,medium,False,5539.112000000001,0.8407500276235722,2420.5536001098267,2419.881930742533,2420.565474119829,2377.091996719829,2165.9246110198287,2782.416260619829,2384.153001819829,3144.249754519829
396351,G06007328,high,False,4878.58,0.7130643653791515,2102.510223601017,2143.279218949689,2102.5389620810174,2063.895823581017,1876.316092781017,2547.144742681017,2159.291091181017,2991.7595790810165
396356,G06007302,high,False,6516.367,0.8407500276235722,2812.873019778471,2768.1402995884687,2812.905971368471,2761.22063196847,2510.315554268471,3035.3309375684703,2619.455773768471,3257.7729590684708
3964,G06007310,low,True,12887.097,0.7130643653791515,4033.7830532904236,4013.530430885671,4033.8149737335234,3969.4713611415223,3657.0380886825233,3378.688406059523,3118.520517745523,2723.606666539523
396417,G06007314,high,False,6498.496000000001,0.7130643653791515,3004.882188418641,2938.0569176353656,3004.9123838586406,2953.2340609586404,2702.309054258641,3227.312975658641,2811.4436502586404,3449.773206058641
396732,G06007308,high,False,4779.994000000001,0.8407500276235722,2041.4835351116976,2086.290610377289,2041.4954284316968,2004.0661191316967,1822.3000024316966,2506.515427731697,2121.2295822316964,2971.535182631697
396884,G06007306,high,False,10608.139,0.8407500276235722,5054.916445329999,4728.444907089424,5054.942972849999,4972.180052849999,4570.38124405,4747.888507749998,4265.17760355,4440.885587349999
396951,G06007307,medium,False,3397.448,0.8407500276235722,1423.7020332411862,1539.2158891471568,1423.695785831188,1397.744421231188,1271.6494627311881,2084.062212731188,1723.392584731188,2744.4300984311876
397071,G06007316,medium,False,5721.25,0.7130643653791515,2549.054680288134,2532.8875725952385,2549.0764848881317,2504.160941188132,2286.0642024881317,2886.586004888132,2485.2355270881317,3224.073584388132
397126,G06007310,low,True,6550.816000000001,0.7130643653791515,1898.9078668113639,1927.311714450852,1898.9184524493646,1866.3031452423645,1707.9036773583646,1784.2776449883645,1592.2521074823644,1669.6640224683647
397132,G06007313,high,False,8635.132,0.8407500276235722,4006.816257199999,3807.9723811994304,4006.8355480499986,3939.646234249998,3613.4232560499986,3964.896142149999,3515.664660049999,3922.8884257499994
397151,G06007326,high,False,13110.098,0.8407500276235722,6596.231658058126,6102.665072245247,6596.302442488131,6491.28657818813,5981.383531288133,5910.074394588131,5379.660956288132,5224.001869888132
397402,G06007314,high,False,12054.791000000001,0.7130643653791515,5878.318979198128,5453.466536625239,5878.348622688132,5784.016362488132,5325.946211688131,5373.785826288133,4866.267258788132,4869.191130788132
397590,G06007329,medium,False,3504.578,0.8407500276235722,1468.413317079997,1583.7021236100006,1468.4231620100002,1440.95035761,1307.5502419099998,2103.15048671,1739.25919051,2737.86426601
397745,G06007311,medium,False,3136.078,0.7130643653791515,1296.6114996100018,1431.2431513700024,1296.61425294,1272.2410429399997,1153.88520794,1984.1165295399996,1626.87597414,2671.58051824
397787,G06007301,low,True,734.897,0.7130643653791515,195.47125925670005,264.17212960599977,195.4737758673,191.8139382873,174.04573870529998,574.2598238733,444.4511771523,953.0522661273001
397864,G06007322,medium,False,3117.8450000000003,0.7130643653791515,1295.9832630399999,1431.5322079700031,1295.98990275,1271.65344255,1153.48504395,1984.15097105,1626.99843605,2672.2847510499996
397908,G06007311,high,False,6267.644,0.7130643653791515,2823.903137468133,2772.5123984752404,2823.920889888132,2774.928256388132,2537.018086388132,3091.9182263881316,2681.787153188132,3359.905913288132
398055,G06007307,low,True,10813.029999999999,0.8407500276235722,3306.652487768699,3302.8643626926,3306.6791493434994,3252.7379797604985,2990.7906113294994,2828.676546988499,2590.8678810074994,2350.7032023374995
398157,G06007317,low,True,3536.8590000000004,0.7130643653791515,925.8157029239978,974.8061793750014,925.8172816850999,908.4779038880998,824.2743184641,1071.4789343271,912.2693302371,1217.1282006651
398227,G06007311,low,True,7160.121,0.7130643653791515,2084.4193965957434,2106.2098268857594,2084.4270351378436,2049.0368546898435,1877.1499830438436,1922.4501567618436,1724.4525481788437,1760.497717408844
398249,G06007310,medium,False,1969.618,0.7130643653791515,853.5112045800016,1045.9337025999998,853.5155085600001,837.8428732600001,761.69375126,1689.1856964600001,1350.64449266,2524.89482426
398273,G06007328,high,False,24392.855000000003,0.7130643653791515,12326.998775649965,11112.921237849425,12327.08423625,12136.395032049999,11210.477391949998,10180.68521715,9466.185362649998,8034.091556949999
398364,G06007316,medium,False,8640.436000000002,0.7130643653791515,4039.8996504481443,3835.7476393352354,4039.9082630881317,3972.8763397881316,3647.3435262881317,4000.3865705881312,3551.4731410881323,3960.7507561881316
398657,G06007315,low,True,5895.914000000001,0.7130643653791515,1652.9514113562236,1684.0981314256683,1652.9578757295233,1623.968199433523,1483.178607973523,1600.0499408895234,1415.814628819523,1547.1151676085233
39877,G06007330,medium,False,4182.412,0.7130643653791515,1743.941783020001,1824.656164349431,1743.948041999999,1711.260764199999,1552.5272483999988,2289.777292499999,1914.675737999999,2835.571730399999
398804,G06007307,low,True,2232.54,0.8407500276235722,588.7667487806978,647.5062149710002,588.771102402,577.731417543,524.1228589169999,841.790923437,696.126298809,1094.808054435
398936,G06007328,medium,False,5090.718000000001,0.8407500276235722,2266.533623571187,2288.1229991171595,2266.546846171188,2226.1405497711885,2029.8660998711885,2680.731356271188,2289.052458071188,3094.963753171188
398988,G06007326,high,False,7942.649,0.7130643653791515,3673.1425984781295,3513.6736337452407,3673.147056688132,3611.5590052881325,3312.4394824881315,3726.3669172881323,3289.1366681881327,3779.5654179881317
399010,G06007301,high,False,11151.0,0.7130643653791515,5410.673286738136,5044.268642025236,5410.704128288131,5323.308585488132,4898.936221888132,5024.428573288133,4531.788611488131,4638.147053988132
399093,G06007301,high,False,9017.35,0.7130643653791515,4257.61923901814,4028.834940025234,4257.631378688133,4187.354294288132,3846.1163513881324,4163.040311888131,3707.1579543881326,4068.374798488132
399096,G06007326,high,False,5664.448,0.7130643653791515,2461.764899448131,2449.270780915241,2461.7596592881314,2418.152541688132,2206.364868488132,2821.397157288132,2422.7962812881315,3180.9650196881316
399107,G06007311,high,False,8195.005000000001,0.7130643653791515,3867.2741091181165,3691.9100646652364,3867.325231288132,3802.833796288132,3489.7284160881322,3871.3810356881318,3428.028564188132,3875.406202088132
399119,G06007315,medium,False,6056.813,0.7130643653791515,2750.033012618131,2711.8307914052384,2750.053079488132,2702.154798088132,2469.5483878881323,3036.714481888132,2628.954551588132,3323.409591788132
399131,G06007312,medium,False,3823.356,0.7130643653791515,1623.7306133799989,1719.7263886899996,1623.7327657500002,1593.8003260499997,1448.40257775,2216.39012825,1847.1951785499998,2809.03754085
399142,G06007315,low,True,2662.262,0.7130643653791515,693.7545345066005,748.8115216120007,693.7575221178001,680.7184058808,617.3975674187999,912.6844217238,762.7209781728,1131.5936011308
39915,G06007313,low,True,10555.032,0.8407500276235722,3179.0570553378006,3173.1214237376003,3179.077017133499,3127.029076048499,2874.3063305354995,2733.382241350499,2499.6180079154997,2287.6521138104995
399207,G06007326,high,False,13183.813,0.7130643653791515,6658.349268708129,6159.962734755236,6658.430088488132,6552.482938788131,6038.0975959881325,5956.478726088133,5424.087529688132,5254.696065888133
399261,G06007315,high,False,15500.141,0.7130643653791515,7732.935722108134,7086.003988415241,7732.981547488131,7611.110715088131,7019.338807288132,6759.332642188132,6192.630501788132,5785.671109688132
399366,G06007330,medium,False,4615.958,0.7130643653791515,1966.0936477291496,2020.7694373355002,1966.1092154291498,1929.8942835291502,1754.03565882915,2451.8383768291496,2069.1757942291497,2937.5493969291497
399490,G06007323,high,False,13426.984999999999,0.7130643653791515,6633.670969978142,6119.973786525243,6633.714700688131,6528.197587088132,6015.666944888131,5938.005216688132,5406.558744988132,5242.301979588132
399539,G06007314,low,True,4645.358,0.7130643653791515,1287.8986734368991,1328.7455065849986,1287.9072831114004,1265.0139215154,1153.8401954183998,1338.9390245874001,1167.8011139604,1389.9836760864
399570,G06007317,low,True,3044.955,0.7130643653791515,796.309508150098,849.0103731619974,796.3120607715001,781.3559069505001,708.7274341245001,982.5848163795001,828.4999288935,1168.8375570135001
399960,G06007317,low,True,2676.61,0.7130643653791515,698.4073211030978,753.4349494489989,698.4108908910001,685.287171513,621.559722546,915.907570734,765.7666777919999,1133.38660056
400374,G06007308,medium,False,8681.599999999999,0.8407500276235722,4042.972540709994,3841.1081813494266,4042.995121449999,3975.266464049999,3646.441779949999,3991.912471049999,3541.5396755499996,3940.7366536499985
401435,G06007326,high,False,18154.908,0.8407500276235722,9069.563126798128,8251.984655185242,9069.604022088131,8927.913280388131,8239.846430588132,7757.909578588131,7148.629962188133,6446.054313588133
401598,G06007316,low,True,8324.039,0.7130643653791515,2522.3446934331223,2540.08099574267,2522.367281251523,2480.466009538523,2276.9689854165226,2249.5217842035227,2037.5650311975228,1976.7456282315231
402331,G06007313,high,False,6917.16,0.8407500276235722,3108.656374279998,3020.5431990394313,3108.6707108499986,3054.8192214499986,2793.3249551499994,3293.891729349999,2873.312910749999,3479.073863849999
402359,G06007329,medium,False,6019.405,0.7130643653791515,2754.7224268891505,2716.889310946073,2754.750699729151,2707.0348842291505,2475.3584335291516,3044.677327329151,2637.314112429151,3334.6575301291505
402390,G06007301,high,False,20884.127999999997,0.7130643653791515,10528.007730578136,9534.03221756524,10528.073734888132,10364.703625288132,9571.492166188129,8847.45586418813,8191.6275313881315,7166.795838488131
402415,G06007322,low,True,12847.617,0.7130643653791515,3968.259592895723,3942.0257910986647,3968.282144413524,3904.8883962405225,3597.202209376523,3329.757085054523,3071.624270431523,2691.2858511315235
402484,G06007329,low,True,13999.483999999999,0.7130643653791515,4434.0949516488245,4408.166965863668,4434.148793773524,4363.850144107524,4022.548566553523,3677.7346407495224,3404.804823661523,2921.421462928523
402600,G06007312,low,True,11162.798999999999,0.7130643653791515,3453.707108015722,3447.1486867126673,3453.7466120775234,3398.0156070135226,3127.3991975445238,2945.314364791523,2703.6705373335235,2436.939217429523
402621,G06007308,medium,False,7024.382,0.8407500276235722,3161.1868679000036,3066.158435399433,3161.1952500499992,3106.5687913499996,2841.294787149999,3333.145253849999,2910.8959557499993,3505.018604249999
402640,G06007323,medium,False,4923.8099999999995,0.7130643653791515,2120.4206672186397,2155.5874091553696,2120.431405458641,2081.891304958641,1894.712665658641,2566.452495658641,2178.778141458641,3012.451584358641
402701,G06007308,high,False,8047.407,0.8407500276235722,3731.2324121400006,3570.145122379433,3731.260736449999,3668.1611003499993,3361.780821449999,3758.989222449999,3318.5681053499993,3786.7088235499987
402730,G06007310,low,True,4915.901,0.7130643653791515,1322.272111789524,1360.732206746671,1322.2720788531233,1298.2146744471231,1181.372565686123,1353.3968658771232,1179.745705133123,1384.4770121091233
402785,G06007315,low,True,5256.366,0.7130643653791515,1439.568704831122,1475.8955949186686,1439.576377021523,1413.7502457255232,1288.345225978523,1440.6412212585233,1263.207741736523,1441.6746430485232
402809,G06007327,low,True,8246.075,0.7130643653791515,2458.625544924026,2472.7819896536676,2458.638792721523,2417.682822841523,2218.7951260575232,2201.929207591523,1991.988253678523,1945.2692398125232
403057,G06007307,low,True,6104.5689999999995,0.8407500276235722,1794.2017298321737,1829.140523702932,1794.214984824276,1763.359883316276,1613.461424760276,1709.4556896602767,1521.2201456552762,1624.7664088532765
403082,G06007301,low,True,3325.148,0.7130643653791515,873.6958544957996,924.9550911860007,873.7018770312001,857.3065110791998,777.6979116102,1035.4770828911999,878.3078032902,1197.2359407552
403153,G06007311,medium,False,5868.389,0.7130643653791515,2602.2654927981307,2576.5792068652513,2602.2751224881317,2556.574331888132,2334.653478388132,2926.352791288132,2523.2928008881318,3250.372173588132
403281,G06007312,medium,False,3935.111999999999,0.7130643653791515,1942.5998024600046,2012.099071139996,1942.6046793399998,1910.2006345399998,1752.6475196399997,2492.82729704,2118.34677164,3043.2210209399996
403380,G06007306,high,False,13266.082999999999,0.8407500276235722,6499.291629330002,6001.522787949435,6499.332038049999,6395.144550749998,5889.2235339499985,5826.923424649998,5298.21740665,5154.536496649998
403566,G06007310,medium,False,8164.445,0.7130643653791515,3817.056480728133,3643.21319731524,3817.073179888132,3753.332834688132,3443.845951988132,3833.8946667881314,3392.0751624881323,3850.6698507881315
403670,G06007324,medium,False,6172.171,0.7130643653791515,2738.461337018126,2693.3116952852447,2738.464291688132,2690.745657588132,2459.017575888132,3028.112251688132,2620.695319388132,3317.676690188132
403710,G06007330,high,False,3507.843,0.7130643653791515,1471.5645300299989,1586.8137517800048,1471.57283753,1444.0157384299998,1310.20917253,2104.8815465299995,1740.8113500299999,2738.1795678299995
403750,G06007317,high,False,6012.347,0.7130643653791515,2677.5761985181316,2642.5227234252425,2677.587364688132,2630.771368188132,2403.420478888132,2982.6015764881317,2577.1597483881324,3287.571731688132
403893,G06007314,medium,False,5530.902,0.7130643653791515,2462.4885555181286,2458.4350468052435,2462.511064488132,2418.875395988132,2207.0141072881315,2821.9168102881317,2423.3225758881317,3181.306790788132
403961,G06007307,medium,False,6411.697999999999,0.8407500276235722,2870.5589345305075,2814.6063193395617,2870.5794380205084,2820.2786228205077,2576.046168320508,3116.408194820508,2703.475141720508,3362.249796920508
404133,G06007317,medium,False,7718.398,0.7130643653791515,3630.86644190813,3485.854621855238,3630.8989134881317,3569.9234481881326,3273.825712788132,3694.766724888132,3258.906735788132,3758.664212188132
404185,G06007317,high,False,3737.921,0.7130643653791515,1566.8585972200003,1669.3172834599982,1566.8651441000002,1537.6580519000001,1395.8225314000001,2171.9961303,1804.3707839,2777.1118112999998
404205,G06007316,medium,False,3322.538,0.7130643653791515,1377.9460609199987,1503.059121659998,1377.9507823399997,1352.06701394,1226.36529984,2039.6794527399998,1679.1959156399998,2701.3746577399997
404421,G06007330,medium,False,3776.59,0.7130643653791515,1577.2560018599997,1679.0717445400014,1577.2694131000005,1547.6768652000003,1404.0021043000002,2175.923223,1807.4901161,2774.5567888
404523,G06007310,low,True,8243.877999999999,0.7130643653791515,2427.3093890796226,2438.629329027669,2427.3193602975234,2386.840625182523,2190.2361282195234,2178.547039075523,1969.627641817523,1929.7418880495231
404815,G06007316,low,True,2609.864,0.7130643653791515,679.4058194846983,734.722880983003,679.4072933256001,666.6354041886001,604.6109362566,902.8862949126001,753.4940603286,1126.3456130946001
404887,G06007311,medium,False,3795.852,0.7130643653791515,1615.4638938489784,1711.2838564391711,1615.4745637389813,1585.914691438981,1442.3469484389811,2214.471267938981,1846.122731238981,2813.434232138981
404948,G06007328,high,False,21377.3,0.8407500276235722,10478.877742038998,9457.655709399163,10478.704298348983,10315.88869664898,9524.077953248981,8802.996520348981,8147.969936048982,7126.546054348981
404955,G06007310,medium,False,7036.415000000001,0.7130643653791515,3259.23893152813,3157.650909975241,3259.264389888132,3203.782449188132,2934.4859698881314,3417.1549380881315,2993.109021788132,3575.0696798881318
404980,G06007326,medium,False,4106.451,0.8407500276235722,1741.0055512599984,1823.2662135999997,1741.0173781000003,1708.7881125999997,1552.2697276999997,2294.6273036,1920.5205904,2848.2313658
405023,G06007314,high,False,8729.859,0.7130643653791515,4144.03617107814,3934.1962573252326,4144.083415888132,4075.488515888132,3742.434010188132,4078.145440588132,3625.9639448881326,4012.166733588132
405045,G06007323,medium,False,5959.335,0.7130643653791515,2713.748942640166,2680.409117285759,2713.7671532901672,2666.5763696901677,2437.3930597901676,3012.4628925901675,2606.2153772901675,3311.209389390168
405269,G06007326,high,False,3523.441,0.7130643653791515,1458.99375459,1573.77298096,1459.00022983,1431.57741463,1298.44245733,2094.63751543,1730.84904543,2730.23961993
405282,G06007317,high,False,10028.94,0.7130643653791515,4786.037891968132,4492.262728215244,4786.0514040881335,4707.945459188131,4328.628721888132,4557.802716788132,4085.1125714881327,4329.428248888132
405470,G06007317,medium,False,2960.259,0.7130643653791515,1228.9162471899995,1372.5261519999995,1228.9213191700003,1205.8378165699999,1093.75590917,1938.44072687,1583.97727587,2647.9294830699996
405550,G06007315,medium,False,4716.895,0.7130643653791515,1993.9956439881266,2042.051227435241,1993.997746328132,1957.3840177281313,1779.593597728132,2472.9376249281313,2089.387411228132,2951.8131801281315
405677,G06007328,medium,False,8338.178,0.7130643653791515,3921.7300829300057,3741.5301085894325,3921.7617368499996,3855.8295010499987,3535.6912861499986,3901.291638749999,3454.7869007499994,3880.874209649998
405818,G06007324,high,False,1885.742,0.7130643653791515,828.6245007900002,1024.7534574000042,828.62632251,813.52049501,740.1076537099999,1673.91334741,1336.59041271,2519.2456500099997
405842,G06007314,low,True,13203.211,0.7130643653791515,4109.121738173423,4083.36237331767,4109.158205641523,4043.6893664925233,3725.849009350523,3434.990141416523,3172.404336223523,2760.8279841975236
405844,G06007311,high,False,6236.721,0.7130643653791515,2836.7904235481365,2787.10059963524,2836.816997288132,2787.6205208881315,2548.772585288132,3101.539858488132,2691.0008413881324,3366.281920488132
405878,G06007315,low,True,4237.439,0.7130643653791515,1110.0555024744194,1154.5701990966927,1110.06135063842,1089.25399061042,988.2271610004202,1196.67503404142,1030.02115729742,1283.26325706542
406366,G06007310,high,False,4570.321,0.7130643653791515,1935.2685406486407,1992.28825182537,1935.278252078641,1899.594960578641,1726.331050078641,2430.100710378641,2048.5686457786405,2924.874877178641
406447,G06007327,medium,False,6314.818,0.7130643653791515,2850.424680698134,2795.977245045242,2850.441082488132,2801.0526589881315,2561.243005988132,3111.7468179881316,2700.7755805881316,3372.9927419881315
406573,G06007311,medium,False,2759.858,0.7130643653791515,1149.0768000899984,1302.9802212499956,1149.08506014,1127.51438324,1022.77689814,1884.37252154,1533.16778314,2619.63933744
406616,G06007313,medium,False,7929.749,0.8407500276235722,3739.0007304299997,3585.08661306943,3739.051543649998,3675.8157395499993,3368.846269049998,3764.7705453499984,3324.111502749999,3790.564058849999
406898,G06007324,medium,False,6595.6,0.7130643653791515,3016.60173573813,2943.8361967852393,3016.6200076881323,2964.7703417881316,2712.9695761881317,3235.871744088132,2819.6297761881324,3455.0924972881317
406924,G06007314,high,False,14237.522,0.7130643653791515,7018.169181768128,6452.85257435524,7018.206996088133,6906.945838588132,6366.721117088131,6225.360055088131,5681.4464008881305,5432.467318188132
406969,G06007324,medium,False,3779.107,0.7130643653791515,1561.3810905805158,1662.9929191795559,1561.3794382705082,1532.044243370508,1389.561335770508,2164.230529070508,1796.314892870508,2767.0307488705075
407104,G06007330,medium,False,4738.365,0.7130643653791515,2036.485353189485,2082.3653466693013,2036.49969986949,1999.3363372694898,1818.8785522694902,2506.0992479694896,2121.39649836949,2975.69264976949
407305,G06007324,medium,False,9074.966,0.7130643653791515,4313.2642270981305,4080.6948127052424,4313.294328888132,4242.185196888133,3896.9176723881324,4204.575918688131,3746.9440349881324,4095.8663397881323
407434,G06007310,low,True,411.448,0.7130643653791515,106.98192141840131,177.45789684000076,106.98221535120001,104.97059939520001,95.2013904912,513.8317949232,387.56248864319997,920.6791669752
407485,G06007310,medium,False,4541.619,0.7130643653791515,2018.9763367399983,2071.058994079999,2018.9915426799998,1982.85529318,1807.3497381799998,2506.03621088,2123.54447728,2993.12260928
407533,G06007325,high,False,14479.827000000001,0.8407500276235722,7157.384241250002,6581.441044669432,7157.442671449998,7043.4663412499995,6490.118940649998,6318.585226649999,5768.876421349999,5479.728065549998
407723,G06007301,low,True,6015.045,0.7130643653791515,1689.0684129258227,1718.878523057666,1689.0769605075236,1659.5460324375235,1516.1539357995234,1627.0356937185234,1441.634150974523,1564.9764286485233
407951,G06007329,medium,False,2805.888,0.7130643653791515,1170.4737507900027,1322.0048867099972,1170.48301164,1148.51816564,1041.87271764,1899.0753013400001,1547.0262976400002,2627.64742384
408029,G06007314,low,True,12898.515,0.7130643653791515,4071.502829714124,4055.047714420666,4071.5610400635237,4006.641597391523,3691.4834391675236,3406.8513798495233,3145.501469092523,2742.2272406235234
408115,G06007323,high,False,42359.28199999999,0.7130643653791515,21925.495984408117,19545.856602255233,21925.40465148813,21593.14432048813,19978.270452188128,17362.176612588133,16343.133485588129,12798.503891388129
408132,G06007315,low,True,10776.347,0.7130643653791515,3328.0690424109243,3324.8541404086677,3328.110166933523,3274.2274648785224,3012.6732459945233,2851.474080379523,2613.802207999523,2374.8878989605228
408198,G06007330,low,True,3572.7960000000003,0.7130643653791515,929.852137116001,978.521928034,929.8547044164001,912.3730985753999,827.4813432354002,1073.0874294174,913.5743187954,1216.2911671734
408259,G06007312,medium,False,2466.584,0.7130643653791515,1023.1914397600015,1192.1034765999966,1023.1960867200003,1003.97527762,910.64101052,1798.50096092,1452.33815172,2573.78190782
408342,G06007317,medium,False,3109.8410000000003,0.7130643653791515,1290.3532996800002,1426.3490608099937,1290.3598794299999,1266.12068493,1148.42315323,1980.1687589299997,1623.22446053,2669.94651643
408472,G06007328,medium,False,4931.198,0.8407500276235722,2139.8495409218626,2171.7496981541885,2139.8605568818675,2101.355667281867,1914.3683897818669,2586.563595581867,2198.9604755818673,3033.283186181867
408507,G06007327,high,False,3248.642,0.7130643653791515,1343.8158116800003,1472.6874321199998,1343.81914786,1318.5608295599998,1195.9087712599999,2016.2453665599999,1657.1035818599998,2688.6327447599997
40966,G06007328,medium,False,7934.528,0.7130643653791515,3712.867960020001,3558.7826738994313,3712.901805649999,3650.071045849999,3344.9852830499995,3745.2521337499993,3305.4135506499997,3777.662171949999
409676,G06007323,low,True,4526.306,0.7130643653791515,1216.0131383860942,1258.7946133021712,1216.0219892938928,1193.684241014893,1085.2301885668926,1276.583383370893,1106.646829256893,1337.137177694893
409740,G06007311,medium,False,10974.336,0.7130643653791515,5367.850964258141,5012.90650100524,5367.908804688132,5281.145536088132,4859.8529026881315,4992.403614588131,4501.207469888132,4616.910019688132
409766,G06007316,medium,False,6845.495,0.7130643653791515,3124.4583376981295,3035.779802085241,3124.4739974881327,3071.017217188132,2811.4516630881317,3316.470102888132,2896.7449017881318,3508.4223924881317
409951,G06007313,medium,False,4851.0869999999995,0.8407500276235722,2040.3190395410165,2082.6802759196885,2040.3282689310172,2002.6648207310168,1819.780439631017,2501.385473231017,2115.593167931017,2962.412317531017
410016,G06007302,high,False,12924.965,0.8407500276235722,6115.466392236266,5659.993192891053,6115.491074326266,6014.475744526265,5523.973746526265,5497.169402526265,4975.256003826265,4878.845673626265
410019,G06007314,low,True,4341.619,0.7130643653791515,1149.3682613710275,1192.9745821505012,1149.3735734428303,1128.04309348183,1024.4724534628303,1227.0606020668301,1059.2846851798304,1304.7201528628302
410119,G06007325,high,False,9391.697,0.8407500276235722,4450.036302519999,4202.20058217943,4450.07142245,4376.287012449999,4018.1029324499996,4296.012414749999,3832.6417681499997,4141.914197949999
410206,G06007302,low,True,432.012,1.4172145412832236,112.2834656916012,182.61233306400095,112.2837304428,110.1723018228,99.91809623879999,517.4314837068,390.94755608279996,922.5768429708
410269,G06007330,medium,False,3709.2689999999993,0.7130643653791515,1527.3562482194982,1632.6754147298693,1527.356602909491,1498.6253477094906,1359.089755609491,2140.5337590094905,1773.9224429094907,2753.6592979094908
410285,G06007328,medium,False,7017.67,0.8407500276235722,3212.7016839399985,3117.7856181194306,3212.734648649999,3157.316967849999,2888.3104260499995,3371.615956049999,2947.7217578499994,3530.4956369499987
410348,G06007301,medium,False,9620.587,0.7130643653791515,4618.896247728126,4351.1259500552405,4618.930570488132,4543.286282788131,4175.9754084881315,4432.897298088132,3965.5203723881323,4246.897331788132
410439,G06007328,high,False,5922.932000000001,0.8407500276235722,2588.7711422999946,2564.7458319794296,2588.782939049999,2542.6486899499987,2318.632895949999,2905.5035239499985,2501.514618349999,3222.163110049999
410497,G06007310,high,False,4551.248,0.7130643653791515,1931.799669328979,1988.1312973891713,1931.811484908981,1896.385487108981,1724.4012187089809,2431.110220508981,2050.145554708981,2930.3936473089807
410646,G06007326,low,True,1316.127,0.7130643653791515,359.27105354910066,425.26539651400077,359.27418933629997,352.5869898243001,320.0962020543,686.4209330313,550.1079845552999,1013.5846175523
410770,G06007324,medium,False,9185.308,0.7130643653791515,4419.967595028136,4179.914563175239,4420.000552288133,4347.305227688132,3994.3231849881317,4284.282361688132,3823.256166588132,4148.601816088131
410779,G06007326,low,True,6775.118,0.8407500276235722,1938.9339757863454,1960.97085416116,1938.9343683456448,1905.8059739556443,1744.9449149466445,1815.6214615746444,1622.4669119046443,1692.3035371056444
410809,G06007326,low,True,8201.492999999999,0.7130643653791515,2476.029618170727,2494.3753446606697,2476.0638527235233,2434.8399984015227,2234.7009278925234,2214.928373512523,2004.461569183523,1953.8289137955235
410839,G06007306,low,True,2967.103,0.8407500276235722,782.4134965059001,836.3565667099974,782.4210941547,767.7490770746999,696.5095862277,973.5634141617,820.1021396726999,1164.6987314037
410923,G06007312,high,False,3537.508,0.7130643653791515,1498.7824837400003,1611.6165387599976,1498.79633704,1470.8958800399998,1335.42035794,2126.24672734,1761.45337034,2753.70582824
410929,G06007315,low,True,12971.429,0.7130643653791515,4088.1570365589196,4070.1917010266716,4088.2108812855236,4023.0446005185236,3706.6811504235234,3419.292748936523,3157.394557810524,2750.4808023945234
410950,G06007313,medium,False,7635.929,0.8407500276235722,3549.403419979996,3414.4722677594273,3549.43355205,3489.026040049999,3195.7260777499987,3623.1374809499994,3188.501866249999,3696.8985894499992
411157,G06007326,low,True,11506.448,0.8407500276235722,3559.1613004950245,3548.765013335668,3559.1955339075234,3501.899111332523,3223.6752095655224,3024.0997695945234,2779.064779333523,2489.083372555523
411228,G06007301,high,False,2956.54,0.7130643653791515,1232.535620119998,1376.3665716400003,1232.5447915999998,1209.4125402,1097.0978386,1941.2437682,1586.6845578,2649.9192980999997
411252,G06007313,low,True,3234.068,0.8407500276235722,861.1874907741,914.295117630999,861.1978087692003,845.0804563362001,766.8222357222,1027.7238640332,871.1596133742,1194.2539635192002
411266,G06007314,high,False,6990.142,0.7130643653791515,3238.4492774781306,3140.1726029452398,3238.475097488132,3183.3208176881317,2915.510276888132,3401.6036265881316,2978.2478846881313,3564.772113488132
41129,G06007330,high,False,614.428,0.7130643653791515,259.6827589899988,523.4004613899999,259.68485404,254.82709424000004,231.22703304,1279.70520794,964.4038530400001,2299.7277745399997
411408,G06007307,high,False,5071.174,0.8407500276235722,2218.3112724318667,2243.6490150741915,2218.3328207518666,2178.3401225518674,1984.172135251867,2639.845495151867,2249.0697850518673,3061.385819551867
41162,G06007328,high,False,12125.732,0.8407500276235722,6031.823127980007,5607.459782839433,6031.914324249999,5934.652985849999,5462.3769641499985,5477.618803849999,4963.926593349998,4923.4692390499995
411623,G06007313,medium,False,9920.809,0.8407500276235722,4768.303808849998,4486.060905689431,4768.336997649999,4689.845158549999,4308.682147649998,4533.745037349999,4060.2554161499993,4299.183151049999
411899,G06007325,medium,False,6652.769,0.8407500276235722,3041.1999239999996,2969.6876609594306,3041.2218468499996,2988.3744857499987,2731.708210249999,3243.4678260499995,2825.0841631499993,3445.723528949999
412102,G06007308,high,False,6278.966,0.8407500276235722,2782.4197670599997,2735.48016013943,2782.4354696499995,2733.427167249999,2495.4506714499994,3050.1695627499994,2640.011002849999,3317.8467159499987
412154,G06007316,medium,False,3639.992,0.7130643653791515,1499.1500600699997,1608.0373532499973,1499.15140096,1470.95176876,1333.99725116,2121.3862857599997,1755.9180139600003,2743.57483836
41243,G06007301,medium,False,5685.551,0.7130643653791515,2524.8630169296575,2510.2534738456293,2524.8774433996587,2480.3843742996582,2264.3360273996586,2869.6025117996587,2469.141327699659,3214.338556999659
412549,G06007326,low,True,6496.372,0.8407500276235722,1866.3970836408223,1894.069103839668,1866.4154377395232,1834.2437798085232,1678.0624551735232,1759.504692415523,1568.4500285055233,1652.6072740485233
412598,G06007310,medium,False,7059.999,0.7130643653791515,3280.645493298639,3177.7705649353693,3280.6706775786415,3224.904268478641,2954.081627978641,3433.249467578641,3008.576665078642,3585.8897802786405
412717,G06007324,low,True,3762.8230000000003,0.7130643653791515,973.3023479025,1019.662818272,973.3010395815,955.0111033575,866.1887230814999,1102.7466834285,941.4857486864998,1232.1675793635
412740,G06007328,high,False,5478.5779999999995,0.8407500276235722,2359.857485879991,2364.448500979435,2359.8679554499995,2317.1320999499985,2109.6118077499987,2734.486241849999,2337.796068349999,3109.0534147499993
412883,G06007306,medium,False,4276.709999999999,0.8407500276235722,1774.1982944994922,1850.0286628393,1774.2062706694903,1740.93282536949,1579.36418276949,2310.06107006949,1933.7046041694903,2845.87201546949
412962,G06007315,low,True,4158.4490000000005,0.7130643653791515,1104.7202161254015,1149.9698711620003,1104.7249597104003,1084.2392325114,984.7596790584,1196.7841072074002,1030.8190388214002,1288.8301941744
412983,G06007308,high,False,15124.43,0.8407500276235722,7472.172044679993,6854.81736935943,7472.22589625,7353.584383049998,6777.549711949999,6553.753288549999,5993.997594949999,5635.2834543499985
413118,G06007302,high,False,6993.275,0.8407500276235722,3011.710477257447,2939.0742629982083,3011.745208477453,2956.8245081774526,2690.175900677453,3178.846930077453,2756.026816177453,3345.913817877453
413237,G06007301,medium,False,5244.237999999999,0.7130643653791515,2272.2801403981343,2286.8313604452483,2272.287134888132,2231.4821412881324,2033.3481899881317,2679.836129488132,2287.289254188132,3087.3227143881318
41325,G06007308,high,False,5515.826999999999,0.8407500276235722,2386.0410367800014,2388.24006623943,2386.0589364499992,2342.9290560499985,2133.516719649999,2754.039318949999,2356.513573149999,3121.997533149999
413706,G06007316,medium,False,5230.585999999999,0.7130643653791515,2267.517173188122,2282.9759802752355,2267.5268740881324,2226.792448888132,2029.0010431881324,2676.273696788132,2283.884917788132,3084.9634472881316
413771,G06007322,high,False,2754.1020000000003,0.7130643653791515,1142.5291235299962,1296.6994027500007,1142.5331752600002,1121.0705089600003,1016.8519260600001,1879.64620956,1528.6643630600001,2616.7298557599997
413810,G06007315,high,False,4777.285,0.7130643653791515,2066.1431431389797,2109.46785522917,2066.166343018981,2028.5686506189809,1846.0382063189809,2528.475553718981,2142.858818818981,2990.780923418981
413868,G06007312,medium,False,816.76,0.7130643653791515,337.0070720000021,590.3644688800002,337.00796519999994,330.67077919999997,299.89489679999997,1331.8383563999998,1013.3562383999999,2326.6616243999997
413919,G06007315,medium,False,3352.861,0.7130643653791515,1390.372945960004,1513.930824109996,1390.3796734300004,1364.25865393,1237.42286173,2048.12005283,1687.13210583,2705.82540013
413933,G06007328,high,False,16805.958,0.7130643653791515,8299.350698819999,7573.297309139425,8299.391334249998,8168.473499049998,7532.8411950499985,7171.720961949998,6585.583014049998,6044.022868249998
413988,G06007316,low,True,6523.321,0.7130643653791515,1872.247589520923,1899.3222315166663,1872.2584484655229,1840.0153516845228,1683.4134284025233,1763.8657611975232,1572.659760073523,1655.4616978305232
413993,G06007324,medium,False,6273.032,0.7130643653791515,2827.3884824481315,2775.591363595241,2827.4060832881314,2778.3559780881315,2540.204653488132,3094.535370088132,2684.2904942881314,3361.6221002881316
414123,G06007316,low,True,1002.402,0.7130643653791515,264.78218777850014,331.60124792900064,264.78250864380004,259.82220307679995,235.7186769378,621.3432001818,488.7355088838,977.9059354398
41424,G06007315,medium,False,9806.529999999999,0.7130643653791515,4633.674160368133,4354.187052215239,4633.685841488132,4557.829927788132,4189.499881888132,4443.976618388132,3976.1019940881324,4254.191349188131
414346,G06007306,medium,False,9522.739000000001,0.8407500276235722,4534.130360849998,4277.543447709424,4534.155018049999,4459.146916849999,4094.8701880499984,4358.795062449999,3892.7829995499997,4183.459001849999
414464,G06007301,high,False,14366.086,0.7130643653791515,7196.234131358127,6622.352138745244,7196.320017088132,7082.398201888131,6529.294678588132,6358.320138788131,5808.813708788132,5520.405750588132
414536,G06007326,medium,False,13282.139,0.8407500276235722,6485.594417498134,5981.944681165245,6485.620555088133,6382.272181088132,5880.433378088132,5827.483203288131,5300.535023188132,5169.327134588131
414542,G06007310,low,True,607.766,0.7130643653791515,161.06691473459898,230.49239901800024,161.06728666140003,158.0514594624,143.3991552084,550.7888646504,422.36138778239996,940.5126862584001
414639,G06007315,high,False,3234.202,0.7130643653791515,1346.8799263700018,1476.5037669299998,1346.88789446,1321.60577846,1198.8443934600002,2018.9326104599998,1659.74915006,2690.9479542599997
414812,G06007329,low,True,13790.427,0.7130643653791515,4258.027010454924,4222.133096646667,4258.041729661522,4190.370974425523,3861.8115232965224,3546.2480659425237,3278.8907649855228,2834.4272284965227
415054,G06007310,medium,False,12844.668,0.7130643653791515,6359.57636462813,5883.6794281952425,6359.628300288132,6258.131028888132,5765.330942588131,5733.312817188131,5210.400673788133,5107.072037988131
415242,G06007312,high,False,7191.26,0.7130643653791515,3389.5830737081337,3278.307810215237,3389.622346488132,3332.223685588132,3053.5032440881323,3514.4963322881317,3086.350672888132,3639.430329788132
415376,G06007312,medium,False,3944.5560000000005,0.7130643653791515,1642.6091895594893,1735.7901389898673,1642.6206455294912,1611.7908177294912,1462.1122727294912,2220.2011100294912,1849.1041507294913,2797.7452111294906
415400,G06007302,high,False,8869.665,1.0497359105206039,3991.4493066962677,3797.7032357710514,3991.466123326265,3921.9858844262644,3584.5881951262645,3910.380463426265,3456.2248656262645,3829.252922126265
415529,G06007315,low,True,4025.112,0.7130643653791515,1050.3752198187206,1096.2073212506937,1050.37976495372,1030.64224345772,934.80171660572,1155.1921406727201,990.83546713772,1259.97800334572
41557,G06007313,high,False,3578.6000000000004,0.8407500276235722,1560.0779445511869,1664.335051487159,1560.0879685411883,1532.0102878411883,1395.6533115411878,2184.474708441188,1819.2765211411881,2808.906489141188
415570,G06007306,high,False,13947.405999999999,0.8407500276235722,6959.011402159992,6416.913449119422,6959.09428745,6848.041891749998,6308.953336849999,6170.352796949998,5626.985069849999,5381.725969149999
415640,G06007301,high,False,6227.763000000001,0.7130643653791515,2837.094728858125,2787.8277255252365,2837.1058122881323,2787.919907888132,2549.040607888132,3101.769282688132,2691.2237201881317,3366.434511588132
415647,G06007306,high,False,9566.491000000002,0.8407500276235722,4633.363456240002,4374.250559099434,4633.4218904499985,4556.928883649999,4185.463846549998,4432.905868749998,3963.739604049999,4232.497359249999
41575,G06007307,low,True,370.51099999999997,0.8407500276235722,96.26144031000064,167.0128357730003,96.26170965389997,94.4513909829,85.65972561089998,506.54134407090004,380.70472878389995,916.8189288459
415819,G06007311,low,True,5538.5740000000005,0.7130643653791515,1551.3506637351213,1587.5143065286688,1551.3739653435234,1523.8857774975233,1390.4189599155231,1524.1330258155235,1343.1626456535232,1496.8838346735233
415948,G06007302,high,False,7693.551,0.8407500276235722,3358.9106676362603,3241.0668867710465,3358.922969126265,3298.831327726265,3007.039348526265,3437.8363355262645,3003.854246026265,3516.6803776262645
416053,G06007308,low,True,5078.488,0.8407500276235722,1361.1873883663502,1399.4551973305915,1361.194018032751,1336.241546922751,1215.0817555897509,1377.159937521751,1201.5986785177508,1393.091539776751
416079,G06007310,medium,False,886.3499999999999,0.7130643653791515,365.1232381900016,614.922343349999,365.12388130000005,358.25593380000004,324.9012496000001,1350.9045397,1031.2812118,2336.6761668999998
416117,G06007324,high,False,7679.155000000001,0.7130643653791515,3590.377271918123,3447.925881905235,3590.4119574881324,3530.024254588132,3236.8793726881318,3664.545794688132,3229.978014188132,3738.6291288881316
416211,G06007330,high,False,13748.216000000002,0.7130643653791515,6828.236103088131,6294.3154097952465,6828.2897114881325,6719.850724788132,6193.264405388132,6083.418341088132,5545.584919788132,5338.631114988131
416260,G06007301,medium,False,6194.281999999999,0.7130643653791515,2774.7568090981335,2728.0674901852417,2774.764314288132,2726.5059046881315,2492.1506031881318,3055.219549488132,2646.656052188132,3335.6084536881317
416334,G06007330,medium,False,6379.2699999999995,0.7130643653791515,2874.7336053681333,2815.9223768752427,2874.7415128881316,2824.9992948881313,2583.420068588132,3129.8886102881315,2718.1304555881316,3385.0392991881317
416399,G06007314,high,False,2482.39,0.7130643653791515,1045.0442277299971,1213.1035662899965,1045.0505961000001,1025.4827355,930.4336957,1814.3746135,1467.4638031,2583.7055369
41646,G06007315,high,False,8788.287,0.7130643653791515,4196.663839898132,3982.566489725243,4196.708476488131,4127.320748888133,3790.448886288132,4117.458782288132,3663.558624188132,4038.240327688132
416708,G06007310,medium,False,4135.611000000001,0.7130643653791515,1719.705110499316,1802.383425752959,1719.717118749321,1687.5309353493208,1531.2483713493207,2274.109631549321,1900.100978449321,2828.469766149321
416768,G06007315,high,False,5836.543,0.7130643653791515,2578.931351838132,2554.997947715235,2578.9340486581323,2533.6244148581322,2313.550268658132,2909.474257758132,2507.2585629581317,3239.9309991581317
41682,G06007315,high,False,7977.081,0.7130643653791515,3764.983492728132,3603.0287087352417,3765.0178592881325,3702.0312727881314,3396.285534388132,3794.988394888132,3354.8292508881323,3824.9478704881317
41744,G06007316,medium,False,5318.789,0.7130643653791515,2323.383714238642,2332.27043264594,2323.392554458642,2281.912046058642,2080.501544858642,2719.4735382586423,2325.4737545586418,3115.540870758642
417904,G06007316,low,True,2650.746,0.7130643653791515,699.3123900273026,755.3359318750012,699.3184471434001,686.2049479404001,622.5386440644,917.0375738124001,766.9223097744,1134.7467459144
417986,G06007312,high,False,10652.79,0.7130643653791515,5273.542899948128,4938.936566975244,5273.6259186881325,5188.226024588132,4773.700253488132,4921.948048088132,4433.717886888132,4570.375632688132
418149,G06007317,medium,False,11505.43,0.7130643653791515,5611.850161568129,5222.635164875235,5611.889375288132,5521.505341888131,5082.626407388132,5174.715101688133,4675.667956788132,4737.550310788132
418154,G06007325,medium,False,7941.934,0.8407500276235722,3723.670686759998,3568.969983719432,3723.695700049999,3660.712628449998,3354.8446373499983,3753.325496149999,3313.1497007499993,3782.994339249999
418346,G06007330,medium,False,9643.08,0.7130643653791515,4672.028503208128,4402.696076075248,4672.063236888132,4595.640372788133,4224.475361088131,4472.576747888132,4003.527201488131,4273.143509188132
418451,G06007310,low,True,8888.603,0.7130643653791515,2675.247435250822,2684.7899471576693,2675.2717170195233,2631.090510334522,2416.608685315523,2363.783861335523,2146.936442584523,2052.283165306523
418474,G06007310,high,False,7817.454,0.7130643653791515,3656.251169728131,3504.8331079752384,3656.278181088131,3594.923399988132,3297.011475588132,3713.7418129881316,3277.061768988132,3771.210298688132
418564,G06007322,high,False,12035.087,0.7130643653791515,5878.952862828135,5455.788871775238,5878.997316288132,5784.647056088132,5326.538199688133,5374.271601588132,4866.727171988132,4869.492853688132
418580,G06007325,high,False,11420.623,0.8407500276235722,5535.06603966,5156.5720430994315,5535.12361805,5445.238132249999,5008.832628349999,5106.568776249998,4608.646458249999,4678.028240549999
41869,G06007301,high,False,6695.362,0.7130643653791515,3068.513232728144,2989.5940964152373,3068.545317888132,3015.9151352881318,2760.379374688132,3274.6558467881323,2856.753456888132,3480.739820488132
418759,G06007328,high,False,10742.581999999999,0.8407500276235722,5140.511637219992,4805.86133245943,5140.546810049999,5056.531402749999,4648.590737549999,4811.837751349999,4326.493399749999,4483.044121949999
41896,G06007324,low,True,9088.744,0.7130643653791515,2718.1975459704245,2723.6989712136674,2718.2172434055233,2673.4067770335237,2455.835117077523,2395.8700936605233,2177.653617373523,2073.5003119215235
419104,G06007302,high,False,9402.101,0.8407500276235722,4294.411416606264,4066.15758648105,4294.432143126265,4220.459951326265,3861.1989918262652,4136.687655926265,3672.882222326265,3978.970282726265
419240,G06007310,low,True,3570.631,0.7130643653791515,930.2459650974004,979.0155213930005,930.2488518519001,912.7634601519001,827.8534043829,1073.4181129838998,913.8986226039,1216.5615648429
419313,G06007311,low,True,5516.381,0.7130643653791515,1550.3472130413638,1585.9138000552507,1550.360787128465,1523.0202670614647,1390.2727236294647,1525.691594792465,1345.0088057244652,1501.0362715914653
419422,G06007314,low,True,5674.986000000001,0.7130643653791515,1598.4330014823256,1633.3489547586698,1598.4442927455234,1570.2575447085235,1433.386530190523,1559.3152478625234,1376.8121593485234,1520.1921679455231
419473,G06007302,high,False,15851.662,0.8407500276235722,7661.798024956263,7018.289000471052,7661.842911126266,7537.874486526264,6935.936058226265,6652.416180926265,6081.208235626265,5642.888032326265
419609,G06007302,medium,False,4022.0209999999997,1.4172145412832236,1800.5881684289866,1881.8333156297388,1800.610354878982,1768.2342162789819,1610.9995884789819,2351.802409078982,1977.3975685789821,2903.0923928789816
419649,G06007314,low,True,8411.199999999999,0.7130643653791515,2576.667099345023,2596.5658233376676,2576.701489627523,2533.985927101523,2326.5685692825227,2290.104180715523,2076.4190624625235,2003.5834501305235
419723,G06007308,medium,False,6080.853,0.8407500276235722,2674.544089778133,2639.3517612752353,2674.5468919981317,2627.2693663981313,2397.644258998132,2971.5867746981316,2565.1324122981314,3268.5377116981317
419850,G06007324,low,True,6652.51,0.7130643653791515,1894.1743887936218,1918.0214637816669,1894.1798969655233,1861.610147578523,1703.4359536455229,1780.2638305425235,1588.3286114115235,1666.3179935325234
419944,G06007313,medium,False,3130.5159999999996,0.8407500276235722,1298.7716526300019,1433.689668849996,1298.77751428,1274.3794870800002,1155.91093228,1985.8825872799998,1628.5957962800003,2672.95578468
419987,G06007323,high,False,4010.6720000000005,0.7130643653791515,1719.6955409799994,1805.9818108199975,1719.7110147200005,1688.0365489199999,1534.2484359200002,2282.91069452,1910.00696472,2846.11830612
420057,G06007311,medium,False,7593.9259999999995,0.7130643653791515,3527.4189303281332,3390.430874255238,3527.439432888132,3468.001980788132,3179.3797079881324,3617.497715588132,3184.9253209881317,3707.547845788132
420546,G06007325,medium,False,3560.583,0.8407500276235722,1478.032532490003,1590.938538579999,1478.04021569,1450.27423739,1315.4728052900002,2107.82713979,1743.3047863900001,2737.57132009
420811,G06007314,medium,False,3451.224,0.7130643653791515,1436.3679755200005,1554.8526746600014,1436.3759903199998,1409.40929582,1278.4748686199996,2079.7413130200002,1716.93770742,2723.0764488199998
42097,G06007315,high,False,960.0360000000001,0.7130643653791515,403.05809240000025,649.0460979800007,403.06180267999997,395.50784398,358.8302363800001,1377.18826258,1056.09715878,2351.31693998
421098,G06007314,medium,False,8933.23,0.7130643653791515,4236.3452519981365,4012.963488925238,4236.371717288133,4166.406988888131,3826.695050588132,4147.124158288132,3691.954757988132,4057.8352777881323
421286,G06007314,low,True,3459.127,0.7130643653791515,900.0662700518991,949.4750916840023,900.0682344423,883.1458803573,800.9693194293001,1052.8300948142996,894.5185145222999,1205.5647317523
421378,G06007307,medium,False,3643.4300000000003,0.8407500276235722,1508.4006741100004,1617.0893041699997,1508.4075775,1480.0598429,1342.4115419,2128.1996398,1762.4283689000001,2747.9503397
421424,G06007313,high,False,11401.197,0.8407500276235722,5590.716899549997,5212.94131906943,5590.785318049999,5500.051311249998,5059.607585849999,5148.146899749999,4648.424259149999,4705.575564949999
421502,G06007315,medium,False,9307.628,0.7130643653791515,4430.726014688131,4183.398882015238,4430.759328088132,4357.906838988132,4004.190866888132,4292.343886988132,3830.979171688132,4153.873462688132
421668,G06007311,high,False,13224.885999999999,0.7130643653791515,6520.202306608133,6019.867381275246,6520.245821888131,6416.364747388132,5912.011841488133,5853.331000488131,5325.286725288132,5186.435656288132
421800,G06007307,low,True,3806.1710000000003,0.8407500276235722,983.7919221858023,1030.1361565390002,983.7912231819001,965.2734633969,875.3270471379,1109.2869192369,947.5390433828999,1234.7479630239
421901,G06007317,medium,False,4243.031000000001,0.7130643653791515,1789.2485843799996,1865.3503323600005,1789.2635175600003,1755.9989505600001,1594.4783971599998,2325.3052159599997,1948.97682346,2861.3291735599996
421984,G06007317,medium,False,11435.769,0.7130643653791515,5710.308729938133,5324.75502814524,5710.371172688132,5618.506133088131,5172.465639488131,5248.238734588131,4746.066726788132,4786.237938088132
422069,G06007314,medium,False,7082.664000000001,0.7130643653791515,3289.0846037281294,3184.9065994152393,3289.119922088132,3233.199218888132,2961.7559416881318,3439.4488979881316,3014.4740496881313,3589.781541788132
422361,G06007310,medium,False,9127.984999999999,0.7130643653791515,4317.4516488181325,4081.783853285239,4317.4712346881315,4246.317295888131,3900.764349288131,4207.716329888131,3749.9690101881315,4097.895989388131
422430,G06007310,high,False,8789.035,0.7130643653791515,4175.282028248128,3961.1000133552398,4175.308247288132,4106.254293588132,3770.922144388132,4101.487758588131,3648.2632330881315,4027.6831793881315
42256,G06007324,high,False,6943.168,0.7130643653791515,3176.104280218134,3081.07727352524,3176.120799488132,3121.8952686881316,2858.6069927881317,3355.052563188132,2933.6789543881323,3533.9457219881315
422755,G06007330,medium,False,3213.708,0.7130643653791515,1333.2082984500007,1463.872294909998,1333.2134098400002,1308.1716973400003,1186.56048594,2009.28795644,1650.62032114,2685.32583034
422887,G06007315,high,False,7184.557000000001,0.7130643653791515,3270.711668028133,3160.2501592752405,3270.731992888132,3215.1223232881316,2945.0386323881316,3425.691350088132,3001.4064912881313,3580.578268188132
422938,G06007329,high,False,11216.279,0.7130643653791515,5454.909678598136,5084.131559005244,5454.928984688133,5366.891806188132,4939.3210745881315,5057.4712217881315,4563.438070088131,4659.994817088133
422954,G06007330,low,True,5076.885,0.7130643653791515,1360.8913967574233,1396.6303976556687,1360.892138563523,1336.236908887523,1216.5079018605231,1381.869397777523,1206.9322511715231,1402.8072535785232
423003,G06007316,low,True,1778.34,0.7130643653791515,463.5096367419001,524.6318384650009,463.51153081800004,454.7998998900001,412.49590521299996,756.190724214,615.525698757,1048.858506105
423076,G06007314,high,False,3384.779,0.7130643653791515,1406.0966536900028,1528.0071096800039,1406.10425737,1379.69727597,1251.4744018699998,2058.97659657,1697.3777465699998,2711.81376917
423210,G06007315,high,False,18841.915,0.7130643653791515,9572.95511450813,8710.285603635239,9573.053592288134,9423.826342788132,8699.397541488132,8133.939314088131,7508.546891388131,6694.930338288132
423265,G06007315,medium,False,4942.326,0.7130643653791515,2137.303555759322,2168.361853022971,2137.311839779321,2098.864336279321,1912.1846475793209,2585.0752646793208,2197.587948179321,3032.821017679321
423297,G06007302,high,False,12464.858,0.8407500276235722,6029.805480356265,5603.838812731056,6029.891445726265,5930.110702026264,5445.738857526265,5433.137363226265,4914.016672126265,4836.477751726265
423500,G06007330,high,False,3268.789,0.7130643653791515,1349.9678918800014,1477.8301184099982,1349.97195447,1324.59104897,1201.33655967,2020.2760107699999,1660.8751469699998,2690.54174377
423502,G06007323,medium,False,10102.420999999998,0.7130643653791515,4830.179364648131,4531.511211315239,4830.203361888132,4751.420779688131,4368.903802688132,4590.7723565881315,4116.618587588132,4351.319992088132
423620,G06007324,high,False,8706.329,0.7130643653791515,4097.864598938131,3889.017142925241,4097.883999888132,4029.9764144881315,3700.230624188131,4043.6558764881315,3592.8689234881313,3989.461984088132
423656,G06007316,low,True,7992.536,0.7130643653791515,2381.6789819097207,2398.846038354664,2381.6984607915233,2341.8791676555234,2148.5446534995235,2144.451716527523,1936.9689718995228,1907.233175599523
423684,G06007325,low,True,3920.5,0.8407500276235722,1037.0446911159424,1084.477376395183,1037.0497203114414,1017.6761927184413,923.6029379604414,1148.0874897294414,984.512670764441,1259.1203270034412
423716,G06007327,high,False,10323.164,0.7130643653791515,5089.060883378126,4775.334529345244,5089.120911088132,5006.474910588133,4605.220485288131,4784.111936288133,4301.739334888132,4479.272424488132
423926,G06007327,low,True,11194.147,0.7130643653791515,3460.7573276271255,3453.441814196666,3460.7978050515226,3404.946960064522,3133.8289410045227,2950.6001385645227,2708.695971733523,2440.455752878523
423979,G06007324,medium,False,9516.633,0.7130643653791515,4555.573954458141,4294.566820745242,4555.569771888133,4480.909563888132,4118.156433188131,4385.607912388132,3920.2643996881316,4215.584582788131
424005,G06007310,medium,False,6959.85,0.7130643653791515,3197.0382099581343,3101.2150327052427,3197.0742650881316,3142.543385788131,2877.750582188132,3370.6595079881317,2948.692053988132,3544.210223288132
424146,G06007330,low,True,5061.105,0.7130643653791515,1370.0729182191237,1407.4903933126695,1370.0773548555233,1345.2837733365232,1224.8889528255231,1388.726230270523,1213.502834596523,1407.3396572235233
424188,G06007317,high,False,12397.886999999999,0.7130643653791515,6051.894397558128,5605.3177305052395,6051.921012888131,5955.022624288133,5484.419049088132,5503.456884088131,4990.359246988132,4955.014381088132
424260,G06007316,low,True,1718.167,0.7130643653791515,466.53110970479906,529.6776362430032,466.53198701130003,457.88479903530003,415.84805634329996,760.1931658803001,619.6610363403,1053.8733441003
424273,G06007322,high,False,3973.5820000000003,0.7130643653791515,1649.0090543199976,1740.7487505799982,1649.01655046,1618.0391365600003,1467.6318981600002,2224.0478878599997,1852.62296596,2799.04194036
424276,G06007302,low,True,6280.566,0.8407500276235722,1674.0222813769115,1706.1993706744072,1674.0332780647097,1642.9347674887094,1491.9320230087096,1585.3022985967095,1396.5417277747097,1496.5550023177095
424283,G06007317,medium,False,4100.924,0.7130643653791515,1708.1457101488163,1791.6393449822685,1708.155616838811,1676.3210310388108,1521.7454834388109,2268.5316177388113,1895.2739686388109,2828.862889638811
42448,G06007317,medium,False,4997.001,0.7130643653791515,2146.345048378129,2176.8642309252496,2146.354713488132,2107.4199920881315,1918.3609545881318,2585.7460628881317,2197.225537088132,3025.085230488132
424591,G06007306,high,False,3808.251,0.8407500276235722,1635.7762175711846,1732.129234107159,1635.7989987611882,1605.776855061188,1459.975758461188,2227.011231061188,1857.6662947611878,2818.2611836611877
424598,G06007316,medium,False,7465.369,0.7130643653791515,3503.7250785681304,3374.727112015239,3503.7560872881318,3444.657306788132,3157.727191588132,3599.790985288132,3167.975493688132,3695.851838088132
424763,G06007329,high,False,7355.106,0.7130643653791515,3456.235873388131,3333.970052855238,3456.2511830881317,3397.877390988132,3114.346997388132,3564.2883948881317,3134.0112431881316,3672.3864003881317
42491,G06007314,medium,False,9847.18,0.7130643653791515,4721.653784168131,4439.219615295244,4721.678060888133,4644.513583088132,4269.805265688132,4509.675570788131,4039.018321288132,4297.670524588132
42535,G06007316,medium,False,7627.794,0.7130643653791515,3572.3290553581305,3433.0984687452387,3572.362728288132,3512.2481709881317,3220.382125588132,3651.042340388132,3217.045204588132,3729.736671888132
426115,G06007326,high,False,5259.91,0.8407500276235722,2311.4866260081385,2325.2295916152357,2311.5205286881323,2270.127845388132,2069.1597308881323,2709.0932675881313,2315.346168288132,3106.650427788132
426196,G06007330,low,True,6873.014,0.7130643653791515,1992.9206366484234,2017.6734315256676,1992.938599819523,1958.888250010523,1793.589590890523,1854.034288492523,1658.9406937005228,1715.1270469725232
426206,G06007310,high,False,5780.927,0.7130643653791515,2582.8916045081346,2562.720114655242,2582.9100170881325,2537.4877010881323,2316.952280588132,2911.873825388132,2509.429323288132,3240.8100349881315
426301,G06007314,high,False,8137.642999999999,0.7130643653791515,3873.3443098981356,3700.6306241052384,3873.3689906881314,3808.799908188132,3495.194984688131,3875.8843843881314,3432.303955788132,3878.5071787881316
42634,G06007315,low,True,4514.468,0.7130643653791515,1205.282883034954,1248.7986153105903,1205.293758850951,1182.965434174951,1074.5633731069508,1266.030118165951,1096.119366142951,1326.749325667951
426564,G06007317,medium,False,7708.258,0.7130643653791515,3563.94162042813,3419.6425434552402,3563.9482214881314,3503.9788397881316,3212.739654888132,3644.8004444881317,3211.0639526881323,3725.579375088132
426570,G06007329,high,False,6676.73,0.7130643653791515,3096.6076634188116,3017.808758142268,3096.630330228811,3043.651162928811,2786.3536346288115,3296.694904828811,2878.013448428811,3496.8320843288107
42683,G06007326,low,True,1920.836,0.7130643653791515,521.4075013224013,583.6761388080002,521.4162316104,511.6897062144001,464.4901607094,796.9383719184,654.1068863334001,1072.4789912604
427022,G06007301,high,False,4078.804,0.7130643653791515,1691.4441564994897,1777.6372615498678,1691.4478652494906,1659.6865324494909,1505.462104749491,2253.092169449491,1879.974212749491,2814.692173749491
427139,G06007310,medium,False,3020.357,0.7130643653791515,1252.4353010600003,1392.9891946299983,1252.4392163100001,1228.9118695099999,1114.65599431,1954.33330441,1598.91316681,2656.19826431
427253,G06007322,medium,False,7233.072,0.7130643653791515,3306.994008438131,3193.4788335652424,3307.003864288132,3250.852019088132,2978.127082588132,3452.824792488132,3027.2883993881323,3598.612971888132
427339,G06007314,low,True,5747.7,0.7130643653791515,1571.5587368364218,1600.3688866656678,1571.5508842455233,1543.773690829523,1408.8590372355234,1539.258378988523,1357.5894101595231,1506.921297199523
427565,G06007314,low,True,2694.719,0.7130643653791515,712.5458931863999,768.4683839909999,712.5513223311,699.1985311101,634.3535018331,926.1479431371,775.5130672581,1139.7460404741
427811,G06007315,low,True,5125.749,0.7130643653791515,1450.0261597374,1490.942536936999,1450.0363842405004,1424.2916517165,1299.2518647675,1452.4575579974999,1275.2042875185,1454.9067560445
427980,G06007325,high,False,7868.7699999999995,0.8407500276235722,3629.8709513699996,3480.3266393494296,3629.8924742499994,3568.3041683499987,3269.2317671499986,3683.267602149999,3246.0808737499992,3736.617858649999
428001,G06007315,low,True,7119.087,0.7130643653791515,2046.2995041855227,2065.9736495266666,2046.3092420955231,2011.4740804335233,1842.3389993325231,1893.916039009523,1697.121197509523,1741.4953815945232
428014,G06007312,medium,False,5708.834,0.7130643653791515,2535.3135078181326,2519.875929225239,2535.333783488132,2490.6176226881316,2273.5161839881316,2876.326333088132,2475.4034057881317,3217.293147888132
428070,G06007310,medium,False,10954.649,0.7130643653791515,5372.796764508126,5018.892701355242,5372.852760088132,5286.000328788132,4864.338258388132,4996.117690088131,4504.7020188881315,4619.426941688132
42815,G06007328,high,False,12235.405,0.8407500276235722,6013.387244539994,5581.786139459428,6013.45217705,5916.464661849999,5445.545141249999,5463.873728649998,4950.716767349998,4914.403891549999
428170,G06007322,high,False,5846.896000000001,0.7130643653791515,2582.2175401186423,2557.3322969353717,2582.2183201586417,2536.875195358641,2316.680871258641,2912.383870258641,2510.0630444586413,3242.510405258641
428197,G06007329,high,False,10555.955,0.7130643653791515,5090.828018838129,4762.973999625237,5090.859706488132,5008.209103488132,4606.908184688133,4785.496692488132,4303.061333388132,4480.076143088132
428214,G06007329,high,False,19493.793,0.7130643653791515,9840.017267038127,8935.72904230524,9840.092791888132,9686.93082188813,8943.289747288132,8333.467697288132,7699.585824188133,6826.836509388131
42833,G06007301,medium,False,10435.574,0.7130643653791515,5195.074069998131,4874.008938285246,5195.142620888133,5110.928487288133,4702.009571088132,4863.290458088133,4377.570560888133,4531.637276288131
428362,G06007307,high,False,8675.719000000001,0.8407500276235722,4016.0830778599957,3814.605108919419,4016.0854018499995,3948.776916149999,3621.892670349999,3971.8272513499996,3522.31789545,3927.4411068499994
428493,G06007327,medium,False,7578.912,0.7130643653791515,3527.0288550981404,3391.266849425254,3527.0641640881317,3467.6290614881323,3179.049623988132,3617.2031580881317,3184.682349988132,3707.298709388132
428564,G06007302,high,False,5608.502,0.8407500276235722,2337.657764679487,2345.5353658398744,2337.674554459491,2293.810031259491,2080.837561859491,2693.1619118594913,2294.0623104594915,3048.628494059491
428638,G06007328,medium,False,1998.3739999999998,0.8407500276235722,827.6092623999998,1020.4847598199983,827.6126750199999,812.0601482199997,736.5415563199999,1665.43338942,1327.15167892,2503.23287382
428655,G06007328,high,False,6422.605,0.8407500276235722,2882.9662432505097,2826.4409614695605,2882.991264170508,2832.4995340705077,2587.333878170508,3125.550706070508,2712.2122234705084,3368.136130670508
428724,G06007312,medium,False,6771.988,0.7130643653791515,3080.8087022781333,2996.765540225241,3080.819052288132,3028.020837888132,2771.5958826881324,3283.843031588132,2865.5326814881328,3486.839761088132
428754,G06007308,medium,False,4590.451999999999,0.8407500276235722,1919.6017203181284,1977.9779030352404,1919.6111041181318,1883.8364649181324,1710.125221118132,2412.859599618132,2031.1302731181318,2906.061993118132
428764,G06007312,high,False,4688.612999999999,0.7130643653791515,1980.33422505813,2030.2167495652393,1980.3386374681318,1943.9431085681322,1767.182382768132,2462.888375368132,2079.812684468132,2945.384959068132
428992,G06007310,high,False,16643.869,0.7130643653791515,8239.57509478813,7519.078398555248,8239.600128088132,8110.259335188131,7482.025992888131,7137.791542488132,6555.089348188133,6035.8311809881325
428993,G06007307,low,True,4243.736,0.8407500276235722,1108.155100260604,1152.5766345799984,1108.1601966203998,1087.3387846313997,986.2379730504,1194.5146548054,1027.8289017623997,1280.8420429614
429018,G06007301,medium,False,11127.782000000001,0.7130643653791515,5453.656637568129,5088.9652110752395,5453.726797688132,5365.678064788131,4938.207767088132,5056.512415688132,4562.575599288131,4659.305813388132
429031,G06007313,high,False,13632.541,0.7130643653791515,6796.312824719994,6274.418567399436,6796.390549049999,6687.752262949998,6160.389684849999,6048.8131100499995,5510.622159349999,5301.343082849999
429182,G06007323,medium,False,3870.081,0.7130643653791515,1631.4033314299995,1726.8389680499988,1631.41196394,1601.04122224,1453.58632474,2216.83056774,1846.71095244,2802.2365847399997
42919,G06007326,medium,False,4222.99,0.7130643653791515,1835.2775888000003,1907.31107949,1835.29126431,1801.96471791,1640.1436654099996,2370.31773091,1993.8574744100001,2905.36361061
429206,G06007324,high,False,11652.277999999998,0.7130643653791515,5710.890212078133,5311.835442605243,5710.928869288131,5619.067632888131,5173.042496188131,5248.706681488131,4746.497493988131,4786.503264988131
429275,G06007310,medium,False,9391.071,0.7130643653791515,4460.68021163813,4207.943816305241,4460.707652888132,4387.423703188131,4031.5495701881323,4314.705366088132,3852.4155164881313,4168.648249088132
429364,G06007301,medium,False,9658.968,0.7130643653791515,4636.520455248132,4366.282508955243,4636.554955688132,4560.640589388131,4192.077268888132,4446.087945288131,3978.1413796881316,4255.596310788132
429796,G06007327,low,True,14501.455,0.8407500276235722,4573.494656241923,4540.50787686667,4573.542952747523,4501.173432664523,4149.848326105522,3781.899575707523,3504.516466342523,2990.2913912865233
429945,G06007302,high,False,5692.016,1.0497359105206039,2376.427634019487,2379.3543340198776,2376.443898079491,2331.970293079491,2116.0361927794906,2721.522659179491,2321.112802379491,3066.547296479491
430066,G06007324,medium,False,5322.272999999999,0.7130643653791515,2316.563521337625,2326.02512220568,2316.5715998976243,2275.1193850976247,2073.8158807976247,2713.020930597624,2319.078418097624,3109.4420821976237
430070,G06007327,low,True,6037.454,0.7130643653791515,1694.1678079650248,1723.5147932836685,1694.173106485523,1664.5700411475227,1520.810728660523,1630.845487300523,1445.284660270523,1567.4925419265232
430209,G06007314,high,False,5154.795999999999,0.7130643653791515,2226.0281865081256,2246.3459200752413,2226.034630488132,2185.9195918881314,1991.1152147881317,2645.275442588132,2254.2095167881316,3064.465981888132
43037,G06007322,high,False,8148.125999999999,0.7130643653791515,3804.3326317181322,3631.693826925244,3804.3461618881324,3740.806861988132,3432.232945688132,3824.3801648881317,3382.9811002881315,3844.368076688132
430626,G06007308,high,False,12655.024,0.8407500276235722,6151.51589936,5693.261605959429,6151.554682849999,6052.512466149999,5571.684179649998,5567.144735549999,5049.485482049999,4982.711117649998
430736,G06007301,high,False,16534.89,0.7130643653791515,8150.74909373813,7438.147173705242,8150.764390288132,8022.754431988131,7400.891985988132,7071.446934688132,6491.460648188132,5992.0646965881315
430770,G06007311,high,False,10068.662,0.7130643653791515,4951.309083008133,4654.138758735242,4951.374288088131,4870.7640795881325,4479.465065288132,4681.2241527881315,4203.254920688131,4411.167434288132
430917,G06007317,low,True,2387.5930000000003,0.7130643653791515,637.7861005046992,696.4082392680011,637.7927558877001,625.8649947417,567.9439062507,875.6886225387,728.1190669737,1113.5863894587
430961,G06007327,medium,False,8020.502999999999,0.7130643653791515,3740.729220458132,3576.4188066052398,3740.7517612881315,3678.149384488132,3374.1639246881323,3776.8626062881317,3337.4952857881317,3812.931928888132
43148,G06007302,low,True,7395.849,0.8407500276235722,2162.693044202122,2191.1949049030695,2162.713532551824,2125.1587625718234,1942.742584375824,1963.872859816824,1761.2550872028237,1765.120191844824
431588,G06007301,high,False,16484.695999999996,0.7130643653791515,8173.858151318129,7463.29848960524,8173.886447288132,8045.467934588132,7421.937083388133,7088.747486888131,6507.934613788132,6003.596428288132
431645,G06007315,medium,False,12180.91,0.7130643653791515,5998.77152048813,5566.120875355242,5998.837004688132,5902.691556588132,5435.926002088134,5463.769424288132,4952.400775488132,4928.718796088131
431968,G06007310,high,False,10381.017,0.7130643653791515,5076.753693318136,4759.663968845245,5076.8024706881315,4994.351221188132,4594.019016088132,4774.943136588132,4292.977679788131,4473.141394188131
43209,G06007310,high,False,12384.0,0.7130643653791515,6234.901933298137,5788.096277185243,6234.969900288132,6135.323422888132,5651.449246388132,5640.126994088132,5121.241681588132,5045.459696688131
432119,G06007312,low,True,3890.3959999999997,0.7130643653791515,1019.3782424864786,1065.8252163785116,1019.3804540510787,1000.3259274620788,907.7860144580786,1135.7760178340786,972.8865793340786,1252.1441699390787
432137,G06007301,medium,False,14149.466,0.7130643653791515,7151.744328118128,6591.63530692524,7151.85009488813,7038.574895088132,6488.631852288132,6325.056931088131,5776.953170488133,5498.472859688131
432197,G06007325,high,False,10993.043000000001,0.8407500276235722,5274.477209599995,4923.722274999431,5274.50815205,5188.5110157499985,4770.903063049999,4911.917718049999,4422.2899865499985,4549.25901475
432206,G06007310,medium,False,8558.315,0.7130643653791515,4104.609983508128,3904.903890255238,4104.655140688132,4036.6222613881314,3706.3679259881314,4048.6859167881316,3597.7004934881325,3992.793868688132
432252,G06007311,medium,False,8646.127,0.7130643653791515,4143.797258918126,3938.86148348524,4143.831735888132,4075.2510294881317,3742.1590949881315,4077.9450605881316,3625.740598888132,4012.1258535881316
432427,G06007317,low,True,14369.717,0.7130643653791515,4463.58722097842,4424.689982471667,4463.610726007523,4392.887925817523,4049.5200745785237,3699.8272307025236,3425.929033873524,2935.970156941523
432462,G06007308,high,False,9377.187,0.8407500276235722,4590.198567839987,4342.692326019431,4590.2637212499985,4514.402846149998,4146.020169449999,4400.636513549999,3932.862446549999,4211.182161649999
432472,G06007301,medium,False,5439.799999999999,0.7130643653791515,2369.702553508135,2371.680130635237,2369.708197088132,2327.4599962881316,2122.3051978881317,2752.617110388132,2356.965547888132,3135.459457088132
432518,G06007327,medium,False,8491.346,0.7130643653791515,3987.09860669813,3792.270994345237,3987.1146018881323,3920.852466988132,3599.111157988132,3960.9341990881317,3513.6892561881314,3934.691670988132
432519,G06007302,medium,False,5761.1759999999995,0.8407500276235722,2394.1759308999995,2394.1208544594283,2394.188418429999,2349.2702505299985,2131.1700892299987,2731.6709548299987,2330.295149229999,3069.095249529999
432647,G06007323,medium,False,10185.036,0.7130643653791515,4924.10889104813,4619.810319895241,4924.151664088133,4843.960107488132,4454.655073988131,4660.924520788132,4183.7968199881325,4397.729692488132
432765,G06007301,high,False,17456.263,0.7130643653791515,8757.550128798126,7984.765041365243,8757.615906688132,8620.52112808813,7954.922813888132,7524.811403988133,6925.444628188133,6291.933476688133
432780,G06007302,medium,False,2301.439,1.0497359105206039,963.2581409400019,1140.5191553299985,963.2621217699999,945.20271937,857.4897754699999,1758.3187706699998,1414.64999337,2553.3778423699996
432784,G06007328,high,False,9333.341,0.8407500276235722,4389.733206930005,4145.86444202943,4389.757670449999,4316.897695549998,3963.0759946499984,4250.942310249999,3789.5678891499992,4112.029948349998
432918,G06007329,low,True,5227.973,0.7130643653791515,1428.4665479187436,1464.795768803758,1428.4731823542438,1402.8304525002436,1278.2842086852438,1432.5642952842436,1255.5158552562439,1436.6402350422438
433013,G06007313,low,True,3938.9080000000004,0.8407500276235722,1052.0734796340432,1100.2936769441822,1052.0831085918414,1032.4945546278414,937.3800872148415,1159.4681892288413,995.4404895348412,1266.8567579868413
433066,G06007329,low,True,724.769,0.7130643653791515,189.84357187109987,258.28737499599987,189.84445758810003,186.2800440921,168.96940198110002,570.2341990071,440.6280359241,950.6254289901001
433075,G06007302,low,True,3659.2929999999997,1.0497359105206039,961.7157219474002,1010.795868746998,961.7238255177,943.6760299827,856.0523817026999,1095.3691760576999,934.6527174296999,1228.9973543727
433077,G06007329,low,True,7393.605,0.7130643653791515,2180.8962351150226,2203.0235790396646,2180.919687211523,2144.079734509523,1965.2280125865232,1994.4591111495229,1793.3883880815233,1807.9965035265232
433099,G06007327,medium,False,9114.321,0.7130643653791515,4327.234104738129,4092.0699329452405,4327.2589062881325,4255.945127288131,3909.658619188132,4215.006610388131,3756.907064088132,4102.804600588132
434629,G06007313,high,False,19570.869,0.8407500276235722,9805.37438533,8901.153815989433,9805.45502485,9652.222281049999,8908.039695449997,8296.71863965,7662.828358349999,6787.928309249999
434861,G06007301,high,False,4734.696,0.7130643653791515,2036.681222339489,2082.318694619302,2036.6868052494906,1999.5660587494904,1819.2926673494903,2506.9591130494896,2122.3307233494897,2977.21937964949
434966,G06007313,low,True,9165.332,0.8407500276235722,2740.925690325903,2748.7111062106023,2740.9515786135,2695.394356483499,2474.2310651415,2406.0510208335,2186.2398878534996,2071.1985055304995
435099,G06007329,low,True,10678.056,0.7130643653791515,3253.575123488421,3246.812478983669,3253.5988594755236,3200.8398733005224,2944.6799007075233,2795.8402179135232,2560.5547962435235,2338.0423655925233
435128,G06007307,high,False,11283.213,0.8407500276235722,5464.026632029996,5094.183554789426,5464.062598449998,5375.242686649999,4943.955715949999,5053.519944549999,4557.845009249999,4642.940725049999
435193,G06007324,medium,False,2003.6230000000003,0.7130643653791515,859.5392263900001,1051.698723830001,859.5474723,843.5414999999998,765.8047808000001,1689.6373032,1350.3889667,2519.7622552999997
435284,G06007313,high,False,4353.818,0.8407500276235722,1829.0309275508473,1900.2756453133602,1829.0455729408484,1794.886574940848,1629.0447339408477,2349.927423140848,1971.680298540848,2870.798021940848
435562,G06007330,medium,False,3573.638,0.7130643653791515,1496.3983424000003,1608.2379572200027,1496.4102737199999,1468.3984569199997,1332.37689162,2121.9302730199997,1756.88982382,2747.44250282
43558,G06007311,high,False,7557.907999999999,0.7130643653791515,3548.168029778132,3413.0054144252454,3548.190049088132,3488.4454249881323,3198.2933634881324,3632.9674840881316,3199.7452962881316,3717.824405488132
435668,G06007315,low,True,2589.952,0.7130643653791515,673.9867739303988,729.4073064179998,673.9882243668001,661.3166820077998,599.7821520977999,899.1877022778001,750.0103110498,1124.3695376688001
43578,G06007315,medium,False,8764.169,0.7130643653791515,4188.060277948125,3975.3972277952385,4188.097303688131,4118.840668488132,3782.581808888132,4111.035832088131,3657.3971521881313,4034.007299288132
43581,G06007316,medium,False,11401.880000000001,0.7130643653791515,5618.194968818134,5235.406574345236,5618.264840488133,5527.752767888132,5088.401187688132,5179.446961488133,4680.190613688132,4740.706323488132
435849,G06007307,medium,False,7481.313,0.8407500276235722,3434.4583997399977,3309.961666219431,3434.482759049999,3375.796264249999,3090.7949400499992,3537.2686784499992,3106.3071369499994,3640.074465149999
435871,G06007313,low,True,6220.827,0.8407500276235722,1742.7838759884014,1772.8559737275993,1742.7958537814993,1712.069151061499,1562.8699655414994,1660.378671061499,1472.4191450504995,1577.9376389984996
435959,G06007314,low,True,5291.943,0.7130643653791515,1456.3166919519654,1491.0335980022483,1456.3210218537654,1430.450099006765,1304.8129190307654,1456.588653506765,1279.0440221397648,1456.8518432187652
435987,G06007330,high,False,6312.079000000001,0.7130643653791515,2856.7720730181304,2802.467960685243,2856.7933172881317,2807.308269788132,2567.031519788132,3116.4773908881316,2705.302702088132,3376.140093088132
436046,G06007306,high,False,7015.609,0.8407500276235722,3165.6255569499945,3071.115515569426,3165.6378364499988,3110.9414804499993,2845.345799749999,3336.459811849999,2914.071095049999,3507.211429349999
436174,G06007316,high,False,15337.967999999999,0.7130643653791515,7612.5363644081335,6976.502568115238,7612.587004888132,7492.503340788131,6909.449390588132,6669.401048288131,6106.568022988132,5726.111273888133
436391,G06007316,low,True,9835.824,0.7130643653791515,2941.2063784833226,2937.8175608566667,2941.211923831523,2893.105073116523,2659.4652382125228,2562.480870916523,2337.150953056523,2183.693438734523
436406,G06007302,medium,False,11020.673,0.8407500276235722,5099.176873796264,4767.072015951053,5099.201939526266,5013.277102826265,4596.061377626264,4737.950833026265,4248.476002926265,4376.5892917262645
436515,G06007316,high,False,2123.307,0.7130643653791515,888.4026224799995,1074.8111786700003,888.4073474100003,871.7491321099999,790.85008481,1707.36235431,1366.7090779100001,2526.31027121
43653,G06007307,high,False,12750.593,0.8407500276235722,6188.043432139997,5723.80917387943,6188.081425849998,6088.507475749999,5605.055081749999,5594.426016549998,5075.631863049998,5000.722157849998
43654,G06007310,high,False,24823.259000000002,0.7130643653791515,12744.165521518134,11495.323748825234,12744.282455488132,12547.95754288813,11594.957779088132,10503.089340488132,9776.543976988129,8261.962953188133
436757,G06007322,medium,False,10767.335,0.7130643653791515,5178.032370138129,4836.510059925242,5178.0566112881315,5094.113231788131,4686.524902288133,4850.644054888133,4365.402459788132,4523.199666188132
436794,G06007327,medium,False,2896.648,0.7130643653791515,1208.722408009998,1355.5545838500002,1208.7303266400002,1186.05178024,1075.9249342399999,1925.11562254,1571.53120904,2641.49062374
436873,G06007313,low,True,9488.084,0.8407500276235722,2843.6901783317967,2848.543631555603,2843.7169676894996,2796.6408823394995,2568.0707674334994,2482.8206019734994,2259.7406764454995,2121.9655895204996
436903,G06007314,high,False,21460.225999999995,0.8407500276235722,10925.428213178135,9893.995023125244,10925.489818288132,10756.24514478813,9934.336212088132,9144.339073588131,8475.879462288132,7363.158213588133
436959,G06007306,high,False,9199.097,0.8407500276235722,4377.959464900003,4142.39996695943,4377.994363849999,4305.295851049998,3952.2694949499983,4242.124391349998,3781.0784990499988,4106.304177749998
43713,G06007330,low,True,3730.43,0.7130643653791515,971.3504729060985,1018.9733090809998,971.353882233,953.093758932,864.421784667,1101.320628627,940.136911977,1231.261595421
437220,G06007313,medium,False,4085.096,0.8407500276235722,1712.2743813205066,1798.1668317701308,1712.2867979305088,1680.1965290305093,1524.3769080305087,2268.346252330509,1894.540202030509,2824.3950376305083
437253,G06007327,low,True,7501.618,0.7130643653791515,2240.7832907196225,2264.355413757666,2240.804494585523,2203.077895633523,2019.884693518523,2039.1832047105231,1836.198553612523,1837.6167553905234
437570,G06007310,medium,False,7013.162,0.7130643653791515,3228.9771872781334,3129.313371485238,3229.001746088132,3173.979449688132,2906.875287888132,3394.552284888132,2971.4823460881316,3560.088155688132
437635,G06007322,high,False,13295.912,0.7130643653791515,6499.8145644881315,5994.724963675242,6499.832739088131,6396.265048788133,5893.389859288132,5838.1059504881305,5310.679226488132,5176.399845688133
437701,G06007315,high,False,4319.071999999999,0.7130643653791515,1812.2569527688156,1884.0355819122672,1812.2629369088108,1778.581319108811,1615.0313195088106,2341.1794729088106,1963.9397307088109,2870.046122108811
437899,G06007306,low,True,8382.853,0.8407500276235722,2435.0378420024986,2444.3489166806,2435.0421918374996,2394.038051275499,2194.9494716834997,2177.5590316604994,1967.491634794499,1920.0351342974996
438075,G06007301,low,True,3666.383,0.7130643653791515,952.7548582187997,1000.5991211089997,952.7561876007001,934.8392520117,847.8281411397002,1088.5542463136999,928.1031533247,1224.3235433217
438186,G06007308,high,False,6578.233,0.8407500276235722,2965.104884829997,2898.6492709894296,2965.1300622499994,2913.3982255499986,2662.242520249999,3186.6420711499986,2770.651939549999,3408.136185349999
438486,G06007326,high,False,12349.349,0.8407500276235722,6029.626616198135,5585.888650065239,6029.657272688131,5933.069612988133,5464.093764688132,5486.843224688131,4974.454620788131,4943.998830488132
438560,G06007311,low,True,11091.013,0.7130643653791515,3399.379540671324,3390.0019053146652,3399.403193101523,3344.479756183522,3077.798714101523,2904.757947274523,2664.818912164523,2410.106135839523
438904,G06007302,low,True,5550.2210000000005,0.8407500276235722,1451.9068815257926,1487.6088848945978,1451.9172175451993,1424.6579233151992,1292.3086231061993,1428.607403614199,1248.098253193199,1405.2687750581993
438938,G06007329,medium,False,9074.23,0.7130643653791515,4304.0996989381365,4071.800681905243,4304.126149488133,4233.1565445881315,3888.5720290881322,4197.754317088132,3740.4250236881317,4091.300305088132
438996,G06007326,high,False,13335.515,0.7130643653791515,6533.610828448147,6026.6617215552415,6533.643346288132,6429.5790092881325,5924.303276788132,5863.380077988131,5334.935359888133,5192.987353788132
439034,G06007306,high,False,8928.617,0.8407500276235722,4272.828769710002,4054.633893029429,4272.88844885,4201.727450349998,3856.2863704499987,4163.581310749999,3705.915762149999,4054.320909449999
439371,G06007310,medium,False,5799.108,0.7130643653791515,2542.5557568281315,2521.4320700152384,2542.557074488132,2497.748275388132,2280.132027288132,2881.748104488132,2480.5732064881313,3220.887142988132
439424,G06007316,high,False,8293.798999999999,0.7130643653791515,3922.0027365381334,3739.902594125238,3922.0370528881317,3856.7350053881314,3539.6678836881315,3912.277562288132,3467.1345579881317,3902.5125437881316
439540,G06007322,low,True,6340.856,0.7130643653791515,1824.097294188625,1854.0565373156653,1824.1122173955232,1792.5737006445233,1639.4378289585231,1727.904738694523,1538.2066781025228,1631.6975042445229
439804,G06007323,high,False,5101.5869999999995,0.7130643653791515,2234.9990776486393,2258.40183425537,2235.0201396686407,2194.775456068641,1999.404323768641,2652.286137068641,2260.978487668641,3069.537684868641
439849,G06007313,low,True,12127.128,0.8407500276235722,3717.395505463499,3700.069986374604,3717.4281663014995,3657.3699608774987,3365.8334414774995,3135.557957551499,2884.5971041934995,2553.7083580544995
439861,G06007315,low,True,7421.0289999999995,0.7130643653791515,2175.1675867518247,2195.4925566036686,2175.1838902635236,2138.436489286523,1959.999365827523,1990.180698997523,1789.289500414523,1805.1674572785232
439871,G06007312,low,True,9261.217,0.7130643653791515,2783.3479550655256,2788.0540946126694,2783.358772669523,2737.5909111735236,2515.309224364523,2444.5322336205236,2224.243766839523,2105.701752850523
440101,G06007322,medium,False,4434.579000000001,0.7130643653791515,1948.153235300509,2011.0599919195595,1948.190457530508,1912.581785330508,1739.8229418305082,2444.821068930508,2063.512125330508,2941.490163730508
440108,G06007313,low,True,11157.978,0.8407500276235722,3413.5070355476964,3406.2503781105997,3413.540414749499,3358.0040040224994,3088.3697680814994,2908.521194290499,2667.2940287354995,2403.4986920984993
440133,G06007313,low,True,2779.115,0.8407500276235722,742.1439972492001,798.233529890999,742.1531769855001,728.2666651364999,660.8673694034999,946.7820540975,795.0122703884998,1151.4125256135
440152,G06007317,low,True,4040.2749999999996,0.7130643653791515,1050.9707743853808,1096.2311690819108,1050.9726986825792,1031.2238712695791,935.3194281455792,1155.5624191085794,991.1751295265792,1260.1212243635794
440193,G06007306,high,False,5726.343,0.8407500276235722,2546.194802811525,2533.468181779818,2546.2294218415254,2500.827744441526,2280.469276941526,2875.8286080415255,2473.4597592415257,3205.464917441526
44028,G06007313,medium,False,15030.418,0.8407500276235722,7449.19900318,6838.078570399431,7449.26707465,7330.976251349999,6756.600160749998,6536.565635449998,5977.624114149999,5623.841683549999
440492,G06007316,low,True,3620.204,0.7130643653791515,954.4286836476008,1003.5090903530013,954.4325768145001,936.5984916434999,849.9881329694999,1091.6514870015,931.3827519854999,1228.8597195705001
440523,G06007328,medium,False,5655.88,0.8407500276235722,2464.3946868494827,2457.730102159303,2464.41867095949,2420.13558415949,2205.08872505949,2812.59883035949,2412.6172690594904,3160.7422679594897
440537,G06007312,medium,False,4036.3379999999997,0.7130643653791515,1738.211161560001,1822.6930198399996,1738.2296677399995,1706.3012544399999,1551.2854142399997,2297.12138264,1923.67596044,2856.0278338399994
440552,G06007310,medium,False,5654.084999999999,0.7130643653791515,2521.149539698131,2509.132129605239,2521.167045888132,2476.664665688131,2260.5735130881317,2865.7415258881315,2465.2714423881316,3210.300440588132
44075,G06007330,high,False,20808.301,0.7130643653791515,10702.462276838136,9712.55335850524,10702.589302688131,10536.586184488131,9730.70574098813,8977.72903548813,8316.367050288132,7253.038700088131
440782,G06007326,medium,False,5232.392,0.7130643653791515,2280.7860763281356,2296.1554103152434,2280.805447488132,2239.8698586881314,2041.121394488132,2686.177787688132,2293.3833348881317,3091.5028377881317
440892,G06007316,medium,False,2620.3320000000003,0.7130643653791515,1090.2331561199985,1251.2667083199958,1090.24020816,1069.7714168599998,970.38367786,1844.3005203599998,1495.46213666,2598.3388268599997
441008,G06007307,medium,False,6655.867,0.8407500276235722,3055.538205009998,2983.772798049434,3055.5788334499994,3002.4886072499994,2744.791633249999,3254.189154749999,2835.3120411499995,3452.8460488499986
441030,G06007324,medium,False,3827.635,0.7130643653791515,1595.4057867399974,1694.62013437,1595.4160610499998,1565.4728701499998,1420.0844278499999,2188.06336415,1818.86707655,2780.68474935
441051,G06007302,high,False,7507.759999999999,1.0497359105206039,3316.585958538134,3206.589080685815,3316.5991114981334,3257.616940498133,2971.1403033981333,3414.2461697981325,2982.645156198133,3511.928939698133
441096,G06007317,medium,False,9196.808,0.7130643653791515,4370.895579388129,4130.550181635243,4370.926799488132,4298.953254788132,3949.5445139881326,4247.652478588132,3788.1613739881313,4124.352243888132
44115,G06007322,medium,False,6062.736,0.7130643653791515,2714.3876260781335,2676.134698225241,2714.401686288132,2667.032851188132,2437.024050888132,3010.112613388132,2603.472888888132,3305.7852513881317
441261,G06007301,low,True,10102.234,0.7130643653791515,3105.833922152717,3108.3339445026677,3105.869724145523,3055.2988842105233,2809.760878945523,2685.435273508523,2454.8834061675234,2265.042133672523
441320,G06007315,low,True,2940.3940000000002,0.7130643653791515,772.9074549188998,826.734428737,772.9124944086,758.4097047786001,687.9886920396001,966.9333071586,813.8280612936,1160.9458361646
441333,G06007310,high,False,16474.466999999997,0.7130643653791515,8358.153396068123,7647.536641235241,8358.262220088132,8227.09726938813,7590.230948988132,7226.285525088131,6639.867589688131,6094.439726288132
442496,G06007306,high,False,5840.228,0.8407500276235722,2579.4982153600013,2560.5975213994307,2579.5215790499988,2533.509425649999,2310.152041549999,2898.575007549999,2494.875205149999,3217.5962301499994
442585,G06007301,high,False,10743.719,0.7130643653791515,5184.874177398136,4845.146206445237,5184.913459088133,5100.874309888131,4692.799703588133,4855.739157788132,4370.344118688132,4526.502545388132
442623,G06007329,low,True,6737.133,0.7130643653791515,1962.1844889243216,1989.5925667346667,1962.2053908375233,1928.6120791905232,1765.518254632523,1831.0616830395234,1636.955008195523,1699.9411029825233
442739,G06007326,high,False,9059.973,0.7130643653791515,4335.093607878131,4103.542528885242,4335.140279488132,4263.701613488132,3916.848798288132,4220.865026788131,3762.5591219881317,4106.638416888132
442784,G06007308,low,True,12693.512999999999,0.8407500276235722,3887.545516438497,3863.8066903866015,3887.5734902654995,3825.0024303014993,3521.206104223499,3262.669864837499,3006.2950805865,2637.7668260024993
442918,G06007313,low,True,2302.7160000000003,0.8407500276235722,599.484987719103,656.9717199150014,599.4884124683999,588.2191238574,533.4913011204001,848.5676859414,702.4081381643999,1097.6343319464002
442946,G06007330,medium,False,6798.763,0.7130643653791515,3086.9943559481317,3001.4217265952443,3087.006481088132,3034.1109656881317,2777.254693888132,3288.484768488132,2869.963845788132,3489.892400388132
443067,G06007306,high,False,3009.406,0.8407500276235722,1254.628240081018,1395.214460840259,1254.6337593610183,1231.147148361018,1117.080423861018,1957.2100419610179,1601.877544061018,2659.795020161018
443234,G06007330,high,False,4668.915,0.7130643653791515,2011.6762640493164,2061.029568522971,2011.688993909321,1975.0148347093216,1796.9223167093212,2489.600675109321,2105.945299409321,2967.5087967093204
443242,G06007301,high,False,11110.931,0.7130643653791515,5412.865785378128,5048.991862925235,5412.904328288132,5325.475190488132,4900.935574988132,5026.053954488132,4533.363644088132,4639.217239488133
443265,G06007324,medium,False,9794.158,0.7130643653791515,4737.5873600281375,4458.294678415234,4737.608967288132,4660.218625088131,4284.32256078813,4521.553973688131,4050.3963421881317,4305.566630588131
443445,G06007310,medium,False,4595.513999999999,0.7130643653791515,1943.1709869089789,1998.7097303597418,1943.178977168982,1907.3619149689819,1733.4293502689818,2435.666915168982,2053.8397532689823,2928.125443768982
443533,G06007316,high,False,13443.667000000001,0.7130643653791515,6832.633161018137,6317.783983085239,6832.754757088131,6724.18903848813,6197.241571388131,6086.672974288131,5548.727848488131,5340.807402888132
44356,G06007316,high,False,12697.944,0.7130643653791515,6198.708445768136,5732.89822793524,6198.737867088132,6099.652099788131,5618.513039988131,5613.175121188131,5095.426579188131,5027.485436488132
443631,G06007310,low,True,5117.848,0.7130643653791515,1400.2198631052268,1438.4228533396724,1400.2307682855233,1374.9860844645234,1252.4155549215232,1411.243180033523,1235.0658163095231,1422.230680825523
44367,G06007307,high,False,8108.153,0.8407500276235722,3750.2785300599935,3585.5185238994286,3750.304869249999,3686.9334810499986,3379.1898196499988,3773.2171570499995,3332.21191215,3796.084791049999
443815,G06007314,medium,False,6136.4130000000005,0.7130643653791515,2763.0405343781326,2719.918414145241,2763.058192688132,2714.9628723881315,2481.438502688132,3046.452211588132,2638.256883588132,3329.840481188132
443826,G06007322,low,True,4336.247,0.7130643653791515,1160.3365834473007,1204.2151829959994,1160.3452217553001,1138.9768006743,1035.2308612652998,1237.4245094133,1069.5713260503003,1314.4993985373
444197,G06007315,high,False,9958.903,0.7130643653791515,4807.798062438134,4518.192394785237,4807.831569688133,4729.3872267881325,4348.4607455881305,4574.024003288132,4100.636121488132,4340.223458088132
444399,G06007327,high,False,8894.274,0.7130643653791515,4259.503537058137,4038.4120261252424,4259.548027488132,4189.218480688132,3847.811509488132,4164.412444388132,3708.479961688132,4069.326770688132
444562,G06007315,high,False,8186.937,0.7130643653791515,3831.847242438133,3656.424941525241,3831.8651060881316,3767.905432088132,3457.336996988132,3844.925939588132,3402.6298438881313,3858.001970488132
444647,G06007324,low,True,9195.221,0.7130643653791515,2767.810276915824,2773.851944111666,2767.8321115755225,2722.2830306205233,2501.120848519523,2432.924169187523,2213.1196621065233,2098.0359972705232
444667,G06007323,medium,False,7942.965000000001,0.7130643653791515,3798.0916146781324,3638.197857485239,3798.1470114881326,3734.6585040881314,3426.4961760881315,3819.691089788132,3378.4901965881318,3841.319130288132
444770,G06007311,high,False,9442.027,0.7130643653791515,4552.2506769581305,4295.658452205241,4552.288387288132,4477.620610388132,4115.101934588132,4383.110026188131,3917.8420460881325,4213.994398388132
44489,G06007307,high,False,10204.041000000001,0.8407500276235722,4889.0164894799955,4588.853686719429,4889.07365865,4808.760825349998,4418.9230367499995,4623.935060249999,4146.5701356499985,4358.841104149999
445014,G06007317,high,False,9777.579,0.7130643653791515,4764.679118508138,4486.458141475243,4764.722162888131,4686.917027088133,4309.059322088133,4541.776875088131,4069.7773879881315,4318.937496088131
445107,G06007301,high,False,14636.672,0.7130643653791515,7233.45239309813,6641.812622605243,7233.391232688131,7119.019019888132,6563.247695288132,6386.255018388132,5835.449970488132,5538.871573088132
44517,G06007310,low,True,2869.963,0.7130643653791515,747.695035105203,801.2734085650018,747.6969847347001,733.6431479097,665.3949898616999,949.3374682496999,797.1907546586999,1150.9588652217
445238,G06007306,medium,False,10231.036,0.8407500276235722,4937.482355260001,4635.3622720794265,4937.546462449999,4856.500450549998,4463.162941149999,4660.152897849999,4181.230823949999,4382.804256449999
445294,G06007322,high,False,4229.315,0.7130643653791515,1782.203837000002,1857.29397746,1782.2106431,1749.2692780999998,1589.3209022999997,2323.7730332,1948.1229830000002,2865.3150329
445338,G06007310,medium,False,4645.178,0.7130643653791515,1986.5800079598307,2038.3510994331025,1986.5922800898302,1950.18688788983,1773.41052948983,2469.1136050898294,2086.03191008983,2951.62187488983
445351,G06007307,medium,False,10562.315999999999,0.8407500276235722,5131.762956969997,4807.84863302943,5131.8045388499995,5047.9121292499985,4640.537973649999,4805.2573383499985,4320.193911649999,4478.781160749999
445558,G06007308,medium,False,5422.74,0.8407500276235722,2337.948377219999,2346.0823937794316,2337.9636436499986,2295.5494576499996,2089.6038380499986,2718.1103875499984,2322.1232116499987,3098.228856749999
445774,G06007306,low,True,6577.193,0.8407500276235722,1841.6526110324946,1866.6315066206041,1841.6558513114992,1809.4646075624992,1653.147834187499,1734.253324018499,1543.127847478499,1626.7988451614992
445963,G06007314,high,False,12038.407,0.7130643653791515,5938.028907718131,5514.284241965239,5938.089220688133,5842.848890288131,5380.446706788132,5418.379641388132,4908.950742688131,4898.717054988132
446060,G06007315,medium,False,4184.26,0.7130643653791515,1749.6534837784739,1829.3059937296061,1749.6622281084728,1717.0090624084728,1558.467672808473,2296.149341108473,1921.124923208473,2842.593479408473
446084,G06007310,high,False,6002.276,0.7130643653791515,2678.439780508135,2644.132759735235,2678.453120488132,2631.618112488132,2404.207898188132,2983.262894088132,2577.7740465881316,3288.010126788132
446401,G06007306,high,False,16461.771999999997,0.8407500276235722,8136.746874280001,7433.3338053794305,8136.784448049999,8008.29243505,7384.3908554499985,7050.273035249998,6469.335738649999,5963.628055449999
446517,G06007323,medium,False,12641.311999999998,0.7130643653791515,6195.261012658131,5732.923789905239,6195.303136088132,6096.253655488132,5615.350409288132,5610.590003688132,5092.943417688132,5025.803691088132
446684,G06007317,low,True,3957.0,0.7130643653791515,1046.1146916465007,1092.8288410619996,1046.1205486179,1026.6298829199,931.9896878229002,1155.1568854629002,991.3318347188999,1264.1812134999
446792,G06007312,high,False,11271.408,0.7130643653791515,5461.318440898123,5087.489830205239,5461.355180088132,5373.210227188132,4945.216431988132,5062.276057788133,4568.058579988132,4663.104372388132
44685,G06007316,low,True,4329.025,0.7130643653791515,1152.0920007566374,1196.368460937325,1152.1000455101373,1130.7524073101374,1027.1104764911374,1229.5377818741374,1061.7281275421374,1306.9482023831374
446998,G06007310,low,True,3703.5199999999995,0.7130643653791515,966.5861454332986,1014.640920657001,966.5906200019999,948.428102853,860.233497921,1098.233147937,937.261416333,1229.8521260940001
447339,G06007308,low,True,6938.781000000001,0.8407500276235722,1968.0214532768994,1990.4070134406018,1968.0289836794993,1933.9510284674993,1768.5157372154993,1828.6504062104996,1633.4794514504993,1689.2750179904992
447380,G06007325,high,False,927.9000000000001,0.8407500276235722,390.3688257699992,637.9012658699999,390.37071700000007,383.05771020000003,347.54641900000007,1368.6005983999999,1048.0253062,2346.8448955999997
44762,G06007330,medium,False,5470.178,0.7130643653791515,2413.71295676813,2413.5516577352405,2413.7247512881318,2370.820182488132,2162.4768384881318,2785.482457388132,2388.4352074881317,3157.2131265881317
447722,G06007310,medium,False,9939.801,0.7130643653791515,4742.044645248134,4453.882383575241,4742.0455132881325,4664.612944388133,4288.455037188132,4524.920133688132,4053.6611736881323,4307.671885488132
447723,G06007326,high,False,6324.222,0.8407500276235722,2950.5910348001657,2893.35076340576,2950.6239311301683,2899.9343006301683,2653.795515230168,3189.857483730168,2776.1216110301684,3429.180326330168
447778,G06007316,low,True,8432.905,0.7130643653791515,2495.7795684579214,2506.1269496726677,2495.7938168655232,2454.289164550523,2252.7480090075233,2229.705476734523,2018.5833584385232,1963.5963597705231
447796,G06007315,low,True,6072.769,0.7130643653791515,1708.462811184025,1737.860547503668,1708.4708341395235,1678.653747280523,1533.8685529995232,1641.528551020523,1455.5166873345233,1574.5457793135233
447958,G06007328,low,True,9378.999,0.8407500276235722,2792.7495957942,2796.982599655602,2792.7763398674997,2746.4592725324997,2521.5712676594994,2444.762510440499,2223.321407188499,2096.7722116395
448006,G06007310,high,False,6755.638,0.7130643653791515,3061.777374398133,2978.884111905239,3061.782151888132,3009.261075588132,2754.222560488132,3269.656680388132,2851.923264688132,3477.448453588132
448185,G06007326,medium,False,3834.9219999999996,0.7130643653791515,1586.4241829399998,1685.31951584,1586.4298786600002,1556.61240296,1411.81882766,2181.15390266,1812.21905746,2775.83531546
448270,G06007311,high,False,8581.939999999999,0.7130643653791515,4068.9268633081324,3867.897752395243,4068.9427378881323,4001.481853988132,3673.804623388132,4022.016426388132,3572.205844588132,3975.119449488132
448327,G06007326,medium,False,1686.5170000000003,0.7130643653791515,699.9795800399988,908.8162871900054,699.98337631,686.8347787099999,622.99107071,1578.77269211,1245.65850241,2457.54584441
448444,G06007317,medium,False,6424.271,0.7130643653791515,2913.9672220281304,2852.3026973152387,2913.9834018881315,2863.651172488132,2619.254124088132,3159.209821288132,2746.213281188132,3404.4000553881315
448570,G06007313,high,False,3694.045,0.8407500276235722,1538.4225603199998,1644.40415503,1538.4288461499996,1509.5514313499998,1369.3272453499999,2149.21443095,1782.2980602500002,2759.98375365
448836,G06007323,medium,False,10601.241,0.7130643653791515,5110.490477238132,4779.729484185236,5110.527750888132,5027.581577488132,4624.855347288132,4800.171489088132,4317.1014141881315,4489.8111640881325
44903,G06007330,low,True,5680.284,0.7130643653791515,1588.7988356802232,1622.538230281666,1588.8119512155229,1560.7656035925233,1424.602196065523,1552.125774865523,1369.9325960775232,1515.417246556523
449469,G06007322,high,False,7937.849999999999,0.7130643653791515,3720.3502240381335,3561.519648285242,3720.391049088132,3658.0866281881313,3355.5721292881312,3761.6228952881315,3322.9478234881317,3802.814187688132
449501,G06007301,high,False,5799.156,0.7130643653791515,2570.1713233681335,2548.9973368552414,2570.1842732881323,2524.958059988132,2305.350271088132,2902.3756021881322,2500.340680688132,3234.510520888132
45041,G06007313,medium,False,12953.192000000001,0.8407500276235722,6435.129493399993,5957.511152239431,6435.20756885,6331.965316749999,5830.629348749999,5778.939590149999,5252.352819149999,5122.781545349999
4505,G06007328,medium,False,9596.254,0.8407500276235722,4590.885484799995,4329.523170439431,4590.920893249998,4515.055929949998,4146.676847049998,4401.194661749998,3933.3455468499988,4211.540559049999
451296,G06007325,medium,False,3771.2690000000002,0.8407500276235722,1579.9067058200008,1681.915531390001,1579.92192707,1550.2918080700001,1406.4675385699998,2178.0567489699997,1809.5449690699998,2776.17764047
451352,G06007315,medium,False,816.76,0.7130643653791515,337.0070720000021,590.3644688800002,337.00796519999994,330.67077919999997,299.89489679999997,1331.8383563999998,1013.3562383999999,2326.6616243999997
451377,G06007314,medium,False,5721.268,0.7130643653791515,2526.067621528131,2509.8607945752397,2526.079510688132,2481.510998588132,2265.082856588132,2869.4192663881317,2468.804823388132,3212.705490488132
451587,G06007330,medium,False,8068.293,0.7130643653791515,3770.0294885781263,3602.5653387852453,3770.051167088132,3707.0103657881314,3400.9183874881314,3798.7621809881316,3358.458550788132,3827.406879188132
45161,G06007314,high,False,5007.501,0.7130643653791515,2140.1927388781355,2169.9937498052363,2140.194126888132,2101.353279988132,1912.7409122881322,2581.159076988132,2192.820961588132,3022.057079488132
45176,G06007317,high,False,5658.6939999999995,0.7130643653791515,2519.6206731894863,2505.7558223998662,2519.6355932494907,2475.355982149491,2260.313529049491,2867.895711149491,2467.8917872494912,3216.178094749491
451795,G06007316,high,False,411.448,0.7130643653791515,169.8125736800021,443.9120412000011,169.81304024000002,166.61999904,151.11331824,1218.22480464,906.4994486400001,2266.63306504
451911,G06007330,high,False,5241.373,0.7130643653791515,2267.274529798124,2282.0394940652454,2267.278669088132,2226.553800988132,2028.780164788132,2676.0932196881317,2283.714020088132,3084.841122188132
45202,G06007316,medium,False,10730.077000000001,0.7130643653791515,5207.267021368134,4868.090736055241,5207.297837288132,5122.930811488131,4713.217882088131,4872.466076088131,4386.343696188132,4537.599811888132
452044,G06007313,medium,False,2462.097,0.8407500276235722,1025.2962119400008,1194.4311861699996,1025.30202011,1006.05833091,912.60341741,1800.1928979099998,1453.98162551,2575.07305171
452153,G06007330,low,True,4212.304,0.7130643653791515,1144.0019944647024,1191.0426888780005,1144.0150708833,1122.9771140342998,1020.7963026512998,1226.6082486362998,1059.4699899032998,1309.2067587093002
452196,G06007327,low,True,3264.1549999999997,0.7130643653791515,920.454204782701,974.8623349009966,920.4722598204,903.8832263873999,823.3701598583999,1079.1117371334,921.5465434193999,1237.7931193374002
452566,G06007327,high,False,5290.026,0.7130643653791515,2280.614353588128,2292.3080050152435,2280.614896288132,2239.695312288132,2040.964058888132,2686.061660488132,2293.2538194881317,3091.4329245881318
452732,G06007308,medium,False,6147.942000000001,0.8407500276235722,2864.413383771694,2820.4507674172874,2864.4613710516974,2814.842190951697,2573.852414851697,3121.757195151697,2710.359023851697,3379.190378851697
45276,G06007330,high,False,3993.2550000000006,0.7130643653791515,1673.564549798974,1761.347627749171,1673.569485838981,1642.5898602389811,1492.1026060389813,2248.3015539389808,1876.8757943389812,2822.985951638981
452899,G06007323,high,False,18295.95,0.7130643653791515,9221.33346717813,8394.450213305236,9221.407797288131,9077.445185488132,8378.409434088131,7871.2582434881315,7257.175174288132,6521.036161088132
452964,G06007330,medium,False,3868.161,0.7130643653791515,1609.4657354100032,1706.6052962999997,1609.4735616300004,1579.2578548299998,1432.53405033,2197.4384900299997,1827.6509668299998,2785.3741842299996
453097,G06007325,high,False,7408.143,0.8407500276235722,3449.056758460003,3328.9395344594313,3449.0800934499994,3390.1887722499987,3104.114263649999,3548.156737449999,3116.7813819499997,3647.2491609499984
453166,G06007328,high,False,12245.403,0.8407500276235722,6019.824279750002,5588.04492704943,6019.903202849999,5922.797723749998,5451.443582549998,5468.731221849999,4955.333203249999,4917.581660249999
453278,G06007311,high,False,6927.766,0.7130643653791515,3141.0671641881313,3047.178097615239,3141.0760532881327,3087.384545988132,2826.6182987881316,3328.862772888132,2908.6099397881317,3516.6349304881314
453291,G06007307,high,False,8497.814,0.8407500276235722,3979.1186168399954,3789.392425179434,3979.168138249999,3912.390917249999,3588.153667749999,3944.1606788499994,3495.8944131499993,3909.122904849999
453320,G06007329,high,False,801.833,0.7130643653791515,334.47878588999936,588.5746062799999,334.48119219000006,328.20434309,297.72660859,1330.3633606899998,1012.01301349,2326.24819529
453407,G06007310,medium,False,2602.9670000000006,0.7130643653791515,1072.0785846199983,1234.0562927699973,1072.08071841,1051.91393361,953.9755949099999,1831.22534051,1483.02248801,2590.33731001
453418,G06007325,low,True,1033.576,0.8407500276235722,275.01270637680034,341.81634934999994,275.0148624384,269.8674316254,244.87039859940006,628.4390214234,495.4334912994,981.8702862414001
453493,G06007310,medium,False,5986.259,0.7130643653791515,2683.095535428128,2649.7475592352434,2683.113336488132,2636.206842288132,2408.453110988132,2986.732458288132,2581.0998328881315,3290.313496188132
453571,G06007315,medium,False,10093.484,0.7130643653791515,4884.768220938131,4586.751472305235,4884.822634688131,4805.222734088131,4418.768970888132,4631.528202888132,4155.716448088132,4378.2058351881315
453578,G06007301,medium,False,11156.545,0.7130643653791515,5439.693334338137,5072.640494045241,5439.743441488132,5351.8830412881325,4925.427337088131,5046.121591688132,4552.538305188132,4652.503479388131
453647,G06007314,medium,False,7571.799,0.7130643653791515,3545.1808252481296,3409.4214756952383,3545.2065400881324,3485.4989689881318,3195.5849083881317,3630.764052488132,3197.6258862881323,3716.332954288132
453744,G06007313,medium,False,8671.832,0.8407500276235722,4053.644659569997,3852.0566433894296,4053.671535649999,3985.774663449999,3656.156854849999,3999.865118749999,3549.13096125,3946.061036549999
454017,G06007323,high,False,6041.445000000001,0.7130643653791515,2722.5583789881325,2685.55514227524,2722.577405488132,2675.0824476881317,2444.472557388132,3016.2093468881317,2609.305718288132,3309.836866088132
454043,G06007306,medium,False,6785.718,0.8407500276235722,3117.507611341019,3034.708477720263,3117.5209806810176,3063.8662691810173,2803.239354881018,3305.9200783810174,2885.764462681018,3494.389492781018
454093,G06007330,high,False,8634.482,0.7130643653791515,4080.7562297381323,3876.68479520524,4080.7831604881326,4013.1279777881323,3684.623508788132,4030.883868788132,3580.6662345881314,3980.9685185881317
454172,G06007328,high,False,4863.25,0.8407500276235722,2034.6637958008498,2077.935214233359,2034.6692665508479,1996.883128450848,1813.3823847508481,2493.581257450848,2107.5142229508483,2952.4591464508476
454192,G06007330,high,False,7523.105,0.7130643653791515,3570.670563458131,3437.8271070852375,3570.714740488132,3510.6294523881324,3218.8496486881318,3649.759037488132,3215.865669588132,3728.8972859881314
454521,G06007317,low,True,3848.898,0.7130643653791515,1007.7724787192997,1055.090046254999,1007.7764424462,988.8481999872,896.9565020472002,1126.4557343052002,963.8358871692001,1245.1143510762001
454869,G06007323,high,False,13159.107,0.7130643653791515,6496.603363858132,6000.235594525238,6496.628201488133,6393.1322236881315,5890.440016988132,5835.654898088131,5308.398515688133,5174.776605688132
455122,G06007313,high,False,988.4180000000001,0.8407500276235722,415.3313179200013,659.85443844,415.33453354000005,407.55210004,369.76430014,1385.5671502399998,1063.98423154,2355.8005954399996
455152,G06007308,high,False,10402.599999999999,0.8407500276235722,5043.647839449995,4730.485481889429,5043.707755449999,4961.125753349998,4560.106639349999,4739.403358649998,4257.190321749999,4435.193803349999
455204,G06007325,high,False,8482.002,0.8407500276235722,4044.6303595699965,3854.922511769429,4044.673259449999,3976.9138113499985,3647.9021775499987,3993.0905192499986,3542.7024113499992,3941.5783045499993
455316,G06007323,medium,False,12296.494999999999,0.7130643653791515,6129.522091838135,5689.1236993852435,6129.605672488133,6031.518453388133,5555.291613688132,5561.408841088132,5045.916754388133,4993.310627588132
455449,G06007328,medium,False,5666.776,0.8407500276235722,2457.603952499997,2450.1265370194287,2457.616616649999,2413.4311084499986,2198.866071549999,2807.5070273499987,2407.7055899499987,3157.3463279499992
455467,G06007326,high,False,16139.762999999999,0.7130643653791515,8114.687645678128,7426.289503445238,8114.765192488132,7987.2377056881305,7367.930995088131,7044.438990988132,6465.711312588132,5974.187126388133
455712,G06007325,medium,False,2935.8940000000002,0.8407500276235722,1220.1352609699989,1365.0440059300017,1220.14266322,1197.22994832,1085.97371522,1932.55587582,1578.46348622,2644.9428887199997
455814,G06007324,low,True,10646.372,0.7130643653791515,3273.178181381726,3269.7797133926706,3273.210854857523,3220.153129801523,2962.5526333545226,2810.4639413985233,2574.5417982585227,2347.7671641585234
455834,G06007330,medium,False,10228.002,0.7130643653791515,4912.967593648133,4606.470315455237,4913.005318688132,4832.998873788132,4444.528543988132,4652.613219188132,4175.8850593881325,4392.143008688132
455866,G06007328,high,False,10772.150999999998,0.8407500276235722,5136.573418809994,4800.070563129422,5136.634470649999,5052.693814949998,4645.062933249999,4808.809570349999,4323.775581949999,4480.910998349999
45613,G06007313,medium,False,15986.297,0.8407500276235722,7911.04829798,7238.335161299432,7911.100859049999,7785.952766249999,7178.313812749999,6881.643167249998,6307.930035249999,5852.078978249999
456213,G06007316,high,False,5509.356,0.7130643653791515,2425.809309538133,2423.246835505241,2425.824236288132,2382.7351882881317,2173.529055988132,2794.527629688132,2397.087005188132,3163.1893864881313
456372,G06007322,low,True,3253.723,0.7130643653791515,853.7950906820998,905.4049389279996,853.8006180626999,837.7747607186998,759.9589157726999,1021.8636789716999,865.4888480816998,1189.9075879437
456404,G06007326,medium,False,8044.2080000000005,0.8407500276235722,3654.256907478132,3488.11501940524,3654.233878288132,3592.9227868881326,3295.2004975881323,3712.304814488132,3275.614900788132,3770.275219288132
456443,G06007325,medium,False,11687.406,0.8407500276235722,5684.25800885,5288.079836829427,5684.292802849999,5592.21542375,5145.03032655,5218.008637949999,4715.338846749999,4751.766146149999
456522,G06007315,high,False,10336.821,0.7130643653791515,4972.493569478136,4658.756120405242,4972.521444288133,4891.629637588132,4498.867834188131,4697.100052588132,4218.449741488132,4421.582215088132
456752,G06007313,low,True,16079.801,0.8407500276235722,5053.8896729055,5006.837447772597,5053.9389934635,4974.0558484995,4586.171650483499,4133.984123239499,3840.461293858499,3214.0661354834992
456780,G06007324,high,False,18087.044,0.7130643653791515,8994.01021028813,8180.416713655242,8994.040748888132,8853.44679688813,8170.82264128813,7701.484385188131,7094.508037688133,6408.848376388132
456816,G06007316,medium,False,6630.270999999999,0.7130643653791515,3063.0488238681332,2987.98877487524,3063.079162288132,3010.5254007881317,2755.359903288132,3270.5688158881317,2852.8187935881315,3478.0831812881315
456865,G06007314,high,False,8133.8060000000005,0.7130643653791515,3809.1112470381318,3637.4849112652378,3809.1374624881314,3745.5198584881323,3436.605530888132,3827.945496588132,3386.411442288132,3846.7070081881316
457026,G06007329,high,False,2488.592,0.7130643653791515,1025.1504754299995,1193.0041318899994,1025.15302196,1005.8709130599999,912.2227179600001,1799.35121476,1453.05071516,2573.5189717599997
457063,G06007302,medium,False,6223.74,0.8407500276235722,2666.98034253813,2633.616203015814,2666.995832988133,2618.4404954881334,2382.672095088133,2942.512535188133,2533.316694688133,3218.034723788133
457131,G06007316,medium,False,4133.439,0.7130643653791515,1740.5108091399993,1821.8015949699998,1740.52118097,1708.19731917,1551.2519468700002,2292.62280307,1918.30752397,2844.7074955699995
457214,G06007322,medium,False,6990.773000000001,0.7130643653791515,3211.162110628128,3113.126703115241,3211.184097088132,3156.435290688132,2890.622838388132,3381.246047688132,2958.762684088132,3551.255201088132
457285,G06007316,medium,False,6157.695,0.7130643653791515,2787.3721242681363,2742.953696795239,2787.399249288132,2738.9366932881317,2503.6620881881317,3064.6307130881314,2655.670544888132,3341.8464011881315
457441,G06007307,high,False,5423.344,0.8407500276235722,2345.5410660881325,2352.4678610752426,2345.556421648132,2303.174995848132,2097.3861202481316,2726.230709848132,2330.3256602481315,3106.858710248132
457719,G06007325,high,False,11079.494999999999,0.8407500276235722,5426.5053177100035,5069.04519552943,5426.557085449998,5338.276250449999,4909.638905949999,5025.442278249999,4530.95618305,4624.466552249999
459206,G06007311,high,False,16903.152000000002,0.7130643653791515,8587.63849120813,7849.767752075242,8587.742128288131,8453.134544688131,7799.713110088132,7397.821214888132,6803.868984088132,6208.0432813881325
459400,G06007315,low,True,4768.222,0.7130643653791515,1279.3932888711236,1319.9367064486694,1279.4005714317232,1255.9537169097232,1142.1023477397232,1321.012490474723,1148.6895673617232,1362.5978797137232
459570,G06007307,medium,False,6790.634,0.8407500276235722,3068.7713461699996,2988.8979858894304,3068.8025078499986,3015.537357349999,2756.913774049999,3264.0792690499984,2844.8033734499986,3459.334862649999
459740,G06007316,high,False,3065.06,0.7130643653791515,1284.0490303000001,1422.3033781199988,1284.0594230000002,1259.9859519,1143.0923927000001,1976.7004863,1620.1210999,2669.3250004999995
459797,G06007330,high,False,6238.599,0.7130643653791515,2829.3116064686433,2778.9684408153694,2829.33454244864,2780.3136673486406,2542.3259755486406,3097.07738324864,2686.901151848641,3364.8443192486407
459819,G06007311,medium,False,4152.982,0.7130643653791515,1729.811763709487,1812.0136915993003,1729.8204359994902,1697.39762239949,1539.9581108994898,2280.17511669949,1905.64892989949,2830.4923742994897
459833,G06007307,high,False,12640.107,0.8407500276235722,6194.429885879996,5737.330470479432,6194.491261449999,6094.830937549998,5610.868372849998,5599.1320526499985,5080.190093549999,5003.86024425
459886,G06007314,high,False,14261.355000000001,0.7130643653791515,7068.629839788131,6502.01404015524,7068.6891086881315,6956.688376388131,6412.815028788133,6263.017506888133,5717.576069888132,5457.323041388132
459926,G06007313,high,False,4573.262999999999,0.8407500276235722,1900.5657883984748,1959.8441342490469,1900.5689732984717,1865.114536498472,1692.932961798472,2399.184663098472,2018.1279372984718,2897.741893098472
460213,G06007301,low,True,10911.705,0.7130643653791515,3372.9900778464203,3368.38899169166,3373.0164450915236,3318.479488036524,3053.677322296523,2885.029997620523,2645.927041495523,2397.094193014523
460219,G06007327,medium,False,11482.843,0.7130643653791515,5664.728505088138,5276.448086695245,5664.770645088132,5573.597155488133,5130.881151388132,5214.2126708881315,4713.494009688132,4763.683814088132
460265,G06007310,medium,False,8203.449,0.7130643653791515,3840.1137703081336,3663.7599392152406,3840.130590688132,3776.0503366881326,3464.889760888132,3851.1106367881316,3408.548131788132,3862.0814146881316
46029,G06007322,high,False,2247.205,0.7130643653791515,936.8324592900008,1116.9333255000015,936.8387345499998,919.2568934499998,833.8879561499998,1740.0942299499998,1397.4604966499999,2543.3327923499996
460312,G06007330,low,True,1910.5350000000003,0.7130643653791515,511.3698484986003,573.0142967009998,511.3759301595001,501.81630543449995,455.39130631049994,789.6163002195001,647.1341515874999,1067.8732172925002
460377,G06007314,low,True,4020.669,0.8407500276235722,1056.0718539749612,1102.248385580818,1056.0781343126587,1036.3101738626585,940.3233599396589,1160.3780268926587,995.9596951946586,1264.6551528476589
460389,G06007313,high,False,8343.506000000001,0.8407500276235722,3894.776633479998,3714.5316838994304,3894.8066724499995,3829.2737289499983,3511.113002549999,3881.1816246499993,3435.544997949999,3867.513874449999
460554,G06007329,medium,False,1849.244,0.7130643653791515,789.9890900000016,988.800542220002,789.9903814799999,775.4219357799999,704.64618018,1644.50211178,1308.33214658,2499.04832898
460576,G06007301,low,True,6527.125,0.7130643653791515,1898.1854349054222,1927.9200025156676,1898.2101097815232,1865.5607789835235,1707.0828447255233,1783.2524847075233,1591.1870612085236,1668.3145295565232
460643,G06007314,low,True,3318.858,0.7130643653791515,887.0778297486005,938.925651097001,887.0818014009,870.6004662788998,790.5681263529,1047.3983697729,890.0390623269,1207.7173521159
460867,G06007310,medium,False,8508.141,0.7130643653791515,4003.9223327281384,3808.0096401952387,4003.942037288132,3937.4321692881317,3614.4772658881316,3973.494245188132,3525.7337823881317,3942.984325788132
460868,G06007310,high,False,18796.131,0.7130643653791515,9573.393140388143,8713.684878575245,9573.501884088133,9424.270385488131,8699.809026488132,8134.251339988132,7508.892744388132,6695.096919188132
460984,G06007306,high,False,8131.388000000001,0.8407500276235722,3818.81003391,3652.0830291294315,3818.857240449999,3754.433853749999,3441.7300784499985,3824.4155315499984,3381.190040049999,3830.005259649999
461033,G06007325,medium,False,9343.29,0.8407500276235722,4386.763783210003,4142.135166489431,4386.780312249999,4313.949202049998,3960.338195449999,4248.755880049999,3787.3939712499996,4110.648354349999
461064,G06007310,low,True,9534.237000000001,0.7130643653791515,2906.359993390222,2912.323385093667,2906.3862662235224,2858.783677588522,2627.6249536665223,2536.4167142805227,2312.223740221523,2166.476253910523
46108,G06007316,medium,False,383.36999999999995,0.7130643653791515,158.20340380000158,433.73969886000066,158.20382510000002,155.22898729999997,140.7820365,1210.3342693,899.0778079,2262.4613703
461212,G06007324,high,False,8544.716,0.7130643653791515,4032.155091368131,3834.03379875524,4032.183111488132,3965.2552345881318,3640.261110588132,3994.5750820881317,3545.9298069881315,3956.9202501881323
461235,G06007306,medium,False,8616.243999999999,0.8407500276235722,4039.025792880002,3841.6144430994286,4039.075640249999,3971.4050901499986,3642.8529173499983,3988.9201640499987,3538.7365437499993,3938.7311251499987
461309,G06007326,low,True,10220.986,0.7130643653791515,3121.2632091174214,3120.2474716176694,3121.293140587523,3070.4998491015235,2823.855738661523,2696.9622120855233,2465.9156602395233,2272.6654709115232
461392,G06007326,low,True,3709.423,0.7130643653791515,979.851298356001,1028.3860152019997,979.8572759220001,961.57340055,872.787724389,1109.437451544,948.2065758659999,1239.007937766
461475,G06007306,high,False,9626.106,0.8407500276235722,4624.312346940011,4360.741580039425,4624.347050049999,4547.988085849999,4177.181789449999,4426.148538449998,3957.2422612499986,4228.068910849999
461563,G06007311,medium,False,3167.392,0.7130643653791515,1323.0715453599992,1456.0725154999993,1323.0811517600002,1298.2601723600003,1177.7426283599998,2003.00378606,1644.81570596,2682.9088478599997
46166,G06007307,high,False,13741.487,0.8407500276235722,6729.722091800001,6201.842756999433,6729.769583249998,6622.159966849998,6099.672670349998,5999.105996049999,5463.07491545,5268.328635149999
46175,G06007313,low,True,6035.28,0.8407500276235722,1701.7554643113183,1735.3559393586972,1701.76917521552,1671.64893909752,1525.3928103585201,1629.72087905852,1443.07067883452,1557.6927336405201
461929,G06007302,high,False,11403.442,0.8407500276235722,5318.780581176266,4962.14975171105,5318.819019926265,5229.648140226264,4796.592182026265,4901.969282226265,4405.561054626265,4485.041647126265
462027,G06007302,high,False,10780.82,0.8407500276235722,5024.391455546268,4707.7880857010505,5024.449160126264,4939.622954526265,4527.766504226264,4682.029735826265,4194.9766030262645,4339.625585526264
462040,G06007322,high,False,3958.3160000000003,0.7130643653791515,1658.9734471900003,1750.123642430001,1658.98574446,1628.0686724599998,1477.93218416,2234.96954366,1863.6812921599999,2810.9390559599997
462115,G06007311,medium,False,8547.987,0.7130643653791515,4143.133148188137,3943.7250667752355,4143.179313488132,4074.578478488132,3741.521371888132,4077.4457597881315,3625.253783788132,4011.8296534881315
462255,G06007301,medium,False,4417.68,0.7130643653791515,1847.8520330183003,1913.823121262139,1847.8546806883026,1813.587257888302,1647.1718667883022,2366.703598688302,1988.2009351883019,2885.4938465883015
462429,G06007315,high,False,22923.665,0.7130643653791515,11785.646931268127,10660.012757275239,11785.773036288132,11603.730606388133,10719.777114188131,9786.918975688131,9091.07823188813,7788.203761388131
462472,G06007302,low,True,16212.109999999999,1.4172145412832236,5038.978088280949,4998.4885093507355,5039.038483369547,4957.783965619547,4563.219031576546,4095.7174630725467,3799.259876782547,3152.5024152645474
462474,G06007328,high,False,17320.96,0.8407500276235722,8715.794352210003,7956.765223449434,8715.87082925,8578.78819405,7913.078236649999,7482.7838978499985,6883.469692649998,6249.717618049999
462494,G06007315,low,True,6535.016,0.7130643653791515,1852.9571554314168,1877.5443844116646,1852.9602637695232,1821.0024125295233,1665.803493199523,1749.4792432965232,1558.8552284235234,1645.9491900495232
462621,G06007322,high,False,12949.189,0.7130643653791515,6354.34927068813,5872.307876135237,6354.393104888131,6252.981892688131,5760.622340888131,5729.452090688132,5206.735785388132,5104.397899888131
462742,G06007307,low,True,5345.097,0.8407500276235722,1447.1299560628056,1483.77690221343,1447.136047513907,1420.8010707619067,1292.9195886769064,1439.5327148209067,1260.9992625439063,1431.9105645319064
462767,G06007315,low,True,6829.919,0.7130643653791515,1970.0875266648216,1994.239669565668,1970.106354775523,1936.4010096615234,1772.7514782945232,1836.959976643523,1642.6252874115235,1703.8151750865231
463024,G06007324,high,False,7695.727,0.7130643653791515,3598.2013767186427,3454.1785492853696,3598.221680188641,3537.742802788641,3244.062406788641,3670.5839904886407,3235.7742686886404,3743.001023088641
463278,G06007306,medium,False,3550.6440000000002,0.8407500276235722,1469.9338076000008,1583.3486745400023,1469.93595752,1442.3148402200002,1308.17290002,2102.04916582,1737.82697482,2734.1188039199997
463368,G06007302,high,False,5885.6,0.8407500276235722,2641.027751768135,2615.8598964258085,2641.0505724281325,2594.502407528133,2368.489515528133,2950.875735428133,2546.006599528133,3260.7917821281326
463463,G06007330,medium,False,5768.982,0.7130643653791515,2533.9043050081254,2514.5371799852346,2533.8952997581323,2489.247099658132,2272.333233858132,2875.5528394581315,2474.723244458132,3217.1057667581317
463475,G06007323,high,False,12103.372,0.7130643653791515,5944.418791238135,5516.4311335852435,5944.470238288131,5849.133776588133,5386.275002388131,5423.160702588131,4913.496743988132,4901.908621088132
46354,G06007313,low,True,4448.978,0.8407500276235722,1204.4367097945499,1246.22512757901,1204.4417011774485,1182.6105939844485,1076.6186888884486,1273.6489635064486,1104.7959442504484,1342.8688490194486
463744,G06007324,high,False,14902.625,0.7130643653791515,7350.915301788133,6742.446003055242,7350.948287888132,7234.724442388131,6670.533105988132,6473.986655588131,5919.395150088131,5596.947555288132
463770,G06007308,high,False,22136.521,0.8407500276235722,11258.990165399995,10188.845801799433,11259.08292805,11084.215276349998,10235.19111685,9382.753300449998,8702.273824149997,7506.482947149998
463851,G06007324,medium,False,2961.711,0.7130643653791515,1234.9906425700012,1378.5068330999968,1234.99914473,1211.82122993,1099.28812023,1942.9338180299999,1588.27682413,2650.8469805299997
46390,G06007316,high,False,6871.882,0.7130643653791515,3139.5874219681323,3049.270244175236,3139.6084290881317,3085.9292581881323,2825.270196288132,3327.758051388132,2907.567993288132,3515.8842619881316
463907,G06007322,high,False,15260.56,0.7130643653791515,7725.947707378133,7094.136164405247,7726.038103088133,7604.243160388132,7012.927704588134,6754.068938588132,6187.628060988133,5782.214244288132
464270,G06007314,high,False,13462.574,0.7130643653791515,6590.410863628131,6075.309824655242,6590.431854688133,6485.5463708881325,5976.161348688132,5905.793619288132,5375.551680088131,5221.053038988131
465081,G06007316,low,True,6699.588,0.7130643653791515,1939.3474569198208,1965.8894711716687,1939.3587034215232,1906.1153146905228,1744.6674966765231,1813.999038412523,1620.627876724523,1688.6497445895234
465175,G06007315,high,False,19943.231,0.7130643653791515,10106.286558158135,9172.726518265234,10106.342467088132,9949.270191288131,9186.422344388131,8532.36437668813,7890.088121888132,6958.318942488131
465245,G06007314,medium,False,1784.9010000000003,0.7130643653791515,743.1900356299982,946.9638330000064,743.1954976300003,729.2423715299999,661.5027588300002,1608.31268143,1273.47399253,2473.4160919299998
46526,G06007313,medium,False,7794.234,0.8407500276235722,3617.755415441522,3471.496927489816,3617.7785565015256,3556.473635401526,3258.831055601526,3676.2410922015256,3239.6618266015257,3734.775332801526
465289,G06007322,high,False,22179.757999999998,0.7130643653791515,11253.52261629813,10176.188947105242,11253.592389488133,11079.471523288132,10233.93811428813,9389.45648388813,8710.51539568813,7525.281871788131
465741,G06007306,low,True,3296.639,0.8407500276235722,862.487098521301,913.5453103980017,862.4922087411,846.2935112121,767.6367703641,1027.6041486171,870.8552233491,1192.6975150221
465793,G06007311,high,False,2742.246,0.7130643653791515,1143.5476476900003,1298.249019069997,1143.55242958,1122.09588118,1017.8880016800001,1880.7254132799999,1529.75614388,2617.90106048
46589,G06007317,medium,False,4435.192999999999,0.7130643653791515,1862.4713327583036,1927.9839688021384,1862.481315468302,1827.906412968302,1660.0288199683018,2376.1969344683016,1997.0484288683022,2889.866357068302
465907,G06007312,low,True,6760.821,0.7130643653791515,1941.4744977210214,1965.710437253668,1941.4845390075232,1908.2121271845233,1746.621700480523,1815.5941975305232,1622.1544192035235,1689.6910042425234
46600,G06007302,medium,False,10327.887,0.8407500276235722,4803.20553993626,4515.043154191052,4803.224546326266,4721.705484826264,4325.766687326265,4516.793160926264,4036.7856484262657,4230.362311126264
466989,G06007315,high,False,3601.832,0.7130643653791515,1523.9458374399997,1633.2423544700002,1523.95917323,1495.61112963,1357.98555403,2143.86507233,1778.1007524300003,2763.77163423
467167,G06007322,low,True,3435.183,0.7130643653791515,902.7195920186803,953.2000495499074,902.7264343730793,885.7944265460794,803.5766798090791,1055.3417895680795,897.0232068260794,1207.9419702680793
467170,G06007316,medium,False,2135.373,0.7130643653791515,885.468352490003,1071.325249000003,885.4721489899999,868.8386763899999,788.0614560900001,1704.83769729,1364.2370981899999,2524.18083099
46722,G06007315,high,False,14662.878,0.7130643653791515,7352.555908498138,6759.443796285239,7352.6375978881315,7236.3824287881325,6672.004852688131,6475.129045188132,5920.569388088133,5597.7228079881315
467438,G06007323,high,False,8115.283,0.7130643653791515,3906.9787164181357,3735.850727825247,3907.0149320881324,3841.9437379881315,3525.9011486881323,3901.015157388132,3456.3680785881324,3895.118785688132
467449,G06007301,medium,False,4585.753000000001,0.7130643653791515,1972.5410901999987,2026.1427941899997,1972.55551665,1936.5999114500003,1762.0214184499998,2462.7879121499996,2080.67649975,2953.0179163499997
468010,G06007312,low,True,8696.957,0.7130643653791515,2603.379024475825,2613.588365853664,2603.3985843315236,2560.2911675385226,2350.980323677523,2310.0815578905226,2095.522088656523,2016.7844627595232
468173,G06007317,low,True,938.198,0.7130643653791515,246.41132089139995,313.50547101999973,246.41265659220002,241.78941211320003,219.33294921720005,608.7469629702,476.8654442592,971.0831499612001
468195,G06007325,low,True,6216.468999999999,0.8407500276235722,1731.7609034418006,1760.784253143604,1731.7689005294992,1701.2091936734994,1552.8021743744996,1652.1396619124994,1464.5270045774996,1572.4999687604995
468240,G06007325,high,False,7269.826999999999,0.8407500276235722,3303.4064604999985,3192.5209964194287,3303.4267308499993,3246.6770895499994,2971.147992449999,3439.3892096499985,3012.5982095499994,3575.3057305499988
468282,G06007311,medium,False,11276.11,0.7130643653791515,5517.424073498138,5142.732206725239,5517.4711916881315,5428.473166588132,4996.398813288131,5104.176530588131,4608.137579488131,4690.897479288132
468354,G06007310,medium,False,5529.284,0.7130643653791515,2422.5972839681313,2418.8094879752393,2422.604745288132,2379.572048488132,2170.602485788132,2792.130676988132,2394.7980165881318,3161.591724888132
46838,G06007328,high,False,9549.247,0.8407500276235722,4525.430136479998,4267.417846879431,4525.453464849998,4450.579743649999,4086.9311694499993,4352.293334249998,3886.54563135,4179.170731249998
468414,G06007313,medium,False,6055.849,0.8407500276235722,2651.3740675581316,2615.034973755238,2651.3590118181314,2604.7962740181315,2378.5456620181317,2960.2295727181317,2555.280436118132,3268.978380618132
468496,G06007327,medium,False,6240.758,0.7130643653791515,2795.494983628129,2745.8297768352395,2795.502555288132,2746.936501088132,2511.0885616881314,3070.7125607881317,2661.4888414881316,3345.853432988132
468548,G06007323,medium,False,7086.346,0.7130643653791515,3251.2021468681287,3147.0489033952376,3251.2176378881322,3195.8819179881316,2927.1866548881317,3411.161791988132,2987.404496688132,3571.0337781881317
4686,G06007306,high,False,9499.628,0.8407500276235722,4479.96749178,4225.164130699429,4479.999602449999,4405.7728490499985,4045.426431349999,4318.358155149999,3854.0181265499987,4156.732306849999
468622,G06007310,low,True,6487.732,0.7130643653791515,1838.8977482220223,1863.9679168636671,1838.8951212795232,1807.158503737523,1652.9693145135234,1738.9630932255232,1548.817239217523,1638.976080157523
468653,G06007316,high,False,4728.758,0.7130643653791515,2092.796609860511,2136.636393259563,2092.825709790508,2055.131903390508,1872.138214390508,2553.558466890508,2167.742464190508,3014.3250422905076
468921,G06007317,medium,False,3080.109,0.7130643653791515,1397.8201710900016,1527.007730749999,1397.8325308400003,1373.0263893400002,1252.5239930400003,2077.90717674,1719.75388874,2758.04911584
468962,G06007322,low,True,6372.025,0.7130643653791515,1821.9982153704211,1850.3519876136713,1822.010107987523,1790.5062864075232,1637.5259180625233,1726.335208417523,1536.707659441523,1630.6549101885234
46901,G06007326,high,False,8593.593,0.7130643653791515,4081.51517423813,3880.228050825236,4081.5613566881316,4013.8880206881317,3685.335054388132,4031.4394212881316,3581.240144088132,3981.292238088132
469313,G06007323,medium,False,11702.047999999999,0.7130643653791515,5737.902109368126,5335.97355655524,5737.953943688133,5645.694808988132,5197.720720488132,5268.867005888133,4765.821984088131,4799.823566188132
469335,G06007306,high,False,2574.022,0.8407500276235722,1144.8187412210182,1302.775338300258,1144.8248355810183,1124.2385179810178,1024.231245781018,1896.803756481018,1547.712128381018,2648.854397981018
46951,G06007302,high,False,4797.283,0.8407500276235722,2010.4205313499997,2059.9079497599996,2010.4400646899999,1972.7470476899998,1789.7390259899998,2471.0789469899996,2085.2518198899998,2931.71544949
469642,G06007330,high,False,7514.668000000001,0.7130643653791515,3566.3039887781356,3434.0448794452423,3566.336701488132,3506.322391388132,3214.852343588131,3646.514930388132,3212.7321115881323,3726.765912488132
469652,G06007310,high,False,3733.756,0.7130643653791515,1540.8793329799973,1644.9777344200002,1540.88450788,1511.91038988,1371.20317118,2149.9443636799997,1782.82115798,2758.9647061799997
469824,G06007328,medium,False,4116.139999999999,0.7130643653791515,1736.41045273,1820.134342909429,1736.423544209999,1703.9884399099988,1546.4835704099992,2286.567493709999,1912.032166809999,2836.698259509999
470053,G06007314,medium,False,4750.473,0.7130643653791515,2069.5156466598273,2111.2487194831006,2069.5260884998306,2032.31386659983,1851.5645461998301,2538.12608439983,2153.29792749983,3006.72573259983
470117,G06007306,high,False,3774.0530000000003,0.8407500276235722,1562.0446905100016,1664.0524891800005,1562.0465683900002,1532.6958628899997,1390.1397588900004,2164.63540769,1796.6951185900002,2767.17896879
470138,G06007324,high,False,18041.072,0.7130643653791515,9349.732179828115,8538.250680635243,9349.857324488132,9203.967064288132,8495.509091288133,7967.084556988133,7348.906942488132,6584.606745788133
470144,G06007316,medium,False,4320.218,0.7130643653791515,1905.49365006,1971.03112868,1905.51313796,1871.15769166,1704.35878466,2423.08777706,2044.42826686,2940.6984610599998
470301,G06007301,low,True,4162.926,0.7130643653791515,1117.1844057591034,1163.3191110869986,1117.1937736638001,1096.5499880958,996.3211425678,1206.6267659718,1040.3306028498,1296.0568287168
470456,G06007329,medium,False,5953.137000000001,0.7130643653791515,2647.5029471281346,2616.153724315233,2647.5165316881316,2601.1397427881316,2375.946636188132,2960.128161588132,2555.6236670881317,3272.746443988132
47051,G06007317,low,True,7595.175,0.7130643653791515,2217.0607572381227,2234.2223080486688,2217.071116567524,2179.7031432255235,1998.2582967615233,2021.4914955075237,1819.2577413465233,1825.8647815695235
470586,G06007325,low,True,8026.202,0.8407500276235722,2355.5773279268983,2372.083298598601,2355.594921697499,2315.771318542499,2122.3861054515,2118.1643038064994,1910.6626778894993,1880.7580531184994
470587,G06007317,low,True,6081.308,0.7130643653791515,1710.041013807924,1739.1629860466678,1710.0473073315234,1680.206762926523,1535.3044566855233,1642.7057609565231,1456.637572813523,1575.3362313675232
470693,G06007328,medium,False,9577.400000000001,0.7130643653791515,4586.612214959994,4326.876114699427,4586.6513962499985,4510.861932849998,4142.797208249999,4398.003501449999,3930.322929849999,4209.378760149999
470893,G06007310,high,False,3013.166,0.7130643653791515,1413.8290547000063,1544.896392360001,1413.8448928200003,1389.0591596199997,1268.6534074200001,2094.30566262,1736.2125708199999,2774.87055512
470962,G06007307,high,False,2981.8509999999997,0.8407500276235722,1235.6166567899995,1378.168278220003,1235.62140073,1212.4067589300003,1099.6698538300002,1942.84060613,1588.09458653,2650.03015293
471029,G06007314,high,False,14658.920999999998,0.7130643653791515,7302.895153218125,6710.266778225239,7302.950255488131,7187.4760915881325,6626.696511688131,6438.017924188131,5885.1113201881335,5573.096984988131
471061,G06007314,low,True,985.6579999999999,0.7130643653791515,263.91711842369995,331.2035492569999,263.91786368219994,258.98787295920005,235.0268290692,620.9873210442,488.44515195120005,978.0690493572
47114,G06007313,medium,False,4124.211,0.8407500276235722,1719.2747868700048,1803.3504157799996,1719.2874677300001,1687.01985973,1530.3504324299997,2272.3402125299995,1898.15415753,2825.3587402299995
471183,G06007315,high,False,5817.804,0.7130643653791515,2603.777773148131,2581.3996732752416,2603.797749488132,2558.075570288132,2336.0319410881316,2927.4655953881315,2524.3798362881316,3251.1044174881317
471190,G06007329,high,False,11325.511999999999,0.7130643653791515,5528.190397178134,5150.4180934652395,5528.238848288132,5439.076074188131,5006.231858788131,5112.225606488131,4615.825631188131,4696.231452388132
471436,G06007322,medium,False,4550.818,0.7130643653791515,1916.3195727486388,1974.9574755753667,1916.3253631886407,1880.878226488641,1708.752009288641,2415.1447555886407,2034.110897488641,2913.913094488641
4715,G06007326,high,False,11646.831,0.7130643653791515,5722.194203298126,5323.433860685249,5722.232313888131,5630.212683088132,5183.353121588132,5257.130258488132,4754.573971888131,4792.0919146881315
471516,G06007322,low,True,13279.662,0.7130643653791515,4125.437156463922,4097.927752404668,4125.465838045523,4059.7615460355223,3740.740599574522,3447.1734006375227,3184.0656842925237,2768.898999373523
471863,G06007306,medium,False,9467.76,0.8407500276235722,4474.944935299998,4222.418312759431,4474.976489649998,4400.8364407499985,4040.8643518499985,4314.614479249999,3850.4783870499996,4154.184671149999
471950,G06007327,low,True,6822.8589999999995,0.7130643653791515,1962.6983281068253,1986.4146241556678,1962.712554949523,1929.113105842523,1765.9956618285228,1831.457865154523,1637.320692325523,1700.199240757523
471951,G06007312,low,True,3228.207,0.7130643653791515,847.8836781660023,899.7537808770023,847.8892854242999,831.9761226692998,754.7136725583,1017.8977032993,861.7625993792999,1187.8875556413
472137,G06007301,medium,False,10312.158,0.7130643653791515,4961.917162868131,4649.447335135241,4961.936557488132,4881.214085188132,4489.181401688133,4689.161247488131,4210.847448688132,4416.395027088132
472202,G06007327,low,True,3351.203,0.7130643653791515,869.432271718503,919.3225486199977,869.4321920487001,853.0790268357,773.6503351437,1031.8374292197,874.7454661167,1194.2126525607
472313,G06007316,high,False,7631.6759999999995,0.7130643653791515,3556.1242243481297,3416.7473382352423,3556.1548562881326,3496.285521488132,3205.6034088881324,3638.9407201881318,3205.477516088132,3721.699073488132
472583,G06007306,medium,False,8213.606,0.8407500276235722,3817.6363515899975,3645.8672991094304,3817.6668208499996,3753.2855030499995,3440.6865673499997,3823.5405522499987,3380.383516749999,3829.3761643499993
472968,G06007310,low,True,7386.226000000001,0.7130643653791515,2157.679082858766,2177.3095733798514,2157.6887686866644,2121.2213305116643,1944.1179828876645,1977.4004572896647,1777.0901792496647,1797.1399286406645
473049,G06007326,high,False,12206.083999999999,0.7130643653791515,6021.879903098132,5587.413003405236,6021.939422888132,5925.452969788132,5457.014294788132,5481.035181188132,4968.924004788133,4940.149819788132
473204,G06007308,high,False,8698.064,0.8407500276235722,4060.661966939999,3857.7539594794257,4060.686273049999,3992.7006835499988,3662.5922579499984,4005.115134249999,3554.193248749999,3949.4687081499987
473227,G06007310,low,True,6410.229,0.7130643653791515,1852.2343499928236,1882.1998124056681,1852.2504040875233,1820.296958626523,1665.1284332055234,1748.9188780155232,1558.3310502165232,1645.5965918385232
473337,G06007310,high,False,6531.819,0.7130643653791515,2953.885747698131,2885.51024486524,2953.901878288132,2902.977431688132,2655.7146905881323,3189.0421561881317,2774.7661524881323,3424.119193388132
473627,G06007316,low,True,2707.6230000000005,0.7130643653791515,714.0645636957012,769.7120027659994,714.0707055027,700.6793993576999,635.6658082886998,927.0619698927001,776.3483246097001,1140.0401539707
473879,G06007317,low,True,2845.97,0.7130643653791515,742.4985165380997,796.372455458999,742.501566387,728.5495150080002,660.7959592499999,945.875057682,793.9501438440001,1149.230358987
473970,G06007317,low,True,4277.6810000000005,0.7130643653791515,1131.38087040688,1176.2934211065137,1131.3906711782784,1110.2815839902787,1007.7973177982785,1212.8872417622786,1045.5957153692784,1294.3636188932787
474000,G06007316,low,True,7118.128999999999,0.7130643653791515,2068.4569040592232,2090.5145588216674,2068.4672962935233,2033.303607460523,1862.560883161523,1910.4678349695232,1712.9686666365228,1752.447772267523
47407,G06007314,high,False,3525.873,0.7130643653791515,1468.4091776294936,1582.7680806998717,1468.417448869491,1440.894714069491,1307.251863769491,2102.269844069491,1738.2760082694908,2736.0869292694906
474078,G06007326,high,False,2329.523,0.7130643653791515,972.4745949199983,1148.3867647099992,972.4814694900001,954.23459929,865.64310269,1764.43154599,1420.36626819,2556.3613807899997
47490,G06007326,medium,False,9514.428,0.7130643653791515,4539.495330008132,4278.6449930352455,4539.518606488133,4465.056465688131,4103.480154088131,4373.597438288132,3908.7328288881317,4207.671776688132
475143,G06007330,low,True,164.935,0.7130643653791515,42.510974618700025,114.65794320399999,42.51088677149999,41.710331785499996,37.8213618195,469.99455495150005,346.3274127045,897.4764468465
47525,G06007317,low,True,6535.2880000000005,0.7130643653791515,1859.317710647123,1884.4652989926683,1859.3245366215233,1827.265490182523,1671.6019129035233,1754.225995999523,1563.3898913115231,1649.1102733875232
475498,G06007315,medium,False,7342.358,0.7130643653791515,3392.810350508132,3272.1283113752397,3392.8308388881323,3335.3914568881314,3056.4857583881317,3516.946083288132,3088.6804525881325,3641.003706588132
475616,G06007317,medium,False,4260.543,0.7130643653791515,1786.2379526499994,1861.0664978600005,1786.2481018099998,1753.0492133099997,1591.8381889099996,2323.36866911,1947.17180841,2860.46482011
475868,G06007322,low,True,2725.548,0.7130643653791515,710.8111006793999,765.480448739999,710.8139315592,697.4557511292,632.5889700942001,924.3173453141999,773.6677373262,1137.8019493482
475900,G06007313,medium,False,16940.908,0.8407500276235722,8570.722407710002,7835.939812009428,8570.845652049999,8435.865663249999,7780.5841780499995,7374.369944549999,6779.652957649998,6178.097512749999
475910,G06007328,high,False,10400.253,0.8407500276235722,5045.298237559998,4732.125411539433,5045.338832649999,4962.738510849998,4561.593436349999,4740.663066749998,4258.356333649999,4436.051085549999
47592,G06007330,medium,False,7327.4580000000005,0.7130643653791515,3342.7894128281396,3222.1927710752325,3342.7791962481324,3286.2380732481315,3011.497433748132,3481.4656793481317,3055.1064015481325,3620.011235148132
475944,G06007317,medium,False,4759.515,0.7130643653791515,2081.0788248500016,2124.690665260002,2081.1080124500004,2043.3786440499998,1860.2322439499999,2541.27698015,2155.3855394499997,3001.4666414499998
476003,G06007328,medium,False,3853.881,0.7130643653791515,1601.0277354900004,1698.9526720199997,1601.0380368300002,1570.9698177299997,1424.9712684299998,2191.5319820299997,1822.06841013,2781.99274343
476180,G06007301,low,True,5685.561000000001,0.7130643653791515,1599.79910688872,1634.4224454846699,1599.810855355523,1571.601542671523,1434.636532846523,1560.3417655785233,1377.791300749523,1520.8665169215233
4763,G06007330,low,True,4801.839,0.7130643653791515,1293.656024787926,1334.2355293086716,1293.6643614141233,1270.0077104661232,1155.1364670561231,1331.695705760123,1158.9271999011232,1369.7002576551233
476404,G06007316,high,False,3909.4739999999997,0.7130643653791515,1630.3389258994864,1725.331269969868,1630.3525341494908,1599.7615446494908,1451.247437549491,2212.0158777494908,1841.4369349494907,2793.6457243494906
476653,G06007306,high,False,6921.902,0.8407500276235722,3113.4799848010157,3024.2595204696922,3113.4930081210173,3059.6100574210177,2798.0057560210175,3298.3562355210174,2877.708092221017,3483.240442921017
476741,G06007306,low,True,3705.9530000000004,0.8407500276235722,975.2801674769994,1024.0785718170005,975.2852695257002,956.9864030517002,868.1483461077001,1104.6870023727001,943.4223899427,1234.0781963907002
476863,G06007310,medium,False,9994.87,0.7130643653791515,4867.755456038138,4575.729605085238,4867.804338488131,4788.472988688132,4403.197745388132,4618.775123688132,4143.519000788132,4369.830074388132
47694,G06007316,high,False,12942.231,0.7130643653791515,6215.525208628136,5734.012901275239,6215.460449688133,6116.238392488132,5633.915114388132,5625.739762888132,5107.562681488132,5035.660593788132
476974,G06007302,high,False,11739.546999999999,0.8407500276235722,5468.703893276264,5090.199596671048,5468.724438526266,5377.345123226265,4933.489595926264,5013.967822626265,4512.799581826265,4559.104719726265
477436,G06007316,medium,False,2424.834,0.7130643653791515,1001.3586109700009,1172.420709190002,1001.3603346200002,982.5345553200002,891.10662912,1783.35490712,1438.0348221200002,2565.31939652
47759,G06007306,medium,False,7290.826999999999,0.8407500276235722,3328.7253706799984,3216.39157303943,3328.7521276499992,3271.6203374499983,2994.264944649999,3458.3010464499994,3030.710738949999,3587.8106538499987
477639,G06007306,low,True,2924.2400000000002,0.8407500276235722,775.6259910902992,830.3515925950011,775.6340399640001,761.107266045,690.5692910340001,969.2446359630001,816.0954292019999,1162.84974252
477826,G06007330,medium,False,3444.698,0.7130643653791515,1419.1530787099987,1538.0419982300007,1419.1548399399999,1392.4614432399999,1262.82338074,2067.06372974,1704.8331597400002,2714.9293201399996
477981,G06007326,high,False,3679.062,0.8407500276235722,1649.4233577800028,1745.5757921,1649.4396678400003,1620.2311484399997,1478.3766577399997,2254.55445564,1886.94107754,2859.72779474
478009,G06007314,high,False,4329.135,0.7130643653791515,1839.1112561594894,1909.818193459867,1839.1201564194914,1805.0791894194906,1639.755070519491,2361.8442764194906,1983.840828019491,2884.5551065194904
478081,G06007328,medium,False,11176.927,0.7130643653791515,5377.215960919996,5014.371852839432,5377.247608249999,5289.720530549998,4864.694762249998,4988.661108049999,4495.743564949999,4600.056336649999
478097,G06007317,medium,False,10388.4,0.7130643653791515,5001.13160913813,4683.63880166524,5001.159714088133,4919.827803688133,4524.979653388133,4718.4819246881325,4238.869368188132,4435.815147788132
47825,G06007311,low,True,4158.099,0.7130643653791515,1091.5306095893811,1136.5192292715103,1091.5358250632785,1071.1204643282788,971.9930873642786,1184.8142065832787,1019.0026785212788,1278.064617867279
478256,G06007317,high,False,8606.337,0.7130643653791515,4088.6353514481384,3886.0003179952387,4088.651078088132,4020.885447688132,3691.799301888132,4036.770838588132,3586.3050747881325,3984.8705683881317
478490,G06007330,low,True,2236.3940000000002,0.7130643653791515,590.5896710238023,649.3804699200019,590.5950374646001,579.5213269986,525.7647345636001,843.0890808486,697.3549611096,1095.5741062866
47852,G06007325,high,False,4191.6810000000005,0.8407500276235722,1744.4255784205097,1824.904628380129,1744.434860020509,1711.6993932205091,1552.7412951205088,2289.470411520509,1914.2684112205093,2834.481531820509
478538,G06007311,medium,False,6934.83,0.7130643653791515,3202.323374718135,3107.7010067052393,3202.347874688132,3147.7279198881324,2882.5351570881317,3374.6306059881317,2952.4259232881323,3546.907533088132
478609,G06007325,medium,False,6718.1630000000005,0.8407500276235722,3024.128669050001,2948.5803567894313,3024.148069249999,2971.5495153499996,2716.133553049999,3230.720097649999,2812.8572753499993,3437.3033717499993
47886,G06007308,high,False,5477.451,0.8407500276235722,2439.6687307518646,2437.4381069641854,2439.677540701867,2396.581840601867,2187.2352781018667,2807.9779606018665,2410.503456001867,3176.3165095018667
478861,G06007317,medium,False,5145.611,0.7130643653791515,2186.1594201491475,2205.4464540860713,2186.1546083091516,2146.814632209151,1955.8045862091508,2618.681484609151,2229.2554645091514,3051.166848809151
478871,G06007324,low,True,8047.549999999999,0.7130643653791515,2354.634240397821,2366.6540371496685,2354.6372414595235,2315.230069753523,2123.8728098415236,2124.278824081523,1917.6439640715234,1893.855682519523
478917,G06007315,low,True,12265.341,0.7130643653791515,3856.5694021479217,3844.581935792665,3856.611633895524,3794.8895805795237,3495.218715253524,3246.288499714523,2991.776305360523,2636.043066394523
47894,G06007314,high,False,14828.841,0.7130643653791515,7489.616164978128,6885.223531005242,7489.7012238881325,7371.400893988133,6797.116809088133,6577.513432488133,6018.5747071881315,5665.484808088133
478956,G06007323,medium,False,4521.152,0.7130643653791515,1913.732293258132,1974.127265955238,1913.7477557381321,1878.3573087381324,1706.5314244381316,2413.608691438132,2032.7193748381321,2913.432517338132
479205,G06007306,low,True,8302.864,0.8407500276235722,2460.735544749944,2475.158638526185,2460.751446794141,2419.476496448141,2219.0361668061414,2198.6014721571414,1987.976846906141,1936.5224224161414
479309,G06007310,medium,False,2726.2540000000004,0.7130643653791515,1120.2147861199924,1275.872457200002,1120.21525122,1099.1336970200002,996.7473092199998,1863.75198572,1513.57994022,2607.25308272
479316,G06007301,medium,False,6188.5689999999995,0.7130643653791515,2823.7996511281312,2777.233769275242,2823.8290042881317,2774.8259508881315,2536.909709688132,3091.8322379881315,2681.7137669881313,3359.857476088132
47935,G06007322,medium,False,14063.341999999999,0.7130643653791515,6912.374117158124,6358.5158422452405,6912.400136688131,6802.723260388131,6270.145612388131,6146.346767288131,5605.826411788133,5380.143169188132
479419,G06007314,medium,False,5129.472,0.7130643653791515,2240.7388888888095,2261.660469442269,2240.757238818811,2200.548621018811,2005.2692141188113,2658.3239226188107,2267.0960461188106,3075.879309418811
479442,G06007301,high,False,2985.588,0.7130643653791515,1324.9093537900044,1463.2423261299994,1324.9333344,1300.8174594999998,1183.7731394999998,2017.0985945999998,1660.4553435,2709.3219212999998
479847,G06007314,medium,False,4756.1630000000005,0.7130643653791515,2013.9805399681327,2059.9396530152335,2013.9906709481315,1977.0471268481315,1797.6373522481317,2487.2299904481315,2102.9897117481314,2960.424477348132
479952,G06007330,low,True,5406.877,0.7130643653791515,1486.8280990761239,1521.6176933126671,1486.8356276895229,1460.3084589165228,1331.4963330195233,1475.9458419735229,1297.0038660705231,1465.029924991523
479996,G06007329,high,False,28685.866,0.7130643653791515,14807.897369038132,13310.462915765229,14808.03494868813,14581.105989188134,13479.304154388132,12044.78585468813,11252.471428588131,9281.715091788132
48020,G06007314,high,False,12529.580000000002,0.8407500276235722,6081.421816248136,5626.315295935239,6081.438171688133,5984.136667688132,5511.462096188132,5525.4924205881325,5011.628395788132,4969.389573688131
480322,G06007327,high,False,16411.078999999998,0.7130643653791515,8130.798972358136,7425.099051425243,8130.830071488132,8003.052949488132,7382.6294081881315,7056.573941488132,6477.147740088133,5982.302189488131
480338,G06007327,medium,False,2849.2920000000004,0.7130643653791515,1222.3325822799986,1370.9418179299973,1222.3489399300001,1199.60321503,1089.17239413,1937.70310103,1583.98739933,2653.08440193
48038,G06007316,medium,False,2223.182,0.7130643653791515,917.9179583500002,1099.2839714900008,917.9196208600001,900.6598661599999,816.84798116,1726.63963836,1384.6843973599998,2535.33132106
480529,G06007322,high,False,18547.894999999997,0.7130643653791515,9370.318893058133,8526.864775005237,9370.385900688132,9224.221530588131,8514.421736488132,7982.54042068813,7363.7109599881305,6594.6760982881315
480544,G06007310,medium,False,4743.772,0.7130643653791515,2223.758856219995,2252.220064730005,2223.79084313,2185.91117913,2002.0089822300001,2681.37764313,2295.15462423,3139.0728325299997
48076,G06007317,low,True,8633.869,0.7130643653791515,2567.9938221618245,2577.2710875136677,2568.0079889655235,2525.432155714523,2318.685019552523,2283.6562683705233,2070.234260167523,1999.2763334775232
480877,G06007301,medium,False,4884.1539999999995,0.7130643653791515,2095.6017315398285,2132.8584310725328,2095.6081804798287,2057.512579379829,1872.4680421798291,2549.1217105798287,2162.386219979829,3002.604054479829
480994,G06007315,high,False,5588.026,0.7130643653791515,2466.4882801381314,2458.63783100524,2466.497987488132,2422.810672388132,2210.6665116881322,2824.905486588132,2426.180433888132,3183.288189188132
481095,G06007316,medium,False,5761.81,0.7130643653791515,2546.534338798132,2527.6873659052408,2546.5430284881318,2501.6681550881317,2283.757996488132,2884.715859788132,2483.4195530881316,3222.853422588132
481275,G06007317,high,False,3859.1649999999995,0.7130643653791515,1594.8018441200006,1692.4722959700014,1594.8090947499995,1564.8272314499993,1419.2382608499997,2186.73446625,1817.4508221499998,2778.62035225
4814,G06007328,low,True,9242.597,0.8407500276235722,2783.2540944852035,2792.422822741605,2783.276172211499,2737.1112640514993,2512.8868618034994,2437.6614188205,2216.539380202499,2092.0745176664996
481422,G06007311,high,False,19066.088000000003,0.7130643653791515,9642.444387168125,8765.57990961524,9642.523055888132,9492.284552388131,8762.882124788131,8185.877718188132,7558.291555988132,6729.211901288132
481450,G06007330,high,False,7413.219,0.7130643653791515,3514.4582871481343,3388.7247272752434,3514.511135888132,3455.2321489881315,3167.513828988132,3607.7975476881315,3175.6336956881314,3701.1746133881315
481704,G06007313,low,True,4188.710999999999,0.8407500276235722,1148.9285639104485,1197.329634296014,1148.9431988986485,1127.8214845576483,1025.2657366126484,1230.2365114486486,1062.9288355096483,1311.5533189666485
481913,G06007306,medium,False,2431.888,0.8407500276235722,1015.1667312399999,1185.81123762,1015.1751470400001,996.1255877400002,903.6434006400001,1793.47089174,1447.68466024,2571.75398044
481973,G06007326,high,False,3719.2960000000003,0.7130643653791515,1590.4567999600013,1691.540396300002,1590.46669488,1561.23437148,1419.2409252799998,2195.06166658,1827.38800848,2799.6661355799997
481984,G06007326,low,True,11537.73,0.7130643653791515,3532.200664285521,3517.4403591566697,3532.2233823375227,3475.326571786523,3199.0799609295227,3003.989069803523,2759.8088171115232,2475.739476367523
482036,G06007326,low,True,4142.476000000001,0.7130643653791515,1092.8143907533495,1137.857359374589,1092.8166653431508,1072.467002016151,973.6465832911507,1187.180342445151,1021.5055505911508,1281.512028525151
482236,G06007317,medium,False,1697.1009999999999,0.7130643653791515,700.9631225500009,909.2676420000023,700.9645784300001,687.7867024300001,623.78839723,1579.2128114299999,1246.03060573,2457.44104183
482270,G06007324,high,False,12566.364000000001,0.7130643653791515,6134.353939078133,5676.841428145241,6134.395587288132,6036.235875188133,5559.719126688133,5565.096938188131,5049.329085488133,4995.780401088132
483394,G06007301,medium,False,3238.183,0.8536704995961909,1351.3070186900004,1480.6691602899991,1351.3151736199998,1325.96393682,1202.8550534200003,2022.15453132,1662.8208449199997,2692.98446192
483449,G06007326,low,True,13976.329000000002,0.7130643653791515,4332.683822675126,4296.447773698666,4332.704623057523,4263.916031164523,3929.963973382523,3602.0117125035226,3332.263787653523,2871.3431925885234
483762,G06007323,high,False,6153.683999999999,0.7130643653791515,2744.521472678133,2700.50345948524,2744.5289798881327,2696.7176147881323,2464.546350788132,3032.634833688132,2625.029595588132,3320.670844788132
483839,G06007330,medium,False,1113.9470000000001,0.7130643653791515,469.291906480003,707.4301910700015,469.29574381000003,460.51048430999987,417.83173251,1422.3759057099999,1098.63499041,2375.4678059099997
483961,G06007316,medium,False,2116.07,0.7130643653791515,874.1848897299982,1061.0474339499997,874.1875733,857.7521883999999,777.9425847,1696.949987,1356.7688669,2519.6881073
484089,G06007327,medium,False,4944.803,0.7130643653791515,2108.9316897281224,2142.763542415248,2108.9327896881323,2070.5559230881317,1884.196218288132,2557.805197088132,2170.463817788132,3006.610300088132
484169,G06007317,low,True,2579.0290000000005,0.7130643653791515,673.8822468881999,729.6737388989997,673.8848051480999,661.2259141971001,599.7530129031001,899.2996442121001,750.1536351740999,1124.6979385311
484264,G06007312,medium,False,4043.8520000000008,0.7130643653791515,1696.4540407700033,1781.5417886599992,1696.4631385100006,1665.09158131,1512.69019161,2264.49431081,1892.2178828100002,2832.51117441
484376,G06007323,medium,False,7315.904999999999,0.7130643653791515,3429.707839488137,3310.371393415245,3429.7352476881324,3371.7440960881318,3090.145424288132,3544.489791088132,3115.0504603881327,3659.261797288132
484801,G06007313,medium,False,3025.868,0.8407500276235722,1261.67268604,1401.9140750800007,1261.6809950400002,1238.00255044,1123.03495544,1961.07916764,1605.34277784,2660.46032634
484874,G06007308,high,False,5320.4220000000005,0.8407500276235722,2259.9919546205087,2274.5337659495613,2259.995816620508,2218.767132820508,2018.559539020508,2660.2765829205077,2266.808358420508,3060.518758020508
484976,G06007307,high,False,18309.234000000004,0.8407500276235722,9201.211330179998,8378.396380639426,9201.305545449999,9056.963890949999,8356.29852495,7845.473252049998,7230.576976749999,6489.666842949999
485477,G06007310,high,False,5531.635,0.7130643653791515,2517.280441499829,2508.3694952830992,2517.3012257398295,2473.4135776398307,2260.2837068398303,2872.3241250398296,2473.1804215398297,3227.4064535398293
485532,G06007306,medium,False,5255.589,0.8407500276235722,2312.578437041525,2327.963177500393,2312.596745821527,2270.975415821527,2068.823428921527,2706.123004221527,2311.8459042215272,3099.679803221527
485536,G06007328,high,False,11531.555,0.8407500276235722,5534.259360749998,5148.747559089429,5534.275787649999,5444.4233046499985,5008.0996341499995,5106.022275449998,4608.068185649999,4677.660708349999
485577,G06007310,high,False,3663.814,0.7130643653791515,1566.8566269500018,1671.3737495300004,1566.8705536,1537.9901828,1397.7487296,2177.605369,1810.6988086000001,2788.3516351
485607,G06007317,high,False,7963.6939999999995,0.7130643653791515,3708.6729613781267,3547.8822166452387,3708.6885288881317,3646.5591191881317,3344.8904595881318,3752.9306397881314,3314.5715481881316,3797.101158388132
485704,G06007316,medium,False,8940.542,0.7130643653791515,4272.523617918123,4048.5036531252385,4272.554204488131,4202.050159488132,3859.7108992881317,4174.143463888133,3717.818761888132,4075.7283258881316
485776,G06007308,medium,False,2229.876,0.8407500276235722,917.3554441200033,1098.4093543800013,917.3561818799999,900.0960933799997,816.2718244800001,1726.0313145799998,1384.07272448,2534.6778134799997
486249,G06007330,low,True,3071.6,0.7130643653791515,804.7823219163031,857.4673239929984,804.7869265800001,789.6754932570002,716.3036413470002,988.446438786,834.0331001070001,1172.0878384920002
486339,G06007316,high,False,7701.756,0.7130643653791515,3590.9667059881313,3446.9976728352412,3590.992548288132,3530.6009251881324,3237.4097484881327,3664.987791388132,3230.3857696881323,3738.9411155881317
486379,G06007325,high,False,10555.113000000001,0.8407500276235722,5047.365097749994,4724.902812009435,5047.40634385,4964.7710570499985,4563.543999049999,4742.247101249999,4259.8784667499995,4437.010160949999
486396,G06007313,medium,False,5699.218999999999,0.8407500276235722,2480.3150606091485,2469.300692295499,2480.3202269691496,2435.9649513691493,2220.5234148691497,2827.13203096915,2426.9706711691497,3173.8867844691495
486467,G06007323,high,False,14110.302,0.7130643653791515,6927.141407248135,6370.384752795242,6927.166479488133,6817.276480988132,6283.635945288132,6157.373840088132,5616.390690688132,5387.4301540881315
486648,G06007315,high,False,6829.224,0.7130643653791515,3125.425329858132,3037.762470385241,3125.445971488132,3071.9717088881316,2812.3354415881317,3317.188298088132,2897.441602388132,3508.8919422881318
486898,G06007315,medium,False,6288.541000000001,0.7130643653791515,2909.2173390596636,2855.28700495563,2909.249542479659,2859.058512179659,2615.3752618796584,3157.068175279659,2744.400573579658,3404.9484480796586
486900,G06007322,low,True,6214.418,0.7130643653791515,1776.5133282150211,1806.9288683076707,1776.5296516095232,1745.693893936523,1595.994170833523,1692.3603489885231,1504.1770463475232,1608.1826399625231
486913,G06007306,low,True,3168.556,0.8407500276235722,840.0117359213997,893.100010166001,840.0202557263997,824.2838721054,747.8822815883999,1013.0581794863998,857.3090739204,1186.0939630104
486923,G06007306,high,False,13652.761999999999,0.8407500276235722,6694.231989440002,6171.590835719423,6694.290729049999,6587.192932249999,6067.23737965,5972.550693549998,5437.644056649999,5250.840653849999
487053,G06007310,medium,False,7273.581,0.7130643653791515,3345.1643398381343,3228.966814285242,3345.180299488132,3288.452799488132,3012.986000088132,3481.3530011881317,3054.6089741881324,3617.454166688132
487056,G06007306,medium,False,235.89799999999997,0.8407500276235722,96.99533400999994,380.08502812999996,96.99551893999998,95.17038244,86.30647354,1168.71661714,859.93068734,2240.4343548399997
487112,G06007323,high,False,11319.253,0.7130643653791515,5531.487691798135,5154.045835225239,5531.527280688133,5442.335336388132,5009.238559888132,5114.668562888131,4618.193455188132,4697.842460888132
487261,G06007328,high,False,11599.617999999999,0.8407500276235722,5669.303239949995,5278.747619329433,5669.350782249999,5577.469404849999,5131.363155349998,5206.864833349999,4704.629259949998,4744.412132549999
487340,G06007306,low,True,4826.3369999999995,0.8407500276235722,1290.8642699931409,1332.2362111937864,1290.8758202178408,1267.0030314528408,1151.1017353338407,1325.3012612838406,1152.0728236728405,1359.7185229338409
487455,G06007330,medium,False,3144.311,0.7130643653791515,1301.135290219999,1435.3802400100008,1301.14069273,1276.6861815299999,1157.9389965299997,1987.26396403,1629.85422723,2673.3528102299997
487529,G06007302,high,False,1296.051,0.8407500276235722,541.3571349500002,770.0984973599996,541.3582419300001,531.2052355300001,481.88875272999996,1471.1433544299998,1144.46198623,2400.93075593
487647,G06007329,low,True,12591.671,0.7130643653791515,4013.1230764452293,4003.6561030796656,4013.1781330335234,3949.129924984523,3638.1475929255234,3363.2233715025227,3103.7351449545226,2713.4047510185233
487730,G06007324,high,False,9615.5,0.7130643653791515,4573.90954390813,4306.420378655241,4573.924860488132,4498.949628388131,4134.8999569881325,4399.317898088131,3933.335944188131,4224.696014688132
487833,G06007306,low,True,5839.732,0.8407500276235722,1619.435379624622,1652.765111241693,1619.44227540932,1590.5559035523202,1450.2694883043202,1568.3318943693203,1384.3160132523203,1517.2238705373202
487919,G06007313,medium,False,8109.394,0.8407500276235722,3771.9253993300026,3606.419600349428,3771.9509784499987,3708.237133049999,3398.918167849999,3789.3913285499984,3347.6550840499995,3806.8474783499996
488010,G06007315,medium,False,7325.135,0.7130643653791515,3404.3527005681303,3284.684942175241,3404.3866224881317,3346.756829588132,3067.012736288132,3525.5700612881324,3096.9150893881324,3646.735465188132
488107,G06007306,medium,False,5323.767,0.8407500276235722,2257.1491327699996,2271.786435209429,2257.147847449999,2215.9477722499987,2015.8303050499992,2657.756055749999,2264.3332613499992,3058.3103604499993
488232,G06007313,low,True,6873.423,0.8407500276235722,1939.2175398140996,1961.794908100602,1939.2286881554992,1905.590409250499,1742.238352543499,1807.1250645404994,1612.9049576924995,1674.9960625094996
488302,G06007307,medium,False,14899.136999999999,0.8407500276235722,7166.976242290003,6564.3883061094275,7166.957562849999,7052.888752449998,6498.916935549999,6325.800370449998,5775.720027649999,5484.495558949999
488370,G06007301,low,True,3613.254,0.7130643653791515,940.040439559201,988.3824333459983,940.0431382146,922.3684510446,836.5395812255999,1079.9877362826,920.0600093675998,1219.9060201326001
488377,G06007329,medium,False,17591.798,0.8407500276235722,8879.547911328133,8098.1994789952405,8879.647357288133,8740.748609088132,8066.303060688131,7615.8641400881315,7012.6692084881315,6352.201450288132
488511,G06007322,low,True,14561.089999999998,0.7130643653791515,4523.267695639221,4482.33101100767,4523.289633001523,4451.6866279965225,4104.003999304523,3744.3959114535232,3468.5929316745232,2965.4764651785226
488855,G06007301,low,True,4107.913,0.7130643653791515,1074.044456150077,1119.3681231175103,1074.0496256465788,1053.8941392815786,956.0261790005788,1171.747086285579,1006.4934542195787,1269.4181797235788
488857,G06007314,high,False,17193.371,0.7130643653791515,8691.391181438124,7935.1873469852435,8691.478664088132,8555.35516458813,7894.461552588131,7475.330134488131,6878.066872088132,6259.306428488131
489012,G06007308,low,True,10996.106,0.8407500276235722,3388.6386824031,3385.6745898146005,3388.6757556854996,3333.5054004734993,3065.6382586514997,2889.926645695499,2649.483960613499,2391.241892032499
489024,G06007314,low,True,8961.649000000001,0.7130643653791515,2728.333789201522,2740.2694037006668,2728.3630160355233,2683.3947020295227,2465.0649051135233,2403.422876128523,2184.8943876165226,2078.5222723125235
489070,G06007313,low,True,12066.725999999999,0.8407500276235722,3724.9915278555013,3711.331722314601,3725.026369375499,3664.874807464499,3372.773439199499,3141.205419805499,2890.0564158134994,2557.415146384499
489179,G06007330,high,False,9736.922999999999,0.7130643653791515,4620.308278158129,4345.050915325239,4620.323523888132,4544.665490888132,4177.275867388131,4433.967618788131,3966.5253220881314,4247.6047155881315
489519,G06007314,low,True,4355.688999999999,0.7130643653791515,1190.0323694762997,1234.258776737001,1190.0373406614,1168.4478825053998,1063.5988469274,1263.2761340814,1094.9412217223999,1336.5219576714
489695,G06007307,high,False,10865.305999999999,0.8407500276235722,5300.373532279992,4957.232226879423,5300.42137185,5214.042034449999,4794.504644349999,4931.198506949999,4440.797626149999,4562.059265949999
489748,G06007317,medium,False,2881.0840000000003,0.7130643653791515,1221.3227410700008,1368.927775689999,1221.34118992,1198.49003142,1087.57625912,1934.96332012,1581.0298023199998,2648.5868973199995
489789,G06007311,high,False,11551.654999999999,0.7130643653791515,5586.727643018132,5194.698835725245,5586.761800688131,5496.759557688132,5059.69979648813,5155.929361688131,4657.687523588131,4725.134992388132
489792,G06007323,low,True,4338.144,0.7130643653791515,1167.6401465840995,1212.639463735,1167.6513783564,1146.1292881163997,1041.6396045384,1242.1283237543998,1073.9498006423999,1316.6034511614
489823,G06007329,medium,False,12399.853,0.7130643653791515,6234.226668378133,5786.502992105237,6234.306999488132,6134.650875388132,5650.854765088132,5639.643186188132,5120.779851588132,5045.101945788132
489848,G06007306,medium,False,10372.889,0.8407500276235722,5069.968416540001,4758.455164639432,5070.038393649998,4987.039481949999,4584.110892449999,4759.0878819499985,4275.985406149999,4448.257426649999
489860,G06007328,medium,False,6717.339,0.7130643653791515,3028.7203240200006,2953.48970701943,3028.743633449999,2976.078788349999,2720.337551149999,3234.159379049999,2816.156075049999,3439.5527837499994
489877,G06007308,medium,False,11755.347,0.8407500276235722,5711.794888249997,5311.896557669426,5711.848757049998,5619.350255849998,5170.1908813499995,5238.593562449998,4735.020035649999,4765.378934249999
489888,G06007301,medium,False,9032.482,0.7130643653791515,4350.261926798126,4120.428771365236,4350.321059288133,4278.644324388133,3930.6967531881323,4232.200965288132,3773.4149461881316,4114.127876688131
490037,G06007326,low,True,4260.436,0.7130643653791515,1161.1217127950993,1205.8087960309997,1161.1309673375997,1140.0743142305998,1037.7942338106,1243.3691956566,1076.1809631185997,1325.6142392526
490173,G06007327,medium,False,8797.136,0.7130643653791515,4135.430337828131,3921.034019335237,4135.445609288132,4066.986724588132,3734.5642617881317,4071.751567488132,3619.7896181881315,4007.9639706881317
490265,G06007316,medium,False,7434.755,0.7130643653791515,3443.5882984481323,3316.797017355241,3443.6092890881323,3385.409516388132,3102.8354225881317,3554.878764988132,3124.971663688132,3666.128568688132
490294,G06007315,high,False,11009.238,0.7130643653791515,5301.261528718131,4944.259446285239,5301.282907288132,5215.517614788132,4799.052819988132,4942.709807488132,4453.5504789881315,4584.070634488132
490319,G06007316,low,True,2972.0609999999997,0.7130643653791515,784.7195790987001,838.6941055080003,784.7283364389001,770.0129098389,698.5818068859,975.2009168019,821.6469400809,1165.6740821829
490388,G06007327,medium,False,8778.547999999999,0.7130643653791515,4145.825443748121,3932.545823655233,4145.849339488132,4077.227161688132,3744.0509161881323,4079.515431688132,3627.2232329881317,4013.102751288132
491136,G06007323,low,True,3659.4750000000004,0.7130643653791515,982.459204965,1032.498385723,982.4700250953001,964.2639096783,875.8508606882999,1113.3651071073,952.3112720132999,1244.2661770173002
49177,G06007326,low,True,8313.121,0.7130643653791515,2456.1804117552238,2467.4823301556703,2456.197779979523,2415.278954773523,2216.595380635523,2200.116294958523,1990.2704704785233,1944.0155196525232
49182,G06007306,low,True,11809.29,0.8407500276235722,3609.9632580543002,3595.263938118599,3609.9917592794995,3551.540581354499,3267.7583626484993,3055.303468411499,2807.7994816904993,2500.5749725814994
491895,G06007316,high,False,3146.95,0.7130643653791515,1305.9240913099998,1440.0047432099998,1305.9306857,1281.399181,1162.2850848,1990.7677741999998,1633.196383,2675.5725586
491947,G06007317,high,False,5450.662,0.7130643653791515,2563.343250189836,2554.560769623103,2563.3796734698303,2519.4025069698296,2305.87885696983,2917.06735086983,2517.75978316983,3270.86919216983
492127,G06007326,low,True,17556.392,0.8407500276235722,5604.397977174023,5547.8727166416675,5604.468741073522,5516.768386765522,5091.135478750523,4552.063017286523,4241.7774137025235,3499.7317777065236
49217,G06007315,low,True,7525.031,0.7130643653791515,2184.5808735459236,2201.275257548668,2184.5910917175233,2147.707055017523,1968.597734284523,1997.213204344523,1796.0146343055235,1809.825537922523
49219,G06007324,low,True,2086.075,0.7130643653791515,562.3393361481001,623.3211763869995,562.3463592558,551.8492898058,500.87196782280006,824.6183095757999,680.1240750078,1086.9093075048
492291,G06007314,high,False,27231.678,0.7130643653791515,13913.274036548135,12510.010293035242,13913.305373288133,13699.807854088132,12662.55062078813,11376.423108188132,10612.876601388132,8839.347935088132
49231,G06007328,low,True,4755.23,0.8407500276235722,1277.8631046771193,1320.490810992669,1277.882210863523,1254.282881095523,1139.6950811745232,1316.8957957695234,1144.273989316523,1355.9020794795233
49240,G06007324,medium,False,8510.637999999999,0.7130643653791515,4012.655264798134,3816.59617584524,4012.674924888132,3946.040294688132,3622.440727888132,3980.006258288132,3531.9638504881323,3947.3149078881315
492434,G06007308,medium,False,4099.922,0.8407500276235722,1713.4510687600034,1798.7284219600037,1713.46400926,1681.32339496,1525.26384376,2268.66252076,1894.75241476,2823.83254816
492480,G06007327,high,False,18982.73,0.7130643653791515,9566.203792338132,8694.543558825242,9566.231237288132,9417.180475888134,8693.255021988132,8128.914269088133,7503.773212188132,6691.537941388133
492517,G06007317,high,False,4257.307999999999,0.7130643653791515,1802.165000420001,1876.7199084,1802.1812029799999,1768.78964618,1606.6707331800003,2336.1214767799997,1959.5250607799996,2870.05150658
492696,G06007325,low,True,4387.523,0.8407500276235722,1183.2776630142428,1227.887718330181,1183.2847552266414,1161.5102040156412,1055.7731300766413,1253.3994710046413,1084.6731524976412,1323.5172041046415
492905,G06007315,high,False,9314.174,0.7130643653791515,4443.008403408139,4195.056379615242,4443.053800488133,4370.010480288131,4015.3936130881325,4301.487274788132,3839.739768888132,4159.957889388132
493352,G06007328,low,True,3524.879,0.8407500276235722,918.385184417401,967.471882545,918.3883986711,901.1254270221,817.2994521320999,1065.3606923511,906.3200265411,1212.3077506251
493359,G06007316,high,False,6273.8,0.7130643653791515,2853.4814716781348,2801.383169705241,2853.495280288132,2804.067025888132,2564.0123383881323,3114.009985788132,2702.9491303881314,3374.5189653881316
493420,G06007302,high,False,9459.424,1.0497359105206039,4350.227186196264,4118.274243291052,4350.272518726265,4275.441943326266,3912.1657020262646,4178.394833826265,3712.7993820262645,4006.5542792262645
493567,G06007315,high,False,6772.876,0.7130643653791515,3079.816094118131,2995.72035426524,3079.8282990881316,3027.0338793881315,2770.684774088132,3283.117304588132,2864.8089868881316,3486.374804388132
493717,G06007324,high,False,5406.493,0.7130643653791515,2368.888405248128,2373.0214633552378,2368.9033052881323,2326.664327888132,2121.562502088132,2751.997134388132,2356.388164988132,3135.0445781881317
493740,G06007326,low,True,6859.915000000001,0.7130643653791515,1984.611622573523,2008.9965607986687,1984.6234995855234,1950.705994537523,1785.9990534045235,1847.817422347523,1652.995257133523,1711.021936039523
493803,G06007324,medium,False,4204.304999999999,0.7130643653791515,1750.7533737588105,1829.9020961022727,1750.761706428811,1718.0016417288111,1558.9287278288111,2295.3783940288113,1920.124881528811,2839.950775328811
494030,G06007306,medium,False,3876.142,0.8407500276235722,1623.8536510199974,1720.5662877599957,1623.86801586,1593.41955876,1445.5952755600003,2207.96441746,1837.6935613599999,2792.0349764599996
494053,G06007314,high,False,6074.656999999999,0.7130643653791515,2799.102763949658,2759.069870865634,2799.1262041196596,2750.570812919659,2514.7473381196587,3074.558685319659,2665.3878094196593,3350.0530290196593
494069,G06007312,medium,False,3801.657,0.7130643653791515,1580.3280257505116,1680.5114009095555,1580.3364755305079,1550.709401730508,1406.844076630508,2178.314454130508,1809.799217930508,2776.258296730508
494084,G06007301,low,True,453.943,0.7130643653791515,117.95113818180145,188.12414592300038,117.95144601869998,115.73325362970002,104.96087291970002,521.2807171977,394.5674167167,924.6074779527
494345,G06007310,low,True,4248.653,0.7130643653791515,1121.2292595231,1165.93942528,1121.2338594303,1100.3206233033002,998.7591828753001,1205.9855722263,1039.1008932183,1290.7197960963001
494539,G06007315,low,True,5527.352,0.7130643653791515,1555.639339935324,1592.5257305406672,1555.656935923523,1528.1004042285233,1394.316708112523,1527.345817726523,1346.211819004523,1499.0382226785232
494584,G06007310,high,False,8745.384999999998,0.7130643653791515,4107.402904668132,3896.3221667152407,4107.414496888132,4039.3790090881325,3708.968303588132,4050.8026308881317,3599.739558088131,3994.1174739881317
494661,G06007302,high,False,6454.814,0.8407500276235722,2954.972170278301,2900.0174439627144,2955.009076438303,2902.931103738303,2650.0244571383028,3170.5342189383027,2753.8190597383027,3386.1738367383027
494752,G06007317,low,True,5864.148999999999,0.7130643653791515,1670.618455410325,1704.937629790671,1670.6327357715234,1641.3725488155233,1499.2964293155233,1613.2398890175232,1428.4422770625229,1555.856283985523
494844,G06007316,high,False,3542.8809999999994,0.7130643653791515,1481.4665356699993,1593.8333568700004,1481.4737034800003,1453.86353258,1319.79549988,2113.85229588,1749.65870118,2746.2190712799998
495294,G06007308,high,False,4599.659,0.8407500276235722,1920.90276478864,1978.405260795369,1920.9079005286412,1885.1487721286408,1711.5053125286408,2414.3973318286407,2032.6915296286409,2907.8322012286408
49561,G06007324,medium,False,8864.406,0.7130643653791515,4226.8821779781265,4007.8097562652406,4226.9220220881325,4157.081297188133,3818.033330488132,4140.045575888133,3685.1541902881318,4053.2003267881314
495990,G06007313,medium,False,8930.628,0.8407500276235722,4179.819312650001,3961.744394389429,4179.832186049998,4110.084971149998,3771.376997549999,4094.134280549999,3639.3959655499993,4008.376331149999
496246,G06007307,medium,False,3622.389,0.8407500276235722,1494.35054625,1604.1844492199966,1494.3523444700002,1466.2563594699998,1329.78523597,2118.28655347,1753.04174727,2742.17625707
496247,G06007328,high,False,19703.321000000004,0.8407500276235722,9935.047130610004,9022.044404029433,9935.096983649997,9779.941880349998,9026.345309649998,8393.649804649998,7755.456463749998,6852.204640349998
496491,G06007313,high,False,10812.896,0.8407500276235722,5334.193034669997,4993.94719352943,5334.264466849998,5247.335452049999,4825.347671249999,4956.485970949999,4464.946096849999,4578.844263349999
496498,G06007322,high,False,6427.574999999999,0.7130643653791515,2903.3085183181315,2841.3676706452375,2903.317002288132,2853.145483788132,2609.515496288132,3151.250303588132,2738.5774445881316,3399.1531153881315
496533,G06007302,high,False,2565.739,1.0497359105206039,1086.0335238599996,1249.5870587699967,1086.0402067700002,1065.7240419700001,967.0489558700002,1842.66384047,1494.1487253700002,2599.33343557
496592,G06007310,high,False,18254.327,0.7130643653791515,9243.816523258134,8418.87822808524,9243.889001488133,9099.565466488131,8398.854476988132,7888.055330488132,7273.141633688133,6532.3152328881315
496681,G06007310,high,False,6712.415000000001,0.7130643653791515,3036.090398418127,2956.0634881052315,3036.098349488132,2983.9608645881317,2730.774947688132,3250.4578841881316,2833.5581471881324,3464.740647388132
49670,G06007301,low,True,1773.897,0.7130643653791515,484.85551446990223,548.3351340460013,484.8636080673,475.83337064130006,432.0006734043001,772.2076196253001,630.8702186673,1059.5751919863
49674,G06007316,low,True,4601.822,0.7130643653791515,1231.0252593466714,1272.9216924290788,1231.0330523521723,1208.3910897991723,1098.441711687172,1286.3437431811724,1115.749595697172,1341.6412712311724
496765,G06007302,medium,False,1186.8159999999998,0.8407500276235722,489.6283252799997,724.0489596,489.62963888,480.4222232799999,435.70749607999994,1435.54695528,1110.89671528,2381.45387888
496827,G06007325,high,False,6333.197,0.8407500276235722,2785.7977766199974,2735.334782539431,2785.80101485,2736.748371649999,2498.5317648499995,3052.7005098499985,2642.4140905499994,3319.5364436499985
496850,G06007328,high,False,4225.968,0.8407500276235722,1862.4675855013518,1930.924255774059,1862.4838408613584,1829.163011761358,1667.3900037613578,2397.687548561358,2021.236240561358,2932.940484061358
496923,G06007317,medium,False,9994.762999999999,0.7130643653791515,4813.694643088134,4521.935147215239,4813.745333488132,4735.186050588132,4353.847140088132,4578.441060088131,4104.8236971881315,4343.172316888132
496943,G06007329,high,False,13306.035,0.7130643653791515,6608.085176468128,6102.375593035244,6608.127697288133,6502.960737088133,5992.246305688133,5918.960261888131,5388.161812388132,5229.829017288132
496964,G06007327,high,False,3267.356,0.7130643653791515,1347.8406625399975,1475.7446830400006,1347.8406874799998,1322.49270178,1199.4031140799998,2018.7360443799998,1659.39254928,2689.5849434799998
497171,G06007325,medium,False,10575.774,0.8407500276235722,5117.9143182900025,4793.456767829435,5117.953672649999,5034.272976449999,4627.896183449999,4794.912298149999,4310.271607649999,4471.954113849999
497174,G06007326,high,False,11881.97,0.7130643653791515,5828.015549118129,5414.390912025237,5828.060054688132,5734.463153588131,5279.999154788131,5336.203415988131,4830.271620188132,4844.360137688132
497433,G06007325,low,True,4521.258,0.8407500276235722,1190.3556557962509,1232.9605444255901,1190.361868282951,1168.1484457159509,1060.282895923951,1252.978197493951,1083.303864877951,1315.566796246951
497526,G06007327,high,False,8917.517,0.7130643653791515,4361.063176298134,4137.783198525242,4361.116375688132,4289.278874188132,3940.502578588132,4240.247919088131,3781.113647088132,4119.515899688131
497643,G06007308,high,False,8712.582999999999,0.8407500276235722,4072.9494005199995,3869.040247259426,4072.9731928499987,4004.799546549999,3673.804399649999,4014.304141149999,3562.9719371499996,3955.5592440499986
497739,G06007310,medium,False,13241.216,0.7130643653791515,6599.715119258135,6098.2632905652445,6599.802376688132,6494.706435788132,5984.588023988132,5912.698702788131,5382.1128099881325,5225.761129688132
498313,G06007301,high,False,7104.661,0.7130643653791515,3296.6965033581323,3191.0496749452464,3296.7160854881317,3240.7075576881316,2968.701109488132,3445.1188172881316,3019.923517188132,3593.5317397881317
498332,G06007316,high,False,5379.29,0.7130643653791515,2358.997534078129,2364.7679288852364,2359.0107778881325,2316.9138218881317,2112.523007888132,2744.6148012881317,2349.3058192881317,3130.175108788132
498359,G06007316,medium,False,2808.931,0.7130643653791515,1254.7902029500058,1397.1441719600007,1254.7941610500002,1232.68077135,1125.22369565,1980.61648815,1628.22314075,2706.49381955
498375,G06007302,low,True,10457.839,0.8407500276235722,3045.771255899147,3043.759649798737,3045.799670335547,2994.1331582145467,2743.2907266405473,2606.6943882465466,2373.7672603815467,2167.5801138525467
498395,G06007310,high,False,5224.136,0.7130643653791515,2295.9612932481236,2311.9519065152413,2295.9957414881324,2254.8328552881317,2054.982768488132,2697.492144888132,2304.2444000881324,3098.976556988132
498401,G06007306,high,False,7588.916,0.8407500276235722,3439.3588032,3307.7826310594332,3439.3612228499996,3380.603826649999,3095.281338749999,3540.9629096499984,3109.8223011499986,3642.499320149999
498525,G06007311,high,False,9805.737000000001,0.7130643653791515,4649.8889275681395,4370.41781163524,4649.8904808881325,4573.8059791881315,4204.304170888132,4456.101910988133,3987.721276188132,4262.186309488132
499761,G06007308,high,False,14274.444,0.8407500276235722,6906.949447150001,6344.621706049436,6906.911485249999,6796.779619349999,6261.535398049999,6131.487910349999,5589.92182685,5355.774646049998
499964,G06007316,medium,False,4979.968,0.7130643653791515,2167.478795218129,2199.141428745239,2167.502310688132,2128.2495730881324,1937.6541748881318,2601.519487288132,2212.340766888132,3035.519750988132
500027,G06007311,medium,False,7490.711,0.7130643653791515,3477.22834699813,3347.0735791052384,3477.2530834881322,3418.5673754881323,3133.5572483881315,3579.988345488132,3149.0349178881324,3682.7297960881324
500254,G06007314,high,False,8338.256000000001,0.7130643653791515,3873.5897664881336,3688.8258823552405,3873.593433888132,3809.040791488131,3495.495750888132,3876.123674688132,3432.547384888132,3878.542086388132
500435,G06007308,high,False,3638.8790000000004,0.8407500276235722,1506.433409539995,1615.3234816099994,1506.43673837,1478.1277774700002,1340.6552258699999,2126.8589864699998,1761.1614365699998,2747.2382715699996
500441,G06007326,high,False,14883.109,0.7130643653791515,7440.00175013813,6832.855914085245,7440.077541088131,7322.520929188133,6751.870234188133,6540.490515888132,5983.128746288131,5640.918687988131
500734,G06007301,medium,False,7642.646000000001,0.7130643653791515,3590.563742888128,3450.0781644752446,3590.5875836881323,3530.210122588132,3237.0117566881318,3664.6548672881313,3230.0733936881315,3738.7684513881313
500853,G06007315,medium,False,7601.737999999999,0.7130643653791515,3529.085384698133,3391.700141985241,3529.106328088132,3469.6445056881316,3180.9189206881315,3618.7561596881314,3186.147378888132,3708.336206688132
500902,G06007324,medium,False,6708.639999999999,0.7130643653791515,3068.1274822281284,2988.101993555238,3068.147928888132,3015.5225722881314,2760.0043287881317,3274.3733561881318,2856.4446535881325,3480.601787888132
500982,G06007314,high,False,9691.481,0.7130643653791515,4649.295566468127,4377.223724575234,4649.340007688132,4573.255226788133,4203.7838323881315,4455.594878788132,3987.343536888132,4261.795276988132
5012,G06007314,medium,False,3751.551,0.7130643653791515,1585.0257961699997,1686.7105299500006,1585.03928322,1555.5370473199998,1412.29733532,2185.23992182,1816.99830042,2785.43706172
501227,G06007311,high,False,13270.447,0.7130643653791515,6446.769133668138,5943.5774644952435,6446.795734488131,6344.007659488132,5844.983526388132,5798.476312988132,5272.7519550881325,5150.161031688132
501232,G06007327,high,False,1691.791,0.7130643653791515,699.3679903900014,907.9393875000014,699.3701507300001,686.22340363,622.38245503,1578.16956553,1245.0556369300002,2456.94999753
501249,G06007307,low,True,4964.133,0.8407500276235722,1324.676407692023,1364.617713613091,1324.6866929271205,1300.2000362571205,1181.3232641871205,1348.6708443021207,1174.1166047661206,1372.6416886911209
501526,G06007310,medium,False,10204.195,0.7130643653791515,4995.815554678129,4689.926571625241,4995.869195488132,4914.608575588132,4520.098734588131,4714.469676488132,4235.067028088132,4433.1801269881325
50159,G06007329,medium,False,767.096,0.7130643653791515,316.47081272000224,572.3707649600003,316.47158888,310.52051968,281.61912888000006,1317.87998088,1000.22742728,2319.28167168
50169,G06007330,medium,False,3651.9530000000004,0.7130643653791515,1521.7292625499986,1629.798520620002,1521.7389079699997,1493.2058793699998,1354.6551558699998,2138.3811907699996,1772.20923757,2754.9970908699997
501811,G06007325,medium,False,8143.392,0.8407500276235722,3802.2963860399977,3634.840103039434,3802.330399649999,3738.175221049999,3426.654133949999,3812.0570993499987,3369.380063149999,3821.832969449999
501872,G06007310,high,False,14172.909,0.7130643653791515,7025.641377248134,6464.477381015242,7025.688266688132,6914.31946768813,6373.535987388132,6230.925495088131,5686.7984546881335,5436.144914488132
501875,G06007308,high,False,10460.321,0.8407500276235722,5042.126019539997,4725.496902019432,5042.159576649999,4959.6136201499985,4558.720254749998,4738.316459049998,4256.101935249999,4434.466288749999
502103,G06007326,medium,False,11186.28,0.7130643653791515,5461.457526848131,5092.654936495241,5461.502032488132,5373.338384788132,4945.2981580881315,5062.365751388132,4568.1066672881325,4663.246247088132
502160,G06007314,high,False,9846.106,0.7130643653791515,4730.38260751813,4447.993636865242,4730.4166638881325,4653.110776488133,4277.772734588132,4516.195712588131,4045.2531315881324,4301.992713188132
502208,G06007323,medium,False,6494.610000000001,0.7130643653791515,3040.3294633096593,2970.2967411861982,3040.3465234096593,2988.5462796096595,2736.92978450966,3260.3948473096593,2844.2401131096603,3480.5376993096597
502231,G06007313,medium,False,12267.563,0.8407500276235722,6001.454363459998,5568.056535979438,6001.506297249999,5904.693349649998,5434.655981849998,5455.008744649998,4942.176726549998,4908.535548649998
502291,G06007311,high,False,8767.734,0.7130643653791515,4222.210680698125,4008.911627705242,4222.245539088133,4152.488627188131,3813.7382636881325,4136.520521688131,3681.809791888132,4050.895075288132
502293,G06007315,medium,False,9127.292,0.7130643653791515,4401.504934348133,4165.361009935237,4401.547382688132,4329.123859988133,3977.4690109881317,4270.4837044881315,3810.053923388132,4139.4697491881325
502432,G06007327,high,False,13305.282,0.7130643653791515,6510.356519438134,6004.972961105237,6510.342859888131,6406.691969888132,5903.068534088132,5845.967660388133,5318.358474288131,5181.423255488132
502511,G06007313,medium,False,7516.882,0.8407500276235722,3489.3999483915263,3361.35060189982,3489.4292669015263,3429.996393001526,3141.442419001526,3579.790315201526,3147.2476960015256,3670.223381001526
502769,G06007302,high,False,2432.919,0.8407500276235722,1052.2373978600065,1222.4625794700007,1052.24646797,1032.64906847,937.4538223699999,1821.10879237,1474.1472786699999,2590.0349039699995
502887,G06007306,high,False,8313.89,0.8407500276235722,3931.148699610003,3752.4833664494286,3931.1882668499984,3865.1130191499988,3544.290402249999,3908.321555649999,3461.5315652499994,3885.515518549999
502943,G06007313,low,True,4148.374,0.8407500276235722,1080.945419626473,1125.6912175459108,1080.9483015740793,1060.6381730780793,962.0119721390793,1175.9872115420794,1010.3961010130791,1270.9954698050794
503025,G06007312,high,False,7428.231,0.7130643653791515,3446.7484997981323,3320.734486165243,3446.781405888132,3388.543484888132,3105.7486496881324,3557.2237409881322,3127.270961588132,3667.622092688132
503039,G06007307,high,False,6535.7080000000005,0.8407500276235722,2976.43674069,2912.399612369429,2976.4652822499993,2924.5628005499993,2672.5666510499987,3195.0902422499994,2778.743148249999,3413.753854049999
50309,G06007330,high,False,9775.914,0.7130643653791515,4683.925920468133,4406.384109495233,4683.958042688131,4607.348622388132,4235.384281588133,4481.510562288132,4012.0743377881317,4278.980720788131
503226,G06007327,high,False,9259.567,0.7130643653791515,4534.915771248132,4289.695639355241,4534.969817688132,4460.558901288132,4099.247499588131,4370.116861188132,3905.448821088132,4205.415498888132
503255,G06007316,medium,False,3185.46,0.7130643653791515,1320.5279122100003,1452.7362882499992,1320.5369714,1295.7297032000001,1175.2572595,2000.5970558999998,1642.4392387,2680.6270495999997
503309,G06007323,high,False,2856.1639999999998,0.7130643653791515,1179.5004942599976,1328.4857587799993,1179.5054697199998,1157.3274881199998,1049.6346910199998,1904.4199685199999,1551.90136022,2629.3098926199996
50336,G06007301,medium,False,3490.6770000000006,0.7130643653791515,1444.5482840200013,1561.0697221500018,1444.55403491,1417.40544871,1285.5713528099998,2084.75270001,1721.55467931,2724.91200631
503424,G06007313,low,True,808.176,0.8407500276235722,217.8728788130997,286.44733697300074,217.8739464804,213.8101670754,194.0573700324,589.7066688624,459.0262095564,961.5453598644
50348,G06007307,high,False,12952.742999999999,0.8407500276235722,6507.985399419989,6029.578460299446,6508.076635049999,6403.716358749999,5897.089062249999,5833.369031449998,5304.396124149999,5158.886218049999
503702,G06007330,high,False,10735.706,0.7130643653791515,5298.890425578131,4958.793100145247,5298.9644480881325,5213.182958188132,4796.8424730881325,4940.904927288131,4451.840648488132,4582.920330388131
503877,G06007330,high,False,15348.819,0.7130643653791515,7830.605636208133,7193.038570735236,7830.744500288132,7707.354376488132,7108.476619088133,6832.2241060881315,6262.4495965881315,5833.946435588132
50407,G06007302,high,False,7358.992,0.8407500276235722,3187.3902447472815,3090.7544405513113,3187.4101215572837,3129.891919957283,2850.6004538572834,3310.168255457283,2881.7484650572833,3432.902522257283
504177,G06007317,medium,False,8655.617,0.7130643653791515,4055.7115417281316,3850.2948571552383,4055.7198310881317,3988.4415263881315,3661.7597348881322,4012.2022223881318,3562.7528125881317,3968.6094293881315
504247,G06007310,high,False,6524.5869999999995,0.7130643653791515,2962.6327147881284,2894.628298035243,2962.644568688132,2911.5944442881323,2663.6931293881316,3195.5777368881318,2781.0223940881324,3428.4461666881316
504267,G06007313,medium,False,3924.145,0.8407500276235722,1626.5142426999992,1720.816837990001,1626.52102875,1595.9607906499996,1447.56824275,2208.61865005,1838.0897512499998,2790.6756152499997
504643,G06007316,medium,False,5339.793,0.7130643653791515,2342.434380538132,2350.7712825452404,2342.4492270881324,2300.602116788132,2097.397651288132,2732.228921988132,2337.457670988132,3121.987569788132
504861,G06007325,medium,False,7417.192,0.8407500276235722,3451.9595171899955,3331.0055372294287,3451.980460849999,3393.039107649999,3106.7419467499985,3550.3189014499985,3118.8194635499995,3648.734591549999
504864,G06007315,low,True,5006.98,0.7130643653791515,1358.4855174966444,1396.884542379158,1358.4925493361443,1333.8812115081444,1214.3808714861445,1380.2906868321443,1205.4617679261446,1402.0738609461446
505017,G06007322,high,False,13909.108,0.7130643653791515,6953.060431178124,6408.252718945238,6953.1358610881325,6842.8114104881315,6307.233557988133,6176.670148688132,5634.870452788132,5400.301910088132
505057,G06007301,medium,False,10798.2,0.8407500276235722,5248.287039948127,4904.58283595524,5248.330992488132,5163.333581888131,4750.664142788131,4903.109724388132,4415.657501188132,4557.8980550881315
505106,G06007323,high,False,5381.862999999999,0.7130643653791515,2353.7870068781344,2359.517526665241,2353.7992164881316,2311.786092188132,2107.7734866881315,2740.718797088132,2345.5881977881318,3127.5841401881316
505384,G06007301,high,False,15268.358,0.7130643653791515,7640.594885738132,7008.471624545242,7640.6645738881325,7520.134280188133,6935.006302388132,6690.338812088132,6126.554871388132,5740.083829188132
505459,G06007315,low,True,7649.787999999999,0.7130643653791515,2239.9981110537274,2257.288835294669,2240.012428723523,2202.3025919295233,2019.2037165015233,2038.624785121523,1835.664245761523,1837.193872615523
50556,G06007323,low,True,7838.954000000001,0.7130643653791515,2300.6964702570226,2316.1439907096687,2300.7110001675233,2262.098265832523,2074.617973882523,2083.9665759795234,1879.057497712523,1867.2079271475232
50557,G06007310,high,False,7383.433000000001,0.7130643653791515,3396.9610451681324,3273.68470909524,3396.977993888132,3339.477686188132,3060.2736132881323,3520.047975688132,3091.6328669881323,3643.073641088132
505575,G06007307,high,False,8683.443,0.8407500276235722,4080.8514791899925,3879.1392542494273,4080.902283049999,4012.6129694499987,3681.042448949999,4020.1651112499994,3568.65145125,3959.3956404499986
505593,G06007329,high,False,11759.652999999998,0.7130643653791515,5700.805270618133,5295.427436265245,5700.8300144881305,5609.13183988813,5163.882624288131,5241.2105507881315,4739.327192388132,4781.467099788131
505688,G06007306,medium,False,8928.447,0.8407500276235722,4231.545955439992,4013.4160411194257,4231.57859305,4161.058735849999,3818.581289749999,4132.731286249999,3676.3641688499993,4033.9525268499992
50576,G06007317,medium,False,4207.485999999999,0.7130643653791515,1752.0723425889842,1831.2821013391765,1752.0809045189812,1719.2678720189806,1559.9286130189812,2295.7670678189806,1920.4012392189811,2839.415292018981
506056,G06007322,medium,False,4274.1630000000005,0.7130643653791515,1774.5021363089763,1849.9228123791686,1774.5108933589809,1741.3040042589805,1580.0670261589808,2311.523372958981,1935.310824458981,2848.4939787589806
506301,G06007316,medium,False,3059.837,0.7130643653791515,1283.7190037999992,1422.2371170899978,1283.7330389100002,1259.6668418099998,1142.8417549100002,1976.60349741,1620.04786181,2669.45581391
506311,G06007313,low,True,4625.195,0.8407500276235722,1242.9910759275615,1286.925796436272,1243.0052552997618,1219.9720672197618,1108.1512615707618,1291.7602119927622,1120.3400398197618,1340.5167048147619
506379,G06007314,low,True,3142.434,0.7130643653791515,821.9635319322002,874.0259404800009,821.9697929226002,806.5314388026,731.5673402015999,1000.0326701406001,844.9243223916,1178.0818023336
506435,G06007329,high,False,7363.693,0.7130643653791515,3444.070406798131,3321.6962862452415,3444.103028488132,3385.890985588131,3103.256694688132,3555.2153811881317,3125.300839988132,3666.3808096881316
506515,G06007311,high,False,15984.333,0.7130643653791515,8053.804551038138,7375.251538965247,8053.87254768813,7927.226836188132,7312.281208688131,6999.000881988131,6422.078121188132,5944.255281888132
506517,G06007326,high,False,13990.518,0.8407500276235722,6860.928699628132,6311.082025555241,6860.948859488131,6752.024956788133,6223.139737888132,6107.887924988132,5568.985057688132,5354.783036588131
506557,G06007312,medium,False,2937.865,0.7130643653791515,1223.8865023500002,1368.6725535600006,1223.8954191500002,1200.92229915,1089.3798543500002,1935.3025223500001,1581.0855220500002,2646.68521265
506639,G06007317,low,True,5723.972000000001,0.7130643653791515,1592.2060832652232,1624.335584665668,1592.2127229675232,1564.1205299925234,1427.7106887675232,1554.6716897265233,1372.362672019523,1517.1102814035232
50673,G06007322,high,False,4980.42,0.7130643653791515,2185.0427816398324,2214.3854074530977,2185.05753782983,2145.79055332983,1955.1098323298302,2618.8185192298297,2229.5915919298295,3052.5905994298296
508065,G06007307,medium,False,16472.17,0.8407500276235722,8107.829149320001,7403.22339467943,8107.852055449999,7979.786420249999,7357.96374485,7028.65654055,6448.611959449999,5949.394527649999
508102,G06007310,low,True,3006.1290000000004,0.7130643653791515,795.6001268712006,849.1615806799971,795.6065708388,780.7463026398,708.5883817908,983.5377620718,829.6652181018001,1171.4708857038001
508284,G06007329,medium,False,6624.795,0.8407500276235722,2982.4562583181278,2908.043333025233,2982.456747888132,2931.1173167881316,2681.799700488132,3210.399217088132,2795.1965003881314,3438.2491996881317
508432,G06007301,low,True,6919.996999999999,0.7130643653791515,2036.9474343531424,2064.09575314976,2036.9689156584438,2002.276166189444,1833.8384138184438,1887.096005144444,1690.6340800254438,1737.266808314444
508663,G06007307,medium,False,3612.103,0.8407500276235722,1485.4961084599997,1595.7812367699999,1485.49539729,1457.5435525899998,1321.7941293899999,2111.9654261899996,1747.02317969,2738.39065459
508924,G06007316,high,False,8172.599,0.7130643653791515,3859.064690628134,3684.3430932352394,3859.097304088132,3794.7171046881317,3482.175519888131,3865.2509196881315,3422.0870405881315,3871.462748688132
509081,G06007308,high,False,14889.234,0.8407500276235722,7306.060224169999,6704.122526429428,7306.092573849999,7189.940437249999,6625.905773249999,6429.674150549999,5875.238993849998,5553.151085449998
509350,G06007315,medium,False,7343.747,0.7130643653791515,3449.8188527081325,3328.5684495752366,3449.8440678881316,3391.5616321881316,3108.4974503881317,3559.4942409881314,3129.4220570881316,3669.207640488132
509391,G06007302,high,False,9358.566,0.8407500276235722,4265.525874476269,4040.683235271037,4265.573754326265,4192.015217226265,3834.8738180262653,4115.119082526265,3652.273010226265,3964.618792426265
509561,G06007302,medium,False,14160.435999999998,0.8407500276235722,6871.4475037562615,6337.140062311048,6871.551256726266,6759.303955226265,6214.280843526265,6061.861281726266,5515.972129126265,5252.276028726265
509697,G06007325,high,False,7065.928,0.8407500276235722,3257.3983160299995,3159.143284829429,3257.4301950499994,3201.3512234499985,2929.102941449999,3404.9931624499986,2979.6727786499996,3552.601827149999
50972,G06007328,low,True,5408.483,0.8407500276235722,1478.7474548988644,1514.175579507849,1478.7544029105643,1452.1649993985645,1323.0256789695643,1466.7116923725644,1287.6476753265645,1454.6405131425645
509842,G06007302,low,True,4215.249,0.8407500276235722,1097.464817288702,1141.8080150120036,1097.4682296081,1076.8401029421,976.6517493410998,1187.0258949471,1020.7495973000999,1276.5531539661001
509919,G06007313,high,False,7821.298000000001,0.8407500276235722,3697.8760650300046,3550.8621483894267,3697.920047249999,3635.3202032499985,3331.2927122499987,3734.011556049999,3294.716978049999,3770.207888449999
510016,G06007330,low,True,10944.741,0.7130643653791515,3409.9631194218186,3407.892292535664,3410.0048657355237,3354.9038533005237,3087.4346897235237,2912.6485068255233,2672.372102494523,2415.3600837765234
510040,G06007311,low,True,386.00199999999995,0.7130643653791515,100.342099897201,170.99178419400045,100.34237106179998,98.45552043179998,89.29220797979998,509.31802108380003,383.3168671218,918.2915432178
510053,G06007313,high,False,13099.525000000001,0.8407500276235722,6399.721595110002,5912.9625014494295,6399.7660488500005,6297.049358349999,5798.342168449998,5752.5695010499985,5227.053450149999,5105.282558549999
510124,G06007302,high,False,1549.143,0.8407500276235722,657.9900267700036,873.6981866600006,657.99553789,645.69446189,585.9520905900001,1551.2165643899998,1219.92427809,2444.46940499
510130,G06007329,high,False,5517.216,0.7130643653791515,2422.825725198132,2419.811096705239,2422.8329732881325,2379.802398488132,2170.804333388132,2792.288763788132,2394.9535345881322,3161.7097200881317
510185,G06007314,high,False,7971.173000000001,0.7130643653791515,3716.4462539481315,3555.2952956352387,3716.468282088131,3654.226215788132,3351.994638088132,3758.7246968881313,3320.1371461881317,3800.923893788132
51035,G06007312,high,False,3301.161,0.7130643653791515,1366.628228290001,1492.8138463199994,1366.6332660299997,1340.95193983,1216.23867623,2031.8188251299998,1671.77650153,2696.96727823
510358,G06007316,low,True,3109.8510000000006,0.7130643653791515,825.2012377286995,878.7586431539999,825.2094548439,809.7549903009001,734.7136001499,1003.0223205308998,847.8785730188999,1180.8341466549
510647,G06007325,high,False,17018.13,0.8407500276235722,8543.64163209001,7803.443954489442,8543.69498165,8409.153854549997,7755.85032025,7354.203797049999,6760.303987249999,6164.741457549999
510754,G06007312,high,False,4191.957,0.7130643653791515,1768.7367604799983,1847.7001305700012,1768.75141403,1735.8152429299998,1575.9310574299998,2310.5390899299996,1934.9196383299998,2852.3094415299997
510902,G06007322,low,True,5467.629999999999,0.7130643653791515,1503.6757040013256,1537.675377682661,1503.6845520615227,1476.9107772855232,1346.887727884523,1488.527572603523,1309.063818730523,1473.336140587523
510903,G06007308,high,False,6604.163,0.8407500276235722,2948.234937920005,2880.302024099426,2948.2496890499997,2896.777875849999,2646.853368449999,3174.051500149999,2758.597209549999,3399.7877182499988
510913,G06007330,high,False,5174.236000000001,0.7130643653791515,2259.7570794381304,2278.790652245238,2259.7765230881323,2219.152285588132,2021.9072576881322,2670.461616288132,2278.327283288132,3081.1332234881315
510923,G06007308,high,False,15712.7,0.8407500276235722,7851.222009999998,7195.50488371943,7851.302419649999,7727.006786549999,7123.622907449999,6836.914619149999,6265.067390249998,5822.615349049998
511165,G06007312,low,True,7305.883,0.7130643653791515,2114.344244872522,2133.2288375686694,2114.3520471075235,2078.514309745523,1904.472193672523,1944.7500412215231,1745.796507997523,1775.1048465045233
511333,G06007322,medium,False,7215.255,0.7130643653791515,3308.952307768134,3196.4753061152405,3308.962284888132,3252.7769575881316,2979.9080782881315,3454.293611388132,3028.686424988132,3599.5906828881316
511335,G06007310,low,True,400.852,0.7130643653791515,104.19615811080106,174.7426085440007,104.19642926280001,102.2370849108,92.72169065879999,511.9366562148,385.7796310548,919.6746476748001
511417,G06007315,medium,False,4597.0740000000005,0.7130643653791515,1930.3168581493196,1986.2667159623998,1930.31912281932,1894.6235352193198,1721.29155181932,2424.9137546193197,2043.3347036193197,2919.46153721932
51156,G06007326,low,True,8939.533,0.7130643653791515,2718.182527312226,2730.019357215666,2718.208992169523,2673.393954139523,2455.7928467235233,2395.8397221795235,2177.627712214523,2073.515149996523
511618,G06007314,medium,False,10137.036,0.7130643653791515,4842.037742028133,4540.563648335241,4842.057905288131,4763.085623488132,4379.712733488132,4599.626351288131,4125.077897088132,4357.214622288131
511701,G06007325,medium,False,11534.231000000002,0.8407500276235722,5658.375115809995,5271.985511689431,5658.421447049999,5566.713742649999,5121.3756838499985,5198.683440949999,4696.816797749999,4739.0042574499985
511702,G06007310,low,True,3434.754,0.7130643653791515,892.6957730057818,942.1341234969088,892.7004664238793,875.9228407898794,794.4451653218794,1047.9015677888792,889.9095278438793,1203.0788752508793
511739,G06007307,high,False,6661.621999999999,0.8407500276235722,3036.5804133515285,2963.6278560598184,3036.611500181526,2983.9334559815256,2728.175803881526,3242.025984081526,2824.005331281526,3447.4952755815257
511796,G06007310,medium,False,4349.849,0.7130643653791515,1826.5522673786413,1896.984270645375,1826.562645708641,1792.591083608641,1627.6389107086407,2350.549076308641,1972.698748408641,2874.4929330086406
511857,G06007313,high,False,9864.207999999999,0.8407500276235722,4676.64460961,4398.787824589441,4676.681097849998,4599.554775849999,4225.048746749999,4465.287914949999,3994.747256749999,4253.818038349999
511927,G06007328,high,False,10507.518,0.8407500276235722,5117.671098800003,4797.318437539433,5117.718390449999,5034.033150949999,4627.657145549999,4794.717991049998,4310.092082149999,4471.843218049999
511958,G06007317,low,True,6955.775,0.7130643653791515,2002.7118177978225,2024.9162588936686,2002.7203918395235,1968.5390943885234,1802.541340459523,1861.3474175745232,1665.960654172523,1719.9397434135233
512015,G06007324,medium,False,15053.053,0.7130643653791515,7513.106138628131,6894.588609115235,7513.161748088132,7394.538228188132,6818.586050088134,6595.072261688132,6035.3637309881315,5677.098561988132
512226,G06007315,medium,False,12573.571,0.7130643653791515,6299.266524928133,5840.803320775241,6299.353382288133,6198.745780888132,5710.254937988133,5688.200149288132,5167.2821090881325,5077.227100688132
512462,G06007330,medium,False,8811.387999999999,0.7130643653791515,4290.869336788137,4074.2140084152493,4290.903837488133,4220.130898988131,3876.4045084881323,4187.789102888131,3730.917098488132,4084.820833888132
512565,G06007307,low,True,7145.65,0.8407500276235722,2078.6889762072024,2103.931831105602,2078.707723879499,2042.9860319504996,1869.5528115704992,1911.3085856954995,1712.6288705684997,1743.9532846754992
512778,G06007311,high,False,14607.905999999999,0.7130643653791515,7410.787466108133,6820.629173275234,7410.875989288132,7293.755054788131,6725.134035688134,6518.607382188133,5962.212524288131,5626.510825888133
512909,G06007312,high,False,7739.355,0.7130643653791515,3604.6498447181325,3458.2421653452398,3604.6688046881322,3544.079869288132,3249.902265488132,3675.2133794881315,3240.1720225881318,3745.705040788132
512978,G06007325,medium,False,8740.408,0.8407500276235722,4131.425411669999,3925.403925369431,4131.453274049999,4062.414415549999,3727.168962949999,4057.961506149999,3604.7751465499987,3984.474604949999
513107,G06007324,high,False,11426.66,0.7130643653791515,5553.487192538134,5169.731751985239,5553.532647288133,5464.019581788132,5029.372367188133,5131.116771688132,4633.9699955881315,4708.645987288131
513112,G06007301,low,True,2039.335,0.7130643653791515,533.4784966728004,593.0087698290008,533.4813680175001,523.4610140865001,474.8080916565,803.8819445565,660.4064977935,1074.2702401905
513126,G06007323,high,False,15963.771999999999,0.7130643653791515,8024.319883278133,7347.812719505238,8024.420474488132,7898.197109388131,7285.413371288132,6976.969762788132,6401.030372488131,5929.607501688131
513303,G06007326,low,True,706.4380000000001,0.7130643653791515,183.4984510946993,251.91213326300033,183.49886617020007,180.04792291920006,163.28821064220003,565.8173290902,436.4549746842,948.1308464472
513307,G06007310,medium,False,2578.0660000000003,0.7130643653791515,1069.655501200001,1232.8591288799985,1069.66110778,1049.5670873800002,951.9994887800001,1830.1076006800001,1482.07070298,2590.5283573799998
513463,G06007310,medium,False,5324.0560000000005,0.7130643653791515,2327.2951178181297,2336.6471207052414,2327.310540288132,2285.683747888132,2083.575027888132,2720.9232684881317,2326.6255422881322,3114.513945188132
513468,G06007314,medium,False,12785.328000000001,0.7130643653791515,6268.161872748131,5796.291126135235,6268.204997888131,6168.061647788132,5681.8777389881325,5665.038082688132,5145.009206188132,5061.916975588132
513484,G06007307,medium,False,6097.812,0.8407500276235722,2726.3433533710177,2689.7646520596954,2726.354348141017,2678.266874741017,2444.717037441017,3009.725841041017,2601.541689041017,3293.138371241017
513551,G06007301,low,True,11013.243,0.8407500276235722,3411.634744153524,3407.067260628664,3411.6734025915234,3356.567953507523,3088.9796139015234,2913.880409014523,2673.581823706523,2416.150012678523
513583,G06007330,medium,False,4278.052,0.7130643653791515,1820.5264846399996,1892.6939900099997,1820.5385624700002,1786.9965401699997,1624.13241617,2351.8782622699996,1974.9502965699996,2883.21067947
51359,G06007315,medium,False,3352.7129999999997,0.7130643653791515,1414.9046189099995,1537.9583729300011,1414.91837916,1388.4687627600001,1260.0613307600001,2067.1698740599995,1705.4904108599997,2719.4249207599996
513614,G06007327,low,True,3881.6369999999997,0.7130643653791515,1033.9019154513,1080.8557623570018,1033.9065660798,1014.7852255967999,921.9436483698,1149.2609270988,986.2282935047998,1264.6122443988002
513715,G06007310,medium,False,13475.664,0.7130643653791515,6630.795790648135,6114.208273095248,6630.8373138881325,6525.3000113881335,6012.983697688132,5935.970829588132,5404.350180088132,5241.132885588131
513822,G06007306,low,True,2132.7609999999995,0.8407500276235722,555.2866708704005,613.9044167969985,555.2877337749001,544.8496020219,494.1577154618999,818.5347075009,674.1572706488998,1081.7653694559
514296,G06007301,high,False,8705.024,0.7130643653791515,4108.719880788134,3900.3205569752413,4108.744632488133,4040.6871277881314,3710.1748736881314,4051.7712966881313,3600.691654888132,3994.745534988132
514356,G06007330,medium,False,4423.645,0.7130643653791515,1850.2148940488066,1915.8672307222719,1850.220093118811,1815.9117637188108,1649.2925723188112,2368.3452611188113,1989.7636768188108,2886.421085018811
51442,G06007325,low,True,4533.235000000001,0.8407500276235722,1202.9621756928414,1246.6109789211823,1202.9738542737412,1180.5379191717414,1071.6177641217414,1261.8970328277414,1091.7551528307413,1320.8136728007412
51467,G06007328,medium,False,6635.361,0.8407500276235722,2967.191278350002,2897.2396507894305,2967.207935049999,2915.4530814499985,2664.162241349999,3188.2125883499994,2772.155146649999,3409.1534811499987
514688,G06007330,medium,False,6729.658,0.7130643653791515,3068.7452852881274,2987.738160675239,3068.7717756881316,3016.1440359881317,2760.5989931881318,3274.8345848881318,2856.9232561881317,3480.848868088132
51491,G06007327,high,False,7791.868,0.7130643653791515,3643.0324897081277,3493.2218208952363,3643.0636998881323,3581.901689488132,3284.960894288132,3703.870533088132,3267.6443998881323,3764.631978788132
514921,G06007311,high,False,9182.206,0.7130643653791515,4365.0658515281375,4125.340746175243,4365.089817088132,4293.204770988132,3944.207095188132,4243.289001788132,3783.981866188132,4121.488304888131
514969,G06007326,high,False,8667.153999999999,0.7130643653791515,4123.677020618134,3917.160900865238,4123.696394288132,4055.411944088132,3723.7939059881314,4062.938806888132,3611.361354988132,4002.1856852881315
514994,G06007324,high,False,25078.85,0.7130643653791515,12918.131331268141,11653.321658075241,12918.263405688132,12719.368026288132,11753.81441938813,10633.04283938813,9900.98592838813,8347.881794488132
515053,G06007314,low,True,2684.1679999999997,0.7130643653791515,704.0107340469011,759.3774329189981,704.0150319132001,690.7984931862001,626.6278864692,919.9630300691999,769.6217360172,1135.8956688252001
51575,G06007301,high,False,13946.019999999999,0.7130643653791515,6804.54616332813,6258.227159835238,6804.556281488132,6696.486379088132,6171.688977588132,6065.795445288131,5528.688373588132,5326.888694288132
516232,G06007322,medium,False,7159.43,0.7130643653791515,3292.0626969081322,3183.1954276152396,3292.0806854881316,3236.138312288132,2964.490670188132,3441.678856688132,3016.6166815881325,3591.233613088132
516240,G06007307,high,False,9550.351,0.8407500276235722,4588.54407032,4330.290755559429,4588.588562849999,4512.764096149998,4144.541907749998,4399.427093049999,3931.680694849999,4210.359937049999
516501,G06007306,high,False,4302.506,0.8407500276235722,1804.8069548110186,1879.566288680259,1804.822772511018,1770.9949990110183,1606.761660011018,2331.3495881110175,1953.819519011018,2857.866374511018
516589,G06007302,high,False,5273.536,0.8407500276235722,2290.76582956898,2311.68711514974,2290.795121178982,2248.6325060789823,2043.9334129789822,2675.388175078982,2279.9752601789814,3060.0268395789817
516708,G06007322,medium,False,2111.578,0.7130643653791515,872.3864500000004,1059.4663946400015,872.38798834,855.9872901399999,776.34241394,1695.7323372399999,1355.62306014,2519.0514407399996
516906,G06007310,medium,False,6476.162,0.7130643653791515,2935.827936488133,2870.8899747752484,2935.8434142881324,2885.1893010881317,2639.210461688132,3175.536171788132,2761.833283088132,3415.216674888132
517042,G06007324,low,True,6174.099999999999,0.7130643653791515,1751.8473443571224,1781.4186388146672,1751.860799443523,1721.395785115523,1573.4764252545233,1673.931000820523,1486.537174426523,1595.9899012575231
51716,G06007312,low,True,2857.358,0.7130643653791515,751.2246549360003,805.6424505919992,751.2307861842,737.1342363672,668.6939507472001,952.1940063432,799.9655506931999,1153.1429848482
517307,G06007317,high,False,6740.076,0.7130643653791515,3041.9621704581286,2958.2225011152427,3041.994597558132,2990.003404058132,2737.503368258132,3258.580992358132,2842.1335494581317,3475.1391682581316
517317,G06007310,medium,False,2212.809,0.7130643653791515,919.2036041600029,1101.1006837700018,919.20777107,901.94425637,818.1205338699999,1727.8879653699998,1385.92975357,2536.54377837
517428,G06007301,high,False,4859.055,0.7130643653791515,2084.128622318132,2123.494484305239,2084.1400608881318,2046.129194288132,1861.5481950881317,2539.2594424881318,2152.728714588132,2994.341344288132
517462,G06007324,high,False,8108.388,0.7130643653791515,3826.633415528128,3656.828973755237,3826.6858100881323,3762.800894988131,3452.617455288132,3841.0071054881323,3398.9610488881317,3855.3211509881316
517463,G06007330,low,True,432.01599999999996,0.7130643653791515,112.28449591800118,182.61333442800094,112.28476069440002,110.1733126704,99.91901283840001,517.4321830824,390.9482138784,922.5772114704
517495,G06007328,low,True,5711.713,0.8407500276235722,1573.4071625769004,1607.7723536906065,1573.4244539474992,1545.2132992694994,1408.2251293844995,1533.8321637014992,1351.2938478554997,1494.2202434744995
517543,G06007324,low,True,9602.527000000002,0.7130643653791515,2902.806333962724,2905.5298869066696,2902.8268903335234,2855.2814106315222,2624.380642540523,2533.766797507523,2309.661638329523,2164.743753343523
517629,G06007328,low,True,8802.23,0.8407500276235722,2602.672412520602,2611.6261427336017,2602.6886714534994,2559.1917994964997,2348.0088368624993,2302.780794550499,2087.384105212499,2002.8607938014995
517695,G06007301,high,False,14919.599999999999,0.7130643653791515,7432.243387888131,6822.7164669752365,7432.2848336881325,7314.893186088133,6744.778498988133,6534.66529238813,5977.581823788131,5637.073760488132
517707,G06007314,low,True,2071.575,0.7130643653791515,539.3408218506013,598.3784655589998,539.3420315955,529.2033753825001,479.96676236249994,807.6957710204999,663.9620460555,1076.0347554675
517719,G06007325,low,True,12092.457999999999,0.8407500276235722,3845.416986450901,3843.3933761505955,3845.476815925499,3783.5224320914995,3482.6798545244997,3231.1346539484994,2976.1557679425,2616.9581557004994
517847,G06007327,high,False,4864.59,0.7130643653791515,2108.2129732486424,2146.4448297859394,2108.2335979086415,2069.9367687086415,1884.015259408642,2558.6603478086417,2171.5310008086417,3009.0860037086413
517859,G06007329,high,False,27196.123,0.7130643653791515,13893.95267983813,12493.033345545233,13894.044513888131,13680.705406188132,12644.87558738813,11362.07558708813,10598.91866488813,8830.010444188132
517971,G06007313,high,False,5908.436,0.8407500276235722,2603.599394689996,2580.2112146094364,2603.613974849999,2557.2590203499985,2332.151322749999,2916.557231849999,2512.101203549999,3229.509724049999
518037,G06007301,medium,False,5816.774,0.7130643653791515,2601.152196548134,2578.7956564952383,2601.176662888132,2555.4785552881317,2333.632738388132,2925.5192638881317,2522.4925509881323,3249.826431188132
518097,G06007317,low,True,5627.24,0.7130643653791515,1571.7283497141232,1605.9955435686672,1571.738436631523,1543.952033560523,1409.011617061523,1539.366581236523,1357.719132577523,1506.9858973995229
51815,G06007314,medium,False,7298.107,0.7130643653791515,3355.1304114686445,3236.8320445753693,3355.1441504286413,3298.252897828641,3022.055779828641,3488.808080528641,3061.697866128641,3622.4954578286406
518257,G06007301,medium,False,7226.637,0.7130643653791515,3359.65821842813,3246.2903501352407,3359.6821858881317,3302.733382688132,3026.197896088132,3492.1684251881316,3064.958048188132,3624.6391490881315
518317,G06007329,low,True,9592.949,0.7130643653791515,2892.824928616224,2894.7112551876685,2892.839518729523,2845.438209424523,2615.271363865523,2526.328231645523,2302.5373937685226,2159.805144409523
518366,G06007329,high,False,6852.9130000000005,0.7130643653791515,3126.4957567581337,3037.409311545241,3126.515809488132,3073.0269863881317,2813.318637488132,3317.989590488132,2898.207433188132,3509.4178948881317
518426,G06007316,low,True,8089.763,0.7130643653791515,2392.605329422225,2406.82769968567,2392.6204445775234,2352.639912076523,2158.5345858645233,2152.6337673765233,1944.7914763935232,1912.625901259523
518460,G06007312,low,True,3791.778,0.7130643653791515,996.4272384111214,1044.5953592336928,996.43544657402,977.7377058690199,886.9590188490201,1119.00795315002,956.89577809502,1241.5608442980201
518594,G06007307,medium,False,6669.4310000000005,0.8407500276235722,2992.5966846399997,2920.2423781194307,2992.619314849999,2940.4855662499986,2687.355215149999,3207.167709449999,2790.322785849999,3421.6996773499986
518711,G06007322,medium,False,2969.201,0.7130643653791515,1230.6276646799968,1373.7972767499982,1230.6312602300002,1207.51004863,1095.23379493,1939.4698162299997,1584.92190263,2648.2748539299996
518759,G06007326,high,False,10367.252,0.7130643653791515,5017.837648158133,4701.814512225235,5017.880512888132,4936.296511288132,4540.236530188131,4730.950356188132,4250.826654188131,4444.050165888131
518801,G06007314,low,True,7583.738,0.7130643653791515,2192.367614729127,2207.3941195426687,2192.3680453215234,2155.3762563195232,1975.7158456695233,2003.047672018523,1801.5979958235234,1813.6624943955233
519019,G06007323,medium,False,7844.865000000001,0.7130643653791515,3628.2743300981297,3474.800083785243,3628.2836238881323,3567.338506488132,3271.4561118881315,3692.8609343881317,3257.0255559881316,3757.4352284881315
519037,G06007316,medium,False,6127.552,0.7130643653791515,2719.861755648132,2677.462273355241,2719.8653162881324,2672.423036488132,2442.0269102881316,3014.2049126881316,2607.3847338881314,3308.493492388132
519109,G06007315,low,True,4986.485,0.7130643653791515,1365.8862460812236,1402.9328368476724,1365.8867487645232,1341.5258934555231,1223.193639583523,1391.762923636523,1217.4730017345232,1417.5882457275231
519153,G06007330,high,False,8610.448,0.7130643653791515,4009.3205309081263,3807.0209287952407,4009.3113374881327,3942.7551535881325,3619.4288051881317,3977.537588388132,3529.627031588132,3945.6113698881322
519357,G06007324,low,True,14649.533000000001,0.7130643653791515,4638.319994421622,4605.521527407667,4638.354116563523,4565.043100477523,4209.005750914523,3830.2980866865237,3550.8479700015228,3022.3600148595233
519418,G06007316,medium,False,678.245,0.7130643653791515,278.7600739499988,539.2167062200004,278.76052295000005,273.51486035,248.03771845,1292.1830790499998,976.04621295,2305.59778965
519459,G06007308,high,False,3616.1849999999995,0.8407500276235722,1504.2218821800002,1614.2605639700034,1504.22984015,1475.98490845,1338.85163025,2125.84068615,1760.2896511499998,2747.4140243499996
519586,G06007326,low,True,3578.7259999999997,0.8407500276235722,947.0542088951962,997.4745263560004,947.0684841533998,929.3219262054,843.1559334954,1085.8201173083999,925.7658299453999,1224.5660310084
519630,G06007322,low,True,7412.045,0.7130643653791515,2155.447327161324,2174.0140884106672,2155.4578716855235,2119.003200208523,1941.9993028725232,1975.4613096345233,1775.1901792275235,1795.4225438835233
519632,G06007327,medium,False,3561.308,0.7130643653791515,1523.7901757399993,1633.1013758700005,1523.80042637,1495.7921721699997,1359.75969537,2149.3116728699997,1784.26907657,2774.83373217
519634,G06007313,medium,False,3745.0280000000002,0.8407500276235722,1564.6974707200025,1668.1391646199982,1564.70884784,1535.3561937400004,1392.8359524399998,2167.42248074,1799.49810884,2770.11263834
519730,G06007307,low,True,5469.427,0.8407500276235722,1473.3432532916947,1507.3991909826032,1473.3444407534994,1446.6221122184995,1316.8513328984993,1459.0954138934992,1279.7188926554995,1444.8020921744996
519936,G06007322,high,False,9455.983999999999,0.7130643653791515,4575.235459828131,4317.733589495243,4575.277159488132,4500.2740164881325,4136.104299888131,4400.274051488132,3934.3210746881323,4225.296266388132
519971,G06007307,medium,False,7178.278,0.8407500276235722,3242.1530526300076,3137.217661449424,3242.163955849999,3186.3328266499984,2915.2252879499993,3393.634721749999,2968.80233935,3545.026001349999
520019,G06007316,high,False,5682.496,0.7130643653791515,2500.103690098306,2484.600203992147,2500.100920278302,2456.1670794783017,2242.722145578302,2853.898942278302,2454.630775578302,3207.606894078302
520067,G06007316,high,False,5713.4,0.7130643653791515,2543.768311618133,2527.9552776252426,2543.789794088132,2498.9405988881317,2281.2300647881316,2882.651576488132,2481.4433867881316,3221.4864805881316
520457,G06007330,medium,False,3131.473,0.7130643653791515,1296.8546560499985,1431.7031736799995,1296.8577873899997,1272.48864729,1154.1482481899998,1984.4232400899998,1627.1900170899999,2671.96191749
520886,G06007330,low,True,3374.639,0.7130643653791515,876.7916726310008,926.6365950589999,876.7935950571001,860.3039428641002,780.2262043821,1036.9229666781,879.5398762911,1197.0331492551
521016,G06007330,high,False,8598.105,0.7130643653791515,4050.186421938148,3848.7438521252348,4050.216219888132,3983.020780188133,3656.7377993881323,4008.0490802881322,3558.8378558881323,3965.811423588132
521024,G06007324,high,False,13573.599,0.7130643653791515,6817.735616368136,6294.618240515245,6817.8067592881325,6709.504523888132,6183.651578788131,6075.569162988131,5538.083581088132,5333.445017288132
521025,G06007330,medium,False,2611.6499999999996,0.7130643653791515,1091.9359656199988,1253.397452659996,1091.9440559000002,1071.4634197000003,972.0198787000002,1845.8142169999999,1496.9524317,2599.6647341999997
5211,G06007329,high,False,12343.774999999998,0.7130643653791515,6099.852774218134,5656.261264645238,6099.908793888133,6002.265071388132,5528.183685088132,5539.27120188813,5024.651436588131,4978.726442288131
521324,G06007328,high,False,11496.922999999999,0.8407500276235722,5655.265102179991,5271.514499419431,5655.334063449999,5563.671136249998,5118.55168325,5196.324845649999,4694.607640349999,4737.4215973499995
521443,G06007302,medium,False,11074.95,0.8407500276235722,5239.156871026268,4903.109337401052,5239.229170126265,5151.199627426265,4723.830562226265,4842.4547787262645,4348.550936826266,4445.781620326265
521500,G06007302,medium,False,4149.1,1.0497359105206039,1746.040664539999,1828.6588504799965,1746.0562138000005,1713.3462812000002,1554.5404957,2291.6364529,1916.5088905,2837.2082542
521510,G06007329,medium,False,2071.784,0.7130643653791515,895.8798169200005,1083.5505620800006,895.8844567799998,879.34848748,799.01005728,1716.85831208,1376.4653756799999,2537.87194878
521540,G06007306,high,False,21412.761,0.8407500276235722,10784.469786739995,9762.23223303943,10784.55378285,10616.74997835,9801.988936849997,9028.28742975,8362.949889749998,7271.930344649998
521565,G06007310,medium,False,6462.7609999999995,0.7130643653791515,3047.2086660098375,2978.5083837230995,3047.227001229829,2995.41565782983,2743.7068461298295,3266.9830253298296,2850.80572782983,3486.85119562983
521606,G06007330,high,False,5873.536,0.7130643653791515,2627.8301493381327,2601.78916452524,2627.852851088132,2581.763541488132,2357.986741088132,2945.4379839881317,2541.562197088132,3263.016468888132
521695,G06007328,medium,False,14358.068,0.7130643653791515,7334.477142809987,6765.0647355694355,7334.566011450001,7217.975698549998,6651.706960349999,6450.7574758499995,5895.50399435,5567.257567549998
521813,G06007302,high,False,10352.539,0.8407500276235722,4857.809733196263,4568.011323551049,4857.860579326266,4775.509061626265,4375.6282141262645,4557.561673826264,4075.846009626265,4257.3186611262645
52204,G06007308,medium,False,5148.73,0.8407500276235722,2234.7990799622057,2256.9179581768535,2234.816016132205,2194.3690372322053,1997.9680106322046,2648.486335332205,2256.727578432205,3062.1719842322045
52209,G06007306,medium,False,5053.059,0.8407500276235722,2151.9162322586417,2182.386623815366,2151.9285089986406,2112.4731890986413,1920.8848803986407,2582.445525298641,2192.8122858986408,3012.9139473986406
522255,G06007325,high,False,12013.100999999999,0.8407500276235722,5893.127602419996,5476.254448239434,5893.191616449999,5797.997395849999,5335.756504249998,5374.0455149499985,4864.731858749999,4854.950099549999
522276,G06007312,low,True,6146.072999999999,0.7130643653791515,1737.5025421203245,1766.7830673886654,1737.5127674235232,1707.265029322523,1560.3854490555232,1663.2176589225228,1476.2907314505233,1588.8860899275232
522385,G06007316,medium,False,12256.505000000001,0.7130643653791515,6012.590957758133,5574.72068850524,6012.629990688132,5916.291215388132,5448.5279156881315,5474.104264288131,4962.268787388132,4935.582390088131
522485,G06007324,high,False,28383.451,0.7130643653791515,14679.654671918133,13202.045973765238,14679.835941488132,14454.77262308813,13362.251927688132,11948.991536388132,11160.811099188131,9218.264127688131
522522,G06007326,medium,False,5910.225,0.7130643653791515,2620.186560628137,2591.9266243552447,2620.202137488132,2574.2309834881326,2351.023161988132,2939.741288688132,2536.109148888132,3259.2238958881317
522606,G06007307,high,False,17701.442000000003,0.8407500276235722,8825.97617111,8042.505084929429,8826.01913085,8687.310616949999,8013.711899549999,7565.152158949999,6962.289523349999,6304.158054949999
522649,G06007316,low,True,4993.952,0.7130643653791515,1364.2921327386648,1403.8342855638489,1364.3041231191648,1339.5925894611646,1219.6509515751645,1384.5530058801644,1209.5228384511647,1404.7953692121646
522683,G06007302,medium,False,3780.7129999999997,0.8407500276235722,1602.1511942800003,1703.6939324700015,1602.1701293899998,1572.19925819,1426.68365249,2194.3984427899995,1825.15887099,2786.6361897899997
522764,G06007327,medium,False,10860.323,0.7130643653791515,5258.245837338132,4910.637770645244,5258.278351488132,5173.137138788132,4759.773762088131,4910.5792058881325,4422.803985188132,4562.800547888131
522794,G06007330,high,False,10850.025000000001,0.7130643653791515,5258.188459898121,4911.3066501452395,5258.235980488131,5173.096070588132,4759.717174188132,4910.4919899881315,4422.741865488131,4562.772292188132
522804,G06007306,medium,False,10408.515000000001,0.8407500276235722,4963.19299974,4649.912391639429,4963.23145745,4881.828442849999,4486.653240649999,4679.369928949998,4199.613229749999,4395.512361249999
522889,G06007316,high,False,6577.593999999999,0.7130643653791515,2972.6007146081315,2901.199631455241,2972.612694888132,2921.413670288132,2672.800082188132,3203.0202133881317,2788.1475151881314,3433.371004288132
522941,G06007301,low,True,3554.9790000000003,0.7130643653791515,957.9609925829984,1008.2528289260007,957.9663820692,940.3082732862,854.5412641122002,1098.1595008362,938.2739463732,1238.3580023232
523011,G06007308,medium,False,8946.137,0.8407500276235722,4217.688267849996,3998.99989140943,4217.735828249999,4147.416364349999,3805.982185849999,4122.397008349999,3666.5118259499995,4027.019655949999
523051,G06007306,high,False,11647.802,0.8407500276235722,5827.3240986400015,5433.237097479436,5827.417994249999,5733.170701349998,5275.607207149998,5324.849677749999,4817.628382949999,4822.495846449999
523259,G06007306,low,True,2396.666,0.8407500276235722,631.4333783435975,688.9748992559997,631.4369979834001,619.5979433573999,562.0911431183999,870.7779377184,723.3994629804,1110.1218700794002
523263,G06007316,high,False,8261.817,0.7130643653791515,3847.4168523881312,3667.40660381524,3847.426797888131,3783.243278188131,3471.5753678881324,3856.5794597881318,3413.7920103881315,3865.6656897881317
524507,G06007325,high,False,19398.209,0.8407500276235722,9773.08884594,8879.69035533943,9773.13354165,9620.37989035,8878.461547949999,8272.668546249999,7639.62654565,6772.184446849999
524517,G06007326,high,False,11752.744,0.8407500276235722,5765.626812768132,5359.939116395235,5765.665922688131,5672.9885367881325,5222.999909088132,5289.585421088132,4785.606088288131,4813.596529488132
52458,G06007301,medium,False,5438.29,0.7130643653791515,2396.0077742681324,2398.028402655238,2396.0280030881318,2353.379938688132,2146.3172710881313,2772.2539384881316,2375.772786888132,3148.4588109881315
524679,G06007327,medium,False,5339.356,0.7130643653791515,2426.965867319662,2431.391147686206,2427.00291289966,2384.34116169966,2177.23969609966,2803.1532653996596,2406.6754504996597,3179.3672858996597
524720,G06007327,high,False,747.912,0.7130643653791515,308.6283060000015,565.5088606399999,308.62912696000006,302.82568776000005,274.64192056,1312.5556213599998,995.2205005600001,2316.47565256
524754,G06007307,medium,False,15014.286,0.8407500276235722,7402.153696049995,6792.251291009429,7402.219176449999,7284.618004449998,6713.645980049999,6501.435265849998,5943.94796065,5600.634082649998
524853,G06007306,low,True,1363.73,0.8407500276235722,371.29983025590315,436.90961134100104,371.303338203,364.38767215199994,330.791663538,694.5712808879999,557.768192412,1017.8589874290001
524927,G06007301,low,True,10249.025000000001,0.7130643653791515,3105.2325023043218,3101.2717094626682,3105.247991005523,3054.6990825045236,2809.2198575625234,2685.007729615523,2454.445568137523,2264.7607395105233
525034,G06007316,high,False,6081.881000000001,0.7130643653791515,2745.244789248131,2705.7810630352383,2745.265331688132,2697.4368368881314,2465.198047888132,3033.1620983881317,2625.5481911881316,3321.0236861881317
525272,G06007301,high,False,7321.886,0.7130643653791515,3387.7697238181336,3268.41750570524,3387.7951314881325,3330.4225837881313,3051.881456388132,3513.1860874881318,3085.0704485881324,3638.521899388132
525278,G06007313,medium,False,5421.446,0.8407500276235722,2355.646809719996,2363.7542744194297,2355.6681142499992,2312.982834549998,2105.7559825499984,2731.3326490499985,2334.775947549999,3106.9839911499985
525305,G06007308,medium,False,6656.634,0.8407500276235722,3034.9134123699987,2963.27730018943,3034.949414249999,2982.1740855499984,2725.970687849999,3238.7797343499988,2820.5672856499987,3442.6412743499986
525383,G06007310,medium,False,8007.813,0.7130643653791515,3764.5892815481307,3600.579713995239,3764.6048680881318,3701.651876088132,3395.916180988132,3794.669113288132,3354.538197488132,3824.756204788132
525420,G06007302,medium,False,8483.04,0.8407500276235722,3876.620541637282,3706.438345301313,3876.655203517283,3808.9874973172823,3480.3562646172827,3826.442877217283,3376.225143417283,3776.3185570172827
525506,G06007323,low,True,7405.928,0.7130643653791515,2219.618743221707,2244.3932859220317,2219.641002123406,2182.316569719406,2001.0577494034058,2024.8220888014057,1822.7004038914056,1830.0767917984058
525620,G06007316,low,True,4236.325999999999,0.7130643653791515,1107.1962532571806,1151.428363035513,1107.200222855679,1086.4455548306787,985.6515349796788,1194.6319027316786,1028.0877078536787,1282.036758278679
52599,G06007316,medium,False,8859.658,0.7130643653791515,4204.159846828132,3985.5640340352397,4204.193903088133,4134.696045588133,3797.302627888132,4123.083514588132,3668.9222720881316,4041.9500943881317
526101,G06007306,high,False,14109.847,0.8407500276235722,6766.5132281199985,6214.972992039431,6766.4270594499985,6658.416975449998,6133.307881949999,6026.6155270499985,5489.490542649999,5286.396770249999
526154,G06007317,low,True,4385.588,0.7130643653791515,1151.9087701330511,1194.9650396335894,1151.913351952951,1130.4262410769506,1026.0848247859506,1226.8933657699508,1058.7773048899508,1301.843776894951
526168,G06007323,medium,False,1176.021,0.7130643653791515,484.07505214000275,719.0487551100017,484.07591703000014,474.96880893000014,430.74076493000007,1431.69953993,1107.26443143,2379.31082543
526342,G06007330,medium,False,4232.7119999999995,0.7130643653791515,1747.7870518689786,1825.8057341591693,1747.788429018981,1714.996214818981,1555.731180318981,2291.733445118981,1916.395879118981,2835.6267334189806
526445,G06007316,high,False,4758.833,0.7130643653791515,2054.805212020002,2099.009813429435,2054.811213959999,2017.4108151599985,1835.7599749599985,2520.2621797599986,2135.0322850599987,2985.7067276599987
526547,G06007324,low,True,8522.149,0.7130643653791515,2487.980649210921,2493.053732340667,2487.9814880055233,2446.584980482523,2245.616300521523,2223.889927897523,2012.978552476523,1959.786993265523
526641,G06007322,medium,False,10267.311000000002,0.7130643653791515,4937.107922538129,4627.617016145245,4937.128528488132,4856.772414788131,4466.531663588132,4670.633426588131,4193.105410688132,4404.135798388132
526731,G06007308,high,False,9751.542000000001,0.8407500276235722,4703.637213120001,4432.290494199427,4703.6852178499985,4626.147604849999,4249.627879549998,4485.408004549999,4013.9941529499993,4267.232138949999
526732,G06007301,high,False,12198.505000000001,0.7130643653791515,6000.665177298128,5566.701458125239,6000.718653488131,5904.552900588133,5437.639425588131,5465.179553888132,4953.7356052881305,4929.683029388132
526872,G06007306,low,True,11673.940999999999,0.8407500276235722,3564.2695534991963,3550.6636136296015,3564.2980592415,3506.529925615499,3226.0370296455,3021.1583710124996,2775.1193632964996,2477.9915064734996
526920,G06007329,medium,False,5323.812,0.7130643653791515,2327.176198888135,2336.4725867352386,2327.1888104881323,2285.5640972881324,2083.464578688132,2720.8372851881322,2326.5418118881325,3114.456917788132
526965,G06007317,high,False,7940.701000000001,0.7130643653791515,3735.8852908581325,3576.454318525241,3735.922343288132,3673.3721875881315,3369.725915188132,3773.240782288132,3334.021969288132,3810.554928288132
527218,G06007330,medium,False,5956.305,0.7130643653791515,2724.8285412991527,2691.1685794560685,2724.874683369151,2677.610104769151,2448.181318369151,3022.6339939691516,2616.278001669151,3320.457847069151
527261,G06007328,high,False,3620.9660000000003,0.7130643653791515,1528.0191905010201,1635.9673033502586,1528.0257861910177,1499.639521291018,1361.772185991018,2147.0990683910177,1781.2390673910181,2766.180669091018
527407,G06007328,high,False,5552.508,0.8407500276235722,2417.0037164400073,2416.8373988794324,2417.0254734499995,2373.433997949999,2161.792288249999,2777.173152549999,2378.671275449999,3137.281416949999
527450,G06007306,low,True,5504.24,0.8407500276235722,1505.4345297865505,1541.0100349575894,1505.4450474664511,1478.2836105064512,1346.412299739451,1483.8211284664512,1303.526773143451,1462.1684409574514
528245,G06007330,medium,False,2631.115,0.7130643653791515,1106.6833861600023,1267.066207389998,1106.6929660500002,1085.95929295,985.2927257499998,1856.28535395,1506.88205405,2605.87601795
528379,G06007317,medium,False,4433.651000000001,0.7130643653791515,2050.681450479994,2101.988711809998,2050.70854813,2015.0204769300003,1841.74849463,2545.61757253,2164.1082041299996,3040.62310103
529004,G06007316,high,False,9087.747,0.7130643653791515,4273.357757448137,4040.229171135243,4273.363910488131,4202.863841988132,3860.503266788132,4174.801446288131,3718.4311506881313,4076.1257702881317
529082,G06007316,high,False,2601.1940000000004,0.7130643653791515,1092.4967702499962,1254.4984127299954,1092.5107266200002,1072.03438642,972.63472012,1846.52118402,1497.68461592,2600.51784492
529134,G06007316,high,False,14350.472,0.7130643653791515,7185.351441538127,6612.38383772524,7185.379102088133,7071.672780188132,6519.322539888131,6350.220610788132,5801.020308688133,5515.076476088132
529213,G06007307,high,False,18882.838,0.8407500276235722,9219.287687620003,8360.062470659423,9219.14431825,9074.798203649998,8372.913860449999,7859.051438749999,7243.744305849999,6498.335657449999
529229,G06007302,low,True,5895.027,0.8407500276235722,1636.3190377351505,1673.438442691986,1636.3364042395517,1606.6866977965515,1462.6981303885516,1572.2610047905514,1386.6333694735517,1508.2284089275515
529250,G06007315,high,False,8177.112999999999,0.7130643653791515,3808.0478579181404,3633.2205707252388,3808.062770088132,3744.455339388132,3435.614110688132,3827.1488371881323,3385.614579588132,3846.2340358881315
529402,G06007312,medium,False,9215.782,0.7130643653791515,4506.667683698139,4264.282790225243,4506.711516888132,4432.729608988131,4073.451502288132,4349.018559888132,3885.2459172881317,4191.462174988132
529804,G06007323,medium,False,12411.197999999999,0.7130643653791515,6128.263257358134,5680.60273436524,6128.330555688131,6030.2677453881315,5554.148171988132,5560.481052288133,5044.992682988132,4992.718602488132
52982,G06007326,medium,False,3109.1440000000002,0.7130643653791515,1380.9879664099958,1511.5065451800008,1381.0058826500003,1356.0850555499997,1235.0096863500003,2059.0317130500002,1700.64867715,2737.1174136499994
529891,G06007310,high,False,11532.799,0.7130643653791515,5682.663207898133,5291.667499565241,5682.733262888132,5591.300292688133,5147.289931188132,5227.552397288133,4726.338221088131,4772.474238588132
529894,G06007316,medium,False,12383.647,0.7130643653791515,6150.983263388131,5704.63833339524,6151.049549088133,6052.633953988132,5574.859875688133,5577.468754488133,5061.2170227881315,5003.999361688132
530234,G06007323,medium,False,3829.0020000000004,0.7130643653791515,1600.6967805799989,1699.8467934599994,1600.7107104600002,1570.6845937599999,1424.90330266,2191.97522116,1822.6097320600002,2783.2191986599996
53036,G06007316,low,True,5037.877,0.7130643653791515,1371.8043053493218,1410.4529477886654,1371.814520005523,1346.990908906523,1226.469749455523,1390.016557525523,1214.7425255385233,1408.191697699523
530468,G06007317,low,True,8100.977999999999,0.7130643653791515,2400.5964498504245,2415.1883710396664,2400.613658407523,2360.5148051025235,2165.8324359345233,2158.599270955523,1950.510971020523,1916.5668076695233
530483,G06007325,low,True,6877.469999999999,0.8407500276235722,1949.8676092311218,1972.7953867300935,1949.873114901921,1916.1210960489207,1752.1976992719208,1815.8156912499207,1621.3337566539208,1681.7706768969206
530591,G06007307,low,True,18776.339,0.8407500276235722,5935.490393735695,5864.455548594603,5935.525701115499,5842.5498555164995,5391.118927309499,4792.641239419499,4470.9279451904995,3649.774781044499
530762,G06007311,medium,False,4842.963,0.7130643653791515,2074.5647861086404,2114.2703222453733,2074.5680274786414,2036.7830263786411,1853.269791278641,2533.452382578641,2147.388292378641,2992.295277478641
530863,G06007301,high,False,7448.639,0.7130643653791515,3406.6063718881387,3278.4318082852405,3406.590542058132,3349.0756943581328,3069.5905827581323,3528.650452658132,3100.1808582581316,3650.553095958132
530894,G06007306,high,False,7188.853,0.8407500276235722,3298.832690719997,3192.9412020394348,3298.8631550499986,3242.174659449998,2966.950641049999,3435.952060049999,3009.3104487499995,3573.0642569499987
531008,G06007314,low,True,4673.737,0.7130643653791515,1247.3811308063578,1287.9469979664188,1247.3841678599583,1224.494001182958,1113.3198570809582,1298.397817625958,1127.260955255958,1349.3868142949582
531015,G06007313,medium,False,4624.589,0.8407500276235722,1961.7625607210166,2016.7107096002608,1961.7812490010183,1925.5318490010181,1749.5079792010179,2446.9274015010183,2064.194188101018,2932.0743898010182
531105,G06007329,medium,False,9185.235999999999,0.7130643653791515,4372.38902660814,4132.639010855236,4372.407144888131,4300.431534588131,3950.895805988132,4248.751349788132,3789.229510788132,4125.089093788132
531117,G06007327,medium,False,6725.826000000001,0.7130643653791515,3068.814019908136,2987.500318955244,3068.821501088132,3016.1982494881318,2760.627653088132,3274.8811477881322,2856.9415432881324,3480.935953688132
53134,G06007301,high,False,7577.553,0.7130643653791515,3525.9645505481344,3389.85197749524,3525.991838488132,3466.5545758881317,3178.044993088132,3616.4287427881322,3183.8745107881323,3706.854397388132
532524,G06007315,high,False,6633.157,0.7130643653791515,2996.4804259881253,2921.5971711352468,2996.492541688132,2944.943216488132,2694.610118388132,3220.8567167881315,2805.2308060881323,3445.160053288132
532733,G06007324,high,False,12309.037,0.7130643653791515,6016.555373698133,5575.780935645238,6016.603383488133,5920.204712588133,5452.178039488133,5477.072759288132,4965.122851588131,4937.505619288132
532759,G06007327,medium,False,6039.040000000001,0.7130643653791515,2708.22720622813,2671.3969653952395,2708.244678288132,2660.9616445881315,2431.3913942881322,3005.505349388132,2599.055884688132,3302.755020988132
532795,G06007302,high,False,16646.648,0.8407500276235722,8161.58588793627,7466.548509531051,8161.661670526265,8030.273986326266,7392.253500726265,7025.720219726265,6438.631591526265,5889.8443741262645
532932,G06007326,medium,False,9046.400000000001,0.7130643653791515,4295.411736238133,4064.539673905238,4295.440179888132,4224.581035088131,3880.6098952881316,4191.263998988132,3734.164801688132,4087.0752264881316
532997,G06007312,medium,False,3117.322,0.7130643653791515,1294.1622362400003,1429.7670343800025,1294.1687430600005,1269.86159326,1151.82946486,1982.80427586,1625.71492946,2671.40969996
533113,G06007317,low,True,7738.18,0.7130643653791515,2266.9556416341225,2283.261554584667,2266.9728954315233,2228.858182207523,2043.814117015523,2058.762639172523,1854.9303260355232,1850.5302276405232
533425,G06007322,high,False,12281.292,0.7130643653791515,5975.639266568134,5536.9532278152365,5975.631085488132,5879.912631288133,5414.846272688132,5446.533425188132,4935.947876688132,4917.194410288132
533462,G06007324,high,False,6361.839,0.7130643653791515,2876.054326108125,2818.636224955239,2876.0739160881326,2826.3031343881316,2584.646194888132,3130.893633288132,2719.1034943881314,3385.657928988132
533512,G06007317,low,True,2955.786,0.7130643653791515,772.1104928922032,825.3606869059995,772.1153819694001,757.6103255364001,687.1727258424002,966.0673913484,812.9578384884001,1160.0044321794003
533569,G06007307,high,False,5017.831,0.8407500276235722,2129.468036738298,2162.6392182821364,2129.483226048302,2090.304162848302,1900.081260848302,2564.783190248302,2175.748961548302,3000.0388725483017
533862,G06007314,medium,False,864.736,0.7130643653791515,356.7500458400033,607.6533379200016,356.75099408,350.04236768000004,317.4625396800001,1345.2510728799998,1025.97069488,2333.74357168
533925,G06007324,medium,False,17215.109,0.7130643653791515,8708.246706498136,7950.73806556524,8708.36116548813,8571.95913958813,7909.869341988133,7487.922400688132,6890.129578088131,6267.616096388132
534065,G06007324,high,False,7010.883,0.7130643653791515,3217.469323198133,3118.100858925241,3217.4899660881324,3162.652369988132,2896.3819100881324,3385.946507988132,2963.273267188132,3554.366395088132
534216,G06007307,medium,False,10421.346000000001,0.8407500276235722,4953.897481590006,4639.845704849431,4953.916457249999,4872.66676735,4478.185903049999,4672.457797949999,4193.01255325,4390.875765849999
534231,G06007313,high,False,2537.812,0.8407500276235722,1061.44139529,1226.6868352699994,1061.4500883599999,1041.5435450599998,944.8819113600001,1825.0856255599997,1477.45748616,2588.71228226
534244,G06007314,low,True,4996.460999999999,0.7130643653791515,1342.0959206118207,1379.282703277668,1342.097713711523,1317.7202865675233,1199.3415294975234,1367.823923194523,1193.4883986165232,1393.5222362145232
534301,G06007302,medium,False,4210.339,1.0497359105206039,1759.0891677999919,1838.7193287100035,1759.10340057,1726.10173337,1565.87885197,2299.68544907,1923.9276986700002,2840.2318069699995
534328,G06007323,high,False,13588.137999999999,0.7130643653791515,6728.285388418135,6204.896745605247,6728.342599488133,6621.387767988132,6102.037264388131,6008.758931188133,5474.152542588131,5289.173456488132
534377,G06007314,high,False,11854.946,0.7130643653791515,5863.837647198132,5451.612160865241,5863.902643288133,5769.746937488133,5312.677617588131,5362.954833588132,4855.857698988132,4862.107619288132
534391,G06007328,high,False,17935.286,0.8407500276235722,9071.905615279997,8272.747182899437,9071.996020049999,8929.589336549998,8238.194428649998,7748.837390449999,7138.095058049999,6425.780058949998
534631,G06007315,low,True,4691.976000000001,0.7130643653791515,1256.9454342951237,1298.3854275246674,1256.9517236355232,1233.8366450685232,1121.589672643523,1304.2049234355231,1132.5933052875234,1351.441085074523
534837,G06007322,medium,False,6004.546,0.7130643653791515,2679.2291904481326,2644.7252895552415,2679.228935888132,2632.399993688132,2404.924045788132,2983.848533288132,2578.3451847881315,3288.394289488132
53494,G06007324,medium,False,11313.184000000001,0.7130643653791515,5556.13782540813,5179.067447715241,5556.196884488132,5466.616223988132,5031.7374893881315,5133.085719688132,4635.806632988131,4710.044481088132
535008,G06007315,medium,False,6047.225,0.7130643653791515,2710.3735426988073,2672.2517281522664,2710.381883798811,2663.151851998811,2433.7725252988107,3008.325860198811,2601.984875798811,3306.2707236988103
535040,G06007323,low,True,5123.952,0.7130643653791515,1423.7127148225725,1462.643876458079,1423.7243051845724,1398.283033706572,1274.7572412115721,1431.4164644095722,1254.8175315235721,1439.1216989065724
535109,G06007329,high,False,15556.927,0.7130643653791515,7705.593527738132,7055.101014925243,7705.631979488131,7584.170799988131,6994.392937588133,6738.903816288132,6173.075906688132,5772.149697388133
535219,G06007328,low,True,4138.1849999999995,0.7130643653791515,1074.5598607568998,1119.0498891039997,1074.5599954005002,1054.3520071664998,956.1989174535,1171.2676862865,1005.8874557205002,1267.9482580665
535290,G06007306,medium,False,15030.42,0.8407500276235722,7465.530988759992,6854.465725339437,7465.603474849999,7347.0756892499985,6771.508992849999,6548.751297049998,5989.304174449998,5631.904888249999
535657,G06007322,high,False,12153.732,0.7130643653791515,5967.2304419581305,5536.355493905241,5967.287946288132,5871.614269988131,5407.138987988132,5440.221219388131,4929.862630388131,4913.114452488132
535816,G06007307,medium,False,10292.858,0.8407500276235722,4956.151652819995,4649.909256519432,4956.186898649999,4874.906118249999,4480.197357449999,4674.070145649998,4194.583306449999,4392.021670549999
535830,G06007307,low,True,6106.581,0.8407500276235722,1695.3552813834058,1725.3222698596064,1695.3647044634995,1665.3411700064999,1519.567016215499,1624.9520526104998,1438.5001663064995,1554.5019785054994
535895,G06007324,low,True,6072.961,0.7130643653791515,1715.407900893621,1745.5064695496676,1715.4167081235232,1685.496112957523,1540.2055570575233,1646.7137582715231,1460.4810637725232,1577.981223619523
536021,G06007316,low,True,411.448,0.7130643653791515,106.98192141840131,177.45789684000076,106.98221535120001,104.97059939520001,95.2013904912,513.8317949232,387.56248864319997,920.6791669752
536023,G06007316,low,True,4259.5689999999995,0.7130643653791515,1114.702865185756,1158.3852768524193,1114.704778886358,1093.8682234613577,992.689503686358,1200.787003676358,1034.062560065358,1286.835018395358
536142,G06007327,medium,False,4133.6630000000005,0.7130643653791515,1736.293488939495,1818.4346061592998,1736.3056996894902,1703.9413123894901,1546.80703348949,2287.72808828949,1913.33588778949,2839.11487238949
536211,G06007315,high,False,18503.3,0.7130643653791515,9400.28783606814,8559.709417135238,9400.404497888132,9253.727619388132,8541.750552288131,8004.939298088131,7385.059633488131,6609.595755888133
536411,G06007324,low,True,3394.687,0.7130643653791515,891.0908996093995,941.8327730209994,891.0987413642999,874.3718451573,793.1630864493,1047.2528809623,889.3733017503,1203.3898804653
536527,G06007323,high,False,6603.061,0.7130643653791515,3020.2226888181253,2947.0257559652373,3020.246187288132,2968.3295474881315,2716.267923488132,3238.588751488132,2822.1952139881323,3456.9174144881317
536566,G06007313,high,False,25900.107,0.8407500276235722,12871.576453199998,11559.594546399438,12871.64587885,12672.928919349997,11707.841642849999,10587.337206649996,9855.758070349997,8302.931496149999
536593,G06007301,high,False,5896.339,0.7130643653791515,2629.8392956181337,2602.3666638652408,2629.856474488132,2583.7375708881323,2359.8296577881324,2946.957420188132,2543.012676888132,3264.0003012881316
536719,G06007308,high,False,13630.277000000002,0.8407500276235722,6604.838349759997,6083.668600119431,6604.84575745,6499.093707249999,5985.607061649998,5905.835234849998,5373.6878109499985,5206.735975749999
536728,G06007311,high,False,11884.088,0.7130643653791515,5804.3313710681305,5390.51067713524,5804.360459088133,5711.12086018813,5258.3686738881315,5318.523333088131,4813.321159488131,4832.681081488132
536883,G06007302,high,False,20017.599000000002,0.8407500276235722,9976.360348336262,9063.943393611054,9976.472206126267,9818.099574726264,9049.289175126265,8381.533431426265,7736.526076226264,6786.614525026265
536947,G06007314,high,False,4877.253000000001,0.7130643653791515,2094.5517453081293,2132.7679601552422,2094.565901488132,2056.397351988132,1871.067487188132,2547.0479014881316,2160.184542088132,2999.4897643881313
536956,G06007316,medium,False,8064.831,0.7130643653791515,3784.9659617481334,3617.542575075246,3784.994822688133,3721.718828888132,3414.540625588132,3809.918974088132,3369.1191610881324,3834.818827288132
537393,G06007301,medium,False,3364.769,0.7130643653791515,1420.1072309289816,1538.2372897891714,1420.110514888981,1394.135454088981,1267.958679888981,2080.1251264889806,1719.465370788981,2740.089528988981
537538,G06007315,medium,False,8877.068,0.7130643653791515,4314.241109928138,4093.913034695244,4314.287385688132,4243.153832388132,3897.7656974881315,4205.283280588132,3747.6350286881325,4096.369108288132
537567,G06007312,medium,False,6395.284,0.7130643653791515,2915.588173928133,2855.876272955239,2915.615136888132,2865.251276088132,2620.7323170881323,3160.418061888132,2747.3679446881315,3405.204030888132
537710,G06007307,medium,False,14464.44,0.8407500276235722,7137.0186254400005,6562.056862639428,7137.066881849999,7023.411429449999,6471.519756949999,6303.349252549999,5754.305848949999,5469.661814149999
537733,G06007324,low,True,1359.6850000000002,0.7130643653791515,377.1826367715027,443.5461036440015,377.18637827849994,370.18809994949993,336.18532692150006,699.0357158175,562.0574722844999,1020.9062669685
537912,G06007301,high,False,11552.83,0.7130643653791515,5638.032257608134,5245.670562355239,5638.0727258881325,5547.298037788132,5106.519921088133,5194.263575288132,4694.369258488132,4750.514405088133
538020,G06007308,high,False,17504.231,0.8407500276235722,8785.073501139997,8013.69043413943,8785.13160225,8647.005340349999,7976.318831149998,7534.576776649999,6932.99595945,6284.006981749999
538358,G06007316,medium,False,5075.474,0.7130643653791515,2205.5147582281297,2230.8194658752423,2205.5260384881317,2165.7157432881318,1972.379958588132,2629.936569988132,2239.544743588132,3054.318548088132
538377,G06007326,high,False,1512.266,0.7130643653791515,648.4551253200043,866.0099708400003,648.4610851799998,636.3621417799998,577.59644768,1545.1180030799999,1214.26226308,2441.81301658
538540,G06007329,medium,False,4573.884,0.8407500276235722,2043.236338879999,2094.20461618,2043.2573477799997,2006.66702798,1828.9489394799998,2522.54818278,2139.08116668,3001.87680638
538544,G06007317,high,False,6862.4220000000005,0.7130643653791515,3149.3491162881296,3059.374726715242,3149.3687624881322,3095.5393850881323,2834.1723845881324,3335.053915688132,2914.5480491881317,3520.718512388132
538586,G06007302,high,False,18889.883,0.8407500276235722,9271.604402266265,8432.038290761042,9271.662485926265,9123.786584926265,8405.801011126267,7855.054738826266,7232.481290226266,6438.396124726265
538818,G06007317,low,True,3019.401,0.7130643653791515,781.5092032818026,833.5566144010008,781.5093019209,766.8029609289001,695.3716839069001,971.9767800399001,818.4223951419001,1162.4168421339
538912,G06007317,high,False,3451.875,0.7130643653791515,1456.692818629997,1574.582435090005,1456.7040761000003,1429.5076239,1297.4140591,2096.0268619,1732.7370133999998,2735.3493601
539029,G06007316,high,False,3815.966,0.7130643653791515,1583.4086876699962,1683.2827393300017,1583.41596278,1553.6763486799998,1409.2461695799998,2179.42229668,1810.65776178,2775.39757328
539215,G06007328,low,True,2635.4620000000004,0.8407500276235722,681.6250107828006,736.2876093300009,681.6249470897999,668.7945855108001,606.4836310637999,904.0964768058,754.5744352578,1126.5447071058
539432,G06007325,medium,False,6707.721,0.8407500276235722,3030.695245359997,2955.697374859432,3030.710942249999,2978.0144239499987,2722.1202266499986,3235.6332093499987,2817.551895149999,3440.5594155499994
539524,G06007317,low,True,10874.734,0.7130643653791515,3333.2616032235205,3326.2417718986667,3333.290561677523,3279.339098713523,3017.4193420485226,2855.362260514523,2617.5152909745234,2377.4572071705234
539606,G06007314,high,False,10776.490999999998,0.7130643653791515,5298.545009398133,4955.954354385245,5298.608616888132,5212.846583888131,4796.531546188133,4940.644318088132,4451.592610088132,4582.746851788132
539610,G06007322,high,False,17990.987,0.7130643653791515,9020.013285638135,8212.684243565243,9020.07424368813,8879.09255138813,8194.56555958813,7720.86901198813,7113.1324694881305,6421.6426107881325
53981,G06007324,low,True,5694.912,0.7130643653791515,1590.5326951698223,1623.8270030396693,1590.5444126595232,1562.473854514523,1426.1853334605232,1553.4213118425232,1371.1709876445234,1516.2758438205233
540791,G06007312,medium,False,4304.43,0.7130643653791515,1839.5193493199993,1910.6774798799984,1839.5370644000002,1805.6202051000002,1640.9513786,2364.5432484,1986.824772,2889.5521828
540824,G06007330,medium,False,7114.861,0.7130643653791515,3269.468845778131,3163.3822683252456,3269.488041488132,3213.876584788132,2943.8582598881317,3424.7993442881316,3000.455179188132,3580.0738966881318
540845,G06007325,high,False,6728.361999999999,0.8407500276235722,3035.965818110509,2959.1936492901323,3035.9812005405097,2983.2892363405094,2727.387784240509,3240.8845249405094,2822.7969256405086,3445.809909240509
540918,G06007313,low,True,13803.348000000002,0.8407500276235722,4278.74920936469,4248.827601234594,4278.8009202435,4210.426561225499,3878.441277826499,3554.9086012634993,3286.1313269264997,2830.9848351405
540963,G06007322,high,False,10816.022,0.7130643653791515,5275.228142748132,4930.168918355237,5275.272123488132,5189.872581288131,4775.246577488131,4923.230176988132,4434.910912088132,4571.232592688131
540984,G06007314,low,True,10211.976,0.7130643653791515,3160.094352167427,3163.445753583673,3160.121697361523,3108.7538142495223,2859.283424269522,2725.9655598225227,2493.674961781523,2291.8791563535233
541012,G06007329,high,False,15973.143999999998,0.7130643653791515,7964.181375638127,7286.857536985246,7964.2307912881315,7838.918606488132,7230.491371188131,6932.1020781881325,6358.006135588133,5899.948412888132
541217,G06007314,high,False,5242.857,0.7130643653791515,2266.6033948581266,2281.272375305233,2266.6070012881323,2225.890918688132,2028.1663232881315,2675.5946907881316,2283.2312029881314,3084.514624188132
541361,G06007316,medium,False,6241.009,0.7130643653791515,2851.3616572181304,2801.2903733652433,2851.385295688132,2801.978114888132,2562.066773388132,3112.416993888132,2701.416801888132,3373.4891059881315
541439,G06007310,low,True,8306.554,0.7130643653791515,2443.3125915165233,2453.507687760669,2443.316203117523,2402.6003954745233,2204.8425565035227,2190.511514920523,1981.065783469523,1937.665805092523
541491,G06007323,medium,False,8341.765,0.7130643653791515,3971.333615068121,3785.939025535245,3971.3732042881315,3905.348129788132,3584.706300088132,3949.093877788132,3502.426814188132,3926.859741188132
541655,G06007328,high,False,8009.935,0.8407500276235722,3701.985871480001,3543.1967705594316,3702.0057980499996,3639.3315814499992,3335.068016949999,3737.1684046499986,3297.6382556499993,3772.2920095499985
541807,G06007317,medium,False,7537.1759999999995,0.7130643653791515,3506.37115357813,3373.0764316052364,3506.3969702881323,3447.268252088132,3160.1685395881323,3601.7766495881315,3169.887138788132,3697.128812388132
541952,G06007314,high,False,11300.081,0.7130643653791515,5434.988523318118,5059.074528785241,5434.985232688132,5347.271748588133,4921.187151888131,5042.606864688132,4549.270548388132,4650.046823688132
541968,G06007301,low,True,6606.817999999999,0.7130643653791515,1930.4551679604251,1960.0981122696676,1930.4755616715229,1897.3545857205231,1736.5424482275237,1807.3534018905234,1614.266848057523,1684.2587447595233
541991,G06007329,medium,False,7587.01,0.7130643653791515,3491.42089724813,3354.8954289552407,3491.432137488132,3432.5345967881317,3146.5110849881316,3590.6022326881316,3159.164815588131,3689.775755188132
542086,G06007317,high,False,4431.923,0.7130643653791515,1877.670125720002,1938.44636259,1877.6648731700002,1843.4611553700001,1677.36061927,2397.65035167,2019.25600637,2917.6033625699997
542183,G06007311,medium,False,9686.826000000001,0.7130643653791515,4709.944545178132,4437.326334585239,4710.006071288131,4632.9618346881325,4259.086520388131,4500.929915688132,4030.6213353881312,4291.9251601881315
542240,G06007316,high,False,7457.200000000001,0.7130643653791515,3445.418202718132,3317.31488498524,3445.436148688132,3387.2194731881314,3104.5187843881317,3556.241438988132,3126.297586388132,3667.004870488132
542397,G06007328,medium,False,8119.736,0.8407500276235722,3796.8770876300014,3630.837290309429,3796.9059804499993,3732.8321459499984,3421.6909139499985,3808.0111374499993,3365.4877447499994,3819.182770049999
54240,G06007328,medium,False,15480.723,0.8407500276235722,7677.064706619998,7036.221684639428,7677.11291865,7555.433661449998,6964.600656749998,6706.795712149998,6140.503549049999,5736.566631349999
542594,G06007315,high,False,6983.999,0.7130643653791515,3212.902458888132,3115.3168017952457,3212.927731288132,3158.158200288132,2892.212641188132,3382.5284235881322,2960.0097570881317,3552.102465088132
542661,G06007308,low,True,5182.768,0.8407500276235722,1400.5597297221445,1438.3596808947636,1400.5704572865438,1375.041764047544,1251.0999399645436,1406.7651084015438,1229.9786793885437,1412.931383119544
542774,G06007314,high,False,8053.956,0.7130643653791515,3746.673747208127,3580.1838931552443,3746.686591688132,3684.0053041881324,3379.593721988132,3781.3057182881316,3341.752653988132,3815.863886088132
543055,G06007316,medium,False,4594.51,0.7130643653791515,1937.2774019581336,1993.461228035239,1937.286112758132,1901.4909009581322,1727.6726672581324,2430.159471858132,2048.384252258132,2922.9837616581317
543225,G06007326,high,False,4037.883,0.7130643653791515,1772.9439756699976,1854.3662441800034,1772.9560302700002,1740.85818147,1584.96836927,2328.82356977,1955.0061467699998,2884.72503427
543327,G06007307,medium,False,2642.9680000000003,0.8407500276235722,1094.8800856500013,1254.8135203899974,1094.8850900400003,1074.3123683400001,974.41089554,1847.14434744,1498.07373514,2599.37595274
543447,G06007317,medium,False,4405.97,0.7130643653791515,1858.1069172888074,1922.7643106122696,1858.1122871288112,1823.954517728811,1658.0445521288111,2378.716633528811,2000.467164728811,2899.270850628811
543528,G06007302,high,False,17506.396,0.8407500276235722,8545.809916746264,7795.216168261052,8545.862852926268,8408.758200426266,7743.082666926265,7312.825987626264,6713.398538126265,6079.764479926265
543586,G06007310,low,True,6276.982,0.7130643653791515,1788.3331487205235,1817.335827380668,1788.347433025523,1757.3408005155227,1606.792331269523,1701.189970726523,1512.634621963523,1614.0150082875232
54361,G06007317,low,True,8571.579999999998,0.7130643653791515,2535.178830343823,2543.432817313668,2535.191665579524,2493.0960330705234,2288.7095537805226,2259.1355684535233,2046.7362731445232,1983.0978779115233
543790,G06007323,high,False,17383.917,0.7130643653791515,8549.28307613814,7781.638410945236,8549.254338288132,8415.375069088132,7764.842405588131,7369.207699388131,6776.621842888132,6188.839177788132
543819,G06007312,low,True,5450.09,0.7130643653791515,1498.665710737522,1532.8205390926682,1498.671866971523,1471.9724868165233,1342.306723267523,1484.785395409523,1305.4731123735232,1470.8730290205233
543951,G06007329,high,False,7479.985000000001,0.7130643653791515,3473.8874800981334,3344.0926265652415,3473.9039734881317,3415.267747688132,3130.490762388132,3577.490859288132,3146.633620888132,3681.1020394881316
543984,G06007313,high,False,8947.979000000001,0.8407500276235722,4170.674515959998,3951.662112639429,4170.6706770499995,4101.078688249999,3763.0384489499984,4087.316870849999,3632.8767404499995,4003.8364314499995
544039,G06007330,high,False,13237.080000000002,0.7130643653791515,6382.34899302813,5881.473724295238,6382.331813088133,6280.542040088132,5786.164836888132,5750.372940688132,5226.688126088132,5118.332206188132
544055,G06007307,medium,False,7538.5509999999995,0.8407500276235722,3444.5069558399973,3316.283121299431,3444.52453125,3385.690883449999,3099.9765089499997,3544.782434149999,3113.499270049999,3645.0351344499995
544089,G06007314,high,False,9191.368,0.7130643653791515,4434.417152648133,4194.150249455242,4434.46050068813,4361.548037088132,4007.5183637881314,4295.068763188132,3833.5860249881316,4155.739049188132
5442,G06007314,medium,False,7423.718000000001,0.7130643653791515,3518.2563491986425,3391.55600726537,3518.294288988641,3459.00077018864,3171.0415601886407,3610.735736288641,3178.5538839886403,3703.252627188641
54423,G06007310,low,True,2342.867,0.7130643653791515,659.0033171253002,718.9788776939994,659.0130581727001,647.0730306117,589.1071171167,896.7786951927001,749.1917628417,1134.5844267987
544243,G06007313,low,True,4731.578,0.8407500276235722,1312.5021542522559,1356.5946566438424,1312.5221735606556,1288.7367436826553,1173.2967597716554,1348.5928159046555,1175.5686696536554,1384.6938103886555
544502,G06007310,low,True,6138.682999999999,0.7130643653791515,1714.6700392803236,1741.6463117726682,1714.670707609523,1684.7629156185228,1539.5293993515231,1646.1650149785228,1459.941156796523,1577.633598250523
544523,G06007317,high,False,7004.104000000001,0.7130643653791515,3261.0523715681343,3161.8635875552404,3261.085925488132,3205.589598288132,2936.154301688132,3418.492709688132,2994.428895688132,3575.922521988132
544554,G06007301,high,False,6618.525,0.7130643653791515,3025.9079483181317,2951.7030700452397,3025.921557288132,2973.9359709881323,2721.456087788132,3242.8278299881317,2826.2645850881318,3459.720756988132
544815,G06007315,high,False,8691.128,0.7130643653791515,4099.1847353381345,3891.375980265237,4099.202284088133,4031.276096688132,3701.443003988132,4044.6591118881315,3593.834572388131,3990.0960679881314
545225,G06007315,low,True,411.46,0.7130643653791515,106.98501209760133,177.46090093200075,106.985306106,104.973631938,95.20414029,513.83389305,387.56446202999996,920.680272474
545230,G06007326,medium,False,6601.138,0.7130643653791515,2928.691660879148,2850.07618816607,2928.684985679151,2878.7466062791514,2636.3920907791507,3180.998452979151,2768.7977233791507,3433.326267179151
54534,G06007322,medium,False,13902.292,0.7130643653791515,6884.462698218129,6340.562968805245,6884.506768088131,6775.22775538813,6244.618446988132,6125.458778188131,5585.818332188132,5366.4044883881315
545656,G06007328,medium,False,1953.492,0.7130643653791515,821.2036704399991,1016.288522160002,821.21122476,805.8222967599999,731.1165311599999,1661.89506076,1323.9745843599999,2502.5749895599997
545683,G06007328,medium,False,4864.648,0.7130643653791515,2057.063399238143,2098.5414285552433,2057.0747893581324,2019.1648805581322,1835.0938934581322,2513.962481058132,2127.649177858132,2970.799321058132
545727,G06007316,medium,False,837.232,0.7130643653791515,345.37058848000186,597.6809071200014,345.37146816000006,338.87672336,307.33547256,1337.5161205599998,1018.69529016,2329.6534429599997
54574,G06007308,low,True,5750.661,0.8407500276235722,1579.4245339361978,1612.5701813616022,1579.4348133374992,1551.1315970114995,1413.7128250244994,1538.3410835294994,1355.5888978034995,1497.2146355534996
545950,G06007310,low,True,321.724,0.7130643653791515,83.64910395240005,154.74711946399964,83.64933039959999,82.0764477036,74.43783201959998,497.9754347196,372.64891688759997,912.2998287156
546026,G06007322,low,True,1096.684,0.7130643653791515,288.65756322900006,354.77100390199996,288.6596858376,283.24589505660003,256.9509772956,637.5251766036,503.94578174759994,986.3941870536
546027,G06007329,high,False,2152.344,0.7130643653791515,945.2046838299993,1127.6409330499987,945.2112703,927.9412673000002,844.0388648999999,1753.6916597999998,1411.7237953000001,2562.2268537
546208,G06007308,medium,False,11935.850999999999,0.8407500276235722,5867.771451549988,5455.22650740943,5867.810856049999,5773.005817449998,5312.55385255,5355.090371449998,4846.5527800499995,4842.493842149999
546245,G06007328,high,False,9286.611,0.7130643653791515,4413.958686630003,4172.92788616943,4413.986411849999,4340.765456549999,3985.1504679499994,4269.024792849998,3806.841173849999,4124.071846149999
546247,G06007316,low,True,5003.012000000001,0.7130643653791515,1360.496088887444,1399.3301906467577,1360.5037591500438,1335.8560086450436,1216.1830648140437,1381.6964490690436,1206.7924677420438,1402.8705735180438
546325,G06007301,low,True,3699.2780000000002,0.7130643653791515,958.0825241063989,1005.3989319919957,958.0844064581999,940.0563873161999,852.4974857112,1091.9540453772001,931.2649995611999,1225.7956332942001
546462,G06007308,medium,False,9111.986,0.8407500276235722,4336.546687299995,4106.494240139433,4336.597026649999,4264.493742949999,3914.458149349999,4211.178961949999,3751.4549195499985,4085.8424046499995
546551,G06007322,medium,False,5396.305,0.7130643653791515,2386.262830818126,2390.83617284524,2386.283992088132,2343.7750238881313,2137.411287288132,2764.976925088132,2368.800183788132,3143.6536266881317
54665,G06007323,medium,False,5692.07,0.7130643653791515,2539.021370158133,2524.8407185652327,2539.0521066881324,2494.283792288132,2276.913118788132,2879.081521888132,2478.0724265881317,3219.091128288132
546672,G06007317,high,False,3773.763,0.7130643653791515,1571.2208687599998,1672.2150065500005,1571.22589179,1541.8462974899999,1399.18715849,2173.4571301899996,1805.45863839,2775.66563749
546717,G06007310,low,True,2618.4610000000002,0.7130643653791515,680.7359206431013,735.9153199160028,680.7383883909001,667.9377673479,605.7745536338999,903.7274922759,754.2750384489,1126.6998673299001
546838,G06007326,high,False,20088.093,0.7130643653791515,10139.60757719813,9196.98776196524,10139.674619088131,9982.07427888813,9216.855287788132,8557.295730988131,7913.879245088133,6974.840699388131
546920,G06007307,high,False,18344.743000000002,0.8407500276235722,9238.279141389996,8412.564822869439,9238.369721449999,9093.46715645,8390.092134849998,7873.14533675,7257.01740715,6508.078932849999
547209,G06007312,medium,False,6139.225,0.7130643653791515,2763.11960284813,2719.971714355241,2763.1399246881315,2715.0438074881317,2481.5255306881313,3046.5194387881315,2638.3350007881318,3329.8518446881317
547211,G06007330,high,False,7541.369000000001,0.7130643653791515,3485.425906688132,3351.996204015242,3485.444004088132,3426.6334669881317,3141.051202688132,3586.1348568881317,3154.908112788132,3686.7773117881316
547251,G06007310,high,False,10031.179,0.7130643653791515,4822.02904660813,4527.79195213524,4822.0546036881315,4743.403101288131,4361.466855188131,4584.666369088131,4110.827273888132,4347.241286188132
547320,G06007312,medium,False,3843.0,0.7130643653791515,1601.3981493599986,1698.7912082294324,1601.4046683799988,1571.487505179999,1426.2038551799988,2194.406752879999,1825.2622767799992,2787.364598479999
547513,G06007301,low,True,4379.602000000001,0.7130643653791515,1162.4883235993536,1207.084495107991,1162.4973894883515,1140.8232790513516,1035.5996196433514,1234.3938924973513,1065.8862722533513,1306.2764674033515
54766,G06007308,high,False,17373.783,0.8407500276235722,8721.50077301,7958.891387289428,8721.57626785,8584.387893349998,7918.28381845,7487.0723049499975,6887.528751149999,6252.578830749999
547692,G06007301,medium,False,16455.684,0.7130643653791515,8306.697588648127,7597.701044655232,8306.785368888131,8176.354403188132,7543.202643588131,7187.949968988132,6602.947032388133,6069.219673588132
54909,G06007311,high,False,11854.473000000002,0.7130643653791515,5797.168081138128,5385.716568945249,5797.223505488131,5704.08249338813,5251.870430388131,5313.164485588131,4808.249961288131,4829.055398288132
549179,G06007328,high,False,4713.603999999999,0.8407500276235722,1982.7175332198265,2035.4304738730993,1982.7373518698303,1945.73695026983,1766.0962439698299,2455.18502126983,2070.84203556983,2927.61656066983
549443,G06007326,low,True,3912.3549999999996,0.7130643653791515,1052.7654101454007,1100.1518341310002,1052.7725940795003,1033.4109552795,939.3854125005,1163.9771127165002,1000.4324454255,1275.1856210805
549669,G06007313,medium,False,5846.032000000001,0.8407500276235722,2572.61512145102,2553.328582259692,2572.638533781017,2526.7595857810174,2303.9987991810176,2893.782154481017,2490.362804781017,3214.914581981017
549808,G06007330,high,False,5812.998,0.7130643653791515,2570.168364818132,2548.2072312452387,2570.182612688132,2524.9616177881317,2305.347428888132,2902.3589751881323,2500.3282738881317,3234.511792588132
55126,G06007315,medium,False,4197.823,0.7130643653791515,1779.796525810509,1857.2886705895583,1779.808612050508,1746.8523024505078,1586.816261350508,2321.068529950508,1945.406873250508,2862.3200240505075
55146,G06007302,high,False,28397.606999999996,0.8407500276235722,14301.695513586266,12849.479583721048,14301.827922726266,14079.239272226267,12998.693035326265,11612.895519026264,10829.888020026263,8923.966309226264
55333,G06007314,high,False,10959.792000000001,0.7130643653791515,5289.090455948133,4935.253336475236,5289.115680088131,5203.532009488132,4787.9498152881315,4933.615879588131,4444.874608088132,4578.019606988132
55581,G06007329,medium,False,7764.370000000001,0.7130643653791515,3609.619526648123,3461.737460475246,3609.639993088132,3548.979045988132,3254.451237088132,3678.9274722881323,3243.7370236881316,3748.1431870881315
55656,G06007328,high,False,32595.334000000003,0.8407500276235722,16647.250119009994,14903.958885149432,16647.322583049998,16392.54183655,15155.21881835,13408.232537749996,12556.00351175,10168.840410449999
55755,G06007302,high,False,8663.603000000001,0.8407500276235722,3875.532316276268,3695.300084891048,3875.556104926264,3807.791990726265,3478.765990126264,3823.7894475262647,3373.341834826265,3771.945962726265
55792,G06007302,low,True,2168.781,0.8407500276235722,551.1344625045022,607.9047235520017,551.1318494408999,540.7156745108998,490.14405224189994,814.8015839108999,670.4608943288999,1078.4690752029
55981,G06007327,high,False,7877.475,0.7130643653791515,3659.536428218132,3504.404732185239,3659.5528960881315,3598.155596688132,3300.0291479881316,3716.218380388132,3279.431740688132,3772.8141306881316
56006,G06007314,high,False,12257.446,0.7130643653791515,5997.02330657815,5559.916047705241,5997.082487888132,5900.998067488132,5434.389145288133,5462.441719488132,4951.232681088132,4927.7223189881315
56159,G06007314,high,False,6336.0199999999995,0.7130643653791515,2928.238563309656,2871.5867542956325,2928.263847349658,2877.748711049659,2632.4494701496587,3170.431743749659,2757.0540005496587,3412.662167449659
57436,G06007326,high,False,6905.092000000001,0.8407500276235722,3142.5460585981195,3050.201839545243,3142.563766488133,3088.844838488132,2827.9847490881325,3329.9752915881318,2909.6992402881324,3517.326356188132
57576,G06007314,high,False,8606.029999999999,0.7130643653791515,4099.702980648135,3897.195712555241,4099.733325088133,4031.7970445881315,3701.8994197881325,4045.017370888132,3594.1995435881317,3990.3515301881316
57631,G06007316,medium,False,4812.789000000001,0.7130643653791515,2064.7108767481313,2106.7577504752403,2064.721987508132,2027.0297860081319,1843.9901149081315,2525.250898408132,2139.410110208132,2985.7446233081314
5767,G06007314,medium,False,3697.5050000000006,0.7130643653791515,1733.368266240004,1825.0172018300007,1733.3876960699997,1703.2971277699999,1557.1212984699998,2323.4201384699995,1953.9252365699997,2913.56211867
57990,G06007306,low,True,4207.037,0.8407500276235722,1098.8350634642798,1143.4871566999097,1098.8396128958793,1078.2023542538793,977.9879355368793,1188.3052962818795,1022.0145690518792,1277.7433624208795
58158,G06007330,high,False,14749.588,0.7130643653791515,7397.910644948131,6798.8615354552385,7398.017544888131,7281.08783078813,6713.4605809881305,6508.942601288132,5953.081568188131,5619.996527688132
58160,G06007313,medium,False,4632.47,0.8407500276235722,1994.30832038187,2046.3001887741898,1994.325967821867,1957.873525621867,1780.874223521867,2476.0774058218667,2092.902471321867,2957.8459883218666
58210,G06007322,medium,False,2383.511,0.7130643653791515,1061.5894316400006,1230.2295478199983,1061.59665546,1042.4490981600002,949.4314775600001,1838.0987015599999,1492.10103146,2614.66396516
58278,G06007326,high,False,20230.591,0.7130643653791515,10286.15230972813,9334.199892315239,10286.252576088133,10126.431762988132,9350.62280378813,8666.786855988132,8018.629000888132,7047.339194788132
58367,G06007327,high,False,25415.037,0.7130643653791515,12968.140689348138,11681.587451355243,12968.231844688133,12768.619323388133,11799.458932088133,10670.383849888132,9936.660392588132,8372.694934688132
58563,G06007308,low,True,8986.393,0.8407500276235722,2729.8265772267027,2744.3364607746,2729.8664875754994,2684.4664318604996,2464.083200029499,2397.746620330499,2178.301095880499,2065.7145002414995
5868,G06007330,medium,False,5833.498,0.7130643653791515,2600.518689238133,2576.9475295052403,2600.5365976881317,2554.8499614881316,2333.0462727881322,2925.0433277881316,2522.0267933881323,3249.531234688132
59072,G06007310,medium,False,3872.346,0.7130643653791515,1621.1515301300008,1717.421299600001,1621.1626125300002,1590.8368073299996,1443.5985782299997,2207.32427663,1837.30687243,2793.4691070299996
59155,G06007324,medium,False,6528.554,0.7130643653791515,2951.8952566781322,2883.5768684652394,2951.9051546881324,2901.008044188132,2653.8835732881316,3187.5623401881317,2773.3254122881317,3423.166297388132
59538,G06007317,medium,False,9890.617999999999,0.7130643653791515,4761.067232848132,4476.023258255242,4761.107753688133,4683.351117788132,4305.800425788131,4539.111670588132,4067.211727988132,4317.129280788132
59695,G06007324,low,True,2265.839,0.7130643653791515,614.3081269878029,674.5784129770002,614.3184673731001,602.8588548171,547.2363080961001,860.2839177771,713.7306103610999,1106.2661794791
59730,G06007308,high,False,6660.938,0.8407500276235722,2995.0930649999973,2923.2497841194295,2995.1107252499987,2942.939436749999,2689.61773645,3209.041174349999,2792.085016649999,3422.971468649999
59866,G06007316,low,True,3546.8769999999995,0.7130643653791515,935.3039618978993,985.4217092020002,935.3112885332998,917.7707778812999,832.6109409092998,1077.6110355092999,917.9831730962999,1219.8982196553
59885,G06007315,medium,False,5777.724,0.7130643653791515,2605.161406858135,2584.933551745242,2605.179473488132,2559.4239374881317,2337.2673385881317,2928.505807088132,2525.344773388132,3251.8353418881316
60009,G06007301,high,False,4917.117,0.7130643653791515,2134.242602388639,2169.6999879753694,2134.265252668641,2095.499421068641,1907.3238061686407,2576.774140568641,2188.6444658686405,3019.2722592686405
60226,G06007311,high,False,5465.924,0.7130643653791515,2414.7997315481325,2415.1416586952414,2414.8258908881317,2371.9017532881317,2163.484228488132,2786.2815518881316,2389.2240416881323,3157.7207788881315
60288,G06007311,low,True,5972.117,0.7130643653791515,1732.3789938333844,1766.014432865336,1732.3884948444859,1702.512627284486,1557.3832237464858,1664.330795213486,1478.1905633574856,1596.313984598486
60314,G06007313,medium,False,6438.092000000001,0.8407500276235722,2966.0740988499956,2908.2642562494284,2966.12286785,2914.3586249499986,2663.099080249999,3187.337718849999,2771.333476649999,3408.6276762499992
6059,G06007317,low,True,8688.422999999999,0.7130643653791515,2573.2410644103243,2580.5948134506666,2573.2464344295236,2530.5963201465233,2323.474935130523,2287.585103665523,2073.984683179523,2001.877876078523
60703,G06007327,medium,False,11834.992,0.7130643653791515,5856.014276508129,5445.071770135239,5856.0707390881325,5762.048389388132,5305.532063288132,5357.097344888132,4850.270005688131,4858.228416688133
60729,G06007306,low,True,7113.927,0.8407500276235722,2038.6185397955999,2061.2422664256005,2038.6312628534995,2003.513478025499,1832.9893560404992,1881.3887092964997,1683.9920677934992,1724.1245381084996
60842,G06007317,medium,False,6515.646,0.7130643653791515,2930.5895196181277,2863.0734545052387,2930.598057888132,2880.0218378881323,2634.430043188132,3171.628358088132,2758.079947788132,3412.638309288132
60874,G06007317,medium,False,5396.359,0.7130643653791515,2377.5669155581345,2382.259618445241,2377.588189688132,2335.220932788132,2129.4818151881323,2758.4592423881318,2362.5927838881316,3139.326597988132
60982,G06007327,medium,False,3612.018,0.7130643653791515,1520.5261237000002,1629.3596010899994,1520.5391154300003,1492.23591583,1354.80988523,2141.1337549299997,1775.46359823,2761.72550563
61019,G06007316,high,False,3633.0730000000003,0.7130643653791515,1496.7480853100049,1606.0746879399967,1496.7521283900003,1468.60165799,1331.8750680899998,2119.77916449,1754.42210499,2742.76222839
61139,G06007330,medium,False,4010.2000000000003,0.7130643653791515,1676.9636834689798,1766.2460855097404,1676.974464718982,1645.5968321189819,1493.248041318982,2245.192333418982,1872.9149909189819,2813.371889118982
61228,G06007316,high,False,7020.898,0.7130643653791515,3206.525860338132,3106.51812600524,3206.539275088132,3151.8763533881315,2886.400216988132,3377.7625599881317,2955.463558388132,3548.9314822881315
61366,G06007328,high,False,9600.168000000001,0.8407500276235722,4614.743813290004,4353.337728009434,4614.801068649998,4538.56249615,4168.48323455,4419.033614049999,3950.44047935,4223.289526549999
61528,G06007316,high,False,3629.482,0.7130643653791515,1517.4761693500004,1626.7485124299994,1517.48610646,1489.0212273599998,1350.82016856,2135.36511906,1769.34544556,2753.22907366
61622,G06007307,high,False,7849.83,0.8407500276235722,3660.242148669996,3511.6471220494327,3660.2722358499987,3598.2277833499993,3296.935830649999,3705.9342267499997,3267.7776136499997,3751.654186149999
61800,G06007314,low,True,4897.126,0.7130643653791515,1308.4466178660234,1346.35164903067,1308.4479244482231,1284.586898728223,1168.699846342223,1342.909219129223,1169.6839291242231,1377.3296744382233
61930,G06007327,high,False,10460.257,0.7130643653791515,5079.364425898137,4757.303419145235,5079.403286488132,4996.919440588132,4596.415961488132,4776.903392788132,4294.846949588132,4474.427801288131
62008,G06007324,medium,False,2709.991,0.7130643653791515,1134.2873009499995,1290.730551719999,1134.29755053,1113.0248467299998,1009.74869853,1874.71553783,1524.1546532300001,2615.1131551299995
62057,G06007310,medium,False,6468.552,0.7130643653791515,2950.682497438133,2886.196163125236,2950.7093770881324,2899.8206153881324,2652.776049688132,3186.640884688132,2772.4651852881316,3422.5503162881323
62059,G06007301,medium,False,12162.014,0.7130643653791515,5925.011470858135,5493.29024176524,5925.039117488133,5830.001753188131,5368.558243088131,5408.686389588132,4899.6079088881315,4892.341066588131
62221,G06007315,low,True,2773.308,0.7130643653791515,737.3242486953003,793.1588831389993,737.3329846092,723.5266778081999,656.5042295531999,943.2818905152,791.6813959332,1149.2308341582
62323,G06007310,low,True,4914.123,0.7130643653791515,1332.0059672166233,1371.813006861668,1332.0156208515232,1307.7847678695232,1190.127614752523,1360.279432786523,1186.2749207295228,1388.5297082895231
62500,G06007325,low,True,17212.824999999997,0.8407500276235722,5457.287572884004,5403.803982275604,5457.3521222115,5371.458269404498,4954.4964702134985,4435.366691761499,4128.953432380499,3413.4246419144993
62504,G06007306,medium,False,3865.01,0.8407500276235722,1597.7157582094917,1695.0849875798654,1597.7258708694912,1567.693218969491,1421.8517919694912,2188.7512744694914,1819.371916969491,2779.741746969491
62505,G06007314,medium,False,4857.671,0.7130643653791515,2081.0789758186406,2120.442149015372,2081.0889176386413,2043.134016538641,1858.8401989386412,2537.2117533386413,2150.796330038641,2993.282717838641
62551,G06007314,high,False,6070.544,0.7130643653791515,2698.966043108127,2660.2677117752414,2698.982232888132,2651.850258088132,2422.968980088132,2998.574019088132,2592.478502488132,3298.104781088132
62733,G06007323,low,True,10247.042000000001,0.7130643653791515,3121.978575717624,3119.8951946576663,3122.0033034255234,3071.193148666523,2824.5106737465235,2697.525412114523,2466.4283871885227,2273.032258675523
62775,G06007327,medium,False,4515.861,0.7130643653791515,2026.0300476300038,2076.0751151599993,2026.03778119,1990.2722837899998,1816.52126449,2519.2590973899996,2137.53694819,3012.5232346899998
63071,G06007324,medium,False,6036.0109999999995,0.7130643653791515,2708.0310190581326,2671.5841179252343,2708.052040888132,2660.773866088132,2431.2271778881322,3005.364139888132,2598.937682588132,3302.627908688132
63091,G06007315,medium,False,5593.5,0.7130643653791515,2456.879407068134,2448.8734595352385,2456.885917488132,2413.3485818881313,2201.908320088132,2817.733580688132,2419.3274864881314,3178.513946988132
63152,G06007315,low,True,4643.0,0.7130643653791515,1364.3801073692941,1410.4303272920017,1364.4053717048998,1340.7233606109,1225.7537350149,1402.1646879099,1229.3647586589,1439.9861406369
63234,G06007323,low,True,4103.803,0.7130643653791515,1095.695523045899,1140.7730421849994,1095.7012752672001,1075.5193808142003,977.5444113792,1193.0365044281998,1027.7249994282,1290.3654283602
63382,G06007324,medium,False,8006.035,0.7130643653791515,3740.5765838281345,3577.1756154752397,3740.603410088132,3677.995416788132,3374.029333688132,3776.759330488132,3337.3976631881314,3812.847250788132
63418,G06007314,low,True,4738.5,0.7130643653791515,1296.0350787697923,1339.035163950771,1296.049545648792,1272.4034846227923,1157.620535397792,1334.4131748007921,1161.6805474417924,1372.7818688377922
63766,G06007310,low,True,7690.255,0.7130643653791515,2266.735078054523,2285.2621316106643,2266.760564011523,2228.654446507523,2043.621780598523,2058.578899672523,1854.7932720555232,1850.3831489115232
64025,G06007330,high,False,9885.031,0.7130643653791515,4759.96328789813,4474.919958545233,4759.988310088131,4682.274151988131,4304.791593688131,4538.255288788132,4066.4511263881313,4316.539911888132
64112,G06007302,medium,False,6375.068,1.0497359105206039,2775.9752322386425,2739.2632662659394,2776.022231038642,2724.9747872386415,2477.248638338642,3009.6049709386416,2595.1380671386414,3243.235176538642
64134,G06007314,low,True,10101.21,0.7130643653791515,3044.995960758023,3041.0334764076674,3045.008776501523,2995.358940307523,2754.2135908905225,2639.9936595915233,2411.3478004245235,2235.010631479523
64162,G06007311,medium,False,11862.095000000001,0.7130643653791515,5857.0545765081315,5444.248932855242,5857.097633088131,5763.061623788133,5306.4846596881325,5357.899862988132,4851.026353988132,4858.742982788132
64268,G06007326,low,True,10607.055,0.8407500276235722,3225.1905779361223,3218.3426055446675,3225.2075533995235,3172.8735203685223,2918.7479760945225,2774.628393727523,2540.231967955523,2324.0461648215232
64295,G06007323,high,False,13047.33,0.7130643653791515,6444.347832438138,5955.670762225247,6444.404118688133,6341.6454735881325,5842.762674288131,5796.659119388132,5271.055442888132,5148.922914588132
6449,G06007306,medium,False,16296.819000000001,0.8407500276235722,8244.625656250002,7550.926266489429,8244.73863285,8114.578656949998,7482.815242949998,7130.798498349998,6546.43301405,6016.998883349998
64496,G06007315,medium,False,10199.999,0.7130643653791515,5012.400329848135,4706.885619155239,5012.4653554881315,4930.954369488132,4535.241591988133,4726.850732188132,4246.927165088132,4441.3701267881315
6528,G06007301,medium,False,7629.955,0.7130643653791515,3544.929887868134,3405.6696310152406,3544.953361688132,3485.251327388132,3195.3757475881316,3630.587811788132,3197.457400288132,3716.1916803881318
6548,G06007308,medium,False,4662.219999999999,0.8407500276235722,1966.7031037486397,2019.4944841153729,1966.711877068641,1930.3512225686407,1753.797570568641,2449.987445768641,2066.999499368641,2933.211700368641
65642,G06007301,low,True,7694.333,0.7130643653791515,2297.714815108524,2319.045353614665,2297.7367663875234,2259.166318534523,2071.873775845523,2081.717255416523,1876.917516988523,1865.7432359895229
65718,G06007316,medium,False,3992.993,0.7130643653791515,1677.6841821500009,1767.339237270001,1677.6986153999999,1646.3982364,1494.4228922999998,2247.233175,1875.1277152,2816.7560119
65894,G06007324,high,False,15458.77,0.7130643653791515,7636.334842298129,6992.2533505052415,7636.3636596881315,7515.9337540881315,6931.141851688131,6687.17109348813,6123.511092288131,5737.971812488131
65942,G06007323,low,True,12300.038,0.7130643653791515,3757.4383096392253,3733.5670487536677,3757.4497123935225,3697.2210319305227,3404.747437237523,3172.2727515165225,2920.893111643523,2587.042836808523
65964,G06007312,medium,False,3634.187,0.7130643653791515,1507.6872033005104,1616.604559049557,1507.6952804205082,1479.416479420508,1342.0751076205079,2128.5626367205077,1762.943183120508,2749.395014520508
66318,G06007315,medium,False,3665.228,0.7130643653791515,1530.3001035299958,1637.8121916499988,1530.3095396400004,1501.59863064,1362.19221694,2143.95089094,1777.4024641400001,2757.56363264
66594,G06007323,low,True,5057.157,0.7130643653791515,1370.905600017328,1408.590629554669,1370.9110473375233,1346.104742527523,1225.649279917523,1389.347094136523,1214.099145220523,1407.7495553835233
66617,G06007310,high,False,7258.345,0.7130643653791515,3321.8188918681276,3206.5526829952237,3321.8419708881324,3265.469956588132,2991.699344188132,3463.874806288132,3037.956930288132,3605.836462088132
66682,G06007325,high,False,9721.671,0.8407500276235722,4593.854921049997,4325.08922540943,4593.88302605,4517.993437349998,4149.442510949999,4403.426893749999,3935.517580849999,4212.931756149999
66736,G06007306,low,True,8301.665,0.8407500276235722,2436.995256425098,2450.215583584602,2437.0155132434998,2395.9769176034997,2196.7316478134994,2178.9991686314993,1968.8867817644991,1920.9969022514995
66804,G06007310,high,False,4806.3949999999995,0.7130643653791515,2051.5250939281304,2094.283992465245,2051.538199898132,2014.0183198981317,1831.8351229981322,2515.0541381981316,2129.5819188981322,2978.525966098132
66907,G06007301,low,True,10707.634999999998,0.7130643653791515,3312.5145542043224,3310.574392212669,3312.5485579755223,3258.9088049625234,2998.4632125765224,2839.8427021665225,2602.6789293855227,2367.199574512523
66991,G06007312,high,False,4141.834,0.7130643653791515,1727.829602279999,1807.10487163,1727.8259483899997,1695.86812419,1540.6863831899996,2286.11376549,1912.55455939,2844.36638099
6710,G06007301,low,True,6808.094,0.7130643653791515,1958.6833297656235,1982.718289261668,1958.6968756035233,1925.1648797145228,1762.3393026675233,1828.454013940523,1634.4680714775232,1698.1871407095232
67141,G06007302,medium,False,2878.7340000000004,0.8407500276235722,1186.3031509299935,1334.168869430002,1186.30370002,1163.99221232,1055.6305996199999,1908.8781419199997,1556.0611378199999,2631.4126834199997
67145,G06007313,medium,False,6341.530000000001,0.8407500276235722,2839.9158572099986,2788.81776724943,2839.94544865,2790.067380649999,2547.9426567499995,3093.121358449999,2681.126242949999,3346.265276049999
67173,G06007301,low,True,7502.091,0.7130643653791515,2186.317229870423,2204.254270277668,2186.3296252275236,2149.4203773135227,1970.1868675155233,1998.5109133095234,1797.2687922525229,1810.6682984355232
67296,G06007323,medium,False,4722.975,0.7130643653791515,2051.8990030493233,2098.5337426323986,2051.92356170932,2014.53338330932,1833.0472785093198,2517.91610830932,2132.74812120932,2983.90946000932
67492,G06007316,high,False,5834.586,0.7130643653791515,2571.3464784481307,2547.870716995245,2571.348449888132,2526.1186119881318,2306.4305050881317,2903.249313088132,2501.1947708881326,3235.0716046881316
67494,G06007306,medium,False,10626.877,0.8407500276235722,5167.7185287799975,4839.872034999433,5167.779912849998,5083.324027849999,4673.370680749998,4832.141506749998,4345.885782449999,4496.580904049999
67775,G06007311,low,True,2933.536,0.7130643653791515,774.6858630504028,827.8527767509986,774.6858042020999,760.2874334180999,690.3442218140999,970.3981105040999,817.5047389940999,1166.1076052421001
67784,G06007310,low,True,3303.373,0.7130643653791515,885.5123050619994,938.2533921110014,885.5236612844999,869.0209628624999,788.9206063725,1045.5879886815,888.1985899155,1205.6615337975
67869,G06007328,low,True,6440.602999999999,0.8407500276235722,1830.2026759946991,1859.914074724602,1830.2247720854998,1798.1872347914993,1642.6812517604994,1725.6816676874992,1534.9260798974992,1621.1513134814995
67964,G06007329,medium,False,5511.612,0.7130643653791515,2440.3180153896633,2436.6815928056285,2440.335232099659,2397.1310328996587,2187.3656287996587,2807.102398599659,2409.4127983996586,3173.8703610996586
68001,G06007310,medium,False,3286.17,0.7130643653791515,1351.9131186700013,1478.9526383500029,1351.9152695,1326.4818091,1202.9496766,2021.2429238999996,1661.7238524,2690.528035
68152,G06007311,low,True,13744.36,0.7130643653791515,4320.233735496928,4293.471655672666,4320.283627603523,4251.685101922523,3918.610484452523,3592.6743345165232,3323.3998810005232,2865.1161746865228
68247,G06007322,high,False,10036.306,0.7130643653791515,4691.283026468134,4397.000548475238,4691.2659704881335,4614.570631088132,4242.101177488132,4487.033041188131,4017.2819272881325,4282.692647588132
68328,G06007324,medium,False,4410.495,0.7130643653791515,1867.8423768199978,1932.1304557900007,1867.84699391,1833.5367653099997,1666.9222421099998,2386.02381001,2007.42308041,2904.17465271
68437,G06007330,medium,False,13281.094000000001,0.7130643653791515,6603.129774188132,6099.14289765524,6603.203967888132,6498.066026688131,5987.728702888131,5915.276772288131,5384.600271888133,5227.403066988131
68496,G06007313,high,False,5643.757,0.8407500276235722,2464.8617611899963,2458.617253569431,2464.879424249999,2420.579249749999,2205.4801163499988,2812.918417249999,2412.887764849999,3160.944124749999
68532,G06007315,medium,False,9138.807,0.7130643653791515,4422.993849198128,4186.080388145239,4423.0473802881315,4350.289065788133,3997.088979288132,4286.546285488132,3825.4209243881314,4150.094536488132
68715,G06007313,high,False,7402.4580000000005,0.8407500276235722,3341.1221932510184,3221.1023544896893,3341.124122151017,3283.8732303510164,3005.8533346510167,3468.3869252510167,3040.4678056510165,3595.6471968510173
68780,G06007314,high,False,3496.442,0.7130643653791515,1443.1328950200002,1559.3481516400002,1443.1382124600002,1416.0014597600002,1284.22317786,2083.53211746,1720.35812086,2723.89411996
68822,G06007330,medium,False,2046.6910000000003,0.7130643653791515,852.7918825000002,1043.16990727,852.79767773,836.7900714300001,759.07063943,1682.89888593,1343.64394533,2512.9859965299997
68854,G06007325,high,False,10637.065,0.8407500276235722,5168.714342499998,4840.34896761943,5168.7701606499995,5084.318821949998,4674.290721149999,4832.870547449998,4346.619113649999,4497.036102149998
68969,G06007325,high,False,15945.063000000002,0.8407500276235722,7884.380759790001,7214.292830829428,7884.429724449999,7759.673875049999,7153.953841649998,6861.728504749999,6288.837028749998,5838.933895549999
69014,G06007302,medium,False,11103.809,0.8407500276235722,5265.77709338627,4927.199517601052,5265.831286926265,5177.407539226265,4748.099782926264,4862.342309426265,4367.561985026265,4458.989891326265
69032,G06007316,low,True,739.9370000000001,0.7130643653791515,192.18387147119898,260.3641259590008,192.18441016530005,188.5699412163,171.01670393429998,571.7180009883,442.0043765373,951.2465011593
6906,G06007324,high,False,6069.001,0.7130643653791515,2736.5176385481304,2697.7059393552386,2736.535152688132,2688.834415588132,2457.218541488132,3026.637483888132,2619.291514388132,3316.7321730881317
69061,G06007311,low,True,7902.604,0.7130643653791515,2380.813917966624,2401.9692741696663,2380.8403560615234,2341.033422580523,2147.746299607523,2143.798044151523,1936.347843559523,1906.8076684335233
69174,G06007310,medium,False,4738.8769999999995,0.7130643653791515,2206.2220003700004,2238.4751253700006,2206.2456156999997,2168.1746626,1983.2924751,2660.4319519999995,2273.7940911999995,3114.7207075999995
69279,G06007310,high,False,9386.257,0.7130643653791515,4477.9928329981285,4225.452802285241,4478.023521488132,4404.471338888132,4047.3380711881323,4327.648447588132,3864.772790488132,4177.244377788133
6939,G06007315,high,False,9541.777,0.7130643653791515,4575.754392378129,4312.951574725237,4575.777821288131,4500.780951388131,4136.579517288132,4400.674720688132,3934.6716461881324,4225.580686788132
69441,G06007325,low,True,3549.7099999999996,0.8407500276235722,926.4793238190017,975.5640545980003,926.482788693,909.073684449,824.539154229,1070.971665024,911.617013955,1215.4371217350001
69583,G06007325,medium,False,4190.74,0.8407500276235722,1740.8242785789853,1820.4289705891665,1740.827264498981,1708.2662224989808,1550.143060198981,2288.778887498981,1913.944226198981,2836.675278398981
69883,G06007316,medium,False,4705.601000000001,0.7130643653791515,2011.6431411486412,2060.172810525368,2011.6543435986412,1974.808394698641,1795.8723724986405,2486.5858138986405,2102.5605893986403,2961.4862222986403
70446,G06007322,low,True,11689.849,0.7130643653791515,3637.67463548882,3627.4699283936684,3637.7142459135234,3579.233062915523,3295.358080867523,3082.777287115522,2835.2183417145234,2527.893621340523
70741,G06007311,medium,False,3149.4480000000003,0.7130643653791515,1319.6989027399973,1453.6305322999983,1319.7091908399998,1294.9694563399999,1174.8334051400002,2000.97988704,1642.96577394,2682.24163994
70766,G06007310,low,True,11512.07,0.7130643653791515,3520.2224490729222,3505.2872886886666,3520.2477118335237,3463.5193344285235,3188.1332731425227,2995.045703140523,2751.216583720523,2469.855730471523
70779,G06007308,high,False,11748.488000000001,0.8407500276235722,5692.42182134,5292.49426033943,5692.459185249998,5600.239115649999,5152.485288249999,5224.146338549998,4721.149788649999,4755.848876349999
709,G06007301,high,False,7469.552,0.7130643653791515,3470.972230818135,3341.992305605241,3470.9994558881317,3412.396519788132,3127.844553588132,3575.321583788132,3144.566731588132,3679.6371262881316
70971,G06007322,high,False,6312.419,0.7130643653791515,2844.9511842381326,2790.5485823052413,2844.954994888132,2795.664758988132,2556.2392403881317,3107.645661888132,2696.862727888132,3370.2844118881317
71132,G06007313,medium,False,6550.902,0.8407500276235722,2972.4265442099922,2907.5614681094353,2972.45391725,2920.612214149999,2668.915749149999,3192.103369149999,2775.883966149999,3411.7611691499988
712,G06007312,medium,False,7221.0560000000005,0.7130643653791515,3310.9753056581317,3197.815044265238,3310.984783288132,3254.749838788132,2981.740616788132,3455.8240638881316,3030.1116199881317,3600.6336292881315
71339,G06007315,medium,False,8199.943,0.7130643653791515,3943.494893878126,3766.856081105239,3943.5448778881314,3877.9046946881313,3559.251250688131,3928.3116376881317,3482.4799113881318,3913.1716313881316
71491,G06007330,high,False,11534.706,0.7130643653791515,5499.693523088137,5108.915507895241,5499.6490072881315,5411.0243906881315,4980.289029488131,5090.956764188131,4595.579437688131,4681.980169388132
71903,G06007314,high,False,9728.986,0.7130643653791515,4678.909248958133,4404.160450685238,4678.947579288133,4602.406112888133,4230.777418988131,4477.740012688131,4008.4491763881315,4276.544397588132
72030,G06007314,medium,False,6160.503,0.7130643653791515,2775.580026768132,2731.1144529152407,2775.594945288132,2727.324129088132,2492.8985135881317,3055.823074988132,2647.242816688132,3336.012151488132
72060,G06007307,high,False,8140.683,0.8407500276235722,3783.199842780001,3615.810672839432,3783.224405249999,3719.346167849999,3409.212953549999,3797.8155897499983,3355.711780649999,3812.425330849999
72152,G06007311,low,True,7099.019000000001,0.7130643653791515,2112.4638907206245,2139.87491876567,2112.4872729375234,2076.660284131523,1902.718625779523,1943.3214327465234,1744.429849312523,1774.2075602475234
72203,G06007308,low,True,7827.412,0.8407500276235722,2249.6533519445998,2263.773887213601,2249.6611504814996,2211.419931997499,2025.6937502444991,2039.0504187044994,1834.9251081284992,1828.3940476484995
72208,G06007301,high,False,9614.382000000001,0.7130643653791515,4596.82402610813,4329.60121901524,4596.852482688131,4521.540538388132,4155.8371898881305,4416.422007888132,3949.752983288132,4235.970098288131
72234,G06007329,medium,False,6334.798000000001,0.7130643653791515,2863.9707545281312,2808.1570968952406,2863.990076288132,2814.3965484881314,2573.597977288132,3121.8557493881317,2710.4372606881316,3379.7161276881316
72351,G06007307,low,True,13253.588,0.8407500276235722,4117.949334620095,4094.6245401106016,4117.9859452935,4052.005789324499,3731.581930639499,3434.780013586499,3171.098102011499,2751.5832454184997
72389,G06007312,low,True,3719.544,0.7130643653791515,980.7927273584984,1029.7834365349993,980.8004302236001,962.4076230635998,873.1051951985999,1108.5622596516,947.1044846226,1236.3103489056
72581,G06007328,low,True,8064.688,0.7130643653791515,2337.637959549902,2350.6383823086,2337.648467899499,2298.104450617499,2106.0397907954994,2104.7680076204992,1897.879324075499,1871.8286999864995
72639,G06007329,high,False,7291.838,0.7130643653791515,3355.0119239581345,3237.590235465239,3355.031688288132,3298.1517814881317,3021.9790879881325,3488.710662588132,3061.6523173881324,3622.319583788132
72650,G06007313,medium,False,4451.003999999999,0.8407500276235722,1880.7649765289768,1943.070809849172,1880.7642147889812,1846.1955146889811,1678.2681483889812,2394.314998888981,2015.168596388981,2907.807692588981
72697,G06007302,low,True,5978.943,1.0497359105206039,1583.447288616259,1617.3911088368166,1583.459829528559,1553.9057005745585,1410.415369044559,1521.077962626559,1335.6394139975587,1458.6821051255586
73777,G06007312,medium,False,5604.519,0.7130643653791515,2459.010676168129,2450.3554621052353,2459.019132718132,2415.4576251181315,2203.890292918132,2819.4052863181323,2420.952515618132,3179.720411518132
738,G06007324,medium,False,5871.642,0.7130643653791515,2628.217739508132,2602.4964340552447,2628.247596288132,2582.1565092881324,2358.3592741881316,2945.719643488132,2541.865442788132,3263.1644782881317
73807,G06007311,medium,False,10164.494,0.7130643653791515,4957.328303508131,4654.448038955239,4957.380475088132,4876.722049188133,4484.991378788132,4685.686646388132,4207.587816188133,4414.075736688132
73913,G06007329,medium,False,4596.304,0.7130643653791515,1955.401418038811,2010.9193849722703,1955.415378018811,1919.406176218811,1744.5558757188112,2444.673075218811,2062.454094118811,2933.9007087188106
73921,G06007327,medium,False,7934.149,0.7130643653791515,3705.5831341381313,3546.87998868524,3705.6056472881323,3643.5335641881315,3342.0727033881317,3750.5941210881315,3312.366733488131,3795.5503038881316
73973,G06007325,low,True,3664.656,0.8407500276235722,958.3419692573958,1006.8662521539994,958.3476161364,940.3456744584,852.9401999034,1092.7574523984,932.1336853554,1227.1434185904
74090,G06007306,low,True,4612.103,0.8407500276235722,1215.6599885654562,1257.3596245834206,1215.6635386469582,1193.038096898958,1083.158893100958,1271.220071603958,1100.6516400899582,1326.7421186759582
74118,G06007311,high,False,7969.157,0.7130643653791515,3718.1472763781453,3557.317269205248,3718.179343088132,3655.913847888132,3353.5626731881325,3759.981551888132,3321.370321688132,3801.729657488132
74231,G06007308,low,True,5592.740000000001,0.8407500276235722,1523.1579953749927,1557.1234997307693,1523.1639249097923,1495.709774766792,1362.389843826792,1496.4611723947924,1315.522010370792,1469.7221471887924
74243,G06007310,low,True,5491.537,0.7130643653791515,1528.345727179823,1563.868171435668,1528.3593664215232,1501.208953579523,1369.399398436523,1506.9612595815233,1326.690323059523,1485.5542505895232
744,G06007324,medium,False,11181.313999999998,0.7130643653791515,5423.396533828132,5054.580855275244,5423.425653888133,5335.8313167881315,4910.527280988132,5033.917402388131,4540.847733988132,4644.485913888131
74424,G06007316,high,False,8988.625,0.7130643653791515,4229.80448417813,4003.021290125244,4229.808050288133,4159.958574288132,3820.727204088132,4142.259341688132,3687.276321788132,4054.6133225881317
74522,G06007316,low,True,2684.005,0.7130643653791515,787.3361830467011,845.5158965189978,787.3429660488,773.5606241328001,706.6019909088,993.5899388148001,842.0398558878,1199.8989101958
74676,G06007313,high,False,14161.775000000001,0.8407500276235722,6983.118532399994,6427.109830579429,6983.170384449999,6871.7640493499985,6330.971844849999,6188.397710349997,5644.204516749999,5393.680283049999
74697,G06007301,medium,False,4038.4089999999997,0.7130643653791515,1694.7459959800003,1780.7549243499993,1694.75206931,1663.28765471,1510.5054412099998,2261.46483561,1888.98370331,2828.15323971
74761,G06007311,high,False,10705.498,0.7130643653791515,5216.567022598127,4878.638773505239,5216.6075254881325,5132.0796500881315,4721.687672688133,4879.416176988132,4392.967278488131,4542.239164488132
74876,G06007326,low,True,9434.453,0.8407500276235722,2952.7440866394213,2967.938929035666,2952.8000143035238,2904.476892463523,2669.948214940523,2571.057224905523,2345.3802074115233,2189.4230993565234
74940,G06007325,high,False,7980.311,0.8407500276235722,3682.961526899997,3526.294089819429,3682.985027049999,3620.603386149999,3317.7153018499994,3722.9421836499987,3284.0569581499994,3762.8468076499985
75047,G06007302,low,True,10437.617,1.0497359105206039,3033.1026978438554,3030.646164945732,3033.125497915547,2981.6511500955467,2731.729738201547,2597.241166237547,2364.719739220547,2161.308946495547
75208,G06007310,medium,False,3962.437,0.7130643653791515,1653.0613588300018,1744.6994771694299,1653.0727054099991,1622.1410640099991,1471.9519395099992,2228.8559570099987,1857.543436809999,2804.6045299099987
75620,G06007307,high,False,9714.014,0.8407500276235722,4646.704292880006,4378.299385499434,4646.7673568499995,4570.062914049999,4197.687758349999,4442.88951045,3973.30524815,4239.0500093499995
75844,G06007312,low,True,8566.952,0.7130643653791515,2591.265418338321,2605.6135042106685,2591.2854771855236,2548.359408286523,2339.9041151985234,2301.015427474523,2086.862027134523,2010.796395919523
76382,G06007312,high,False,20153.584000000003,0.7130643653791515,10129.016688668133,9182.401571875236,10129.08874448813,9971.641247588132,9207.185872988131,8549.364240388131,7906.258843788132,6969.644904588131
76453,G06007311,high,False,2575.544,0.7130643653791515,1074.9356430599996,1238.2064689399997,1074.94303412,1054.7719477199998,956.8395951199998,1834.12039612,1485.92039152,2593.28599482
76467,G06007313,medium,False,6488.427,0.8407500276235722,2879.1259351499975,2818.5497623894194,2879.131263449999,2828.6879245499986,2583.746882649999,3122.430910349999,2709.1689853499993,3365.6495545499993
76499,G06007307,high,False,22019.858,0.8407500276235722,11200.011510380007,10137.988707979426,11200.14332285,11026.117747349997,10181.364313949998,9338.696817549999,8660.086461349998,7477.329938349999
765,G06007330,low,True,3885.504,0.7130643653791515,1042.1905518360015,1089.682559882,1042.1989745454,1022.9720065614,929.6341898633999,1155.8093013354,992.5587634674,1269.4229690784
76579,G06007328,high,False,2761.069,0.8407500276235722,1153.138548500001,1306.9471261699982,1153.14476427,1131.51471337,1026.4682289700002,1887.36967827,1536.0289414699998,2621.5864066699996
76622,G06007330,medium,False,7500.637,0.7130643653791515,3565.110633858645,3433.3751916753745,3565.160946098641,3505.1517756986404,3213.8760919986407,3645.97351619864,3212.246762498641,3726.888443398641
76659,G06007317,high,False,4468.174999999999,0.7130643653791515,1886.6778687593253,1950.061738202969,1886.6846688393214,1851.7330955393206,1682.0147865393208,2393.9754700393205,2014.0079544393209,2901.238325539321
76811,G06007329,low,True,3052.617,0.7130643653791515,808.8876146987988,862.6969442350003,808.8948839853001,793.7423556363,720.1628639793,991.8400737782999,837.3415523583001,1174.7842059903
76820,G06007311,high,False,10434.929,0.7130643653791515,4976.236730308128,4656.094364615241,4976.250135088132,4895.310026988132,4502.280709388131,4699.888968788132,4221.096787888132,4423.464796088132
77070,G06007316,low,True,3487.236,0.7130643653791515,909.104519427299,958.5047279009999,909.1074317724,892.0214082233999,809.0522752284,1059.0879593874001,900.4271216483999,1209.0431959044001
77248,G06007326,medium,False,2666.69,0.8407500276235722,1169.8901158399967,1324.1258490099958,1169.8954434500001,1148.68199285,1045.6211811500002,1911.1460577499997,1560.70116975,2652.44418645
77319,G06007327,high,False,13980.258,0.7130643653791515,6950.133988388128,6400.986150975241,6950.191020288132,6839.917182588131,6304.573078888132,6174.522856688132,5632.780177488133,5398.867256288132
77389,G06007323,low,True,6739.147999999999,0.7130643653791515,1993.548839177163,2022.6676825012498,1993.5687299340657,1959.6563496210654,1794.988423002065,1856.947019235065,1662.1625188860653,1720.3919803020653
77436,G06007316,medium,False,4775.656999999999,0.7130643653791515,2027.403064468133,2072.250371715241,2027.411136088132,1990.2489601881316,1809.760565088132,2496.878631088132,2112.164930388132,2966.299762788132
77556,G06007308,high,False,10988.338,0.8407500276235722,5367.606249730001,5016.23026476943,5367.653632449999,5280.252271949999,4855.87052115,4981.453838049999,4488.844744149999,4595.349414249999
77717,G06007313,high,False,6767.677,0.8407500276235722,3135.194813430001,3055.955926169432,3135.233072249999,3080.9628112499986,2817.5075792499983,3313.688262049999,2892.2740105499997,3492.2199663499987
77723,G06007315,medium,False,7825.497,0.7130643653791515,3720.5315912886426,3567.793754555367,3720.574550568641,3658.2694150686402,3355.8222190686415,3762.1957005686404,3323.5128107686405,3803.919544368641
77850,G06007311,high,False,9212.04,0.7130643653791515,4348.299590548131,4107.20021423524,4348.315300088132,4276.706236388132,3928.9318782881314,4230.760081388133,3772.0267890881314,4113.142625488132
77870,G06007314,high,False,5514.221,0.7130643653791515,2429.1633417281287,2426.2215554952395,2429.172884288132,2386.045020488132,2176.585902588132,2797.018209088132,2399.4831282881323,3164.845149288132
77886,G06007322,high,False,13015.068,0.7130643653791515,6391.928824148134,5905.21957005524,6391.967237488132,6289.990899388133,5794.895980388132,5757.514014088132,5233.552054388133,5123.048637788132
78034,G06007307,high,False,6837.49,0.8407500276235722,3066.0741013699953,2983.055609889436,3066.083258649999,3012.866261349999,2754.447834049999,3262.0894502499996,2842.872876649999,3458.021007649999
78075,G06007310,high,False,4888.3060000000005,0.7130643653791515,2097.27307740864,2134.5510075353723,2097.287990688641,2059.1082227886413,1873.720683188641,2549.5688968886407,2162.679363388641,3001.828612188641
78254,G06007313,high,False,5280.625,0.8407500276235722,2295.832423831019,2311.167530850261,2295.851996781018,2254.287071581018,2052.4770029810174,2690.542613581018,2296.3832826810176,3085.241263981018
78446,G06007302,low,True,8553.386,1.0497359105206039,2538.9379558858095,2561.316692040406,2538.9716942128102,2495.32757632481,2283.3994134028094,2236.58022885281,2020.9044561928094,1934.2963221328096
78836,G06007330,low,True,8096.505000000001,0.7130643653791515,2410.8705793986223,2426.596755999668,2410.8916724475234,2370.634087114523,2175.198292189523,2166.2636439375233,1957.8387242925232,1921.668224164523
78918,G06007317,medium,False,6791.8099999999995,0.7130643653791515,3122.859873968136,3037.308347415242,3122.876362688132,3069.440372988132,2809.9742907881314,3315.2655309881316,2895.5959261881317,3507.644430088132
79043,G06007301,low,True,3361.8269999999998,0.7130643653791515,889.2940500612002,940.5244185749985,889.3002013874999,872.6757695775001,791.9565342255001,1047.1898327294998,889.5273975704999,1205.0767341555002
79061,G06007325,low,True,3709.916,0.8407500276235722,1074.2418847636486,1123.9949075230074,1074.2519265919484,1055.5684350379486,964.8097745839486,1196.9733383929486,1034.8860023479483,1319.7576569539485
79076,G06007310,high,False,18109.465,0.7130643653791515,9268.966871368128,8453.199062315238,9269.089656688131,9124.364092588132,8421.805068088132,7906.794565188131,7291.133793788132,6544.715385988131
79183,G06007301,high,False,14836.031,0.7130643653791515,7421.504981048132,6817.686935975238,7421.591654288133,7304.320639988131,6735.0004628881325,6526.644646888131,5969.925091588132,5631.724766688132
79285,G06007308,low,True,8451.159,0.8407500276235722,2486.196907053294,2498.3924229666027,2486.2235800814997,2444.4602949374994,2241.6801432165,2215.7515223534997,2004.1093670294995,1945.2557560874998
79373,G06007323,low,True,7418.743,0.7130643653791515,2194.35483936572,2216.5689046026687,2194.3691511135235,2157.335598718523,1977.5007350835233,2004.507246820523,1803.002463580523,1814.666033932523
795,G06007315,high,False,11884.031,0.7130643653791515,5818.149791778131,5404.326168085245,5818.1882190881315,5724.736753388132,5270.992284488131,5328.844798888133,4823.218084788132,4839.489214488131
79553,G06007302,low,True,5461.562,0.8407500276235722,1420.1891420534992,1455.663689277007,1420.1925255378003,1393.4879032788,1263.8063112948,1406.2513062828002,1226.9184067488,1392.2687444748
79720,G06007310,low,True,1314.815,0.7130643653791515,337.41453203640157,401.1237300910003,337.4145856935001,331.0525457505001,300.1550909175001,670.1233192275001,534.5016567105,1002.8315227425
79727,G06007317,medium,False,6413.928,0.7130643653791515,2888.6965436981336,2827.8633047452404,2888.7065596881325,2838.756033188132,2596.182467588132,3140.3338880881324,2728.130875588132,3391.922483288132
79797,G06007323,low,True,5414.016,0.7130643653791515,1504.5381138180664,1540.743615946849,1504.5514200606644,1477.7669664696643,1347.7401869016644,1489.4137466376642,1309.9281770616644,1474.2717544386646
79853,G06007311,low,True,12025.289,0.7130643653791515,3697.2327158349235,3678.953524074668,3697.258976137523,3637.9135765275228,3349.7747457225237,3127.283146282523,2877.846915541523,2557.2738912105233
80154,G06007311,medium,False,9525.358,0.7130643653791515,4567.828573198132,4306.4186635652395,4567.863409488131,4492.98389088813,4129.359736488132,4394.748585888132,3929.016625088132,4221.6353647881315
80162,G06007310,medium,False,9546.252,0.7130643653791515,4583.3249172681335,4320.246051235238,4583.359667288132,4508.235414488132,4143.497379588132,4406.3366049881315,3940.088327188132,4229.318901288132
80186,G06007311,high,False,6046.407999999999,0.7130643653791515,2714.871172558133,2677.729236565235,2714.895553688132,2667.514026288132,2437.475823488132,3010.4691660881317,2603.8343374881324,3305.998665688132
80407,G06007329,medium,False,13126.737000000001,0.7130643653791515,6449.056380268135,5955.405575475235,6449.096307288131,6346.277294688132,5847.0890032881325,5800.209616088132,5274.461382588132,5151.212172488131
80476,G06007317,medium,False,9555.262999999999,0.7130643653791515,4559.696069208128,4296.335957635241,4559.723572088133,4484.958330088131,4121.9419713881325,4388.700217188132,3923.205276888132,4217.622917488132
80509,G06007326,high,False,5538.851000000001,0.7130643653791515,2605.44126490983,2589.9672596530995,2605.46471775983,2560.9777884598298,2344.91680605983,2950.2705554598297,2549.84766835983,3295.19111075983
80641,G06007310,medium,False,6465.109,0.7130643653791515,2908.824267878131,2844.74720710524,2908.834584688132,2858.5832444881316,2614.569432988132,3155.379440488132,2742.536196688132,3401.8570968881318
80657,G06007314,high,False,7165.031,0.7130643653791515,3285.5586245981294,3176.347415685239,3285.5718204881323,3229.7298139881323,2958.5600579881316,3436.8264493881316,3011.9787890881316,3588.0046071881316
80709,G06007322,medium,False,9615.955,0.7130643653791515,4671.3136549181345,4403.588515385243,4671.367505288132,4594.924004288132,4223.821047288133,4472.053277288132,4003.006705588132,4272.8067390881315
80797,G06007310,high,False,4025.2290000000003,0.7130643653791515,1703.3946806800002,1791.5853438499992,1703.41251269,1671.63844009,1517.38189679,2264.95225389,1891.83917329,2826.4845608899996
80799,G06007330,high,False,7051.735000000001,0.7130643653791515,3340.536891459661,3237.4393856156303,3340.558291659659,3283.951883559658,3008.958010359659,3478.617690059659,3052.1409670596595,3616.7803179596585
808,G06007330,medium,False,4428.906,0.7130643653791515,1849.4139306693207,1915.6133102729705,1849.4205736393208,1815.008748339321,1647.905397839321,2365.8612490393207,1987.0516948393208,2882.2650811393205
8193,G06007302,medium,False,1728.208,1.0497359105206039,720.3351050000001,926.9771432999996,720.34323864,706.81603364,641.1750316399999,1592.8202285399998,1258.90146924,2465.2910123399997
82039,G06007326,high,False,17812.512,0.7130643653791515,8914.22250439813,8118.3618141652405,8914.279242688131,8774.929681288131,8098.0396599881315,7641.738292488131,7037.616406388132,6369.127133488133
82101,G06007315,high,False,14298.413,0.7130643653791515,7192.952470288128,6622.750629015241,7193.018825088133,7079.142347288132,6526.244527888131,6355.884354088132,5806.423215188132,5518.872171588131
8248,G06007308,low,True,9293.655,0.8407500276235722,2791.520030174399,2799.1943429096,2791.539247045499,2745.248430613499,2520.4303629224987,2443.8398923244995,2222.4419615234992,2096.1735665504993
82517,G06007301,medium,False,6763.005999999999,0.7130643653791515,3156.639656628134,3072.818754235244,3156.6662194881324,3102.727113488132,2840.8015646881317,3340.485964988132,2919.753451288132,3524.337285688132
82573,G06007301,medium,False,13901.928999999998,0.7130643653791515,6995.409981648134,6451.2545340952365,6995.4820352881325,6884.5580960881325,6345.881801088131,6208.278608888133,5665.151897988132,5421.227280488132
82660,G06007316,high,False,4399.21,0.7130643653791515,1842.8168302900008,1910.16674562,1842.82374227,1808.60594017,1642.4367837700001,2362.5484907699997,1984.15526397,2882.24100487
82846,G06007316,low,True,5151.951,0.7130643653791515,1410.9702618366416,1448.6570362007594,1410.9796120320439,1385.5916929860439,1262.309656689044,1419.5034764670438,1243.015466862044,1428.014585481044
82975,G06007314,medium,False,6003.93,0.7130643653791515,2689.7704929581287,2655.4174667252405,2689.784034488132,2642.7925038881317,2414.545986288132,2991.705342688132,2585.8685852881317,3293.6100658881314
83022,G06007315,low,True,8176.215,0.7130643653791515,2418.478766139322,2431.572605360666,2418.4795629255227,2378.1394325355227,2182.1572345785225,2171.9441266335225,1963.3087666395227,1925.3891912115232
83038,G06007316,high,False,7180.904,0.7130643653791515,3346.0298147781314,3235.363229625241,3346.061078488132,3289.3042803881326,3013.737506588132,3481.9690246881314,3055.185662588132,3617.9327138881317
83039,G06007306,high,False,6302.814,0.8407500276235722,2869.8335663116964,2814.4119627872924,2869.8448878216973,2820.3484916216976,2579.9396872216976,3129.1536785216967,2717.923433021697,3388.520561521697
83162,G06007323,low,True,9824.758,0.7130643653791515,2991.9557097474203,2994.4285482616697,2991.9830733375234,2943.1007066085244,2705.782703203523,2600.3826855315233,2373.4310704335235,2208.7910331795238
83164,G06007314,medium,False,11584.310000000001,0.7130643653791515,5695.195751098134,5300.682909465235,5695.266191888131,5603.606132688132,5158.708288388132,5236.973322688133,4735.241752988131,4778.776232488131
83271,G06007314,high,False,6874.4580000000005,0.7130643653791515,3179.0429455281323,3088.0454055952373,3179.061294088132,3124.796551488132,2861.263327388132,3357.2154746881315,2935.767823588132,3535.410428388132
83310,G06007330,medium,False,801.809,0.7130643653791515,334.3318487499968,588.32546418,334.33235127,328.05853797000003,297.58844287,1330.24964437,1011.90526577,2326.1812172699997
83343,G06007329,low,True,2897.436,0.7130643653791515,780.3403806114014,833.7616839159969,780.3455086728,766.0582242138,696.7119694247999,978.1474345697999,825.5047747728,1175.9652865518
83365,G06007317,high,False,7993.906999999999,0.7130643653791515,3772.576043778136,3609.5175808252384,3772.607771288132,3709.5128186881316,3403.214888588132,3800.655149788132,3360.2552332881323,3828.703072288132
83805,G06007325,medium,False,4353.0830000000005,0.8407500276235722,1834.3385382911868,1904.8743797271568,1834.349447781188,1800.2124592811876,1634.442748681188,2355.501916081188,1977.290524181188,2876.648376681188
83959,G06007302,high,False,21910.384000000002,0.8407500276235722,10849.209112676268,9815.188147531051,10849.272167526266,10677.982696826266,9846.298251626265,9033.659917426266,8360.772179226266,7217.932516726266
83987,G06007311,high,False,12245.523000000001,0.7130643653791515,6056.724010158132,5619.751645725248,6056.795482888132,5959.796804988131,5488.829934788131,5507.028154988131,4993.842811888132,4957.347462188132
84040,G06007326,high,False,6840.276,0.7130643653791515,3122.956216148132,3034.5760807952406,3122.9609598881325,3069.545782988132,2810.0812169881324,3315.337058588132,2895.687358188132,3507.656564488132
84184,G06007310,high,False,8246.886999999999,0.7130643653791515,3870.4897578581354,3691.361722125239,3870.5091094881323,3805.9762503881316,3492.634626988132,3873.8118844881324,3430.2936776881324,3877.067818788132
84633,G06007324,medium,False,11435.239000000001,0.7130643653791515,5536.668702458135,5152.421987505239,5536.700630888132,5447.444481788132,5014.014323688132,5118.567806388131,4621.933913188132,4700.353175288132
84822,G06007328,low,True,15039.69,0.8407500276235722,4729.857179625903,4693.4456703326,4729.9123426275,4654.8142440345,4290.2723529224995,3891.9194106644995,3608.6708223164997,3054.0245729145
85096,G06007329,high,False,18815.267,0.7130643653791515,9577.31394994813,8716.182114815236,9577.41111568813,9428.14844388813,8703.366828688131,8137.126104188132,7511.666385788131,6697.051664188131
85123,G06007302,medium,False,5036.405,0.8407500276235722,2154.456940448983,2188.926441529738,2154.476315758982,2114.568606058982,1920.789044858982,2577.370131958982,2186.7821673589815,3000.291709858982
85247,G06007306,high,False,4077.3759999999997,0.8407500276235722,1702.1510090099969,1788.5019311099973,1702.1598644800001,1670.2233611799998,1515.15462648,2260.85228248,1887.3685072800001,2819.5221295799997
85302,G06007310,high,False,5613.511,0.7130643653791515,2476.9040517481308,2467.614623275241,2476.915641688132,2433.075814888132,2220.182941888132,2832.690017088132,2433.631140188132,3188.430343888132
85376,G06007329,low,True,2230.458,0.7130643653791515,600.0947515836003,660.0453790839982,600.1024172975999,588.8973448385998,534.4935144066,850.3482308376001,704.3340606006,1100.6124853596
85458,G06007314,high,False,14212.195,0.7130643653791515,7133.930516998131,6569.959000525232,7134.028613688131,7021.004361888132,6472.396595788132,6311.802641188133,5764.235632488132,5489.659221688133
85486,G06007314,high,False,19301.508,0.7130643653791515,9776.910056358143,8884.942997485237,9776.99766748813,9624.77663538813,8885.673933088132,8286.295408688133,7654.485821888132,6795.599419288132
85500,G06007313,medium,False,5419.383,0.8407500276235722,2330.0013228300013,2338.434955749434,2330.015213249999,2287.719749749999,2082.3538391499987,2712.180894349999,2316.446341849999,3094.294992549999
85759,G06007326,high,False,11506.793000000001,0.7130643653791515,5601.901426348124,5212.843475075237,5601.943816288132,5511.708496288133,5073.5755168881315,5167.298520288132,4668.601160588132,4732.572034588133
85760,G06007314,medium,False,5238.192,0.7130643653791515,2266.2538146281377,2281.257813135236,2266.2579858881318,2225.5501498881317,2027.8486770881318,2675.3288980881316,2282.9845646881317,3084.3346791881318
85891,G06007326,low,True,4607.481,0.7130643653791515,1370.013467016595,1419.5194605410024,1370.0475859076998,1346.1044502087,1229.9182905807,1403.5506468087,1230.2182384077,1437.1356109857
85893,G06007312,low,True,3465.692,0.7130643653791515,926.4744007721991,978.2144892730001,926.4818293731,909.1842400430999,825.1813498130998,1072.8622901541,913.7583153290999,1219.2456229791
8613,G06007310,high,False,3240.1510000000003,0.7130643653791515,1346.63251368,1475.9490762700034,1346.63964073,1321.35340953,1198.56273643,2018.5791476299999,1659.38698313,2690.4905817299996
86132,G06007313,low,True,5371.6810000000005,0.8407500276235722,1463.2078276744924,1500.4135523877708,1463.2205889733923,1436.647279000392,1307.6409019903924,1451.656442689392,1272.6261804133924,1440.0738932233921
86296,G06007330,low,True,5876.27,0.7130643653791515,1653.7265799945214,1685.7643415306686,1653.7312197555232,1624.729558591523,1483.8843901695232,1600.6348076895233,1416.374749723523,1547.4966375855233
86442,G06007328,high,False,11783.716,0.8407500276235722,5775.203227320006,5372.888593659429,5775.2634582499995,5681.801307049998,5228.065799549998,5285.978166249999,4780.372809549999,4796.728907849999
86898,G06007324,medium,False,7285.782999999999,0.7130643653791515,3398.5879448886444,3279.9451909259433,3398.620890628642,3341.253470228642,3062.7253955286415,3524.124302128642,3096.0213550286426,3649.691394128642
86923,G06007310,low,True,11956.945,0.7130643653791515,3682.836789337523,3666.0043495286673,3682.8676314915233,3623.7287514885234,3336.624016228523,3116.5293692205228,2867.5411964955233,2550.1746265905235
87034,G06007301,high,False,11219.096,0.7130643653791515,5681.548410628122,5309.381381935245,5681.641739288132,5590.17532128813,5146.174608588131,5226.718162888132,4725.4884477881305,4772.035493388132
87105,G06007301,low,True,4819.376,0.7130643653791515,1293.7050024495215,1333.5530944366685,1293.7108135695235,1270.0509262485232,1155.1588488015234,1331.6706341415234,1158.886966513523,1369.600340587523
87139,G06007328,high,False,5971.219999999999,0.7130643653791515,2597.6029489799994,2570.463198679425,2597.6049696499995,2551.346311649999,2326.6982391499987,2912.1078502499986,2507.8306599499992,3226.531047149999
87299,G06007330,low,True,3555.82,0.7130643653791515,927.2843786241033,976.2307837030003,927.2874605400002,909.860125041,825.238097082,1071.4665476640002,912.07349337,1215.6188950680003
873,G06007312,low,True,4520.5650000000005,0.7130643653791515,1199.0917558671208,1241.2578476796662,1199.096753587823,1176.9096506568233,1069.1783498328232,1262.1833976438231,1092.5635547358231,1325.2374952068233
87563,G06007315,high,False,4647.855,0.7130643653791515,2011.1885077398251,2062.292497333097,2011.2079604698301,1974.5104903698298,1796.30028896983,2488.7104098698296,2105.0126656698294,2966.21382806983
87579,G06007317,medium,False,2564.5879999999997,0.7130643653791515,1057.2892674999982,1221.1800814200021,1057.2896730399998,1037.4045475399998,940.83635964,1821.2485810399996,1473.64796084,2585.1733820399995
87781,G06007313,high,False,12341.752,0.8407500276235722,5982.1313649199965,5544.339929839432,5982.169443849999,5885.654312149999,5417.047323449999,5440.600437349999,4928.384570249998,4898.953412349999
87810,G06007314,high,False,3844.8949999999995,0.7130643653791515,1618.572165430508,1716.6007053095595,1618.5852270305077,1588.287936230508,1441.175752230508,2205.1949365305077,1835.2534289305079,2791.794773730508
88113,G06007329,medium,False,7869.765,0.7130643653791515,3657.069276088127,3502.4336864552424,3657.082068688131,3595.7282416881317,3297.777320188132,3714.372458488132,3277.6744946881317,3771.585470088132
88132,G06007328,low,True,3710.643,0.8407500276235722,980.7136980858002,1030.0340080589988,980.7222220046997,962.3401446896999,873.0846159777001,1108.6570299657,947.2199888667001,1236.5875979007
88142,G06007306,medium,False,3162.8450000000003,0.8407500276235722,1350.4914438511853,1477.0752852671583,1350.4924048011878,1326.045227001188,1207.3571914011877,2036.8552993011879,1679.4512875011878,2723.257467701188
88153,G06007323,medium,False,6218.362999999999,0.7130643653791515,2798.408539728131,2750.1903357552405,2798.424583888132,2749.810106588132,2513.7450367881315,3072.8810249881317,2663.5673570881318,3347.295683288132
883,G06007313,medium,False,12103.137,0.8407500276235722,5999.450442430003,5576.01014594943,5999.524712449999,5902.721557949998,5432.782063649998,5453.472918549998,4940.716748149998,4907.578652649999
88430,G06007306,medium,False,5032.203,0.8407500276235722,2197.028384920507,2228.08530479956,2197.058816790508,2156.958709590508,1962.312755190508,2616.889204390508,2225.9165178905077,3036.742931290508
88487,G06007315,medium,False,4048.488,0.7130643653791515,1697.3683422100003,1784.8548301599994,1697.3809902899998,1665.5858922899993,1511.25390939,2258.6514749899998,1885.48131619,2819.89913979
88602,G06007322,low,True,3335.415,0.7130643653791515,868.372953449401,918.6643863390022,868.3733875635,852.0494661315001,772.7752064655001,1031.3253256305,874.2966128264999,1194.2500993575
88616,G06007322,low,True,14530.318,0.7130643653791515,4580.802679218022,4547.310512531664,4580.854224085523,4508.373353959522,4156.508492191523,3787.3456467435226,3509.712419377523,2993.9347025805237
88698,G06007308,low,True,2316.685,0.8407500276235722,675.9248550900412,737.1494642541796,675.9288137076414,663.9392788566413,605.6566835136414,912.6284830416414,764.9246785086414,1149.3849320076413
88809,G06007323,medium,False,6019.468999999999,0.7130643653791515,2710.0852516081327,2674.4726105152363,2710.105795488132,2662.7930788881317,2433.086342788132,3006.8923619881316,2600.3892172881315,3303.6685555881318
88886,G06007325,medium,False,8011.592000000001,0.8407500276235722,3767.4396127899963,3608.4130783894298,3767.489005649999,3703.8297402499984,3394.830227749999,3786.0357832499985,3344.46976775,3804.596720149999
88997,G06007302,medium,False,4237.122,0.8407500276235722,1771.2605267899999,1849.3322132100002,1771.2714998600004,1738.0504265600002,1576.73114576,2308.01767716,1931.7931279600002,2844.74872406
90116,G06007325,high,False,13562.539,0.8407500276235722,6705.1047299799975,6188.244085419435,6705.173789849998,6597.920641349999,6077.141864949998,5980.645573649998,5445.40958085,5256.220244549999
90128,G06007307,medium,False,5123.638000000001,0.8407500276235722,2184.862078478642,2210.6645198253686,2184.870620528641,2144.9316494286413,1951.0082304286411,2607.196743328641,2216.5150378286407,3029.464078828641
90195,G06007312,low,True,6474.210999999999,0.7130643653791515,1856.9823325377233,1884.3749189826717,1856.9911637895234,1824.9640437345233,1669.457115262523,1752.4710828045231,1561.7135275875235,1647.9651603135233
90268,G06007313,high,False,9718.006000000001,0.8407500276235722,4584.413134170001,4315.698427669428,4584.429902049999,4508.67219225,4140.809484949999,4396.405340749999,3928.7512175499996,4208.306151049999
90277,G06007313,high,False,4689.6230000000005,0.8407500276235722,1996.851949431696,2049.64918665672,1996.872776601696,1959.816979201696,1779.9192502016958,2468.443077501696,2083.9860881016957,2940.011157501696
90545,G06007327,low,True,8031.505999999999,0.7130643653791515,2399.7102899667248,2417.068376810668,2399.735015173523,2359.649438803523,2165.014463086523,2157.9067515825227,1949.8771060965228,1916.118615274523
90647,G06007308,medium,False,16761.711,0.8407500276235722,8422.020367749996,7699.081934189431,8422.111967449999,8289.383991949999,7644.842029649999,7263.279078749999,6673.357346349999,6104.543375749999
90769,G06007322,medium,False,7206.751,0.7130643653791515,3317.028944408132,3204.9810397152387,3317.047432288132,3260.727857688132,2987.283546488132,3460.3349431881315,3034.468692388132,3603.579128888132
90823,G06007329,low,True,10909.365,0.7130643653791515,3315.1951210317225,3304.827717460665,3315.2133401655233,3261.544768180523,3000.9419342205233,2841.870549631523,2604.6148635675236,2368.500647488523
90910,G06007316,low,True,1285.693,0.7130643653791515,336.6324747008998,401.30755380800036,336.63445060770005,330.3138065157,299.6167670307,670.0493157357,534.5213423457,1003.4631777147001
91214,G06007308,low,True,14752.607000000002,0.8407500276235722,4639.5995552675995,4605.888860901601,4639.637501887501,4565.900652988499,4207.853388343499,3824.4808778384995,3544.1358139605,3009.4085642954997
91273,G06007313,low,True,4870.753000000001,0.8407500276235722,1311.0981890005514,1351.311963968589,1311.1095183535508,1287.1062162055512,1170.558334202551,1343.2465112575508,1169.7419096815509,1375.358478230551
91443,G06007314,medium,False,2758.6049999999996,0.7130643653791515,1139.591744660003,1293.5736320300027,1139.5951305500002,1118.1706623500002,1014.1289849500001,1877.32479205,1526.42256145,2615.02500195
91641,G06007315,medium,False,1659.1350000000002,0.7130643653791515,694.9587776700013,905.1699281200013,694.96596965,681.9338763500001,618.6679656500002,1575.78204175,1242.9273503499999,2456.58940515
91687,G06007311,medium,False,4992.248,0.7130643653791515,2186.2424961491497,2216.284948365499,2186.26896745915,2146.81779365915,1955.2904790591497,2617.02032325915,2227.42341705915,3047.7692208591498
91790,G06007308,medium,False,5687.174000000001,0.8407500276235722,2473.5186112093133,2464.3071126324003,2473.5296473293197,2429.14463052932,2213.6349629293204,2820.1052101293203,2419.87498232932,3166.61436302932
91939,G06007317,high,False,3750.777,0.7130643653791515,1570.331758019999,1673.17012009,1570.3440064700003,1540.92675027,1398.1114915700002,2172.0261196700003,1803.96273967,2773.69194547
9194,G06007315,medium,False,3142.2110000000002,0.7130643653791515,1306.7813579500018,1441.1114272200064,1306.79000133,1282.2520920299996,1163.1132082299998,1991.5391795299997,1633.9580273299998,2676.2596825299997
91958,G06007312,high,False,1625.6439999999998,0.7130643653791515,672.2282799199995,884.2070445400011,672.2316957200001,659.5956668199999,598.2360161199999,1559.7355886199998,1227.72147052,2447.22393732
92028,G06007328,high,False,7190.951000000001,0.8407500276235722,3323.238597489997,3217.264799749428,3323.289905249999,3266.225486049999,2989.2389032499987,3454.170383849999,3026.7676991499993,3585.1100048499993
92034,G06007327,high,False,10564.964,0.7130643653791515,5185.278550368135,4856.378018715242,5185.340122488131,5101.266882788132,4693.1106979881315,4856.015613488131,4370.586618788131,4526.771332888131
92103,G06007301,medium,False,8304.669,0.7130643653791515,3904.4715322981306,3721.76307280524,3904.497432488132,3839.458885288132,3523.671912988132,3899.1977972881314,3454.607237088132,3893.841662188132
92122,G06007301,high,False,11943.8,0.7130643653791515,5966.654796868135,5548.574610135236,5966.748744288132,5871.040313888132,5406.552851188131,5439.761214488131,4929.397900388131,4912.904139688132
92170,G06007325,high,False,8967.008,0.8407500276235722,4275.426332699997,4054.531770259429,4275.457780249998,4204.283506649998,3858.6324303499987,4165.513193349999,3707.7441639499993,4055.6477003499995
92242,G06007315,high,False,4700.295,0.7130643653791515,2095.750097640003,2137.3443921799994,2095.76424524,2058.51019624,1877.5962992399996,2563.8237448399996,2178.9278427399995,3031.92727054
92264,G06007308,medium,False,7058.928,0.8407500276235722,3179.867859449999,3082.981214389431,3179.874711649999,3124.9963343499994,2858.3566786499987,3347.0725235499986,2924.2575526499995,3514.227662449999
92510,G06007307,low,True,3639.646,0.8407500276235722,967.6037002974381,1017.1758528121825,967.6156753878414,949.6116668058413,862.1697656508413,1101.9081171978414,941.2889296248412,1236.2120833458414
92584,G06007301,medium,False,11669.687999999998,0.7130643653791515,5832.091498758129,5431.420014385241,5832.170847288131,5738.476941088131,5283.671054488132,5339.218567388132,4833.162154888132,4846.412197188132
92614,G06007301,high,False,6726.942,0.7130643653791515,3084.6747480381314,3003.4946829852424,3084.7029290881324,3031.8214054881323,2775.119687288132,3286.745115188132,2868.288189488132,3488.7697860881317
9348,G06007312,medium,False,5348.9580000000005,0.7130643653791515,2352.7255721081337,2360.436668595237,2352.745062488132,2310.740692388132,2106.792324588132,2739.913044988132,2344.8141663881315,3127.075500588132
93610,G06007326,medium,False,11561.063999999998,0.8407500276235722,5573.854186238143,5181.3282816852425,5573.867734688132,5484.061583688132,5047.968525888133,5146.375613488131,4648.531213088132,4718.741628388132
93643,G06007301,high,False,11107.595000000001,0.7130643653791515,5407.925639678131,5044.179331065239,5407.969472888131,5320.595074888131,4896.420644188131,5022.379817688132,4529.815692888132,4636.8034947881315
93698,G06007330,medium,False,3426.592,0.7130643653791515,1416.423336679997,1536.2139514200007,1416.4267551599999,1389.8035211599997,1260.50395856,2065.5247440599996,1703.4513141599998,2714.5850571599995
93801,G06007329,high,False,14343.833999999999,0.7130643653791515,7047.2379229081325,6475.005446635241,7047.263151488132,6935.573877088131,6393.2509186881325,6247.081589988131,5702.204408088132,5446.8755070881325
93838,G06007317,low,True,5588.057000000001,0.7130643653791515,1555.0032409935222,1589.1399976306684,1555.0129356855232,1527.4710701385234,1393.7404910865234,1526.8770773775232,1345.7564670375232,1498.7257454505232
93876,G06007317,medium,False,4366.853999999999,0.7130643653791515,1813.3888171793212,1883.576772172972,1813.395738649321,1779.5228177493211,1615.0414879493212,2339.027993549321,1961.377888549321,2864.620298549321
93928,G06007310,high,False,7335.057999999999,0.7130643653791515,3424.00959151813,3303.344309665243,3424.0361420881322,3366.128175088132,3084.934189088132,3540.2184817881316,3110.9497728881315,3656.471105988132
93973,G06007317,low,True,456.616,0.7130643653791515,118.64807498880138,188.80265868800035,118.64837481840003,116.4170939904,105.58111213440002,521.7544681824,395.01303385439996,924.8579926584
94175,G06007326,high,False,4871.145,0.7130643653791515,2085.9287638481305,2124.3698807352403,2085.939296488132,2047.8960622881318,1863.1860475881322,2540.605372088132,2154.005913288132,2995.246691788132
94331,G06007330,high,False,9263.392,0.7130643653791515,4444.01764838813,4199.123250755241,4444.053291888133,4370.997011288131,4016.2965763881325,4302.260069188133,3840.461974388132,4160.477092788132
94398,G06007327,medium,False,4921.99,0.7130643653791515,2108.179959068136,2143.5098698352385,2108.191267088132,2069.818705188132,1883.512028988132,2557.2368333881313,2169.9280351881316,3006.2313146881315
94464,G06007328,low,True,4828.301,0.8407500276235722,1316.8927157470482,1358.499093677011,1316.8987411237486,1292.9143118857485,1176.4263908257483,1349.3021878027484,1175.8233934207483,1381.7138848357483
94499,G06007323,medium,False,5713.624,0.7130643653791515,2528.6842146781305,2512.966588405236,2528.697190488132,2484.086262988132,2267.463912188132,2871.3776712881318,2470.6634937881317,3214.017926288132
94612,G06007307,medium,False,9474.003,0.8407500276235722,4568.830490289998,4315.334217489425,4568.890978449999,4493.352471349999,4126.555236049999,4384.6750481499985,3917.614601549999,4200.564097049999
94809,G06007327,high,False,15563.345,0.7130643653791515,7848.726804578133,7197.493615945243,7848.814078888132,7725.197584188132,7125.0522113881325,6845.797987188131,6275.444644288132,5842.869830988133
94883,G06007326,high,False,3866.197,0.8407500276235722,1603.961731230002,1700.668935039998,1603.9661207899999,1573.9067671899995,1427.92546029,2194.53571439,1825.0757191899997,2785.07708449
94941,G06007317,medium,False,5759.846,0.7130643653791515,2602.0061086081314,2583.211608635242,2602.0374260881317,2556.338593088132,2334.401693788132,2926.1134528881316,2523.103143188132,3250.2307797881317
95155,G06007315,medium,False,9889.83,0.7130643653791515,4772.493508648131,4487.3180475752415,4772.533220888132,4694.604570988131,4316.217657288133,4547.6428515881325,4075.366950288132,4322.799948488132
95283,G06007317,high,False,4453.357,0.7130643653791515,1912.9532248399996,1974.8613819999991,1912.9655170199999,1877.9164062199998,1707.72249612,2418.6014400199997,2038.4361334199998,2924.2358355199995
9529,G06007314,medium,False,9369.9,0.7130643653791515,4525.0873183881395,4273.268406035244,4525.129147488133,4450.872191888131,4090.3071392881325,4362.804328588132,3898.4315920881318,4200.542532288131
95316,G06007330,low,True,9096.304999999998,0.7130643653791515,2749.609830585324,2758.0583181166694,2749.644145513523,2704.3504295145235,2484.501297697523,2419.327782481523,2200.099781344523,2089.046322583523
95457,G06007311,low,True,7136.223,0.7130643653791515,2091.472555434022,2115.1656150276667,2091.492415333523,2055.978532684523,1883.5676111625232,1927.6518323385235,1729.4183222715233,1763.8310289495234
95488,G06007315,high,False,8923.537,0.7130643653791515,4306.952931088126,4083.770241955243,4306.991340488132,4235.980598488131,3891.1214392881316,4199.825064188131,3742.423506588132,4092.754246188132
95534,G06007311,high,False,4526.68,0.7130643653791515,1975.6042378599996,2030.86821508,1975.6273285000007,1939.8808467,1766.3495367000005,2469.5404968999997,2087.8942255,2963.4719599
95587,G06007315,medium,False,6117.869,0.7130643653791515,2747.075044498137,2705.403872825232,2747.095878488132,2699.2391097881314,2466.880340788132,3034.5342763881317,2626.862519688132,3321.9186713881318
95693,G06007324,medium,False,4255.112,0.7130643653791515,1767.2710992389832,1844.082512069175,1767.2783706189814,1734.156986818981,1573.327447618981,2305.731595318981,1929.699080818981,2844.140201018981
96045,G06007315,low,True,5311.014999999999,0.7130643653791515,1515.5379417717024,1552.4844880159997,1515.5504881209,1489.1565090339,1360.9994939289,1507.0065561668998,1328.3577332498999,1498.4985046029
9609,G06007329,low,True,8264.920000000002,0.7130643653791515,2495.458669730122,2513.0962729566677,2495.4884766555233,2453.980216393523,2252.434948588523,2229.4432950525234,2018.347623652523,1963.4429025435234
96114,G06007328,medium,False,2896.625,0.8407500276235722,1203.8159016694901,1350.0510102598712,1203.8174327294912,1181.298016029491,1071.925702329491,1922.839697029491,1569.5864608294912,2641.818424629491
96151,G06007301,low,True,6243.824,0.7130643653791515,1822.9201432524446,1856.5849149231583,1822.9334255865442,1791.450245263544,1638.5218770555443,1727.5223313975443,1537.9415406435442,1632.1579698525445
96190,G06007329,high,False,17717.317000000003,0.7130643653791515,8872.850216318131,8083.2619677252405,8872.91234768813,8734.101206888132,8060.204326388131,7610.96390238813,7007.897220888132,6348.922810288132
96287,G06007322,high,False,3931.504,0.7130643653791515,1624.0708801100025,1718.0070649500021,1624.0746953199998,1593.5406977199998,1445.26755682,2206.59073702,1836.1113952199998,2789.05921182
96312,G06007312,high,False,4832.634,0.7130643653791515,2151.030217369998,2183.23230685,2151.04240166,2113.1175946600006,1928.9245434599998,2607.5738060599997,2221.21782686,3064.13673416
96361,G06007315,high,False,6599.643,0.7130643653791515,2982.4724453581325,2909.7110943252324,2982.482796488132,2931.1412256881317,2681.8177066881317,3210.396198988132,2795.214234588132,3438.2400535881316
96499,G06007313,low,True,3197.5159999999996,0.8407500276235722,833.1562715930992,884.4962192150022,833.1587896463999,817.4985116004,741.4530060294,1007.4346453254001,851.8373817293999,1181.6866279734
96606,G06007324,high,False,4449.3150000000005,0.7130643653791515,1866.7960045086375,1932.2368231253752,1866.8080115986409,1832.064574098641,1663.3668369986412,2377.6485478986406,1998.1423344986408,2888.451940498641
96638,G06007324,medium,False,2398.577,0.7130643653791515,1002.7812941099987,1175.1501542200006,1002.7897415100001,983.98066961,892.65521721,1785.14398381,1439.87624491,2567.48354621
96656,G06007322,medium,False,1618.883,0.7130643653791515,693.0447959500033,905.2942305800009,693.0543444900001,680.1199200899999,617.29780599,1575.46092869,1242.8154410900001,2457.8905072899997
96710,G06007327,medium,False,4979.992,0.7130643653791515,2144.5835540481394,2176.1777091952354,2144.597456488132,2105.683627588132,1916.750901288132,2584.430829288132,2195.964073688132,3024.217701388132
96800,G06007313,medium,False,3939.2200000000003,0.8407500276235722,1640.453339921018,1733.5124654202582,1640.461667561018,1609.715252061018,1460.4290453610179,2219.4382220610178,1848.5088697610179,2798.396901861018
96844,G06007313,medium,False,2464.538,0.8407500276235722,1026.5757217000014,1195.5710472800008,1026.58203934,1007.31338154,913.75036154,1801.0843251399997,1454.82429534,2575.56572814
97075,G06007312,high,False,9150.284,0.7130643653791515,4390.619495988129,4153.165670455233,4390.628723088132,4318.409595488132,3967.529430588132,4262.353636088132,3802.280522588132,4134.079963288132
9772,G06007325,high,False,23225.521999999997,0.8407500276235722,11804.903195609993,10664.92617480943,11804.998627049998,11622.024698549998,10733.656659149998,9790.604318249998,9092.672167349998,7776.273709349998
98437,G06007327,medium,False,5860.951,0.7130643653791515,2608.18967018813,2583.221200315241,2608.2090208881323,2562.4257783881317,2340.074174288132,2930.762157288132,2527.5438521881315,3253.267283188132
98444,G06007326,low,True,2159.498,0.7130643653791515,561.2163758712004,619.5323058120024,561.2180468201999,550.6650299052,499.4121830292001,822.4920210072,677.8712703432,1083.7524154812002
98585,G06007317,high,False,8065.813,0.7130643653791515,3778.0326664881327,3610.668300715239,3778.0567276881316,3714.8961693881324,3408.219363988132,3804.733948388132,3364.1756792881324,3831.368373588132
9870,G06007315,high,False,8961.977,0.7130643653791515,4286.339157068132,4060.9420922552413,4286.376684888133,4215.676404188132,3872.3391533881318,4184.432692588132,3727.722982688132,4082.505618588132
98867,G06007314,medium,False,5291.648999999999,0.7130643653791515,2306.92256908813,2318.395317695241,2306.932179888132,2265.614945188132,2064.976293788132,2705.7067804881317,2312.0642706881317,3104.437871988132
98898,G06007324,high,False,22758.794,0.7130643653791515,11458.745394788133,10344.261348735236,11458.779679488132,11281.62359048813,10421.32536268813,9542.814963888131,8857.24446488813,7626.759030388132
98904,G06007316,medium,False,2344.913,0.7130643653791515,977.3237143100016,1152.4386969399998,977.3297503900001,958.9873099900001,869.9239518899999,1767.6233520899998,1423.35262159,2557.8972471899997
98972,G06007310,high,False,5880.393,0.7130643653791515,2626.367090348134,2599.9084633552366,2626.383115688132,2580.326017788132,2356.660647388132,2944.3463060881318,2540.5385326881315,3262.2650594881316
9910,G06007323,low,True,6309.811,0.7130643653791515,1835.2752654024434,1867.6358763827577,1835.2898925786442,1803.5935188066442,1649.6524224486438,1736.306514618644,1546.2692623416438,1637.361992286644
99191,G06007306,low,True,6798.914999999999,0.8407500276235722,1948.3213951970977,1975.1901644225977,1948.3451694315,1914.5647022354992,1750.5436645934997,1813.914287764499,1619.4169450064996,1679.4902004584997
99274,G06007324,high,False,3172.699,0.7130643653791515,1300.9053515699995,1433.5218617499995,1300.9037050600002,1276.42002346,1157.5192753600002,1986.5005266599999,1629.0096272600001,2672.0722165599996
99431,G06007328,medium,False,9975.333,0.7130643653791515,4736.236300229995,4451.011855829429,4736.263908849999,4658.249775649999,4279.448848549999,4509.825223149999,4037.3579290499993,4283.29093245
99475,G06007316,low,True,3473.781,0.7130643653791515,1016.5646331161998,1069.094807129996,1016.5757857289997,998.9089414289999,913.0825910429999,1156.6107237809997,996.714015294,1296.706410213
99691,G06007324,low,True,5495.608,0.7130643653791515,1520.1469160061235,1554.5157338306685,1520.1522688515229,1493.1287924415228,1361.9093685045232,1500.8389223535232,1320.821601088523,1481.512734502523
99826,G06007325,low,True,5688.018,0.8407500276235722,1573.075330206041,1608.1258002737848,1573.0894337073407,1544.8941679443408,1407.9996614193406,1533.8619015543404,1351.3442216733406,1494.6349675233405
99967,G06007314,medium,False,2968.6310000000003,0.7130643653791515,1247.6304053699996,1390.7845732199992,1247.64019973,1224.2644207299995,1110.75881463,1952.1802980299997,1597.0976069299998,2656.7091144299998
