building_id,puma20,income_category,assigned_pv,assigned_battery,assigned_ev,assigned_hp
483394,G06007301,Medium,False,False,False,0
304683,G06007301,Medium,False,False,False,0
258061,G06007301,Medium,False,False,False,0
378387,G06007301,Medium,False,False,False,1
192093,G06007301,High,True,True,False,0
268321,G06007330,High,True,True,False,0
265547,G06007310,High,False,False,False,0
176754,G06007311,Medium,False,False,False,0
5442,G06007314,Medium,False,False,True,0
305481,G06007315,Medium,False,False,False,0
229581,G06007326,Low,True,True,False,0
541807,G06007317,Medium,False,False,False,0
522276,G06007312,Low,False,False,False,0
795,G06007315,High,True,True,True,0
536023,G06007316,Low,False,False,False,0
266765,G06007301,High,True,True,False,0
200987,G06007301,Medium,False,False,False,0
214367,G06007323,Medium,False,False,False,0
200790,G06007301,High,False,False,True,0
542086,G06007317,High,False,False,False,0
214894,G06007326,High,False,False,False,0
19506,G06007323,High,False,False,False,0
268205,G06007312,Medium,False,False,False,0
303670,G06007326,High,False,False,False,0
10960,G06007311,High,False,False,False,0
11498,G06007327,High,False,False,False,0
306797,G06007328,Low,False,False,False,0
272116,G06007301,Low,False,False,False,0
308196,G06007317,High,False,False,False,0
231954,G06007301,Medium,True,True,False,0
175002,G06007312,Low,False,False,True,0
11290,G06007310,Low,False,False,False,0
175734,G06007316,High,False,False,False,0
268441,G06007316,High,False,False,False,0
521565,G06007310,Medium,False,False,False,0
256363,G06007327,Medium,False,False,False,0
306672,G06007314,Low,False,False,False,0
251693,G06007312,High,False,False,False,1
306852,G06007327,High,False,False,True,0
229507,G06007315,Medium,False,False,True,0
201525,G06007326,Low,False,False,False,0
523263,G06007316,High,False,False,False,1
174940,G06007301,High,True,True,False,0
306708,G06007322,Medium,False,False,False,0
249268,G06007301,High,False,False,False,0
211226,G06007312,Low,False,False,False,0
303777,G06007312,Medium,False,False,False,1
20948,G06007315,Low,False,False,False,0
535657,G06007322,High,False,False,False,0
536211,G06007315,High,True,True,False,0
232872,G06007301,High,False,False,False,0
258019,G06007315,Medium,False,False,False,0
216395,G06007315,High,False,False,False,0
307226,G06007329,Low,False,False,False,0
305495,G06007312,Low,False,False,False,0
19540,G06007330,Medium,False,False,False,0
306905,G06007314,High,True,True,False,0
744,G06007324,Medium,True,True,False,0
249516,G06007312,Medium,True,True,False,0
738,G06007324,Medium,False,False,False,0
534631,G06007315,Low,False,False,False,1
227792,G06007310,Medium,False,False,False,0
230119,G06007311,High,False,False,False,0
252146,G06007316,Low,False,False,False,0
308211,G06007310,High,False,False,False,0
176871,G06007310,Medium,False,False,False,0
303473,G06007323,High,False,False,False,0
765,G06007330,Low,False,False,False,0
11605,G06007315,Medium,False,False,False,0
305791,G06007310,High,False,False,False,0
176830,G06007322,Medium,False,False,False,0
175861,G06007330,Medium,True,True,False,0
257242,G06007312,Medium,True,True,False,0
534837,G06007322,Medium,False,False,False,0
536021,G06007316,Low,False,False,False,0
536593,G06007301,High,False,False,True,0
268073,G06007322,Low,False,False,False,0
12077,G06007310,Medium,False,False,False,0
539606,G06007314,High,False,False,False,0
303295,G06007317,High,True,True,True,0
250213,G06007326,Low,False,False,False,1
266878,G06007316,High,False,False,False,0
249892,G06007327,High,False,False,False,0
250589,G06007326,Low,False,False,True,0
808,G06007330,Medium,False,False,False,0
250663,G06007330,Low,False,False,True,0
230461,G06007301,High,False,False,False,0
308226,G06007315,High,False,False,False,0
230417,G06007310,High,False,False,True,0
250538,G06007315,High,False,False,False,0
272364,G06007327,Low,True,True,False,0
257238,G06007329,High,False,False,False,0
11217,G06007328,High,False,False,False,1
174879,G06007314,High,False,False,False,0
257228,G06007324,High,False,False,False,0
230114,G06007326,High,False,False,False,0
175841,G06007310,Medium,False,False,False,0
12075,G06007310,High,False,False,False,0
174144,G06007326,Medium,False,False,False,0
178099,G06007330,High,True,True,False,0
5767,G06007314,Medium,True,True,True,0
535109,G06007329,High,False,False,False,0
216040,G06007301,Medium,True,True,True,0
216014,G06007316,Medium,False,False,False,0
535219,G06007328,Low,False,False,False,1
106,G06007301,High,False,False,False,1
203588,G06007314,High,False,False,False,0
303324,G06007314,High,False,False,False,0
256880,G06007324,Low,True,True,False,0
19504,G06007323,High,False,False,False,0
534065,G06007324,High,False,False,False,0
227692,G06007312,Low,True,True,False,0
210472,G06007317,High,False,False,False,0
20362,G06007324,High,False,False,False,0
306552,G06007327,High,False,False,False,0
232729,G06007323,Low,False,False,False,0
176503,G06007312,High,False,False,False,0
203023,G06007316,Medium,False,False,False,0
534328,G06007323,High,False,False,False,0
271434,G06007327,Medium,False,False,False,0
270500,G06007315,High,False,False,False,0
306310,G06007301,High,False,False,False,0
306301,G06007324,Medium,False,False,False,0
177073,G06007316,High,False,False,True,0
306294,G06007312,Low,False,False,True,0
270483,G06007310,Medium,False,False,False,0
536142,G06007327,Medium,False,False,False,0
267319,G06007330,High,False,False,False,0
308505,G06007330,High,True,True,False,0
174614,G06007311,Low,False,False,True,0
249746,G06007323,Medium,False,False,True,0
177247,G06007322,Medium,True,True,False,1
200144,G06007316,Medium,False,False,False,0
267315,G06007310,High,False,False,True,0
535040,G06007323,Low,False,False,False,0
177052,G06007326,High,True,True,False,0
252308,G06007316,Medium,False,False,False,0
308438,G06007330,High,False,False,False,0
271568,G06007326,High,False,False,False,0
201391,G06007314,Medium,False,False,False,0
6059,G06007317,Low,False,False,False,0
265733,G06007327,Medium,True,True,True,0
304586,G06007317,Medium,False,False,False,0
542594,G06007315,High,False,False,False,0
215979,G06007324,Medium,True,True,True,0
522522,G06007326,Medium,True,True,True,0
214381,G06007310,High,False,False,False,0
541991,G06007329,Medium,False,False,False,0
10608,G06007301,Low,True,True,False,0
308478,G06007315,Medium,False,False,False,0
306356,G06007323,Low,False,False,False,0
306342,G06007330,Medium,False,False,False,0
11335,G06007312,High,True,True,False,0
271565,G06007310,Medium,True,True,True,0
266162,G06007329,Medium,False,False,True,0
215112,G06007329,High,False,False,False,0
271365,G06007310,Low,False,False,False,0
266019,G06007316,Medium,False,False,False,0
307670,G06007312,Low,True,True,False,0
522485,G06007324,High,False,False,True,0
201208,G06007312,High,False,False,False,0
534377,G06007314,High,False,False,True,0
709,G06007301,High,False,False,False,0
308694,G06007311,High,False,False,False,0
20637,G06007315,High,False,False,False,0
176466,G06007301,Medium,False,False,False,0
712,G06007312,Medium,False,False,False,0
231079,G06007326,Medium,True,True,False,0
257575,G06007310,High,True,True,False,0
250088,G06007311,Medium,False,False,False,1
271163,G06007326,High,False,False,False,0
177117,G06007329,Low,False,False,False,0
307703,G06007310,Medium,False,False,False,0
202238,G06007326,Medium,False,False,False,0
307757,G06007317,High,False,False,False,0
304899,G06007329,Medium,True,True,True,0
175310,G06007328,Medium,False,False,False,0
230567,G06007328,High,False,False,False,0
177095,G06007327,High,False,False,False,0
521606,G06007330,High,False,False,False,0
549808,G06007330,High,False,False,False,0
541952,G06007314,High,True,True,False,0
305011,G06007312,High,False,False,True,1
231791,G06007330,Medium,False,False,False,0
19874,G06007316,High,False,False,False,0
201259,G06007322,High,False,False,False,0
535008,G06007315,Medium,False,False,False,0
211530,G06007317,Medium,False,False,False,0
214685,G06007327,High,False,False,False,0
232395,G06007322,High,True,True,False,0
11401,G06007310,Low,True,True,False,0
257517,G06007316,High,False,False,False,1
267425,G06007301,Low,False,False,False,0
11907,G06007322,High,False,False,False,0
230636,G06007317,Low,False,False,False,0
250814,G06007317,High,False,False,False,0
211456,G06007327,Medium,False,False,False,1
541968,G06007301,Low,False,False,False,0
304992,G06007330,Medium,False,False,True,0
202352,G06007324,High,False,False,False,1
521510,G06007329,Medium,False,False,False,0
267791,G06007329,High,True,True,False,0
5868,G06007330,Medium,True,True,False,0
265853,G06007324,High,False,False,False,1
11446,G06007316,Medium,False,False,False,1
265874,G06007317,High,True,True,False,0
522794,G06007330,High,True,True,True,0
536527,G06007323,High,False,False,False,0
199923,G06007330,High,True,True,False,0
229938,G06007316,Low,True,True,False,0
232502,G06007327,High,False,False,False,0
268003,G06007310,Medium,False,False,False,0
522385,G06007316,Medium,False,False,False,0
522764,G06007327,Medium,False,False,True,0
201420,G06007327,High,False,False,False,0
199950,G06007310,Medium,True,True,False,0
534244,G06007314,Low,False,False,False,0
542774,G06007314,High,False,False,False,0
228001,G06007329,Low,False,False,True,0
267990,G06007330,Medium,False,False,False,0
304070,G06007322,High,False,False,False,0
542240,G06007316,High,False,False,False,0
175111,G06007327,Low,False,False,False,1
304008,G06007327,High,False,False,False,0
230747,G06007312,Medium,False,False,False,0
308346,G06007317,Medium,False,False,False,0
549443,G06007326,Low,False,False,False,0
252223,G06007311,Medium,False,False,False,1
307996,G06007316,Medium,False,False,False,0
308938,G06007315,High,False,False,False,0
199829,G06007317,High,False,False,False,1
19944,G06007324,Medium,False,False,False,1
232705,G06007326,High,False,False,False,0
229618,G06007322,Medium,True,True,False,1
201946,G06007311,Medium,False,False,False,0
539524,G06007317,Low,False,False,False,0
12044,G06007317,High,False,False,False,0
232690,G06007314,Medium,True,True,False,0
174750,G06007324,Low,False,False,False,0
522941,G06007301,Low,False,False,False,0
211354,G06007311,High,False,False,True,0
522889,G06007316,High,False,False,True,0
202454,G06007312,Low,False,False,False,0
535895,G06007324,Low,False,False,False,0
251622,G06007315,High,True,True,False,0
214743,G06007324,High,False,False,True,0
521695,G06007328,Medium,False,False,False,0
11754,G06007315,Medium,False,False,False,0
536411,G06007324,Low,False,False,True,0
542183,G06007311,Medium,False,False,False,0
270578,G06007330,High,False,False,False,0
228035,G06007314,Medium,True,True,False,0
200446,G06007328,Medium,False,False,False,0
10290,G06007314,High,False,False,False,0
257932,G06007311,High,True,True,False,0
11147,G06007314,Medium,False,False,False,0
305135,G06007310,Medium,False,False,False,0
228037,G06007301,High,False,False,False,0
873,G06007312,Low,False,False,False,0
304524,G06007326,High,False,False,False,0
229410,G06007316,High,False,False,False,0
200425,G06007301,Low,False,False,False,0
215284,G06007316,Medium,False,False,False,0
177393,G06007330,Low,False,False,True,0
249791,G06007324,Low,False,False,False,0
211642,G06007311,High,False,False,False,0
522649,G06007316,Low,False,False,False,0
265510,G06007330,Medium,False,False,False,0
304287,G06007326,Medium,False,False,False,0
251432,G06007301,Medium,True,True,False,0
305189,G06007324,Medium,False,False,False,0
211479,G06007322,Low,False,False,False,0
228006,G06007315,High,False,False,True,1
306487,G06007322,Low,False,False,False,0
539610,G06007322,High,False,False,False,0
215013,G06007315,Low,False,False,True,0
175204,G06007310,Medium,False,False,False,0
304454,G06007317,High,False,False,False,1
228023,G06007310,High,False,False,False,0
307838,G06007315,High,False,False,False,0
216173,G06007310,Medium,False,False,False,0
230726,G06007324,High,False,False,False,1
250418,G06007323,High,False,False,True,0
232491,G06007311,Low,True,True,False,0
257156,G06007311,Low,False,False,False,0
201401,G06007322,High,True,True,False,0
266043,G06007324,High,False,False,False,0
232492,G06007316,Low,False,False,False,1
190082,G06007329,High,False,False,False,0
263958,G06007317,High,False,False,False,0
292179,G06007301,Low,True,True,False,0
238003,G06007312,High,True,True,False,0
292165,G06007324,Medium,False,False,False,0
193396,G06007326,High,False,False,False,0
281451,G06007311,Medium,True,True,False,0
292128,G06007301,High,False,False,False,0
213624,G06007310,Medium,False,False,False,1
243351,G06007315,High,True,True,False,0
540791,G06007312,Medium,False,False,False,0
238026,G06007315,Low,False,False,False,0
243342,G06007323,Low,True,True,False,1
281497,G06007311,Medium,False,False,False,0
281529,G06007301,High,False,False,False,0
3964,G06007310,Low,False,False,False,0
185982,G06007301,Low,False,False,True,1
16581,G06007315,High,False,False,False,0
281624,G06007315,High,False,False,False,0
14359,G06007329,Medium,False,False,False,0
243277,G06007316,Low,False,False,False,0
291980,G06007314,High,False,False,False,0
546551,G06007322,Medium,False,False,False,0
237914,G06007310,Medium,False,False,False,0
243380,G06007314,Medium,True,True,False,0
541217,G06007314,High,False,False,False,0
185629,G06007316,High,False,False,False,0
237677,G06007310,Medium,False,False,False,0
208119,G06007323,Medium,False,False,False,0
243718,G06007314,High,False,False,False,0
208059,G06007330,Low,False,False,True,0
281161,G06007316,Low,True,True,True,0
243616,G06007315,Medium,False,False,False,0
16717,G06007316,Low,False,False,False,0
185700,G06007301,Low,False,False,False,1
185707,G06007324,Medium,False,False,False,0
291941,G06007330,High,False,False,False,0
193546,G06007310,Medium,False,False,False,0
2272,G06007301,Medium,False,False,False,1
6906,G06007324,High,False,False,False,0
220073,G06007315,High,False,False,False,0
527261,G06007328,High,True,True,False,0
531008,G06007314,Low,False,False,False,0
185737,G06007326,High,False,False,True,0
237787,G06007312,Medium,False,False,False,0
292461,G06007317,Medium,False,False,False,0
185797,G06007316,High,False,False,False,1
237751,G06007315,High,False,False,False,0
292616,G06007301,High,False,False,False,0
291934,G06007314,Low,False,False,False,0
281708,G06007315,High,False,False,True,0
14579,G06007327,High,True,True,False,0
14590,G06007311,Medium,False,False,False,0
263088,G06007315,High,False,False,False,0
282035,G06007316,High,False,False,True,1
238379,G06007312,High,False,False,False,0
290990,G06007316,Medium,False,False,False,0
207690,G06007316,Low,False,False,True,0
186767,G06007328,High,False,False,False,0
192777,G06007317,High,False,False,False,0
206319,G06007322,Medium,False,False,False,0
290673,G06007316,Low,False,False,False,0
192718,G06007329,High,False,False,False,0
192693,G06007327,Medium,False,False,False,0
546247,G06007316,Low,False,False,False,0
186916,G06007322,High,True,True,False,0
223825,G06007310,Low,True,True,False,0
546245,G06007328,High,False,False,False,0
186929,G06007329,Low,True,True,True,0
223781,G06007316,Low,False,False,False,0
242773,G06007317,High,False,False,False,0
290548,G06007327,Medium,False,False,False,0
238307,G06007310,High,False,False,False,0
291250,G06007316,High,False,False,True,0
281965,G06007314,High,False,False,False,0
186537,G06007322,Medium,False,False,False,1
186207,G06007317,High,False,False,False,0
291891,G06007312,Low,False,False,True,0
193114,G06007324,High,False,False,True,0
186230,G06007311,Low,False,False,True,0
291886,G06007323,Medium,False,False,False,1
206277,G06007301,High,False,False,False,0
530863,G06007301,High,False,False,False,0
281783,G06007329,Low,True,True,False,0
291620,G06007316,High,False,False,False,1
291585,G06007324,Medium,False,False,True,0
546325,G06007301,Low,True,True,False,0
14500,G06007324,High,True,True,False,0
291462,G06007311,Medium,False,False,False,0
224028,G06007323,Medium,False,False,False,0
530762,G06007311,Medium,False,False,False,1
540824,G06007330,Medium,True,True,False,0
291290,G06007316,Medium,False,False,False,0
544815,G06007315,High,False,False,False,0
3911,G06007314,High,False,False,False,0
291582,G06007312,High,False,False,False,0
238616,G06007316,Medium,False,False,False,0
281036,G06007310,High,False,False,False,0
280850,G06007324,Low,True,True,True,0
263448,G06007326,High,False,False,False,0
526641,G06007322,Medium,False,False,False,0
541361,G06007316,Medium,False,False,False,0
526732,G06007301,High,False,False,False,0
184409,G06007324,High,False,False,False,0
17150,G06007326,Low,False,False,False,0
224912,G06007316,Medium,False,False,False,0
219467,G06007323,Medium,False,False,False,0
184511,G06007317,Low,False,False,False,0
184515,G06007324,High,False,False,False,0
17127,G06007315,Medium,False,False,False,0
194478,G06007326,High,False,False,False,1
208471,G06007314,High,False,False,False,0
17063,G06007314,High,False,False,False,0
538544,G06007317,High,False,False,False,0
184612,G06007311,Low,False,False,False,0
206045,G06007314,Low,False,False,False,0
208445,G06007312,Medium,False,False,False,0
293849,G06007317,Medium,False,False,False,0
254986,G06007330,Low,False,False,False,0
293728,G06007310,Medium,True,True,True,0
260600,G06007324,Low,False,False,False,0
236406,G06007310,High,False,False,False,0
260507,G06007301,High,False,False,False,0
260508,G06007316,Medium,False,False,True,0
263548,G06007330,Low,False,False,False,0
194809,G06007316,Medium,False,False,False,0
8613,G06007310,High,False,False,False,0
526547,G06007324,Low,False,False,False,0
219231,G06007301,High,False,False,False,0
194788,G06007315,High,False,False,False,0
293679,G06007310,Low,False,False,False,0
208652,G06007327,Medium,False,False,False,0
279451,G06007315,High,False,False,False,0
194670,G06007316,High,False,False,False,0
17250,G06007323,Medium,True,True,False,0
279487,G06007327,Low,False,False,False,0
184271,G06007311,High,False,False,False,0
279511,G06007328,Medium,False,False,False,1
185602,G06007330,Medium,False,False,False,0
546838,G06007326,High,False,False,False,0
293086,G06007301,Low,False,False,False,0
293060,G06007314,Low,True,True,False,0
208255,G06007315,Medium,False,False,False,0
14117,G06007310,Low,False,False,False,0
544523,G06007317,High,False,False,False,1
538377,G06007326,High,True,True,False,0
237649,G06007317,High,True,True,False,0
544554,G06007301,High,False,False,False,1
243921,G06007326,Low,True,True,False,0
538358,G06007316,Medium,False,False,False,0
531117,G06007327,Medium,False,False,True,1
531105,G06007329,Medium,True,True,False,0
16838,G06007330,High,True,True,False,0
14163,G06007310,Medium,False,False,False,0
292747,G06007315,High,False,False,False,0
292677,G06007316,High,True,True,False,0
527218,G06007330,Medium,False,False,False,0
237671,G06007301,Medium,False,False,False,0
14195,G06007330,Medium,False,False,False,0
185571,G06007329,High,False,False,False,0
263235,G06007317,Low,False,False,True,0
185584,G06007311,Low,False,False,False,0
6939,G06007315,High,False,False,True,0
280306,G06007322,Low,False,False,False,0
293091,G06007326,Medium,False,False,False,0
280297,G06007326,Medium,False,False,False,0
260973,G06007317,High,False,False,False,0
526920,G06007329,Medium,False,False,False,0
526965,G06007317,High,True,True,False,1
184918,G06007310,Low,False,False,False,0
219673,G06007315,Medium,False,False,False,0
219679,G06007326,Medium,False,False,True,0
293426,G06007326,Medium,True,True,False,0
293408,G06007312,High,False,False,False,0
224726,G06007322,High,False,False,False,0
184990,G06007329,Medium,False,False,False,0
224714,G06007314,Low,False,False,False,0
280154,G06007324,Low,False,False,False,0
293647,G06007316,Medium,False,False,False,0
293273,G06007316,Medium,False,False,True,0
280177,G06007311,High,True,True,False,0
293252,G06007316,Medium,False,False,False,0
254897,G06007328,Low,True,True,False,0
280197,G06007314,Low,False,False,False,0
219781,G06007323,High,False,False,False,0
244210,G06007301,High,False,False,False,0
546672,G06007317,High,False,False,False,0
6528,G06007301,Medium,False,False,False,0
254871,G06007324,High,True,True,False,0
544502,G06007310,Low,False,False,False,1
546717,G06007310,Low,False,False,False,0
192678,G06007311,High,False,False,True,0
290513,G06007314,Medium,False,False,False,0
192655,G06007312,High,False,False,False,0
529804,G06007323,Medium,False,False,False,0
189146,G06007301,Medium,False,False,False,0
222589,G06007327,Medium,False,False,False,0
207186,G06007327,Medium,False,False,True,0
240284,G06007316,Medium,False,False,False,0
206691,G06007326,High,True,True,False,1
221614,G06007301,Low,False,False,False,0
545727,G06007316,Medium,False,False,True,0
190949,G06007314,Medium,False,False,False,0
284107,G06007317,Low,False,False,False,0
284140,G06007316,Low,True,True,True,0
240457,G06007323,Low,False,False,False,0
284233,G06007323,Low,False,False,False,0
241335,G06007315,High,False,False,False,1
15149,G06007329,Medium,False,False,False,1
284267,G06007312,High,True,True,False,0
189023,G06007316,High,False,False,True,0
537912,G06007301,High,False,False,False,1
191169,G06007327,Medium,False,False,False,0
222674,G06007327,High,False,False,True,0
14934,G06007329,High,True,True,False,0
287668,G06007311,High,False,False,False,0
239842,G06007329,High,False,False,False,0
283594,G06007317,Low,False,False,False,0
283615,G06007311,Medium,False,False,False,0
222853,G06007327,Medium,False,False,True,0
529894,G06007316,Medium,False,False,False,0
287430,G06007322,High,False,False,False,0
287420,G06007315,High,False,False,False,0
283640,G06007327,High,False,False,False,0
283671,G06007329,Medium,False,False,False,0
189545,G06007301,Low,False,False,False,0
241661,G06007317,Medium,False,False,False,1
241659,G06007315,High,True,True,False,0
529891,G06007310,High,False,False,True,0
222773,G06007301,Medium,False,False,False,0
287347,G06007316,Medium,False,False,False,0
214892,G06007326,High,True,True,False,0
287258,G06007329,Medium,False,False,True,0
283777,G06007315,High,False,False,False,0
287193,G06007316,Medium,False,False,False,0
188919,G06007326,Medium,False,False,False,0
9194,G06007315,Medium,False,False,False,0
287384,G06007301,Low,False,False,False,0
287756,G06007312,High,False,False,False,0
284314,G06007322,Low,False,False,False,0
540984,G06007314,Low,True,True,False,0
221877,G06007317,High,False,False,True,0
190306,G06007330,Medium,False,False,False,1
221882,G06007329,Medium,False,False,False,0
240690,G06007315,High,False,False,True,1
189963,G06007314,Medium,False,False,False,0
285182,G06007312,Low,False,False,False,0
206877,G06007324,High,False,False,False,0
241121,G06007301,Low,False,False,False,0
285178,G06007310,High,True,True,False,0
190234,G06007330,Low,False,False,False,0
241072,G06007317,Low,True,True,False,0
190205,G06007310,High,False,False,True,0
190161,G06007329,Medium,False,False,False,0
3348,G06007311,High,True,True,True,0
541012,G06007329,High,False,False,False,0
529250,G06007315,High,False,False,False,0
206938,G06007329,Medium,False,False,False,0
262389,G06007328,Low,False,False,False,0
537733,G06007324,Low,False,False,True,1
285093,G06007311,Low,False,False,False,0
6710,G06007301,Low,False,False,False,0
285057,G06007316,Low,False,False,False,0
262445,G06007322,Low,False,False,False,0
241141,G06007322,Medium,False,False,False,0
285295,G06007327,Low,False,False,True,0
206979,G06007301,High,False,False,False,1
529004,G06007316,High,False,False,False,0
262229,G06007312,High,False,False,False,0
540963,G06007322,High,True,True,False,0
241323,G06007329,High,False,False,False,0
190680,G06007326,Low,False,False,False,0
262310,G06007314,Medium,False,False,False,0
253966,G06007317,Low,False,False,False,0
9348,G06007312,Medium,False,False,False,0
529082,G06007316,High,False,False,False,0
241213,G06007324,Medium,False,False,False,0
189755,G06007330,Low,False,False,False,0
545656,G06007328,Medium,False,False,False,0
190531,G06007324,Medium,False,False,False,0
537567,G06007312,Medium,False,False,False,1
221816,G06007326,Medium,False,False,False,0
284596,G06007314,Medium,False,False,False,0
189823,G06007310,Medium,False,False,True,0
189837,G06007313,Medium,False,False,False,0
15244,G06007329,Medium,False,False,False,0
529134,G06007316,High,False,False,False,0
529402,G06007312,Medium,False,False,False,0
545683,G06007328,Medium,True,True,True,0
241849,G06007310,High,False,False,True,0
283495,G06007326,Medium,False,False,False,0
537538,G06007315,Medium,True,True,False,0
289634,G06007301,Low,False,False,False,0
537393,G06007301,Medium,False,False,False,0
207545,G06007322,High,False,False,False,0
192433,G06007326,High,False,False,False,0
14700,G06007314,Medium,False,False,False,0
223584,G06007311,Low,False,False,False,0
262983,G06007323,High,True,True,False,0
192368,G06007329,High,True,True,False,0
238918,G06007301,Medium,True,True,False,0
223529,G06007314,Medium,False,False,False,0
242357,G06007301,Low,True,True,False,0
238954,G06007326,Medium,False,False,False,0
192254,G06007328,Medium,True,True,False,0
528245,G06007330,Medium,False,False,False,0
288993,G06007315,Low,False,False,False,0
238974,G06007312,Medium,False,False,False,0
288959,G06007310,High,False,False,False,0
239040,G06007317,High,True,True,False,0
262874,G06007316,Medium,False,False,False,0
187333,G06007322,Medium,True,True,False,0
238872,G06007323,High,False,False,False,0
223767,G06007310,Medium,False,False,False,0
2704,G06007301,Low,False,False,False,0
290435,G06007301,High,True,True,True,0
530468,G06007317,Low,False,False,False,0
192591,G06007323,Low,False,False,False,0
187125,G06007301,Medium,True,True,True,0
187126,G06007310,High,False,False,False,0
238769,G06007310,Medium,False,False,True,0
290366,G06007314,High,False,False,False,0
530234,G06007323,Medium,False,False,False,0
192541,G06007315,Medium,False,False,False,0
187206,G06007327,Low,False,False,False,0
223712,G06007315,High,True,True,False,0
290143,G06007301,High,False,False,True,0
14675,G06007329,Medium,False,False,False,0
238805,G06007330,High,True,True,False,0
238820,G06007324,High,False,False,False,0
238834,G06007330,High,False,False,False,0
238850,G06007317,High,False,False,False,0
290028,G06007327,Low,False,False,False,0
9609,G06007329,Low,True,True,False,0
282443,G06007317,Low,False,False,False,0
192161,G06007326,High,False,False,False,0
239069,G06007311,Low,False,False,True,0
192144,G06007301,High,False,False,False,0
254468,G06007330,Medium,False,False,False,0
546026,G06007322,Low,False,False,False,0
545225,G06007315,Low,True,True,True,0
528379,G06007317,Medium,False,False,True,0
288031,G06007301,Low,False,False,True,0
283220,G06007326,High,False,False,False,0
288011,G06007324,High,False,False,False,0
283229,G06007329,High,False,False,False,0
283287,G06007317,Low,False,False,False,1
283300,G06007310,Medium,False,False,True,0
191858,G06007327,Low,False,False,False,0
3588,G06007310,High,True,True,False,1
241916,G06007316,High,True,True,False,0
287950,G06007324,High,False,False,False,0
14897,G06007310,Low,False,False,False,0
545230,G06007326,Medium,False,False,False,0
287822,G06007330,High,False,False,False,0
188424,G06007316,Medium,True,True,True,0
3013,G06007316,High,True,True,False,0
545950,G06007310,Low,False,False,False,0
188450,G06007326,High,False,False,False,1
283310,G06007301,Low,False,False,True,0
183942,G06007329,Low,False,False,False,0
546027,G06007329,High,False,False,False,0
2935,G06007315,Low,True,True,False,0
254670,G06007327,Low,False,False,False,0
288749,G06007324,High,False,False,True,0
288681,G06007310,High,False,False,False,0
206502,G06007311,Low,False,False,False,0
9529,G06007314,Medium,True,True,False,0
239094,G06007329,High,False,False,False,0
282894,G06007316,High,False,False,True,1
288622,G06007322,High,False,False,False,0
14822,G06007316,High,False,False,False,0
239170,G06007314,Low,False,False,False,0
241999,G06007315,Medium,False,False,False,0
192040,G06007316,High,False,False,False,1
288464,G06007327,Low,True,True,False,0
207455,G06007327,High,True,True,False,0
288353,G06007316,Low,False,False,False,0
3609,G06007301,High,True,True,True,0
283151,G06007316,High,False,False,False,0
283186,G06007316,High,False,False,False,1
191876,G06007324,Medium,True,True,True,0
242081,G06007322,Low,True,True,False,0
288139,G06007330,High,False,False,False,0
288598,G06007317,High,False,False,False,0
183937,G06007316,Low,False,False,True,1
263571,G06007312,Medium,False,False,False,0
300769,G06007312,Medium,False,False,False,0
226855,G06007330,Medium,False,False,False,0
248031,G06007301,Medium,False,False,True,1
197914,G06007326,Medium,False,False,False,0
258990,G06007330,High,False,False,False,0
197871,G06007316,Medium,False,False,False,0
264503,G06007317,Low,False,False,False,0
226771,G06007323,Low,True,True,False,0
274914,G06007316,High,False,False,False,0
264488,G06007324,High,False,False,False,0
209862,G06007317,Low,False,False,False,0
274959,G06007327,Medium,False,False,False,0
255557,G06007316,Medium,False,False,False,0
259102,G06007328,Low,False,False,False,0
234368,G06007314,Medium,True,True,False,1
275005,G06007316,High,False,False,False,0
275016,G06007314,Low,False,False,False,0
234382,G06007315,High,False,False,False,0
300445,G06007330,Low,True,True,False,0
248062,G06007316,High,True,True,False,0
300884,G06007326,High,False,False,False,0
1382,G06007330,High,False,False,False,0
214065,G06007317,Low,False,False,False,0
198293,G06007329,Medium,True,True,False,0
301174,G06007316,High,False,False,False,0
12653,G06007330,High,False,False,False,0
274349,G06007316,High,False,False,False,0
274355,G06007311,Medium,False,False,False,0
198186,G06007310,High,False,False,False,0
258872,G06007326,High,True,True,False,0
198175,G06007316,Medium,False,False,False,0
533425,G06007322,High,False,False,False,0
543225,G06007326,High,False,False,False,0
533113,G06007317,Low,False,False,False,0
211966,G06007311,High,False,False,False,0
233973,G06007329,Medium,False,False,False,0
209986,G06007315,High,False,False,False,0
301115,G06007316,Low,False,False,False,0
209976,G06007322,High,False,False,False,0
198116,G06007326,Medium,False,False,True,0
264630,G06007323,Medium,False,False,True,0
248101,G06007314,Medium,False,False,False,0
226937,G06007314,High,False,False,True,0
274758,G06007301,Medium,True,True,True,0
274786,G06007316,Low,False,False,False,0
248135,G06007329,Low,False,False,False,0
258844,G06007317,Low,False,False,True,0
197665,G06007312,High,False,False,False,0
247811,G06007301,Low,False,False,True,0
536947,G06007314,High,False,False,False,0
264404,G06007329,Low,False,False,False,0
275729,G06007311,Medium,False,False,False,0
543447,G06007317,Medium,False,False,False,0
299603,G06007327,Low,True,True,False,0
299600,G06007329,High,False,False,False,0
197319,G06007312,Low,False,False,False,0
247477,G06007316,Low,False,False,False,0
197279,G06007311,High,False,False,False,0
18535,G06007310,Low,False,False,False,0
524927,G06007301,Low,False,False,False,0
180718,G06007324,Medium,False,False,False,0
18519,G06007326,Medium,False,False,False,0
299503,G06007323,Low,False,False,False,0
197219,G06007329,High,False,False,False,0
209680,G06007330,Medium,False,False,False,0
247402,G06007317,Low,False,False,False,0
1483,G06007310,Medium,True,True,False,0
275961,G06007315,High,False,False,False,0
259313,G06007322,Medium,False,False,False,0
213974,G06007324,Low,False,False,False,1
276017,G06007315,Low,False,False,False,0
532932,G06007326,Medium,False,False,False,0
1468,G06007317,Medium,False,False,False,0
299617,G06007316,Low,False,False,False,1
299625,G06007329,Low,False,False,True,0
213987,G06007330,High,False,False,False,0
300265,G06007327,Medium,False,False,False,0
300245,G06007312,Medium,False,False,False,0
300198,G06007322,High,True,True,False,0
180326,G06007317,Medium,False,False,False,0
180346,G06007301,Medium,False,False,False,0
300117,G06007323,Low,False,False,True,0
275166,G06007328,High,False,False,True,0
205234,G06007322,Low,False,False,False,0
12926,G06007326,High,False,False,False,0
532997,G06007312,Medium,False,False,False,0
217467,G06007311,Medium,True,True,False,0
524679,G06007327,Medium,False,False,False,0
5012,G06007314,Medium,False,False,False,0
299866,G06007330,Medium,False,False,False,0
226569,G06007301,Medium,False,False,False,0
226558,G06007312,High,False,False,False,0
18666,G06007329,High,False,False,False,0
197414,G06007314,Medium,False,False,False,0
247502,G06007301,Medium,False,False,False,0
1467,G06007327,High,True,True,False,0
275639,G06007323,High,False,False,False,0
299685,G06007315,Medium,True,True,False,0
524720,G06007327,High,False,False,True,0
258769,G06007316,High,False,False,True,0
274223,G06007310,High,True,True,False,0
19284,G06007301,Medium,False,False,False,0
233213,G06007316,Low,False,False,False,0
178608,G06007330,High,False,False,False,0
216749,G06007323,Medium,False,False,True,0
233285,G06007330,Low,False,False,False,0
273202,G06007327,High,False,False,False,0
248837,G06007317,Medium,True,True,False,0
255867,G06007323,High,False,False,False,0
178701,G06007324,Medium,True,True,False,0
258447,G06007310,High,False,False,True,0
273313,G06007324,High,False,False,False,0
227441,G06007317,Medium,False,False,False,0
210288,G06007316,Medium,False,False,False,0
541491,G06007323,Medium,False,False,True,0
216838,G06007322,Low,True,True,False,0
178571,G06007316,Medium,False,False,True,1
199106,G06007310,Medium,False,False,True,0
178500,G06007323,Low,False,False,False,0
12204,G06007301,Low,True,True,False,0
249131,G06007322,Low,False,False,False,0
232968,G06007301,High,False,False,False,0
252422,G06007314,Medium,False,False,False,0
178224,G06007330,High,False,False,False,0
249048,G06007324,Medium,False,False,False,0
199378,G06007312,Low,False,False,True,0
249038,G06007323,High,False,False,False,0
178299,G06007330,High,False,False,False,0
536728,G06007311,High,False,False,False,1
533925,G06007324,Medium,False,False,False,0
178374,G06007328,Medium,False,False,False,0
248962,G06007330,Medium,False,False,False,0
233054,G06007326,Low,False,False,False,0
248950,G06007310,High,False,False,False,1
227533,G06007330,High,False,False,False,0
233074,G06007324,High,False,False,False,0
178425,G06007314,Low,False,False,True,0
533862,G06007314,Medium,True,True,False,0
258283,G06007301,High,False,False,False,0
198934,G06007324,Medium,False,False,True,0
233351,G06007317,Medium,False,False,False,0
233565,G06007317,High,False,False,False,0
301665,G06007311,Medium,False,False,False,0
301632,G06007314,High,False,False,False,0
227135,G06007310,Low,False,False,False,1
264848,G06007315,High,False,False,False,0
274028,G06007314,High,True,True,False,0
19112,G06007326,High,True,True,True,0
227129,G06007314,Medium,False,False,False,0
233537,G06007329,High,False,False,False,0
248390,G06007301,High,False,False,False,0
248377,G06007315,Medium,False,False,False,0
248228,G06007330,High,False,False,False,0
274034,G06007315,Low,False,False,False,0
301332,G06007311,Medium,False,False,False,0
533512,G06007317,Low,False,False,False,0
301307,G06007323,Medium,False,False,False,0
5211,G06007329,High,True,True,True,0
274049,G06007330,Medium,False,False,False,0
533462,G06007324,High,False,False,False,0
10121,G06007315,Low,False,False,False,0
547692,G06007301,Medium,False,False,False,0
273409,G06007315,Low,False,False,False,1
302075,G06007329,Medium,False,False,True,0
198897,G06007330,High,False,False,False,0
273582,G06007323,Medium,True,True,False,0
227323,G06007310,High,False,False,False,0
19225,G06007317,High,True,True,False,1
543055,G06007316,Medium,False,False,False,0
248629,G06007315,Low,False,False,False,0
19154,G06007312,Low,False,False,False,0
273738,G06007310,Low,False,False,False,0
179122,G06007314,Medium,False,False,True,0
301842,G06007322,Medium,False,False,False,0
179174,G06007311,Medium,False,False,False,0
301837,G06007314,High,True,True,False,0
198668,G06007310,Medium,False,False,False,0
301806,G06007326,Medium,True,True,False,0
273945,G06007324,Medium,False,False,False,0
301724,G06007316,Medium,True,True,False,0
248581,G06007325,High,True,True,False,0
198648,G06007316,Medium,False,False,False,0
216950,G06007330,High,False,False,False,0
19408,G06007311,High,False,False,True,1
276038,G06007315,Medium,True,True,False,0
539029,G06007316,High,False,False,False,0
182793,G06007311,High,False,False,False,0
263758,G06007301,High,False,False,False,0
17734,G06007310,Medium,False,False,False,0
9870,G06007315,High,False,False,False,0
182870,G06007329,High,False,False,False,0
296381,G06007323,Medium,False,False,False,0
246058,G06007310,High,True,True,False,0
225425,G06007330,High,False,False,False,0
296336,G06007314,Medium,False,False,False,0
218729,G06007326,High,False,False,False,0
13626,G06007317,Low,False,False,False,0
245941,G06007329,Low,False,False,True,0
209001,G06007311,Medium,False,False,False,0
538818,G06007317,Low,False,False,False,0
296220,G06007315,Medium,True,True,False,0
526154,G06007317,Low,False,False,False,0
236059,G06007314,High,False,False,False,0
526168,G06007323,Medium,True,True,False,0
260152,G06007328,Medium,False,False,False,1
225366,G06007328,Low,False,False,False,0
263763,G06007316,Low,False,False,True,0
182557,G06007315,Low,True,True,False,0
182574,G06007316,High,False,False,False,0
182576,G06007301,High,False,False,False,0
547211,G06007330,High,False,False,True,0
17865,G06007323,Medium,False,False,False,0
547209,G06007312,Medium,False,False,False,0
260155,G06007316,High,False,False,False,0
1799,G06007322,Medium,False,False,False,0
296936,G06007324,Low,False,False,True,0
225537,G06007310,High,False,False,False,0
296885,G06007314,Low,False,False,True,0
17825,G06007312,High,False,False,False,0
263877,G06007322,Medium,False,False,False,1
235831,G06007327,High,True,True,False,0
543819,G06007312,Low,False,False,False,0
246083,G06007322,Low,False,False,False,0
296686,G06007330,High,False,False,False,0
218619,G06007317,Low,True,True,False,0
235874,G06007328,Low,True,True,True,0
1818,G06007311,High,True,True,False,0
225628,G06007316,High,False,False,False,0
296129,G06007322,Medium,False,False,False,0
17649,G06007311,High,False,False,True,0
295415,G06007314,Low,False,False,False,0
255112,G06007322,Medium,False,False,False,1
13750,G06007316,Medium,False,False,False,1
295391,G06007326,Low,True,True,False,0
526445,G06007316,High,False,False,False,0
278937,G06007316,High,False,False,False,0
236244,G06007324,High,False,False,True,0
278943,G06007330,High,False,False,False,0
208774,G06007315,Medium,False,False,False,0
219166,G06007326,Low,False,False,False,0
260466,G06007317,Low,False,False,False,0
295227,G06007316,Medium,False,False,False,0
183618,G06007310,High,False,False,False,0
183630,G06007317,Medium,False,False,False,0
295224,G06007316,High,False,False,False,0
295130,G06007324,Medium,False,False,True,0
260497,G06007322,High,False,False,False,0
208735,G06007311,High,False,False,False,0
544089,G06007314,High,False,False,False,0
183779,G06007330,High,False,False,False,0
295018,G06007317,High,False,False,False,1
183884,G06007330,High,True,True,False,0
263629,G06007316,High,False,False,False,0
295534,G06007312,High,False,False,False,1
544039,G06007330,High,True,True,True,0
17634,G06007323,Medium,False,False,False,1
245878,G06007312,High,False,False,False,0
278551,G06007324,Low,False,False,False,0
218827,G06007330,Medium,False,False,False,1
255173,G06007330,Medium,False,False,False,0
195417,G06007316,High,True,True,True,0
543951,G06007329,High,True,True,False,0
295970,G06007314,Low,False,False,False,0
245769,G06007330,High,False,False,False,0
218882,G06007314,Low,False,False,False,0
255202,G06007322,High,False,False,False,0
295859,G06007326,Medium,False,False,False,0
260211,G06007314,Low,False,False,False,0
295825,G06007326,Medium,False,False,False,0
295773,G06007314,Medium,False,False,False,0
263700,G06007314,Medium,False,False,False,0
526342,G06007330,Medium,True,True,False,0
17562,G06007327,High,False,False,False,0
295672,G06007330,High,False,False,False,0
183318,G06007330,High,False,False,False,1
547251,G06007310,High,False,False,False,0
297098,G06007314,Medium,False,False,False,0
217945,G06007314,Medium,True,True,False,0
209387,G06007326,Low,False,False,False,1
264202,G06007327,Medium,False,False,False,0
196760,G06007322,High,False,False,True,0
536956,G06007316,Medium,False,False,False,0
205488,G06007311,Medium,True,True,False,0
18257,G06007330,High,True,True,False,0
209362,G06007323,Low,False,False,False,0
205493,G06007326,Low,False,False,False,0
181455,G06007329,High,False,False,False,0
4763,G06007330,Low,True,True,False,0
181478,G06007326,High,False,False,False,0
209356,G06007314,Medium,False,False,True,0
246791,G06007327,Medium,False,False,False,1
543586,G06007310,Low,False,False,False,0
259647,G06007316,High,False,False,False,0
525272,G06007301,High,False,False,False,0
9910,G06007323,Low,False,False,False,0
525383,G06007310,Medium,False,False,False,0
196645,G06007317,Medium,False,False,False,0
547513,G06007301,Low,False,False,False,0
298192,G06007316,High,False,False,False,0
532524,G06007315,High,True,True,False,0
181299,G06007328,High,True,True,False,0
217910,G06007324,Medium,False,False,False,0
181266,G06007310,Low,True,True,True,0
13098,G06007326,Medium,False,False,False,0
299418,G06007330,Medium,False,False,False,0
1526,G06007322,Medium,False,False,False,0
217799,G06007311,Low,False,False,False,0
234704,G06007327,Medium,False,False,False,0
180946,G06007316,High,False,False,False,0
180958,G06007327,Medium,False,False,False,0
525034,G06007316,High,False,False,False,1
299261,G06007330,High,False,False,False,0
197048,G06007315,Medium,False,False,False,0
234820,G06007301,Low,False,False,False,0
4715,G06007326,High,False,False,False,0
1544,G06007314,Low,False,False,False,0
197005,G06007329,High,False,False,False,0
541439,G06007310,Low,True,True,False,1
532733,G06007324,High,False,False,False,0
299061,G06007301,Low,False,False,False,0
234902,G06007326,Low,False,False,False,0
259579,G06007315,High,False,False,False,0
226171,G06007317,High,False,False,False,0
276225,G06007327,Medium,False,False,False,0
226164,G06007326,Medium,False,False,False,0
247052,G06007310,High,False,False,False,0
181239,G06007316,Low,False,False,False,0
532759,G06007327,Medium,False,False,False,0
298130,G06007301,Low,False,False,True,0
298086,G06007326,Medium,False,False,False,0
277267,G06007310,Medium,False,False,False,0
277372,G06007316,Medium,False,False,False,0
246404,G06007310,High,False,False,False,0
235403,G06007310,High,True,True,False,0
1740,G06007329,Medium,False,False,False,0
277482,G06007311,High,False,False,False,0
547320,G06007312,Medium,False,False,False,0
13462,G06007301,High,False,False,False,0
297419,G06007310,Medium,True,True,True,0
235452,G06007323,High,False,False,False,0
297352,G06007315,High,False,False,True,0
213909,G06007322,High,False,False,False,0
235548,G06007317,High,False,False,False,0
246296,G06007324,Medium,False,False,False,0
17956,G06007324,High,True,True,False,0
205580,G06007316,Medium,False,False,False,0
235644,G06007324,High,False,False,False,0
543790,G06007323,High,False,False,False,0
17925,G06007301,Medium,False,False,False,0
218425,G06007317,Low,False,False,False,0
197122,G06007323,Low,False,False,False,0
225838,G06007301,Low,False,False,False,0
259716,G06007317,Medium,False,False,False,0
1701,G06007324,Low,False,False,False,0
235236,G06007327,High,False,False,False,0
246676,G06007326,Medium,True,True,True,0
218224,G06007317,Medium,False,False,False,0
276873,G06007330,High,True,True,False,0
297903,G06007315,Low,False,False,True,0
225943,G06007315,Low,False,False,False,0
181941,G06007310,Low,False,False,False,0
259851,G06007316,High,False,False,False,1
235303,G06007314,High,False,False,True,0
246651,G06007323,High,False,False,False,1
525506,G06007323,Low,False,False,True,0
538912,G06007317,High,False,False,False,0
297706,G06007317,Low,False,False,False,0
525620,G06007316,Low,False,False,False,0
235341,G06007314,Medium,False,False,False,0
297685,G06007310,Low,False,False,False,0
246529,G06007322,High,False,False,False,0
276891,G06007316,Medium,True,True,True,0
3160,G06007310,High,True,True,False,1
31689,G06007317,Medium,False,False,False,0
389485,G06007314,High,True,True,False,0
365115,G06007326,Low,False,False,False,0
88153,G06007323,Medium,False,False,False,0
365195,G06007323,High,False,False,False,0
133849,G06007327,High,False,False,False,0
133746,G06007311,Medium,False,False,True,0
365458,G06007315,High,False,False,False,0
426570,G06007329,High,False,False,False,0
426564,G06007317,Medium,False,False,False,1
365550,G06007311,High,False,False,False,0
133572,G06007322,High,False,False,False,0
498525,G06007311,High,False,False,False,0
133451,G06007312,High,False,False,False,0
473970,G06007317,Low,False,False,False,0
365830,G06007330,Low,False,False,True,0
498395,G06007310,High,False,False,False,0
474000,G06007316,Low,False,False,False,0
133958,G06007327,High,True,True,False,0
88113,G06007329,Medium,True,True,False,0
427022,G06007301,High,False,False,False,0
36567,G06007329,Medium,False,False,False,0
36570,G06007326,Medium,False,False,False,0
364419,G06007316,High,False,False,False,0
427339,G06007314,Low,False,False,False,0
427253,G06007322,Medium,True,True,False,0
87810,G06007314,High,False,False,False,0
498359,G06007316,Medium,False,False,False,0
473879,G06007317,Low,False,False,False,0
364618,G06007301,Low,False,False,False,0
134385,G06007301,High,False,False,False,0
427139,G06007310,Medium,False,False,False,0
134221,G06007324,High,False,False,False,0
36682,G06007326,Medium,True,True,False,0
53981,G06007324,Low,False,False,False,0
36642,G06007322,Low,False,False,False,0
36937,G06007317,High,False,False,False,0
498332,G06007316,High,False,False,False,0
365947,G06007310,High,False,False,False,0
366936,G06007317,High,True,True,False,0
132375,G06007330,High,False,False,False,1
132346,G06007316,High,True,True,False,0
37184,G06007326,High,False,False,False,0
367137,G06007316,Medium,False,False,False,1
132308,G06007324,Medium,False,False,False,0
132487,G06007310,Medium,False,False,False,0
132278,G06007314,High,True,True,True,0
37217,G06007310,Low,False,False,False,0
367267,G06007315,Medium,True,True,False,0
367285,G06007323,High,True,True,False,0
37279,G06007312,High,False,False,False,1
132087,G06007326,Medium,False,False,False,0
131903,G06007317,High,False,False,False,0
367608,G06007310,Low,False,False,False,0
132209,G06007312,Low,False,False,False,1
132653,G06007326,Medium,False,False,False,0
474078,G06007326,High,False,False,False,0
88487,G06007315,Medium,False,False,False,0
498313,G06007301,High,False,False,False,0
133130,G06007315,High,False,False,False,1
366075,G06007316,Medium,False,False,False,0
426301,G06007314,High,True,True,False,0
426206,G06007310,High,False,False,False,0
366290,G06007310,Medium,False,False,True,0
366796,G06007310,Medium,False,False,False,0
88602,G06007322,Low,False,False,False,0
426196,G06007330,Low,False,False,False,0
37037,G06007311,Low,False,False,False,1
88809,G06007323,Medium,False,False,False,0
366626,G06007301,Low,False,False,False,0
53494,G06007324,Medium,False,False,False,0
366788,G06007312,Low,False,False,False,0
88616,G06007322,Low,False,False,False,0
36532,G06007327,Medium,False,False,False,0
87579,G06007317,Medium,False,False,False,0
429206,G06007324,High,False,False,False,0
499964,G06007316,Medium,False,False,False,1
136173,G06007310,Medium,False,False,False,0
472968,G06007310,Low,True,True,False,0
35943,G06007316,High,False,False,False,0
429182,G06007323,Medium,False,False,False,0
136084,G06007315,Medium,False,False,True,0
362095,G06007301,High,False,False,False,0
473049,G06007326,High,False,False,False,0
54534,G06007322,Medium,True,True,True,0
362230,G06007316,Medium,False,False,False,0
429031,G06007313,High,False,False,False,0
135854,G06007324,High,True,True,False,0
429018,G06007301,Medium,False,False,False,0
428992,G06007310,High,False,False,False,0
135703,G06007311,Medium,False,False,False,0
135667,G06007324,High,False,False,False,0
429275,G06007310,Medium,False,False,False,0
136283,G06007312,Medium,False,False,False,0
500027,G06007311,Medium,False,False,False,0
136297,G06007330,Medium,False,False,False,0
430070,G06007327,Low,True,True,True,0
430066,G06007324,Medium,False,False,False,0
360877,G06007310,Medium,False,False,False,0
500441,G06007326,High,False,False,True,0
361062,G06007312,High,False,False,False,0
500254,G06007314,High,False,False,False,0
361408,G06007324,High,False,False,False,0
361449,G06007329,High,False,False,False,0
362625,G06007322,High,False,False,False,0
136548,G06007328,Low,False,False,False,0
35794,G06007316,Medium,False,False,False,0
54665,G06007323,Medium,False,False,False,0
136391,G06007312,High,False,False,False,0
136357,G06007312,Low,False,False,False,0
361658,G06007330,Low,False,False,False,0
429364,G06007301,Medium,False,False,False,0
361711,G06007301,Medium,False,False,False,0
361756,G06007323,High,True,True,False,0
86296,G06007330,Low,False,False,False,0
428764,G06007312,High,False,False,False,0
86898,G06007324,Medium,True,True,False,0
428724,G06007312,Medium,False,False,False,0
363400,G06007310,High,False,False,False,1
135182,G06007301,Medium,False,False,False,0
428197,G06007329,High,True,True,False,0
135176,G06007326,Medium,False,False,True,0
428170,G06007322,High,False,False,False,0
87299,G06007330,Low,False,False,False,0
363526,G06007315,High,False,False,False,0
428070,G06007310,Medium,False,False,False,0
363391,G06007314,Low,False,False,False,1
135015,G06007301,High,False,False,False,0
363842,G06007327,High,False,False,False,0
428014,G06007312,Medium,False,False,True,0
428001,G06007315,Low,False,False,False,1
36437,G06007317,Medium,False,False,False,0
473627,G06007316,Low,False,False,True,0
427811,G06007315,Low,False,False,False,0
427565,G06007314,Low,False,False,False,1
87563,G06007315,High,False,False,False,0
363801,G06007314,High,True,True,False,1
36525,G06007330,Medium,False,False,False,0
135232,G06007314,Medium,False,False,False,0
87139,G06007328,High,True,True,False,0
135580,G06007312,High,True,True,True,1
36084,G06007315,Medium,False,False,True,0
86923,G06007310,Low,False,False,False,0
36094,G06007314,Medium,False,False,False,0
362877,G06007314,Medium,False,False,False,0
54423,G06007310,Low,False,False,False,0
362914,G06007315,Medium,True,True,False,0
135451,G06007310,Medium,False,False,True,0
428214,G06007329,High,False,False,False,0
473227,G06007310,Low,False,False,False,1
54361,G06007317,Low,False,False,False,0
428493,G06007327,Medium,True,True,False,0
363151,G06007310,Medium,False,False,False,0
87105,G06007301,Low,True,True,False,0
473337,G06007310,High,True,True,False,0
363287,G06007310,Medium,False,False,False,0
363305,G06007316,Medium,False,False,False,0
87034,G06007301,High,False,False,False,0
430209,G06007314,High,False,False,False,0
131680,G06007317,High,False,False,False,0
52599,G06007316,Medium,False,False,False,1
372036,G06007317,Low,False,False,False,0
372090,G06007314,Medium,False,False,False,1
422430,G06007310,High,False,False,False,1
128390,G06007327,High,True,True,False,0
91443,G06007314,Medium,False,False,False,0
372312,G06007314,Low,False,False,False,0
422361,G06007310,Medium,False,False,False,0
422069,G06007314,Medium,False,False,False,0
38609,G06007330,High,False,False,False,0
372569,G06007316,High,False,False,False,0
128200,G06007316,Low,False,False,False,1
128157,G06007329,Medium,False,False,False,0
421984,G06007317,Medium,True,True,False,0
421901,G06007317,Medium,False,False,False,0
372958,G06007316,High,False,False,False,1
475868,G06007322,Low,False,False,False,0
38442,G06007322,Low,False,False,False,0
475616,G06007317,Medium,False,False,False,0
371784,G06007312,Medium,True,True,True,0
422755,G06007330,Medium,False,False,False,0
90910,G06007316,Low,False,False,False,0
422954,G06007330,Low,False,False,False,0
422938,G06007329,High,True,True,True,0
129091,G06007322,Low,False,False,True,0
371373,G06007330,Low,True,True,False,0
371401,G06007316,Medium,False,False,False,0
371452,G06007324,Low,False,False,False,0
128925,G06007330,Medium,False,False,False,0
91641,G06007315,Medium,False,False,False,0
422887,G06007315,High,False,False,False,0
128887,G06007301,Medium,False,False,False,0
128883,G06007316,High,False,False,False,1
128823,G06007310,Low,False,False,False,0
371580,G06007312,High,False,False,False,0
38310,G06007317,Medium,False,False,False,0
475498,G06007315,Medium,False,False,False,0
371777,G06007311,High,False,False,False,0
128624,G06007324,Low,True,True,False,0
496498,G06007322,High,True,True,False,0
373133,G06007314,Medium,False,False,False,0
91687,G06007311,Medium,False,False,False,0
38731,G06007311,Medium,False,False,False,0
92103,G06007301,Medium,False,False,False,0
126927,G06007317,High,True,True,False,0
374452,G06007325,Low,False,False,False,1
92122,G06007301,High,False,False,False,0
476180,G06007301,Low,False,False,False,0
374487,G06007327,Medium,True,True,False,0
374648,G06007301,High,False,False,False,0
374675,G06007310,High,False,False,False,0
421098,G06007314,Medium,False,False,False,0
92242,G06007315,High,True,True,False,0
420811,G06007314,Medium,False,False,False,0
126662,G06007301,High,False,False,False,1
374930,G06007327,Medium,False,False,False,1
494844,G06007316,High,True,True,False,0
375065,G06007315,Low,False,False,False,0
494752,G06007317,Low,False,False,False,0
375272,G06007317,Medium,False,False,False,0
375278,G06007324,High,False,False,False,0
374798,G06007317,Low,False,False,False,0
423003,G06007316,Low,False,False,False,0
374366,G06007315,Medium,False,False,False,0
127030,G06007328,Low,False,False,False,0
127789,G06007323,Low,False,False,False,0
373304,G06007326,High,False,False,True,0
373363,G06007310,Medium,False,False,False,0
52458,G06007301,Medium,False,False,False,1
373501,G06007317,Medium,False,False,False,0
373505,G06007322,High,True,True,True,0
373521,G06007314,Medium,False,False,False,1
127456,G06007315,Low,False,False,True,0
92034,G06007327,High,False,False,False,0
421668,G06007311,High,False,False,False,0
421502,G06007315,Medium,False,False,False,0
373901,G06007327,High,False,False,False,1
475944,G06007317,Medium,False,False,False,0
91939,G06007317,High,False,False,False,0
127233,G06007329,Medium,False,False,False,0
476003,G06007328,Medium,True,True,False,0
91958,G06007312,High,True,True,False,0
421286,G06007314,Low,False,False,False,0
127425,G06007324,High,True,True,False,0
497739,G06007310,Medium,False,False,False,0
496592,G06007310,High,False,False,False,0
90823,G06007329,Low,False,False,False,0
130803,G06007317,High,False,False,False,0
37687,G06007317,Medium,False,False,False,0
424273,G06007322,High,False,False,False,0
424260,G06007316,Low,False,False,False,0
130760,G06007329,Medium,False,False,True,0
130752,G06007326,Low,False,False,False,0
424188,G06007317,High,False,False,False,0
369389,G06007312,Low,True,True,False,0
424146,G06007330,Low,False,False,False,0
369441,G06007315,High,False,False,False,0
497174,G06007326,High,False,False,False,0
53036,G06007316,Low,False,False,False,0
130478,G06007329,Medium,False,False,True,0
369554,G06007329,Medium,False,False,False,0
424005,G06007310,Medium,False,False,False,0
424283,G06007317,Medium,False,False,False,0
369184,G06007311,High,False,False,True,0
131666,G06007311,Medium,False,False,False,0
424763,G06007329,High,False,False,False,0
130422,G06007323,Medium,False,False,False,0
37528,G06007301,Low,False,False,False,0
497526,G06007327,High,False,False,False,0
37571,G06007314,High,False,False,True,0
131159,G06007310,High,False,False,False,0
53134,G06007301,High,True,True,False,0
424598,G06007316,Medium,False,False,False,0
130949,G06007312,Medium,False,False,True,0
130930,G06007312,High,False,False,False,0
131231,G06007316,Medium,False,False,False,0
369741,G06007311,Medium,False,False,False,0
37890,G06007315,Low,False,False,False,0
496964,G06007327,High,True,True,False,0
423502,G06007323,Medium,False,False,True,0
423500,G06007330,High,False,False,False,0
370608,G06007310,Medium,False,False,False,0
370695,G06007330,Low,False,False,False,0
90545,G06007327,Low,False,False,False,1
129604,G06007310,Medium,False,False,False,0
129594,G06007330,Low,False,False,False,0
475143,G06007330,Low,False,False,True,0
423620,G06007324,High,False,False,False,0
370751,G06007326,High,True,True,False,0
129486,G06007316,Low,False,False,False,0
423265,G06007315,Medium,False,False,False,1
129428,G06007310,Medium,False,False,False,0
371053,G06007327,Medium,True,True,False,0
423210,G06007315,High,False,False,False,0
371083,G06007324,High,False,False,False,0
496681,G06007310,High,False,False,False,0
90769,G06007322,Medium,False,False,False,0
370757,G06007316,Medium,False,False,False,0
423076,G06007314,High,False,False,False,0
423656,G06007316,Low,False,False,False,0
370419,G06007322,Low,False,False,False,0
130318,G06007328,High,True,True,True,0
130287,G06007329,Low,False,False,False,0
369904,G06007326,High,False,False,True,0
130218,G06007327,High,False,False,False,0
37925,G06007310,Medium,False,False,False,0
496943,G06007329,High,False,False,False,0
369944,G06007329,High,False,False,False,0
52982,G06007326,Medium,False,False,False,0
423716,G06007327,High,False,False,False,0
37945,G06007326,Low,False,False,True,0
370123,G06007329,Low,False,False,False,0
496923,G06007317,Medium,False,False,False,0
423979,G06007324,Medium,True,True,False,0
37983,G06007310,Medium,False,False,False,0
423926,G06007327,Low,False,False,False,0
90195,G06007312,Low,False,False,False,0
370290,G06007316,High,False,False,False,0
130097,G06007316,Medium,False,False,False,0
137062,G06007315,Medium,False,False,False,0
360733,G06007311,High,False,False,True,0
85893,G06007312,Low,False,False,False,0
470053,G06007314,Medium,False,False,False,0
145100,G06007322,Low,False,False,False,0
350586,G06007326,High,False,False,False,0
435668,G06007315,Low,False,False,False,0
470138,G06007324,High,False,False,False,0
470144,G06007316,Medium,False,False,False,0
435562,G06007330,Medium,False,False,False,0
504864,G06007315,Low,False,False,False,0
32798,G06007315,Low,False,False,True,1
145009,G06007323,Medium,False,False,False,0
144882,G06007316,Medium,False,False,False,1
350821,G06007314,Medium,False,False,False,0
350867,G06007324,Low,False,False,False,0
470301,G06007301,Low,False,False,False,0
144822,G06007312,High,False,False,True,0
350457,G06007315,Medium,False,False,False,0
145232,G06007324,Medium,False,False,False,0
350390,G06007327,Low,True,True,False,0
350307,G06007322,Low,False,False,True,0
145963,G06007314,Medium,False,False,False,0
145941,G06007317,Low,True,True,True,0
80641,G06007310,Medium,False,False,False,0
80657,G06007314,High,False,False,False,0
80709,G06007322,Medium,False,False,False,0
436174,G06007316,High,False,False,False,1
145654,G06007316,Low,False,False,False,0
505459,G06007315,Low,False,False,False,0
350958,G06007322,Medium,True,True,False,0
80797,G06007310,High,False,False,False,0
505384,G06007301,High,False,False,False,0
349890,G06007314,Medium,True,True,False,0
435987,G06007330,High,False,False,False,0
435959,G06007314,Low,True,True,True,0
145396,G06007329,Medium,False,False,False,0
505106,G06007323,High,False,False,False,0
505017,G06007322,High,False,False,False,0
80799,G06007330,High,False,False,False,0
435193,G06007324,Medium,False,False,False,0
351104,G06007314,High,False,False,False,0
143783,G06007301,High,False,False,False,0
504177,G06007317,Medium,True,True,True,0
470587,G06007317,Low,False,False,False,1
352265,G06007316,High,False,False,False,0
470693,G06007328,Medium,True,True,False,0
352278,G06007329,Medium,False,False,False,0
143664,G06007301,Medium,False,False,False,0
143833,G06007327,Medium,True,True,False,0
352470,G06007301,Medium,False,False,False,0
503877,G06007330,High,False,False,False,0
352551,G06007317,Medium,False,False,False,0
56006,G06007314,High,False,False,False,0
352686,G06007312,Medium,False,False,False,1
143393,G06007312,High,True,True,False,0
352708,G06007323,Low,True,True,False,0
352891,G06007326,Low,False,False,False,0
352546,G06007316,Low,False,False,True,0
436391,G06007316,Low,False,False,False,0
504247,G06007310,High,False,False,False,0
504643,G06007316,Medium,False,False,False,0
32998,G06007310,Medium,False,False,False,0
435099,G06007329,Low,False,False,False,1
33010,G06007316,Medium,False,False,False,0
470456,G06007329,Medium,False,False,False,0
434861,G06007301,High,False,False,False,0
56159,G06007314,High,False,False,False,0
33122,G06007316,High,True,True,False,0
144121,G06007311,High,True,True,False,0
82039,G06007326,High,False,False,True,0
82101,G06007315,High,True,True,False,0
144377,G06007328,Medium,False,False,False,0
143188,G06007326,Low,False,False,False,0
505593,G06007329,High,True,True,True,0
146099,G06007327,High,False,False,False,0
506639,G06007317,Low,False,False,False,0
506557,G06007312,Medium,False,False,False,0
437635,G06007322,High,True,True,False,0
31626,G06007322,Medium,False,False,False,0
347212,G06007324,Low,False,False,False,0
79720,G06007310,Low,False,False,True,1
79727,G06007317,Medium,False,False,False,1
347292,G06007316,Medium,False,False,False,0
437570,G06007310,Medium,False,False,False,0
506515,G06007311,High,False,False,False,0
79797,G06007323,Low,False,False,False,0
147761,G06007317,Medium,True,True,True,0
79853,G06007311,Low,False,False,False,0
147748,G06007301,High,False,False,False,0
347356,G06007322,Medium,False,False,False,0
506435,G06007329,High,True,True,False,0
147620,G06007322,High,False,False,False,1
437701,G06007315,High,False,False,False,0
79373,G06007323,Low,False,False,False,0
148029,G06007329,Medium,True,True,False,0
346419,G06007326,Medium,False,False,True,0
79043,G06007301,Low,False,False,False,0
31478,G06007324,Medium,True,True,False,0
346567,G06007327,Medium,False,False,False,0
79076,G06007310,High,False,False,False,0
148325,G06007312,Low,False,False,False,1
468962,G06007322,Low,False,False,False,0
148322,G06007327,Medium,False,False,False,0
437253,G06007327,Low,False,False,False,0
346622,G06007311,High,False,False,False,1
148163,G06007316,Low,False,False,True,1
346735,G06007316,High,False,False,False,0
79183,G06007301,High,False,False,False,0
148084,G06007330,Medium,False,False,False,0
438075,G06007301,Low,False,False,False,0
148050,G06007326,High,False,False,True,1
346631,G06007310,Medium,False,False,False,0
506379,G06007314,Low,False,False,False,0
347642,G06007312,Medium,False,False,False,0
348460,G06007314,Medium,False,False,False,0
436794,G06007327,Medium,True,True,False,0
146420,G06007315,Medium,False,False,False,0
436757,G06007322,Medium,False,False,False,0
80407,G06007329,Medium,False,False,True,0
348363,G06007329,Medium,False,False,False,0
146358,G06007301,Low,False,False,False,0
146346,G06007315,Medium,False,False,False,0
436515,G06007316,High,False,False,False,0
80476,G06007317,Medium,False,False,False,0
80509,G06007326,High,False,False,False,1
146156,G06007322,High,True,True,False,0
349024,G06007317,High,False,False,False,0
349167,G06007324,Low,False,False,False,0
348641,G06007316,Medium,False,False,False,0
469824,G06007328,Medium,False,False,False,1
469652,G06007310,High,False,False,False,0
147478,G06007316,Medium,False,False,False,0
347644,G06007301,Medium,False,False,False,1
469313,G06007323,Medium,False,False,False,0
347666,G06007330,Medium,False,False,False,0
506301,G06007316,Medium,False,False,False,0
469642,G06007330,High,False,False,False,0
80154,G06007311,Medium,False,False,False,1
80162,G06007310,Medium,False,False,False,0
80186,G06007311,High,False,False,False,0
347955,G06007328,High,False,False,False,0
348018,G06007314,Medium,False,False,False,0
348260,G06007310,Medium,False,False,True,0
506056,G06007322,Medium,False,False,True,0
352981,G06007327,Medium,False,False,False,0
82517,G06007301,Medium,True,True,False,1
503702,G06007330,High,False,False,False,0
431645,G06007315,Medium,True,True,False,1
431588,G06007301,High,False,False,True,0
55333,G06007314,High,False,False,False,0
501526,G06007310,Medium,True,True,False,0
358283,G06007329,High,False,False,True,0
85096,G06007329,High,True,True,True,0
358521,G06007311,Low,False,False,False,0
34838,G06007310,High,False,False,False,0
358629,G06007317,Medium,False,False,False,0
34879,G06007322,High,False,False,False,1
84633,G06007324,Medium,False,False,False,0
357758,G06007301,Medium,False,False,False,1
431968,G06007310,High,True,True,True,0
502160,G06007314,High,False,False,False,0
140051,G06007314,Medium,False,False,False,0
84184,G06007310,High,True,True,False,0
502103,G06007326,Medium,False,False,False,0
357089,G06007315,High,False,False,False,0
34559,G06007330,Low,False,False,True,0
403082,G06007301,Low,False,False,False,0
432252,G06007311,Medium,True,True,False,0
34883,G06007329,High,True,True,False,0
139721,G06007310,Low,False,False,False,0
432206,G06007310,Medium,True,True,False,0
432137,G06007301,Medium,False,False,False,0
139578,G06007314,High,False,False,False,0
432119,G06007312,Low,False,False,False,0
357416,G06007310,High,False,False,False,0
501872,G06007310,High,False,False,False,0
139377,G06007310,Medium,False,False,False,0
139312,G06007324,Low,False,False,False,0
357210,G06007301,Low,False,False,False,0
501232,G06007327,High,False,False,False,0
85302,G06007310,High,False,False,False,0
501227,G06007311,High,False,False,False,0
500902,G06007324,Medium,False,False,False,0
500853,G06007315,Medium,False,False,False,0
35315,G06007314,Low,False,False,False,0
137587,G06007327,High,False,False,True,0
472137,G06007301,Medium,True,True,True,0
85759,G06007326,High,True,True,False,0
85760,G06007314,Medium,False,False,False,0
500982,G06007314,High,False,False,False,0
137435,G06007324,Medium,False,False,False,0
472202,G06007327,Low,False,False,False,0
35377,G06007316,Low,False,False,False,0
472313,G06007316,High,False,False,False,0
500734,G06007301,Medium,False,False,True,0
360459,G06007314,Medium,False,False,False,0
85891,G06007326,Low,False,False,False,0
360638,G06007322,High,False,False,False,1
54909,G06007311,High,False,False,False,0
471436,G06007322,Medium,True,True,False,0
137843,G06007327,Low,False,False,False,0
430736,G06007301,High,False,False,True,0
430961,G06007327,Medium,False,False,False,0
359026,G06007310,Low,False,False,False,0
85376,G06007329,Low,False,False,False,1
430917,G06007317,Low,False,False,False,0
34999,G06007330,High,False,False,False,0
471950,G06007327,Low,True,True,False,0
471951,G06007312,Low,False,False,False,0
138139,G06007317,Medium,False,False,False,0
55126,G06007315,Medium,False,False,False,0
137990,G06007327,High,False,False,False,0
137985,G06007310,High,False,False,False,0
137967,G06007326,High,False,False,True,0
430770,G06007311,High,False,False,False,0
137898,G06007311,High,False,False,False,0
85486,G06007314,High,False,False,True,0
85458,G06007314,High,True,True,False,0
502208,G06007323,Medium,False,False,False,0
55581,G06007329,Medium,False,False,False,0
140183,G06007326,Low,False,False,False,0
83022,G06007315,Low,False,False,True,1
354017,G06007314,Medium,False,False,False,0
503226,G06007327,High,False,False,False,1
83038,G06007316,High,False,False,False,0
33750,G06007314,High,False,False,False,0
354182,G06007316,Medium,False,False,False,0
471029,G06007314,High,False,False,False,0
354256,G06007310,Medium,False,False,False,0
353976,G06007326,High,False,False,False,0
83164,G06007314,Medium,False,False,False,0
141833,G06007314,High,False,False,False,0
354422,G06007315,Low,True,True,True,0
354459,G06007330,Medium,False,False,False,0
503025,G06007312,High,True,True,False,0
141707,G06007315,Low,False,False,False,0
354763,G06007323,High,True,True,False,0
83162,G06007323,Low,False,False,False,0
355039,G06007316,Medium,False,False,False,0
55981,G06007327,High,False,False,True,0
142934,G06007324,High,True,True,False,0
353285,G06007301,Medium,False,False,False,0
82573,G06007301,Medium,False,False,False,0
82660,G06007316,High,False,False,False,0
82846,G06007316,Low,False,False,False,0
353452,G06007301,Medium,True,True,True,0
503255,G06007316,Medium,False,False,False,0
142590,G06007330,Low,False,False,False,0
353597,G06007329,Medium,False,False,False,0
33648,G06007327,Low,False,False,False,0
470893,G06007310,High,False,False,False,0
142469,G06007314,Medium,False,False,False,0
82975,G06007314,Medium,False,False,False,0
353770,G06007314,Medium,False,False,False,0
503309,G06007323,High,False,False,False,0
353564,G06007316,Medium,False,False,False,0
375289,G06007322,Low,True,True,False,0
355114,G06007317,Medium,False,False,False,0
355147,G06007311,Low,False,False,False,0
34238,G06007317,High,False,False,False,0
140615,G06007328,Medium,False,False,False,0
432765,G06007301,High,False,False,True,1
432647,G06007323,Medium,False,False,False,0
140541,G06007322,High,False,False,False,0
502432,G06007327,High,False,False,False,0
356319,G06007324,High,False,False,False,0
432518,G06007327,Medium,False,False,False,0
355904,G06007317,Low,False,False,False,0
34369,G06007327,High,False,False,False,0
432472,G06007301,Medium,False,False,False,0
83987,G06007311,High,False,False,False,0
84040,G06007326,High,False,False,False,0
432427,G06007317,Low,False,False,True,0
356614,G06007328,Low,False,False,False,0
502293,G06007315,Medium,False,False,True,1
502291,G06007311,High,False,False,False,0
356773,G06007301,High,True,True,False,1
140384,G06007327,High,False,False,False,0
355137,G06007329,Medium,True,True,False,1
471190,G06007329,High,False,False,False,0
34217,G06007316,Low,False,False,False,0
83271,G06007314,High,False,False,True,0
471061,G06007314,Low,True,True,False,0
355180,G06007326,Medium,True,True,False,0
83310,G06007330,Medium,False,False,False,0
83343,G06007329,Low,False,False,True,0
355243,G06007301,Low,False,False,False,0
83365,G06007317,High,False,False,False,0
34223,G06007310,Low,False,False,False,0
141197,G06007327,High,False,False,False,0
433077,G06007329,Low,False,False,False,0
433066,G06007329,Low,False,False,True,0
140981,G06007310,High,False,False,False,0
140838,G06007316,Medium,False,False,False,0
471183,G06007315,High,False,False,False,0
140826,G06007314,Medium,False,False,False,0
432918,G06007329,Low,False,False,False,1
433099,G06007327,Medium,False,False,False,0
148484,G06007312,High,False,False,False,0
92584,G06007301,Medium,False,False,False,0
375440,G06007327,Medium,True,True,False,0
481095,G06007316,Medium,False,False,False,0
487455,G06007330,Medium,False,False,False,0
394477,G06007315,Medium,False,False,False,0
394499,G06007324,Low,False,False,False,0
408132,G06007315,Low,False,False,True,0
408115,G06007323,High,False,False,False,1
394706,G06007317,Medium,False,False,False,0
408029,G06007314,Low,False,False,False,0
407951,G06007329,Medium,False,False,False,0
394927,G06007326,High,True,True,False,0
44356,G06007316,High,False,False,False,0
487112,G06007323,High,False,False,False,0
481275,G06007317,High,False,False,True,0
487053,G06007310,Medium,False,False,True,0
395072,G06007322,Medium,False,False,False,0
111878,G06007315,Low,False,False,False,0
395248,G06007310,Medium,False,False,False,0
408198,G06007330,Low,False,False,False,0
408259,G06007312,Medium,False,False,False,0
112334,G06007323,High,False,False,False,0
480994,G06007315,High,False,False,False,0
112946,G06007329,High,False,False,False,0
101323,G06007326,Low,False,False,True,0
112879,G06007314,Low,False,False,False,0
101366,G06007326,Medium,True,True,True,0
44115,G06007322,Medium,False,False,False,0
480877,G06007301,Medium,False,False,False,1
101377,G06007312,Medium,True,True,False,0
102003,G06007326,Medium,True,True,False,0
408507,G06007327,High,False,False,False,0
112620,G06007314,High,False,False,False,0
393955,G06007301,High,False,False,False,1
101468,G06007317,High,False,False,False,0
101479,G06007316,High,False,False,False,0
487647,G06007329,Low,False,False,False,0
394194,G06007322,High,False,False,False,0
394273,G06007326,Low,True,True,False,0
408342,G06007317,Medium,False,False,False,0
487730,G06007324,High,False,False,False,0
102110,G06007326,High,False,False,False,0
407723,G06007301,Low,False,False,False,0
395410,G06007312,High,True,True,False,0
111014,G06007316,Medium,True,True,False,0
110945,G06007324,High,False,False,False,0
110912,G06007330,Medium,False,False,False,0
407305,G06007324,Medium,True,True,False,0
396351,G06007328,High,False,False,False,1
110843,G06007314,Low,True,True,False,0
110842,G06007312,Low,False,False,False,1
396417,G06007314,High,False,False,False,0
111106,G06007322,Medium,True,True,False,0
44685,G06007316,Low,True,True,False,0
110731,G06007317,High,False,False,False,0
44762,G06007330,Medium,True,True,False,0
407104,G06007330,Medium,True,True,False,1
110585,G06007316,Low,False,False,False,0
110480,G06007330,Medium,False,False,False,0
486467,G06007323,High,False,False,False,0
110432,G06007315,Medium,False,False,False,1
486648,G06007315,High,False,False,False,0
393245,G06007327,Medium,False,False,False,0
102438,G06007314,Medium,True,True,True,0
102371,G06007315,Medium,False,False,False,0
395443,G06007328,High,False,False,False,0
486900,G06007322,Low,False,False,False,0
111549,G06007315,Medium,True,True,False,0
486898,G06007315,Medium,False,False,False,0
395572,G06007324,Medium,False,False,False,0
395598,G06007326,Medium,True,True,True,1
44517,G06007310,Low,False,False,False,0
111419,G06007327,Medium,False,False,False,0
407434,G06007310,Low,False,False,True,0
481422,G06007311,High,False,False,False,0
395640,G06007316,Medium,False,False,False,0
395655,G06007312,High,True,True,False,0
395746,G06007316,Low,False,False,False,0
102213,G06007301,Medium,False,False,False,0
395786,G06007326,High,True,True,True,0
481450,G06007330,High,False,False,False,0
102225,G06007317,Low,False,False,False,0
407485,G06007310,Medium,True,True,True,0
111400,G06007311,Low,False,False,False,0
406969,G06007324,Medium,True,True,False,0
44075,G06007330,High,True,True,False,0
113043,G06007310,High,False,False,False,0
409766,G06007316,Medium,False,False,False,0
100227,G06007317,Low,False,False,False,0
409740,G06007311,Medium,False,False,False,0
480322,G06007327,High,False,False,False,0
114680,G06007316,High,False,False,False,0
409676,G06007323,Low,False,False,False,0
100321,G06007330,Medium,False,False,True,1
480338,G06007327,Medium,False,False,False,0
114585,G06007317,Medium,False,False,False,0
114560,G06007314,Low,False,False,True,0
100325,G06007301,Low,False,False,False,0
391147,G06007329,Low,False,False,False,1
100368,G06007301,Medium,False,False,False,0
114413,G06007324,High,False,False,False,0
488511,G06007322,Low,False,False,False,0
391442,G06007329,High,False,False,False,0
391464,G06007317,High,False,False,False,0
488855,G06007301,Low,False,False,False,0
100190,G06007312,Low,False,False,False,0
390651,G06007316,Medium,False,False,True,0
488857,G06007314,High,False,False,False,0
99691,G06007324,Low,False,False,False,0
410269,G06007330,Medium,False,False,False,0
489179,G06007330,High,False,False,False,0
49561,G06007324,Medium,True,True,False,0
479952,G06007330,Low,False,False,False,0
479996,G06007329,High,True,True,False,0
390266,G06007301,High,False,False,False,0
489024,G06007314,Low,False,False,True,0
43558,G06007311,High,False,False,False,0
115085,G06007314,Medium,False,False,False,0
43209,G06007310,High,False,False,False,0
99967,G06007314,Medium,False,False,False,0
410019,G06007314,Low,False,False,False,0
390391,G06007326,Medium,False,False,False,0
115017,G06007312,Low,False,False,False,0
390437,G06007330,High,False,False,False,0
114936,G06007315,Medium,False,False,False,0
114909,G06007315,Low,False,False,False,0
115084,G06007315,Medium,False,False,False,1
391506,G06007301,High,True,True,False,0
100534,G06007315,Low,False,False,False,0
43578,G06007315,Medium,False,False,False,0
113541,G06007316,Low,False,False,True,1
113381,G06007316,High,False,False,False,0
101010,G06007324,Low,True,True,True,0
113290,G06007312,Low,False,False,False,0
488010,G06007315,Medium,False,False,False,0
113196,G06007326,Medium,False,False,False,0
113129,G06007323,High,False,False,False,0
101305,G06007316,Medium,False,False,False,0
49177,G06007326,Low,False,False,False,0
113024,G06007328,Low,False,False,False,0
391879,G06007312,High,False,False,False,0
43581,G06007316,Medium,True,True,False,0
391882,G06007330,Low,False,False,False,0
391889,G06007329,High,False,False,False,0
49240,G06007324,Medium,False,False,False,0
488370,G06007301,Low,True,True,False,0
100684,G06007310,Medium,False,False,False,0
43654,G06007310,High,False,False,False,0
480544,G06007310,Medium,False,False,True,0
100775,G06007322,Medium,False,False,False,0
392122,G06007315,High,False,False,False,0
113796,G06007330,High,False,False,False,0
113783,G06007301,High,False,False,False,0
392138,G06007323,Medium,True,True,False,0
43713,G06007330,Low,False,False,False,0
113727,G06007310,Medium,False,False,False,1
49217,G06007315,Low,False,False,False,1
480529,G06007322,High,False,False,False,1
49219,G06007324,Low,False,False,True,1
410348,G06007301,Medium,True,True,False,0
44903,G06007330,Low,False,False,False,0
110341,G06007316,High,False,False,False,0
106977,G06007301,Medium,False,False,False,1
404205,G06007316,Medium,False,False,False,0
404185,G06007317,High,False,False,False,0
404133,G06007317,Medium,False,False,False,0
484376,G06007323,Medium,False,False,False,0
47694,G06007316,High,False,False,False,0
104532,G06007310,High,False,False,False,0
484264,G06007312,Medium,False,False,False,0
46589,G06007317,Medium,False,False,False,0
401598,G06007316,Low,False,False,False,0
106701,G06007314,Low,False,False,False,1
106680,G06007314,High,False,False,False,0
106673,G06007310,Medium,False,False,True,0
104561,G06007322,Medium,False,False,False,0
484169,G06007317,Low,False,False,False,0
46722,G06007315,High,False,False,False,0
106978,G06007314,Low,False,False,False,0
104378,G06007310,Medium,False,False,False,0
103944,G06007310,Medium,False,False,False,0
404887,G06007311,Medium,False,False,False,0
47894,G06007314,High,False,False,False,0
404815,G06007316,Low,False,False,False,0
107679,G06007316,Low,False,False,False,0
47825,G06007311,Low,False,False,False,0
404523,G06007310,Low,False,False,False,0
403893,G06007314,Medium,False,False,False,0
107617,G06007326,Low,True,True,False,0
404421,G06007330,Medium,False,False,False,0
107276,G06007310,Low,False,False,False,0
104302,G06007316,High,False,False,False,0
46390,G06007316,High,False,False,False,0
107181,G06007328,High,False,False,False,0
104867,G06007312,Medium,False,False,False,0
47592,G06007330,Medium,False,False,False,0
484089,G06007327,Medium,False,False,False,0
47051,G06007317,Low,False,False,False,0
402415,G06007322,Low,False,False,False,0
402484,G06007329,Low,False,False,False,0
105181,G06007317,Medium,False,False,False,0
47407,G06007314,High,False,False,False,0
402600,G06007312,Low,False,False,False,0
402640,G06007323,Medium,False,False,False,0
402390,G06007301,High,True,True,True,0
402730,G06007310,Low,False,False,False,0
105836,G06007314,Low,False,False,False,0
402785,G06007315,Low,False,False,False,0
402809,G06007327,Low,False,False,False,0
403153,G06007311,Medium,False,False,False,0
105457,G06007317,High,False,False,False,0
105667,G06007311,High,True,True,False,0
105460,G06007315,Medium,False,False,False,0
105485,G06007301,Medium,False,False,False,0
403281,G06007312,Medium,False,False,False,0
402359,G06007329,Medium,False,False,False,0
105088,G06007312,High,False,False,False,0
403750,G06007317,High,False,False,False,0
106469,G06007324,Medium,False,False,False,0
403710,G06007330,High,True,True,True,0
47525,G06007317,Low,True,True,False,0
403670,G06007324,Medium,False,False,True,0
47490,G06007326,Medium,False,False,True,0
483961,G06007316,Medium,False,False,False,0
106327,G06007317,High,False,False,False,0
483762,G06007323,High,False,False,True,0
403566,G06007310,Medium,True,True,False,1
105069,G06007315,Low,False,False,False,1
106238,G06007310,Low,False,False,False,0
106198,G06007324,Medium,False,False,False,0
46901,G06007326,High,True,True,False,0
483839,G06007330,Medium,False,False,False,0
106131,G06007324,Medium,False,False,False,0
105055,G06007310,Medium,False,False,False,0
406924,G06007314,High,True,True,False,1
107872,G06007324,Medium,False,False,False,0
107913,G06007317,Medium,True,True,False,0
406366,G06007310,High,False,False,False,0
103089,G06007330,Medium,True,True,False,0
109658,G06007310,Medium,False,False,True,0
397908,G06007311,High,False,False,False,0
109558,G06007312,Low,False,False,False,1
482236,G06007317,Medium,False,False,False,0
398157,G06007317,Low,False,False,False,0
103245,G06007311,Medium,False,False,False,0
103273,G06007326,Low,False,False,False,0
405878,G06007315,Low,False,False,False,0
405844,G06007311,High,False,False,False,0
405842,G06007314,Low,False,False,False,0
405818,G06007324,High,False,False,False,0
398227,G06007311,Low,False,False,False,0
398249,G06007310,Medium,False,False,False,0
398273,G06007328,High,False,False,False,0
48076,G06007317,Low,False,False,False,0
397864,G06007322,Medium,True,True,True,0
397787,G06007301,Low,False,False,False,0
406447,G06007327,Medium,False,False,False,0
45276,G06007330,High,False,False,False,0
397071,G06007316,Medium,False,False,False,0
486339,G06007316,High,False,False,False,0
397126,G06007310,Low,False,False,True,0
486249,G06007330,Low,False,False,False,0
406898,G06007324,Medium,False,False,False,0
397402,G06007314,High,False,False,False,1
45161,G06007314,High,False,False,False,0
45176,G06007317,High,False,False,False,0
405677,G06007328,Medium,False,False,False,0
102842,G06007323,High,False,False,False,0
109966,G06007327,High,False,False,False,0
102939,G06007315,Medium,False,False,False,0
481973,G06007326,High,False,False,True,0
45202,G06007316,Medium,False,False,False,0
481984,G06007326,Low,True,True,False,1
406573,G06007311,Medium,False,False,False,0
482036,G06007326,Low,False,False,False,0
397745,G06007311,Medium,False,False,False,0
102932,G06007316,Low,False,False,False,0
109244,G06007324,Medium,False,False,False,0
398364,G06007316,Medium,False,False,False,0
48038,G06007316,Medium,False,False,False,0
103799,G06007316,High,True,True,False,0
485477,G06007310,High,False,False,False,0
399366,G06007330,Medium,False,False,False,1
405282,G06007317,High,True,True,False,0
399490,G06007323,High,True,True,False,0
405269,G06007326,High,False,False,False,0
108359,G06007324,Medium,False,False,False,0
399539,G06007314,Low,False,False,False,1
47935,G06007322,Medium,False,False,True,0
399570,G06007317,Low,False,False,True,0
405045,G06007323,Medium,False,False,False,0
405023,G06007314,High,False,False,False,0
108120,G06007326,High,False,False,False,0
46029,G06007322,High,False,False,False,0
108074,G06007330,Medium,False,False,False,1
399960,G06007317,Low,False,False,False,0
46108,G06007316,Medium,False,False,False,0
107926,G06007330,Low,False,False,False,0
108184,G06007327,High,False,False,True,0
404955,G06007310,Medium,False,False,False,0
399261,G06007315,High,False,False,True,0
399142,G06007315,Low,False,False,False,0
405550,G06007315,Medium,True,True,False,0
482270,G06007324,High,True,True,False,0
103599,G06007311,Medium,False,False,False,0
109104,G06007316,Medium,False,False,False,0
485704,G06007316,Medium,False,False,False,0
485607,G06007317,High,True,True,False,0
398657,G06007315,Low,False,False,False,0
103627,G06007323,Medium,False,False,False,0
399207,G06007326,High,False,False,False,0
405470,G06007317,Medium,False,False,False,0
108792,G06007315,Medium,False,False,False,1
398988,G06007326,High,True,True,False,1
399010,G06007301,High,False,False,False,0
399093,G06007301,High,False,False,False,0
399096,G06007326,High,False,False,True,1
399107,G06007311,High,True,True,False,0
399119,G06007315,Medium,True,True,False,0
399131,G06007312,Medium,False,False,False,1
485577,G06007310,High,False,False,False,0
410497,G06007310,High,False,False,False,0
389877,G06007317,High,False,False,False,0
43037,G06007322,High,False,False,False,0
380508,G06007329,High,True,True,False,0
380538,G06007317,Low,False,False,False,0
380768,G06007324,Medium,True,True,True,0
492905,G06007315,High,False,False,False,0
416768,G06007315,High,False,False,False,0
95155,G06007315,Medium,False,False,False,0
121945,G06007324,Low,True,True,True,0
477826,G06007330,Medium,False,False,False,0
416708,G06007310,Medium,False,False,False,0
381339,G06007326,Low,False,False,False,0
95283,G06007317,High,False,False,False,0
95316,G06007330,Low,False,False,False,0
381558,G06007327,Medium,False,False,False,0
381634,G06007310,Medium,False,False,True,0
51035,G06007312,High,False,False,False,0
94941,G06007317,Medium,False,False,False,0
123370,G06007324,Low,False,False,False,0
51359,G06007315,Medium,True,True,True,0
123340,G06007315,Low,True,True,False,1
477436,G06007316,Medium,False,False,False,0
123332,G06007316,Low,False,False,False,0
379810,G06007310,Medium,False,False,False,0
416399,G06007314,High,False,False,False,0
123022,G06007312,High,False,False,True,0
379949,G06007314,Medium,False,False,False,0
493359,G06007316,High,False,False,False,1
122917,G06007326,High,False,False,False,0
51156,G06007326,Low,True,True,False,0
94809,G06007327,High,False,False,False,1
379910,G06007312,High,False,False,False,0
121587,G06007329,High,False,False,False,0
416334,G06007330,Medium,False,False,False,0
95457,G06007311,Low,False,False,False,0
50673,G06007322,High,False,False,False,0
96045,G06007315,Low,True,True,False,0
120834,G06007315,Low,False,False,False,0
120792,G06007317,Medium,False,False,False,0
40966,G06007328,Medium,False,False,False,0
120786,G06007316,Low,False,False,False,0
120772,G06007324,High,True,True,False,0
415640,G06007301,High,False,False,False,0
478097,G06007317,Medium,False,False,False,0
96151,G06007301,Low,False,False,False,0
415529,G06007315,Low,False,False,False,0
382854,G06007316,High,False,False,False,0
382877,G06007311,Low,False,False,False,0
491947,G06007317,High,True,True,False,0
415376,G06007312,Medium,False,False,False,0
50576,G06007317,Medium,False,False,False,0
491895,G06007316,High,False,False,False,0
415242,G06007312,High,False,False,False,0
96190,G06007329,High,False,False,False,1
94499,G06007323,Medium,True,True,False,0
415819,G06007311,Low,False,False,False,0
120962,G06007329,Medium,False,False,False,0
492517,G06007317,High,False,False,False,0
121525,G06007301,High,False,False,False,0
95488,G06007315,High,False,False,False,0
95534,G06007311,High,False,False,False,0
416260,G06007301,Medium,False,False,False,0
492480,G06007327,High,False,False,True,0
95587,G06007315,Medium,False,False,False,0
381838,G06007316,High,False,False,False,0
478081,G06007328,Medium,False,False,False,0
381883,G06007316,High,False,False,False,0
381958,G06007301,Medium,False,False,False,0
416117,G06007324,High,False,False,False,0
95693,G06007324,Medium,False,False,False,0
121169,G06007316,Low,False,False,False,0
492291,G06007314,High,True,True,False,0
478009,G06007314,High,False,False,False,0
416079,G06007310,Medium,False,False,False,0
416211,G06007330,High,False,False,False,0
96287,G06007322,High,True,True,False,0
123413,G06007324,Medium,False,False,False,0
125362,G06007322,Low,False,False,False,0
419313,G06007311,Low,False,False,False,0
125291,G06007310,Low,False,False,False,0
419240,G06007310,Low,False,False,False,0
125257,G06007326,Medium,False,False,False,0
39585,G06007315,Low,False,False,False,0
125025,G06007310,High,False,False,False,1
376928,G06007316,Low,False,False,False,0
51815,G06007314,Medium,False,False,False,0
376955,G06007311,High,False,False,True,0
377023,G06007315,Medium,True,True,False,0
494084,G06007301,Low,False,False,True,0
494069,G06007312,Medium,False,False,False,0
377221,G06007324,High,False,False,False,0
494345,G06007310,Low,False,False,False,0
125406,G06007324,High,True,True,True,0
419422,G06007314,Low,False,False,False,0
125479,G06007329,Low,False,False,True,0
126153,G06007329,High,False,False,True,0
92614,G06007301,High,False,False,False,0
375647,G06007310,Low,False,False,False,0
375683,G06007310,Medium,False,False,False,0
420057,G06007311,Medium,False,False,False,0
494584,G06007310,High,False,False,False,1
375775,G06007316,Low,False,False,False,0
375809,G06007311,Low,False,False,False,0
377251,G06007322,High,True,True,False,0
476404,G06007316,High,False,False,False,0
419987,G06007323,High,False,False,False,0
494539,G06007315,Low,False,False,False,0
419850,G06007324,Low,False,False,False,0
419649,G06007314,Low,False,False,False,0
125613,G06007315,High,False,False,False,0
125973,G06007330,Medium,False,False,False,0
124867,G06007316,Medium,False,False,True,0
93643,G06007301,High,False,False,False,0
93698,G06007330,Medium,False,False,False,0
418346,G06007330,Medium,False,False,False,0
94175,G06007326,High,False,False,False,1
378937,G06007314,High,False,False,True,0
51575,G06007301,High,False,False,False,0
123795,G06007329,High,False,False,False,0
379060,G06007317,Medium,False,False,False,0
418149,G06007317,Medium,False,False,False,0
123662,G06007314,High,True,True,False,0
378881,G06007310,Low,True,True,False,0
493740,G06007326,Low,True,True,False,0
51491,G06007327,High,False,False,False,0
493717,G06007324,High,False,False,False,0
94331,G06007330,High,True,True,False,0
379184,G06007324,Low,False,False,False,0
379203,G06007323,Low,False,False,True,0
94398,G06007327,Medium,True,True,False,0
493567,G06007315,High,False,False,False,0
417986,G06007312,High,False,False,False,0
379124,G06007310,High,False,False,False,0
417904,G06007316,Low,False,False,False,0
418451,G06007310,Low,False,False,False,0
493803,G06007324,Medium,False,False,False,0
476863,G06007310,Medium,False,False,False,0
93801,G06007329,High,False,False,False,0
93838,G06007317,Low,False,False,False,0
377656,G06007317,High,False,False,False,0
51716,G06007312,Low,False,False,False,0
124701,G06007316,Medium,True,True,False,0
377705,G06007301,High,True,True,False,0
494053,G06007314,High,False,False,False,0
418474,G06007310,High,False,False,False,0
93876,G06007317,Medium,False,False,False,0
93928,G06007310,High,False,False,True,0
124247,G06007301,Low,False,False,False,0
124218,G06007315,High,False,False,False,0
418564,G06007322,High,False,False,False,0
378350,G06007316,Low,False,False,False,0
93973,G06007317,Low,False,False,False,0
39877,G06007330,Medium,False,False,False,0
378458,G06007315,Low,False,False,False,0
378185,G06007317,Medium,True,True,True,0
120373,G06007316,High,False,False,False,0
96312,G06007312,High,False,False,False,0
50557,G06007310,High,False,False,False,1
412154,G06007316,Medium,False,False,False,0
490173,G06007327,Medium,False,False,False,0
490037,G06007326,Low,False,False,False,0
387858,G06007326,High,False,False,False,0
98437,G06007327,Medium,True,True,False,0
98444,G06007326,Low,False,False,False,0
42448,G06007317,Medium,False,False,False,0
116714,G06007327,Medium,False,False,False,0
42491,G06007314,Medium,True,True,False,0
98585,G06007317,High,False,False,False,0
116592,G06007301,Medium,False,False,False,0
489888,G06007301,Medium,False,False,True,0
42535,G06007316,Medium,False,False,False,0
388297,G06007330,Low,False,False,False,0
489860,G06007328,Medium,False,False,False,0
387575,G06007314,High,False,False,False,0
117079,G06007322,High,False,False,False,0
117088,G06007315,Medium,False,False,False,0
412598,G06007310,Medium,False,False,False,1
50309,G06007330,High,False,False,False,0
117463,G06007330,Medium,True,True,False,0
478917,G06007315,Low,False,False,False,0
478956,G06007323,Medium,True,True,False,0
42256,G06007324,High,False,False,False,0
117371,G06007310,High,False,False,False,0
387133,G06007310,Medium,True,True,False,0
116367,G06007310,Medium,False,False,False,0
490319,G06007316,Low,False,False,False,0
412962,G06007315,Low,False,False,True,0
50169,G06007330,Medium,False,False,False,0
490294,G06007315,High,False,False,False,0
50159,G06007329,Medium,False,False,False,0
490265,G06007316,Medium,False,False,False,0
412717,G06007324,Low,False,False,False,0
387259,G06007326,Medium,True,True,False,0
98867,G06007314,Medium,True,True,False,0
116321,G06007330,Medium,True,True,True,0
116316,G06007326,High,False,False,False,0
410929,G06007315,Low,False,False,False,0
410923,G06007312,High,False,False,False,0
42833,G06007301,Medium,False,False,True,0
99274,G06007324,High,False,False,False,0
410809,G06007326,Low,False,False,False,0
99431,G06007328,Medium,False,False,False,0
410770,G06007324,Medium,False,False,False,0
99475,G06007316,Low,False,False,False,0
479442,G06007301,High,False,False,False,0
42919,G06007326,Medium,False,False,False,0
410646,G06007326,Low,False,False,False,0
389742,G06007328,High,False,False,False,1
49670,G06007301,Low,False,False,False,0
389780,G06007324,High,False,False,False,0
115421,G06007327,Low,False,False,False,0
389835,G06007310,High,False,False,False,0
479847,G06007314,Medium,False,False,False,0
115378,G06007327,Low,False,False,False,0
49674,G06007316,Low,False,False,False,0
490388,G06007327,Medium,False,False,False,0
115894,G06007315,High,False,False,False,0
411228,G06007301,High,False,False,False,0
479309,G06007310,Medium,False,False,False,0
42634,G06007315,Low,False,False,False,0
489823,G06007329,Medium,False,False,False,0
489792,G06007323,Low,False,False,False,0
489789,G06007311,High,False,False,False,0
98898,G06007324,High,True,True,False,0
42683,G06007326,Low,False,False,False,0
489748,G06007317,Medium,False,False,False,0
489519,G06007314,Low,False,False,False,0
116208,G06007312,High,False,False,False,0
479316,G06007301,Medium,False,False,False,0
388914,G06007323,Low,False,False,False,0
479419,G06007314,Medium,False,False,True,0
411266,G06007314,High,False,False,True,0
389107,G06007310,Medium,False,False,False,0
389221,G06007316,High,True,True,False,0
98972,G06007310,High,True,True,False,0
389257,G06007330,Low,True,True,False,0
98904,G06007316,Medium,False,False,False,0
386787,G06007314,Medium,False,False,False,0
386722,G06007312,Medium,False,False,False,0
413237,G06007301,Medium,True,True,True,0
414542,G06007310,Low,False,False,True,0
119366,G06007316,Medium,False,False,False,0
478490,G06007330,Low,False,False,False,0
119479,G06007317,High,False,False,False,0
119281,G06007317,Medium,False,False,True,1
119173,G06007310,Low,False,False,False,0
414464,G06007301,High,False,False,True,0
96606,G06007324,High,False,False,False,0
119056,G06007311,Medium,True,True,False,0
118982,G06007327,Medium,True,True,False,0
96638,G06007324,Medium,False,False,False,0
96656,G06007322,Medium,False,False,True,0
119267,G06007314,Medium,True,True,False,0
96710,G06007327,Medium,False,False,False,0
414639,G06007315,High,False,False,False,0
41424,G06007315,Medium,False,False,False,1
41129,G06007330,High,False,False,False,0
120183,G06007329,Medium,True,True,False,0
96361,G06007315,High,False,False,True,0
415054,G06007310,Medium,False,False,False,0
120085,G06007310,Low,False,False,False,0
50556,G06007323,Low,False,False,True,0
383444,G06007324,Medium,False,False,False,0
478256,G06007317,High,False,False,False,0
383660,G06007328,Low,False,False,False,0
383833,G06007327,Low,False,False,False,0
383895,G06007316,High,False,False,False,0
119645,G06007314,High,False,False,False,0
414812,G06007329,Low,False,False,False,0
119513,G06007316,Medium,False,False,True,1
41243,G06007301,Medium,False,False,False,0
126303,G06007301,Medium,False,False,False,0
478538,G06007311,Medium,False,False,False,0
41682,G06007315,High,False,False,False,0
413771,G06007322,High,False,False,False,0
478861,G06007317,Medium,False,False,False,0
386175,G06007312,High,False,False,False,0
478871,G06007324,Low,False,False,False,0
413706,G06007316,Medium,False,False,True,0
117879,G06007330,Low,False,False,False,0
117852,G06007326,Low,False,False,False,0
97075,G06007312,High,True,True,False,0
117657,G06007316,Low,False,False,False,0
50336,G06007301,Medium,False,False,False,0
386534,G06007326,Low,False,False,False,0
42097,G06007315,High,False,False,False,0
117570,G06007324,Low,False,False,False,0
117569,G06007327,Low,False,False,True,0
386396,G06007327,High,False,False,False,0
41646,G06007315,High,False,False,False,0
385882,G06007315,Low,False,False,True,0
41896,G06007324,Low,False,False,False,1
491136,G06007323,Low,False,False,False,1
414123,G06007316,Low,True,True,False,0
413993,G06007324,Medium,False,False,False,0
41744,G06007316,Medium,False,False,False,0
413988,G06007316,Low,False,False,False,0
413933,G06007328,High,False,False,False,1
413919,G06007315,Medium,False,False,False,0
385867,G06007310,Low,False,False,False,0
385450,G06007330,Medium,False,False,False,0
413868,G06007312,Medium,False,False,False,0
41869,G06007301,High,True,True,False,0
385731,G06007326,Low,False,False,False,0
118296,G06007315,Medium,False,False,False,0
521025,G06007330,Medium,True,True,False,0
385832,G06007330,High,True,True,False,0
413810,G06007315,High,False,False,False,0
118510,G06007314,High,True,True,False,0
346242,G06007324,Low,False,False,False,0
471516,G06007322,Low,False,False,False,0
483449,G06007326,Low,False,False,False,0
68247,G06007322,High,False,False,False,0
316730,G06007323,High,False,False,False,0
59072,G06007310,Medium,False,False,False,1
155836,G06007310,Medium,False,False,True,0
23131,G06007312,High,False,False,False,0
23139,G06007312,Low,False,False,False,0
66318,G06007315,Medium,False,False,False,0
445294,G06007322,High,False,False,False,0
70741,G06007311,Medium,False,False,False,0
316987,G06007311,High,False,False,False,0
456372,G06007322,Low,False,False,False,0
168851,G06007329,Medium,False,False,False,0
73921,G06007327,Medium,False,False,False,1
73913,G06007329,Medium,False,False,False,0
511333,G06007322,Medium,False,False,False,0
511335,G06007310,Low,False,False,False,0
28249,G06007315,Medium,False,False,False,0
334789,G06007311,High,False,False,False,1
445338,G06007310,Medium,False,False,False,0
334748,G06007330,Low,False,False,True,0
321627,G06007312,High,False,False,False,0
461563,G06007311,Medium,False,False,False,0
517859,G06007329,High,False,False,False,1
335892,G06007315,Low,False,False,False,0
68328,G06007324,Medium,False,False,False,0
161987,G06007329,Medium,False,False,False,0
28514,G06007310,Low,True,True,True,0
463907,G06007322,High,False,False,True,0
445014,G06007317,High,True,True,False,0
316306,G06007323,Low,False,False,False,0
316424,G06007324,Medium,False,False,False,0
445107,G06007301,High,False,False,True,0
321703,G06007317,High,False,False,False,0
28433,G06007314,Low,True,True,False,0
74118,G06007311,High,False,False,False,0
456522,G06007315,High,False,False,False,0
316523,G06007317,High,False,False,False,0
161937,G06007317,Medium,False,False,False,0
316690,G06007316,Low,False,False,False,0
316691,G06007326,Medium,False,False,False,0
511165,G06007312,Low,False,False,False,0
74243,G06007310,Low,False,False,False,0
73807,G06007311,Medium,False,False,False,0
334727,G06007301,Medium,False,False,False,0
334250,G06007301,Low,False,False,False,0
156673,G06007310,High,False,False,False,1
516708,G06007322,Medium,False,False,False,0
62221,G06007315,Low,False,False,True,0
156708,G06007326,Low,True,True,False,0
27955,G06007310,High,False,False,False,0
156714,G06007310,High,False,False,False,1
317710,G06007322,Low,False,False,False,0
334210,G06007327,Medium,False,False,False,0
156720,G06007329,High,False,False,False,0
511618,G06007314,Medium,True,True,False,0
156723,G06007330,Medium,False,False,False,0
327997,G06007315,Low,False,False,False,0
511702,G06007310,Low,False,False,False,0
334086,G06007312,High,False,False,False,0
334069,G06007315,Low,True,True,True,0
511796,G06007310,Medium,False,False,False,0
445963,G06007314,High,True,True,False,0
317717,G06007330,High,False,False,False,0
328040,G06007312,Medium,False,False,False,0
446060,G06007315,Medium,True,True,False,0
517707,G06007314,Low,False,False,False,0
156924,G06007322,High,False,False,False,0
156960,G06007329,High,False,False,False,1
317714,G06007326,High,False,False,False,0
334736,G06007310,Low,False,False,False,0
66617,G06007310,High,False,False,True,0
73777,G06007312,Medium,False,False,False,0
334618,G06007322,Medium,False,False,False,1
168808,G06007312,High,False,False,False,0
511417,G06007315,Medium,False,False,False,0
517847,G06007327,High,False,False,False,0
62323,G06007310,Low,False,False,False,0
70766,G06007310,Low,False,False,False,0
334495,G06007324,Medium,False,False,False,0
156405,G06007301,Medium,False,False,False,0
321580,G06007326,High,False,False,False,0
168664,G06007316,Low,False,False,False,0
454017,G06007323,High,False,False,False,0
60703,G06007327,Medium,False,False,False,0
161841,G06007317,High,False,False,False,0
168527,G06007314,Low,False,False,False,0
168512,G06007316,Medium,False,False,False,0
456213,G06007316,High,False,False,False,0
168503,G06007326,High,False,False,False,0
334345,G06007301,High,False,False,False,0
464270,G06007314,High,False,False,False,0
70971,G06007322,High,False,False,False,0
59155,G06007324,Medium,False,False,False,0
66594,G06007323,Low,False,False,False,0
334397,G06007329,High,False,False,False,0
333938,G06007328,High,True,True,False,0
444770,G06007311,High,True,True,False,0
316060,G06007314,Low,False,False,False,0
513614,G06007327,Low,False,False,False,0
453578,G06007301,Medium,False,False,False,0
518460,G06007312,Low,True,True,False,0
28817,G06007314,High,False,False,True,0
337388,G06007314,High,False,False,False,0
443815,G06007314,Medium,False,False,False,1
453647,G06007314,Medium,False,False,False,0
337364,G06007315,Low,False,False,False,0
337302,G06007314,Medium,False,False,True,1
337276,G06007301,Low,False,False,True,0
443826,G06007322,Low,False,False,False,0
154446,G06007317,Low,False,False,False,0
453571,G06007315,Medium,True,True,False,0
337252,G06007330,Medium,False,False,False,0
518426,G06007316,Low,False,False,False,1
510902,G06007322,Low,False,False,False,0
518366,G06007329,High,False,False,False,0
154496,G06007326,Low,False,False,False,0
518317,G06007329,Low,True,True,False,0
70446,G06007322,Low,True,True,False,0
315107,G06007316,Medium,False,False,False,0
162242,G06007315,Medium,False,False,False,0
463744,G06007324,High,True,True,False,0
510913,G06007330,High,False,False,False,0
337210,G06007316,High,False,False,False,0
514688,G06007330,Medium,True,True,True,0
461309,G06007326,Low,False,False,False,0
518257,G06007301,Medium,True,True,False,0
337473,G06007301,High,False,False,False,0
60874,G06007317,Medium,False,False,False,1
337988,G06007327,Low,False,False,True,0
443445,G06007310,Medium,False,False,False,0
322177,G06007312,Medium,False,False,False,1
518759,G06007326,High,False,False,False,0
75208,G06007310,Medium,False,False,False,0
443533,G06007316,High,False,False,False,0
162448,G06007301,Medium,False,False,False,0
22531,G06007310,High,True,True,False,0
337718,G06007314,Medium,False,False,False,0
170453,G06007326,High,False,False,False,0
154198,G06007323,High,False,False,False,0
154201,G06007310,High,False,False,False,0
170201,G06007315,Medium,False,False,False,0
314484,G06007317,Low,False,False,False,1
518711,G06007322,Medium,False,False,False,0
466989,G06007315,High,False,False,False,0
514969,G06007326,High,True,True,True,0
162396,G06007330,Medium,False,False,False,0
65718,G06007316,Medium,False,False,False,0
314580,G06007312,Medium,False,False,False,0
22584,G06007327,Medium,False,False,False,0
443631,G06007310,Low,True,True,False,0
510754,G06007312,High,False,False,False,0
514921,G06007311,High,False,False,False,0
457026,G06007329,High,False,False,False,0
165568,G06007311,Low,False,False,False,0
169424,G06007317,Medium,False,False,False,0
170000,G06007316,Low,False,False,False,0
321880,G06007324,High,False,False,False,0
315683,G06007310,Medium,False,False,False,0
26030,G06007329,High,False,False,False,0
336582,G06007301,Medium,False,False,False,0
169639,G06007329,Medium,False,False,False,0
315747,G06007327,Low,False,False,False,0
74424,G06007316,High,False,False,False,1
22890,G06007315,High,False,False,False,0
444562,G06007315,High,True,True,False,0
456816,G06007316,Medium,False,False,False,0
518097,G06007317,Low,False,False,False,0
456780,G06007324,High,False,False,False,0
461392,G06007326,Low,False,False,False,0
22977,G06007312,Medium,False,False,False,0
28577,G06007312,High,False,False,True,0
169520,G06007316,High,False,False,False,0
444647,G06007324,Low,False,False,False,0
444667,G06007323,Medium,False,False,False,0
28575,G06007326,Medium,False,False,False,1
518037,G06007301,Medium,False,False,False,0
26034,G06007330,Low,False,False,False,0
28574,G06007327,High,True,True,False,0
65894,G06007324,High,False,False,False,0
336663,G06007316,Medium,False,False,False,0
62505,G06007314,Medium,False,False,False,0
337085,G06007323,Low,False,False,False,0
337083,G06007314,Low,False,False,False,0
28716,G06007317,Medium,False,False,False,0
74761,G06007311,High,False,False,False,0
60842,G06007317,Medium,False,False,False,0
74697,G06007301,Medium,False,False,True,0
22787,G06007330,Medium,False,False,False,0
456865,G06007314,High,False,False,False,0
444197,G06007315,High,False,False,False,0
169735,G06007315,Low,True,True,False,0
336884,G06007326,High,False,False,False,0
68437,G06007330,Medium,False,False,False,0
65942,G06007323,Low,False,False,False,0
315470,G06007330,High,False,False,False,0
463851,G06007324,Medium,False,False,False,0
162124,G06007327,High,False,False,False,0
336791,G06007317,Low,False,False,True,0
65964,G06007312,Medium,False,False,False,0
74522,G06007316,Low,False,False,False,0
462429,G06007315,High,False,False,False,0
444399,G06007327,High,False,False,False,0
169892,G06007317,High,False,False,False,0
446084,G06007310,High,False,False,False,0
161676,G06007310,High,False,False,False,0
27089,G06007315,Medium,False,False,False,0
331402,G06007312,Medium,False,False,False,1
331341,G06007326,Low,False,False,False,0
331340,G06007322,High,False,False,False,0
331301,G06007314,Medium,False,False,False,0
517307,G06007317,High,False,False,False,0
67964,G06007329,Medium,False,False,False,0
72234,G06007329,Medium,False,False,False,0
448006,G06007310,High,False,False,False,0
331233,G06007329,Medium,False,False,False,0
454521,G06007317,Low,False,False,False,0
27074,G06007301,Medium,False,False,False,0
331442,G06007316,High,False,False,False,0
516906,G06007310,Medium,False,False,False,0
513715,G06007310,Medium,False,False,True,0
159513,G06007330,Low,True,True,False,0
329005,G06007317,Medium,False,False,False,0
67784,G06007310,Low,False,False,False,0
331154,G06007301,Low,False,False,False,0
320554,G06007310,Medium,False,False,False,0
319702,G06007311,High,False,False,False,0
72152,G06007311,Low,False,False,False,0
319727,G06007324,Medium,True,True,False,0
67775,G06007311,Low,False,False,True,0
448185,G06007326,Medium,False,False,True,0
319774,G06007322,Low,False,False,False,0
72208,G06007301,High,False,False,False,0
517317,G06007310,Medium,True,True,False,0
59885,G06007315,Medium,False,False,True,0
332111,G06007317,High,False,False,False,0
328574,G06007329,High,False,False,False,0
455467,G06007326,High,True,True,False,0
166315,G06007329,High,False,False,False,0
67173,G06007301,Low,False,False,False,0
68001,G06007310,Medium,False,False,False,0
61800,G06007314,Low,False,False,False,0
455316,G06007323,Medium,False,False,False,0
158968,G06007311,Medium,False,False,False,0
331785,G06007330,Low,False,False,False,0
513303,G06007326,Low,True,True,True,0
159013,G06007301,High,True,True,False,0
67296,G06007323,Medium,False,False,False,0
513307,G06007310,Medium,False,False,False,0
62008,G06007324,Medium,True,True,False,0
328598,G06007310,High,False,False,False,0
72389,G06007312,Low,True,True,True,0
320924,G06007330,High,False,False,False,0
447778,G06007316,Low,False,False,False,0
447796,G06007315,Low,False,False,False,0
59866,G06007316,Low,False,False,False,0
331594,G06007315,High,False,False,False,0
27094,G06007314,Low,True,True,False,0
167265,G06007316,Medium,True,True,False,0
331507,G06007314,Low,False,False,False,0
447722,G06007310,Medium,False,False,False,0
449469,G06007322,High,False,False,True,0
27063,G06007322,High,False,False,False,0
159662,G06007317,High,True,True,False,0
72030,G06007314,Medium,False,False,False,0
513463,G06007310,Medium,False,False,False,0
513468,G06007314,Medium,True,True,False,0
60226,G06007311,High,True,True,False,0
26804,G06007316,Low,False,False,False,0
160189,G06007312,Low,False,False,False,1
319894,G06007326,High,False,False,False,0
465289,G06007322,High,False,False,False,0
329755,G06007322,High,False,False,False,0
454869,G06007323,High,False,False,False,0
320270,G06007326,Medium,False,False,False,0
71903,G06007314,High,False,False,True,0
330320,G06007316,Medium,False,False,False,0
166899,G06007316,High,False,False,False,0
160383,G06007310,Low,False,False,False,0
448444,G06007317,Medium,False,False,False,0
465245,G06007314,Medium,False,False,False,0
465175,G06007315,High,False,False,False,0
320156,G06007311,High,False,False,False,0
513583,G06007330,Medium,False,False,False,0
448836,G06007323,Medium,False,False,True,0
329625,G06007329,Medium,False,False,False,0
320161,G06007317,High,True,True,True,0
329557,G06007326,High,False,False,False,0
320175,G06007316,High,False,False,False,0
320213,G06007312,Medium,False,False,False,0
160326,G06007317,Medium,False,False,False,1
159594,G06007329,High,False,False,True,0
330373,G06007326,High,False,False,False,0
329248,G06007324,Medium,False,False,False,0
330951,G06007310,Low,False,False,True,0
27009,G06007327,High,False,False,False,0
330917,G06007327,High,True,True,False,0
320487,G06007329,High,False,False,False,0
159797,G06007317,Medium,False,False,False,0
167075,G06007316,Low,False,False,False,0
329060,G06007312,Low,False,False,False,0
330861,G06007330,High,True,True,False,0
319791,G06007326,Medium,False,False,False,0
60009,G06007301,High,False,False,False,0
71491,G06007330,High,True,True,False,0
448327,G06007326,Medium,False,False,False,0
517042,G06007324,Low,False,False,False,0
60288,G06007311,Low,True,True,False,0
462115,G06007311,Medium,False,False,False,0
448270,G06007311,High,True,True,False,0
67492,G06007316,High,False,False,False,0
330630,G06007310,Medium,True,True,False,0
330626,G06007324,Medium,True,True,True,0
319856,G06007323,High,False,False,False,1
160052,G06007326,Medium,False,False,False,0
26876,G06007326,High,True,True,False,0
462040,G06007322,High,False,False,False,0
160076,G06007310,Medium,False,False,False,0
329234,G06007326,Medium,False,False,True,0
61930,G06007327,High,False,False,False,0
167459,G06007330,Medium,False,False,False,0
513126,G06007323,High,False,False,True,0
23443,G06007316,Medium,False,False,True,0
68152,G06007311,Low,False,False,False,0
321325,G06007322,Medium,False,False,False,0
318118,G06007310,High,False,False,False,1
168067,G06007310,High,True,True,False,0
161527,G06007311,Medium,False,False,False,0
161526,G06007316,Medium,False,False,False,0
455834,G06007330,Medium,False,False,False,0
161524,G06007330,Low,False,False,False,0
512226,G06007315,Medium,False,False,False,0
157458,G06007327,Low,True,True,False,0
446517,G06007323,Medium,False,False,False,0
455814,G06007324,Low,False,False,False,0
161495,G06007326,Low,False,False,True,0
23554,G06007325,Medium,False,False,False,0
328154,G06007315,Medium,False,False,False,0
318337,G06007310,Low,False,False,True,0
514296,G06007301,High,False,False,True,0
333077,G06007326,Low,False,False,True,0
167888,G06007317,Low,True,True,True,0
157865,G06007312,High,False,False,False,0
318378,G06007327,Medium,False,False,False,0
333021,G06007330,Low,True,True,False,0
157959,G06007315,High,False,False,False,0
167958,G06007301,Low,False,False,False,0
318418,G06007327,High,False,False,True,0
333451,G06007316,Medium,False,False,False,0
66804,G06007310,High,False,False,True,0
333918,G06007311,Medium,True,True,False,0
514356,G06007330,Medium,False,False,False,0
157051,G06007312,Medium,False,False,False,0
333884,G06007310,High,False,False,False,0
517695,G06007301,High,False,False,False,1
157073,G06007330,Low,False,False,False,0
161637,G06007314,Medium,False,False,False,0
333802,G06007301,High,False,False,False,0
157123,G06007310,Medium,False,False,False,0
333460,G06007310,Low,False,False,False,0
333734,G06007324,High,False,False,False,0
511958,G06007317,Low,False,False,False,0
27840,G06007328,Medium,True,True,True,0
157245,G06007329,Medium,False,False,False,0
462255,G06007301,Medium,False,False,False,0
27817,G06007314,Medium,False,False,False,0
512015,G06007324,Medium,False,False,False,0
166104,G06007311,Medium,False,False,False,0
317947,G06007317,Medium,False,False,True,0
333544,G06007326,Low,False,False,False,0
78918,G06007317,Medium,False,False,False,0
321308,G06007310,Medium,False,False,False,0
512462,G06007330,Medium,False,False,False,0
66907,G06007301,Low,True,True,False,0
512909,G06007312,High,False,False,True,1
59538,G06007317,Medium,True,True,False,0
158447,G06007323,Low,False,False,True,0
62057,G06007310,Medium,True,True,False,0
167572,G06007315,Medium,True,True,False,0
161241,G06007322,Low,False,False,False,0
332427,G06007326,Medium,False,False,True,0
454192,G06007330,High,False,False,False,0
321009,G06007310,Medium,False,False,False,0
332422,G06007301,High,False,False,False,0
72639,G06007329,High,False,False,False,0
26379,G06007323,Medium,False,False,False,0
158663,G06007310,High,False,False,False,0
158681,G06007311,High,False,False,False,0
59695,G06007324,Low,True,True,False,1
517462,G06007324,High,False,False,False,0
513107,G06007324,High,False,False,False,1
513112,G06007301,Low,False,False,False,0
517428,G06007301,High,True,True,False,0
71339,G06007315,Medium,False,False,True,0
72581,G06007328,Low,False,False,False,0
167514,G06007316,Low,False,False,False,0
328442,G06007317,Medium,False,False,True,0
465793,G06007311,High,False,False,False,0
446998,G06007310,Low,False,False,False,0
158359,G06007330,Low,False,False,False,0
332912,G06007327,High,False,False,True,1
158029,G06007326,Low,False,False,True,0
321282,G06007326,High,False,False,False,1
321270,G06007317,Medium,True,True,False,0
62059,G06007301,Medium,False,False,False,0
158048,G06007317,Medium,False,False,False,0
446684,G06007317,Low,False,False,False,0
465907,G06007312,Low,False,False,True,0
167793,G06007311,Low,True,True,False,0
446792,G06007312,High,False,False,False,0
332882,G06007316,Medium,False,False,False,0
454093,G06007330,High,False,False,False,0
517543,G06007324,Low,False,False,False,0
161321,G06007301,Low,True,True,False,0
328326,G06007316,Medium,True,True,False,1
517463,G06007330,Low,False,False,False,0
512778,G06007311,High,False,False,False,0
321088,G06007330,Low,False,False,False,0
449501,G06007301,High,False,False,False,0
66991,G06007312,High,False,False,False,0
158301,G06007316,Medium,False,False,False,1
457131,G06007316,Medium,False,False,False,0
68532,G06007315,Medium,False,False,False,0
62551,G06007314,High,False,False,False,0
314300,G06007310,Low,False,False,False,0
459206,G06007311,High,False,False,False,0
30581,G06007315,Medium,True,True,False,0
150211,G06007314,High,True,True,False,0
325540,G06007330,Medium,False,False,False,0
30568,G06007317,Low,False,False,False,0
440537,G06007312,Medium,False,False,False,0
30566,G06007329,High,False,False,False,0
64025,G06007330,High,True,True,False,0
462621,G06007322,High,False,False,False,0
150346,G06007322,Low,False,False,False,0
508432,G06007301,Low,False,False,False,0
323604,G06007324,High,False,False,False,0
77319,G06007327,High,False,False,False,0
325572,G06007324,Medium,False,False,False,0
440552,G06007310,Medium,False,False,True,0
460643,G06007314,Low,False,False,False,1
30507,G06007310,High,True,True,True,0
323556,G06007312,High,True,True,False,1
24907,G06007310,Medium,False,False,False,0
440492,G06007316,Low,False,False,False,0
516232,G06007322,Medium,False,False,False,1
77389,G06007323,Low,False,False,False,0
460554,G06007329,Medium,True,True,False,0
61228,G06007316,High,False,False,False,0
452964,G06007330,Medium,False,False,False,0
344249,G06007330,High,False,False,False,0
77723,G06007315,Medium,False,False,False,0
149956,G06007310,High,True,True,False,0
21514,G06007324,Low,False,False,False,0
440101,G06007322,Medium,False,False,False,0
164760,G06007329,Medium,True,True,True,0
63071,G06007324,Medium,False,False,False,0
440152,G06007317,Low,False,False,False,0
325525,G06007315,Medium,False,False,False,0
459400,G06007315,Low,False,False,False,0
460576,G06007301,Low,True,True,False,0
508102,G06007310,Low,False,False,False,0
172771,G06007314,Medium,False,False,False,0
452196,G06007327,Low,False,False,False,0
68822,G06007330,Medium,False,False,True,0
77436,G06007316,Medium,False,False,False,0
468282,G06007311,Medium,False,False,False,0
452153,G06007330,Low,False,False,False,0
520067,G06007316,High,False,False,True,0
451911,G06007330,High,False,False,False,0
76811,G06007329,Low,False,False,False,0
172221,G06007329,Low,True,True,False,0
64295,G06007323,High,False,False,False,0
342444,G06007328,High,True,True,False,0
164965,G06007327,High,False,False,False,0
441320,G06007315,Low,False,False,False,0
325832,G06007329,Medium,True,True,False,0
68780,G06007314,High,False,False,False,0
441333,G06007310,High,False,False,False,0
311946,G06007310,High,False,False,False,0
468010,G06007312,Low,True,True,False,0
311959,G06007330,Medium,False,False,False,0
312060,G06007326,High,False,False,False,0
342272,G06007315,Medium,False,False,False,0
151478,G06007301,Medium,False,False,False,0
323205,G06007324,High,True,True,False,0
30112,G06007316,High,False,False,True,0
69883,G06007316,Medium,False,False,False,0
519936,G06007322,High,False,False,False,0
312179,G06007310,Low,False,False,False,0
24789,G06007310,High,False,False,False,0
342177,G06007316,High,False,False,False,0
312180,G06007315,Medium,False,False,False,0
342550,G06007317,High,False,False,False,0
151075,G06007314,Medium,False,False,False,0
30306,G06007311,Medium,False,False,False,0
508924,G06007316,High,True,True,True,0
468173,G06007317,Low,False,False,True,0
150680,G06007314,Low,False,False,False,0
64134,G06007314,Low,True,True,False,0
440782,G06007326,Medium,False,False,True,0
172435,G06007310,High,False,False,False,0
323393,G06007310,Medium,False,False,True,0
25376,G06007322,High,False,False,False,0
343030,G06007301,Medium,False,False,False,0
64162,G06007311,Medium,False,False,False,1
440892,G06007316,Medium,False,False,False,0
325703,G06007310,Medium,True,True,False,0
149937,G06007316,High,False,False,False,0
77070,G06007316,Low,False,False,False,0
311669,G06007314,High,True,True,False,0
441030,G06007324,Medium,False,False,False,0
520019,G06007316,High,False,False,False,0
342841,G06007324,High,True,True,False,0
441096,G06007317,Medium,False,False,False,0
342815,G06007317,High,False,False,False,0
172291,G06007326,High,False,False,False,0
441261,G06007301,Low,True,True,True,1
22494,G06007317,Low,True,True,False,0
76820,G06007311,High,False,False,False,0
325763,G06007329,Low,False,False,False,0
61139,G06007330,Medium,False,False,False,0
172068,G06007324,High,False,False,False,0
344352,G06007328,High,True,True,False,0
345440,G06007301,High,False,False,False,0
63234,G06007323,Low,False,False,False,0
31107,G06007329,High,False,False,False,0
324868,G06007301,High,True,True,False,0
324906,G06007323,Medium,False,False,False,0
309785,G06007317,Low,False,False,False,0
148976,G06007312,High,False,False,False,0
164150,G06007316,Low,False,False,False,0
468653,G06007316,High,False,False,False,0
148981,G06007330,High,True,True,True,0
63418,G06007314,Low,False,False,False,0
468622,G06007310,Low,False,False,False,0
173451,G06007324,Low,False,False,False,0
310003,G06007322,Low,True,True,False,0
164512,G06007326,High,False,False,False,0
173403,G06007327,Low,False,False,False,0
164552,G06007317,Low,False,False,False,0
69032,G06007316,Low,False,False,True,0
173383,G06007311,Low,False,False,False,0
149049,G06007330,High,False,False,True,0
459886,G06007314,High,False,False,False,1
325015,G06007316,Low,False,False,False,1
149096,G06007324,Medium,False,False,False,0
63382,G06007324,Medium,True,True,False,0
173671,G06007310,Medium,False,False,True,0
148852,G06007315,Medium,False,False,False,0
452566,G06007327,High,False,False,False,0
69174,G06007310,Medium,False,False,False,0
521024,G06007324,High,True,True,False,0
69279,G06007310,High,False,False,False,0
468921,G06007317,Medium,True,True,True,0
438560,G06007311,Low,False,False,False,0
521016,G06007330,High,True,True,True,0
460265,G06007310,Medium,True,True,False,0
148637,G06007327,Medium,True,True,False,0
78836,G06007330,Low,True,True,False,0
173925,G06007310,Medium,False,False,True,0
460219,G06007327,Medium,True,True,False,0
345883,G06007324,Medium,False,False,False,0
460213,G06007301,Low,False,False,False,0
462767,G06007315,Low,False,False,False,0
520886,G06007330,Low,False,False,False,0
460312,G06007330,Low,False,False,True,1
324300,G06007315,Medium,False,False,False,0
438938,G06007329,Medium,True,True,False,0
69061,G06007311,Low,False,False,False,0
164189,G06007322,High,False,False,False,1
345688,G06007330,High,False,False,False,0
438996,G06007326,High,False,False,False,0
63152,G06007315,Low,False,False,False,0
173204,G06007323,High,False,False,False,0
459819,G06007311,Medium,False,False,True,0
164667,G06007301,High,False,False,False,1
323867,G06007312,Medium,False,False,False,0
323818,G06007329,High,False,False,False,0
63091,G06007315,Medium,False,False,False,0
30772,G06007314,Medium,True,True,False,0
520457,G06007330,Medium,False,False,False,0
63766,G06007310,Low,True,True,True,0
439804,G06007323,High,False,False,False,0
164747,G06007315,Low,False,False,False,0
149706,G06007315,Medium,False,False,True,0
344672,G06007324,Low,False,False,False,0
439861,G06007315,Low,False,False,False,1
344550,G06007317,Low,False,False,False,1
439871,G06007312,Low,False,False,False,1
57631,G06007316,Medium,False,False,False,0
77886,G06007322,High,False,False,False,0
149864,G06007328,High,False,False,False,0
77870,G06007314,High,False,False,False,0
344455,G06007316,High,False,False,False,0
77850,G06007311,High,False,False,False,0
468354,G06007310,Medium,False,False,False,0
325419,G06007317,Medium,False,False,False,0
344397,G06007327,High,False,False,False,0
325191,G06007322,High,False,False,False,0
325086,G06007310,High,True,True,True,0
57576,G06007314,High,False,False,False,0
323975,G06007310,Low,True,True,True,0
345249,G06007329,Low,False,False,False,0
439371,G06007310,Medium,False,False,False,1
468548,G06007323,Medium,False,False,False,0
345191,G06007301,High,False,False,False,0
345176,G06007327,High,True,True,False,0
21436,G06007323,High,False,False,False,0
149270,G06007324,Low,False,False,False,0
345152,G06007324,Low,True,True,False,0
345121,G06007310,Medium,True,True,False,0
439424,G06007316,High,False,False,False,0
468496,G06007327,Medium,False,False,False,0
345115,G06007316,Low,False,False,False,0
452899,G06007323,High,False,False,False,0
78075,G06007310,High,False,False,True,0
345040,G06007301,High,False,False,False,0
459797,G06007330,High,False,False,False,0
459740,G06007316,High,False,False,False,0
344999,G06007316,High,True,True,False,1
463024,G06007324,High,False,False,False,0
25055,G06007310,Medium,False,False,False,0
439540,G06007322,Low,False,False,False,0
151599,G06007327,Low,False,False,False,0
311866,G06007310,Low,False,False,False,1
465081,G06007316,Low,False,False,False,0
322481,G06007315,Low,False,False,False,0
75844,G06007312,Low,False,False,True,1
170817,G06007301,Low,False,False,False,0
442585,G06007301,High,False,False,False,0
152703,G06007330,Medium,False,False,False,0
22232,G06007312,Low,True,True,False,0
313295,G06007314,High,False,False,False,1
326452,G06007315,High,False,False,False,0
25726,G06007315,Medium,False,False,False,0
515053,G06007314,Low,False,False,False,0
152711,G06007323,High,False,False,True,0
443265,G06007324,Medium,False,False,True,0
313307,G06007312,Medium,False,False,False,0
443242,G06007301,High,False,False,False,0
152719,G06007330,Medium,False,False,False,0
22285,G06007311,Low,False,False,False,0
510016,G06007330,Low,False,False,False,0
58367,G06007327,High,False,False,False,0
338932,G06007315,High,False,False,False,0
58158,G06007330,High,False,False,False,0
25662,G06007316,High,False,False,False,0
338776,G06007310,High,False,False,False,0
313045,G06007314,Medium,False,False,False,1
326359,G06007301,Low,False,False,False,0
442946,G06007330,Medium,False,False,False,0
152238,G06007317,High,False,False,False,0
24637,G06007316,High,False,False,False,0
60982,G06007327,Medium,False,False,False,0
461064,G06007310,Low,False,False,False,0
451352,G06007315,Medium,False,False,False,0
340035,G06007326,Low,False,False,False,0
463463,G06007330,Medium,False,False,False,0
453493,G06007310,Medium,False,False,True,0
313136,G06007317,High,False,False,False,0
322452,G06007311,High,False,False,True,0
338827,G06007329,Low,False,False,False,0
463475,G06007323,High,False,False,False,1
340330,G06007316,Low,False,False,False,0
165396,G06007327,Medium,False,False,False,0
338830,G06007322,Low,False,False,False,0
153508,G06007323,Medium,False,False,False,0
152309,G06007323,Medium,False,False,False,0
340006,G06007329,Medium,False,False,False,0
510040,G06007311,Low,False,False,False,0
519109,G06007315,Low,False,False,False,0
322755,G06007315,Medium,False,False,False,0
467438,G06007323,High,False,False,True,0
339136,G06007311,Medium,False,False,False,0
442739,G06007326,High,True,True,False,0
326460,G06007327,Low,False,False,False,0
339530,G06007326,Medium,True,True,False,0
153045,G06007324,Low,False,False,False,0
61528,G06007316,High,False,False,False,0
339445,G06007317,Medium,False,False,False,0
62733,G06007323,Low,True,True,True,0
339156,G06007310,Medium,False,False,False,0
510130,G06007329,High,False,False,False,0
510185,G06007314,High,False,False,False,0
453407,G06007310,Medium,False,False,False,0
339373,G06007323,High,True,True,False,0
153188,G06007301,High,False,False,False,0
326505,G06007324,Low,False,False,False,0
58278,G06007326,High,False,False,False,0
326537,G06007315,Medium,True,True,False,0
322537,G06007301,Medium,False,False,False,0
61019,G06007316,High,False,False,False,0
62775,G06007327,Medium,False,False,False,0
153326,G06007310,Low,False,False,False,0
152960,G06007310,Medium,False,False,False,0
443234,G06007330,High,False,False,False,1
442623,G06007329,Low,True,True,False,0
339963,G06007315,Medium,False,False,False,0
338950,G06007315,High,False,False,False,0
519019,G06007323,Medium,False,False,False,0
339927,G06007311,Medium,False,False,False,0
339924,G06007322,Low,False,False,False,0
519037,G06007316,Medium,False,False,False,0
313771,G06007330,High,False,False,False,0
467449,G06007301,Medium,False,False,False,0
58210,G06007322,Medium,False,False,True,0
153361,G06007330,Low,True,True,False,0
313566,G06007329,High,False,False,False,0
152880,G06007327,Low,False,False,False,0
519153,G06007330,High,False,False,False,0
165351,G06007328,High,True,True,False,0
170996,G06007314,High,False,False,False,0
326584,G06007323,High,False,False,False,0
519357,G06007324,Low,False,False,True,0
76382,G06007312,High,False,False,True,0
25799,G06007316,Medium,False,False,False,0
65642,G06007301,Low,False,False,False,0
338333,G06007322,High,False,False,True,0
338416,G06007314,Medium,False,False,False,0
341649,G06007316,Medium,False,False,False,0
519630,G06007322,Low,False,False,False,0
151841,G06007325,Medium,False,False,False,0
76622,G06007330,Medium,False,False,False,0
165170,G06007324,Medium,False,False,False,0
341604,G06007301,High,False,False,False,1
162512,G06007323,Low,False,False,False,0
453320,G06007329,High,False,False,True,0
22430,G06007326,Medium,False,False,False,0
326168,G06007317,Low,False,False,False,0
341666,G06007312,Medium,False,False,True,0
64496,G06007315,Medium,False,False,False,0
151713,G06007315,High,False,False,True,1
338226,G06007317,Medium,False,False,False,0
460867,G06007310,Medium,True,True,False,0
457214,G06007322,Medium,False,False,False,0
341937,G06007311,Medium,False,False,False,0
457285,G06007316,Medium,False,False,False,0
151728,G06007326,Medium,True,True,False,0
451795,G06007316,High,False,False,False,0
509350,G06007315,Medium,True,True,False,0
453278,G06007311,High,False,False,False,0
326096,G06007327,High,False,False,False,0
76453,G06007311,High,False,False,False,0
341829,G06007317,Medium,False,False,False,0
519632,G06007327,Medium,False,False,False,0
461212,G06007324,High,False,False,False,1
514994,G06007324,High,False,False,False,1
451587,G06007330,Medium,False,False,False,0
151870,G06007324,Medium,True,True,False,1
326062,G06007314,Medium,False,False,False,1
460868,G06007310,High,False,False,False,0
152050,G06007322,High,False,False,False,1
25597,G06007310,High,False,False,False,0
467170,G06007316,Medium,False,False,False,0
519418,G06007316,Medium,False,False,True,0
451377,G06007314,Medium,False,False,False,0
153933,G06007315,Low,False,False,False,0
24621,G06007314,Low,True,True,True,0
152134,G06007301,Low,False,False,False,0
76659,G06007317,High,False,False,False,0
518801,G06007314,Low,True,True,False,0
467167,G06007322,Low,False,False,False,0
22130,G06007311,High,False,False,False,0
338590,G06007329,High,False,False,False,0
462494,G06007315,Low,False,False,False,0
312709,G06007327,High,True,True,False,0
165206,G06007316,High,False,False,False,0
510358,G06007316,Low,False,False,False,0
22082,G06007326,High,False,False,False,1
341375,G06007311,Low,False,False,False,0
170765,G06007314,High,False,False,True,0
30040,G06007310,Low,True,True,True,0
312880,G06007315,High,True,True,False,0
312911,G06007317,Medium,False,False,False,0
342082,G06007310,Low,False,False,False,1
104255,G06007325,High,False,False,False,0
403961,G06007307,Medium,True,True,False,0
382709,G06007328,High,True,True,False,1
381876,G06007313,High,False,False,False,0
283681,G06007325,High,False,False,False,0
120821,G06007306,High,False,False,False,0
83039,G06007306,High,True,True,False,0
382853,G06007306,High,False,False,False,0
273383,G06007308,Medium,False,False,False,0
433013,G06007313,Low,False,False,False,0
121128,G06007308,Medium,False,False,False,0
273471,G06007307,Medium,True,True,False,0
382124,G06007302,High,False,False,False,0
83805,G06007325,Medium,False,False,False,0
432784,G06007328,High,False,False,False,0
190104,G06007325,Medium,False,False,False,0
83959,G06007302,High,False,False,True,0
432197,G06007325,High,False,False,False,1
273654,G06007307,High,True,True,False,0
104648,G06007306,Low,False,False,False,0
186520,G06007326,High,False,False,False,1
432462,G06007308,High,False,False,False,0
121278,G06007307,High,True,True,False,1
432519,G06007302,Medium,False,False,False,0
84822,G06007328,Low,True,True,False,0
283099,G06007328,Medium,False,False,False,0
103595,G06007307,High,False,False,False,1
428993,G06007307,Low,False,False,False,0
189843,G06007328,Low,False,False,False,0
197742,G06007313,High,False,False,False,0
429796,G06007327,Low,False,False,True,0
103807,G06007313,Low,True,True,False,0
274920,G06007313,Medium,False,False,False,0
86442,G06007328,High,False,False,False,0
275134,G06007328,Medium,False,False,False,0
385119,G06007306,Medium,False,False,False,0
428362,G06007307,High,False,False,False,0
103321,G06007313,Medium,True,True,False,0
275342,G06007313,High,True,True,False,0
398055,G06007307,Low,False,False,False,0
428754,G06007308,Medium,False,False,False,0
428655,G06007328,High,True,True,False,0
428638,G06007328,Medium,False,False,False,0
189810,G06007307,Low,False,False,False,0
428564,G06007302,High,False,False,True,0
275240,G06007313,High,True,True,False,0
290532,G06007308,High,False,False,False,0
398936,G06007328,Medium,False,False,False,0
198364,G06007308,Low,False,False,False,0
85247,G06007306,High,False,False,False,0
198250,G06007326,High,False,False,False,0
274430,G06007325,Medium,False,False,False,0
85500,G06007313,Medium,False,False,False,0
404980,G06007326,Medium,False,False,False,0
404948,G06007328,High,False,False,False,0
291180,G06007308,Medium,False,False,True,0
85123,G06007302,Medium,False,False,False,0
274526,G06007307,Low,False,False,True,0
430626,G06007308,High,True,True,False,0
86132,G06007313,Low,False,False,False,0
398804,G06007307,Low,False,False,False,0
274546,G06007328,Low,False,False,False,0
383758,G06007306,High,False,False,False,0
383859,G06007306,Medium,False,False,False,0
198067,G06007328,Low,False,False,False,0
78254,G06007313,High,False,False,False,0
378626,G06007306,Medium,False,False,True,0
106497,G06007325,Low,False,False,False,0
439034,G06007306,High,False,False,False,1
292683,G06007325,High,False,False,False,0
124273,G06007307,High,False,False,False,0
201134,G06007328,Medium,False,False,False,0
439849,G06007313,Low,False,False,False,0
78034,G06007307,High,False,False,False,0
378411,G06007306,Medium,False,False,False,1
270651,G06007328,Low,True,True,False,0
438904,G06007302,Low,False,False,False,0
438186,G06007308,High,False,False,False,0
292548,G06007302,Medium,False,False,True,1
123763,G06007328,High,False,False,False,0
79285,G06007308,Low,False,False,False,0
105981,G06007306,High,False,False,False,1
437899,G06007306,Low,False,False,False,0
402331,G06007313,High,True,True,False,0
284656,G06007313,Medium,False,False,False,0
378729,G06007325,Medium,True,True,False,0
292638,G06007325,Medium,False,False,False,0
185635,G06007325,Medium,False,False,True,0
438486,G06007326,High,True,True,False,0
185644,G06007313,High,False,False,False,0
123794,G06007302,Low,False,False,False,0
79061,G06007325,Low,True,True,True,0
400374,G06007308,Medium,False,False,False,0
292830,G06007307,Low,False,False,False,0
76467,G06007313,Medium,False,False,False,0
377099,G06007306,Low,True,True,False,0
76499,G06007307,High,True,True,True,0
76579,G06007328,High,False,False,False,0
293041,G06007306,Low,True,True,False,0
185146,G06007302,High,True,True,False,0
284500,G06007302,Low,False,False,False,0
125051,G06007325,High,False,False,True,0
376916,G06007314,High,False,False,False,0
190525,G06007313,Medium,False,False,False,0
124951,G06007308,Low,True,True,False,0
77556,G06007308,High,True,True,False,0
440193,G06007306,High,False,False,False,0
440133,G06007313,Low,True,True,False,0
124419,G06007313,Medium,False,False,False,0
440108,G06007313,Low,False,False,False,1
77717,G06007313,High,False,False,True,0
124389,G06007302,Medium,False,False,False,0
440523,G06007328,Medium,False,False,False,0
270416,G06007307,High,False,False,False,0
401435,G06007326,High,False,False,True,0
441008,G06007307,Medium,False,False,False,0
293019,G06007308,High,False,False,False,0
106795,G06007307,High,False,False,False,0
77248,G06007326,Medium,False,False,False,0
435284,G06007313,High,False,False,False,0
191149,G06007308,High,False,False,False,0
105060,G06007313,Medium,False,False,False,0
108051,G06007308,Low,True,True,False,0
435128,G06007307,High,False,False,False,1
191207,G06007326,Low,False,False,False,0
435871,G06007313,Low,False,False,False,0
435849,G06007307,Medium,True,True,False,0
272339,G06007328,Medium,False,False,False,1
403380,G06007306,High,False,False,False,0
272240,G06007326,Medium,False,False,False,0
291985,G06007328,Low,False,False,True,0
199205,G06007306,High,False,False,False,0
381557,G06007302,Medium,False,False,True,0
108246,G06007313,Low,False,False,False,0
434966,G06007313,Low,True,True,False,0
434629,G06007313,High,False,False,False,0
381367,G06007306,High,True,True,False,1
381391,G06007325,High,False,False,False,0
121755,G06007307,High,True,True,False,0
283934,G06007313,Medium,False,False,False,0
436046,G06007306,High,True,True,False,0
122627,G06007325,Low,True,True,False,0
105795,G06007326,Low,False,False,False,0
379660,G06007307,Medium,False,False,False,0
437220,G06007313,Medium,False,False,False,0
292267,G06007313,Low,True,True,False,0
379578,G06007302,High,True,True,False,0
379259,G06007325,Medium,True,True,False,0
79553,G06007302,Low,True,True,False,0
123545,G06007326,Medium,False,False,False,0
200216,G06007325,High,False,False,False,0
123455,G06007328,Medium,False,False,False,0
402621,G06007308,Medium,True,True,False,0
402701,G06007308,High,False,False,False,0
107811,G06007307,Low,False,False,False,0
199935,G06007308,Medium,False,False,False,0
436406,G06007302,Medium,False,False,False,0
272027,G06007323,Medium,True,True,False,0
122702,G06007308,Medium,False,False,True,0
272082,G06007313,Medium,False,False,False,0
272095,G06007313,High,False,False,False,0
403057,G06007307,Low,False,False,False,0
436959,G06007306,High,False,False,False,0
122924,G06007328,High,False,False,False,0
271612,G06007313,Medium,False,False,False,0
436903,G06007314,High,False,False,False,1
122873,G06007313,Low,False,False,False,0
436873,G06007313,Low,False,False,False,0
380165,G06007313,High,False,False,False,0
199977,G06007302,High,True,True,False,0
185913,G06007308,Low,False,False,False,0
191023,G06007302,Medium,False,False,True,0
200050,G06007313,High,False,False,False,0
427980,G06007325,High,False,False,False,1
281684,G06007325,High,False,False,False,0
391957,G06007313,High,True,True,False,0
391526,G06007306,Medium,False,False,False,0
279090,G06007328,Low,True,True,False,0
395886,G06007313,High,False,False,False,0
94883,G06007326,High,True,True,False,0
194873,G06007313,High,False,False,False,0
409951,G06007313,Medium,False,False,False,1
410119,G06007325,High,False,False,False,0
113336,G06007313,Low,False,False,False,0
416053,G06007308,Low,True,True,False,0
113311,G06007306,Low,False,False,False,0
415948,G06007302,High,False,False,False,0
111274,G06007308,High,True,True,False,0
287667,G06007313,Low,False,False,False,0
287666,G06007307,High,True,True,False,0
410016,G06007302,High,False,False,False,0
94612,G06007307,Medium,False,False,False,0
419104,G06007302,High,False,False,False,0
114910,G06007328,High,False,False,False,1
114908,G06007313,Medium,False,False,False,1
93610,G06007326,Medium,True,True,False,0
418759,G06007328,High,False,False,False,0
114872,G06007313,Low,False,False,False,0
195478,G06007308,Low,False,False,False,0
419473,G06007302,High,False,False,False,0
115160,G06007307,High,False,False,True,0
390366,G06007325,High,False,False,False,0
110979,G06007306,High,False,False,False,1
390408,G06007325,High,False,False,False,0
94464,G06007328,Low,False,False,False,0
192986,G06007325,High,False,False,False,0
391396,G06007328,Medium,False,False,False,0
193000,G06007328,Low,False,False,False,0
418154,G06007325,Medium,False,False,False,0
192936,G06007308,Low,False,False,False,0
418580,G06007325,High,False,False,True,0
288239,G06007302,Low,False,False,False,0
390878,G06007313,Low,False,False,False,0
391146,G06007308,Medium,False,False,False,0
114524,G06007313,High,False,False,False,0
415647,G06007306,High,False,False,False,0
96114,G06007328,Medium,False,False,False,0
99826,G06007325,Low,False,False,False,0
394378,G06007307,Low,False,False,True,0
99191,G06007306,Low,True,True,False,0
412740,G06007328,High,False,False,False,0
111729,G06007313,High,True,True,False,0
410950,G06007313,Medium,False,False,False,0
412549,G06007326,Low,False,False,False,0
394608,G06007326,High,False,False,False,1
286840,G06007325,High,False,False,False,0
189000,G06007313,Medium,False,False,False,0
413118,G06007302,High,False,False,False,0
412983,G06007308,High,False,False,False,0
394186,G06007308,High,False,False,False,0
410839,G06007306,Low,False,False,False,0
412883,G06007306,Medium,True,True,False,0
394280,G06007328,Medium,False,False,False,0
394310,G06007313,Medium,False,False,False,0
393954,G06007308,Low,False,False,False,0
411899,G06007325,Medium,False,False,False,1
281295,G06007306,Low,False,False,False,0
411623,G06007313,Medium,True,True,False,0
394968,G06007307,High,True,True,False,0
411408,G06007307,High,False,False,False,0
411252,G06007313,Low,False,False,False,0
193683,G06007314,Medium,False,False,False,0
412102,G06007308,High,False,False,False,0
411157,G06007326,Low,False,False,False,0
96499,G06007313,Low,False,False,False,0
194203,G06007306,High,True,True,False,0
414536,G06007326,Medium,False,False,False,0
415570,G06007306,High,False,False,False,0
279772,G06007313,Low,False,False,False,0
111474,G06007308,High,False,False,False,0
113242,G06007326,High,False,False,False,0
194420,G06007307,Medium,False,False,False,0
188840,G06007328,High,True,True,False,0
410285,G06007328,Medium,False,False,False,0
414346,G06007306,Medium,False,False,False,1
188947,G06007313,High,False,False,False,0
111702,G06007325,High,True,True,False,0
393808,G06007328,Low,True,True,False,0
410779,G06007326,Low,False,False,False,0
393338,G06007329,Medium,False,False,False,1
96800,G06007313,Medium,False,False,False,1
410439,G06007328,High,False,False,False,0
96844,G06007313,Medium,False,False,False,0
393447,G06007308,Medium,False,False,False,0
117172,G06007325,High,False,False,False,1
196821,G06007328,High,False,False,False,0
289565,G06007325,Low,False,False,True,0
88997,G06007302,Medium,False,False,False,0
387090,G06007313,High,False,False,False,0
426115,G06007326,High,False,False,False,0
88886,G06007325,Medium,False,False,False,0
110058,G06007307,Medium,True,True,False,0
388066,G06007325,High,False,False,False,1
397151,G06007326,High,False,False,False,0
407533,G06007325,High,False,False,False,0
397132,G06007313,High,False,False,False,0
424276,G06007302,Low,False,False,False,0
388195,G06007313,High,False,False,False,0
387719,G06007326,Medium,False,False,False,0
387762,G06007313,Medium,True,True,False,0
116868,G06007325,Medium,False,False,False,0
102285,G06007307,Low,False,False,False,0
424591,G06007306,High,False,False,False,0
386026,G06007326,Medium,False,False,False,0
87781,G06007313,High,False,False,False,0
282845,G06007308,Medium,False,False,False,0
386161,G06007313,High,False,False,False,0
118272,G06007326,High,False,False,False,0
103289,G06007307,Medium,False,False,False,0
118471,G06007308,High,False,False,False,0
192075,G06007306,Low,False,False,False,0
118332,G06007308,Medium,True,True,False,0
385739,G06007302,Low,True,True,False,0
88698,G06007308,Low,False,False,False,0
192137,G06007325,Low,True,True,False,0
276044,G06007313,High,False,False,False,1
406616,G06007313,Medium,False,False,False,0
88430,G06007306,Medium,False,False,False,0
397590,G06007329,Medium,False,False,False,0
282843,G06007308,Low,False,False,False,0
386204,G06007308,High,False,False,False,0
88132,G06007328,Low,False,False,False,0
88142,G06007306,Medium,True,True,True,0
386257,G06007326,Low,False,False,False,0
103004,G06007313,High,False,False,False,0
116401,G06007328,High,False,False,True,0
92028,G06007328,High,True,True,False,0
110796,G06007327,Low,False,False,False,0
92170,G06007325,High,True,True,False,0
421378,G06007307,Medium,False,False,False,0
421424,G06007313,High,False,False,False,0
421800,G06007307,Low,False,False,False,0
408472,G06007328,Medium,True,True,False,0
91790,G06007308,Medium,False,False,False,0
389632,G06007306,High,True,True,False,0
101374,G06007313,Medium,False,False,True,0
115473,G06007313,Medium,False,False,False,0
189292,G06007313,High,False,False,False,0
419944,G06007313,Medium,False,False,False,0
419723,G06007308,Medium,False,False,False,0
288537,G06007313,High,False,False,False,1
396356,G06007302,High,False,False,False,0
420546,G06007325,Medium,True,True,False,0
92510,G06007307,Low,False,False,False,0
396345,G06007306,Medium,True,True,True,0
92264,G06007308,Medium,True,True,False,0
90277,G06007313,High,False,False,False,0
423684,G06007325,Low,False,False,False,0
396951,G06007307,Medium,False,False,False,0
90647,G06007308,Medium,False,False,True,1
423297,G06007302,High,False,False,False,0
90268,G06007313,High,False,False,False,0
102197,G06007325,Low,True,True,False,0
90116,G06007325,High,True,True,False,0
90128,G06007307,Medium,False,False,False,0
289237,G06007313,Medium,False,False,False,0
116297,G06007308,Medium,True,True,False,0
282545,G06007307,High,False,False,False,0
388641,G06007326,Medium,False,False,False,0
277269,G06007313,High,False,False,True,0
101659,G06007325,Low,False,False,False,0
396732,G06007308,High,False,False,False,0
192727,G06007306,Medium,True,True,False,0
110639,G06007302,Medium,True,True,False,0
91273,G06007313,Low,False,False,False,0
396884,G06007306,High,False,False,False,0
91214,G06007308,Low,False,False,True,0
169740,G06007306,High,False,False,False,0
201701,G06007302,High,False,False,False,0
25309,G06007325,High,False,False,False,0
243259,G06007306,High,False,False,False,0
220046,G06007306,High,False,False,True,0
516240,G06007307,High,False,False,False,0
517495,G06007328,Low,False,False,True,0
24774,G06007306,Medium,False,False,False,0
24729,G06007325,High,False,False,False,0
516501,G06007306,High,False,False,False,0
516589,G06007302,High,False,False,False,0
517629,G06007328,Low,False,False,False,0
512565,G06007307,Low,False,False,True,0
511927,G06007328,High,True,True,False,0
27495,G06007328,Medium,False,False,False,0
219406,G06007306,High,False,False,True,0
28128,G06007307,Low,False,False,True,0
511701,G06007325,Medium,False,False,False,0
511739,G06007307,High,False,False,False,0
27924,G06007306,Low,False,False,False,0
27899,G06007306,Low,False,False,False,0
511857,G06007313,High,False,False,False,0
27486,G06007325,High,False,False,False,1
512978,G06007325,Medium,False,False,False,0
26640,G06007307,High,False,False,True,0
513822,G06007306,Low,False,False,True,0
26388,G06007313,High,False,False,False,0
26231,G06007307,Low,False,False,False,0
243989,G06007325,Medium,False,False,False,0
244451,G06007302,Medium,False,False,False,0
244372,G06007325,Low,False,False,False,0
27210,G06007302,Medium,False,False,False,0
513484,G06007307,Medium,True,True,False,0
513551,G06007301,Low,False,False,False,0
20181,G06007325,Medium,False,False,False,1
522255,G06007325,High,False,False,False,0
521813,G06007302,High,False,False,False,1
521324,G06007328,High,True,True,False,0
240930,G06007308,High,True,True,False,0
521443,G06007302,Medium,False,False,False,0
20783,G06007302,High,False,False,False,0
521540,G06007306,High,True,True,False,0
523051,G06007306,High,False,False,False,0
523259,G06007306,Low,False,False,False,0
19431,G06007313,High,False,False,True,1
523011,G06007308,Medium,False,False,True,0
522606,G06007307,High,True,True,False,1
240479,G06007325,Medium,True,True,True,1
19713,G06007308,Medium,False,False,False,0
522804,G06007306,Medium,False,False,False,0
522683,G06007302,Medium,False,False,False,0
21402,G06007326,High,False,False,False,0
241937,G06007308,High,False,False,True,0
241930,G06007308,High,False,False,False,0
518594,G06007307,Medium,False,False,False,0
22492,G06007328,Medium,False,False,False,1
22422,G06007313,High,False,False,False,0
517719,G06007325,Low,True,True,True,0
242383,G06007313,Medium,False,False,True,0
23298,G06007302,High,False,False,False,0
23130,G06007325,Low,False,False,False,0
242186,G06007302,Low,False,False,False,0
517971,G06007313,High,False,False,False,1
22372,G06007307,Medium,False,False,True,0
519971,G06007307,Medium,False,False,False,0
241550,G06007325,Low,True,True,False,0
519459,G06007308,High,False,False,False,0
519586,G06007326,Low,True,True,False,0
519634,G06007313,Medium,False,False,False,0
241455,G06007308,High,False,False,False,0
519730,G06007307,Low,False,False,False,0
34444,G06007328,High,False,False,False,0
502231,G06007313,Medium,True,True,False,0
34392,G06007328,Low,False,False,False,0
502511,G06007313,Medium,False,False,False,0
34263,G06007328,High,False,False,True,0
34150,G06007306,Medium,False,False,False,0
248141,G06007308,Low,True,True,False,0
502769,G06007302,High,False,False,False,0
248311,G06007308,Medium,False,False,False,0
501811,G06007325,Medium,True,True,False,0
501875,G06007308,High,False,False,False,0
248347,G06007306,Low,False,False,True,0
34538,G06007302,Medium,False,False,False,0
502887,G06007306,High,False,False,False,0
502943,G06007313,Low,False,False,False,0
33351,G06007313,Medium,True,True,False,0
33306,G06007308,Medium,True,True,False,0
247623,G06007313,High,False,False,False,0
504267,G06007313,Medium,False,False,True,0
247469,G06007308,Low,False,False,True,0
33603,G06007313,Low,False,False,True,1
33875,G06007324,Medium,False,False,False,0
503039,G06007307,High,True,True,False,0
503424,G06007313,Low,False,False,False,0
498375,G06007302,Low,True,True,False,0
498401,G06007306,High,False,False,False,0
249694,G06007325,High,True,True,False,0
37767,G06007302,Medium,False,False,False,0
497433,G06007325,Low,False,False,False,0
250034,G06007313,Medium,False,False,False,0
249927,G06007328,Low,False,False,False,0
497643,G06007308,High,False,False,False,0
35592,G06007308,Medium,False,False,False,0
35127,G06007307,Low,False,False,False,0
35076,G06007308,High,False,False,False,0
501249,G06007307,Low,False,False,False,0
500435,G06007308,High,False,False,False,0
248941,G06007302,High,False,False,False,0
249417,G06007307,Low,False,False,True,0
249166,G06007328,Low,False,False,False,0
499761,G06007308,High,True,True,False,0
35812,G06007307,High,True,True,False,0
217774,G06007308,Medium,False,False,False,0
32893,G06007313,High,False,False,False,0
509081,G06007308,High,False,False,False,0
245814,G06007307,Medium,False,False,False,0
508663,G06007307,Medium,True,True,False,0
508065,G06007307,Medium,False,False,True,0
246102,G06007307,Low,True,True,False,1
508284,G06007329,Medium,False,False,False,0
510647,G06007325,High,False,False,False,0
28895,G06007308,Medium,True,True,False,0
510903,G06007308,High,True,True,False,0
510923,G06007308,High,False,False,False,0
29256,G06007306,Medium,False,False,False,0
219189,G06007313,Low,False,False,False,0
510124,G06007302,High,False,False,False,0
509391,G06007302,High,True,True,False,0
29850,G06007307,Medium,False,False,False,0
509561,G06007302,Medium,False,False,False,0
509697,G06007325,High,True,True,False,0
509842,G06007302,Low,False,False,False,0
509919,G06007313,High,True,True,False,0
510053,G06007313,High,False,False,False,0
29446,G06007306,High,False,False,False,0
246279,G06007328,Low,False,False,False,0
505688,G06007306,Medium,False,False,False,0
505575,G06007307,High,False,False,True,0
504861,G06007325,Medium,True,True,False,0
32781,G06007329,Low,False,False,False,0
505057,G06007301,Medium,False,False,False,0
247146,G06007302,High,False,False,False,0
506311,G06007313,Low,False,False,False,0
246623,G06007313,Medium,False,False,False,0
246566,G06007308,High,False,False,False,1
31061,G06007326,Medium,False,False,False,0
30881,G06007306,Low,False,False,False,0
218078,G06007325,Low,False,False,False,0
506517,G06007326,High,False,False,False,1
31595,G06007308,Low,False,False,False,0
222519,G06007307,Medium,False,False,False,0
540918,G06007313,Low,False,False,False,0
6548,G06007308,Medium,True,True,False,0
6449,G06007306,Medium,False,False,False,0
227152,G06007325,Medium,False,False,False,0
540845,G06007325,High,False,False,True,0
233473,G06007308,Medium,False,False,False,0
232744,G06007325,High,False,False,False,0
543327,G06007307,Medium,False,False,False,0
542661,G06007308,Low,False,False,True,0
541655,G06007328,High,False,False,False,0
542397,G06007328,Medium,True,True,True,0
233010,G06007325,Low,False,False,True,0
227567,G06007308,High,False,False,False,0
543528,G06007302,High,True,True,True,0
234627,G06007307,Low,True,True,False,0
538020,G06007308,High,False,False,False,0
9772,G06007325,High,True,True,False,0
537710,G06007307,Medium,False,False,False,0
539215,G06007328,Low,False,False,False,0
226833,G06007313,High,False,False,False,0
539432,G06007325,Medium,False,False,False,0
8248,G06007308,Low,True,True,True,0
538540,G06007329,Medium,False,False,False,0
538586,G06007302,High,False,False,False,1
226745,G06007308,High,False,False,False,0
4814,G06007328,Low,False,False,False,1
4686,G06007306,High,False,False,False,0
232519,G06007328,High,True,True,True,0
229416,G06007328,Medium,False,False,False,0
230900,G06007325,High,True,True,False,1
231116,G06007308,Medium,True,True,True,0
231120,G06007328,Medium,False,False,False,0
231287,G06007313,Low,False,False,False,0
231282,G06007306,Medium,False,False,False,0
2128,G06007306,High,False,False,False,0
546920,G06007307,High,False,False,True,0
1966,G06007313,High,False,False,False,0
1826,G06007306,High,False,False,False,0
230217,G06007313,Low,False,False,False,1
230345,G06007313,Medium,False,False,False,0
549669,G06007313,Medium,False,False,False,0
549179,G06007328,High,False,False,False,0
2369,G06007326,High,False,False,False,0
883,G06007313,Medium,False,False,False,0
546462,G06007308,Medium,True,True,False,0
3733,G06007302,Medium,False,False,False,0
228093,G06007308,Medium,True,True,False,0
4505,G06007328,Medium,False,False,False,0
543984,G06007313,High,False,False,False,0
544243,G06007313,Low,False,False,False,0
544055,G06007307,Medium,False,False,True,1
546208,G06007308,Medium,True,True,False,1
3220,G06007325,Medium,False,False,False,0
3106,G06007313,High,False,False,False,0
2978,G06007307,High,False,False,False,0
536883,G06007302,High,False,False,False,0
238665,G06007307,High,True,True,False,0
238600,G06007307,Medium,False,False,True,0
223689,G06007328,High,False,False,False,0
16783,G06007328,High,True,True,False,0
16727,G06007328,Medium,False,False,False,0
239033,G06007302,High,False,False,False,0
527407,G06007328,High,False,False,True,0
527450,G06007306,Low,False,False,False,0
16579,G06007307,Medium,False,False,False,0
15170,G06007306,Medium,False,False,False,0
237772,G06007313,Medium,False,False,True,0
15258,G06007306,Medium,False,False,False,0
223864,G06007302,Medium,False,False,False,0
223907,G06007327,Medium,False,False,False,0
16883,G06007308,High,True,True,True,0
223965,G06007307,Medium,False,False,False,0
529213,G06007307,High,False,False,False,0
529229,G06007302,Low,False,False,False,0
16939,G06007307,High,False,False,False,0
524754,G06007307,Medium,False,False,False,0
524853,G06007306,Low,False,False,False,0
239736,G06007328,Low,False,False,False,0
525278,G06007313,Medium,True,True,False,0
222720,G06007302,Low,True,True,False,0
524507,G06007325,High,True,True,False,0
524517,G06007326,High,True,True,False,0
525305,G06007308,Medium,False,False,False,0
17201,G06007307,Low,False,False,False,0
526731,G06007308,High,False,False,True,0
526872,G06007306,Low,False,False,False,0
16995,G06007313,Medium,False,False,False,0
239525,G06007328,Low,True,True,False,0
525420,G06007302,Medium,True,True,False,0
526101,G06007306,High,False,False,False,0
224422,G06007326,High,False,False,False,0
225483,G06007308,Medium,False,False,False,0
235650,G06007328,High,True,True,False,0
12092,G06007325,Medium,False,False,False,0
534216,G06007307,Medium,False,False,False,0
534231,G06007313,High,False,False,False,0
534391,G06007328,High,True,True,False,1
235864,G06007306,High,False,False,True,0
535290,G06007306,Medium,True,True,False,0
235275,G06007307,Medium,False,False,False,0
536566,G06007313,High,True,True,True,0
536719,G06007308,High,True,True,True,0
10448,G06007308,High,False,False,False,0
10477,G06007325,Low,False,False,False,0
535830,G06007307,Low,False,False,True,0
535816,G06007307,Medium,False,False,False,0
12458,G06007302,Low,True,True,False,0
13544,G06007328,High,False,False,False,1
224715,G06007325,High,False,False,False,0
224505,G06007314,Low,False,False,False,0
530483,G06007325,Low,False,False,False,0
530591,G06007307,Low,False,False,False,0
13537,G06007313,Medium,False,False,False,0
530894,G06007306,High,False,False,False,0
224650,G06007306,Medium,False,False,False,0
531015,G06007313,Medium,False,False,False,0
13017,G06007302,High,False,False,False,0
12770,G06007313,Medium,False,False,False,0
533569,G06007307,High,True,True,False,0
12545,G06007325,Low,False,False,False,0
12485,G06007302,Medium,True,True,False,0
532795,G06007302,High,False,False,False,0
236511,G06007307,Low,False,False,False,0
206068,G06007313,Low,False,False,False,0
459926,G06007313,High,False,False,False,0
263221,G06007326,High,False,False,False,0
460377,G06007314,Low,False,False,False,0
460389,G06007313,High,False,False,False,0
206293,G06007307,Medium,False,False,False,0
263085,G06007306,Medium,False,False,False,0
459833,G06007307,High,False,False,False,0
263432,G06007325,Medium,False,False,False,0
459570,G06007307,Medium,False,False,True,0
62504,G06007306,Medium,False,False,False,0
62500,G06007325,Low,False,False,False,0
461475,G06007306,High,True,True,False,0
206424,G06007308,High,False,False,False,0
460984,G06007306,High,False,False,False,0
206558,G06007313,Medium,False,False,False,0
461235,G06007306,Medium,False,False,False,0
461033,G06007325,Medium,False,False,False,1
461929,G06007302,High,False,False,False,0
64268,G06007326,Low,True,True,False,0
205183,G06007325,High,False,False,False,0
456404,G06007326,Medium,True,True,False,0
456443,G06007325,Medium,False,False,False,0
456752,G06007313,Low,False,False,False,0
457063,G06007302,Medium,False,False,False,0
455866,G06007328,High,True,True,True,0
66736,G06007306,Low,False,False,False,0
66682,G06007325,High,False,False,False,0
205449,G06007328,Medium,True,True,False,0
263970,G06007306,High,False,False,False,0
457441,G06007307,High,False,False,False,0
263684,G06007325,High,False,False,False,0
457719,G06007325,High,True,True,False,0
462027,G06007302,High,False,False,True,0
58160,G06007313,Medium,False,False,True,0
57990,G06007306,Low,False,False,False,0
208606,G06007308,High,False,False,False,0
208699,G06007325,High,False,False,False,0
468195,G06007325,Low,False,False,False,0
58563,G06007308,Low,False,False,True,0
468240,G06007325,High,False,False,False,0
469335,G06007306,High,False,False,True,1
208923,G06007326,Low,False,False,False,0
208813,G06007325,High,False,False,True,1
468414,G06007313,Medium,False,False,False,0
260334,G06007308,Medium,True,True,False,0
260303,G06007302,Low,True,True,False,0
57436,G06007326,High,True,True,False,0
463278,G06007306,Medium,False,False,False,0
463368,G06007302,High,False,False,False,0
463770,G06007308,High,False,False,False,1
61622,G06007307,High,False,False,False,0
462474,G06007328,High,False,False,False,0
462742,G06007307,Low,False,False,False,0
61366,G06007328,High,False,False,False,1
207541,G06007314,Low,False,False,True,0
59730,G06007308,High,False,False,False,0
465741,G06007306,Low,False,False,False,0
60314,G06007313,Medium,False,False,False,0
60729,G06007306,Low,False,False,False,0
455712,G06007325,Medium,False,False,False,0
447339,G06007308,Low,False,False,True,1
446401,G06007306,High,True,True,True,0
202696,G06007313,High,False,False,False,0
447380,G06007325,High,False,False,False,0
202977,G06007313,Medium,False,False,False,0
72060,G06007307,High,False,False,True,0
448570,G06007313,High,False,False,False,0
72203,G06007308,Low,False,False,False,0
447958,G06007328,Low,False,False,False,0
72650,G06007313,Medium,False,False,False,0
267864,G06007302,High,True,True,False,0
72351,G06007307,Low,False,False,False,0
267719,G06007307,High,False,False,False,0
447723,G06007326,High,False,False,False,0
445774,G06007306,Low,False,False,False,0
443067,G06007306,High,False,False,False,0
202045,G06007308,Medium,False,False,False,0
442918,G06007313,Low,False,False,False,0
442496,G06007306,High,False,False,False,0
74940,G06007325,High,False,False,False,0
75620,G06007307,High,False,False,False,0
442784,G06007308,Low,False,False,False,0
74090,G06007306,Low,False,False,False,0
445238,G06007306,Medium,True,True,False,0
202467,G06007302,Medium,False,False,False,0
73973,G06007325,Low,False,False,False,0
445351,G06007307,Medium,True,True,False,1
445558,G06007308,Medium,False,False,True,0
202406,G06007313,Low,False,False,True,0
74231,G06007308,Low,True,True,False,0
74876,G06007326,Low,False,False,True,0
74676,G06007313,High,True,True,False,0
68854,G06007325,High,False,False,False,0
453097,G06007325,High,False,False,False,1
453166,G06007328,High,False,False,True,0
453291,G06007307,High,True,True,False,0
68715,G06007313,High,False,False,False,0
453418,G06007325,Low,False,False,False,0
265523,G06007302,High,True,True,False,0
69441,G06007325,Low,True,True,True,0
452732,G06007308,Medium,False,False,False,0
69014,G06007302,Medium,True,True,False,1
265870,G06007302,Low,False,False,False,0
68969,G06007325,High,False,False,False,0
68496,G06007313,High,False,False,False,1
67494,G06007306,Medium,False,False,False,0
455122,G06007313,High,False,False,False,0
455152,G06007308,High,False,False,False,0
455204,G06007325,High,False,False,False,1
455449,G06007328,Medium,True,True,False,0
67145,G06007313,Medium,False,False,False,0
67141,G06007302,Medium,False,False,False,0
67869,G06007328,Low,False,False,False,0
265175,G06007302,Medium,True,True,False,0
453744,G06007313,Medium,False,False,False,0
454043,G06007306,Medium,True,True,False,0
454172,G06007328,High,False,False,False,0
266081,G06007307,High,False,False,False,0
266984,G06007326,Low,False,False,False,0
70779,G06007308,High,False,False,False,0
71132,G06007313,Medium,False,False,True,0
267069,G06007306,Medium,False,False,True,0
267304,G06007313,Medium,False,False,False,0
203249,G06007308,Medium,False,False,False,0
266204,G06007308,Low,False,False,False,0
452044,G06007313,Medium,False,False,False,0
69583,G06007325,Medium,True,True,False,0
451296,G06007325,Medium,False,False,False,0
497171,G06007325,Medium,False,False,False,0
487340,G06007306,Low,False,False,False,0
487529,G06007302,High,True,True,False,0
487833,G06007306,Low,False,False,False,0
44028,G06007313,Medium,False,False,False,0
487919,G06007313,Medium,False,False,False,0
487261,G06007328,High,False,False,False,0
486913,G06007306,Low,False,False,False,1
486923,G06007306,High,False,False,False,0
44489,G06007307,High,False,False,True,0
44367,G06007307,High,True,True,False,0
487056,G06007306,Medium,False,False,False,0
488107,G06007306,Medium,False,False,False,1
213550,G06007302,High,False,False,False,0
42815,G06007328,High,True,True,False,1
489695,G06007307,High,False,False,True,0
489848,G06007306,Medium,False,False,False,0
489070,G06007313,Low,True,True,False,0
43148,G06007302,Low,False,False,False,0
488232,G06007313,Low,False,False,False,0
488302,G06007307,Medium,False,False,False,0
43653,G06007307,High,False,False,False,0
488377,G06007329,Medium,True,True,False,0
489012,G06007308,Low,False,False,False,0
489877,G06007308,Medium,True,True,False,0
46526,G06007313,Medium,False,False,False,0
46354,G06007313,Low,False,False,False,0
46175,G06007313,Low,False,False,False,0
46166,G06007307,High,True,True,False,0
484801,G06007313,Medium,False,False,False,0
46600,G06007302,Medium,False,False,False,1
46838,G06007328,High,False,False,False,0
47114,G06007313,Medium,False,False,False,0
46951,G06007302,High,False,False,False,0
484874,G06007308,High,False,False,False,0
254007,G06007307,High,False,False,False,1
45041,G06007313,Medium,True,True,False,0
486379,G06007325,High,True,True,False,0
486396,G06007313,Medium,False,False,False,0
213132,G06007325,High,False,False,False,0
485776,G06007308,Medium,False,False,False,0
254151,G06007306,High,False,False,False,0
484976,G06007307,High,False,False,False,0
254385,G06007307,Medium,False,False,False,0
254249,G06007308,High,True,True,False,0
485532,G06007306,Medium,True,True,False,0
485536,G06007328,High,False,False,False,0
45613,G06007313,Medium,False,False,False,1
494030,G06007306,Medium,False,False,False,0
251089,G06007308,Medium,True,True,True,1
39269,G06007329,High,False,False,False,1
39258,G06007325,Medium,False,False,False,0
494661,G06007302,High,True,True,False,0
251198,G06007307,Low,False,False,False,0
493352,G06007328,Low,False,False,False,0
39915,G06007313,Low,False,False,False,0
496491,G06007313,High,True,True,False,0
496765,G06007302,Medium,False,False,False,0
38087,G06007313,Low,False,False,True,0
496827,G06007325,High,False,False,False,1
496850,G06007328,High,False,False,False,0
37883,G06007302,High,False,False,False,0
496247,G06007328,High,False,False,False,0
496246,G06007307,Medium,False,False,False,0
38907,G06007308,Medium,False,False,False,0
495294,G06007308,High,False,False,False,0
495990,G06007313,Medium,False,False,False,0
214952,G06007328,High,False,False,False,0
41575,G06007307,Low,False,False,False,0
41557,G06007313,High,True,True,False,0
41325,G06007308,High,False,False,False,0
252087,G06007328,Low,False,False,False,0
252646,G06007308,Medium,False,False,False,0
252537,G06007302,Medium,False,False,False,0
492434,G06007308,Medium,False,False,False,0
492696,G06007325,Low,False,False,False,0
492127,G06007326,Low,True,True,True,0
41162,G06007328,High,False,False,False,0
252032,G06007302,Medium,False,False,False,0
214758,G06007308,High,False,False,False,0
258311,G06007325,High,False,False,False,0
258126,G06007307,Medium,False,False,False,0
473204,G06007308,High,False,False,False,0
54240,G06007328,Medium,True,True,False,0
258453,G06007325,Medium,False,False,False,0
258340,G06007302,Medium,True,True,False,0
258034,G06007313,Low,False,False,True,0
257797,G06007302,High,False,False,False,0
475900,G06007313,Medium,False,False,True,0
475910,G06007328,High,False,False,False,0
257904,G06007307,Medium,False,False,False,0
209464,G06007306,Medium,False,False,False,0
470962,G06007307,High,False,False,False,0
55792,G06007302,Low,False,False,False,0
55755,G06007302,High,False,False,False,0
55656,G06007328,High,False,False,False,0
470586,G06007325,Low,True,True,False,0
470117,G06007306,High,False,False,False,0
472583,G06007306,Medium,False,False,False,0
54574,G06007308,Low,False,False,False,0
54766,G06007308,High,False,False,False,1
209773,G06007308,Low,False,False,False,0
55146,G06007302,High,True,True,True,0
259135,G06007325,Low,False,False,False,0
471863,G06007306,Medium,False,False,False,0
49231,G06007328,Low,False,False,False,0
49182,G06007306,Low,False,False,False,0
47759,G06007306,Medium,False,False,False,0
254974,G06007302,Low,False,False,True,0
47852,G06007325,High,False,False,False,0
47886,G06007308,High,True,True,False,0
481704,G06007313,Low,True,True,False,0
481913,G06007306,Medium,False,False,False,0
479205,G06007306,Low,False,False,False,0
48020,G06007314,High,False,False,False,0
476741,G06007306,Low,False,False,True,0
476974,G06007302,High,False,False,False,0
51467,G06007328,Medium,True,True,False,0
51442,G06007325,Low,True,True,False,0
210956,G06007302,Low,False,False,False,0
476653,G06007306,High,False,False,True,0
210923,G06007306,Low,True,True,False,0
210774,G06007325,Medium,True,True,False,0
52209,G06007306,Medium,True,True,False,0
52204,G06007308,Medium,False,False,False,0
211427,G06007302,Medium,False,False,True,0
256766,G06007308,Medium,True,True,False,0
478609,G06007325,Medium,True,True,False,1
50407,G06007302,High,False,False,False,0
256677,G06007302,Low,False,False,False,0
50348,G06007307,High,False,False,False,0
256846,G06007307,High,True,True,False,0
50972,G06007328,Low,False,False,False,0
211224,G06007308,Low,False,False,False,0
257036,G06007325,High,False,False,False,0
477639,G06007306,Low,False,False,False,1
257010,G06007308,High,False,False,False,0
256997,G06007313,High,True,True,True,0
477981,G06007326,High,False,False,False,1
341084,G06007308,High,True,True,False,0
362196,G06007313,Low,False,False,False,0
295062,G06007306,High,False,False,True,0
164756,G06007306,High,False,False,False,0
298680,G06007313,Low,False,False,False,0
323861,G06007302,High,False,False,False,1
310082,G06007313,High,False,False,False,0
152108,G06007325,Medium,False,False,False,0
331414,G06007307,High,True,True,False,0
362407,G06007306,Medium,False,False,False,0
362332,G06007313,High,False,False,True,0
135909,G06007328,High,False,False,False,0
362439,G06007313,Medium,True,True,False,0
323880,G06007325,Low,False,False,False,0
308514,G06007308,Medium,False,False,True,0
361608,G06007313,High,False,False,False,0
136459,G06007313,Medium,False,False,False,0
349308,G06007313,High,True,True,True,0
314842,G06007308,Medium,False,False,False,0
164642,G06007307,High,False,False,False,0
313162,G06007328,Medium,False,False,False,0
146151,G06007302,High,False,False,False,0
323953,G06007302,Medium,False,False,True,0
178139,G06007325,High,False,False,False,0
159537,G06007325,High,True,True,False,0
128449,G06007313,Low,False,False,False,1
361794,G06007308,Low,False,False,True,0
303426,G06007313,Medium,False,False,False,0
306425,G06007328,High,False,False,False,0
331895,G06007325,High,False,False,False,0
331806,G06007326,Medium,True,True,False,0
129242,G06007307,Low,False,False,False,0
323319,G06007313,High,False,False,False,0
159000,G06007329,Medium,True,True,False,0
323410,G06007314,Low,False,False,False,1
177884,G06007326,Low,False,False,False,0
371097,G06007325,High,False,False,False,0
370932,G06007306,High,False,False,True,0
341861,G06007302,High,True,True,False,0
303784,G06007308,Low,False,False,False,0
135347,G06007302,Low,False,False,False,0
167723,G06007328,High,False,False,False,1
371500,G06007325,Medium,False,False,False,0
135520,G06007313,High,False,False,False,1
303502,G06007325,High,True,True,False,0
298432,G06007302,High,False,False,False,0
183671,G06007302,Low,False,False,False,0
135356,G06007308,Medium,False,False,False,0
347861,G06007308,Medium,False,False,False,0
135406,G06007307,Low,False,False,False,0
308657,G06007308,Medium,False,False,False,0
306372,G06007325,Medium,False,False,False,0
309793,G06007308,High,False,False,False,1
323517,G06007306,Low,False,False,False,0
372309,G06007302,Low,False,False,False,0
178561,G06007308,Medium,False,False,False,0
317510,G06007325,Low,False,False,False,0
184209,G06007308,Medium,False,False,False,1
330379,G06007325,High,False,False,False,0
137884,G06007325,High,False,False,True,0
170082,G06007313,High,False,False,True,0
145231,G06007307,High,True,True,False,0
373154,G06007307,Medium,False,False,False,0
127887,G06007308,High,False,False,True,0
137622,G06007306,High,False,False,False,0
317523,G06007313,Medium,False,False,False,0
324916,G06007306,Low,True,True,True,0
373607,G06007308,High,False,False,True,0
339716,G06007308,High,False,False,False,0
160161,G06007313,High,False,False,True,0
339714,G06007308,High,False,False,False,0
180918,G06007306,High,False,False,False,0
164072,G06007314,Medium,False,False,False,0
178628,G06007313,High,False,False,True,0
168580,G06007326,High,False,False,True,0
315078,G06007326,Low,False,False,True,0
340588,G06007325,Low,False,False,False,0
349655,G06007308,Medium,False,False,False,0
314878,G06007326,High,False,False,False,0
360966,G06007308,Medium,False,False,False,0
170149,G06007307,Medium,False,False,False,0
360978,G06007308,Low,False,False,False,0
310249,G06007306,Medium,False,False,False,0
174675,G06007306,High,False,False,False,0
128308,G06007306,Medium,False,False,False,1
349498,G06007308,Medium,False,False,False,0
340623,G06007307,High,False,False,False,0
349729,G06007329,Medium,False,False,False,0
349942,G06007308,High,False,False,False,0
152584,G06007308,Low,True,True,False,0
350115,G06007306,Low,False,False,False,0
178283,G06007306,High,False,False,False,0
330715,G06007313,High,False,False,False,0
128116,G06007325,Low,False,False,False,0
349841,G06007326,High,False,False,False,0
360588,G06007313,Low,True,True,False,0
299011,G06007325,Low,False,False,False,0
129444,G06007308,Medium,False,False,False,0
174279,G06007313,High,False,False,False,0
166012,G06007302,High,True,True,True,0
296977,G06007313,Low,True,True,True,0
131185,G06007325,Medium,False,False,True,0
182619,G06007328,High,False,False,False,0
366474,G06007302,High,False,False,False,0
166075,G06007307,High,False,False,False,0
176922,G06007325,High,False,False,False,0
366844,G06007308,High,False,False,False,0
149289,G06007302,Medium,False,False,False,0
149197,G06007307,Medium,False,False,False,0
305382,G06007313,Medium,False,False,False,0
170602,G06007306,Medium,False,False,False,0
321562,G06007307,High,True,True,False,0
366325,G06007307,Low,False,False,False,0
133294,G06007308,High,True,True,False,0
183049,G06007313,High,False,False,False,0
345627,G06007313,Medium,False,False,False,0
158120,G06007313,Medium,False,False,False,0
334099,G06007306,Low,False,False,False,0
130858,G06007308,Low,True,True,False,0
305685,G06007313,High,False,False,False,0
321752,G06007313,High,True,True,False,0
158117,G06007313,Medium,False,False,False,0
368807,G06007313,Medium,False,False,False,0
296078,G06007306,High,True,True,False,0
368839,G06007313,Low,False,False,False,0
182522,G06007325,Medium,False,False,False,0
167044,G06007308,High,False,False,False,0
156825,G06007325,Low,False,False,False,0
149670,G06007306,Medium,False,False,False,0
296507,G06007313,Low,False,False,False,0
344735,G06007325,Medium,False,False,False,0
296571,G06007326,Low,False,False,False,0
344773,G06007325,Medium,False,False,False,0
320610,G06007302,High,True,True,False,0
166521,G06007313,High,False,False,False,0
305065,G06007328,High,False,False,False,0
166662,G06007302,High,False,False,False,0
344969,G06007313,Medium,False,False,False,0
149444,G06007314,Medium,False,False,False,0
177175,G06007327,Medium,False,False,True,0
182961,G06007325,High,False,False,True,0
166167,G06007326,High,True,True,False,0
320222,G06007302,Medium,False,False,False,0
305247,G06007329,Medium,False,False,False,0
149498,G06007306,High,False,False,False,0
367400,G06007328,High,False,False,False,0
320972,G06007313,High,True,True,False,0
132033,G06007313,Low,False,False,False,1
132070,G06007306,Low,False,False,False,0
308969,G06007302,Medium,False,False,True,0
149528,G06007302,High,False,False,True,0
344064,G06007307,Medium,False,False,False,0
166715,G06007313,Medium,False,False,False,0
320525,G06007306,High,False,False,False,0
330011,G06007308,Low,True,True,True,0
332831,G06007325,Medium,False,False,False,0
177769,G06007308,Low,False,False,False,0
364336,G06007313,Medium,False,False,False,0
309616,G06007325,Medium,False,False,False,0
342318,G06007306,Medium,False,False,False,0
147940,G06007302,Medium,False,False,False,0
347059,G06007326,Low,False,False,False,0
364399,G06007313,Medium,False,False,False,0
364612,G06007302,Medium,True,True,False,0
167333,G06007307,High,False,False,False,0
364554,G06007302,Medium,True,True,False,0
158697,G06007313,Low,False,False,False,0
332275,G06007308,High,False,False,False,0
183352,G06007313,Low,False,False,False,0
363930,G06007326,High,True,True,True,1
129547,G06007308,Low,False,False,True,0
297986,G06007306,Low,False,False,False,0
323010,G06007313,Low,False,False,False,1
363810,G06007325,Medium,False,False,False,0
309652,G06007328,Low,False,False,False,0
370828,G06007306,Medium,True,True,False,0
151699,G06007328,Medium,True,True,False,0
341946,G06007313,Low,False,False,False,1
363732,G06007325,Medium,False,False,False,0
322777,G06007325,High,False,False,False,0
129651,G06007325,Medium,False,False,False,0
308793,G06007326,High,False,False,False,0
314528,G06007325,Medium,False,False,False,0
332146,G06007307,Medium,False,False,False,0
305775,G06007313,High,False,False,True,0
177563,G06007313,Medium,True,True,False,0
365482,G06007307,High,False,False,True,0
165676,G06007306,High,False,False,False,0
346100,G06007306,Low,False,False,True,0
369590,G06007328,Medium,True,True,False,0
297426,G06007313,High,False,False,False,0
167189,G06007302,Medium,False,False,False,0
322341,G06007302,Medium,False,False,False,0
334246,G06007313,High,False,False,False,0
148441,G06007325,High,False,False,True,0
173918,G06007308,High,True,True,False,0
308834,G06007302,High,False,False,False,0
369902,G06007302,Low,False,False,False,1
365217,G06007302,Medium,False,False,False,0
369671,G06007325,Low,False,False,False,0
165569,G06007306,High,True,True,False,0
158457,G06007302,High,True,True,False,0
172099,G06007313,Low,False,False,False,0
325906,G06007302,Medium,True,True,False,0
175149,G06007302,Medium,True,True,False,0
325917,G06007313,High,False,False,False,0
139275,G06007307,Low,False,False,False,0
179059,G06007328,High,False,False,False,0
169010,G06007308,High,False,False,True,1
300100,G06007313,Medium,False,False,False,0
329307,G06007307,High,False,False,False,0
184922,G06007306,High,False,False,False,0
307621,G06007328,Medium,False,False,False,0
154196,G06007302,Low,True,True,True,0
374810,G06007307,Low,False,False,False,0
352630,G06007326,Medium,False,False,False,0
328497,G06007308,Medium,False,False,False,0
142397,G06007306,Low,False,False,True,0
162228,G06007326,Medium,False,False,False,0
169026,G06007307,Low,False,False,False,0
307655,G06007306,High,True,True,True,0
125807,G06007313,High,False,False,False,0
338694,G06007308,High,False,False,False,0
126983,G06007328,Low,False,False,False,0
307219,G06007307,Low,False,False,False,1
184432,G06007326,High,False,False,False,1
169865,G06007313,Low,False,False,False,0
125547,G06007326,Medium,False,False,False,0
142119,G06007328,High,False,False,False,0
299881,G06007328,Medium,False,False,False,0
301397,G06007313,Medium,True,True,False,0
312404,G06007308,Low,True,True,False,0
154275,G06007313,Low,False,False,False,1
338961,G06007308,Medium,False,False,False,0
357961,G06007308,High,False,False,True,0
175719,G06007306,High,True,True,False,0
307677,G06007313,High,True,True,False,0
329479,G06007306,High,False,False,False,1
374427,G06007308,Low,False,False,False,0
299953,G06007313,High,False,False,False,0
374537,G06007306,Low,False,False,False,0
175350,G06007313,Medium,False,False,False,0
355776,G06007313,Low,True,True,True,0
299957,G06007328,Low,True,True,False,0
180260,G06007325,High,False,False,False,0
356867,G06007307,High,False,False,False,0
337901,G06007327,Low,False,False,False,0
353404,G06007313,Low,False,False,False,0
356530,G06007325,High,False,False,False,0
308181,G06007325,High,False,False,False,0
172611,G06007327,Medium,False,False,False,0
338271,G06007308,High,False,False,False,0
336231,G06007314,Low,False,False,False,0
312109,G06007308,High,False,False,False,1
140337,G06007308,High,False,False,False,0
375630,G06007313,High,False,False,False,0
353152,G06007325,Medium,False,False,False,0
356591,G06007307,High,False,False,True,0
169322,G06007313,Low,False,False,False,0
326464,G06007306,Medium,False,False,False,0
356154,G06007302,Medium,False,False,False,0
139557,G06007325,Medium,False,False,True,0
184602,G06007308,High,False,False,False,0
329197,G06007325,High,True,True,False,0
139665,G06007307,Medium,False,False,False,0
126013,G06007308,High,False,False,False,0
316284,G06007313,High,False,False,False,0
357366,G06007302,Medium,False,False,False,0
337812,G06007328,Low,True,True,False,0
126054,G06007307,Medium,False,False,False,0
126448,G06007313,Medium,True,True,True,0
172792,G06007313,Low,False,False,True,0
139878,G06007308,High,False,False,False,1
336117,G06007307,Low,False,False,False,0
142564,G06007327,Medium,False,False,False,0
160843,G06007313,Medium,False,False,False,0
161070,G06007328,Low,False,False,False,0
127131,G06007306,Low,False,False,False,0
161840,G06007307,High,False,False,False,0
180651,G06007308,Low,False,False,False,0
307112,G06007325,High,False,False,False,0
141163,G06007313,High,False,False,False,0
355462,G06007313,Medium,False,False,False,0
306956,G06007328,Low,False,False,False,0
299861,G06007307,High,False,False,False,0
168791,G06007308,High,True,True,False,0
127386,G06007306,Medium,False,False,False,0
355030,G06007308,Medium,False,False,False,0
154413,G06007313,Medium,True,True,False,0
153007,G06007306,High,False,False,False,0
142045,G06007328,High,False,False,False,0
172993,G06007327,Low,False,False,False,0
327709,G06007326,Medium,False,False,True,0
127414,G06007313,High,False,False,False,0
329880,G06007307,High,False,False,False,0
161451,G06007302,Medium,False,False,False,1
141275,G06007326,High,False,False,False,0
373827,G06007313,High,False,False,False,0
141119,G06007313,Medium,False,False,False,1
144525,G06007306,Low,False,False,False,0
153257,G06007306,Medium,False,False,False,0
317195,G06007307,High,True,True,True,0
374263,G06007302,Low,False,False,False,0
315639,G06007308,Medium,False,False,False,0
307118,G06007307,High,False,False,False,0
169557,G06007308,Medium,False,False,False,0
317285,G06007329,Medium,True,True,False,0
293278,G06007302,High,False,False,False,0
178842,G06007328,High,False,False,False,0
432780,G06007302,Medium,False,False,True,0
433075,G06007302,Low,False,False,False,0
521500,G06007302,Medium,False,False,False,0
140975,G06007302,High,True,True,False,1
241589,G06007302,Low,False,False,False,0
19066,G06007302,Medium,True,True,True,1
429945,G06007302,High,False,False,False,0
389324,G06007302,Low,True,True,False,1
8193,G06007302,Medium,False,False,False,0
226664,G06007302,Medium,False,False,False,1
285135,G06007302,High,False,False,False,0
291710,G06007302,High,False,False,False,0
378207,G06007302,High,False,False,False,0
387306,G06007302,Medium,False,False,False,1
383127,G06007302,Medium,False,False,False,0
415400,G06007302,High,False,False,False,1
281048,G06007302,Low,True,True,False,0
298785,G06007302,Low,False,False,False,0
321010,G06007302,Low,False,False,False,0
534301,G06007302,Medium,False,False,False,0
258426,G06007302,High,True,True,True,0
496533,G06007302,High,True,True,False,0
72697,G06007302,Low,False,False,False,0
264171,G06007302,Medium,False,False,False,0
206827,G06007302,High,False,False,False,0
64112,G06007302,Medium,False,False,False,0
29157,G06007302,High,False,False,False,0
349135,G06007302,Low,False,False,False,0
78446,G06007302,Low,False,False,False,0
161262,G06007302,Low,False,False,False,0
493420,G06007302,High,True,True,False,0
441051,G06007302,High,False,False,False,0
75047,G06007302,Low,False,False,True,0
252661,G06007302,High,False,False,False,0
462472,G06007302,Low,False,False,False,0
410206,G06007302,Low,False,False,False,0
103655,G06007302,Medium,False,False,False,1
148467,G06007302,Medium,True,True,True,0
259704,G06007302,Low,False,False,False,1
419609,G06007302,Medium,False,False,False,0
14254,G06007302,Low,True,True,False,0
311598,G06007302,High,False,False,False,0
